newsgroup,message_id_hash,replacement_char_count,nb_body_length,matched_similarity,shuffled_similarity
no.ai,0debfbac2b14b784,12,705,0.9933443399730181,0.7978096801309937
no.ai,117de86fa437fa76,2,140,0.9918579688247824,0.8229146452386551
no.ai,1298caf112c8cbae,28,880,0.9881184545439451,0.8726906914841651
no.ai,13d5ac298d332c56,29,1635,0.989644973001727,0.8392193850360823
no.ai,14fef30edb07a1b8,6,433,0.9824406561925093,0.7937916467159105
no.ai,164942b114eb23ee,2,828,0.9983590969774551,0.8507964601973689
no.ai,1d2e410b5013cfbc,28,1334,0.9898804016295539,0.8389072950371489
no.ai,202914214bebf6cb,9,485,0.9859443641896879,0.8583564910377841
no.ai,21a6abb620695cec,15,915,0.9907264370076257,0.8198476388370929
no.ai,2fab2999bd24043d,7,610,0.9906806723369146,0.8040143947589667
no.ai,334f912bbff9a48e,8,337,0.9866023652059511,0.8691715960160653
no.ai,4604a3336a182c37,14,494,0.9876085524362519,0.8624457007211709
no.ai,4655906211d6c9ca,1,1096,0.9985923478765657,0.8029091040571676
no.ai,50c2be546f276985,36,2155,0.9891363558561633,0.8259751908543785
no.ai,574ab9edee545191,27,1493,0.9944012646320934,0.8508669384239624
no.ai,5901e639db7df1a3,1,413,0.9989037801616268,0.8932363195642261
no.ai,666dcfa1c13e8594,6,489,0.9902819217460865,0.8338535787871459
no.ai,6a1187d925d2b0da,2,617,0.9981381496136496,0.801759763169852
no.ai,71e203a201c80565,18,1443,0.9900520671668254,0.853589324807776
no.ai,73b3d8ec260a728a,3,291,0.9991715977416998,0.8641119037907572
no.ai,748bf51203f66663,2,88,0.9815107898147858,0.8226734650763665
no.ai,78f5d2eb31267b38,24,1356,0.9895290585678725,0.8377461235189548
no.ai,7b83514e47c1f900,2,255,0.993026114764188,0.8692699857788122
no.ai,85ba6d8ef5e085f7,18,622,0.9909084289484621,0.811539803033374
no.ai,8b436cf2b88567d2,10,284,0.9840413420489833,0.827179036283001
no.ai,8ff5d07dbfa58218,20,1329,0.9906086923724794,0.8403385085549279
no.ai,913127183a7d56cc,13,802,0.9939523701286689,0.8205946150548031
no.ai,920f8faa53024945,42,2048,0.9900534634807878,0.8434765257345426
no.ai,92dd5c903177901d,5,128,0.9745892271311571,0.8421329472557587
no.ai,92f175275985f922,9,672,0.9922482188206353,0.8566890120293026
no.ai,a470beb381e91201,11,272,0.9682065728049752,0.821930357204991
no.ai,a9f8fa3e4d6a5411,1,166,0.9901950564741784,0.8641649850926897
no.ai,cd9eddd89dc0fd85,8,288,0.9881933176167572,0.8082519534077204
no.ai,d299c66cbe959d82,4,513,0.9933815435044918,0.8087967488818724
no.ai,d8e15c059d8b981c,1,1298,1.0,0.8654003098609121
no.ai,db004c412e4e161a,8,237,0.984037883970313,0.8470488446623812
no.ai,e37bc92d63b3d6a0,5,525,0.9973294370375612,0.8720177401949386
no.ai,e3d038e5c245fdec,31,1264,0.991772430571012,0.8162845817822695
no.ai,eb7f9823513115d9,1,435,0.9987475134059434,0.8258244365513815
no.ai,ecbbdc05a35ef0d0,92,6436,0.9931911203215547,0.8356543039965983
no.ai,f37ec4133eca75f8,11,346,0.9867986154629034,0.8037352093429234
no.ai,fb778c454b37945e,10,642,0.9903377324826801,0.8591744443842476
no.alkohol,0640c50ff6cf0a8d,4,190,0.9841036698317943,0.8320846560966229
no.alkohol,071dbf71200a5dcd,2,21,0.8989397590518241,0.796109311949829
no.alkohol,1091e087c43b78aa,1,294,0.9995293757396803,0.843495471250164
no.alkohol,12929acbf0a6e5eb,19,1377,0.9952544832160783,0.8645228729473097
no.alkohol,14a043dc8710337b,8,605,0.9839861202662115,0.8368435248440406
no.alkohol,14c3f3002780b797,5,103,0.9635060986538061,0.8453222537453465
no.alkohol,34c3e18b48187f24,14,624,0.9752378422059613,0.8026968952101
no.alkohol,3e6c745b80f49652,3,91,0.9359893070270341,0.8180246011523773
no.alkohol,41f6a17d97653407,1,151,0.993620469775191,0.8223249105917986
no.alkohol,451dd55e1b8b155c,24,1549,0.9933460008729629,0.8200012244712633
no.alkohol,4b2d5082c5a03c0f,15,884,0.9915292951034136,0.8239437666646987
no.alkohol,555e55914da3ead3,4,308,0.9860276177760929,0.795532801413444
no.alkohol,5770563f4f317aab,10,719,0.9871230474630405,0.8179467989290133
no.alkohol,588304989b43c429,16,928,0.9828396085006645,0.8365872954571183
no.alkohol,58e07721cb5db164,7,826,0.9968298987303796,0.897423445019651
no.alkohol,5a1f1044e6780d6e,26,1411,0.9810297215547749,0.8141270142155258
no.alkohol,5a50a5d5d90a9d25,16,1296,0.9922894094065252,0.8334947676610671
no.alkohol,64f1441245531d97,53,2609,0.9898295011664012,0.8406248947681842
no.alkohol,6c70a268c7c6549e,5,295,0.9606477674898468,0.8341436766142817
no.alkohol,71f084e75538bc2d,1,64,0.9953583513896683,0.7641433844048613
no.alkohol,73d0a9f1b63bd2f2,14,705,0.9970427342403854,0.865051180323637
no.alkohol,841ed8970dece0d4,131,4641,0.9805444477523395,0.8088907015525428
no.alkohol,867deaee18211c87,12,578,0.9753234533582849,0.8722591520116317
no.alkohol,8a95c294e16bcb58,15,529,0.9818042312580526,0.8693468299671417
no.alkohol,974eee2a3e9ea5ec,8,517,0.9840328340805002,0.8251876402422336
no.alkohol,987df42e9cb1b541,9,814,0.9896020912292911,0.8353914766075253
no.alkohol,9ff9fcbd8de50423,13,561,0.9901942253330077,0.840575773940791
no.alkohol,ab26feceddd921f2,8,326,0.9823817735975781,0.8232299375655492
no.alkohol,ada9327c2f197d68,13,911,0.9788702070318873,0.84978666375151
no.alkohol,b265e8c7498be8e5,9,692,0.9941824566462951,0.8479739080558243
no.alkohol,b4b709a32610a4a1,116,6027,0.9894269080246241,0.7918321187554138
no.alkohol,b71e3c5de3070854,62,3008,0.9922248646281108,0.8531372152721054
no.alkohol,c5328e6df63f2af6,9,634,0.9930726209639897,0.8700798763668458
no.alkohol,c93c2ae77a6682f9,8,571,0.9968551422613661,0.8325226555957315
no.alkohol,d226e2f3b0862358,8,891,0.994217552045346,0.8381593471227692
no.alkohol,d2fab6b2608415fc,3,240,0.9912688433460958,0.8252462908214112
no.alkohol,dc964805aece904e,50,3277,0.9939378605894704,0.899463879756739
no.alkohol,e530e8c97c5f403f,26,1692,0.9941253996233044,0.8584328534701553
no.alkohol,ea836b168ba3987a,4,218,0.9812188142154777,0.7862120140045207
no.alkohol,f5545bedd363f68b,3,320,0.9927321126946941,0.8578396022707983
no.alkohol,f5a8f5a7543f6902,4,680,0.9966276879214208,0.8432734114767461
no.alkohol,fba38c6344c44649,33,1766,0.9939198188221791,0.828511672375776
no.alkohol,feadd56f42a7d14f,100,4204,0.9796553749109022,0.8172570003831716
no.alt.arkiv,01c17873effff80e,2,847,0.9896335267473152,0.8215156133379546
no.alt.arkiv,055ba2fd464b7fa0,2,1598,0.9928173059626754,0.8687752799370779
no.alt.arkiv,070d8fb774833ba1,2,342,0.9887826167838307,0.8332426227114594
no.alt.arkiv,0d0da0a5ae5b45ed,2,1622,0.9930680320958086,0.8263734410698532
no.alt.arkiv,114b43edd2aa8875,2,358,0.9885140508879867,0.8584703223936861
no.alt.arkiv,1fe46df69b9abac3,2,330,0.9899675877579597,0.843637690641494
no.alt.arkiv,2008dd61341220e2,2,785,0.9906037399615333,0.8596622129550563
no.alt.arkiv,215f9e4a41794caa,2,422,0.99053364566426,0.8831595253407482
no.alt.arkiv,2ba19e287ed17987,2,241,0.9880701380300517,0.8492476993673964
no.alt.arkiv,2f1fdef220af92b4,2,762,0.9913729911322314,0.81795862803093
no.alt.arkiv,3d7cab9f6b52056b,2,2377,0.9941426005971404,0.8474428464432696
no.alt.arkiv,4702ebda26fce729,2,623,0.9912148681036623,0.7951066050577225
no.alt.arkiv,5aa5bc282199e860,2,270,0.9889983244226025,0.845510564412567
no.alt.arkiv,62243475c12ddce0,2,1438,0.9930164689188375,0.8626690332121507
no.alt.arkiv,6549bd910f6ff6e3,2,471,0.9921075834041292,0.818252478088104
no.alt.arkiv,66b797d360fdb4b8,2,326,0.9914214573483512,0.8124808651967105
no.alt.arkiv,6bbfefd74c05ffac,2,598,0.9907167798800024,0.8125742688087816
no.alt.arkiv,761c8e11509f29e9,2,330,0.988409792532887,0.8314253619439453
no.alt.arkiv,77269b6ac5c9b6f6,2,2475,0.9950893866887672,0.8421324764556777
no.alt.arkiv,7acd7e696ffedeff,2,325,0.9878757041851962,0.8073837740985739
no.alt.arkiv,82b2527f869f49c7,1,1382,0.9990829609747081,0.8408309759489989
no.alt.arkiv,8b19a05a61bd4296,2,756,0.9905632768826136,0.8497434306715173
no.alt.arkiv,8eae22d5ce6f2c78,2,1051,0.9923611832546807,0.8682018234723612
no.alt.arkiv,9aa38a287cc01923,2,1503,0.9931322310882195,0.885672955143727
no.alt.arkiv,a367eddf619db795,2,1303,0.9943217057870483,0.9030666250126971
no.alt.arkiv,a40d3cbee0e9308a,2,811,0.9910551357852739,0.9379378067518866
no.alt.arkiv,a83ae8d519fe4276,2,465,0.9927226961352128,0.8429075955384046
no.alt.arkiv,ad4e9ced9b3051ca,2,1281,0.9936445065460499,0.8298013790083523
no.alt.arkiv,af2b1d23de21552d,2,344,0.988801783333435,0.8040713968426528
no.alt.arkiv,b20dd2143aae2bf1,2,1354,0.9935792508889002,0.8142796177334896
no.alt.arkiv,ceb0a7dbde39e4f5,1,2344,0.9995125469875644,0.8158775512451147
no.alt.arkiv,d6edb14733abd26b,2,1003,0.9925538884720426,0.8226323029203206
no.alt.arkiv,d7175aeecf51ed91,2,1239,0.9933498314394408,0.7942197920109184
no.alt.arkiv,d782f5d234eab191,2,287,0.9877658252385473,0.8148263980649408
no.alt.arkiv,e77b4ec59183a742,2,709,0.9916427585912168,0.8117590082541741
no.alt.arkiv,e8112e327306af1a,2,625,0.990993071237256,0.8369050224320834
no.alt.arkiv,f3132fd6c1ec631a,2,730,0.9912855999062683,0.8028697575934891
no.alt.arkiv,f3d86e3861508c8e,2,1132,0.9930633862581374,0.82618226081104
no.alt.arkiv,f8f263f7507097c0,2,2979,0.9955292272455937,0.8299275988112612
no.alt.arkiv,f96dab251d04b617,2,2087,0.994759386352481,0.8381213415744305
no.alt.arkiv,fbd1fad6b76a370e,2,522,0.9904585170729532,0.8239831025082652
no.alt.arkiv,fc91f18491baee56,2,946,0.9949093317326249,0.8385309961124462
no.alt.config,051bfa92a01a12be,4,112,0.985616367939957,0.8470297515522697
no.alt.config,0b1abddc496e0486,5,338,0.9886862514588627,0.8458859408828767
no.alt.config,0ca1751bf9bffb27,2,75,0.9863838494142522,0.8883267030612374
no.alt.config,2120492f88e2a99a,6,280,0.9893806286984871,0.8638006974466271
no.alt.config,294fef60a6784e99,5,416,0.9945997837414292,0.8479649309366347
no.alt.config,2d442280836f3221,6,564,0.9958381325126157,0.8682209030127994
no.alt.config,32ef962bafa61421,5,379,0.9919292327368339,0.8409624107372593
no.alt.config,340c0d57fa28bfd9,3,230,0.9885919952485871,0.8279078668998617
no.alt.config,3b65fa195ecc9e81,8,618,0.9961856527675195,0.8541611495896669
no.alt.config,40855fe007a6c498,5,601,0.9925278494750738,0.8912852720191629
no.alt.config,46b8563fe010be48,15,471,0.9807616790746969,0.85636790602366
no.alt.config,49cf931c6b07c50a,1,268,0.9988016240121568,0.847811536102373
no.alt.config,4a0e4bddd3b2524b,1,181,0.9984626405991343,0.8711682984345263
no.alt.config,4c9db227f09decb8,4,305,0.9978003183483183,0.8437344373783411
no.alt.config,5127a9ca772df464,5,460,0.9925629078732086,0.8785332507940579
no.alt.config,553a366ccc94a490,17,1384,0.9960662629401774,0.8420603682308797
no.alt.config,612c9350f7752173,2,465,0.9972052799472941,0.8584023258907577
no.alt.config,65254cc6cf4438be,10,924,0.9965312860584382,0.8737527899930244
no.alt.config,6683448395261ca6,5,470,0.9954209321514977,0.8304366548685068
no.alt.config,68a8e813215d152e,5,812,0.9976207391588134,0.864914069636314
no.alt.config,6921cd274b2f0196,11,566,0.9945274073902873,0.8580060806107588
no.alt.config,6ae594d53eddc3d8,32,1085,0.9929405443764215,0.845355385808356
no.alt.config,a791ef942d5a4ec2,3,642,0.9983773488409027,0.8870884715277513
no.alt.config,aeaa4ce1a53c7816,16,1010,0.9919841917317205,0.8307356549024736
no.alt.config,b3be9072e6c16ee2,5,1011,0.9963570320550896,0.8482368518241653
no.alt.config,bb359defa41e4f01,2,350,0.99687222851657,0.8450313820140792
no.alt.config,c69ff29484e605cc,8,1155,0.9972701395733741,0.8110267679199629
no.alt.config,cbae3d798bf7e236,5,694,0.9965648933106581,0.8624607160071261
no.alt.config,d2068eb70a27ec59,11,628,0.9935659445729068,0.8947170409492463
no.alt.config,d9b991df469c03c4,5,470,0.9940755030071373,0.8705212757854907
no.alt.config,dbd465fc46ee68ce,18,695,0.9942960783520725,0.8305205455473746
no.alt.config,e377be3922a4abbb,16,715,0.9841587034777028,0.8761961056064889
no.alt.config,e3b7ea51c7757212,9,557,0.9867659581401348,0.8612732105938876
no.alt.config,e486764f98f73563,3,425,0.9972676472261819,0.8593083453407055
no.alt.config,e55116455a871e9e,3,218,0.9945310042503096,0.8299814672318868
no.alt.config,eb1da8a2e256f51a,17,948,0.9887118395034674,0.882349354018057
no.alt.config,f284d98892d9a41f,13,733,0.9951987685994088,0.8243841122571017
no.alt.config,f5fff86e043b4d34,3,1012,0.9983625627300986,0.8588794238147893
no.alt.config,f835371a89057ae6,1,274,0.9986896836798141,0.8424607044909764
no.alt.config,f86cc10c32caa6fb,23,1410,0.9947928521189635,0.8676100798866613
no.alt.config,f8d6f4391624bc68,6,846,0.9955536371740921,0.8745855836336411
no.alt.config,fc4dc2310ed070cb,39,2822,0.9953485927340983,0.8588274397172329
no.alt.diskusjoner,0233867a4866c9bd,2,256,0.9980440538256151,0.805962410990375
no.alt.diskusjoner,0e2ba4c49b721369,16,935,0.9882007153291751,0.8568715124552654
no.alt.diskusjoner,0f923eba6cec0925,1,388,0.9994879302473597,0.8137329613408439
no.alt.diskusjoner,1173d5a22de3b042,36,1870,0.9858098258097983,0.8455353379187559
no.alt.diskusjoner,12d92dde3414f281,37,2108,0.9907605691921452,0.864174163945967
no.alt.diskusjoner,168521096114096e,7,875,0.9948566449854852,0.8351798565827259
no.alt.diskusjoner,19cc3da64dd695a2,4,559,0.9954594823492946,0.8623160911775886
no.alt.diskusjoner,1a59fcc83051eb71,11,338,0.9839193243883965,0.8085519433311277
no.alt.diskusjoner,1da0c5f0bcd98203,396,20192,0.9933902610036827,0.8029701453215143
no.alt.diskusjoner,201056b8253c3a85,9,758,0.9899655065244705,0.8201763823450755
no.alt.diskusjoner,2ba7beff8664530d,3,271,0.9936424958870842,0.8603869524729526
no.alt.diskusjoner,2c0adbfcf167cdba,9,1093,0.995102099314497,0.8346567271272683
no.alt.diskusjoner,31517bc44d740f9d,3,565,0.9944372580279511,0.8665356529597773
no.alt.diskusjoner,39ef76eb7d41afbd,11,473,0.9874590746054759,0.8468262743671691
no.alt.diskusjoner,3d8331c270941f66,6,414,0.9887867074294407,0.8214598737573997
no.alt.diskusjoner,46394efda1f0e7d5,262,17285,0.9955822471678096,0.8392682319676202
no.alt.diskusjoner,54224e0a676a9190,4,507,0.9902490774514482,0.8331564448509644
no.alt.diskusjoner,5c72adbed3c6fe7d,76,3657,0.9908715733453235,0.8061364622923859
no.alt.diskusjoner,603615305fa30ddb,4,300,0.9860539196843093,0.7890649850397551
no.alt.diskusjoner,62012e16796a2921,2,393,0.997958878440387,0.8139270958411545
no.alt.diskusjoner,76fd17918aa9f623,12,693,0.9955340624858624,0.8653670261213018
no.alt.diskusjoner,7df55387165ad8ed,7,451,0.9877528803769815,0.8257620226796244
no.alt.diskusjoner,8794d6fc69e21137,5,368,0.9840063749283993,0.8794879052064621
no.alt.diskusjoner,88280008470a3e4b,2,332,0.9941898992662407,0.8674849315325517
no.alt.diskusjoner,8863c03236f902e6,8,326,0.9921120806665439,0.8482337898099382
no.alt.diskusjoner,9bd6604c64b84815,53,2439,0.9839158213144235,0.8340654276925488
no.alt.diskusjoner,9ec23a09efbb2c45,51,2463,0.9871808576805272,0.8170032670859269
no.alt.diskusjoner,a6fe713914a48b41,1,386,0.9989859921379355,0.8749493734693111
no.alt.diskusjoner,ab5b19b3fdcda2c5,4,352,0.995450635403666,0.8449411437490516
no.alt.diskusjoner,add1da0d63c8364c,1,630,0.9992796710121943,0.8163968398338043
no.alt.diskusjoner,b1b0ad9f0e95e8d1,15,1417,0.9935542624791829,0.8800363787189136
no.alt.diskusjoner,c312cbe8c62b2956,1,1100,0.9997259357325265,0.8353867284111616
no.alt.diskusjoner,c8aab3db89fd9037,233,19714,0.9944307781326046,0.8514122049394877
no.alt.diskusjoner,cc32458615a14d47,19,1026,0.9870616365007419,0.8424614845000522
no.alt.diskusjoner,d712478ab948bbdd,21,1465,0.9928361724667308,0.8196952661099137
no.alt.diskusjoner,dac3ee921d4a276c,13,765,0.9952323028812017,0.8371135504606355
no.alt.diskusjoner,e7359649e78d0f10,2,293,0.9949345852154869,0.8277192717272246
no.alt.diskusjoner,f0c0962169f9b4eb,16,725,0.9886865179499585,0.8391141288193265
no.alt.diskusjoner,f493899073d155a3,2,509,0.9988525840900896,0.8336839606761116
no.alt.diskusjoner,f6924fe1b04a0521,15,2012,0.9982781260754088,0.829089842634488
no.alt.diskusjoner,fa86ca22e5849d98,13,739,0.9914289549706389,0.8879396511831427
no.alt.diskusjoner,fd51627707bff434,6,232,0.9906012837840934,0.8753280026086384
no.alt.fan.de-lillos,0d659d15feeff857,13,558,0.9919493547697867,0.8308227278580796
no.alt.fan.de-lillos,0d842ec156447702,3,277,0.9856398657423873,0.8429833659954035
no.alt.fan.de-lillos,10c4075c282f7085,35,2211,0.9949610606052439,0.8165703795489501
no.alt.fan.de-lillos,1367d9eab2eb38b9,5,237,0.9887496109637076,0.8720288034942254
no.alt.fan.de-lillos,22712ac44dc368be,6,313,0.9852663027534372,0.8443563127161472
no.alt.fan.de-lillos,31627a42a634c9a3,3,328,0.9972462652887725,0.8107127121296422
no.alt.fan.de-lillos,3d4b4ebcd05970c2,5,190,0.9691613159177488,0.8226142992404198
no.alt.fan.de-lillos,44ec4cadfe1805b9,1,53,0.9913851477597962,0.820881104063843
no.alt.fan.de-lillos,4d5b2b5f1b24621c,1,217,0.9956505534851041,0.8277345405053268
no.alt.fan.de-lillos,55b6900f092f751f,2,366,0.9988740276659862,0.8600972828044561
no.alt.fan.de-lillos,57d7ed2d98c16ad3,4,621,0.9697835104467393,0.8574546402553748
no.alt.fan.de-lillos,5f81c50a8be45c32,7,412,0.9967366207616851,0.8152801701746506
no.alt.fan.de-lillos,6c1578b81e9f3bbb,1,72,0.989306012931929,0.8556368129455698
no.alt.fan.de-lillos,6c73d6fc0c14c667,16,879,0.9955203435308375,0.8215580646391772
no.alt.fan.de-lillos,756e80ae6f3e9e74,1,280,0.9985645881410892,0.8442955932726501
no.alt.fan.de-lillos,79e27c803cb85644,7,868,0.995922089972145,0.863860339005429
no.alt.fan.de-lillos,841ca608c9c0fcd0,2,160,0.9907138609736077,0.8530816799471163
no.alt.fan.de-lillos,866529e1807487a1,1,117,0.9976989677486557,0.8073665538845923
no.alt.fan.de-lillos,8871bef9e926b2a2,14,601,0.9943523084769017,0.8124451422028381
no.alt.fan.de-lillos,92506643b8f915c6,2,300,0.9982607677221929,0.8839692017587011
no.alt.fan.de-lillos,97e08e68d7203e12,27,1495,0.9947776460266615,0.8861650802966659
no.alt.fan.de-lillos,9f511c264cb09585,1,106,0.9536288052770865,0.7900049561145945
no.alt.fan.de-lillos,ac42dcd448571c24,3,224,0.9731309695819806,0.8366355146495779
no.alt.fan.de-lillos,acf3336b72b84bbe,2,191,0.9962468001807518,0.818503539391638
no.alt.fan.de-lillos,b513fe4ccb46386e,5,361,0.9927849135155363,0.8862748175521128
no.alt.fan.de-lillos,c7e4958fbd9e1bfa,8,428,0.9938014449902534,0.8230679260008622
no.alt.fan.de-lillos,c99b2cd30aefa80d,7,764,0.9915927800907628,0.851059569057974
no.alt.fan.de-lillos,d14d9631eaed5a66,3,127,0.9821942479290577,0.800913776866126
no.alt.fan.de-lillos,d2e462ed4a2b3300,5,221,0.9822690124063729,0.8281364154089733
no.alt.fan.de-lillos,d3c3a343cdc3e3c8,9,492,0.9962906868621155,0.7780636244126405
no.alt.fan.de-lillos,e0dfbcbae4e1455e,13,878,0.9924469176046437,0.8329705645717047
no.alt.fan.de-lillos,e3f09223c9e53884,15,368,0.9749891221268412,0.8019509263025641
no.alt.fan.de-lillos,ed5323525574dcf0,10,490,0.9892906289091072,0.7970502738956556
no.alt.fan.de-lillos,f0be792ba501c48b,9,456,0.9934102383305693,0.835578787850889
no.alt.fan.de-lillos,f60033210f8b5671,13,706,0.994652867731874,0.860400326168911
no.alt.fan.de-lillos,f7d37261f5b1e495,7,591,0.9865950683407101,0.8397715868276988
no.alt.fan.de-lillos,fd73843d09327150,8,393,0.9944441592760446,0.822139399500005
no.alt.flame,0102ff71287a59d0,10,715,0.9969732995586994,0.8194211376740407
no.alt.flame,0422f3cfc244aed6,1,826,0.9987726644503789,0.8297973778762537
no.alt.flame,0831d6ad0d301f13,10,687,0.9949432170128302,0.846788845158671
no.alt.flame,1c80248ab82cf6c7,7,552,0.9937280030790692,0.8534322686927999
no.alt.flame,1c86ccc86ec2b9d2,7,545,0.9945790215627779,0.8563007961450577
no.alt.flame,1f4b2aac8ebec55f,6,1017,0.99664262068375,0.8588655538929144
no.alt.flame,21b6211444ae58a4,16,870,0.9915668600491098,0.8542191715042022
no.alt.flame,2a3f7df5dc22c21c,3,972,0.9963785660001157,0.8587785121621477
no.alt.flame,2a74e7669c6246f3,6,264,0.9828214428690684,0.7962592548018753
no.alt.flame,33418359e34cfa1c,2,576,0.9981017273903193,0.8342314884754862
no.alt.flame,360ffeda7b73a74a,7,973,0.997123737998786,0.8680787827673107
no.alt.flame,3cc17928421018bb,1,976,0.9981848396266108,0.8308590317918244
no.alt.flame,518bb4f4d1edec90,1,3098,1.0,0.8487175948879592
no.alt.flame,5bd3841e977396a4,11,593,0.9891123879903192,0.8305263003843268
no.alt.flame,5f6de33cc7445608,4,931,0.9973698307676265,0.8538167894813959
no.alt.flame,644343d1bdd87fda,17,1262,0.9859026560029701,0.8576058823233277
no.alt.flame,6f44589c9cea81ba,2,1900,0.9978269460644424,0.8350917895173969
no.alt.flame,6fa80b585e3372a5,8,711,0.9954121041145353,0.8472667366844764
no.alt.flame,75ef926b64a74b3c,3,562,0.9975456444746637,0.8504763350073362
no.alt.flame,76bb5e004ccb9d22,15,945,0.9857918998383567,0.8477310224603446
no.alt.flame,81f877b3b0a76723,1,171,0.9910616362649408,0.8417888817085072
no.alt.flame,90d1bd3d31819311,5,874,0.9981267914013233,0.8478847592027683
no.alt.flame,99ef24d7d427a991,1,761,0.9996232885176046,0.8162054223825717
no.alt.flame,a6815f274fd54ef3,8,840,0.9972829696603741,0.8821383364259899
no.alt.flame,af9c43009a4ad879,47,1898,0.9903455866305995,0.8345545012962085
no.alt.flame,b6b95f18b8a85e7d,41,3533,0.9950369061053227,0.8583788512921875
no.alt.flame,c42b4c0b5f38260e,9,769,0.9955967769552858,0.8526815051451219
no.alt.flame,cbcbb5979a94d796,6,186,0.9812324389770113,0.8201466100276082
no.alt.flame,cc0a284fee517f38,11,757,0.9943596311307008,0.8504702350525575
no.alt.flame,cdc82a3229906c96,3,445,0.996426291116488,0.8596560971589073
no.alt.flame,d0ecab7b72741de4,10,388,0.9903801350590979,0.8486099622991824
no.alt.flame,d1d5d522d01a15f6,13,647,0.9874798110030998,0.8715790323611113
no.alt.flame,d332a50376b71eb5,1,837,0.9990500342543357,0.7786384441045583
no.alt.flame,d38eba4577261f4c,2,771,0.9992950728565625,0.8531795980455907
no.alt.flame,da4870131ac6e1ae,3,196,0.9850102399938112,0.8594104855671166
no.alt.flame,dfc32598aa716534,1,835,0.9997095043118759,0.8604815007624693
no.alt.flame,e2138fc2999050fe,3,314,0.9924832670653485,0.8215471173609544
no.alt.flame,e5c5ccf4a9c06582,5,332,0.9947703478255373,0.8611524594685047
no.alt.flame,ea6e2ec66c711ab1,4,342,0.9875483165210018,0.8380810412664281
no.alt.flame,f7313134f5eaae1c,1,788,0.9992701724886242,0.821821365381524
no.alt.flame,f7d302ae16701e25,1,1117,0.9996816185493738,0.8292466173599371
no.alt.flame,fd127c3d55b596c8,4,831,0.9973257579278427,0.8584322426135336
no.alt.gledesutbrudd,0122f16cdb4cdd77,17,896,0.9851829481158461,0.8237973111932884
no.alt.gledesutbrudd,0bb51634841af5ad,5,438,0.9928355184039718,0.8415411542031083
no.alt.gledesutbrudd,16f9d2656801e42b,11,452,0.9926309680013761,0.8491805487608601
no.alt.gledesutbrudd,1d3ca22dc1ee3586,10,387,0.9848273666024179,0.8605033938821489
no.alt.gledesutbrudd,1d9aa90384a64c8a,32,1344,0.9886863660115035,0.8545212214035058
no.alt.gledesutbrudd,20cf368fa9f1355d,2,245,0.996207870577299,0.8580507361698249
no.alt.gledesutbrudd,27c98115a44fe7ee,17,753,0.9899074890556965,0.856017730200266
no.alt.gledesutbrudd,304f73bd696eb515,4,230,0.9925181862435849,0.8346145106768643
no.alt.gledesutbrudd,3211c05b077c9bf0,4,214,0.980406275031318,0.8091708115130475
no.alt.gledesutbrudd,3347bc91fd4056e2,19,762,0.9880654908677952,0.8021457639994372
no.alt.gledesutbrudd,34792e203559ea6a,1,100,0.9911972761818686,0.7873920887704476
no.alt.gledesutbrudd,352c1c84245ac6cd,2,225,0.9974977910113552,0.8463382626634964
no.alt.gledesutbrudd,3b672ee285a68f5d,8,462,0.9890085360976253,0.8445102926077128
no.alt.gledesutbrudd,3baece45b52c26be,3,225,0.9889169955474343,0.8627201827506634
no.alt.gledesutbrudd,42b2a0c390e1ff71,15,1224,0.9961996998977302,0.8297193692975056
no.alt.gledesutbrudd,4afd7ca44adfd902,6,162,0.9792401926889264,0.8425720117247802
no.alt.gledesutbrudd,4c3207cc40f4521e,3,292,0.9952661143954218,0.8631747373157993
no.alt.gledesutbrudd,4ed0877e68287597,3,186,0.9845645941952325,0.845407140614396
no.alt.gledesutbrudd,500868304f03b242,7,318,0.9842577951904561,0.8307948806059176
no.alt.gledesutbrudd,58c8d06bd813569d,5,503,0.9846369598214733,0.8792755395294598
no.alt.gledesutbrudd,62e88d45f495b049,5,393,0.996561110464277,0.8259764542459666
no.alt.gledesutbrudd,67e473182f9240e8,3,361,0.9917299064655409,0.8410999432764237
no.alt.gledesutbrudd,699646cfeeebcc41,1,38,0.9639660462628713,0.7921949689560599
no.alt.gledesutbrudd,699a8959baac89b8,3,256,0.9851046508695199,0.8296678059975443
no.alt.gledesutbrudd,708d7fc8f59835e5,4,252,0.9853024192494853,0.8370604358614765
no.alt.gledesutbrudd,717610354c5c1746,15,458,0.981313766767003,0.8868120879526239
no.alt.gledesutbrudd,79e43f8714b7bf00,7,386,0.9855080624632554,0.8257523571731477
no.alt.gledesutbrudd,8a96c0ca234839b4,4,284,0.9958607825509957,0.8162208097561127
no.alt.gledesutbrudd,8d0c2d1075a77196,15,508,0.9863808716920941,0.8348004400667053
no.alt.gledesutbrudd,a308cc5686c8623c,2,275,0.9934203558568627,0.85972813952539
no.alt.gledesutbrudd,b16181f8ead7ea1e,2,847,0.9995104087561301,0.8354001922074668
no.alt.gledesutbrudd,b505a786d7df7d7a,9,318,0.9816953142955568,0.7908483483231875
no.alt.gledesutbrudd,b780bebd2103bc42,8,333,0.9797454070788322,0.8256534645983894
no.alt.gledesutbrudd,b7a5d4dd07321fb1,2,254,0.9965381674143432,0.8635784255290596
no.alt.gledesutbrudd,bdf5d012d07d32ac,14,966,0.9972460849603613,0.8515830839190942
no.alt.gledesutbrudd,c0e49b02bc4bba8e,3,213,0.9960944160141861,0.8203810107521935
no.alt.gledesutbrudd,cf947ab4707c4a57,8,239,0.9725925240898119,0.8319726326425328
no.alt.gledesutbrudd,e1ca28001062dec4,2,121,0.9822891688205622,0.8244767282705522
no.alt.gledesutbrudd,e43765d03ba110c9,5,302,0.9958175552241453,0.8409030128120537
no.alt.gledesutbrudd,e7276fd2f5388c9a,8,798,0.9942657203571741,0.8660383869761817
no.alt.gledesutbrudd,ef9c8abf3646f2b5,5,139,0.9907024365096037,0.8374812416256584
no.alt.gledesutbrudd,f2ec777cf7a17763,3,215,0.9930431945616885,0.8185076315000732
no.alt.gledesutbrudd,fc63084e2c10c5c5,5,653,0.9924746104660627,0.8375074679468449
no.alt.god.jul,087d224adf143252,3,440,0.9972564907525046,0.843756465786229
no.alt.god.jul,0da8dbafe2acd5dc,17,871,0.9954323334096457,0.8491211156836477
no.alt.god.jul,0f02765e642d6799,3,292,0.9947301181140719,0.8634204971136187
no.alt.god.jul,110ab86ef0364e0c,2,97,0.977814334760268,0.8021420880851029
no.alt.god.jul,19f1df6e0fa46fcf,3,4058,0.999726018368188,0.8296183402670131
no.alt.god.jul,1be6068a5fa8511f,7,554,0.9908892888021125,0.8536901364206673
no.alt.god.jul,26679b051c45ef93,1,25,0.9833409288824455,0.8178920087781344
no.alt.god.jul,2d5637eee37377c0,10,738,0.9945823023771673,0.8233245768481221
no.alt.god.jul,36caf2d8682d42a9,10,636,0.9813233911179388,0.8291941200557453
no.alt.god.jul,435744c1656a38af,6,474,0.987133064648179,0.8883885226492673
no.alt.god.jul,44853256ba8f0298,13,769,0.9928135692313528,0.8537812957229088
no.alt.god.jul,45c6e1d42b8473d0,2,169,0.9903209338073186,0.844857041547766
no.alt.god.jul,46dc95541fcbc852,3,320,0.9948042210183887,0.799618350877875
no.alt.god.jul,49e07ec485aaf3d3,8,229,0.9807332629500025,0.8503466967433165
no.alt.god.jul,51407be80d0e602f,1,231,0.9988509398654408,0.8133421772510315
no.alt.god.jul,51525208234b9075,30,1600,0.9857086339290095,0.8772110853585905
no.alt.god.jul,5ee7271c07446aa7,5,140,0.9826992743336567,0.7960736726499391
no.alt.god.jul,669d00c262aee58c,33,1574,0.9895513507929256,0.8346136705692958
no.alt.god.jul,6999863390e2e2b8,1,3828,0.9993110973431438,0.7795797483359274
no.alt.god.jul,6c07477268990009,2,174,0.9865807896848776,0.7914160661619395
no.alt.god.jul,6c4069b9f6b6f598,2,85,0.9859034797693227,0.8347719013039344
no.alt.god.jul,73d6ce4a2a2400a7,5,348,0.970061857347203,0.8239044831286212
no.alt.god.jul,8bcede8abe53816b,8,615,0.9889604562368545,0.8663600308050909
no.alt.god.jul,90d266461d2bdf63,3,370,0.9951893440499624,0.8650731690275086
no.alt.god.jul,91cbb304c01c0696,6,575,0.9936954839058453,0.8456775302238471
no.alt.god.jul,94ff7fcbe1ffa539,9,1349,0.9977366622592533,0.8451945926049881
no.alt.god.jul,9616cd74a37015f5,4,127,0.9770380549517761,0.8383431392866012
no.alt.god.jul,9621af0c2407b99d,6,428,0.9916920495076456,0.8633044157670606
no.alt.god.jul,a3c96e58c027aeea,10,526,0.9902146158393718,0.8597003082265233
no.alt.god.jul,a5c94254c22d11ff,14,1054,0.9957888618963684,0.8098701748498672
no.alt.god.jul,a71eb62dd9a44269,2,142,0.9974956027867614,0.8248124476613246
no.alt.god.jul,a86c26b5441b436e,11,617,0.9801150874447491,0.8371189608303692
no.alt.god.jul,abc8210462ee544f,2,68,0.97157037777104,0.7946795479009591
no.alt.god.jul,ac942e5bc056a281,6,345,0.9885966874739078,0.8493771929326345
no.alt.god.jul,b56c07d6de49ea3a,1,197,0.9989769936988925,0.8244669027494805
no.alt.god.jul,bac89cf4b7d3cf4e,25,1585,0.9959901042663925,0.8285498520076385
no.alt.god.jul,c218e207500784ee,3,113,0.9823952325884914,0.8445651853288952
no.alt.god.jul,dd0705b37a9e75f2,15,723,0.9880952753674073,0.8771637532518362
no.alt.god.jul,e0e729cfc13e1822,2,93,0.9835250889329084,0.788579977778311
no.alt.god.jul,e718b2561694b482,5,232,0.9859197867082392,0.8244734078321235
no.alt.god.jul,fc124bf51b2d62a4,32,1901,0.9918710679832358,0.8386836402167664
no.alt.god.jul,fe49ced036414a01,10,536,0.9940244249805772,0.8416419629388777
no.alt.god.jul,feaec9c0360a1f73,2,382,0.9955159695645455,0.8061848521413141
no.alt.irc-treff,00c471ae1e7833c0,4,130,0.9885092798072688,0.8173574570030174
no.alt.irc-treff,0f755b5841364939,25,1350,0.993786199272946,0.8391185481383223
no.alt.irc-treff,1617f4e8b0b039fb,5,630,0.9962961428030156,0.8421600672439918
no.alt.irc-treff,2244dd244688d80a,4,412,0.988371474535756,0.8430375685899648
no.alt.irc-treff,24a5823ef714b00c,12,612,0.9963229884379885,0.8516499293434074
no.alt.irc-treff,27c3a8d12ba62d31,4,386,0.9878310140053475,0.8591020165075853
no.alt.irc-treff,2bfaa4d8392944f6,8,652,0.9893824303155447,0.83016052678947
no.alt.irc-treff,3bb81bcc9e9c75b1,7,595,0.9948363940080746,0.8508315075918166
no.alt.irc-treff,3fc525dc9ff22e29,5,276,0.9950966050238378,0.8430259242602406
no.alt.irc-treff,413e526a3518b94b,6,769,0.9988030775160609,0.8412874280716841
no.alt.irc-treff,4182376b4e5f9a6d,7,428,0.9913019061033217,0.832214181655378
no.alt.irc-treff,438eb1f2bbaf6e66,2,236,0.9967005163207591,0.8678301779137422
no.alt.irc-treff,4cc29fb33585c157,3,478,0.9958545063369773,0.8194248960353396
no.alt.irc-treff,4d2847352c7bfedb,18,757,0.9881684786471444,0.8295307789343814
no.alt.irc-treff,53b4215bcfbbb1bc,4,253,0.9894112258661205,0.813575200177061
no.alt.irc-treff,64a8b3634cda249b,25,1229,0.9869385165067617,0.8586242734731943
no.alt.irc-treff,67c99c460a31c20b,3,381,0.9982638313663369,0.8083214517743851
no.alt.irc-treff,6c94549ab76d3ef0,7,408,0.9921105886324658,0.8533094850506469
no.alt.irc-treff,6ca4c42259e8c331,22,940,0.9888174995273681,0.858667080018781
no.alt.irc-treff,762c0205939a7edd,6,344,0.996906285444436,0.8261980130405071
no.alt.irc-treff,8b0105467f19c0cf,7,553,0.9924193235860896,0.8818353534821706
no.alt.irc-treff,8b5a169d7d35edf0,10,500,0.9880048847178503,0.8222872543293669
no.alt.irc-treff,8efdf3cd64ef2f8b,19,747,0.9945747445457672,0.9054640024371339
no.alt.irc-treff,94c28ac689cc9c3e,2,246,0.9862275405232855,0.8601638823437249
no.alt.irc-treff,94d0a91bff582085,23,919,0.9914875781495398,0.8364357225586313
no.alt.irc-treff,96a754f913eb4053,4,295,0.9914024927185092,0.8230279793783426
no.alt.irc-treff,a3f908e170730469,12,704,0.9931319405364246,0.8070579060715639
no.alt.irc-treff,a8875b16573fc877,5,539,0.9947098595432177,0.8468055604062944
no.alt.irc-treff,ab197305005349da,4,490,0.9975652841534443,0.8420050166503464
no.alt.irc-treff,aef81d56fa2720e8,6,726,0.9903284644048587,0.8687074458360761
no.alt.irc-treff,b12e861966e0a042,5,480,0.9913793385039099,0.8578482527259896
no.alt.irc-treff,b171107832a28b73,2,223,0.9982314192901895,0.8543406432140532
no.alt.irc-treff,ca7f48ca9e2207e7,11,790,0.9938138047846783,0.8317591701681047
no.alt.irc-treff,cae289678c1ed881,1,614,0.9991256135207374,0.863759703002615
no.alt.irc-treff,cfd1d4579594c212,7,124,0.97648629786812,0.8621916320889631
no.alt.irc-treff,d42394f0c60c5a7a,3,353,0.989613244518921,0.8551375372590913
no.alt.irc-treff,df102b6cc237743c,7,466,0.9957763851291328,0.8391061408315542
no.alt.irc-treff,e5e1424a1392367f,1,763,0.9998622651222161,0.8296077024884385
no.alt.irc-treff,e9ecf6d80d6bda40,4,561,0.9950073367768807,0.8488687179132974
no.alt.irc-treff,ea011b94070eb606,4,357,0.9882669795533732,0.8370133611452
no.alt.irc-treff,f6b7bf9d05586525,3,427,0.9955414972720742,0.8547444279277125
no.alt.irc-treff,f7552329cf2352dd,3,435,0.9877672551501838,0.8273830820393665
no.alt.katter,084b074e0d5ea61c,3,517,0.9921163562853086,0.8702713188027417
no.alt.katter,188d7cc715baba6c,20,1082,0.9917995870289228,0.8021549125949944
no.alt.katter,1fb619c11aa88f1a,12,873,0.9852105784426248,0.8216078689735901
no.alt.katter,2026bf257b44628e,2,214,0.9901688625285137,0.8435927533408216
no.alt.katter,21dd04872a7f3b5c,28,1322,0.9881532750980591,0.8602653820356734
no.alt.katter,225529a548aaf03c,17,799,0.9777208457115949,0.8323897058835241
no.alt.katter,25a6d7c2bbec0bcf,10,506,0.9852422209876163,0.7977162158541901
no.alt.katter,2a67b8c747cdd7dc,7,278,0.9872445710927774,0.7953130593357987
no.alt.katter,2a842819052973a6,19,1212,0.9942677851805615,0.8232382201646646
no.alt.katter,300ee7b14110ebab,2,158,0.9880222755987905,0.8147853088519522
no.alt.katter,40d729e895772967,4,280,0.9900098818189467,0.8615796542801768
no.alt.katter,425316131c8a1ba2,15,788,0.9937131355450147,0.8144276484453304
no.alt.katter,49a98f70157e5468,9,521,0.9857150963745519,0.8420437405927366
no.alt.katter,4fa9a96da646bf77,7,826,0.9941713939982135,0.8248076823688042
no.alt.katter,567b26736f61d9e8,24,1052,0.9888425866718531,0.840816195134211
no.alt.katter,5fbf391b48da8012,22,889,0.9816122679512057,0.8003480622358968
no.alt.katter,717e11e7877712ee,20,734,0.9892166871357383,0.8272219697816958
no.alt.katter,73cf1bd49c27a62d,7,702,0.9928743243384983,0.8297451203709677
no.alt.katter,78a5357189ef3fdb,5,657,0.9949474585868959,0.8104443897584827
no.alt.katter,8ba411896967a125,9,472,0.9936187606720649,0.8221111536081206
no.alt.katter,8ccf6948d2421066,9,631,0.9945777180235515,0.8186316967168584
no.alt.katter,9302f9e690defcc7,1,144,0.9997013271203127,0.8216314613675637
no.alt.katter,99024f0699e69fba,8,371,0.9927224293051002,0.8538731434856531
no.alt.katter,9a46d67f6be35e4b,15,701,0.9876235385167677,0.7987332824322217
no.alt.katter,9b13d17ba13038f7,6,261,0.989636083454581,0.8042189649015122
no.alt.katter,9d026e672a7ca2cc,16,949,0.9922116914840313,0.8273616309603822
no.alt.katter,b22fc583e275c1bb,9,704,0.9972294380971374,0.8332466890235314
no.alt.katter,b52e244bfa6c4124,10,653,0.9904784184986304,0.8159537720735072
no.alt.katter,be7713de14a467f9,12,528,0.9748681414451413,0.8660120400332387
no.alt.katter,c346c42d2000047f,5,354,0.9961964934501268,0.8180381907626578
no.alt.katter,caa7e925b4711b17,8,616,0.9903629184390144,0.8282440297783041
no.alt.katter,cbca43e7c38092aa,38,1469,0.9903533529573701,0.7559480054508899
no.alt.katter,cf1b8e0680fe2044,12,732,0.9931004587122834,0.8497133143783147
no.alt.katter,d07440cf93db877f,9,532,0.9953511458139064,0.8016749933653649
no.alt.katter,d720a460636c4707,22,1187,0.9910948570251701,0.8010659523386592
no.alt.katter,de4dfb445b12f3e0,26,1024,0.9866019473016276,0.8279016786373906
no.alt.katter,e60dc81a0ed6a009,25,943,0.9844112239721481,0.8257633551584888
no.alt.katter,e75199bfa08bfd77,7,242,0.9833013734157693,0.8363968564475769
no.alt.katter,f2e1deacbbbe7bd1,27,1208,0.9884212687003717,0.8092984992824452
no.alt.katter,f76dd56082973b58,10,468,0.9897942917482758,0.8215938944204019
no.alt.katter,fbd0d2b5a0efb097,3,276,0.9855107407123537,0.8121670315339329
no.alt.katter,ffbd442d7ab0e530,2,338,0.9966870556833141,0.869223509866267
no.alt.mat,02427d0317be4df7,3,375,0.992289476998617,0.8674249161667547
no.alt.mat,07b84dad5620eb9d,7,326,0.979680631381457,0.8280554265831999
no.alt.mat,09aa9c3d11511192,1,255,0.9965019610648428,0.844819471188589
no.alt.mat,10a16489132d26bb,57,4834,0.993447420933282,0.8455392532646924
no.alt.mat,17991e55e3745893,10,567,0.9890785118487601,0.8342797163297598
no.alt.mat,1b00718ec7333f4d,12,1135,0.9764277485590989,0.8112206903119406
no.alt.mat,22fb34eda3653582,8,1032,0.9921909735539103,0.8417741523073236
no.alt.mat,258547e8213f5403,28,1009,0.9850463297268555,0.7985588039021115
no.alt.mat,26c31ca59adbf1e4,10,733,0.9880316783584276,0.8104057544371354
no.alt.mat,2e53388c83ca9e18,16,1021,0.9945735251764708,0.8058504983370286
no.alt.mat,31c8f983b1e423eb,7,726,0.9933056983236654,0.8348815889402632
no.alt.mat,36a3c840e3db11a2,7,369,0.9891055520296343,0.8280350168093337
no.alt.mat,3baff65c2c6ec1d8,5,144,0.9739636671234545,0.8185021736321637
no.alt.mat,40b1d4c214df97b0,22,637,0.9699244959968664,0.8391793620734875
no.alt.mat,438e72d86298c983,3,458,0.995784872415199,0.8523597281313511
no.alt.mat,4bbc636ce850c000,6,136,0.9619604593456226,0.8134741335269079
no.alt.mat,4cf39dac7932ef3e,46,2638,0.989666717285745,0.8349790049125924
no.alt.mat,553577fcb7692324,6,144,0.9693493148305746,0.7751740458109889
no.alt.mat,58cfe8c6f1d31ded,22,798,0.9588154402283443,0.8081158522822708
no.alt.mat,60556761cb0361c5,14,996,0.996803631463107,0.8215214247900031
no.alt.mat,63e603213e96fbb9,7,319,0.9813396371726013,0.8387223488079676
no.alt.mat,6deaba117fcb0372,12,501,0.9673483677645645,0.8197273857874925
no.alt.mat,71c291a98a131e18,23,857,0.9832696344457325,0.8017811894331802
no.alt.mat,76044c410d15a259,10,656,0.994313775959378,0.8324614000090139
no.alt.mat,789a2137b6cea97b,2,241,0.9819287862594188,0.8010582473429477
no.alt.mat,845a6a3c134ba78b,7,447,0.9818386457255988,0.8490594649787291
no.alt.mat,87c6e193896b447d,8,638,0.9890114047837527,0.8283802102829467
no.alt.mat,99c2d83f7c0da10b,7,756,0.9885085531784429,0.8531870485326091
no.alt.mat,a2c1051a952bcc87,2,6607,0.9993650532857427,0.7963622780909428
no.alt.mat,a8952f179592aaab,10,837,0.9930634997172724,0.8384450231285642
no.alt.mat,aa1a1147c04db98c,12,892,0.9925409155655408,0.8507766266495965
no.alt.mat,aaeed5475c3378c6,24,1034,0.981809778130518,0.8436964010722536
no.alt.mat,b343beb1c2eeddf8,12,1179,0.9930582691625616,0.8524289605059232
no.alt.mat,bd1eeb990c94d1f5,14,690,0.9874007815942782,0.8031424399747527
no.alt.mat,c6dba92a024f6294,18,838,0.9778704100373065,0.8143781871013919
no.alt.mat,d24d6f8293ec09c5,8,449,0.9876455769847288,0.8266114161671216
no.alt.mat,d3cf2871f564d50b,1,46,0.9917206589903869,0.7941101997760389
no.alt.mat,d3eeac3f39d6c472,9,709,0.9930967709120834,0.8257191367710192
no.alt.mat,dd364f907c189061,12,702,0.9850490669498762,0.8319390971500891
no.alt.mat,e60896fd3912c29f,1,315,0.9889501411543348,0.8648803955714607
no.alt.mat,e8d8d81a5b8f3408,1,79,0.9952264893212143,0.8296949025953285
no.alt.mat,f837cf4be4e34b84,9,533,0.9902263994279874,0.825039295766494
no.alt.mat.drikke,0006067b68748e68,4,569,0.9979800943954131,0.8139331987804139
no.alt.mat.drikke,108d323d8e6b6206,23,2928,0.9932771854053553,0.8259298528007402
no.alt.mat.drikke,18e410b72152699c,7,174,0.9708475374274329,0.8235560010263244
no.alt.mat.drikke,22802c80f9b2fa1e,9,583,0.9896095400388868,0.8184210836443518
no.alt.mat.drikke,2d9272fcc573e891,6,545,0.9963743661265712,0.8212528434859324
no.alt.mat.drikke,377351fe19301ae9,3,217,0.9812710189972529,0.8115035642885278
no.alt.mat.drikke,3c563397847a9544,1,109,0.9771313973606868,0.8478096503204197
no.alt.mat.drikke,483e7486d0e8d680,1,99,0.9917936516134184,0.7688356418690812
no.alt.mat.drikke,529f4cac39415bc7,13,654,0.9933370535388334,0.8336651119729058
no.alt.mat.drikke,58eded2408c05bea,8,778,0.9934896282464053,0.8317676876083492
no.alt.mat.drikke,6659553ff75c7574,8,2518,0.9970726345751851,0.7978501620893936
no.alt.mat.drikke,66a9fecf24ad3d23,12,532,0.9781340537749896,0.8274367827202627
no.alt.mat.drikke,67e33d3151c10a1e,7,279,0.9753604965776752,0.860341954552242
no.alt.mat.drikke,68a1b164e791ea00,10,386,0.9826564711907619,0.8167830741713915
no.alt.mat.drikke,6b46ad7a8de39251,18,851,0.9927801531850259,0.8220853622878357
no.alt.mat.drikke,71ba46a54b607c71,23,1701,0.9936192234162973,0.8383091914017585
no.alt.mat.drikke,76d8d36cd8e8a02b,2,203,0.992828124257235,0.8294972039216438
no.alt.mat.drikke,7a108c0edc5063d1,11,440,0.9702515363598292,0.8169008417221832
no.alt.mat.drikke,7b50e96d660b6c0e,9,251,0.9870576976594443,0.8550423454616215
no.alt.mat.drikke,7c0b001f6d6fd137,11,626,0.9911215025369309,0.8040586571096525
no.alt.mat.drikke,82f4987a71342390,5,323,0.9911694593303004,0.8370204852007993
no.alt.mat.drikke,955b77ee937074b7,6,714,0.9935189247695327,0.8203888260386158
no.alt.mat.drikke,987aa0ff5cc77bbc,9,837,0.9903849467250952,0.8515027030356921
no.alt.mat.drikke,aab3b92263b5a098,2,249,0.9879893220854513,0.8486038815692408
no.alt.mat.drikke,ada13463f2aa7e14,9,644,0.9834468653711732,0.8357156494482244
no.alt.mat.drikke,af25a4cec7f74987,7,172,0.9610922672826197,0.8303017496200465
no.alt.mat.drikke,b2d28d81912f410d,6,223,0.9920689309982852,0.8477798443118603
no.alt.mat.drikke,b5a5e02ab022eece,8,1094,0.9968763599063779,0.8605719088533362
no.alt.mat.drikke,b93c007b1079a4ac,3,173,0.98800688650545,0.8424422134299918
no.alt.mat.drikke,be55122ba9dec01d,14,564,0.9960007979765367,0.8535887270094836
no.alt.mat.drikke,c9e953c33c6c91e0,4,139,0.9689978369445006,0.7935744853016624
no.alt.mat.drikke,cce6f98c00b34cb8,4,156,0.9754478635790071,0.8456661881327793
no.alt.mat.drikke,d61c7d9a3557199c,19,1977,0.9959563630770429,0.8182108508230539
no.alt.mat.drikke,daa9893db4fdbbc9,4,339,0.9925181371206013,0.8791958013815463
no.alt.mat.drikke,df8bb4ec4d8d8619,2,245,0.993529285258566,0.8438093904729085
no.alt.mat.drikke,e09e0b6b0f3aa430,4,640,0.9883748164117696,0.7881345529108622
no.alt.mat.drikke,e1af37e2699b0597,3,299,0.9962348178133256,0.8181984823092813
no.alt.mat.drikke,eeb9e733e7fb8827,8,385,0.9759283259673102,0.8190625284049777
no.alt.mat.drikke,f149400165b7fe98,12,556,0.9772551313329567,0.8147517146541935
no.alt.mat.drikke,f3175d8ce4726134,6,454,0.9906155679275479,0.8489676674520098
no.alt.mat.drikke,f4383c50eab3dbb5,8,485,0.9908765134914288,0.8163982164325195
no.alt.mat.drikke,f84a9c163a75db57,7,199,0.9345211025548489,0.8456973357127748
no.alt.pompel-og-pilt,05b081f676f43fca,1,312,0.999836271540019,0.8587325163606687
no.alt.pompel-og-pilt,09fcf878cfe1236e,17,1259,0.994371677209275,0.8629970782015303
no.alt.pompel-og-pilt,0edda23f76963032,8,325,0.9784913306217964,0.8210832374157433
no.alt.pompel-og-pilt,133d714a353ba4b1,1,226,0.9970880691645837,0.8643418295025833
no.alt.pompel-og-pilt,149376745c8c6ee1,6,2410,0.9971183841879827,0.8841599478354512
no.alt.pompel-og-pilt,1e6da9f2623d077f,7,483,0.985668977020959,0.8227014849038382
no.alt.pompel-og-pilt,1f3f26f72307e11b,10,416,0.9816231189581227,0.8623618772243261
no.alt.pompel-og-pilt,2506ccddb4d64c26,1,417,0.99742238097955,0.8595038396232968
no.alt.pompel-og-pilt,2563d64631ff2f79,13,660,0.9906918367764488,0.8767088707286554
no.alt.pompel-og-pilt,2f29b907a9aaa208,5,343,0.9919115967249745,0.8559498019515623
no.alt.pompel-og-pilt,353366f1d7dfbf5e,5,182,0.9930935847857665,0.8600614933009864
no.alt.pompel-og-pilt,3b1f6cbe53055057,1,337,0.9992308790077241,0.8096652920055252
no.alt.pompel-og-pilt,3bcafa173972b2fb,8,296,0.9821348716789722,0.8518327186287653
no.alt.pompel-og-pilt,3c1d1f8b67e8380f,1,973,0.9993550516340998,0.855653608217957
no.alt.pompel-og-pilt,4566f4007ce990e0,6,411,0.9888022080833969,0.8669294194097451
no.alt.pompel-og-pilt,4e085e563fefaf24,6,301,0.978652837887354,0.8425343387556511
no.alt.pompel-og-pilt,4e5165081f2695be,2,631,0.9940366643067339,0.8240074204931495
no.alt.pompel-og-pilt,5ef4f3b267446c53,4,153,0.9945192497102645,0.856484187749891
no.alt.pompel-og-pilt,6220481a4e43e148,4,263,0.9889272399131718,0.881584508349072
no.alt.pompel-og-pilt,62562b6cfabbf58b,4,2290,1.0,0.8617481487171589
no.alt.pompel-og-pilt,65de5a8ab75a9e91,7,419,0.9945517595727361,0.8685249784297336
no.alt.pompel-og-pilt,686434bd8876f77b,1,739,0.9980162705765799,0.8597613002507813
no.alt.pompel-og-pilt,6a02a28c628f0e82,9,392,0.9862434114349234,0.8416914443449302
no.alt.pompel-og-pilt,77e461bb4f043ddf,1,626,0.9998477802163981,0.874118316185921
no.alt.pompel-og-pilt,8652b4f477aeab24,3,319,0.9931071617294851,0.8076397890785456
no.alt.pompel-og-pilt,868831efd717ad5e,5,381,0.979130355941883,0.8092335224104551
no.alt.pompel-og-pilt,91047a8234eaf5b9,8,503,0.9932960602025477,0.8974097655591754
no.alt.pompel-og-pilt,9911968a47a96563,9,251,0.985748090263818,0.862350218707394
no.alt.pompel-og-pilt,9ccdb474226bce22,1,542,0.999041147269904,0.8674681631127723
no.alt.pompel-og-pilt,9fe37347880258f7,16,507,0.9754383418536645,0.8719682035771986
no.alt.pompel-og-pilt,a8b4e72a39c463e3,20,1005,0.9856051803317648,0.8438876200458018
no.alt.pompel-og-pilt,b07579b40dc70022,1,78,0.9926582311404303,0.85846458498586
no.alt.pompel-og-pilt,b4f53bd5c2903803,8,707,0.9936971801862156,0.8520460737793272
no.alt.pompel-og-pilt,bc69d0cd66d5a988,8,918,0.9967601549764084,0.8694225172285801
no.alt.pompel-og-pilt,ce5f002c5a6ea35e,4,133,0.9786156716273712,0.8131173039011854
no.alt.pompel-og-pilt,cf84b76868ae6a58,8,687,0.9921101125939983,0.8790435875193517
no.alt.pompel-og-pilt,d051bf59b7667692,17,580,0.9860467435530825,0.8470859697290346
no.alt.pompel-og-pilt,d925b62578f0a449,1,259,0.999084111184376,0.8214047783710555
no.alt.pompel-og-pilt,d9e2df6fb7cf6f73,3,300,0.9891735322530947,0.859193345111603
no.alt.pompel-og-pilt,de8520f5aad296b6,2,907,0.9989040390768444,0.8743622213018668
no.alt.pompel-og-pilt,f1d483a3b6f2dfac,3,99,0.9950020544129735,0.8373875332602201
no.alt.pompel-og-pilt,fe1f2c24224fa465,2,122,0.9898288611908598,0.8377129206238282
no.alt.radio-tv.irma-1000,0021303bfff657db,20,1042,0.9904218632848619,0.8642188499478066
no.alt.radio-tv.irma-1000,009c802fc7b5bccf,1,99,0.9968081168290144,0.865997181318695
no.alt.radio-tv.irma-1000,02285518f8a85d0b,2,298,0.9918007216086986,0.869176999157441
no.alt.radio-tv.irma-1000,0305f3850732ed66,6,490,0.9963171684989061,0.8432007058414894
no.alt.radio-tv.irma-1000,0315c396a859227c,4,307,0.9973156708854682,0.8397821020925863
no.alt.radio-tv.irma-1000,059b58e955b3348b,6,181,0.9828042779769687,0.8477119541840737
no.alt.radio-tv.irma-1000,08a989bd379c0b7e,2,85,0.9807505975652738,0.8112551504808356
no.alt.radio-tv.irma-1000,120cf38f184e64b6,1,328,0.9943560483220036,0.8673724755374064
no.alt.radio-tv.irma-1000,13308159ea0c4a0c,4,296,0.9868501121468811,0.8562603991429562
no.alt.radio-tv.irma-1000,257cd409a957a1ec,1,152,0.9927637029438403,0.8621284317572434
no.alt.radio-tv.irma-1000,26a1f9721a132192,2,57,0.9911330839251276,0.8653340352616892
no.alt.radio-tv.irma-1000,362d85732f50c4af,24,978,0.9928218621262496,0.8715946700099669
no.alt.radio-tv.irma-1000,3d8c1d955bf9c2d8,3,220,0.9931308311087576,0.8591425142970702
no.alt.radio-tv.irma-1000,3f2e036d1ebb19bb,8,334,0.9894551591763988,0.8413944704930229
no.alt.radio-tv.irma-1000,4350ab76a830abd0,9,724,0.993240717374152,0.8340711110467617
no.alt.radio-tv.irma-1000,5487a10e74e0e204,16,735,0.9859192000957402,0.8377800870741017
no.alt.radio-tv.irma-1000,72be098b1fa9b713,18,910,0.9882524815024473,0.8376897040962917
no.alt.radio-tv.irma-1000,795a961ac3b8982f,7,265,0.9839952176029899,0.8317584135049177
no.alt.radio-tv.irma-1000,8b14ee20e212a8c1,5,213,0.9921508056405689,0.848335682331486
no.alt.radio-tv.irma-1000,8c506d7cc5b7bc5b,6,132,0.9732750761648826,0.8370978663941498
no.alt.radio-tv.irma-1000,94060c21002a03ff,17,805,0.9848288856445064,0.8474799778920792
no.alt.radio-tv.irma-1000,9c1942f829b07e9e,2,488,0.9994960395589386,0.8157637673874422
no.alt.radio-tv.irma-1000,a10a4c730c7185ce,23,965,0.9853563451038155,0.8606271940334378
no.alt.radio-tv.irma-1000,a70d31e18a1ce0e5,10,529,0.9846477836008044,0.8573820457022795
no.alt.radio-tv.irma-1000,acf175c59c835f45,1,242,0.9940319356553393,0.848067831821141
no.alt.radio-tv.irma-1000,afc55b475e19362f,10,629,0.99403446364158,0.8570157064212087
no.alt.radio-tv.irma-1000,b33d7caad8281f6d,21,805,0.9906140796688406,0.773028503205988
no.alt.radio-tv.irma-1000,b5c708287a42f541,15,519,0.9828484693638501,0.8287980367390468
no.alt.radio-tv.irma-1000,c4a35e34dbec27f7,1,85,0.9948582076351645,0.807683081385346
no.alt.radio-tv.irma-1000,c5000d27a9606db2,9,689,0.9894750984787627,0.8172779298385471
no.alt.radio-tv.irma-1000,cab442207eb918f3,4,555,0.9942828945535457,0.8422096009842256
no.alt.radio-tv.irma-1000,d13dd767447deb64,3,242,0.989209050526514,0.8644088461074715
no.alt.radio-tv.irma-1000,d3192df2ddccfecb,12,1641,0.9890347005109876,0.8488529539096562
no.alt.radio-tv.irma-1000,d42f48a70b34be39,8,539,0.9922784811492211,0.793095912141921
no.alt.radio-tv.irma-1000,d6dd6f900e4b927a,3,126,0.9889543111865888,0.8226561132274193
no.alt.radio-tv.irma-1000,dd81798c856908b0,8,612,0.9970803285769237,0.8450323552702909
no.alt.radio-tv.irma-1000,e04136274e32d8dc,3,300,0.9926831434711634,0.8478590162048266
no.alt.radio-tv.irma-1000,e5d7c04491323dac,27,938,0.9860375542861787,0.8593243947776597
no.alt.radio-tv.irma-1000,e66217116298f2cf,19,1228,0.9954523621236547,0.8541931349534498
no.alt.radio-tv.irma-1000,ed90ba3051997c68,3,336,0.9911515227550587,0.8364319312245686
no.alt.radio-tv.irma-1000,f44c95c8c6b4f04f,4,526,0.9912223076465502,0.861299313012356
no.alt.radio-tv.irma-1000,f706f1100bf016e4,2,82,0.9834378088936641,0.841331124319878
no.alt.sjokolade,01b7934fcf4e655d,2,221,0.997224441852218,0.8331141567241855
no.alt.sjokolade,0241d31655ad3daa,8,481,0.9904601041857392,0.8398119205942702
no.alt.sjokolade,0815c4ca3c3722f7,5,809,0.997443149654521,0.8404461350450224
no.alt.sjokolade,0891aa9e2c327fda,12,902,0.9887522627422917,0.8658917617352705
no.alt.sjokolade,1443f4f7273efed4,39,815,0.9859215084682386,0.8367616262830433
no.alt.sjokolade,17203503d31a854a,8,385,0.9886199496836754,0.8148957762287223
no.alt.sjokolade,1d6bb1d4e0fc5aec,14,591,0.9851261453722213,0.814649485196129
no.alt.sjokolade,20a431a2d8ef466c,7,453,0.9905892092712189,0.8705372371343814
no.alt.sjokolade,2f75dec927bbd20d,8,554,0.9955317444013165,0.8220587396589711
no.alt.sjokolade,32407837236a56bd,5,163,0.9830379551721528,0.7982336476917099
no.alt.sjokolade,39eb710e01204457,3,347,0.9970350722788721,0.8532866478896087
no.alt.sjokolade,434514947f45ef0b,12,645,0.9934283260557186,0.8600809343230456
no.alt.sjokolade,46c987337901c4b9,1,521,0.9999128040946148,0.8522982652648252
no.alt.sjokolade,4886e27d269055a5,11,762,0.9944370750742049,0.845375495762769
no.alt.sjokolade,494021e032272aa2,3,147,0.9859368146813913,0.8406787261076688
no.alt.sjokolade,4cb4c4d976b883d1,7,348,0.9937838664449288,0.8149110693428544
no.alt.sjokolade,4d59f2de9ba76805,14,787,0.986008768559964,0.8166556227131733
no.alt.sjokolade,539791e632708d95,1,150,0.9907201999798414,0.8662847280360189
no.alt.sjokolade,643676e9adf5311e,15,669,0.9885953174511392,0.8100153358995894
no.alt.sjokolade,6e7025a80d084447,18,788,0.9900464094083811,0.8214738834163491
no.alt.sjokolade,71de5aaa52844aa0,41,1794,0.9841409958865813,0.8632122493943006
no.alt.sjokolade,72c2ccc9550da111,2,348,0.9990725922683185,0.8502296257178085
no.alt.sjokolade,7c750de76c18d853,4,134,0.974396951821033,0.8436696131316516
no.alt.sjokolade,7f58db9fb5d1a199,16,671,0.9892079539329155,0.8180235181095741
no.alt.sjokolade,81901235205853fb,4,424,0.9972508832504288,0.8312284064503308
no.alt.sjokolade,8a5c95257dfe6322,7,306,0.9846290496812402,0.8060498399044296
no.alt.sjokolade,95fde9eed902d67d,2,120,0.9877148863836175,0.8401851980254516
no.alt.sjokolade,9630f96e28555c07,5,186,0.9838182904298051,0.8219881857697756
no.alt.sjokolade,99479922954d5c51,6,398,0.9875656946123215,0.8411441032294634
no.alt.sjokolade,9956b9d78a570d09,9,486,0.9911413085749904,0.8527055202986816
no.alt.sjokolade,b1e8577acb2369cc,4,488,0.9923039645147765,0.8285971267635085
no.alt.sjokolade,b23c33106d5c4022,10,484,0.9759080067292992,0.8341696806702422
no.alt.sjokolade,b41778c3af915545,8,364,0.9822000280959552,0.8027248307944843
no.alt.sjokolade,ca1b8020d5bc03f8,7,400,0.9979814338798918,0.833339179165167
no.alt.sjokolade,cd6835e46a017a86,9,915,0.9963443821537292,0.8112306054876385
no.alt.sjokolade,d5b7234a07e6b6f3,4,329,0.9959939395302675,0.8652291275273399
no.alt.sjokolade,d8634346917ab1b3,2,183,0.9875582057228129,0.8194825330617872
no.alt.sjokolade,dcabd7efb0d9d9ee,1,26,0.9721759614116545,0.8168412192998441
no.alt.sjokolade,e3751e65699e30f5,13,855,0.9891692629235315,0.8575723836385095
no.alt.sjokolade,e4731d13ee07d736,43,1704,0.9929289481889264,0.8220242127844548
no.alt.sjokolade,ea8b00522848ed3f,5,617,0.995372718178977,0.8432490309334434
no.alt.sjokolade,f1d348633eed09b8,17,1043,0.9948644044485461,0.8405447501409481
no.alt.tegneserier,06c7541cb16029c8,1,241,0.9982878954102617,0.8638196294077677
no.alt.tegneserier,16dccf894f1ffc50,3,271,0.9884342778905368,0.8547088920367644
no.alt.tegneserier,19cd2e445a6996ba,3,235,0.9943415236018234,0.847477142627812
no.alt.tegneserier,25d27d498eec6a50,7,637,0.995032724639043,0.8711269212441299
no.alt.tegneserier,295c6830ed4b0215,5,281,0.9898508175539111,0.848595916626716
no.alt.tegneserier,33bc3864288a8924,1,147,0.9877104060287214,0.8200311571842674
no.alt.tegneserier,39ae0bf57a59c750,9,349,0.9860165282605654,0.8014730690474636
no.alt.tegneserier,3ae38c78f2e9a18a,8,406,0.985065956724139,0.8115454100660778
no.alt.tegneserier,3f14b24eea38bf4d,13,725,0.9933188187838246,0.870986003210765
no.alt.tegneserier,3f85cd5b3e29ead7,3,334,0.9922374432060035,0.8286591993063814
no.alt.tegneserier,4475f13fe36550a4,9,230,0.9882133738088009,0.8062990632949841
no.alt.tegneserier,44f83d833e507bc5,9,456,0.9868453052456007,0.8350520847947837
no.alt.tegneserier,4be5232599aaf4a3,7,3997,0.9929795780286822,0.8324181645182602
no.alt.tegneserier,50f4c34e33f35bc1,10,4110,0.9983606193693353,0.8515643602347519
no.alt.tegneserier,62a52cd96fc13dcc,2,257,0.9938884852810983,0.84975061991876
no.alt.tegneserier,6369c1d210f78a72,8,652,0.990840718439762,0.8076901794484601
no.alt.tegneserier,679316275e91da7c,6,210,0.9820517963655322,0.8061973782454359
no.alt.tegneserier,6a589780a237873e,8,442,0.9892414834883918,0.8643045116183641
no.alt.tegneserier,6f73025f11991add,5,216,0.9892915547370748,0.8383275843328828
no.alt.tegneserier,757e764978a0fba2,37,2641,0.9926915688102107,0.8799168370897402
no.alt.tegneserier,7e975bb9e31141a1,3,219,0.9809567764928002,0.8188816184691078
no.alt.tegneserier,83f0d8ed7efff0e1,8,463,0.9917330516371182,0.8247729808997527
no.alt.tegneserier,8a5d2ed563743576,11,894,0.9957065966383479,0.8119380058164903
no.alt.tegneserier,9194c18836018b90,5,544,0.99237551641098,0.8381413172341436
no.alt.tegneserier,960969be08b96ed3,4,167,0.982370871818914,0.8343430148442371
no.alt.tegneserier,9934b697d7c1f267,5,531,0.9945254791488969,0.793313529488756
no.alt.tegneserier,9eb711a241940183,1,168,0.9960290030646279,0.8018430682456867
no.alt.tegneserier,a64e565b7f4cc087,4,736,0.998683917672916,0.8695268560647709
no.alt.tegneserier,a760087c9a401de2,4,1055,0.9991132026744637,0.8503473865806992
no.alt.tegneserier,af49b1c2ffc4bfac,8,636,0.9906116333115299,0.8641334241093241
no.alt.tegneserier,b2ee036fc073b526,4,682,0.9972806739683964,0.8242134067425114
no.alt.tegneserier,b561edd2b866a6d2,12,448,0.9827733818985918,0.8627142351359374
no.alt.tegneserier,bc525c9450957604,2,164,0.9942428880345919,0.8216645866269947
no.alt.tegneserier,bd62ae1708a5f66f,6,410,0.9921242983874874,0.847114873582225
no.alt.tegneserier,cb76e603743725c2,1,236,0.9904080395599423,0.8472833582136603
no.alt.tegneserier,d5817d73ae1f8cc7,16,1281,0.9950171737905021,0.8587310627126181
no.alt.tegneserier,d7a2ef293a8a5edc,3,288,0.9929945614672611,0.7857387202008109
no.alt.tegneserier,e5086a7b4b708c18,17,964,0.9920267098001422,0.8551700297869278
no.alt.tegneserier,e8512e0e214789e4,4,601,0.9967610497546148,0.8174124867373261
no.alt.tegneserier,e9093ff9f623a6aa,4,279,0.9953509876914637,0.8697656455206173
no.alt.tegneserier,eff954986a6105c9,6,318,0.992274339861551,0.8571159537953167
no.alt.tegneserier,f1a26af290e329e1,17,2786,0.9976948738479434,0.8262735747118022
no.alt.tegneserier,fdd42eb773370c16,6,391,0.99261357970934,0.840083859567972
no.amiga,038a70d8714eb293,6,443,0.9873616713787603,0.8579132283619318
no.amiga,0535a5b6758d7967,5,653,0.9945813554446006,0.8336821523917781
no.amiga,072169789c9b3ddf,3,529,0.9983143822274617,0.8647275117766081
no.amiga,11ccb0dfeeda6da6,7,545,0.9935829788418491,0.8447974012520997
no.amiga,12aebcc84f8a7bd7,10,733,0.9941430285277504,0.828890386638138
no.amiga,12e5cc56fa279d42,4,254,0.9922054757827327,0.8336160866077894
no.amiga,142c5d02c1831a0a,24,1130,0.9909974761362793,0.8276502787421212
no.amiga,1e79d22ac21c151b,6,571,0.9959836909488637,0.8052567643866829
no.amiga,20bc49bc6d2fa11c,2,288,0.9948281004267294,0.8220035441844404
no.amiga,22c7e7ed623d20fc,25,1800,0.9948750528042627,0.8225233073657721
no.amiga,2ee8c6f4412b021e,8,822,0.997392325043211,0.8243852490278937
no.amiga,38997051825f205a,17,594,0.9926925456718667,0.8549153166227601
no.amiga,47d60717b14effdf,7,543,0.9948805559968952,0.8157901600931776
no.amiga,4e03f2a1847472e8,3,450,0.988881351325478,0.8270961752535552
no.amiga,55c10ad51b534b02,5,626,0.9977724579547421,0.861298403325695
no.amiga,56571bebeea46415,7,503,0.9943648555381553,0.834460090612628
no.amiga,58a8fea36a157e76,5,443,0.9920365680888582,0.8685089206925666
no.amiga,5ad24536fa7f1bc0,33,1657,0.9913298316973643,0.8623272087492385
no.amiga,5ccfec87357cfca8,4,356,0.9934039693284675,0.8510782084811986
no.amiga,63fc2e213caade99,32,2118,0.9932393205010561,0.8282177749478026
no.amiga,647e4732bcdd1641,8,639,0.9821148030897783,0.8437383260039312
no.amiga,6902f0417b9f9810,20,2376,0.9952353282784144,0.8487774348614192
no.amiga,808a9f8dd384c0c8,9,606,0.9887643299637718,0.8454348091553167
no.amiga,838ddf706f5b694a,9,583,0.9908390490627162,0.8258636715089265
no.amiga,8b130ffd195c2b1a,12,857,0.9922094272611669,0.8203153139840285
no.amiga,8e8627953ac1e9a7,10,708,0.9942829293441385,0.8303031314787477
no.amiga,8fb4fa28b58a98bf,65,3424,0.989465307075307,0.8841939949468591
no.amiga,9d29a3797fcc9867,2,231,0.9981439388253557,0.8653116508279848
no.amiga,9eaa36c3387f9921,11,702,0.9961858976232693,0.852286612417325
no.amiga,af677f9febc99de0,1,458,0.9994867612904108,0.8373956673377316
no.amiga,b4930eca8aeab6dc,7,530,0.9934256903132975,0.8900134283305986
no.amiga,bd8cf0bcec14540f,9,660,0.9959528196762977,0.872130812162423
no.amiga,c1076907a4c56fa8,1,411,0.9993169064318732,0.8779703576605392
no.amiga,c7fe725a40d6eda3,4,400,0.989914356930972,0.8932663987338125
no.amiga,d105033a44555c0d,14,1314,0.9938229257988355,0.8641244903464645
no.amiga,d610776c9105a363,11,945,0.9950004371038436,0.8465658185437847
no.amiga,d6442f6358d09411,29,1960,0.9950978778868738,0.8277000385111278
no.amiga,e001d22a5c549b83,13,1030,0.9969643019085345,0.8422755890458368
no.amiga,ec56110a224ded90,5,844,0.9962943877143724,0.8439731115237102
no.amiga,ee2a6708951d2395,10,590,0.9913784405896148,0.8336236987779876
no.amiga,f1c952d87f7ceaea,7,520,0.9729348124331483,0.8573626041546177
no.amiga,ffb47a14860ec33a,10,473,0.9915898504506726,0.8425255821800425
no.audio,04a82490f947fd01,20,1158,0.9927278400777529,0.8142500196859166
no.audio,06185fe345132da5,1,406,0.996411035894804,0.8109489485453212
no.audio,08a670be4f98e88b,10,1380,0.9973656913817934,0.8452534719287786
no.audio,11bfb49fa4d822ce,18,1072,0.9860654371732762,0.8486532347343931
no.audio,16676005fd62255b,9,295,0.9826721947885899,0.8098869264121693
no.audio,16d68a69aaee4979,7,475,0.9940716230376333,0.8896630412503962
no.audio,23c7f262a8d0f923,22,1162,0.9933143506069357,0.8438313683442691
no.audio,33223c8a1d43f3bf,5,389,0.9857015209124883,0.8288345952754343
no.audio,34e63c9df836eb0a,5,256,0.9851208586337674,0.8471131989309647
no.audio,390c46ad2367f6ae,58,1909,0.9799386086597688,0.7957808556826645
no.audio,3c2bcc5a744944f6,22,1474,0.9890983106360542,0.8651410237737032
no.audio,3ff801b8ecc69899,4,990,0.9981685116302176,0.8415572961175398
no.audio,51d144c8b28b4c71,2,393,0.9944059257880049,0.8552107864119419
no.audio,5d49a81e35a9e22b,5,607,0.9958366822027438,0.8325263050544682
no.audio,5f11fb9cf04a4e01,16,998,0.9940335591008919,0.8728680559255817
no.audio,6ac4dbc8a8635ed1,4,144,0.967747279925766,0.8307767522445404
no.audio,6bf5123d3db36e4f,30,2141,0.9964286447974433,0.8372735509547526
no.audio,6d191fff6d427648,5,242,0.9654508570743562,0.847397075820343
no.audio,6fbdce54a4965771,6,125,0.9751103540166389,0.8281377454349803
no.audio,70fc2604a910dad4,8,740,0.9946544657972504,0.8030562404132001
no.audio,7697d900898a05a3,9,799,0.9972420411853482,0.8344784892423435
no.audio,8311b511ca4f80bb,13,1125,0.9951559820398986,0.8129127968077582
no.audio,834d80cdaadb176f,61,2677,0.9900941351338914,0.799839119118881
no.audio,869cee6b9069addc,14,1488,0.9962284663279176,0.8090922581800024
no.audio,886123e28d98353b,16,1104,0.9937400906218542,0.8371931437608724
no.audio,8b62c948ef7c0605,7,490,0.9948798240147677,0.8106270583954475
no.audio,8d7f15c41e9c0188,18,1043,0.9965864310345441,0.8119809462339467
no.audio,96b5c0b4eea2cc69,1,70,0.9769124943455904,0.8213151606565943
no.audio,a04a13d06e999959,69,2377,0.9894002282024144,0.8362515254124161
no.audio,a14fab31dee3800d,38,2768,0.9968236987676066,0.8417826606315064
no.audio,d1056ab5967e461f,16,662,0.9921653923766552,0.8215077551799825
no.audio,d9bccc199a7b37b2,5,222,0.9787706143867083,0.8047763355412597
no.audio,dbc5c736839d04e7,15,487,0.9830375532673741,0.8121007500546819
no.audio,de0ad8f28bc67c09,22,1356,0.9892970140462134,0.8535313447797493
no.audio,de69b201edd16351,42,3317,0.9960717238527623,0.827594582267388
no.audio,e7bae265f121b205,11,792,0.9923758544390392,0.8550543616105682
no.audio,eb5d8f30a0390f7d,6,752,0.9932845786673995,0.8574362504479982
no.audio,ee711df8b3bdb838,9,529,0.9935374618353167,0.8193121474712203
no.audio,f49bfd823f747283,30,1135,0.9885691073492691,0.8291430886860177
no.audio,f69a7c9370f18c8b,3,126,0.9839047306940518,0.8095094869819635
no.audio,f7962e43eac6ea60,3,563,0.9966821450987393,0.865008854954609
no.audio,f798616ecd470457,60,2978,0.9927955391595168,0.8075642786090659
no.bibsys,002ffb01b621afdf,2,293,0.9941388784814341,0.8446358499228579
no.bibsys,00c0c8f2fd207a2f,13,368,0.9813333657225212,0.8471196485868349
no.bibsys,086745b42e32b92e,4,309,0.990303850063411,0.8439289334130334
no.bibsys,1463c8fb202ff512,4,467,0.9893547826950473,0.8628113150841065
no.bibsys,19dd751e7b858ef5,9,947,0.9957064711814644,0.8577058217459108
no.bibsys,1ed9e669643fca9f,17,799,0.9891019188413344,0.8403805247481362
no.bibsys,2a7db01688a75f77,12,837,0.9910211467960969,0.8724531608148117
no.bibsys,30d0775d3377669d,10,839,0.9932919329101666,0.9032750200504392
no.bibsys,33a64ea5fcaef2b2,11,551,0.9909203315835966,0.8456645314041431
no.bibsys,33e5db4004db7ff2,2,120,0.9848228894848606,0.8489789031413878
no.bibsys,3a76d9f71a3371f1,5,357,0.99456690577711,0.8631749654633089
no.bibsys,428699dbbbd1a045,12,443,0.9850792215980206,0.8188301100727945
no.bibsys,4a74485407a1f8ef,2,138,0.977776315906485,0.8361138318752726
no.bibsys,4b179e140fc7a286,8,747,0.9881492233511185,0.8067191306927339
no.bibsys,5b58c4fb2396027a,11,661,0.9946651130160261,0.8502718247598429
no.bibsys,5e7cbcff5690b74e,11,1032,0.9952126591910813,0.8011220454798944
no.bibsys,78821350ea0e675c,21,1493,0.9932226395674095,0.8374527916376516
no.bibsys,83b0966f7e0ac401,22,1203,0.9926678990370261,0.8272440425481805
no.bibsys,86145b849de0e42f,1,323,0.9978603381393694,0.8385055009849806
no.bibsys,88a72421c51d66c3,12,688,0.9915590576930587,0.8715353432023674
no.bibsys,8c35b0fc0a5c137a,25,1316,0.9938088184475687,0.8722256161501418
no.bibsys,8eaa5b068c8ed697,17,1157,0.987620057731916,0.8462421595094751
no.bibsys,9043a5f79c58e123,19,1064,0.9916473053634189,0.8724300411422866
no.bibsys,94ffded7c15ccbda,36,1724,0.9899525935942087,0.8478633146916039
no.bibsys,a099073479a43ab0,14,795,0.9949780660713947,0.854066809839952
no.bibsys,a11f94639642cd8a,11,732,0.9935783809373727,0.8429298324879118
no.bibsys,a2afccff7db9d8c9,18,1221,0.9923397625898469,0.8988594900871912
no.bibsys,a89c169571d3c686,5,591,0.9940754179779459,0.886350961825868
no.bibsys,abe5c74f21749049,15,2099,0.9920766445105832,0.8629172118302507
no.bibsys,b80a5540542b237f,8,695,0.9939709666031254,0.8485151938008579
no.bibsys,bd5c7625d6087e49,5,326,0.9916214421855087,0.8057803769882256
no.bibsys,c2496e154120e3d5,4,248,0.9866600325034914,0.8618344090308252
no.bibsys,cb70b1bc5028abaf,9,901,0.9912715679802694,0.8568754957801897
no.bibsys,ce6a65b1fbb43df7,5,465,0.996646674656184,0.8584035098269116
no.bibsys,d0141756deb29232,11,664,0.9931465008498486,0.8384639303388874
no.bibsys,db7f4373bb772c90,17,1253,0.9958945544141371,0.8424542849289466
no.bibsys,dce1d34c766c6147,3,215,0.9959714210978234,0.8629015083757867
no.bibsys,e4b6a17e34815686,27,1418,0.9899532651417698,0.8317410715535337
no.bibsys,e4fd9dae03960a0c,2,177,0.9867269101466939,0.8449677592623254
no.bibsys,f0db08ce7498f655,15,933,0.9914778420997249,0.8340661543115236
no.bibsys,f3bc598d742b878a,7,434,0.9819910518807407,0.803682298736543
no.bibsys,fefcd3b7a20d2cac,23,683,0.9897528330832924,0.8549832637602067
no.bil,0205446aff7b5778,4,536,0.9921093519568134,0.8251752821978356
no.bil,077fac7cc54c9add,3,149,0.988267563400908,0.8324368355674647
no.bil,0a21217dc29f99cf,10,697,0.9930213827672815,0.8074741369330526
no.bil,0be291e17b239bd0,16,860,0.9943426183598755,0.8402262768647545
no.bil,0f68fc4617617b0f,11,1271,0.9935603791971319,0.8169525374897182
no.bil,100164b56694a832,6,258,0.9850645417055948,0.8421053975274989
no.bil,12eb0bfca7c2f515,20,1194,0.995364075319051,0.8088322798937019
no.bil,2805ff6db04625e4,15,928,0.9892728066241137,0.8495360131313078
no.bil,28997d1116baa82b,8,1748,0.9987653898965536,0.8344188263843106
no.bil,2bff1fdf68c2194d,20,886,0.9910803885081045,0.8200050726275081
no.bil,2ce5c6990df2ac0e,11,381,0.9734811601358123,0.8232356286843814
no.bil,2da67fef5a7e1511,2,130,0.9784284408573799,0.8459515244842641
no.bil,3a38b094bf849545,20,981,0.9903879849339463,0.7947287318201823
no.bil,47182b40bab9dd3f,136,4664,0.9800934074265373,0.8124624927797283
no.bil,4ca721165b29c0f4,3,157,0.9806208092190482,0.8296774356970947
no.bil,4ccf080d96c14d42,3,361,0.9885883853106913,0.8496834106517973
no.bil,50cea29d2683b3e8,4,341,0.9912310687443638,0.8866964110799714
no.bil,5b952da6d7b8a944,2,110,0.9855530567307078,0.8193856298464387
no.bil,5f80752331daa9ce,24,1072,0.993733439231095,0.8145793389527994
no.bil,6a78093d843c5d77,2,705,0.9978789997823335,0.8251281696806149
no.bil,6dbc6d5d93c9a607,4,875,0.9971484618439487,0.8530568539560917
no.bil,7686bb64717f2caa,7,338,0.9862166925976674,0.8743043621659133
no.bil,77dc01c7605efaae,13,896,0.99253695922121,0.8310300899320276
no.bil,975a83792b83e9e0,3,380,0.9940531380435952,0.8673400505096182
no.bil,a883169cae3763df,10,224,0.9752291307840526,0.8201680291404163
no.bil,aef0b965c161369e,15,1261,0.9963956490341812,0.8286280845457096
no.bil,b25249731aedb7e6,10,527,0.9782613820331825,0.835114999258242
no.bil,b7200498c24f12e1,9,378,0.9894645233652187,0.8601775512963908
no.bil,b8a0f1e49810740b,9,658,0.993454171356312,0.829489894749703
no.bil,bb051395107b3d62,10,787,0.9884974142932329,0.8274027924525005
no.bil,bc882dff6a8248d1,1,392,0.9964043718010007,0.832218444454225
no.bil,c0df97faef003517,1,316,0.99991216393709,0.8237591345008919
no.bil,c2609f4b76734a41,18,826,0.9822366604158309,0.7853603367576998
no.bil,c45a0095e56032a0,2,252,0.9991234619534294,0.8102648340026654
no.bil,c7ed9630e6d9e929,9,400,0.9865641777762982,0.8699793959236368
no.bil,cb052dcbc012f8d6,2,82,0.9873788759941143,0.7940097563732533
no.bil,d1b057b3f600a4aa,30,1200,0.9929596223752198,0.800620889433896
no.bil,d45c4ae423016261,6,286,0.9818364011279281,0.8302672223106777
no.bil,dda01a040190e725,5,422,0.9684420315301215,0.8356491283306082
no.bil,e401394a6d02df09,18,1024,0.9927019843458934,0.8492878938093231
no.bil,eeac9994cd5228e0,8,632,0.9824263993457965,0.8315212618945724
no.bil,f5e87897c930a8e7,18,884,0.9898190011468742,0.8040391456823844
no.bil,faa52af8463ead86,5,466,0.9875288608988898,0.818804048013533
no.biz.annonser,0095b24126da1baf,11,1193,0.9959355593360236,0.8832991043046095
no.biz.annonser,05abdf82489659b0,3,127,0.9898777224997083,0.8044272300500435
no.biz.annonser,0c92640f40b9b6ba,1,97,0.996615845922798,0.8539693250268313
no.biz.annonser,1281f4ada9b4e51e,5,381,0.9970179046210338,0.8731902079747509
no.biz.annonser,2f734f8e8116ed39,83,8534,0.9952154866054134,0.8330221385467844
no.biz.annonser,2f76695a7c092293,7,3524,0.9932346673799117,0.8295261942442349
no.biz.annonser,4730503a702bc791,28,1642,0.9962155088039333,0.8451866122384997
no.biz.annonser,51e0d5602add998e,4,436,0.9892404116309653,0.8259523305702122
no.biz.annonser,51e844b184fddc77,5,499,0.9947939461918965,0.836660961658272
no.biz.annonser,538568139d3b4ebd,1,294,0.9968629304539804,0.8340858438378227
no.biz.annonser,53aad867d8f818b9,10,392,0.9814074297431319,0.8521777444071555
no.biz.annonser,56882e1485d11fc0,2,225,0.9936916570165066,0.8137969639334833
no.biz.annonser,5a30a4cd25dcc1b9,2,118,0.9935615978887666,0.8498480507948059
no.biz.annonser,5ab53185961501b3,7,3463,0.9925795345811422,0.7998722098505531
no.biz.annonser,5c12b6690e96b9e3,7,277,0.9881598779652349,0.8547091003786426
no.biz.annonser,5dee89f10868fc25,10,224,0.9754558177693662,0.8355492699294013
no.biz.annonser,668541e0bc45bf7b,7,715,0.9948058010260707,0.8387630202113607
no.biz.annonser,6dc1f26bd516d8a0,2,504,0.9978205094253987,0.8662933442089993
no.biz.annonser,6e29e30a32c64574,2,259,0.9971815503542856,0.8314802779711232
no.biz.annonser,71122b0fbdd8b597,2,247,0.9949140369634802,0.8594357905028309
no.biz.annonser,77f1fd8fc29e56bc,2,186,0.9964786713968995,0.8074457324165559
no.biz.annonser,7f1f87d738cb71ba,2,200,0.9824298611111845,0.8175622148774065
no.biz.annonser,83091c8db28fbefd,20,966,0.9950122884205138,0.8107015329620253
no.biz.annonser,86189a153484b380,12,1370,0.9963425325151528,0.8374438135165485
no.biz.annonser,946f39bf362ce484,6,332,0.9884332319922423,0.846584621698991
no.biz.annonser,9be9ec295f0b71d4,13,1234,0.9907739354441266,0.8185374663355786
no.biz.annonser,a6c94267162a9eca,13,603,0.9935271214610865,0.8405803787523312
no.biz.annonser,ab5bc89b712bd206,2,126,0.9832047155069118,0.8312463610870515
no.biz.annonser,b2f094a59d4ba858,2,448,0.9989103647209304,0.8403012182901554
no.biz.annonser,bc3c268cc936f1b9,27,1212,0.992273538811536,0.8161317366110509
no.biz.annonser,c338d6fb82643db0,1,579,0.9989955689937735,0.8214473512315498
no.biz.annonser,cb3d4496672cba08,6,504,0.9970051192363671,0.8244311895576699
no.biz.annonser,cd32d04176e098b8,1,652,0.9996585402378058,0.8221941991146214
no.biz.annonser,d37ec79dc4b68de4,6,760,0.9940690429844623,0.8631782556796609
no.biz.annonser,da6daa0203630c81,3,785,0.998170521067804,0.8368395612430096
no.biz.annonser,da9aef0a7b01de13,17,1319,0.9972331531577873,0.8350209181243294
no.biz.annonser,db6c086590248dc5,8,481,0.9865294990980531,0.8213300035742905
no.biz.annonser,e72651fad73908cd,2,35,0.9697477260027054,0.7763722007933245
no.biz.annonser,f1d958dbcffd3ccf,3,109,0.9755265996523144,0.8120975700372488
no.biz.annonser,f5e28c49b37cb41c,11,3760,0.9978954442894371,0.8351842140394246
no.biz.annonser,f79f27cb088c4538,12,2258,0.9976301195935086,0.8083320677264901
no.biz.annonser,fcdc79f18f2600d9,26,1549,0.9950873698280515,0.8074310703824836
no.biz.annonser,fdabd742f9f2dcfb,1,300,0.9989442857166874,0.8053299764694614
no.biz.annonser.data,12dc36fed4f2f901,3,65,0.9829467587596025,0.8117782658193184
no.biz.annonser.data,19014be233877322,10,588,0.9907182611896146,0.8157749302401807
no.biz.annonser.data,1e065a62e1da55a0,8,349,0.965886370741117,0.8294450855662007
no.biz.annonser.data,250204164c02cdb2,1,86,0.9759800255624062,0.8492558979752151
no.biz.annonser.data,355ba23ed6090526,1,156,0.9881086989825055,0.8187967589068982
no.biz.annonser.data,446095bbaabb7f58,8,349,0.965886370741117,0.840920029989805
no.biz.annonser.data,4abc943012f62e28,3,107,0.981253604470885,0.8320040260798124
no.biz.annonser.data,4adc20b04cc0b62d,4,670,0.9917704898780139,0.8384059012631692
no.biz.annonser.data,4b0c4ff8fd8f7b21,2,164,0.9921652586701258,0.831117614955329
no.biz.annonser.data,4e425da8a41426e7,5,535,0.9853916568618093,0.8345354601226537
no.biz.annonser.data,57ccfe0ca014677b,17,1822,0.9973567196933696,0.8654647755507595
no.biz.annonser.data,5e31cc4e9297dda7,12,709,0.988046499136956,0.84179452806442
no.biz.annonser.data,5e681b6cc092487c,10,568,0.990765824581774,0.8374220478815051
no.biz.annonser.data,60dcc6ae02dd1e94,7,264,0.9775582451796667,0.8141596911172763
no.biz.annonser.data,68574c98b9424242,1,109,0.9972452679564026,0.8141768174577149
no.biz.annonser.data,6dd8fa53b6fffc4c,1,137,0.9918837107731714,0.845668736785161
no.biz.annonser.data,7302b2b2b9b27668,6,424,0.9931169091148713,0.8240367686203187
no.biz.annonser.data,7ab583d3c6cefb2f,5,508,0.997515242412794,0.8647745385017583
no.biz.annonser.data,918b3da77d115b61,1,241,0.9957886886697971,0.8215176582641323
no.biz.annonser.data,94b340f991f779f4,10,530,0.9911185586099569,0.865523933833211
no.biz.annonser.data,94d4caa8a96e012c,20,1268,0.993223114089668,0.8192107165168759
no.biz.annonser.data,9c27931fc645e6f5,6,566,0.9956443832065143,0.8366654983662463
no.biz.annonser.data,9c7c135b7b52f74c,6,273,0.9869149209921262,0.8344961810031577
no.biz.annonser.data,9e96470ac4723a6d,3,98,0.9881619746780722,0.8127914031894189
no.biz.annonser.data,ab8697ee8d1866e0,12,720,0.9947918794770917,0.8338239971212917
no.biz.annonser.data,ace0eb4844cf6b78,3,120,0.9878967036899905,0.8338486770090342
no.biz.annonser.data,b0f9bb3f78173d7f,2,204,0.9935537919589399,0.8335107374408953
no.biz.annonser.data,bb378d55582eb245,4,211,0.983162987924869,0.8424901008620167
no.biz.annonser.data,bccbc297ab52ff53,24,1025,0.9830959393011627,0.8325017399927273
no.biz.annonser.data,c1afa45cc360d1db,24,1141,0.9909816874208374,0.8621486632077854
no.biz.annonser.data,c2726d83317f78ea,1,265,0.9949126337330171,0.8199285990907917
no.biz.annonser.data,c58a18481307b108,5,670,0.9965137110921237,0.8363917548524137
no.biz.annonser.data,d0c31695507533ad,4,401,0.9955898767736101,0.8392251463375882
no.biz.annonser.data,d0de89e9c0088d68,6,634,0.992338835996074,0.8756931036371361
no.biz.annonser.data,d6dc24b90d966052,4,1232,0.998399283777253,0.8483537208126868
no.biz.annonser.data,de341c13d577df9b,7,552,0.9971103540212808,0.8145578773059852
no.biz.annonser.data,ef44476c9c4b6b45,1,77,0.9932227606043363,0.8465794907883066
no.biz.annonser.data,ef938368612c6790,1,491,0.9980768650110085,0.8546758160052027
no.biz.annonser.data,f11c8579ef558fc4,4,102,0.9859491275474292,0.8068355936848761
no.biz.annonser.data,f1fa0440c63fa674,1,137,0.9936059309885562,0.857856068337794
no.biz.annonser.data,f4dfde5c43b3cbe3,16,1735,0.9974198788101993,0.8792931361846478
no.biz.annonser.data,f8a36542c3eaf3f2,1,92,0.9937535104040238,0.8163932755889701
no.biz.diskusjoner,03f83e984a3fd127,15,444,0.9851082987581008,0.844300838185851
no.biz.diskusjoner,08090613607dae70,21,1204,0.992552571930857,0.8575479651363331
no.biz.diskusjoner,08fb6717f4027b68,10,767,0.9930623953277591,0.8530500216292466
no.biz.diskusjoner,0dcd6c8441f265d9,4,120,0.9808752527593833,0.8269525108828331
no.biz.diskusjoner,142c8e83f9f61c5a,7,636,0.9920999649512197,0.8684211254765221
no.biz.diskusjoner,20d1a104f3eb63d6,20,1488,0.9906136768605425,0.8491564695290602
no.biz.diskusjoner,2a61ee6957ed4412,5,408,0.9957115489429155,0.846435671870833
no.biz.diskusjoner,2e3ac1627a33d068,2,108,0.9647752138635375,0.8284952532236917
no.biz.diskusjoner,320c5da1b810c5d2,9,671,0.9921262095008648,0.8118187226322435
no.biz.diskusjoner,35c215f92af2f47a,34,2085,0.9925858361649922,0.8344732190854098
no.biz.diskusjoner,3ab02b2b919266e6,24,1233,0.9914000200799399,0.8618675324459082
no.biz.diskusjoner,4e3d5e05a035e2f4,8,561,0.9956390531255099,0.8626825616107575
no.biz.diskusjoner,51478f8b5d16ded2,9,656,0.9942807329981581,0.8231972197707584
no.biz.diskusjoner,5604b791873cfdbd,15,847,0.9979933847550714,0.8383031687032811
no.biz.diskusjoner,5c76cf063a69f1d2,53,3397,0.9900679995805571,0.801009766970459
no.biz.diskusjoner,5e7de68cd9f7cf1b,1,1096,0.9985923478765657,0.8045448668964779
no.biz.diskusjoner,702fe831b2597d27,7,239,0.9822676474844001,0.8069810059756999
no.biz.diskusjoner,761c8a8995b3c2fe,3,185,0.9934258514870037,0.8363972210664218
no.biz.diskusjoner,7fcc145252c4ac72,4,663,0.9981034048554973,0.8297683724983179
no.biz.diskusjoner,8d3ba399ab8882f9,40,2163,0.9895763188907964,0.8830610881888501
no.biz.diskusjoner,9bcddfda4eaf5d3b,1,643,0.9964501743498753,0.8348586351122042
no.biz.diskusjoner,a03b174c3ca3e09e,32,1711,0.9888341883817259,0.787384537264207
no.biz.diskusjoner,a052d32e544b9058,10,464,0.985317194218351,0.882149206256885
no.biz.diskusjoner,a060aa1b85b9e4b7,21,1121,0.9933597280321832,0.8498014025374355
no.biz.diskusjoner,a0d4870fcd75be6b,12,750,0.988965706131756,0.8294308982663099
no.biz.diskusjoner,a88e650a8d914a08,1,134,0.9921726053257852,0.8241815090767037
no.biz.diskusjoner,a9880915c11061e0,2,188,0.9951215236614027,0.8720639254759321
no.biz.diskusjoner,ac1bc303ec84a447,9,675,0.9937769120762906,0.80184857194307
no.biz.diskusjoner,b0c206cc2b1a515b,2,124,0.9867367357503944,0.8244227392103874
no.biz.diskusjoner,b36be605522d5a3d,4,663,0.9962472600351018,0.8469481806708986
no.biz.diskusjoner,b8f74377bf89646a,5,543,0.9987810022506501,0.8304165304507951
no.biz.diskusjoner,bcac8387eadc2f43,2,684,0.9988092748065645,0.8226438703535731
no.biz.diskusjoner,c6c0a34053107b0b,2,407,0.9930165868780461,0.8638253807726345
no.biz.diskusjoner,d833ebca80a93239,2,417,0.9979879007487658,0.8427111089039574
no.biz.diskusjoner,d96638854e0197a6,8,1326,0.9930320090168229,0.8451532074389585
no.biz.diskusjoner,dbc241ff914d41e4,3,411,0.9935736742552354,0.8540299367094873
no.biz.diskusjoner,dc4ba27ec46f46a2,1,2775,0.9973147705605976,0.8392774097004296
no.biz.diskusjoner,deef9bb25fcf3a9b,9,1541,0.9946391120282516,0.854546609022097
no.biz.diskusjoner,def12ac7f6d2bab4,14,678,0.9952802819280974,0.8268944241796788
no.biz.diskusjoner,df66057377ad1ff0,1,232,0.9979355220206642,0.8309799189289504
no.biz.diskusjoner,e2fe2fb2a097eb95,4,537,0.9960885261877168,0.8895817726160468
no.biz.diskusjoner,fa421d719968b493,23,1337,0.9907195885522059,0.8253981822550299
no.biz.diskusjoner,fd68a52a55d5336d,15,1039,0.9901456296688467,0.8052142654331295
no.biz.nettilbydere,009496afecbdcfd1,16,1038,0.9946949783795266,0.8784030013235028
no.biz.nettilbydere,023b6d73e19acfe0,11,806,0.9956058461905756,0.856493984103452
no.biz.nettilbydere,04532648fe967f64,5,274,0.9921667791610717,0.8122581793111943
no.biz.nettilbydere,08e84881dccb9b41,15,752,0.9903249555864372,0.8402969262350164
no.biz.nettilbydere,13d781a7da564d19,4,696,0.9974116850635297,0.8709517600617377
no.biz.nettilbydere,15ba257be70208c9,11,697,0.9905237115151544,0.8229922819643576
no.biz.nettilbydere,2ab735c0a1e99068,8,407,0.9957867666898941,0.8609883780475275
no.biz.nettilbydere,2fdf2a97a4e79f0e,8,515,0.9878528523267909,0.8731242463479514
no.biz.nettilbydere,3493aaa4de07faf6,5,329,0.9928448829747686,0.8769320176018415
no.biz.nettilbydere,3818cace4bed9275,7,600,0.9930776936740308,0.8121269036732398
no.biz.nettilbydere,38d1f9aad8f2f978,21,1127,0.9950463473911387,0.8154548784707156
no.biz.nettilbydere,392dab3b2bc2df8d,9,595,0.991622621559497,0.831941796853346
no.biz.nettilbydere,44e63e798031845c,17,1114,0.9949627661430726,0.8356748756132782
no.biz.nettilbydere,5848fd4cdb0c0fa5,7,433,0.9893543325931208,0.8561342477986535
no.biz.nettilbydere,5bd39ffdbea0ae5f,11,511,0.9910581122945405,0.8587328463026704
no.biz.nettilbydere,62bce643545125fd,3,333,0.9910287865647827,0.8429093911131227
no.biz.nettilbydere,6ae501e1bc1f70ef,26,1349,0.9938075929765143,0.8789105469872778
no.biz.nettilbydere,6b93520f0e0c2844,8,391,0.9918103182522416,0.84859160885725
no.biz.nettilbydere,6d0f896050ef349f,6,586,0.9900903801944703,0.8902396528019192
no.biz.nettilbydere,741536d50c742655,4,631,0.9984381190451728,0.854823200380127
no.biz.nettilbydere,7b56269fe855131f,2,411,0.9968881790902973,0.8727730445612112
no.biz.nettilbydere,81f0de54901bcebf,5,801,0.9979061383834757,0.8375864662631651
no.biz.nettilbydere,8811b8048cb21a49,17,1018,0.9936262806198073,0.8124927578975272
no.biz.nettilbydere,9501f8340f2690ec,5,534,0.9927863908532936,0.8025155727177254
no.biz.nettilbydere,9f6cd59d966309dd,30,1318,0.9957436789341343,0.8715595283018158
no.biz.nettilbydere,a02d6a5c6605532d,2,111,0.9822281573508769,0.8457391935232259
no.biz.nettilbydere,a76489615946ec84,11,636,0.9818085225016624,0.9003552071557092
no.biz.nettilbydere,a94c46699cf9e911,4,963,0.9979422243546553,0.8224726769808397
no.biz.nettilbydere,ac6ef799f17404d3,7,588,0.9912146847056766,0.8679955625054577
no.biz.nettilbydere,adb998280c6b4128,50,2042,0.9871033197898444,0.8915089841274159
no.biz.nettilbydere,adcca6fba65a5a2b,3,230,0.9913108077870975,0.867082381375978
no.biz.nettilbydere,ba943d064d957907,7,274,0.988280140864037,0.8319003728086339
no.biz.nettilbydere,c16dad3226877e20,25,1589,0.9921702630857004,0.8029990236818659
no.biz.nettilbydere,c7c60d4837be0bfb,7,475,0.9843927887478335,0.841118228561679
no.biz.nettilbydere,dd37d408579c99c0,18,1088,0.996373542995392,0.860000885319242
no.biz.nettilbydere,de9fbb249beea96a,10,449,0.9916140726370126,0.8354276883602086
no.biz.nettilbydere,e27799f423b2fad4,5,749,0.9937792538997422,0.8531495757112162
no.biz.nettilbydere,e7989670e36ea790,23,1530,0.9953277538020299,0.8957483700448857
no.biz.nettilbydere,f2e251e74a7c985a,15,956,0.9924973312716142,0.8198121579637283
no.biz.nettilbydere,f334a9f3a9765b88,8,354,0.9832964314686151,0.8343064549291795
no.biz.nettilbydere,fa7fee6c95a9d483,4,324,0.99514688696191,0.8757921454834862
no.biz.nettilbydere,fbe889517671f9cd,7,430,0.9825663479446132,0.8201344407905714
no.bolig,0148931b13e964f0,12,432,0.9770597113580335,0.812893142661883
no.bolig,08c592ae09ade08f,3,105,0.9884855853762683,0.8052570832273058
no.bolig,0efb0add37ebea73,9,636,0.9947235956325022,0.8101093655994588
no.bolig,12fdbccaf6d53b42,4,267,0.981623570038079,0.7974103779440438
no.bolig,1e2b76fb4f499d02,88,3281,0.9857048222887997,0.8198545451831286
no.bolig,1e6eb625d6b0ac1c,2,226,0.9858272850203365,0.8107518433129534
no.bolig,2400705cfb34e3d1,3,384,0.9813490766775188,0.8237415931111459
no.bolig,2efd1a411914653d,6,262,0.9819517042962564,0.8010695165583295
no.bolig,309826978d71c487,3,117,0.9795188926543412,0.8477746984043767
no.bolig,3374c73500b00630,10,722,0.9857774839424162,0.8478167069188629
no.bolig,3375b1858dbd2c88,2,171,0.9872335973873467,0.8154546905753461
no.bolig,352be3cae543b04f,24,819,0.9598436168362948,0.8023344482820218
no.bolig,416575a13a0b4336,10,434,0.972251841523828,0.824893908504684
no.bolig,430c8e40940ec3ee,3,124,0.9886576520603345,0.8046002012691311
no.bolig,43a1273fbce3780d,1,180,0.999615352621474,0.7964217381756863
no.bolig,4a37ccf41dba8788,16,811,0.9900944574464166,0.799917407651906
no.bolig,4b546ca87b2c33b9,21,1299,0.9887045785042047,0.818744386441582
no.bolig,556f45218730f8f3,1,61,0.9919432425101761,0.7602032121788935
no.bolig,566df8e75b19b6a5,32,804,0.9821762066220961,0.7838409541587941
no.bolig,5b2548fef4aa2ad8,9,241,0.9733901857973769,0.8287140853885764
no.bolig,654292201fe3e902,5,250,0.9721737710461805,0.79625640621971
no.bolig,6ac5cb31da8d33a8,18,670,0.9854918122245028,0.8238745678506484
no.bolig,6bce46dab258dd7f,4,109,0.975262125786458,0.7923378185505187
no.bolig,6f9369e86c1b43a4,28,1142,0.9816913146094465,0.8178674228779715
no.bolig,74be57cd131cd227,4,1797,0.9984629418694344,0.8363330325111182
no.bolig,75e1d1249126acc5,7,295,0.9854355742153157,0.8332580067510917
no.bolig,8b9fed43e9a92b26,38,1746,0.987738225024292,0.8430589538745882
no.bolig,96162238c3bb1eb9,7,290,0.9841941609390654,0.8242270909003674
no.bolig,980fc066e876a0f5,2,284,0.9983969463460991,0.8393533118174745
no.bolig,9dfe25f3bf8120db,39,1599,0.9900220493482967,0.8362554983514545
no.bolig,9e8257e24138a532,13,717,0.9899106268189442,0.8348706339246048
no.bolig,a01659d7e3664bb3,3,165,0.991123266795758,0.8093532999154531
no.bolig,a3fb2f2ad6d00851,13,336,0.9776602971720098,0.7943897450805558
no.bolig,a69ab7fcbbd7fbcf,4,106,0.9844012912258053,0.8265817014132253
no.bolig,aecb4e8d8d3e036c,15,802,0.9850532366015166,0.7960926219612334
no.bolig,b470ab6d9b9163b2,9,314,0.9842950978360447,0.8491643636389783
no.bolig,c1751981d6e6824a,9,365,0.9864872461366107,0.8072816622316358
no.bolig,c49f0e99fd5f6709,6,229,0.9791231853969278,0.8213391366011474
no.bolig,c81fe7f90e06b363,12,705,0.9899243554710645,0.7914759506666181
no.bolig,d542d984fe9aaa14,14,921,0.9948958061498353,0.8124293422683471
no.bolig,dee16530b1263f38,41,1928,0.9935255262753531,0.8480069807174053
no.bolig,df0710bf9076dc74,9,463,0.9854319222764071,0.8546010207062497
no.c,04c9141de4f1bfa0,12,822,0.990557409681337,0.8510354411054861
no.c,09451f82f21f7ef1,1,280,0.9979358885778921,0.8143843201220738
no.c,0f64de07f3a85a7a,11,961,0.9899598984240204,0.8576832801407089
no.c,345cf418a64074f7,20,868,0.9897275455838915,0.8236564070118251
no.c,390db61d0367a00b,12,1176,0.9947246936276746,0.8515117097906872
no.c,42e933bca61fb808,9,349,0.9830004035804418,0.8703108851331234
no.c,4561c2d5c2f18c4e,7,742,0.9950396013023229,0.8496908523448021
no.c,4c38dc36e7336d43,7,1364,0.996192433160455,0.8329565013218405
no.c,4de055962889ce69,6,228,0.9795763897181804,0.8295348799799669
no.c,5547db2b9fe2d71d,18,629,0.9886275439349521,0.8141668409541873
no.c,5a52091031f64dc4,3,261,0.9914981606297262,0.8530091317788795
no.c,5f059d2c015df233,3,211,0.9851607887487884,0.8244411842806811
no.c,5f11732029ad3c5f,14,968,0.9952461781786893,0.8265155097012002
no.c,647bfe531e2da33d,25,1238,0.986176547795652,0.850448067204066
no.c,65c8d2dff8746852,1,249,0.9946001600202883,0.834686377973987
no.c,6893a054c54d8c21,5,921,0.9966775470065741,0.810983698345439
no.c,72d1f6d6489338b0,21,872,0.9942275607115254,0.8071077857007024
no.c,7931a6401e85dbeb,8,519,0.9891237217139339,0.820298930595119
no.c,7ce03b2cacfd5c75,15,1217,0.9970924324352956,0.8473840521784846
no.c,7e420c748b9ee703,11,1079,0.9953934882893894,0.8276677928118209
no.c,88240c7d180ff09c,11,533,0.9834028550561617,0.8035417391693368
no.c,8a2e17e46f9dadcc,9,761,0.9947352049653988,0.8945978539308498
no.c,8c9aa2d0f124a6b6,12,811,0.9941171305886192,0.8307836968277003
no.c,95301ca2b0630a39,1,483,0.9976079134624846,0.8166081296425036
no.c,9b4ac5510635e68d,2,434,0.9976891137040772,0.8248984972450014
no.c,ac1ab2c6289f9acf,4,335,0.9907150512025399,0.8227550970997013
no.c,b38381b88daaeb6b,1,288,0.9995461167614713,0.8298100882027052
no.c,b3afcb76de2314e0,17,907,0.9908309456473604,0.8251590468985616
no.c,b63e933103104b66,10,384,0.9920311328415771,0.8369945105716788
no.c,b88100e88b9eb895,15,2024,0.9946921762201245,0.7854296077967228
no.c,b8b104059c622763,7,677,0.9953581469490704,0.8227369150205595
no.c,bc5d71622557b5bf,1,67,0.9730304959128712,0.8228489850852597
no.c,c55245f52358d633,24,1805,0.9958214611944539,0.8019127075663431
no.c,c6207c40d1a1a93c,2,210,0.9935718283129803,0.8273456475701954
no.c,cfb917b1c243722c,13,717,0.9927203940352148,0.8312207539670253
no.c,d006c8593e4f8907,13,600,0.9896842878975161,0.8477039049118408
no.c,d63b80db3a9103bf,4,298,0.9958803129992057,0.8911474929626554
no.c,d879236f1297632d,8,445,0.997025712353848,0.8545508266024273
no.c,e09cf827cb0a53b8,9,2994,0.998423244042923,0.7860812107109865
no.c,e2b40b4444b6a67b,9,559,0.9957762060632313,0.8298396311870571
no.c,e3480fe7abe92e70,15,844,0.9963441337716055,0.8181489194302611
no.c,fed3b5d82b8179d9,9,1079,0.9963934092484732,0.8255029917785252
no.ef,05eeed97a314d77e,21,830,0.9908149262869134,0.8632058957649112
no.ef,074c823da7bb2c21,22,1595,0.9876424771881983,0.7794601636386402
no.ef,077ef281c20e1f00,9,664,0.994502527099303,0.8283505660037432
no.ef,11fb2a227a6729f1,5,387,0.9844185327099866,0.8308241064293792
no.ef,1e401a043fef5897,76,4065,0.9908264334579814,0.8215020997930742
no.ef,218981bab6ccfcf6,28,1177,0.9927262798145646,0.8501616357646785
no.ef,277ede5c688c465c,16,1382,0.9930518499947126,0.8613841111461257
no.ef,2df8236083d04254,51,2374,0.988840585033184,0.8688650535614008
no.ef,332d5a3ab735f56b,13,1126,0.9934339265996697,0.7990584774936444
no.ef,3736d52810b34132,4,1575,0.9988382026505483,0.8561302131572098
no.ef,43fa6ba6609e1a3a,17,931,0.9922664180752286,0.8388166205036262
no.ef,5516fa5d7b4bf248,15,1031,0.9872316023255173,0.8624555005033017
no.ef,55a8508fe3965048,2,391,0.9990051387496929,0.8160758525089948
no.ef,6024be09b53c4014,21,1162,0.9925677602901727,0.8789586804996316
no.ef,61c743f113a1276f,20,1275,0.9925547455029115,0.828306773386534
no.ef,63180777c68db1d3,24,984,0.9836632715128713,0.8718314641108591
no.ef,67378a60c3433848,10,653,0.9901694391071811,0.8419253650463482
no.ef,67e5367e1a6bba4d,13,994,0.9957211536189254,0.841589596461721
no.ef,67fda4afa3e18a54,9,296,0.9832793593830388,0.8427881160657279
no.ef,6855b69a8da2f665,13,1051,0.9880480705464396,0.8298205638704238
no.ef,6b7e7f828227ce1e,2,57,0.9900134131251095,0.8344042136040587
no.ef,7414ffe0e7261e32,19,1197,0.9853706387189185,0.8405030502976363
no.ef,78c708bb418d935f,21,774,0.9796877644372509,0.8128375823525142
no.ef,826ad8dff64f39bc,17,838,0.9876625312172861,0.8657657939012454
no.ef,85b88c78f860dfea,2,533,0.9913680649596719,0.854853079099564
no.ef,8c888c27213572b5,11,556,0.9920472665862512,0.8776959671239174
no.ef,9cc4ccf31abf6264,18,827,0.979766467441076,0.8391160577035084
no.ef,a5dccb0e0f152751,10,277,0.9764446849389753,0.8278979318130402
no.ef,a66e90fec0eacf66,21,922,0.9894084179311413,0.8455751061473817
no.ef,a68c215a5cd06c9c,8,246,0.9816632403635661,0.8442948120333856
no.ef,a91b697e4dcf6c8c,15,730,0.9870996753188402,0.8053767507948215
no.ef,bd670c56517335fd,13,767,0.9943517392031933,0.8439876792085563
no.ef,c1bb3c8b704663a9,9,296,0.989785272406774,0.8130496915865579
no.ef,c7ca6fc74459a76d,10,492,0.9902056434297333,0.8393882410596344
no.ef,cd7ce51c3d04add2,53,3196,0.99191816422876,0.857282978288236
no.ef,d0f59999b6b64291,5,1305,0.9925477166623813,0.8244841348856409
no.ef,d463cdfe8eeccc5c,24,1001,0.9842694608440374,0.840628582821102
no.ef,d4c30619f9b8a480,1,376,0.9994020073227228,0.7976138152268175
no.ef,d71b35aa8b499560,11,649,0.9917967732992022,0.8260004613177659
no.ef,d73beef6d65379bf,4,274,0.9914004475275323,0.8148077444561698
no.ef,d82c74dd5cd0b98d,2,279,0.9891006933351323,0.8070473886705208
no.ef,e819a67ca3c75174,7,299,0.9880131501778634,0.8079571277037791
no.elektronikk,0792cfddc120b9e3,25,1430,0.9936873836729839,0.8399221964827976
no.elektronikk,230d5fba8558257a,7,408,0.9869315532044342,0.8489269840552787
no.elektronikk,23b0ef7651066085,1,128,0.9994674378951516,0.8556936690157059
no.elektronikk,3b79348e7f893434,13,850,0.9940843173175454,0.8446604178277651
no.elektronikk,3d2cb19591f1c9a3,2,355,0.9994999015671066,0.8502123373811933
no.elektronikk,45303447952841b0,7,134,0.9769281790616152,0.8099543448510053
no.elektronikk,49353a506693f483,5,287,0.9806612466386463,0.8427235027754801
no.elektronikk,5122427f2cbabe30,7,238,0.9752663197549952,0.8078053459514786
no.elektronikk,626fa45bce716498,7,445,0.9971141305883106,0.8469957776809593
no.elektronikk,64b13e7dd22d4211,10,461,0.989915655736855,0.8398894305190502
no.elektronikk,65cb6ba4ac9ff477,11,610,0.9927492259188431,0.8652974452516385
no.elektronikk,6973bd07a827620e,3,189,0.9926004842289526,0.8464752923256593
no.elektronikk,6bf32b72ddaf1353,95,5019,0.9918720156766065,0.8431375692828786
no.elektronikk,6d411383ffe82707,6,218,0.9899187528328652,0.8351580267456645
no.elektronikk,772bc89225ec4978,2,292,0.9840637950370162,0.8528840307584273
no.elektronikk,7b60dbd198597d61,6,275,0.9770867447624975,0.8305863670530717
no.elektronikk,7bb6c980f59a89ed,15,840,0.9922041409725548,0.8624981904775889
no.elektronikk,7cc3d094150812a1,2,1466,0.9996954073120325,0.826310084163001
no.elektronikk,7da7112dcb73efa7,37,1934,0.9936810506356225,0.8290221946808144
no.elektronikk,810b56f813acdde6,1,112,0.9967431124100964,0.8276507584973662
no.elektronikk,84ddcb321b2cdd47,3,326,0.997172333467599,0.8212900350750753
no.elektronikk,89efd10b1ceba3e9,15,1283,0.9944674076403986,0.8588598292085073
no.elektronikk,9356a0a518ced6e6,11,358,0.9713424427075074,0.8332266353531389
no.elektronikk,9395ef7b52417e78,2,311,0.9960526614169608,0.8488443336996194
no.elektronikk,939d447afe43873b,2,466,0.9966313561522663,0.8121620589942274
no.elektronikk,97e667fbad09d8d7,15,1252,0.9869850853118456,0.8671222339413831
no.elektronikk,b207d2020a0b3659,3,410,0.9977544200153463,0.8556324996086517
no.elektronikk,bdc00ccf57f47fa3,42,1884,0.9944560877443652,0.8053187167149993
no.elektronikk,be68478197393764,16,769,0.991622796260164,0.8321015007519965
no.elektronikk,c45130744207d8b6,8,1213,0.9931915680891112,0.8106852283112923
no.elektronikk,c519b292fc564f81,8,515,0.9847405624116871,0.7853870335533186
no.elektronikk,c70216a1f4e6bc9e,3,359,0.9989769371878883,0.8217154956052986
no.elektronikk,cae74e2e2707333b,24,2105,0.9964932324874871,0.8498154485621522
no.elektronikk,cc901e73c7a80cfa,8,635,0.9886847814606197,0.8414684124869056
no.elektronikk,db38f0cf95758cb7,10,304,0.9837758361684014,0.8093010238174668
no.elektronikk,e2b89f23078ad66d,5,687,0.9936653609900463,0.8469595463982302
no.elektronikk,e34b65787293c627,5,464,0.9946618061780224,0.8547037577266001
no.elektronikk,e452386bfaaf7701,1,104,0.9957272786804515,0.8622344506276036
no.elektronikk,ef6a2a9150e60137,26,842,0.9900590748232725,0.8187313669831485
no.elektronikk,f1eb148ac78b8aa5,4,168,0.9742006236215098,0.7913033101107735
no.elektronikk,f5fd0eff0a5226e6,3,202,0.9873611599738296,0.8495700273584765
no.elektronikk,ffbfa3600eca871d,3,222,0.9882044772826363,0.8406019166296544
no.embnet,089150b7f4b9b2ae,8,516,0.9952351029939485,0.8626434254635442
no.embnet,094208ab4d0f6b24,7,152,0.9666895474348097,0.843761802222852
no.embnet,2301b887ea157f94,4,239,0.9909291001993883,0.8431913332959341
no.embnet,6657f55fcad14abb,7,937,0.9790731468706746,0.8351601281313034
no.embnet,83577db16a6d4543,6,702,0.975765709523229,0.8236059169095551
no.embnet,88792ffeeb39f47d,7,774,0.9934193579449483,0.8299472533493043
no.embnet,94c74d7b8995bf87,4,565,0.9789817526097666,0.8028987480355018
no.embnet,b18017857b1ff45e,4,167,0.975484606965943,0.8219788184782638
no.embnet,b27ac44e484b5549,1,86,0.9923395690527604,0.8159932929096142
no.embnet,ca066524672da8e2,7,160,0.9842020110178888,0.8660996620734197
no.embnet,ece4969ff89ce19a,7,774,0.9934193579449483,0.8261374363255074
no.eunet.diverse,00297bb9498cee30,24,1223,0.9937368586029298,0.8110994910158176
no.eunet.diverse,07b877a52faf34e0,24,1197,0.9896867829769276,0.8223983606842129
no.eunet.diverse,0a15dd32b354536c,10,432,0.980857778291272,0.8126424174153548
no.eunet.diverse,14c1c7a524e966a5,23,1055,0.9767352350787742,0.8434028836519777
no.eunet.diverse,1bf69ea23cddf9f1,6,207,0.9836954569067194,0.810317536606916
no.eunet.diverse,1e47215b6e2a8cd7,15,1436,0.997051651039048,0.8589570105925604
no.eunet.diverse,266522e8ce8f972c,5,530,0.9938661635510125,0.8619955746106872
no.eunet.diverse,31ad37d2910871a8,5,525,0.9915424386529909,0.8623264828185865
no.eunet.diverse,35e27d3ef6efec8a,2,84,0.9908604304260705,0.8209231112359797
no.eunet.diverse,4f0c1970c005a466,17,852,0.9896246394256518,0.8950452850969233
no.eunet.diverse,539ebc6727664ef1,6,722,0.990298812272117,0.8520180994793184
no.eunet.diverse,5575e6c0194e00f1,8,588,0.9934094442776562,0.842822385904906
no.eunet.diverse,57992437d92f13c0,2,469,0.996677115456073,0.8099744292842346
no.eunet.diverse,5d78330204e4460f,3,276,0.9922307075571379,0.8099479310809656
no.eunet.diverse,6bf240af3f5e3a81,9,421,0.9820750681351222,0.8027676191835665
no.eunet.diverse,719a6168869134fd,9,792,0.9941319469513966,0.8344455955000147
no.eunet.diverse,72eedc433628c4c7,7,251,0.9806305543002058,0.8244050011371117
no.eunet.diverse,733c806af3e3ac65,4,270,0.9870397889540256,0.8356796089434839
no.eunet.diverse,80b3f947eb663c17,7,550,0.9908460012239361,0.8654068191013399
no.eunet.diverse,87f3f7e1f92e15fd,10,357,0.9881189629743549,0.8116075246783784
no.eunet.diverse,8e5169c26f2eb852,8,546,0.9929747812824182,0.8823199022422105
no.eunet.diverse,9139903fc515f53a,21,885,0.9868328018068001,0.8457376020543075
no.eunet.diverse,92f3c376db08a62d,11,659,0.9950409344704843,0.8017749781432529
no.eunet.diverse,9b14b3e68390e8b7,1,125,0.9993483361305834,0.8264625606828965
no.eunet.diverse,9f072d3423c5e397,9,387,0.9892415656553507,0.8351362620301167
no.eunet.diverse,a99de037276e0734,4,175,0.9811774912147524,0.8554838326044544
no.eunet.diverse,b55cad6773bb84ea,40,2981,0.9933355573634706,0.8269721804766875
no.eunet.diverse,b89cb8f07c5a8b7d,11,865,0.9943917052027835,0.8272231208147166
no.eunet.diverse,b9cf632f16e9c97d,13,832,0.9945608132991793,0.8434680570377366
no.eunet.diverse,bad58bd24b228a08,120,6718,0.9946117616186904,0.8598940758821182
no.eunet.diverse,bd1dbafd609d563e,22,1549,0.9969892739769844,0.8503003489941193
no.eunet.diverse,bf5a4024cfd8d810,3,544,0.9968068903965958,0.8252183929255823
no.eunet.diverse,c75b587bf2b6a568,7,931,0.998628246521854,0.8302480156898833
no.eunet.diverse,dcc4f161359fc198,52,2567,0.9909954720655567,0.8409647295685322
no.eunet.diverse,ddd74d042b9240aa,4,316,0.9914295268909906,0.7983251970723523
no.eunet.diverse,e265781a912e054b,4,423,0.9982574573156457,0.8602548641805567
no.eunet.diverse,e2ac7d2806ecfea4,6,637,0.986855273518847,0.8441326816977157
no.eunet.diverse,e88c223dc4cdb79b,2,180,0.9799050245441091,0.8604418547184092
no.eunet.diverse,ea3f1884c28feded,44,1737,0.9919379480523138,0.8257452395028704
no.eunet.diverse,eba470385686db0e,8,948,0.9940416245229785,0.8551971222158452
no.eunet.diverse,ef99d246046c7324,10,598,0.9929206352539234,0.8382089244590436
no.eunet.diverse,ffa9f50337969289,1,141,0.9974305649087298,0.8760073101619504
no.eunet.drift,00337390b47789e2,34,1331,0.9935937353696349,0.8559396139407278
no.eunet.drift,04f14ffc7ddc1f4d,13,900,0.9964691444682989,0.8345312745650546
no.eunet.drift,0824266eeeaf664c,3,208,0.9760702313050087,0.8337508101307219
no.eunet.drift,13a46a19859c866e,12,496,0.9883660758253624,0.8105268436522663
no.eunet.drift,156a6440d66e7f68,3,219,0.9811007926077666,0.8409399637063116
no.eunet.drift,15bbeb01f75aa559,12,815,0.9928601946047715,0.849327026544552
no.eunet.drift,1bf61948cb197055,23,909,0.9847097693617971,0.7978203276107034
no.eunet.drift,1c2d1235f3e74bab,3,190,0.9852066529810769,0.8344961652848215
no.eunet.drift,1d895f56fba10b40,25,1543,0.9833325733743356,0.8814897011180761
no.eunet.drift,273f2efd8fc0c0a6,1,1178,0.9996058748818616,0.8228217839335348
no.eunet.drift,33eac2677706a67c,15,901,0.9847448594686921,0.8732958225468442
no.eunet.drift,36347e51b2e564de,51,1965,0.976995101290735,0.8205664240672276
no.eunet.drift,437cdbfaa6f12bae,5,140,0.9652280052743406,0.8243126873426561
no.eunet.drift,77ea86f3a58fce04,20,1250,0.9943289694165118,0.8354049100391961
no.eunet.drift,7afa668d35276a67,14,751,0.9933219357027412,0.825975284014395
no.eunet.drift,7de69c8534380d81,9,554,0.9895830518739199,0.8327095253595203
no.eunet.drift,7df964e640c8b701,6,402,0.9924513382350212,0.8697708566181449
no.eunet.drift,7f3aa7f6eb173253,8,205,0.9638432299766226,0.8106562905057271
no.eunet.drift,87fd30b4f264bf69,5,474,0.9955697989875363,0.8627054487030088
no.eunet.drift,88bcee9678a00186,2,285,0.9977708307035785,0.7900387470537275
no.eunet.drift,8b2f66f51e4f220e,5,326,0.9875389670558496,0.8647167558448318
no.eunet.drift,8c0b47a6689508f1,7,493,0.9967309037970341,0.7954119986393893
no.eunet.drift,8fbc2c962c8dcbfa,18,718,0.9902429665906839,0.8332637301284562
no.eunet.drift,9d4de467752dd399,13,548,0.9865340959038853,0.8413944907769074
no.eunet.drift,a3a99c23194dd693,5,234,0.978693035739185,0.8557349719148352
no.eunet.drift,a72f588a10ea3093,10,321,0.978596214559842,0.8371686425385718
no.eunet.drift,ab07163b0c6c1cd6,14,517,0.9885964386860958,0.8467795890246843
no.eunet.drift,ab713759d6c44967,17,794,0.9891405701554445,0.8059472155489898
no.eunet.drift,ba78f50379cd7bec,9,763,0.9906589703346991,0.8889646513284613
no.eunet.drift,bceafb54c4ff5c34,9,604,0.9867854895897796,0.8418006134680283
no.eunet.drift,c477e7c277b7f6cb,45,2055,0.9892267495737059,0.8710940126509898
no.eunet.drift,cdad743b0c1939c7,17,792,0.9889130824002125,0.8936533572392004
no.eunet.drift,d1eb8c8b66fe2c87,16,704,0.9864488529108996,0.8408852596775597
no.eunet.drift,d2e946286dcea549,61,2913,0.9893889773227373,0.8723423161313576
no.eunet.drift,d81f22dd7ce599fc,10,575,0.992636168110108,0.8711598917464879
no.eunet.drift,dec4b1f926c98298,9,376,0.9907905670561631,0.8285405302486741
no.eunet.drift,e0d946b640db40a9,26,853,0.993332168501862,0.835490234333909
no.eunet.drift,ed875a909fdf44f0,18,757,0.9914244735362452,0.8504491937268625
no.eunet.drift,eee755494c6232de,19,1443,0.9916672561388218,0.8561593520334141
no.eunet.drift,f1c3434fc5519f5e,12,709,0.9889144112257111,0.8650946183033316
no.eunet.drift,fd49c0f6833e70b7,20,1125,0.995565519126753,0.8365568045611987
no.eunet.drift,fe0b6ed5d48c733a,5,404,0.9848574662309534,0.8552102340402584
no.eunet.hjelp,069f0ec264497f16,16,792,0.9964139268737717,0.8750144609198087
no.eunet.hjelp,0ecf29929092db0e,5,653,0.9971051741981042,0.8676095729055295
no.eunet.hjelp,1230537d02d1fe92,1,345,0.9995168511404632,0.8408504501974678
no.eunet.hjelp,1b12d3a4009a13ea,8,209,0.9720520994484035,0.8658121563523566
no.eunet.hjelp,1c0da959590b936a,4,404,0.9918366403279466,0.799580587992856
no.eunet.hjelp,1cc386bdff91d1bf,5,241,0.9841492779811603,0.839400938728991
no.eunet.hjelp,26ca38d4eeabc3b3,1,322,0.9994406487611034,0.9017935019260896
no.eunet.hjelp,283966c8c0076bd7,15,730,0.9917826692887994,0.815429929153622
no.eunet.hjelp,2b423f4e99e151bc,10,480,0.989759136249919,0.8195933316931484
no.eunet.hjelp,30a783e9a98b203c,12,470,0.9930948713341474,0.830425052811655
no.eunet.hjelp,3658931cb3b38791,16,737,0.9868422122959961,0.8351425344911668
no.eunet.hjelp,39567d644f8fba1e,15,546,0.9939532465272177,0.7918932295735549
no.eunet.hjelp,44c0825459c01094,6,1069,0.9980624762930124,0.8203813105669221
no.eunet.hjelp,4ab10858005b2425,26,1208,0.9918644016700354,0.8392053012081356
no.eunet.hjelp,56d173453bf87a5e,6,469,0.9970340458201152,0.8318342084202173
no.eunet.hjelp,570dcb223c268365,8,345,0.9888159072913383,0.8156166740023193
no.eunet.hjelp,6351840d543a144a,43,2370,0.9944314608996121,0.8365595123793301
no.eunet.hjelp,647f7ceaaf7df8fe,8,265,0.9805830783461529,0.7990307791679451
no.eunet.hjelp,73ac027c6591f128,6,290,0.9822434145296861,0.8148643955670146
no.eunet.hjelp,880833e37e45b4c1,7,347,0.9868667277779221,0.8305628547588442
no.eunet.hjelp,884eb8c861079d03,10,668,0.9953956882186646,0.839318837022203
no.eunet.hjelp,8a4d5ab9ec094d92,9,496,0.9735312382954634,0.8577053044598684
no.eunet.hjelp,8e6e46f889c177c6,4,233,0.992476922367611,0.8116237649473246
no.eunet.hjelp,9bab2fd8f919ad3b,6,813,0.9982045359908615,0.8364329239105083
no.eunet.hjelp,9e9e7f95d89fddec,7,470,0.9903326071950169,0.8606635396881646
no.eunet.hjelp,a1a5e4cad228fe2d,3,218,0.9945412238990982,0.8409723299226968
no.eunet.hjelp,a4b16bcdf63e6b83,5,283,0.9862397821893023,0.859365715754848
no.eunet.hjelp,a74a9b59a8e1529f,8,441,0.9913836371993133,0.8275961683948487
no.eunet.hjelp,ab548a12cb785023,43,1494,0.9921811088883412,0.8309934873253333
no.eunet.hjelp,ad372e45c98ea57b,19,774,0.9904164779118705,0.8924543618425667
no.eunet.hjelp,b2e1ec31e5589427,10,500,0.984448166796004,0.8488022024040339
no.eunet.hjelp,c6547a7939772a6b,12,618,0.9916523880179782,0.8339896170347636
no.eunet.hjelp,ccdebc1df98beeef,5,325,0.992224180999958,0.8717045398766187
no.eunet.hjelp,cee808fa104738b9,3,172,0.9884596798700428,0.8298452402464783
no.eunet.hjelp,e1dee594550c0503,15,472,0.9774760809834339,0.8514098136557645
no.eunet.hjelp,e46b0ba9f2cf3d98,2,119,0.9907731841873781,0.8198957034484184
no.eunet.hjelp,eb453b2f7060b99b,19,749,0.9933238380455719,0.8743851358491134
no.eunet.hjelp,ebafe73d7f0ae97d,1,786,0.9993456259478739,0.8082439638604528
no.eunet.hjelp,edf07af7e1f33066,7,245,0.9820746529592084,0.8114007360474621
no.eunet.hjelp,ee71b48235b54bea,4,632,0.9942280241240288,0.8058588841569617
no.eunet.hjelp,f5b98d5642e3e846,12,760,0.9866768825176341,0.8032959952911716
no.eunet.hjelp,f6946c4cd4ef31f6,6,210,0.9887725361652347,0.8300133799980189
no.eunet.hjelp,fb392838e72a179b,7,516,0.9940190148077682,0.8464452086357008
no.film,0ef12890a2f5d644,6,471,0.9909334853871066,0.8250589430364867
no.film,14143138866c1c2a,13,575,0.9884238661392907,0.826254266614146
no.film,1b509d56d2840e56,5,597,0.9913936811011428,0.804089036544331
no.film,2940a01e0a0adee9,1,162,0.991349925822741,0.7883079842841872
no.film,2a5964f70b4deb1b,3,88,0.981194069991046,0.8110064849911702
no.film,2b193f5bfdb39305,1,48,0.9988174154858973,0.8038716549681402
no.film,2cfa50ab9f630291,3,647,0.9958381931706254,0.8143818639233082
no.film,2dee247a739dd608,17,1142,0.9952164429292372,0.8171976581813856
no.film,2f354c5d2b994ca8,14,907,0.9896099686692792,0.8493355471349825
no.film,3fcf72c5ed07bb71,4,546,0.9936259106540667,0.8528992228089336
no.film,40caefc8a02344ea,13,825,0.9925409568324775,0.8214831882735233
no.film,44bc59bd1c77fb6a,3,275,0.9909206819010336,0.8198380344605312
no.film,513959d2746e4c1c,3,605,0.997951430734112,0.8754664026217943
no.film,51a1cf97c259842b,5,429,0.9952485575467988,0.8409405269542741
no.film,529eae34e2a394c3,38,1867,0.979977133517524,0.8335373017486531
no.film,559337c9207a5ab7,5,486,0.9952126530232136,0.857310430611135
no.film,5840df297d2ba16b,10,536,0.9913902618835424,0.8768827500936492
no.film,5b3390b0b07af53e,8,824,0.9963790736228144,0.8534757004444425
no.film,6eb715a2419c0619,22,1212,0.9926111066778838,0.8106914097539173
no.film,71b3e1fe51ccc039,4,528,0.9933035237467946,0.857789912307367
no.film,7904ea5bc4b86959,3,314,0.9907608237640325,0.8461177948002296
no.film,83ed1e5c82e9a873,13,883,0.9930545390503175,0.8564127035869091
no.film,851c3429bfc0e7c0,5,699,0.9942500912572265,0.8020448122882392
no.film,8a81e8c666cb2e10,5,250,0.9891810260693235,0.8431442476297601
no.film,9a64a692ad92383f,16,1033,0.9892169986033651,0.8453137425669252
no.film,9e0296b0dcb53703,14,1364,0.9974718830819225,0.8253910068690455
no.film,a129518dd563f89e,11,488,0.9906578737810506,0.8080402920209806
no.film,a1e8bafcdd521524,11,730,0.9939914360204879,0.7915967863586596
no.film,a8b5fabcb7847ebf,2,31,0.9706126955326486,0.8529721630383719
no.film,a8ebb1babb1afba9,8,407,0.9893797112344158,0.8235906141222982
no.film,b58c643c9e75303d,1,348,0.995547971341602,0.8150040182913242
no.film,b6e004504b679244,16,1128,0.9929091002064899,0.8128911040626814
no.film,b82e8c96bd3036aa,28,1400,0.9861334062614332,0.8435097004101957
no.film,c3aecdc2d0789a15,2,425,0.9960905525967545,0.8554759342483699
no.film,c9c863a7d2a3e980,2,130,0.9791569500056433,0.7962078146756897
no.film,cbad9d0cfe4609cb,7,563,0.9908514136756819,0.8265371895123155
no.film,cc3f8500d223d854,7,374,0.9888697293414199,0.7994120952881667
no.film,d7a038c6674c7588,5,649,0.992974112361295,0.8486492809962034
no.film,e0c07b4531b60196,2,184,0.9922248676776266,0.8165829215309078
no.film,e1b04e143ebf1200,9,457,0.9943065882690418,0.7975471888829455
no.film,e331ac19ff49774f,1,669,0.9997031795994842,0.8634803749505137
no.film,ec115bd5644f098d,6,1226,0.9967312626499437,0.8487833737315318
no.folklore.edb,09eeee7007902598,11,1581,0.9940721509613901,0.8201828334694414
no.folklore.edb,0a819bcaca7a5a98,5,204,0.992101832747625,0.8740992073749896
no.folklore.edb,0e304271cee49b0d,6,587,0.9966509363679636,0.94237826036107
no.folklore.edb,12ff17530f62ba27,2,500,0.9975428699760659,0.8534503297362377
no.folklore.edb,26ae16e9fc2524b9,6,512,0.994350963313795,0.849581465841615
no.folklore.edb,37f09a16650dfd72,34,2245,0.9958057035815,0.8904432427319711
no.folklore.edb,4567434ffd04fc35,68,4441,0.9918523912870597,0.8337953073059269
no.folklore.edb,4dc51694610dfc9f,4,1555,0.9970512795131111,0.8577008829735717
no.folklore.edb,4e2b64f01d59899c,41,2617,0.9967718296732507,0.8699435662220673
no.folklore.edb,55e718b885c2761a,7,392,0.9860618226486764,0.801530179192891
no.folklore.edb,605dbfca738b5d9c,1,419,0.999325377898261,0.8388965537156609
no.folklore.edb,6305c7d8264e5c44,3,328,0.9896204681886422,0.8288679987415214
no.folklore.edb,635c19e80355187c,2,177,0.9900264290627864,0.8431573956915892
no.folklore.edb,7604cd56206b6e93,6,241,0.9905381942524313,0.8337173208390894
no.folklore.edb,7936c7ea7aeb2753,1,353,0.996398723163253,0.8593947536343727
no.folklore.edb,7e08933b82fb743c,29,2124,0.9929215117857464,0.8676781172800665
no.folklore.edb,7f16ded9206e1ed4,3,261,0.991644983222383,0.8345588724404468
no.folklore.edb,7fa8968376dd2b44,3,456,0.9964356563750864,0.8343926767259592
no.folklore.edb,829fd4ae94f59764,19,1008,0.9904952504948299,0.8312641648986858
no.folklore.edb,87570e94e817e152,27,1005,0.9904728890929826,0.8693777073057511
no.folklore.edb,8d2a01f57aba2723,4,341,0.9970297791708815,0.8274119771945114
no.folklore.edb,8d4894b084bfde2d,14,1108,0.9974946664137186,0.8495067054444337
no.folklore.edb,8d745f994a95924e,3,134,0.9909251837051033,0.8269718390216462
no.folklore.edb,9157d1a2ab3c31f5,4,657,0.9946914770841263,0.8855834126049833
no.folklore.edb,93dccbbe91b6afc7,1,262,0.9985963724125029,0.8495909254495358
no.folklore.edb,9a3ab4e140893a93,10,707,0.9954906440767927,0.8168262419858743
no.folklore.edb,9b50348ae8b2376a,24,1189,0.9903395647669831,0.8494658451514993
no.folklore.edb,a003f453bd06c849,12,816,0.9928707136230098,0.8496294079636718
no.folklore.edb,a7d86f6883560de6,8,703,0.9921444405712837,0.8352985021252499
no.folklore.edb,aa06a3ff4e9b14a4,1,208,0.9989712008890882,0.8071066827542452
no.folklore.edb,aa358175f31f0f6e,22,1343,0.9881431713650302,0.8250483630956814
no.folklore.edb,ad7868279dd54a59,8,555,0.9898290018557129,0.8685855545240517
no.folklore.edb,af210f74c429a831,8,642,0.9947466393967113,0.8072466485033853
no.folklore.edb,b7cf0d208d4ae220,1,1973,0.9995320064609612,0.8306218399217614
no.folklore.edb,dc0e960e43ee78cb,13,712,0.9948286525462633,0.833723996632343
no.folklore.edb,dfa46d3cdbc02408,7,357,0.9897161738544757,0.7992917682097621
no.folklore.edb,e9d0580de0a61d8b,8,364,0.9898067957695534,0.8727898565640425
no.folklore.edb,eac2cd08b4f8b274,9,759,0.9933238658455996,0.8623989147911129
no.folklore.edb,eb5c71d81dbb09c0,3,486,0.9963756932112333,0.8308218966979676
no.folklore.edb,f5c7faf237b671e4,2,1445,0.999693745430098,0.8600411487569153
no.folklore.edb,f8b499037050a332,3,609,0.9952729693962585,0.8211917611826042
no.folklore.edb,f960f19943d18b00,10,848,0.997258003407005,0.8535586285649341
no.folklore.generelt,2c40c536cad93948,9,1039,0.9956880614070163,0.8345282563680324
no.folklore.generelt,323313c3b8507656,11,549,0.9937629166847142,0.850873465763859
no.folklore.overtro,54c788ef65b9e27a,8,644,0.9933183463822532,0.8185301536409443
no.general,0b43aaa1b48c65b7,10,581,0.990148716635421,0.8081492905256197
no.general,0c7f1a7f3c8c64c4,6,278,0.9880719602654479,0.8322131928737442
no.general,0d72bdd3813498f4,14,646,0.9893601741244118,0.8399687340737103
no.general,172c24fd7e71e3ef,36,2049,0.991912838555777,0.8478831048500189
no.general,17c05e4f574ff403,4,364,0.9924107594830462,0.8730456162369665
no.general,1a8c9a5db877cc63,4,319,0.994261924328812,0.8215460548096775
no.general,25bd8237eaa5c6a4,3,612,0.9997195999824807,0.8473605114967854
no.general,29289d4582cbdc24,3,162,0.9969085676410077,0.8283044829385813
no.general,2c0900a8e80c7be4,20,1213,0.984946834309895,0.8879048809233957
no.general,2ee3816eb0449dd3,6,701,0.9978813843437683,0.8512860184461376
no.general,310548f8c247ba4c,35,1832,0.9805895844096076,0.8131992495257929
no.general,31e8efe63283d29b,42,1840,0.9927766716641772,0.8304892032489726
no.general,36927123da38b034,4,311,0.9929298594959737,0.8579990378168776
no.general,4e11fe534279ebfd,5,202,0.9857456092373186,0.8389854803759432
no.general,604c35acb9047fc1,2,151,0.9726505259689495,0.8627578949332741
no.general,6ab8733bec336666,16,920,0.9942564751242817,0.8095743379038391
no.general,7426a13cae50d0b4,7,957,0.9838475358976766,0.8678892816684989
no.general,790cf6358bc8fef9,6,487,0.9894439081613444,0.8418626441148164
no.general,7ea83f88d4182e95,9,678,0.9960963462299895,0.8326985571397829
no.general,80e4020d725e320d,27,1819,0.995022941362217,0.8603665121954942
no.general,8140a8f6da17875a,1,152,0.9962087635456182,0.8031796504494559
no.general,8231fa620b2de5d2,16,792,0.9815025095120216,0.8220530744489105
no.general,8eb1e2bb6a4ac21a,9,686,0.9925945455245898,0.8410882536184233
no.general,91a8da319870654e,50,2643,0.9838357246535767,0.9006910480163212
no.general,922c4dcb48ce9651,5,198,0.9881111720102053,0.8598683242818034
no.general,94c443f7526500d8,6,392,0.9895510405058949,0.8456635222684692
no.general,97d0c81d89919a30,10,628,0.9905516336428039,0.8234573675389462
no.general,9c24cf80df160402,7,272,0.9927371753066839,0.8103137127520343
no.general,a0151313fbd5a0de,13,780,0.9856152997055565,0.8523946372399
no.general,a4d1e65b1777c133,7,637,0.9961140632295344,0.8353087477576823
no.general,a54cb296574e36e4,28,1327,0.9869500733109688,0.8248033112490829
no.general,aef62ebefb9da64e,68,2504,0.9679824529514435,0.8372284183574148
no.general,b27a2c78533395db,7,456,0.9772411993540672,0.871198529056891
no.general,b9251104407ceb44,2,645,0.9996710460749695,0.856908112802941
no.general,bd45a952fc08b6ab,9,525,0.9951152953371701,0.806630502677851
no.general,c28aef0eacbbb455,14,709,0.9908300281159567,0.8338452215742964
no.general,c5ab0c7ac336c096,27,1570,0.9908851813335775,0.855390492158187
no.general,ddc912a9b92d2e93,7,563,0.9915003859716325,0.8519441507266797
no.general,dfedcfb059cac9e8,7,585,0.987925997219087,0.8566436943443076
no.general,eb0dc343cf846cef,7,590,0.9943359639501089,0.8700584360124592
no.general,eda79676ca061056,11,482,0.9876465264771161,0.8034246653189089
no.general,edd7a4a150fe146e,9,669,0.9942726927092083,0.8255832239302341
no.havforskning,050c48e7d6538498,11,614,0.9875020394669336,0.8480323701225604
no.havforskning,062f291d5cb36354,7,525,0.9874951889090637,0.8085052354256766
no.havforskning,0cfee09e5f5c4121,6,481,0.9752191524990278,0.8409436191816653
no.havforskning,0da1fcad3a74bdb9,12,948,0.9967256330814104,0.8654101059867252
no.havforskning,0f30e92c426a27f2,8,291,0.9806857721158331,0.8299122152719479
no.havforskning,282f38bf7e9631b8,36,1944,0.98807040647689,0.8716372298276571
no.havforskning,284c8aa82b195554,9,8439,0.9968853961478106,0.8719552651496375
no.havforskning,2b54efbdb306e5db,3,332,0.9816785939303018,0.8038660335907947
no.havforskning,2edbf24bf7fac503,11,606,0.9847928843821347,0.8114918339436946
no.havforskning,30b216f83f837ca6,3,421,0.9869473420826415,0.829474423954064
no.havforskning,36e79a774d60d9a2,32,1315,0.9859077278698762,0.8252514424760907
no.havforskning,3ef8334fb6f9f61c,4,219,0.9878547361833324,0.8436408308212471
no.havforskning,429be13e26139631,73,3378,0.9915088911683277,0.8376645946875599
no.havforskning,52ebe6e41f190917,2,138,0.9911223023550457,0.8209955408502027
no.havforskning,55f6c97670a53aed,17,2380,0.99008065884455,0.8469083306092138
no.havforskning,5db56660fd810325,2,256,0.9941474681957613,0.8653086983848696
no.havforskning,68ade080b77b8fb7,10,549,0.9870487614055183,0.8057745562592502
no.havforskning,697cd48150061baa,11,683,0.981880147629405,0.8198974114120825
no.havforskning,6d13dca06e977939,4,883,0.9979693276747894,0.8181910424735107
no.havforskning,7c0e9f56cc9604b6,4,452,0.9809834449910315,0.8251048534858386
no.havforskning,80ccbebcc860b2a6,15,554,0.9848817726391684,0.8096924541960995
no.havforskning,85e5835015eaa490,12,346,0.9847797927695559,0.8127692587304017
no.havforskning,8a7232e3611e61bb,12,946,0.9935023739707746,0.8633801155349657
no.havforskning,921c30d8aa9d3cd5,12,599,0.9935593356356207,0.8561102393811595
no.havforskning,950069db70ca071b,4,469,0.9942924938896062,0.8237802151675118
no.havforskning,9d3ab214b7fd7694,3,770,0.9947204815544989,0.8874374484263648
no.havforskning,9f9549d2ecbf2dfa,3,98,0.972918063160633,0.8012455902464323
no.havforskning,a2663295d982351b,7,359,0.9714773431499688,0.8108337158513098
no.havforskning,b24045b130714ff8,11,623,0.9894911130646576,0.8869955822227932
no.havforskning,b51c925672929484,2,298,0.9658536390806111,0.81252586569028
no.havforskning,c588e91890195a05,2,455,0.9882443746286492,0.8428638787953451
no.havforskning,cc56c2c39981a553,11,627,0.9869047547666483,0.843186217412213
no.havforskning,cc8b1f49908239c6,5,195,0.9835716986267291,0.8064028654175613
no.havforskning,d0bc0516042a6868,10,374,0.9885704433218377,0.8503528623957374
no.havforskning,dc68eba1903a00d7,2,3578,0.9969829622816151,0.833084382448479
no.havforskning,e0754f9318368591,3,332,0.9816785939303018,0.8174713925205345
no.havforskning,e4bad957fabb0992,21,1080,0.9903918093099993,0.8382314519925845
no.havforskning,e609424e350f4a63,9,444,0.9904585647970876,0.8574199365002381
no.havforskning,e88b2a7adf9ba6fb,4,130,0.9887761161292977,0.8061519899236331
no.havforskning,ed02e230a06fc49d,10,591,0.9809712966918571,0.7982859311416414
no.havforskning,f5ecab1373d57085,17,485,0.9753222232096975,0.8346444944027386
no.havforskning,f6b92d96df48f5ba,11,580,0.988078984946717,0.8186150794725165
no.havforskning,f9d351755894567c,9,567,0.9899719032860292,0.8318541255779257
no.hobby.diverse,00950be5a2296066,9,365,0.9897083311922675,0.8153636760964984
no.hobby.diverse,0b7f4a723c6dd449,2,132,0.982824768556096,0.8130470668895184
no.hobby.diverse,0f4e089126b25633,10,658,0.9935176561988648,0.8389109850711358
no.hobby.diverse,163f1883f39b7a08,10,404,0.9928912460225698,0.8312954649427386
no.hobby.diverse,25d298330e01ea43,13,1025,0.9913539936023787,0.8087486146937465
no.hobby.diverse,2cdb62a7cdf9afb8,5,272,0.9960627906550024,0.8181924518679965
no.hobby.diverse,37476f341a2af473,2,87,0.9727581040494597,0.7942392299450529
no.hobby.diverse,3b0ae4f6b27d9cca,3,130,0.9718770243605511,0.8117461560015682
no.hobby.diverse,3f338cb38b49265b,8,289,0.9837164400016206,0.7915592826433689
no.hobby.diverse,42ec42491975f661,1,169,0.9956352559952011,0.8145930280198279
no.hobby.diverse,4847d0dd745ffcc7,28,1185,0.9899170819066254,0.8316283242856508
no.hobby.diverse,49639a4e634c1076,2,71,0.9825390591324055,0.8283308802125345
no.hobby.diverse,4f5280887b803ef8,1,130,0.9776693686134725,0.7946631335930638
no.hobby.diverse,4fd3f5810d9c1173,11,1022,0.9942102152501152,0.8076654847221542
no.hobby.diverse,551504a7633b1e7d,2,350,0.9899934769833881,0.8561792199310354
no.hobby.diverse,58001c01a6c2c76f,2,147,0.9923215552574647,0.8293881286123507
no.hobby.diverse,5d6cd5db093b9c0c,39,2366,0.9921615961371136,0.873659888842687
no.hobby.diverse,5e736d750b664eed,8,324,0.9873358824600784,0.8389648250187208
no.hobby.diverse,6e64d51ab3ef5ee0,6,353,0.984270870173229,0.8807366272338829
no.hobby.diverse,76815f5f61346751,16,1216,0.993770544820031,0.8119715751588639
no.hobby.diverse,783d8e026ded40a7,8,457,0.9904410614469208,0.8455609495324296
no.hobby.diverse,82cf63e432a7eb65,8,635,0.9932680679758562,0.8469780181922624
no.hobby.diverse,96e35f58eab9110b,7,614,0.9967771626936325,0.8497365058932884
no.hobby.diverse,98c3be7790acfbf7,12,444,0.9886651740837139,0.7873154218534494
no.hobby.diverse,9cace28fa0751616,7,369,0.9690895831750146,0.8423452879464751
no.hobby.diverse,a13407391e29d0d8,6,481,0.9922238328178282,0.8543408088297447
no.hobby.diverse,a75a86091418875e,12,513,0.9819011159192336,0.8087975499703106
no.hobby.diverse,ac5d6d7f54dac9c5,5,245,0.9877738380843515,0.8163054766220325
no.hobby.diverse,b3f12efd6a1ee2b4,6,358,0.9869072456101855,0.8084192904962177
no.hobby.diverse,bfe4c9c59c47fe3b,6,353,0.9939148214405138,0.8260044448392396
no.hobby.diverse,c2a955540650c917,1,202,0.9992446782626172,0.8221339629866131
no.hobby.diverse,c3b7904139be6a53,23,975,0.992721235746934,0.8091338134099737
no.hobby.diverse,ce6d2c221bf782c0,4,196,0.9931737236658008,0.8732969216972012
no.hobby.diverse,d7027e68430d3702,2,182,0.9982816137595307,0.8237751165339592
no.hobby.diverse,da8b9e080cb65e8d,6,448,0.9839710053865325,0.8314370142424626
no.hobby.diverse,dc84b0e901c766c3,12,715,0.991931060111523,0.8356624959613377
no.hobby.diverse,e06b44166b2d4cb0,4,553,0.9949650413423176,0.8276451601865885
no.hobby.diverse,ee9943b42d4d7c00,1,45,0.9829906927450136,0.8793856586068676
no.hobby.diverse,efbb2fe5eccf26e7,5,194,0.9814175186618243,0.8327230792964416
no.hobby.diverse,f20cc9d75affb627,4,824,0.9974719811759764,0.8354422081995919
no.hobby.diverse,f7efe8c56e2c3757,13,421,0.983005023449233,0.8457495008922321
no.hobby.diverse,fdd4e877e55ebea0,15,955,0.992592135662142,0.8541512390052501
no.irc,0a15a6fd75509721,6,476,0.9942638480112821,0.8170393676607755
no.irc,137c58b2fcc1bbdd,22,1670,0.9966001675125461,0.8376526231501161
no.irc,18b5373e1505f254,12,1109,0.9893590006498842,0.8875480306322029
no.irc,2865f2f1ebcbb4bc,17,1085,0.9931964873069147,0.8352990461000673
no.irc,2c743d1b948d2091,8,518,0.9889889171903339,0.8795926094087022
no.irc,326829532bbaeefd,8,1027,0.9955268096219045,0.8278902960857992
no.irc,3580f47c6a8cd83d,18,1012,0.9959346097784709,0.8949760997109659
no.irc,41b8c221dae46785,49,1925,0.9929608612388852,0.8380853517338193
no.irc,4516f1f7be43981e,5,518,0.997855671566441,0.8524915092461411
no.irc,4d73c65d8f5f0cb1,17,680,0.9924801531257904,0.8243388599666955
no.irc,515f4fce9f9026a6,13,908,0.9945250448118961,0.8594075756948671
no.irc,528f17941cab0016,12,774,0.9915800569237182,0.8483503822571633
no.irc,5c5cb296228d8935,12,599,0.993561047908196,0.7970203428533069
no.irc,5c780cb6c97d4da6,38,1677,0.9892908538004775,0.8810276534896112
no.irc,634458ca66f09a59,2,681,0.996573758020468,0.8549132200108406
no.irc,696bc25b40b4faf3,3,372,0.9936382313899668,0.8336185379247593
no.irc,711bba4f5298ca2b,31,1136,0.9867861419965294,0.7907815751235128
no.irc,7605eef9a7d93544,3,600,0.9982935125336244,0.871955980391029
no.irc,776d0262a8c1102d,5,314,0.9880850464223503,0.8618412952182075
no.irc,783666650e6d13e2,4,291,0.9921030773039236,0.8109254090336323
no.irc,92ac3062ef1921a8,7,386,0.9884051345849567,0.885216043805052
no.irc,9d98dc068d798dcc,11,573,0.9912580952849978,0.8280079791982022
no.irc,a95534bdf471ca85,13,594,0.9898221625002104,0.8638702023124072
no.irc,af44e11bbcc0433f,2,259,0.9982368535643844,0.8425612000932249
no.irc,b3a284e836a99088,7,783,0.9968457916726542,0.8333534441762619
no.irc,b6fa247a7827f30f,13,655,0.9933180288793529,0.8450173471512837
no.irc,b77081a91fd88a28,3,388,0.9929237497196027,0.8490250844652777
no.irc,ba3071cffeb20e13,36,1308,0.9906412142134116,0.8153539928410356
no.irc,c553a6970ccfc1a5,5,240,0.9880202045570503,0.8557628308283134
no.irc,c8a0e49317d82a8f,67,2216,0.9854045913891083,0.7833873690498705
no.irc,ca3dfd6f60e8871e,13,914,0.995646482454533,0.8931885098292649
no.irc,cbbb46ed934e7e47,36,1149,0.9898876946654337,0.8392496479367844
no.irc,d54ba10709a8749c,18,1043,0.9952387652753533,0.8206694583259834
no.irc,d94d81fbb51b47e3,15,911,0.9922568423038586,0.8565604685647356
no.irc,dd95308e977f6e3b,2,438,0.9976892842577669,0.8307006987768241
no.irc,dedafc00840fcb0c,7,310,0.9908036610169163,0.8396736313850917
no.irc,e3392379ef59f2e6,2,822,0.9978662463756506,0.870792766137876
no.irc,e8507ff5aae6808b,18,605,0.9933884424386652,0.8773971067428754
no.irc,ec96bc75fb485d54,49,2206,0.989040276544123,0.8665932155856355
no.irc,ed3923ba743f9656,5,506,0.9974449517389137,0.8331782927829299
no.irc,f3150b713bbb6474,4,472,0.9972457684501248,0.8159912666786922
no.irc,fa1e10b7763dd77a,28,1705,0.9950092019343095,0.8859642916719326
no.it.diverse,09feb476388434ed,5,410,0.9953436435167472,0.8473311611904932
no.it.diverse,0b479804bf5aa7e1,6,454,0.993221772465429,0.8208949805496915
no.it.diverse,0ce43742f3202a33,1,112,0.9966669721580199,0.8041013193079369
no.it.diverse,14bad2548c185285,2,143,0.9968996456054383,0.8138841708851745
no.it.diverse,16e403e8edc80666,7,392,0.991470669272853,0.8580137271869398
no.it.diverse,184148bb506487a3,3,120,0.9895046061760568,0.7973757312379888
no.it.diverse,3081beff72550216,7,492,0.9934745050971929,0.8673360736907506
no.it.diverse,31ea1854b9e07ed1,8,534,0.9854305151236483,0.8239992197769626
no.it.diverse,351f1357ab3a4a70,9,421,0.9879210125682572,0.802612524183435
no.it.diverse,44c25a7b59e1f30a,11,804,0.9940289572664662,0.8172461069348412
no.it.diverse,4538957487ee3b2b,4,431,0.9944205592264217,0.8584836405803258
no.it.diverse,4618b48e58be4a3b,9,689,0.9966154066260483,0.8703505715431711
no.it.diverse,4aa90d2fca81cc7a,7,331,0.9836849384199342,0.8219634972015638
no.it.diverse,50fdd5a77a9946cb,8,853,0.9934411193460655,0.8885541897550381
no.it.diverse,5ad9464d41af354b,11,599,0.9882984483617149,0.8192640903638037
no.it.diverse,5f841afa4f456618,2,341,0.9923386094914841,0.8541118147446045
no.it.diverse,62263c1e60a9569a,14,1140,0.9977768300999682,0.8623881379113982
no.it.diverse,64272ff8a7a64878,13,801,0.9918523179896989,0.8508605318084844
no.it.diverse,64f0ae3187974cc3,5,294,0.9897921568008172,0.8193155676411463
no.it.diverse,669063b29158c188,8,589,0.9934843143650367,0.8102356133077676
no.it.diverse,6c43f76d4c031bb8,13,779,0.9972354309301623,0.8462387382854442
no.it.diverse,6d06e9a6c2e643cb,4,365,0.9893895877499463,0.8162229016881777
no.it.diverse,7579ea2dd0dc35df,5,566,0.9916782243759884,0.7889178393258682
no.it.diverse,7b9f60533170e3fc,8,547,0.9847048482206741,0.8576753854571328
no.it.diverse,8368a1c728ea246a,13,515,0.9914512786605331,0.8330995621012137
no.it.diverse,9832f0ca655e8a7e,11,565,0.9867504627686352,0.8459859340017386
no.it.diverse,9c7b8d83a4d323d1,3,185,0.9873318140797717,0.8283752989471107
no.it.diverse,9e6e0760289bc894,4,413,0.9904656619304516,0.850987455513352
no.it.diverse,a62384d0034aacd0,2,232,0.9908837886560726,0.8416625878362061
no.it.diverse,b50632bf3d76a1ca,21,1602,0.9945976624142757,0.8481468465420773
no.it.diverse,b6a2f93b466c28c9,5,620,0.9885082636980886,0.8537430079035829
no.it.diverse,b8db79f868ba43bd,5,464,0.9896642382410151,0.786827133389416
no.it.diverse,bed1180a8808dd89,41,2535,0.9913163302903237,0.836623803177626
no.it.diverse,beeb48e11ca27c91,4,325,0.9942645992839354,0.7995448034343686
no.it.diverse,bfa3bcdec2840f85,4,264,0.9902298922227819,0.8122031572409111
no.it.diverse,ca676311469266ed,2,195,0.996597840615954,0.8210826330829413
no.it.diverse,cfb297db2686f18f,9,598,0.9904223664484174,0.8556507822412491
no.it.diverse,d877ffabd3810293,13,846,0.9923489066125387,0.8322084144001115
no.it.diverse,e013d7dc55fa81fa,5,217,0.9871170970560246,0.8308504763291267
no.it.diverse,e4010badcd79fc18,1,388,0.9992135353880545,0.7402561284833246
no.it.diverse,e54f0adfc8be5ffd,5,391,0.9878797511316946,0.8091469688192893
no.it.diverse,eaa25960737a8033,15,836,0.9883456667435175,0.8120088108308084
no.it.diverse,ed04c11d1a397455,5,345,0.9896569108640383,0.8613510467443206
no.it.emacs,04b7bc724071c476,10,1067,0.9966582542065131,0.8675513939142481
no.it.emacs,0b934994742d2c9d,3,253,0.9968515149715521,0.8509990818889192
no.it.emacs,0cab9c18ffa3d0ac,7,470,0.9852488695895739,0.8509864747416395
no.it.emacs,124c277bf1c63de6,10,483,0.9908204001184555,0.8836230180387881
no.it.emacs,1dad89935122bb38,11,441,0.9870220914302049,0.8627771127110475
no.it.emacs,212130d7892a2cb0,7,699,0.9955483342446482,0.8420464472031471
no.it.emacs,32190382ae2a9c2b,3,210,0.9953391026782485,0.8631436136217752
no.it.emacs,3d250c02e0379a15,2,223,0.9954048742686764,0.8431896517752215
no.it.emacs,4824544ca2e0b69c,14,976,0.9926446538887289,0.8358281079969236
no.it.emacs,4b84a343fd4665c5,9,565,0.9916108552128419,0.8585843002076471
no.it.emacs,50979ad4f83b5c86,1,101,0.9998214942231273,0.8528513034233276
no.it.emacs,52b92f87de25e764,13,997,0.9918348535418913,0.8412473243743108
no.it.emacs,53a697927166563f,2,244,0.9952572487766119,0.8193049628392174
no.it.emacs,56f94abf26d25c74,5,542,0.9925006083196908,0.8336316485656257
no.it.emacs,5bcdf4a0a04d90af,3,433,0.999094370717012,0.8770953868749507
no.it.emacs,5c366c1d629770b4,6,487,0.9934131477538248,0.8537030753904739
no.it.emacs,5e25765e61b1a60d,3,368,0.9892917443225288,0.8569653443789174
no.it.emacs,5ed2352d01e9bd54,6,273,0.9838698475503522,0.8641672062045099
no.it.emacs,632f74432f5fbe29,4,524,0.9964671322491958,0.8379771042228027
no.it.emacs,69a674e5e726d452,9,539,0.993064614276798,0.8318666882668594
no.it.emacs,6cc76c37693bfdc0,1,357,0.9998745281885966,0.8626478431714093
no.it.emacs,6d89f8c150bc4374,4,497,0.9941787386254773,0.8329232510276325
no.it.emacs,77898755373a3c69,12,821,0.9948314735602584,0.82084483622893
no.it.emacs,7ce2a2d568831bf0,31,1759,0.9930188401423636,0.8447809569838195
no.it.emacs,8e786039ab672014,4,575,0.9967321738165178,0.8002966506915479
no.it.emacs,92a15a4c2904101e,11,1316,0.9968345120711236,0.9071100331136615
no.it.emacs,966f411bbec58b4b,3,520,0.9989051725526705,0.9049327307509245
no.it.emacs,b4422018bc665ec9,12,671,0.9954630522557127,0.8195685685496349
no.it.emacs,bf59a8bee82bfeb1,7,759,0.9973798904981517,0.8508587424050184
no.it.emacs,bffa9d98eee2a621,9,469,0.9863098744440014,0.8125518896097248
no.it.emacs,c360a0e2959bcf82,8,340,0.9892239794009593,0.8101984083687777
no.it.emacs,cb7ea1cf67ef2efe,6,511,0.995324943708204,0.8386983666665416
no.it.emacs,cdd2d6d930362879,7,298,0.9892899159067786,0.839580443421193
no.it.emacs,cf449390cdafc018,6,1813,0.9951159559662164,0.8457851218163353
no.it.emacs,d4b23514b0dfb50e,15,754,0.9925741845594396,0.8378561189481298
no.it.emacs,da656d8bb447e88f,2,436,0.9990698115614646,0.8914125034091946
no.it.emacs,db33a810548f9413,8,495,0.9934679948249107,0.8018815857567332
no.it.emacs,e48560cbebeebd9b,26,1006,0.9890451357261127,0.8589574769193601
no.it.emacs,e88cf3acd99453fb,3,244,0.9940628692853327,0.8676666618371889
no.it.emacs,faddeada464795cd,13,908,0.9974087423348589,0.7690533212165326
no.it.emacs,fdb67098fd243bd8,6,696,0.9942995688259222,0.8462860838770676
no.it.emacs,ff24bc181d8f6110,2,152,0.993035831742214,0.8761245066825604
no.it.os.os2,01a3c6909289fd1c,6,281,0.9899530564349625,0.8797592291541746
no.it.os.os2,02a3d5f9b46da28e,14,848,0.9865137669917887,0.828296632961015
no.it.os.os2,02d8035e4932e2cb,9,834,0.99372241519257,0.8363039549707161
no.it.os.os2,2b0bbefeb590a474,7,719,0.9973864625832822,0.8037537369582758
no.it.os.os2,328e6e974fd621e3,17,966,0.9949276204422238,0.8190449938699118
no.it.os.os2,363855b5491f9952,30,1227,0.990218701374796,0.833373924452427
no.it.os.os2,4339c1c59eea8e11,21,978,0.9914661358790531,0.8546599041087354
no.it.os.os2,50dbb2c07091cb1e,14,431,0.984010159429944,0.8204729897356716
no.it.os.os2,51d14d7ed919f11b,45,2420,0.9898196809248957,0.852925145442271
no.it.os.os2,56223739e112d414,19,886,0.985418887744834,0.8337988514363328
no.it.os.os2,5623c4d29dc99180,24,1843,0.9961873971244826,0.8284169058145514
no.it.os.os2,57b3b7ec5c4339bf,13,404,0.9839461643842461,0.8258583583650188
no.it.os.os2,60537ebd70c287b2,9,752,0.9971229239988236,0.859398956562017
no.it.os.os2,609db82762ec9397,4,668,0.9963955273349085,0.8274485151760147
no.it.os.os2,60e8cb3a4c101ddc,14,1308,0.9954388870181047,0.86558578539048
no.it.os.os2,65bd4c7d946c6a47,4,224,0.9956599387692898,0.8835265899047134
no.it.os.os2,6cb05a31dfca4d08,5,300,0.9888722979325812,0.8547070119991068
no.it.os.os2,6eb22fd9e7e2bdbb,11,490,0.9904072265940821,0.82619611473566
no.it.os.os2,717ec16572612757,23,1237,0.9899572116190234,0.8651788598092864
no.it.os.os2,7562e0139bdcd15e,10,649,0.9965807212694837,0.8776832369357574
no.it.os.os2,85415274c16a1773,6,309,0.9929507217877219,0.8525042679659702
no.it.os.os2,8592413d18a00711,9,834,0.99503926293266,0.8276757883693021
no.it.os.os2,93be2d0cd5eb4c33,3,177,0.9950757322638242,0.8667582340750989
no.it.os.os2,9c2a3acb280c3fc2,3,416,0.999068273329243,0.818868758193919
no.it.os.os2,9f3053e57f23f2f4,92,5507,0.9914347882303708,0.8049945779807302
no.it.os.os2,9ff84e2eb9fd5c77,6,387,0.9949305675747047,0.8384699497010617
no.it.os.os2,a2483c8f07c0a926,11,761,0.9895918342013076,0.8396025465495917
no.it.os.os2,aed7a7d42e6abd29,43,2200,0.9925340979614216,0.8420546346272403
no.it.os.os2,b440e21330e805e8,7,437,0.9906709314051658,0.8527340934952437
no.it.os.os2,bf3d30e2a03ffc1e,5,317,0.9944658590504644,0.8510184049227919
no.it.os.os2,c06b39ccab85935e,21,1004,0.9900844208950103,0.8528434112861587
no.it.os.os2,c143bbb0cef21cc1,5,251,0.9836552502543913,0.8237636217451078
no.it.os.os2,c87dd291c3ec1a0f,4,561,0.999498042494169,0.8138635081518549
no.it.os.os2,cc9b1f783711fd9d,9,1668,0.9967955172570098,0.8506028094187899
no.it.os.os2,d4c8e42d2e3d81fa,16,948,0.9916683769904664,0.8521246586916014
no.it.os.os2,db2c6b2120aa3d3a,26,1638,0.9931429282105185,0.8488386213588218
no.it.os.os2,dc3d317046f8a71f,14,564,0.9853059801958945,0.8377179915887996
no.it.os.os2,e0a1cf8c76a45eb7,9,502,0.9927199217607601,0.7974407679440767
no.it.os.os2,e9e18e0ad67cb7c3,41,2403,0.9842977794513116,0.8480050046713051
no.it.os.os2,f02ff90ebaffe3e4,9,550,0.9945761066098868,0.7925798487981972
no.it.os.os2,faa9927e709a507a,34,1851,0.9921680949278823,0.8060706402801835
no.it.os.os2,ffebd845066dd74a,22,1262,0.9958061008893511,0.7916218890181441
no.it.os.os2,ffff4099006345d5,3,361,0.9955993296966142,0.8435395214944598
no.jus,00166f176d7313b9,11,821,0.9856927338988282,0.8267158959693076
no.jus,057123db0c2398bc,23,771,0.972798340217038,0.7984930253719912
no.jus,0beae74177530835,20,593,0.9817250060517518,0.8126847370672192
no.jus,0c7771a29ff14c0e,24,1006,0.9793403320793423,0.844769446876646
no.jus,1419cabe2c49b8e8,21,1014,0.9920758680399746,0.848736591349034
no.jus,18fd198b2d2ce78f,25,1378,0.990927198191744,0.8187403191984064
no.jus,2abc7b1c598a568a,25,818,0.9816936025626348,0.8336540322227742
no.jus,3065ef0ff564a81e,15,1146,0.9954771449693497,0.8473445762862591
no.jus,329a9fc98d1604eb,2,467,0.9969808089127262,0.8437619042997636
no.jus,3416cca11f614232,184,8038,0.982207972331945,0.8200962854658411
no.jus,38a83e03a67a73d7,12,894,0.9968264819875149,0.8344865456966152
no.jus,4027c5363924a8dc,11,460,0.9805356059457467,0.8118123141645074
no.jus,48c398dd2faac7b2,41,1694,0.9885417930849965,0.8619700261906085
no.jus,4b70c4c26a0fcd54,15,906,0.9905446961824221,0.8452418465512744
no.jus,4bd01d55e1864390,39,2277,0.9892152346169486,0.8664058788254668
no.jus,4c1de74b7e5cac77,5,480,0.9907309438999817,0.8187661636511401
no.jus,4e01e96cc8954ddf,10,371,0.9919072586874298,0.8568494290183761
no.jus,5120f56679193678,36,2858,0.9927177396018818,0.8306547017038327
no.jus,588253ce866647f6,51,2864,0.9895573107384402,0.8504646399075564
no.jus,5f00aed4dc64b097,4,647,0.9967210523594248,0.846593531526296
no.jus,6c21d3c259cea0f4,18,1383,0.9936299572136479,0.8531291466010107
no.jus,74301e5523f96fd6,7,326,0.9870111458673538,0.8530760964104853
no.jus,772a9436af131c5a,6,413,0.9889034732694267,0.8739541304477846
no.jus,85abb8c3073b815e,15,1010,0.9950136202234641,0.8588934701582933
no.jus,87be9a5ccc906980,19,1018,0.9896741675630017,0.8282210223931876
no.jus,9b43b23c5259f8a2,29,1606,0.9923494289985076,0.8385676640661885
no.jus,9dbca8e400006b5f,1,151,0.9971020406794472,0.7864352027253505
no.jus,a7550c636b06e78d,33,1753,0.9860325253695831,0.8258710852472458
no.jus,a7d2ad7508d4fffc,69,2805,0.9874058999462423,0.8328669528393408
no.jus,a97488503b012ceb,97,4778,0.9949718532223562,0.7881765441690102
no.jus,b3348739f353774b,30,2061,0.9954064106710238,0.8668906506033555
no.jus,b6ab333a864bf806,4,773,0.993276265963239,0.8352559813057782
no.jus,ba89cf64bf7d9a87,16,1268,0.9918204796651883,0.8268587917783136
no.jus,c0a0238b228fbc06,8,1041,0.994206717662002,0.8202445154998635
no.jus,c4a27c9002beff3d,29,1061,0.9864511382535077,0.8375077539155467
no.jus,c6b9e1f2818a59e2,44,2457,0.9912385232099982,0.8398795316872506
no.jus,ddd3073d36f93368,54,2782,0.9901822669889248,0.8306104921450538
no.jus,deb01761104f3202,18,664,0.987394858593324,0.790769608335401
no.jus,e10203ce773f2d9a,22,1223,0.9827810490717576,0.829254965281444
no.jus,e32bff40ffc54856,13,823,0.9902261248477014,0.8320132227918534
no.jus,e5825f62eb2dcb87,13,730,0.9888579943033889,0.8743794506957678
no.jus,f330a2815b1817b4,2,302,0.9884422944882086,0.8464156708889815
no.jus,fed0baff6927c545,14,982,0.9925789613195383,0.804761644106718
no.kjemi,072887cd1bedc84f,25,1172,0.9890176578650341,0.8175603850642809
no.kjemi,0ce0732adc34078e,4,491,0.9975555594159423,0.8507997529034288
no.kjemi,103f18885991643a,9,507,0.9731550729985882,0.8203337850278309
no.kjemi,16faf188d84098ff,5,550,0.9953186388013427,0.8439932770139786
no.kjemi,1c2b50e91396c40c,28,1904,0.9941320725358341,0.8050209245822219
no.kjemi,270ca7522f44e1ff,7,1060,0.9942467108496237,0.8318352581295421
no.kjemi,275b42dceafff0cd,34,1558,0.983654787420249,0.8413523563282959
no.kjemi,37c65431b40097f0,11,586,0.9843222113648545,0.7896475988122381
no.kjemi,395663d01c1c99da,26,1993,0.9931540283021719,0.8004405486572593
no.kjemi,3cbb38f322e18885,15,696,0.9859258754549733,0.7788506890867527
no.kjemi,46b1db6e27e1d327,33,1081,0.9648427637771783,0.8251826710370038
no.kjemi,48f4e8b7582b0040,4,392,0.9834641127321239,0.8607596981149451
no.kjemi,5093071458c71a7e,4,150,0.9806442189935067,0.8011587178642935
no.kjemi,518747202df99e20,32,2183,0.9966289995392498,0.8438185860484468
no.kjemi,539b582d4c6cc2cc,2,170,0.9890860210666094,0.8281784646594743
no.kjemi,57309f4aaf1ed141,17,1330,0.991380581358138,0.8052321637676819
no.kjemi,57feaf46dbf0a27a,10,358,0.9794157769712439,0.8442501914686223
no.kjemi,5c991c9fa31744fd,12,707,0.9923609499234456,0.8498489159786333
no.kjemi,62705f409a35744a,13,1177,0.9946202618222231,0.8365345980343374
no.kjemi,6a7f7618267beb7f,6,809,0.9984530398000202,0.841874125153036
no.kjemi,72c8dccf45310806,7,462,0.9965560830001341,0.8223501505624368
no.kjemi,84943da86262f027,8,757,0.9936164889766071,0.8332451234770893
no.kjemi,8838105a1c49f8e0,4,168,0.9836446992155446,0.7918651728948971
no.kjemi,8d07efb586eaab23,14,744,0.9916736534467929,0.8207200719432449
no.kjemi,9c00baf00ecd0896,1,373,0.9990077711575783,0.8378111229516716
no.kjemi,9ccbb40a7f10f926,75,3053,0.979472046846054,0.8365229511920308
no.kjemi,b1ebd357bb054fa3,5,736,0.9982482931560005,0.8655990729825257
no.kjemi,b2b96fb72a1cd4ce,16,1079,0.9912224513828821,0.8305332356976792
no.kjemi,bc11ecf0ae0eead9,26,1175,0.9892122241228948,0.8490350139299222
no.kjemi,be5625921b44e132,7,901,0.9976654024869954,0.8351253890271336
no.kjemi,bffe65695d60f934,37,2005,0.991812411814821,0.8423578033861546
no.kjemi,c27c78354a986543,4,775,0.9981697357006201,0.850852924032424
no.kjemi,c9af275cb2bb82ea,6,313,0.9880791628108186,0.8233524224822509
no.kjemi,cbe27f346e359f49,6,1118,0.9958796807248192,0.8221866682906981
no.kjemi,d7fdb839a25d7dbe,4,418,0.9910184472076385,0.8264081581869218
no.kjemi,e0d31fb9bb607827,12,741,0.9873660168916817,0.8099142565033215
no.kjemi,e31fc4608994c7c5,11,853,0.9916388763299977,0.8388656018118582
no.kjemi,e8296da1b05fcdca,7,863,0.980049227622148,0.8073171430217148
no.kjemi,e937e14c8cdc6ff1,10,257,0.966050520767399,0.830033794090023
no.kjemi,eab0a5a484688dde,1,297,0.9995623125490021,0.7915645850263435
no.kjemi,f0384a7d92fa6948,6,423,0.988046927612679,0.8191606419081281
no.kjemi,f3c77bb2b0cbdd4d,13,627,0.9819822259969958,0.8080782486841391
no.kjemi,fd26fc562eb8bbfb,5,654,0.9963088676248951,0.8204939751835654
no.kryptografi,02057374a3a3b100,6,530,0.9943130053703351,0.8648887409363817
no.kryptografi,047d305cc551e796,17,1539,0.9971878912105558,0.8440006692453612
no.kryptografi,0729e47135b95d77,9,352,0.9773845555350206,0.8512656317969568
no.kryptografi,094fd207e479eef0,10,1036,0.9956064591768579,0.7682376665547973
no.kryptografi,0d11ec052c059503,9,557,0.9923364054471071,0.8326738122539679
no.kryptografi,1ead69533c359f9f,17,805,0.9857282639061269,0.8723966537647705
no.kryptografi,1f572760b37a3f3d,9,1015,0.9956135787202834,0.8519819985381797
no.kryptografi,2684f863370c02ce,9,543,0.9900151605764668,0.8529122115053926
no.kryptografi,27b13319c14cebe4,2,125,0.9897079582501481,0.8307647310769958
no.kryptografi,2c452ecf3a9865fe,15,654,0.9899911593747859,0.8569008990886154
no.kryptografi,2ed823a2b30df6e9,10,716,0.9845510593553434,0.8393438867040863
no.kryptografi,30989ff6710d45ad,10,626,0.9920871243549416,0.7956710708952119
no.kryptografi,32f66571e151ac3a,6,581,0.9954774631668158,0.8785118733400386
no.kryptografi,3ac3ee9ce639198e,22,1164,0.9927781372322703,0.823664056651318
no.kryptografi,3e5c609c732c1f21,9,407,0.9926420944735352,0.8759161794384643
no.kryptografi,4d9b375bebc27e70,30,1211,0.9930051400597864,0.8539057515716512
no.kryptografi,573ae890f2b883a1,2,737,0.999694255334267,0.8047093700419751
no.kryptografi,74ec5a2ad9e0ba2e,40,2086,0.9951183732618993,0.8293692984299688
no.kryptografi,778eb4b14245f65b,4,705,0.9994451474350509,0.8222336723335933
no.kryptografi,8683ff30d8c53898,9,642,0.994906450969903,0.8296200666454917
no.kryptografi,89671f2ba4effe7f,1,701,0.9982959149409565,0.8491969928221238
no.kryptografi,8c5946b8587fc34f,33,1223,0.9866769977647288,0.8158888133559171
no.kryptografi,8d6b85dfa66fc0f2,10,888,0.9973925251225914,0.8522219080003055
no.kryptografi,9302b7854baff13b,4,290,0.9907120650879531,0.8233581019354506
no.kryptografi,9a9bdf78f26166fd,18,771,0.991509175465907,0.8941477891041454
no.kryptografi,9b36a50b9dfce578,46,3603,0.9940563048559804,0.8615249959285073
no.kryptografi,9c92aba9a1681364,5,257,0.9861191760573956,0.8399069429099715
no.kryptografi,9d3f441b9d3bf979,44,2464,0.9912378225766636,0.8287413430589073
no.kryptografi,a9a8ecd128e914a4,6,513,0.9914051137203543,0.8616961674832662
no.kryptografi,b1bb8615a5441f69,13,739,0.993395232220796,0.8013854164034028
no.kryptografi,b6e41a52452fbce2,10,426,0.9877126879440297,0.8214310677246776
no.kryptografi,bd6177aad35367e1,6,324,0.9925913543219298,0.8498497237898834
no.kryptografi,c019fda6633e8222,12,940,0.9932742842092686,0.808589372485399
no.kryptografi,c083326b4d34f2bd,9,850,0.9900029169690409,0.7942688726856223
no.kryptografi,cad69e38decd4739,6,284,0.9856269955329815,0.815666084647051
no.kryptografi,cc9b44171a560015,3,423,0.987991194700538,0.8229731580034804
no.kryptografi,cf9ae60b86f7c32f,8,627,0.9906704124064565,0.8213635408769735
no.kryptografi,d319aa5e847a9b92,32,2250,0.994299945165111,0.8693444024384327
no.kryptografi,e5f0cc58ccc4b2b8,17,1285,0.9957175446595923,0.8467324811021919
no.kryptografi,ed631f3b02e8d13e,21,1136,0.9939360715776678,0.8741808160517244
no.kryptografi,ee60e7917f3d0270,4,517,0.9967118472723536,0.8385906049948411
no.kryptografi,ff32d4a20d494317,8,666,0.996858517625568,0.856940849914868
no.linux,0036d908550b8b1d,7,760,0.9947630535261472,0.8730356639423765
no.linux,06da7dd95e3e92a8,5,241,0.9931368947740522,0.8368624994514254
no.linux,09278c5b7a4e3be1,9,470,0.9921889506401176,0.8275038241511152
no.linux,093f3be6893f9847,5,540,0.9968343588723894,0.8554520703608758
no.linux,0c468e3ac88e10dc,3,304,0.9965733417988826,0.840136292552488
no.linux,0f75527e515aae90,212,17007,0.9974045704482073,0.8065121033914963
no.linux,11894151314a12bf,2,143,0.9913991177378858,0.8716624037224092
no.linux,11fde4d8afb61dd9,6,277,0.9840087854756802,0.8246101510875212
no.linux,14929db9e7c17513,3,903,0.9937581802502542,0.8260854667970134
no.linux,1631209a673d5df1,8,395,0.9855042187618905,0.8055241243997036
no.linux,1853ce7a237c9e52,27,1186,0.994764687128073,0.799065607808801
no.linux,1da12198ef923885,6,721,0.9969139176240289,0.8463190411235478
no.linux,2c446feda0777ab2,19,746,0.9860069059489298,0.8233464854501069
no.linux,302832ceb1bd1181,23,1542,0.9930046539388927,0.8298704287326657
no.linux,34280058b3433680,2,332,0.9929248874324439,0.8601912194620844
no.linux,44018616607eb054,5,676,0.9953471155606775,0.8543384201813149
no.linux,4e518038bad7beef,5,186,0.9812956280999987,0.8344763298187202
no.linux,5154c203c72a46e6,2,157,0.978167078781708,0.7783197420990958
no.linux,521ab87ddba63153,16,1667,0.997313332299676,0.8445607863036755
no.linux,598dbc326ab13450,19,526,0.9807163504859187,0.827941440446936
no.linux,710f4b2f8bf9a474,13,786,0.9942667654193854,0.8248220127492705
no.linux,725d1e0482b4e602,19,751,0.9925844890670547,0.8135950981746589
no.linux,7311ebac39ef70fb,2,656,0.9977964974171163,0.8071836203283269
no.linux,738e8bc1d96ea8b2,12,1164,0.9927571666250784,0.8515825676087085
no.linux,74e5528090e79c26,2,353,0.9960992600167194,0.8314391286211968
no.linux,79c04bb9e5f0bc1a,4,557,0.997633577535899,0.8641683816120852
no.linux,7f5c2ed79cc47f36,9,1803,0.9956225098794399,0.844345919040139
no.linux,9f5ce5a54abb85c4,7,1336,0.9986826075322406,0.85676246605364
no.linux,aaea087fd85d7be3,6,320,0.9868976921060296,0.8274277802697632
no.linux,aebe324c1e6f7d34,14,824,0.9933501657629961,0.8718653458618674
no.linux,af6dff2afa9edcda,4,374,0.9967974549516313,0.8446353549367873
no.linux,b6fcf467fade312d,17,1380,0.9933455051051658,0.854130630093627
no.linux,bef43b147bb99fd5,11,473,0.9891497425792415,0.8702996533870707
no.linux,c95149de79cdc8a7,2,158,0.9934329748038052,0.8264191577499935
no.linux,cd2a781956ea79ec,8,950,0.9978287401498951,0.841517833067438
no.linux,ceb8576d5b7938d5,13,686,0.9893616818590838,0.8279292106604232
no.linux,dd1a5fa33f142757,12,571,0.9923729076785219,0.8363677412095322
no.linux,e15a19a258c21629,13,868,0.9962735308023506,0.8483408933363141
no.linux,e3719ba4c29cf69d,15,1565,0.9965067317723622,0.8269758261313808
no.linux,e56d4be718b99e2f,11,656,0.9931073592777495,0.8331145860114473
no.linux,f10b70e0ac3650a7,6,393,0.9814347287808316,0.834523638567265
no.linux,fddeaef4dbd306e9,2,676,0.9979987760496929,0.8534106901893356
no.lisp,00b1dea92273d1e5,4,486,0.9923484156368155,0.8774990919046901
no.lisp,01f033196d635542,25,2171,0.9964957209387707,0.8205938139000764
no.lisp,0250fb38214a5499,53,4326,0.9980985060805353,0.8395347674235863
no.lisp,199d859de9475cbe,5,1098,0.9984690612703966,0.8429061796844703
no.lisp,2171c261864791ac,31,1855,0.9947087594845658,0.8338346357466594
no.lisp,26ed5f1f60339a63,26,2057,0.9951605278178091,0.7954899555328934
no.lisp,282704b0a9fa443c,11,917,0.9947669356200352,0.8651120678425183
no.lisp,2bdf60dbe9d9b6f9,10,770,0.9915428818390483,0.8159115920713016
no.lisp,3dc2a3dba8fa7e96,20,4166,0.9989252423499726,0.8220037498293064
no.lisp,405a2b125ee9c039,10,3767,0.9871173467055558,0.8066322152318107
no.lisp,4444761e0a002566,2,702,0.9993077690261715,0.8791447409599964
no.lisp,4817ccc1a48f9f40,12,826,0.9892880652529471,0.8430740694879113
no.lisp,4a73e8191c06575b,4,99,0.9813301128016105,0.8143519985018657
no.lisp,4c5e7889946910e1,5,553,0.9953614382111957,0.7991564899034674
no.lisp,537703c93d501288,35,1680,0.9913078298275793,0.845472112316498
no.lisp,5c34d0f30f81b4e4,14,654,0.9910613957882837,0.8453870408272741
no.lisp,5c91555dd1e3c19f,5,953,0.9970471718574957,0.8671910244685939
no.lisp,621b4e7c64b9b67e,11,567,0.9909948573804177,0.8500737599699384
no.lisp,62ebaf584073b304,113,5579,0.9914710201616765,0.8369517705075106
no.lisp,657cdb05c60b0f85,11,509,0.9924509579830176,0.8302170198120585
no.lisp,6f478438dd795f47,8,714,0.9976011177978996,0.8661668166699001
no.lisp,7aea357f24482de5,9,1167,0.9973227815528183,0.8181114233365031
no.lisp,7b1277da924e8ed4,13,694,0.9911224462810544,0.8361781605763937
no.lisp,7bc50ecfe568e97e,11,824,0.9966282865436883,0.7885963242566634
no.lisp,802184e5c22fae91,8,675,0.9978508290538186,0.8443597704086709
no.lisp,885d86b8c85183e4,12,509,0.9859311980309774,0.8356290874278757
no.lisp,8aec7a2ebc159e58,4,240,0.9767385575655909,0.8542655441656986
no.lisp,92066584d29d51f7,3,356,0.9911689138747984,0.8382936218583898
no.lisp,accdfb60dccf1e9a,4,519,0.9940819328704715,0.8708987421697373
no.lisp,ae48fa3d738231eb,13,912,0.9954102594963437,0.8104982405212081
no.lisp,aefd6788815d9917,3,1391,0.996885495144962,0.8194261632984386
no.lisp,bb1af2416236e7b4,10,821,0.9924968135570214,0.8393892938864703
no.lisp,bd6aec6c070b89a8,35,2044,0.992526302142812,0.8431622572469522
no.lisp,bf24444b1d9bcae8,1,1025,0.9979603417677938,0.8440630757919612
no.lisp,c00c99216b6fec17,1,163,0.9957808161450967,0.8304044530120968
no.lisp,c9f0d09bf25d4b20,1,318,0.99677689267681,0.8256048873878045
no.lisp,cccbb976f503e687,1,210,0.9991121642085136,0.8392248132420479
no.lisp,d968d11a564e90d9,7,946,0.9974435500845428,0.7859815078531384
no.lisp,e1a45856eb8375f3,9,366,0.9834385271096123,0.8622170389717917
no.lisp,e479263f8e38c5c6,12,666,0.9923599244201541,0.8484993096810303
no.lisp,ed1f9e14e17da720,4,658,0.9972651089832886,0.8258655546980392
no.lisp,fa53bdc3e4498b58,37,2482,0.9882389694331983,0.8384733549676374
no.litteratur,059e47ae7a21cd58,13,376,0.9783585075921626,0.8659430201230113
no.litteratur,12695787968ecfe7,7,325,0.9754070969063993,0.7893821477994899
no.litteratur,1c6526a357c7c274,15,887,0.988738115727152,0.8430207552106679
no.litteratur,21d28e2a2a52b80b,4,107,0.9629580970880772,0.819429993010231
no.litteratur,2c04255eca6f480a,3,361,0.9960844332638458,0.8213546008831693
no.litteratur,2c7c31a5564568dc,13,470,0.9824678935246705,0.816760352701552
no.litteratur,2e7e14e041091ec4,10,826,0.9899301212133056,0.844039779185496
no.litteratur,2fd285e84bbb1243,12,814,0.9926390919553585,0.8669111051289959
no.litteratur,33a30d0ea3f0eaee,28,1051,0.9938287133539998,0.8343838919935737
no.litteratur,34582e6dfab45831,15,588,0.9794205478377661,0.8077347868445206
no.litteratur,43ed9c9324a3ffc3,4,370,0.9955608256385023,0.8372297968751793
no.litteratur,4404283219390405,2,89,0.989271235438978,0.8298588888921749
no.litteratur,51d646852751002d,11,926,0.9899376300496178,0.8470358212502026
no.litteratur,5c868be9067e5be1,10,744,0.9906843928454421,0.8609339691502692
no.litteratur,5f20760aaa26ce97,6,551,0.9803434216151372,0.7998309332858391
no.litteratur,5fe000b3d2d6b59b,101,5603,0.9920572049439452,0.8437220248029225
no.litteratur,6301d96121e93ef7,10,836,0.9912884504312327,0.8229507752689278
no.litteratur,754ce29741075ecb,3,246,0.9770795010474594,0.8105296701018356
no.litteratur,7593254d0d5ece13,10,297,0.9724492000696977,0.8332375657555532
no.litteratur,7f35a43b5ded4ac7,16,831,0.9906566445061676,0.8740995196384289
no.litteratur,81e717d0cc241eba,1,58,0.9789532358710931,0.8076696699677623
no.litteratur,84321284c68bf37e,5,289,0.9901041770872164,0.815223724793266
no.litteratur,86959f55d5e255ff,22,1050,0.9898816010877302,0.8079519072138667
no.litteratur,88d1e5e8fd15dc3a,9,655,0.9901659156284576,0.8126175811927314
no.litteratur,8e884f613e045c89,6,229,0.9782250632322991,0.8754209235639213
no.litteratur,989657f08308bf67,39,1557,0.9907523543792623,0.8602373565232885
no.litteratur,9bbcafe23d3e8d98,7,479,0.9887969541928832,0.860181768562995
no.litteratur,9e09fe0bae2a9f7c,15,1414,0.9941977935270895,0.8387781466492461
no.litteratur,a97cc922c1956ec9,4,318,0.9852087744253516,0.8317283481334651
no.litteratur,ad1fcfbd4f362bad,25,1584,0.9873688847850038,0.8252937946379211
no.litteratur,b193a2fc524e973d,7,318,0.9820813498602469,0.8269757680133933
no.litteratur,b63169818293f109,12,762,0.9930171437169988,0.8376596062496825
no.litteratur,b9def1066a9a8570,5,474,0.9964960324519554,0.8611799989284399
no.litteratur,cdc080220b70836f,6,619,0.9938729595167103,0.8301267771312107
no.litteratur,d11181534962c457,5,192,0.9819173488860722,0.8041741874735152
no.litteratur,d44a8d4dc0c420d6,45,2801,0.9952780977685166,0.86359750255855
no.litteratur,d9a279b957f54cc8,4,224,0.9734792043486735,0.8401756712772513
no.litteratur,e35610559f9eb01d,1,181,0.9958029808580827,0.7994781966157183
no.litteratur,ef013d17e7dd788f,69,2377,0.98201382163911,0.8209003221761944
no.litteratur,f0b8747830df2585,9,563,0.9949119611746905,0.8341044644499389
no.litteratur,fa20d58f214c7cca,22,1115,0.9898693151573382,0.8296175693101291
no.litteratur,ff72662b2db32bfe,5,258,0.9859753128181129,0.8310576992213267
no.mac,11e71b24ea19487c,9,828,0.9959036277587148,0.8304635764949064
no.mac,142d2057fbc664b5,4,307,0.9961529429094268,0.8212109707580719
no.mac,1539cac0156e6de1,14,570,0.9816127752286815,0.881515515321576
no.mac,1d7b5bec7e40469b,13,1189,0.9936081936184673,0.8123971486742891
no.mac,28a4927307b58fbf,8,563,0.9878997539274935,0.7957854728556395
no.mac,2be9519ffba4a51d,7,356,0.9812109984525036,0.7877287758167058
no.mac,2e976258d11ad0db,20,1014,0.9923155151191093,0.8452978845907944
no.mac,335103584fd29739,7,551,0.9961446384561721,0.844914233594937
no.mac,34d4ebd504daa3ee,16,800,0.9905283325207735,0.872217732086677
no.mac,39a295f3290d16a1,6,412,0.9918832495319191,0.8012841153375057
no.mac,3ce21acc7e606d42,27,1836,0.9975474680932817,0.7843037849366531
no.mac,44e80e6ae86f6815,6,190,0.9879772334059653,0.8355896603468992
no.mac,4790723659e2b038,8,578,0.9922993497122703,0.848585513173612
no.mac,48c75336c0bc7484,5,961,0.9980544420785145,0.8734772681536817
no.mac,4d0629b17cd4c1ed,16,761,0.9858693541116975,0.8256535197713647
no.mac,594f380e084f1a1f,10,607,0.9873016369531924,0.8394738067433413
no.mac,5a18f0ce34a87292,3,366,0.9956525013940389,0.8186609303276965
no.mac,5cbffa0b9aebed0e,4,626,0.9974235656379491,0.8315999431420704
no.mac,62ce2e0f70c4b8be,24,1016,0.990178247536055,0.8287369670125054
no.mac,6523d8d39f196e23,1,305,0.999300467991098,0.8677073305601092
no.mac,6953fdebf7a882b4,4,503,0.9959275063782188,0.8617483856865471
no.mac,70cf6469a9aee981,15,984,0.9951747044629563,0.8417334881373054
no.mac,76b12fda3d64278f,3,510,0.9944169367262071,0.8171103806233677
no.mac,7a81373e4c5bfc9d,3,253,0.9951354082178696,0.7800105150331711
no.mac,8518b39e39ff2976,18,877,0.9905674904452616,0.8400156505762134
no.mac,860cb93f25f453d5,1,402,0.999624257366874,0.8311844048388423
no.mac,8bac212b7335a865,4,575,0.9952887505094079,0.7846679203313779
no.mac,a22cb522779127b0,3,381,0.9922327325915759,0.8239370229711865
no.mac,a80d47ef2182f32f,3,200,0.9916730137513134,0.8724313373724666
no.mac,a87610ce22aa62f2,17,931,0.9946192152368645,0.8093187760364521
no.mac,b210f18d3541691c,7,904,0.9985755350965522,0.8292583621406249
no.mac,b783c03da3a6fc67,27,1050,0.9815414336757617,0.8553266081246366
no.mac,bbf5ae1e1d664f38,6,477,0.9846839535805569,0.7933026028185554
no.mac,bfd1063023095f29,4,264,0.9887313876706729,0.8252198351150818
no.mac,c79b4d5938708e16,7,657,0.9943437203549074,0.8487753127295606
no.mac,c85adb291068dc84,6,350,0.9903648804770173,0.8759015810188147
no.mac,ca755a09e68b1d07,35,1605,0.991494388834426,0.7864356768023513
no.mac,d5247eb5a990ca3d,7,377,0.9909340323887318,0.8178053038588748
no.mac,d7f90c02979048d9,29,1474,0.9952946170307878,0.8535987753487037
no.mac,ec05b76b64a0f106,18,1069,0.9938560644844675,0.8202783177121554
no.mac,ec7daa9423b09be2,12,1123,0.993704526176665,0.8374151879687394
no.mac,eded68fd5a4ab82e,4,246,0.986395900582049,0.8399112737262154
no.mail.diverse,08dae3585d1247e6,1,680,0.9998570185269021,0.8485194920843624
no.mail.diverse,08eeaa43b96009f4,4,559,0.996796715598153,0.8633839833399997
no.mail.diverse,0b6d26fa44d7e4b7,14,644,0.980711677190964,0.8265927643121206
no.mail.diverse,0c43f112da5c2688,19,814,0.9884149324598169,0.8230610279870078
no.mail.diverse,0d72fd15220d181c,2,414,0.9960281534385922,0.8184057986939303
no.mail.diverse,14c2980e8be1ea7d,2,256,0.9974094362912808,0.8610414950587646
no.mail.diverse,15fcf2a0c96eaea7,5,455,0.9934929204411757,0.8417288401857081
no.mail.diverse,2164f033cf6011bb,22,1338,0.9954228930924657,0.8647164302179592
no.mail.diverse,26d0b2a64a4d5c72,8,286,0.9832195317738357,0.865342976323983
no.mail.diverse,27e0d9baf5c13f15,8,299,0.9882500164578657,0.8437831940187774
no.mail.diverse,28527dcc4dbfed26,3,317,0.9912846268670954,0.824221431866516
no.mail.diverse,2ff9f5821b12bfb1,19,3311,0.9970012420969658,0.8594205498989199
no.mail.diverse,3332196038848557,16,967,0.9935259294342552,0.8359591698338003
no.mail.diverse,47d4b33d4bec3ed7,4,309,0.9930758457052355,0.8233300268553465
no.mail.diverse,517207efdd113244,18,967,0.9915151420047357,0.8820566111444189
no.mail.diverse,588f39cd588aa236,18,1352,0.9966489643331996,0.8036851714799994
no.mail.diverse,5db9209cf7fc7232,7,729,0.9959668546844325,0.8084543058770077
no.mail.diverse,63b5376ab600c601,12,645,0.9873752829139605,0.8193564890324515
no.mail.diverse,6464988f9503c9e2,23,1767,0.9943183039225792,0.8974937798542595
no.mail.diverse,82b6878f538540d2,9,445,0.9904537445594678,0.794898132590043
no.mail.diverse,83c9619484cd2bc1,40,1679,0.992701726166705,0.8617649794494557
no.mail.diverse,8634d3d9f96d393a,17,906,0.9936778175095852,0.8206325839192398
no.mail.diverse,864d0a494259be61,16,1133,0.9929871923250337,0.8454797663117539
no.mail.diverse,9caaacc13831f16a,1,168,0.9884730371613305,0.8316612468613849
no.mail.diverse,9f677e6538b7b717,4,850,0.9987945755965371,0.8295575198879086
no.mail.diverse,9fe775de43bc863e,8,288,0.9832802410073197,0.8733384196266523
no.mail.diverse,a0ce5265aa32dea0,8,950,0.9965305314240457,0.8612367346149745
no.mail.diverse,a709bcaeeb92b953,29,1589,0.9954165383878595,0.8624631591123465
no.mail.diverse,a7f0254c738c11ec,6,543,0.9933955897521685,0.8443223367032503
no.mail.diverse,b5ffdf08297622f2,24,1518,0.9920428659740349,0.8404021518588697
no.mail.diverse,bf6f64b33a540f74,12,689,0.9940129207419958,0.8692094119690646
no.mail.diverse,c472735e6a3ac216,13,2742,0.9962436624673399,0.8568759637150712
no.mail.diverse,cd4c18a4420afd37,2,437,0.9959809716995612,0.8176653049820751
no.mail.diverse,cdf7e4dec3cb7756,7,462,0.9937408276622021,0.8586936543456998
no.mail.diverse,d8fe599f1d197568,5,153,0.9631236211980958,0.8401470577581861
no.mail.diverse,d96e74c5964ee124,13,1025,0.9963175427686554,0.826835019115609
no.mail.diverse,dabfcb4eb9901b31,8,685,0.9948674859724439,0.8382889476292934
no.mail.diverse,dde1d9cf2339b40d,4,353,0.996484239642915,0.8302309243631677
no.mail.diverse,edf97aa23eb82b14,1,186,0.9990252397645606,0.8646460595200667
no.mail.diverse,f5bfef77b5fdd8ac,7,734,0.9925205032610233,0.8376669105005151
no.mail.diverse,f9aacd0312156a56,5,479,0.9947635936045156,0.8248802275060388
no.mail.diverse,feb97b5b44b36823,21,959,0.9914934077312996,0.855876223591478
no.mail.diverse,fede2243fe4f4580,9,431,0.988992673396358,0.7920975355686808
no.mail.drift,04f5603d0fbce0da,13,930,0.9944804789657768,0.8955696963407225
no.mail.drift,1b780283a94d0d2e,6,382,0.9896444072079025,0.837476942429568
no.mail.drift,1e960292dc98dc1e,8,967,0.9988216341880768,0.8331441291068604
no.mail.drift,226042628bc576f0,3,642,0.9954660740094349,0.8261044739288074
no.mail.drift,2333e6adbe4f6fff,5,681,0.9979682762316864,0.8408868621664212
no.mail.drift,261fcc319a2789ee,5,536,0.9933626546701314,0.8713209185811295
no.mail.drift,2a3892fd698c02f8,8,541,0.9949224363063521,0.7856828532209549
no.mail.drift,31152b3a8f52d8d0,4,184,0.9921131442739124,0.8532186155680623
no.mail.drift,3941b9c4c6206dfc,15,1233,0.9944171097210861,0.8159874160845736
no.mail.drift,44ea0ab7ff5bf276,8,663,0.9887405601608268,0.8580294322774844
no.mail.drift,458b785b38fe69e5,16,1011,0.9931408526822287,0.8562470736587506
no.mail.drift,46bd6ca3cf25ba84,5,687,0.9984135947594106,0.8251372829185908
no.mail.drift,4acf90c86dfa3ae0,17,607,0.9933908229299957,0.83483576660558
no.mail.drift,52c1a45864ecac80,13,629,0.989751860776608,0.853993269067834
no.mail.drift,63ae253eae8a8fa7,4,547,0.9928363676033174,0.8053694805916707
no.mail.drift,64aa329199bff0d3,42,2270,0.9945266790310132,0.8761142874934679
no.mail.drift,6b7584d2ef950adf,10,873,0.9943382822042818,0.849393784047525
no.mail.drift,78b12219cbbccd2f,16,1132,0.9945313978182069,0.8565168539529824
no.mail.drift,838c6b2371ea0f99,13,517,0.9825703870573173,0.8419379064185772
no.mail.drift,84f21d1b311c0c1c,1,52,0.9973064659251989,0.8059536847877186
no.mail.drift,86ae39b4c20f9b56,3,214,0.9896725200137758,0.8205702981803892
no.mail.drift,8f3bb01352fc193e,20,852,0.991720797858311,0.8641516092622836
no.mail.drift,91fd229dc2877911,21,1315,0.9907845476123635,0.8501103130344995
no.mail.drift,9713417cd7181c7c,16,1331,0.99661040496542,0.8387013104902954
no.mail.drift,975444ac1deeccb6,19,916,0.9943134220293186,0.8253099423869196
no.mail.drift,99600be054e94a2f,18,1102,0.9920909550633638,0.8484585106684627
no.mail.drift,9af40eec750d8630,12,695,0.9917425589195156,0.8291192660781989
no.mail.drift,9c1fccdbfde2814a,23,2095,0.996512476661888,0.8619718666510936
no.mail.drift,9c762b2a6f5e664d,8,1010,0.9989627381307444,0.8315707799753034
no.mail.drift,a078888f8c6741f2,6,974,0.9983079550134163,0.8289799247671281
no.mail.drift,abec64269e64eac2,6,218,0.9851257817540044,0.8631556730396454
no.mail.drift,af37e6fe65fde788,5,548,0.9970769791489484,0.8282067551144772
no.mail.drift,b4aeb26c49f02d82,13,922,0.997224111125093,0.8294008160184058
no.mail.drift,be9a96bbb7941ae2,3,2355,0.9923111093505806,0.8455263224396015
no.mail.drift,c23b58d3e887b087,19,747,0.9844593983711508,0.8394062545187221
no.mail.drift,cd4da42ae8994946,3,899,0.9991726350358057,0.8348515226091946
no.mail.drift,ce2acf58d1d0a491,11,447,0.9914999893893846,0.857943670709569
no.mail.drift,d04f0dabf09f5ede,3,1629,0.9976131123808631,0.8155140835081717
no.mail.drift,d2fb9474b8ab17d8,3,240,0.9970751017963801,0.835907835614298
no.mail.drift,d43a82e250ddb53d,15,1030,0.9935299572077865,0.8637692172456152
no.mail.drift,f6b0f336d300d623,18,970,0.9965610136070575,0.8544158662338316
no.mail.drift,f99a33dc7cb5e41b,25,1011,0.9777147862636016,0.844043710601718
no.marked,052ab91ac82c35e3,5,214,0.9873520544652895,0.7879080143727996
no.marked,0a2383612c14b697,5,163,0.9883870751572792,0.8662789837391709
no.marked,0c23076e623cf2ec,3,542,0.9934319144960765,0.8261354639123801
no.marked,0cdc2e641c1b4ff4,3,223,0.9884147911816122,0.9012655372026275
no.marked,241a900cd262e078,10,883,0.99235632869522,0.8238229972404505
no.marked,2a8e7d974f0d3eed,6,266,0.9925892839351267,0.8111001557716356
no.marked,2dc7ff365c8cc7b0,6,400,0.9885671690680595,0.837910518038824
no.marked,39684ee96b345afe,3,397,0.9946744600179048,0.8630580996797848
no.marked,3adb7d26f96a95f0,5,591,0.9959007482873707,0.8737783438012985
no.marked,3db7006323c0e611,1,86,0.998307472484003,0.7772957031306994
no.marked,3f9975b9ec1b029b,7,388,0.9876162884923623,0.8181367423063683
no.marked,417e4f4677f260f0,5,293,0.9881621859213194,0.8243223935111734
no.marked,44fd2523076b044a,3,382,0.988907196959333,0.8283750413770793
no.marked,4708388e3d4fd7b1,10,834,0.9901617657853291,0.8295209964382997
no.marked,4ee1f2b5ff363d41,10,793,0.9939317653838984,0.855304867324562
no.marked,5257173e42b98175,7,788,0.9902869825603045,0.8258979400695512
no.marked,58335bd6a6131376,14,852,0.9958126766406719,0.8448698502952982
no.marked,59b2545b3c87712a,5,393,0.9895409656709132,0.8503986995330718
no.marked,5febcd378ef9a282,2,109,0.982485260409532,0.8105135903533578
no.marked,61230aba98890af1,9,546,0.9914956158629433,0.8305767937340695
no.marked,690789784fc2de12,3,261,0.9894958430312754,0.8327186073061855
no.marked,6b34588683b87afc,3,560,0.9816935798999796,0.8801021661350739
no.marked,72c1e76a1edef5b3,6,472,0.9911317084325889,0.8486045296841597
no.marked,7d68a8d4b2952bd6,6,264,0.980327430862071,0.8361443160802889
no.marked,9b923bf251f95f2e,1,752,0.9991475662463355,0.8209175524974305
no.marked,9e36fb3a74211631,2,144,0.9976986992883145,0.8222431133003228
no.marked,a05ac91a5dce6c74,5,382,0.9932205059521484,0.7430550502609902
no.marked,a10a69fbe38aaa83,5,702,0.9907583825862805,0.808372143407608
no.marked,a40d23d218cc08c5,7,283,0.9934997563975824,0.7985542027705228
no.marked,aea66a7339b1b33b,5,81,0.9552936174399616,0.8082809418326624
no.marked,af618353fe4e0e5a,7,616,0.991251373954296,0.8602199004696718
no.marked,b2456ed232419e64,5,573,0.9916618879507642,0.8232526921535555
no.marked,baab6143b985c982,4,255,0.9938846492462046,0.7997201384704051
no.marked,bc92ff1cb38c8947,6,466,0.9979342082923305,0.8480242476353615
no.marked,c57425308f4c4113,6,537,0.9883833984506513,0.8125042827001245
no.marked,c657d40d0c6e8489,2,279,0.994104748340831,0.8124528893445288
no.marked,cf10fb958a52a4e0,6,375,0.9803770117517567,0.8094199088189192
no.marked,d5bc3ff337e4e7f3,2,821,0.9863862308195048,0.8373312732454631
no.marked,e16a064f8bef0acb,7,323,0.9813806195009989,0.8251105112068912
no.marked,f29c406fac5c6bd2,1,215,0.9997257385288124,0.8142800586222038
no.marked,f3f33a9340ac85ae,1,676,0.9913430438622163,0.8269799611419382
no.marked,faf439830ecfe8d6,1,208,0.9951826184719799,0.838562863346435
no.marked.bil,02bcf7e05308b465,8,257,0.977784860633604,0.8373746858428637
no.marked.bil,0b7f7a93e14b2d17,7,405,0.9901367492519284,0.7981848930088403
no.marked.bil,0e86504dc588437e,2,124,0.9810388431075607,0.8081887677246968
no.marked.bil,13ba989bf4d82851,8,508,0.9891727502715074,0.8294196202094143
no.marked.bil,13c5df8f3ecf906b,5,522,0.9950036322384928,0.8171275338949806
no.marked.bil,15f77f6b7c266de9,19,1255,0.9933087018915636,0.8357765408646808
no.marked.bil,162e23b242e6be58,13,600,0.9931609271692838,0.8342798672603124
no.marked.bil,18b393ca183f2777,7,394,0.9908931968624519,0.8038408291025737
no.marked.bil,1d75f6c03fa828a2,18,542,0.9867904955503136,0.8382799399187187
no.marked.bil,1f174d1038e1581d,1,109,0.9862265936116249,0.8052196207447428
no.marked.bil,2b5537cf6e0c9ee9,3,226,0.9882657929191611,0.8422759635257269
no.marked.bil,2e435ad65d9dc115,3,57,0.9834617381412264,0.8294418205623978
no.marked.bil,32a3304d2a517863,3,49,0.9841506724983418,0.7792759786293604
no.marked.bil,3dfdd4f194671009,3,188,0.9939229546932044,0.802125948619636
no.marked.bil,3f675a4c3c73364e,2,211,0.9881357704163026,0.8340616793004285
no.marked.bil,4355af1d02e07e1f,7,345,0.9857130712533768,0.8341142165863835
no.marked.bil,4d5a9351eaecc034,7,312,0.9864721570940395,0.8269199404791442
no.marked.bil,4dd8b134283f2e28,26,800,0.9833808385183781,0.8147173325441069
no.marked.bil,5fce09ec8ced0def,3,236,0.997539431386659,0.816301084517702
no.marked.bil,678767d784421d5e,7,319,0.9794654760358205,0.8415162031656254
no.marked.bil,682dd2cb47e08ad2,2,139,0.9890185049193727,0.7952766820301322
no.marked.bil,6858b2fb71e7da47,10,486,0.9902091138174716,0.841077709098362
no.marked.bil,68b69736a13cce16,3,49,0.9841506724983418,0.8084929129295793
no.marked.bil,7432fc38f3596dbb,3,172,0.991824011291275,0.8510738423046025
no.marked.bil,753614f09e17c2f9,6,895,0.9940740205766382,0.8229761081325574
no.marked.bil,7654c385b09c0e76,4,431,0.9975351317156088,0.7821312517934726
no.marked.bil,800623da0930d4c3,2,182,0.9926747789326028,0.7856488182759003
no.marked.bil,83b3e2f2be3802fd,6,232,0.9839207808919443,0.8110353728503631
no.marked.bil,83b7d73782956085,1,155,0.9913166792609763,0.7866327715310224
no.marked.bil,8c683effe6cca83b,11,481,0.993696070434267,0.8429939772798576
no.marked.bil,9f8d8b7315f96d9e,10,1082,0.9951327077732323,0.8507415089259419
no.marked.bil,b778561207f4360e,4,291,0.9919995303702024,0.7944531458139272
no.marked.bil,cb81a9086a0d3d23,6,270,0.9785046004346881,0.834755135204557
no.marked.bil,cb9f38da3ec82ad3,6,337,0.9949635023333764,0.8214314919078255
no.marked.bil,ccfcf64bad11d771,2,218,0.9977166849633,0.8115021936982979
no.marked.bil,cdd9df19e5a71318,1,147,0.9965065009837442,0.8121203822781535
no.marked.bil,ce86108d84542f8b,37,1271,0.9890992671553736,0.7908209302555443
no.marked.bil,ceb7f2feb8bbee24,7,332,0.9900749945362755,0.7752569913740041
no.marked.bil,d344c07bd7fb176e,1,154,0.9965995952056855,0.8015175348968588
no.marked.bil,f240afdd76d3abb3,11,471,0.9907710793067187,0.8121924729574563
no.marked.bil,f4e3188b5dcd1acc,2,201,0.9972460062366385,0.8320808173073616
no.marked.bil,fb094ee84b5add30,13,296,0.9772745647739721,0.8495361120753679
no.marked.bolig,06d3fee84875dc41,4,432,0.9806019552494024,0.8394411141981951
no.marked.bolig,0f27e3716e6893c6,9,498,0.9810144162852452,0.8194988998794218
no.marked.bolig,13b057d99cf52678,3,165,0.9827358269172811,0.8205968086300589
no.marked.bolig,178d8b1547a1668b,5,348,0.9862920206981929,0.8405065388584861
no.marked.bolig,1a93c1fda723c649,12,1276,0.9921289229928273,0.8295002946142117
no.marked.bolig,33bfe4cd8d56f370,17,554,0.9824338397150961,0.8124395696806754
no.marked.bolig,3ad26a6786b2ac82,8,323,0.9823191777589485,0.8442419149171524
no.marked.bolig,412e85dce19073c1,6,760,0.996174806555297,0.8814334642682669
no.marked.bolig,4580447cb4d43186,9,305,0.9731361893116516,0.8394817018165803
no.marked.bolig,46fe03b2c483670d,8,358,0.9869536645365546,0.8513734968500781
no.marked.bolig,4bcfa1b25856da5d,8,323,0.9823191777589485,0.815611987086783
no.marked.bolig,50ef83e0cd7a57fe,6,570,0.9921146937518319,0.8212328871443174
no.marked.bolig,51f541e9ad598017,24,1039,0.9742902269531363,0.824234393899402
no.marked.bolig,54200328728889fb,3,246,0.9946865015564985,0.8214776297444397
no.marked.bolig,55fbd5ba18f12445,6,549,0.9802094936600173,0.8471981461724629
no.marked.bolig,58ce3bb726084637,8,353,0.9839550921628629,0.8191293196379371
no.marked.bolig,5fc386e3733d3b99,9,417,0.9833921257112515,0.8553189712940704
no.marked.bolig,63925bdf00555144,3,275,0.9830709852346374,0.7863568496273313
no.marked.bolig,661a25bca7383239,5,250,0.9856920472845462,0.8051200476974348
no.marked.bolig,7da282f80815562d,2,451,0.9966470119613792,0.8199289423703167
no.marked.bolig,8154640d6c01629b,5,109,0.983263090166801,0.8255171223437859
no.marked.bolig,84a2d01e9a19bf92,10,217,0.9814777162972494,0.7979332822470877
no.marked.bolig,948cd62696337cfa,2,448,0.9916175179305037,0.7956957548514365
no.marked.bolig,97e82896104fef62,5,261,0.9869631149133863,0.7912124445201707
no.marked.bolig,9b5d66bbc402de4b,3,145,0.9832989850155063,0.8500428756714401
no.marked.bolig,a494f31a6e1d440e,2,192,0.9792169172333245,0.846524878056957
no.marked.bolig,b6279de0652cf084,2,225,0.9932934914399172,0.8260984330286576
no.marked.bolig,b6c3d90b7ab966ea,4,220,0.9928626520708481,0.8200123717285139
no.marked.bolig,bc7bb1c25bf1377d,5,270,0.9757464399786414,0.8193576959191574
no.marked.bolig,c353858763688ca9,5,266,0.9844017142332067,0.8168414438211226
no.marked.bolig,c7b7e40ee7f9702c,7,442,0.990822763446546,0.8571772635406943
no.marked.bolig,caada1da2513f4fe,2,422,0.9973649777951762,0.8406673798789598
no.marked.bolig,cea18270431551c2,3,268,0.9952312820425774,0.7997538125122913
no.marked.bolig,d1c1ebf75a5fa3d3,7,145,0.9702523352776978,0.8181039616574681
no.marked.bolig,d20dd31e1edcd0fb,3,253,0.9900841087340629,0.8071440609816273
no.marked.bolig,d7389f216b99deec,2,669,0.9968508968371581,0.8173237448015518
no.marked.bolig,dbfa1f41b3ad2eca,2,209,0.9913563696488812,0.8651855628535504
no.marked.bolig,df2f12f5aa1ae4c3,6,296,0.9875746958136441,0.8079738005839198
no.marked.bolig,e6172a4402b8ebc9,1,85,0.9933137403978973,0.8202805309199718
no.marked.bolig,e7f4d0664964a504,8,414,0.9819587006251457,0.8420212191637692
no.marked.bolig,ffa0e5de2fb61d59,2,555,0.998236497619407,0.8495574342268656
no.marked.bolig,ffd6d103cf89a479,3,194,0.9878943117594415,0.8118259605401692
no.marked.data,05aa6c77d6f08278,3,162,0.9955618677627853,0.8109611391580879
no.marked.data,06841a40a1ec3f1d,5,336,0.987449215617165,0.829386261531926
no.marked.data,10d2cb14b2cd718f,2,141,0.9862734206542287,0.8351959404252263
no.marked.data,1a389ac5a9fd79b5,13,1221,0.9953759899917678,0.8344160019782436
no.marked.data,2b1bf14ee62b54fa,62,2379,0.9857587229532706,0.8257730153777393
no.marked.data,3fb0891b1dfc804d,6,694,0.9945978144048551,0.8035357251863852
no.marked.data,41864f803fe800f9,9,294,0.9906522186142119,0.8154623841866003
no.marked.data,42734dcf39fd7779,3,94,0.9862011680723144,0.8059374832764851
no.marked.data,4cb5030474d198d5,7,216,0.9771469372008589,0.8243292889881426
no.marked.data,4dbe08f3b9c17460,7,658,0.9868413365554142,0.8044278568768223
no.marked.data,4e4db14479e8c835,5,186,0.9926616008223597,0.8009215800752665
no.marked.data,520d8050cfd901af,2,592,0.9994059676270289,0.78749694878641
no.marked.data,5abf1b9afc50f09e,1,71,0.9870683567170967,0.8485873198774445
no.marked.data,5bb038b313c9d21d,1,128,0.9994985952113664,0.7982513633726537
no.marked.data,643e49fc6c64908f,2,250,0.992491690865001,0.8465355514215531
no.marked.data,75ba0aef61ba3f74,1,80,0.9933707776865534,0.8282085893944413
no.marked.data,88448b918d5f8234,1,296,0.9970392255619919,0.854693464930388
no.marked.data,91fcc96a5da99810,8,570,0.9955863018142653,0.8357195597243688
no.marked.data,9a5d51b4d7ca09a3,1,539,0.9927486495986605,0.8236462925433717
no.marked.data,9c610bcec4484c13,4,412,0.9972431042994733,0.8121678166249878
no.marked.data,9fb072eab4bd03c3,8,374,0.9948848324930261,0.8282307832768586
no.marked.data,9fb3155547fc7257,3,262,0.9937132519123948,0.8068452770853376
no.marked.data,a3a3c6509f9f1f40,5,129,0.9818825990830881,0.8334606393192711
no.marked.data,aa34e11e331d2fd1,7,367,0.9983287151336813,0.8241524838415154
no.marked.data,ab1ab7db0e276356,6,495,0.9944460615312752,0.8452502726419746
no.marked.data,b2d0360bfbbcbb04,3,146,0.980182679904978,0.8318100803683344
no.marked.data,bb0d87adcee19835,2,361,0.9849243988768894,0.8301997959473275
no.marked.data,bb83d1ff0481aa21,23,1114,0.9939558046172134,0.843121582517436
no.marked.data,c8aff20900316b4b,8,123,0.9741690924780788,0.768473003411569
no.marked.data,cc56d7b28c75895f,2,124,0.990417637535959,0.8502387963884053
no.marked.data,ce5b0307410f1e3b,2,885,0.9986171003891203,0.8525644417604394
no.marked.data,db2fd26aea52ae05,5,139,0.9904228735691726,0.8363565706014986
no.marked.data,db6206765198f206,6,629,0.9979356840997857,0.8555080727415186
no.marked.data,e165f230cba8dcda,6,419,0.9961652310656969,0.8672477925263639
no.marked.data,e215af4d8230a24f,3,101,0.9805387437296916,0.8296224486375371
no.marked.data,f22ef6426d4b1099,3,79,0.9873162809154977,0.84942624658869
no.marked.data,f45ef0c0f5b99a19,3,98,0.98681221101516,0.8600430604801725
no.marked.data,f4cb2cc705fc278e,3,147,0.9940659330187617,0.7938834614320656
no.marked.data,f76fb5e58d251c01,3,333,0.9874075286023833,0.8225650016306432
no.marked.data,f9cb010f442d2285,10,646,0.9969791445889811,0.8557155127186629
no.marked.data,f9df651ec2b7a19e,5,360,0.9925168304623986,0.870260927729726
no.marked.data,fc6b7384ba2f8838,2,436,0.9971215030513558,0.8462639053169125
no.marked.diskusjon,0e01d11690ed1d9a,9,905,0.9947892693657566,0.8589237542604654
no.marked.diskusjon,11d3c07cad93504b,7,365,0.982644456887106,0.8339129920285622
no.marked.diskusjon,165845243117caf7,1,103,0.9920810145544814,0.8355696570517622
no.marked.diskusjon,20b540ee7314cd97,4,205,0.9836483845412515,0.8436173322547253
no.marked.diskusjon,2489cd6e5afbcefd,82,3160,0.9887642861699347,0.8352323484789754
no.marked.diskusjon,27e0a000de33728e,2,429,0.9986309123480619,0.8470486719389004
no.marked.diskusjon,298428ec1567f22e,1,54,0.9778969594464113,0.8323757296061144
no.marked.diskusjon,3f132ce2ab7e9106,16,891,0.9882269759427057,0.8461151917475951
no.marked.diskusjon,426df7873189816a,11,545,0.9884004885639873,0.8376226456184531
no.marked.diskusjon,45193f41acadb5ff,6,471,0.9919418837633303,0.8259858218622829
no.marked.diskusjon,460efc3be742d082,4,146,0.9895706983674878,0.831560742557983
no.marked.diskusjon,48105a80faddf7e3,11,904,0.9897264463224377,0.8628587147875537
no.marked.diskusjon,4d736991439e28ea,19,892,0.992155571846188,0.8459518956037718
no.marked.diskusjon,52d0ff7e6a2839d3,2,68,0.970949383859419,0.8171219439858515
no.marked.diskusjon,59ffdf2945ee77b2,16,909,0.988867509947592,0.8444987699542748
no.marked.diskusjon,5bbc35d110be30f4,9,486,0.9875205802899415,0.8579713250664104
no.marked.diskusjon,62ac976a74a8396a,87,4445,0.9929544274779109,0.8230879242923663
no.marked.diskusjon,653b6725138bc816,2,514,0.9992939671379438,0.8832483438224102
no.marked.diskusjon,65ebe6978bf71fb3,4,222,0.9823169028233294,0.7878905882629723
no.marked.diskusjon,6aa344fce4a34ce1,10,528,0.9875595984688987,0.8293572152266605
no.marked.diskusjon,6bd3d2f10ead2c70,9,471,0.987373053556456,0.8027218975335101
no.marked.diskusjon,6fe2a0df1daa53c7,46,2269,0.9897387771337314,0.8425759512120422
no.marked.diskusjon,71017ce7c2827d8f,5,316,0.9937167174219141,0.8633492917018023
no.marked.diskusjon,7748dc689c1389ab,12,614,0.9898357834218164,0.7989423756352154
no.marked.diskusjon,79dcc41db70637dd,19,988,0.9855659977561954,0.8342507326270906
no.marked.diskusjon,7a951f6349594bd7,12,594,0.9839601689855683,0.8425225227320302
no.marked.diskusjon,7c67b7b9255c7a17,6,395,0.9855357475367927,0.8233162659644254
no.marked.diskusjon,8c659af06d126c50,6,372,0.9922437146407473,0.8429692807481951
no.marked.diskusjon,9a2a7f079046a000,8,467,0.9905406436223104,0.8442967439733076
no.marked.diskusjon,9d0df3b97b4203d6,17,741,0.9852928424231014,0.7994438037833537
no.marked.diskusjon,9fd3af3292c2e3f9,28,1599,0.9901553420759115,0.8609256587349018
no.marked.diskusjon,a9577e5758e4aeb7,55,2679,0.9893433755552152,0.8636495900569385
no.marked.diskusjon,b4e12945f0f42aa2,13,558,0.9919493547697867,0.831320833985766
no.marked.diskusjon,d350287636b7a9bc,39,2541,0.9900836658552292,0.8272635033120821
no.marked.diskusjon,d3e4aebae679fa62,36,1906,0.9857646155295904,0.8133275701636541
no.marked.diskusjon,ddba88ea80106bc6,19,1157,0.9932428857715729,0.8479066479442053
no.marked.diskusjon,e10d7c2a2235cfa0,7,405,0.9858011478791145,0.8032100704399788
no.marked.diskusjon,e4a263010afb9de2,19,684,0.9918050721975636,0.821662934004166
no.marked.diskusjon,ed2a6acfd17c5162,1,227,0.9952085199911337,0.8556794402284003
no.marked.jobb,0bd60241868c9070,17,1142,0.9873491322280503,0.8249480048577807
no.marked.jobb,0c890d4809cde37f,8,763,0.9896971694316341,0.8275217158212393
no.marked.jobb,12b1943d14e2ed94,13,722,0.9868963213868152,0.8212216216828674
no.marked.jobb,13cfc42f0963590f,11,605,0.9899315388523543,0.8442848775407965
no.marked.jobb,22ec9f29324da2f4,9,494,0.9906083753625771,0.8652200213389902
no.marked.jobb,2787525a6013d4c8,12,1007,0.9931314350774585,0.8453328078043508
no.marked.jobb,2cf254efe24fd592,16,795,0.9932654692901233,0.869663645986798
no.marked.jobb,2dd7ba43b235eb98,3,166,0.9843835257774586,0.8228856360770873
no.marked.jobb,314e1c3f2d6d9d78,3,180,0.9944147177637018,0.8387601798455057
no.marked.jobb,384545dccb059a02,37,1828,0.9745488063468123,0.824401876094179
no.marked.jobb,3e24c0202680a958,5,458,0.9869187546756748,0.8064600443938855
no.marked.jobb,3f9994dd041ae9d9,3,164,0.9721313705831875,0.8214398803365467
no.marked.jobb,4f3397b7d732193b,3,155,0.9871360828216047,0.819574732038593
no.marked.jobb,4fc025e27aad51fe,9,631,0.993498386347825,0.8582132865415374
no.marked.jobb,6277a21568fae1b5,20,861,0.9885327530596251,0.7867560414834476
no.marked.jobb,724f5ee579eb494c,1,128,0.9956974556837946,0.8098573658154331
no.marked.jobb,7b76742af015f798,1,257,0.997969475456362,0.8405169099411516
no.marked.jobb,809e002159ee0fed,3,223,0.9938762567319037,0.8343303857169182
no.marked.jobb,87ecce6b703f7609,2,225,0.999148576290063,0.8587324738645246
no.marked.jobb,8f0ae44384480b18,20,824,0.9713322292986372,0.8156649134585406
no.marked.jobb,90a31bbd9372069d,8,695,0.9956491231268517,0.8222829181821221
no.marked.jobb,976bc9cd92414c77,7,339,0.9864882714935407,0.8341070385263494
no.marked.jobb,98ada698b3b24671,12,936,0.9806015580715429,0.7995233456220057
no.marked.jobb,9b12283756ce1221,16,765,0.9916548185298116,0.8332380834786315
no.marked.jobb,9d0e0e4989807e3b,10,435,0.9881748238133611,0.8381332011768666
no.marked.jobb,a41adbb39ac03083,8,413,0.9880952063769383,0.8409284783708021
no.marked.jobb,a89ca6f2b1ba1331,6,496,0.9893033752073136,0.8298024514111088
no.marked.jobb,b03c4e65f341e435,10,1012,0.9981305515615757,0.8805408073889993
no.marked.jobb,b781980995faf488,34,1787,0.9854158558191334,0.8412055532104862
no.marked.jobb,ba8852a09f5c53a1,13,1080,0.9847957466914427,0.8126596785597758
no.marked.jobb,bbcc2a3b62c23b17,29,2131,0.9909998989450268,0.8291102686829722
no.marked.jobb,c5b8be7a0d96af62,5,204,0.9878650170824265,0.8155894992705951
no.marked.jobb,c69559435b69a112,1,259,0.9980211095592644,0.822713267652796
no.marked.jobb,cf5cbc2db7c10b32,8,328,0.9841840452480118,0.8645230946031646
no.marked.jobb,d208cd22366eefdd,2,94,0.98565947876138,0.8631171298353978
no.marked.jobb,d3e13dffdf32c88a,3,186,0.9886618380089595,0.8200633084909112
no.marked.jobb,d45545d791f84f2e,8,326,0.9836133671916882,0.8461035028510991
no.marked.jobb,dba16485016a4349,8,374,0.9875561039533901,0.842478034459741
no.marked.jobb,e6664c8e38d5efaa,38,2206,0.9922927719928755,0.8268828377977674
no.marked.jobb,ea6c786340834419,4,394,0.9867634470033049,0.8083047262305886
no.marked.jobb,f973ac5285848cef,3,489,0.9861375917706503,0.8361445030685983
no.marked.jobb,fae3c75889527b80,8,928,0.9928557553493381,0.8830265898244244
no.media,0771ee0a2734a64d,3,212,0.9951180957954031,0.8355991844118338
no.media,0b1a05b62e9e5e1b,11,830,0.9876701066685677,0.8559334445452903
no.media,103d085ea3fd18b3,17,1129,0.9949940551667641,0.7560799564165119
no.media,136a0b095bb6b2dc,29,1665,0.9886196408669036,0.8761591462756354
no.media,13d710fe4f8bb62c,24,811,0.9868377935058271,0.8195262723026888
no.media,1dba9f0030751b5f,2,401,0.9953768548575108,0.823725391594999
no.media,24dd7188c2a7d931,6,470,0.9837050898730876,0.8726177991389025
no.media,280f34632d169b2c,6,253,0.9909385365061325,0.8179473731411258
no.media,2daea4636f1855b7,4,328,0.9915489305699515,0.8046744590079766
no.media,2efe1de6d4eedb36,7,208,0.9811805048830914,0.8028936418122125
no.media,3042b69edb5ebe47,1,146,0.9876350297370123,0.845823061573589
no.media,32b589f85cd919b4,33,1567,0.9915397583898585,0.843327045603144
no.media,356f7b2f011fe3b1,7,305,0.9816402183623032,0.852534943496503
no.media,399fd9f910e8d7c4,7,431,0.9891270582683512,0.8612266705731689
no.media,4229d48c521c8dc9,3,184,0.9869669991879794,0.8431223671061026
no.media,5b0cc462af600ba3,7,301,0.9900256913528752,0.8375284329771187
no.media,5c9c164aa5bd5226,26,1327,0.9918302485163741,0.8691242732291308
no.media,680764b8170458d3,6,431,0.9941915571041126,0.8435879442873454
no.media,6cb500de8a80dea9,8,659,0.9937728674032712,0.8657255573829296
no.media,6f0bfe5f168584a0,7,276,0.9809302232029178,0.8103916707617286
no.media,80d32cf1f2128818,7,247,0.9866042544097947,0.840025016297093
no.media,9401e2c033981e4a,1,1075,0.9996460427900983,0.8527483317219718
no.media,9651be6da1506285,4,364,0.9950659394228262,0.8572518148112658
no.media,9e354638c69d26de,9,832,0.9937848466641025,0.8469023898510388
no.media,b040c521cb1beb0c,28,1188,0.9904310511835256,0.8477125270380861
no.media,b5e9d5e46bb07baa,2,409,0.993760198803483,0.8861377716623663
no.media,c00bc37a89a316d2,6,549,0.9922501990807228,0.8463554853222333
no.media,c2e7eb1eec43a963,1,195,0.9897899781474229,0.8212801311266182
no.media,c8d4c9a3362acaa2,7,415,0.9878760715839409,0.8646278744164579
no.media,cff6babf35a27fbd,6,689,0.9971444203475176,0.8579454158338867
no.media,d04f0cc2d5b98164,6,464,0.9927749033868258,0.8637531229165964
no.media,d26b6894e98b015e,12,372,0.9851288962100865,0.8120485339126698
no.media,d2a96f6ec810059d,20,1041,0.9936357229844042,0.8216490634852365
no.media,d86c1e75a175806b,1,317,0.9984302203211645,0.851900214699821
no.media,e2753be335071bfe,6,454,0.9958636604608726,0.842353697651445
no.media,e917333b2cf85e32,1,342,0.9989296212921156,0.8648802912522718
no.media,ea50a7462d658248,9,376,0.9922733547955321,0.8341689782443529
no.media,ee015b9d402dfda6,12,372,0.9851288962100865,0.8372219534353021
no.media,ee20543c623b6f69,15,765,0.9916405618419244,0.8309529291554434
no.media,f05d5b3e3aaf800b,1,79,0.9918575112011984,0.7820190411650482
no.media,f61ee38d11ec9726,2,223,0.9864688041581418,0.798489487197434
no.media,faabe3ad326cb579,7,540,0.9940339880236247,0.8591471849042273
no.medisin,0166eb3c77424e71,58,2656,0.9922581705370791,0.8465750630845592
no.medisin,0472a2ffa934091b,11,860,0.9906881918491841,0.8155797614287016
no.medisin,0faaceeb2ae6651b,41,1627,0.9845021572606728,0.8166778407992119
no.medisin,12710d17be36ba2d,2,169,0.9865227966980197,0.8014589927453393
no.medisin,1475d06418ddf4ab,20,1245,0.9804260079552342,0.8162370868032643
no.medisin,14f63c918c18305f,1,72,0.9971131772165535,0.8400360881113327
no.medisin,18002883f5cf44ee,13,884,0.9891353035811028,0.8082101138335029
no.medisin,1bde8d77df2b9907,15,608,0.9810617219598815,0.8200730836125923
no.medisin,1ee30fce94e5c3e0,22,1299,0.9888100295345779,0.8407012781945352
no.medisin,35b4232a2d53ae4d,19,823,0.9915724284502413,0.8375069904960362
no.medisin,3991e4a83dda36c3,34,1464,0.9887292924251467,0.8297134267665116
no.medisin,3ba534bd832921a6,2,353,0.9972408297049502,0.8298233973337837
no.medisin,3edd8a4b7ff16606,56,1872,0.9856227493233843,0.804500521966007
no.medisin,46cd975775e907f1,10,787,0.9933619907800856,0.7866908209259232
no.medisin,4b1ef0274813e42f,2,363,0.9957779849794688,0.8088913182914298
no.medisin,4c9d702562d154d5,3,128,0.9798048645937915,0.8322884682355252
no.medisin,53d56829a42a2269,11,734,0.9739015989163232,0.7826734151895883
no.medisin,5409a8dd609d3dc8,23,888,0.9763662116620511,0.8400143073705743
no.medisin,5aac05192acf70ee,20,942,0.9910153512761046,0.887240618604892
no.medisin,6580798c6db12d56,6,543,0.9961368894859665,0.8574219880722739
no.medisin,7c8cf6aa5594ef82,6,274,0.9886048049854108,0.8332794579036897
no.medisin,7e796bd66b7c856c,15,790,0.9948016354073392,0.8252545644995942
no.medisin,82a84ebb0971c01d,21,924,0.9914077245687732,0.834005351425948
no.medisin,838043ff0a077d9e,8,554,0.9980902169542097,0.858893257666719
no.medisin,959b0445b0c253d6,4,939,0.9981332030288326,0.8046615830043856
no.medisin,9cd9859b289c7a5f,10,403,0.9811628895290205,0.7898090784735452
no.medisin,9ee9a0ea27de1dec,22,726,0.9939964011107213,0.8117768036675231
no.medisin,a040f53d30d7ccd2,5,437,0.9846744706426763,0.7952040009203403
no.medisin,b54ef9e54e41927e,7,1696,0.9986615241818975,0.8249843127728893
no.medisin,b70c13dbed656c8b,45,2048,0.985691046976044,0.8622442287419231
no.medisin,b778c563cc1673b3,12,606,0.9948754570949013,0.8477227423634529
no.medisin,baff2646efd36550,11,420,0.9933739404375174,0.8507702809237058
no.medisin,c0d40e51ecd96045,7,389,0.9890979418272835,0.8008014709923899
no.medisin,d0575b0571e74ab9,2,256,0.995921142740736,0.8326272641807698
no.medisin,d1e60d73c4ef0722,45,2442,0.9939019608515112,0.8333657324840198
no.medisin,d2133bec0d0b6737,10,719,0.9942522206880529,0.7962135677281075
no.medisin,d53f006dfb85d66c,16,856,0.9950449298632212,0.8530945572603517
no.medisin,ee6670416a1da52c,15,815,0.9935786911879211,0.8104337451363933
no.medisin,f5d2002240a09f27,16,965,0.9928166297519595,0.8401007660425851
no.medisin,f807fb161d5d5c74,22,865,0.982328927719718,0.8057115881284507
no.medisin,f8f7c011b5fed5bd,2,142,0.9909160052078203,0.8163759063885049
no.medisin,fefb0a625e9f0c05,24,1780,0.9946372561835223,0.8292684383293557
no.ms-windows,04e4017120d8114c,7,364,0.9934781536652569,0.8228258536742522
no.ms-windows,05a5d9ac9faed314,5,433,0.9963617093553245,0.8286404341897522
no.ms-windows,0632f861b4372a12,16,1036,0.9919024063867247,0.8366214799559968
no.ms-windows,185bcd1776d4038b,3,276,0.9865824766413277,0.8332274179180057
no.ms-windows,1aababe1f05be258,6,168,0.981899384538612,0.8565286941619579
no.ms-windows,29f825af671f2d51,10,956,0.9935977345676924,0.8458489246454451
no.ms-windows,2ae966f0a419e124,13,691,0.9920237108362584,0.8595146522744934
no.ms-windows,2f25fb06586fb176,2,430,0.9945601207425334,0.822811243333542
no.ms-windows,2f3e999eddbf5f4b,6,502,0.9911779649048092,0.828060908000442
no.ms-windows,4ad7e8fb05997713,4,286,0.9936491966320782,0.8603978336977937
no.ms-windows,5eff09e444371af5,8,1083,0.997460189854961,0.7966888764878609
no.ms-windows,6661c58d93ae7272,25,1135,0.994938699599862,0.8357536856348708
no.ms-windows,6782f356052bf421,3,240,0.9896358333072548,0.8063532067355345
no.ms-windows,7503131a9e1243ca,2,396,0.9993562122828611,0.8478059801215387
no.ms-windows,75b99f50ecdf6bae,9,478,0.9908868996031459,0.8572393776813796
no.ms-windows,7fe36e21720bd8b3,7,427,0.9907913556306205,0.858254342294559
no.ms-windows,80323ee4ce6a5515,3,337,0.9952245190603545,0.8057412762183195
no.ms-windows,8281e6774d779e1f,7,389,0.9834957507176563,0.8449458525778217
no.ms-windows,9c8e9a135eda43f6,22,789,0.9894549891780916,0.8864719853849832
no.ms-windows,9e9ff74ab31ab0c1,7,629,0.9916835867241853,0.8646533727731504
no.ms-windows,a57dc4a3ab1c32ee,13,818,0.9939859240488028,0.8288714115199542
no.ms-windows,a5fc39f0e8a55ace,10,705,0.9941958462401427,0.8314950010566046
no.ms-windows,a6206339e8bf3f42,3,207,0.9932064943567898,0.8328295018036882
no.ms-windows,aa92269f459c628a,5,218,0.9890057787623415,0.8031097888592231
no.ms-windows,ae2d9c55a0bd06e7,6,703,0.9928457532344145,0.8283271981652622
no.ms-windows,afeb041f0183bf91,4,4144,0.9975765839085864,0.8612323778528358
no.ms-windows,b43b597561301edd,16,950,0.9948278959150555,0.8591624677423505
no.ms-windows,b616616e268b0ce8,5,452,0.9867848423314614,0.8419176142542235
no.ms-windows,c0d9af318f548419,10,464,0.9888218735533699,0.8092179861765456
no.ms-windows,c5a0d192a2eae136,25,1729,0.991845707240629,0.850703358951018
no.ms-windows,c86b1627910a44ed,21,1503,0.9946940821758123,0.8512900376798725
no.ms-windows,cc2342c2139d0e4d,15,871,0.9932754239914681,0.8211498265539767
no.ms-windows,d7b4d95042584f69,9,692,0.9959168787992587,0.8186307740393071
no.ms-windows,da8b5592b2007c2a,13,466,0.9885653436272869,0.7862081272334256
no.ms-windows,db7508f0b79e5597,13,490,0.9906151501773174,0.8506287685603707
no.ms-windows,e26f05ffe69aecca,7,318,0.9882266318161568,0.7903209288520736
no.ms-windows,e3ddc4a7f23ad464,14,708,0.9821237916051608,0.8124673115300235
no.ms-windows,e763bee9fbc11d7c,14,559,0.9834772733532484,0.8722809361206896
no.ms-windows,ef001e51eafd90d2,11,625,0.9958898341568737,0.8285327853360855
no.ms-windows,f16f2aaa6643708e,3,139,0.987685445712935,0.8636338513586499
no.ms-windows,f62e7fd8a446e9db,11,347,0.9845273292749966,0.8416771803839694
no.ms-windows,f912ec37009c5e84,25,1127,0.9919685486485422,0.8165429552493448
no.multimedia,0154185a9d2abd0a,14,523,0.9922937347311516,0.8202606437156494
no.multimedia,0259d78c7a9c774e,10,458,0.98497224404133,0.8294186123658461
no.multimedia,071427e1e8fba2e9,5,501,0.9913538785961395,0.8331577335581534
no.multimedia,12b56e4363b3e49f,19,846,0.9906069270533486,0.8099618829162362
no.multimedia,194be7e1bd8627df,10,482,0.9903901765128783,0.817714291219482
no.multimedia,1cecbb4438af380e,6,549,0.9922501990807228,0.857056853018462
no.multimedia,20179fff520fb201,34,1696,0.987376952434058,0.823281621336959
no.multimedia,25482bc6f608ca48,3,292,0.9845391569344338,0.8256357254867409
no.multimedia,29bdb62691428263,6,1460,0.9984298934785494,0.8798728327233163
no.multimedia,2bb8ff8592753e84,1,625,0.9983239517694047,0.7168856320239224
no.multimedia,2f2802e25d7d2a9e,43,2895,0.9944169530347616,0.8259019212567554
no.multimedia,349fa6f92a7ab5a1,40,1804,0.9857215971525471,0.838127102757816
no.multimedia,3cba99211ee9a156,3,421,0.9927879383613949,0.8030078604859961
no.multimedia,4b474441d821abf2,3,609,0.9938765284523378,0.8701666165048199
no.multimedia,4d73dfd175b919cc,2,391,0.9975500727913796,0.8755470923809009
no.multimedia,5905c018641157d9,1,187,0.9982843338154832,0.8491951279202711
no.multimedia,614d6a053b34f17c,17,1055,0.9973149800201567,0.8299894693469494
no.multimedia,622862094e26bea7,6,498,0.995232581559862,0.8745003313771307
no.multimedia,65e5362bda71a1a5,9,501,0.9848476692208814,0.8446005558558987
no.multimedia,68a48cd1de3597b5,6,465,0.9941437054808553,0.8573665180693242
no.multimedia,6cb8c5da52bff9c0,6,365,0.9911158162846815,0.8008334906801055
no.multimedia,6cf62cd9b329b823,11,1039,0.9980757159431032,0.8469787247844929
no.multimedia,74eb9d6ba43e827d,5,523,0.9881667294251761,0.846760136854288
no.multimedia,8ac3f4f46a80056d,12,726,0.9848924709529071,0.8139313064209037
no.multimedia,8b11132900af0ddc,66,4304,0.9921551404893016,0.8349997673365995
no.multimedia,949b7b17f24723a7,6,544,0.9955645096321718,0.8576657875678917
no.multimedia,97ee8fc48e00d20d,142,10606,0.9965991051360007,0.8383584375151268
no.multimedia,9efa50d78c1179c9,13,350,0.9833628744166129,0.8728825096082384
no.multimedia,a8864022dc0b48e7,1,288,0.9989917419059302,0.868370918322782
no.multimedia,a9898fca41d79dfe,5,641,0.9913988612512782,0.8484658538904618
no.multimedia,b29c232fc926566c,6,380,0.9867944541767799,0.8490941052953338
no.multimedia,b4c06dd319a7119c,5,486,0.9933347804546224,0.7984462593251819
no.multimedia,c1bc064664ed5a3f,16,699,0.990736995523231,0.8352978505312917
no.multimedia,c1f11543440ccdcf,10,608,0.990554452857073,0.8407236325430217
no.multimedia,c20e90b0ce64b098,1,78,0.9904526066997111,0.8332315277971972
no.multimedia,c340dc3e05590cbe,14,529,0.9868318020707645,0.8243416402970514
no.multimedia,c7e32d5098fab17e,32,1455,0.9935101789849772,0.8171799740365986
no.multimedia,cd780a7245c0e63c,2,127,0.9881849718808432,0.8502392600947903
no.multimedia,d1b049ee73b7f511,3,572,0.993059434936529,0.8610348225423523
no.multimedia,d5fa10719ef26f8a,9,471,0.9748181104215434,0.8156479120969852
no.multimedia,d7bc81601f3c1cfc,5,348,0.9918082213395587,0.7966312743257588
no.multimedia,e4e2def0a02f65c8,16,1032,0.9954918928116279,0.7936186196617927
no.multimedia,f6387f0562a1253d,11,860,0.9943383455137157,0.8114213405427985
no.musikk,03bea90d466ccaea,15,769,0.9948745437878738,0.8777194733342358
no.musikk,04712876fd656df2,7,1775,0.9982302909043739,0.865520127644172
no.musikk,0c71e58797aa60b6,12,901,0.994439884274871,0.8469035832344725
no.musikk,15f5236ba4f2f41a,3,490,0.9978691287640353,0.8589143832920406
no.musikk,16ea1c8589fd41fd,2,371,0.9850400717787001,0.8038124343975731
no.musikk,1a11716af7f4fe54,21,1290,0.9950766085679982,0.8275804909323852
no.musikk,200a8d401fbae86b,16,855,0.9898047970008911,0.8102961182114523
no.musikk,2acc4ef9ff5a8e28,6,374,0.9919106440632665,0.8606435929603788
no.musikk,2d107cb81975e859,5,467,0.9891466241327846,0.836408151510798
no.musikk,2f8ce66c90ee897f,2,451,0.995768237511774,0.8299405695562085
no.musikk,3972e65e6b7f62f4,14,706,0.994544930828423,0.8442339614113059
no.musikk,3aca9d4963da1d34,4,268,0.9862888726490938,0.8199809985142935
no.musikk,41040b60aaea32fa,13,686,0.9960123901976456,0.8699368296737294
no.musikk,4609e76725580edb,5,289,0.9774228273722417,0.8229126273910142
no.musikk,52daf0a286b708a9,7,346,0.9880907107998227,0.8230937732784546
no.musikk,53d4cd7957b6ef2c,1,76,0.9926565504839455,0.8346357972292083
no.musikk,567638916b3b9f62,6,390,0.9950852671273576,0.859529997090135
no.musikk,599c081319368d65,1,593,0.9950211750913751,0.8317207562415866
no.musikk,67aa788ee2418863,7,887,0.9963581798195513,0.8469461239753471
no.musikk,6ba8d7976b3905f7,1,462,0.998515875598468,0.8520225781918338
no.musikk,6ebc9f5975005427,5,409,0.9973591076498639,0.8154548103651479
no.musikk,6f255cb5fc4b7d42,13,601,0.9924719267235338,0.8339161182878992
no.musikk,7ac67e7be884c27c,11,952,0.9878202895346581,0.8243442966696922
no.musikk,832ca9e95d77d907,24,1402,0.9879673477784345,0.8438557295882319
no.musikk,8c1620bda88965e5,3,446,0.9909854077490964,0.843540103552188
no.musikk,92220c9aa15e49c6,8,526,0.9927449905238891,0.8171999375760481
no.musikk,9293df8db43cfa80,8,704,0.9919798468911125,0.834940468362125
no.musikk,a22d8a7896244ca2,9,515,0.9921318119811038,0.8390366510462803
no.musikk,adc102a374ca40aa,8,1139,0.9980106132240023,0.8239282265662339
no.musikk,b0d33955650f8ec0,10,1050,0.995397658061221,0.8414255001014789
no.musikk,b63d8733a5ef00e1,8,409,0.9928077527417839,0.822418266959781
no.musikk,c1273f89183dc5b2,4,211,0.9869875144302798,0.8329041290168744
no.musikk,c17d5de1685bb637,4,352,0.9950957545094183,0.8304398156867531
no.musikk,c274556e746f7d77,14,1128,0.9935711079468237,0.8410625107503719
no.musikk,d97c303764354548,12,681,0.9944687984112393,0.8234453038537605
no.musikk,d992c082e8be996f,11,505,0.9876856430768185,0.8438723604896243
no.musikk,da10e0b6a18544fd,4,421,0.9905781526375402,0.8485136183407145
no.musikk,e2d9a36d4899b809,12,731,0.9929484872765879,0.8368552871646475
no.musikk,e6b8de39092133a5,4,618,0.9899485921052191,0.8435512794351551
no.musikk,ebcdf0e405a02fe1,8,730,0.9943361261421875,0.8279807390040345
no.musikk,f1d8b1d405dafc1a,8,687,0.99428516466771,0.8306014377651321
no.musikk,f2a723c4d4980a3a,4,274,0.9919386905145962,0.8116809039750081
no.musikk.gitar,088d225a179a695e,3,323,0.9940827666820409,0.8376774572166107
no.musikk.gitar,11b23601b5aca7c4,1,177,0.9972184447469772,0.8286193562874155
no.musikk.gitar,17865888979a6d7f,61,2720,0.9857727067474834,0.8133538459085315
no.musikk.gitar,19a80297e3a1fd84,1,186,0.9994336886798073,0.8286107017053738
no.musikk.gitar,2297ba9f0d34ee07,6,193,0.9907635049266136,0.8051852527397795
no.musikk.gitar,25ded067a6d49e3a,9,1181,0.9975556509721886,0.8272446479322886
no.musikk.gitar,29f3fef5b845307c,3,419,0.9980716779720985,0.7959228900678711
no.musikk.gitar,36d1ddba88e8c979,2,500,0.997858836056403,0.858270706649133
no.musikk.gitar,38b0ed5ea837bf69,10,578,0.9943357525800341,0.8404398318312788
no.musikk.gitar,43936cc2afb8963f,5,431,0.9893565804807168,0.8499340523082872
no.musikk.gitar,44f97bcd826074fb,7,629,0.9962270994884849,0.8633973804248893
no.musikk.gitar,49a609147ebf5c14,18,877,0.9890744804928087,0.8179757985941204
no.musikk.gitar,53cb8918d4985d1a,4,333,0.9901580094773541,0.8278747502416519
no.musikk.gitar,55d0a6d90e5617bc,2,508,0.9957316778125689,0.8117069809919742
no.musikk.gitar,561c7c0e091820e0,20,635,0.9813725834207866,0.7971894161360566
no.musikk.gitar,5adb57c6eba473d3,28,1333,0.9927544659396499,0.8377656650634778
no.musikk.gitar,70fabe3b884f4d95,3,330,0.9952206124524116,0.8128115439684656
no.musikk.gitar,8cd0046a7bf54c47,24,1253,0.9893020731459196,0.8326861679840185
no.musikk.gitar,8d370e457325eacd,6,862,0.9934567109172207,0.8820531230777627
no.musikk.gitar,92688b49660e9b3c,2,270,0.9933420693484692,0.8161100445382529
no.musikk.gitar,927a98b4353b87c4,17,872,0.9930139079725777,0.860812535995691
no.musikk.gitar,944f844e0f3e3b8c,45,2719,0.9863290027651166,0.8380884492732981
no.musikk.gitar,9660edd4f4c252cb,3,303,0.9946248934523793,0.7992194405220462
no.musikk.gitar,a22550bf158d52b7,15,608,0.9862009136848662,0.8407076871288566
no.musikk.gitar,a47470c2f25dc299,2,398,0.9923951840854429,0.8604341751917884
no.musikk.gitar,b29dc1404926c0ca,12,433,0.9876483501009315,0.8329563993042184
no.musikk.gitar,b595986928f1a3c4,3,598,0.998287460254657,0.8388227203576646
no.musikk.gitar,be66c55b11e4113e,7,337,0.9878767152232598,0.8062654310870387
no.musikk.gitar,c0772d54dc32c510,9,233,0.9862669492096637,0.830629898906333
no.musikk.gitar,c6cd80b5826d9db1,8,748,0.9944582920525213,0.8111708840225955
no.musikk.gitar,c8b02d1930760540,8,777,0.9867924124339676,0.8523304958532906
no.musikk.gitar,c8c3a65324cd25f0,8,660,0.9931536923323233,0.8432052414629095
no.musikk.gitar,d4478d0661bf9378,3,646,0.9983541399044519,0.8105841259646748
no.musikk.gitar,d58ebd1e72a107d8,5,257,0.9936063279445504,0.8089292718036089
no.musikk.gitar,e067ab9b9de2c633,4,155,0.982707348794832,0.8289607245957314
no.musikk.gitar,e1dc712c0e1c3b24,23,1458,0.99556612440703,0.8029140284103268
no.musikk.gitar,e8d739347c0c01cb,7,452,0.9898534419801697,0.8636892302945166
no.musikk.gitar,ef5b280792fde7fe,5,283,0.9926165931570216,0.8580032381897756
no.musikk.gitar,efebefcc31f60c23,6,5048,0.9989332175992115,0.8411682975886017
no.musikk.gitar,f08cac24467bc258,1,88,0.9924433459881877,0.8226418822960425
no.musikk.gitar,f7a307246b758f04,4,194,0.9849590829431587,0.8410715269658584
no.musikk.gitar,f7bfc5295e5338dd,38,1838,0.9904078256540217,0.8083434946997716
no.musikk.gitar,fa1e4a806fdbef9a,6,195,0.9832272701058591,0.8106521367635899
no.musikk.klassisk,012fa7caf752844e,7,401,0.9811072016380965,0.7907998425178124
no.musikk.klassisk,079e9162e9fafb11,7,667,0.9926732989334829,0.8461493083421004
no.musikk.klassisk,07e947079fee664b,18,799,0.9858021486538275,0.8453955608581923
no.musikk.klassisk,18a191eaa9335c81,3,465,0.9939087975824606,0.830161538851974
no.musikk.klassisk,1967af1e80d47985,8,235,0.9870460114646034,0.8295185176889769
no.musikk.klassisk,233133922d172781,7,577,0.9922606223023167,0.8353319902736865
no.musikk.klassisk,268205bad9743704,14,677,0.9920389060911641,0.84224957617561
no.musikk.klassisk,327595305bf9269a,19,719,0.9791477904160611,0.8091113597207756
no.musikk.klassisk,38120ff5bfe67eba,3,64,0.9834188527694321,0.8125662250788847
no.musikk.klassisk,3fd9348003ac450f,8,217,0.9831909970191035,0.8341754425793974
no.musikk.klassisk,488a84c8274e888a,11,807,0.9948154656583813,0.8460516604768425
no.musikk.klassisk,49836c7a160c6c4d,16,778,0.9846167709265359,0.8487524642972814
no.musikk.klassisk,4cd8c36a5e32b541,13,583,0.9885032015980539,0.7929874486289632
no.musikk.klassisk,51e19eb3b459125f,2,298,0.994555998683944,0.811044368651607
no.musikk.klassisk,567d6cf72479ec51,4,210,0.9864684126327798,0.7864265274644962
no.musikk.klassisk,5d432f37fe5d93be,1,82,0.9899700942618213,0.8665673899966987
no.musikk.klassisk,61b5b61d5ce9e94c,11,579,0.9894860323815418,0.8355791806068067
no.musikk.klassisk,670bcff66a3c0446,2,319,0.9840536040714909,0.8190962803242473
no.musikk.klassisk,68bd8c5e1fce6a1d,10,799,0.9931884270659083,0.8497915932725357
no.musikk.klassisk,6a7c700f96bbf5b3,15,735,0.9914885607509628,0.8386331239867598
no.musikk.klassisk,751f1a94549d95f9,5,414,0.9909415298616401,0.8192709145480008
no.musikk.klassisk,7a1ad7f08dccb7f4,8,593,0.9900509229652861,0.8315448451637246
no.musikk.klassisk,7db803e4d1e898a2,4,378,0.991179106356247,0.8337903293346796
no.musikk.klassisk,8b5b55c410441326,23,956,0.9903958154168991,0.8481584802942407
no.musikk.klassisk,8f87064cbceeac2d,12,825,0.9965241320131465,0.7929055412936673
no.musikk.klassisk,9c5d18eef2df0ac0,23,1342,0.9933596752184637,0.862068702329074
no.musikk.klassisk,9d2322693c47ae21,5,134,0.9831177838975048,0.8036668055721077
no.musikk.klassisk,a88549bdad6b6012,14,1145,0.9973811530429352,0.8249188735857882
no.musikk.klassisk,a90a40abe68b990d,4,177,0.9849600613513168,0.8148252590405975
no.musikk.klassisk,a9dd1251ec9b8f2e,5,607,0.9948958047855645,0.8311281149356592
no.musikk.klassisk,b24983a06290ecdb,30,1319,0.9947998043747254,0.855429221698162
no.musikk.klassisk,b601084cb54ff35b,7,561,0.9955335868283249,0.8376556719930527
no.musikk.klassisk,b630c7bcc8ee8121,12,517,0.9792005973528282,0.844758269032553
no.musikk.klassisk,d7181af659b21c2d,23,1356,0.995796066206987,0.8339755354829119
no.musikk.klassisk,dd95f75ec6796e3c,25,2622,0.998570686813293,0.842457201910132
no.musikk.klassisk,e1ef1c526dbf9a06,20,1099,0.9923060269174673,0.8349405370389572
no.musikk.klassisk,ea10d9b8068f4ea5,8,572,0.9931971993650597,0.8364120964537441
no.musikk.klassisk,eab76510d362bf99,12,543,0.991268570452579,0.8260237489147525
no.musikk.klassisk,f0356e9508f6fa9e,5,321,0.9822285845727297,0.78785340674005
no.musikk.klassisk,f15fc5d04cdc407d,5,663,0.9975416611569903,0.8473908054546824
no.musikk.klassisk,f30bb7c48327e664,5,275,0.9844496046806543,0.8323366582039383
no.musikk.klassisk,fcbb5ab0cfdde17d,7,236,0.9888943364737786,0.8183199321096021
no.net,038e57295e054303,3,226,0.9851471485912446,0.8354610150328159
no.net,0d866aa324a0c6a1,13,1184,0.9952182593812549,0.8106889868733224
no.net,0e3525eee7600b8f,15,1023,0.9949732026354693,0.8493116941966686
no.net,0f4a733cee3cc0ed,1,699,0.9997575713875658,0.8433406726227164
no.net,0f8484947842b9fd,3,369,0.9971666275732567,0.8495414617586785
no.net,139c5a541a937f9e,5,370,0.9884363751697945,0.8659118172141342
no.net,14604d436654a4d2,8,573,0.9945241586873265,0.8136048707248863
no.net,17cb82c61f94bb3e,9,409,0.9801169093199232,0.8286582440845
no.net,17cda7f00e6c8c78,11,1049,0.9915710056798323,0.8707038187144146
no.net,1c0e485baefee508,5,407,0.9919508126397242,0.8309217081182623
no.net,213651e39061e83b,46,2124,0.9873890367629309,0.8633830012638168
no.net,29a9fc414e295834,2,178,0.990860101519196,0.858861449919497
no.net,29f8d1a14bdd7ff4,5,648,0.9919657331974815,0.8750994563880061
no.net,2ce9697d2b3256bb,6,661,0.9961734011370538,0.8559219349410293
no.net,417ce2bfbcd75f24,18,2258,0.994917291741646,0.8781501562395961
no.net,42fd891c455a7dfd,10,553,0.9918153868150574,0.8542193487872614
no.net,4cb12c5e799ba57a,2,170,0.9911919206301276,0.8222145669017905
no.net,527f10eb7c87f725,3,432,0.9943017006362523,0.8132081174181334
no.net,554bc9b116116a1e,9,617,0.9902141616067542,0.8235303559101579
no.net,594281d88e8715a8,8,597,0.9878478127095013,0.8747170307379559
no.net,5f0f5e7231081d0b,30,1369,0.9913990282515923,0.8359898965764283
no.net,653405d5563e5847,5,546,0.994694831294114,0.8416719930676646
no.net,66f12870ce3e3885,8,473,0.996429095128057,0.8481625627956821
no.net,6a74d9636a7f35d3,32,1675,0.9907058729120521,0.8372129281032279
no.net,7a6c35840d97b038,22,752,0.9847917398396302,0.8536797597253754
no.net,80f2325acd68a0a5,4,233,0.9894609162207211,0.8284167698694807
no.net,86f9a2405b74fa8d,3,304,0.9946274578553463,0.8594252861929428
no.net,8dc0520af883f79b,11,473,0.9871989255068887,0.8391578803144584
no.net,91ed9a2dd549eec9,11,601,0.9895017479362241,0.8381787004877954
no.net,a590c7360d9b5da3,11,532,0.9918621879647196,0.8757528310820539
no.net,a7fb2711dffcb789,7,418,0.9894479897028174,0.8531205587359791
no.net,b215d0fe464c8cb9,3,142,0.9862776138139997,0.8281737193270012
no.net,b40c50a253cd5b69,22,1075,0.9937879102349542,0.8589174210519344
no.net,b94d19b6ce93d965,12,368,0.9738502447622085,0.8025825560223253
no.net,bd8b523017a7f3fc,9,1030,0.9974035867107937,0.8663984501965816
no.net,c6f8337c4a425c4c,19,507,0.9817430703920769,0.8133178502001215
no.net,c7a6ca9d2dcc02aa,8,555,0.9939779398397807,0.8648349689841238
no.net,cc91b21876f4599b,3,289,0.9934126410458227,0.8877380478126742
no.net,d3cd2d34dd917d7d,9,558,0.9928040554242666,0.8309257290927762
no.net,d88d90e59d8be0d0,14,936,0.9946481947028891,0.8823908313022817
no.net,deff69340e425ccb,20,588,0.9901623964910728,0.7986357384564459
no.net,e3be09b66bad742e,13,345,0.9766408136982949,0.8261938622311471
no.net,ed634ca8e93596cd,18,838,0.9867332905473664,0.8231048144438026
no.news.diverse,052cb290ed3bc2a1,3,284,0.990269665911014,0.847107375167418
no.news.diverse,05f8be9768e9a7a4,44,2715,0.9929535750242403,0.8676441669919204
no.news.diverse,069ec2746f0915a6,3,261,0.9911301913372214,0.8776943690385542
no.news.diverse,0a0ff6e36e410614,3,296,0.9910050247421346,0.870696498576473
no.news.diverse,0b8dbda321faf52d,21,1615,0.9949542393127658,0.8390060702997277
no.news.diverse,0cc8f35394c4d714,1,209,0.996776323422087,0.8713945844580344
no.news.diverse,12f6ff9a05e00c83,1,10,0.9610738869420518,0.7974177647904992
no.news.diverse,1413005200b9c61a,6,654,0.995109601173541,0.8448704697767415
no.news.diverse,17daab5814cdbabd,10,322,0.9849257358439508,0.8480728845456109
no.news.diverse,203abd694f595f11,17,672,0.9920519519504417,0.84257380815045
no.news.diverse,22025b89969b54f7,5,242,0.9905526670295981,0.7979927826889519
no.news.diverse,4c82c08ad7476730,29,1173,0.9895107103286277,0.8927835458852137
no.news.diverse,56d6b502eb0b1266,7,307,0.9878072675511649,0.8692509929346127
no.news.diverse,58a8b00e771af582,3,965,0.9953197551435529,0.807534168883327
no.news.diverse,66fc35f6c0b6871e,10,619,0.9933755617897658,0.8753815467795738
no.news.diverse,6ba21d602eab37f1,66,3973,0.9954873001013367,0.8359896911243911
no.news.diverse,6f489423adb12539,5,561,0.9934122290781403,0.8816411039207944
no.news.diverse,72842dfb24755fd2,2,243,0.9963404484979016,0.8213761959360928
no.news.diverse,752c4fe05c3d520f,23,1111,0.9944466390603146,0.8210561163370392
no.news.diverse,75d555404e9c4657,3,334,0.9933579185611578,0.8684491971325785
no.news.diverse,7739e2b10ef5f11a,9,786,0.9952693179386525,0.8519565406845002
no.news.diverse,7a31b74b6e29d643,8,588,0.995381546380408,0.8612341210592704
no.news.diverse,807b813c45309601,23,1089,0.9928251388700603,0.8926642029270304
no.news.diverse,8138a188b28c3782,5,234,0.9820845227598151,0.8332886398511411
no.news.diverse,8ea59705b298dd4c,11,422,0.9876910751151344,0.8259925301825753
no.news.diverse,94c5e98a33abdbb3,15,567,0.9915422664207785,0.844147521624582
no.news.diverse,957f7832a6050275,27,1516,0.98867971253461,0.85785137649828
no.news.diverse,96c42c7a6986b20b,5,460,0.9987485644173869,0.8174582472415615
no.news.diverse,a14c5c8c6c782ede,13,759,0.9918745279919015,0.8384084100901333
no.news.diverse,a6f756e2f2076a0f,13,536,0.9868141178002777,0.8222206948117571
no.news.diverse,b16a2ffaa09f1448,12,513,0.9930469533426642,0.8379974824405263
no.news.diverse,bef34d994d79dcd5,1,68,0.9927201015107066,0.8679791688359412
no.news.diverse,bf939d9f60e502cd,9,723,0.9946879518812997,0.8661747780061496
no.news.diverse,c034cfcd0634df9d,20,1579,0.9918730545598949,0.8605558240266672
no.news.diverse,c666a6b6abb37c79,3,411,0.9923020988568716,0.8399705737305908
no.news.diverse,d41dadc8164b85fd,3,176,0.9893368961771425,0.8348886105463846
no.news.diverse,db6ea1bc5f1d9115,17,851,0.9889868324080375,0.8719083417772729
no.news.diverse,e324553ac7aed8ec,6,319,0.9817490874738807,0.8401943484606048
no.news.diverse,ecbc2755b0b68c33,20,671,0.9804600437595138,0.856476333480045
no.news.diverse,eed39bda7003cf2e,4,339,0.9895659318303225,0.8466745617615328
no.news.diverse,f0f96d1db91af11a,10,1051,0.9966813319101611,0.8446448188911284
no.news.diverse,ff9b03948cef02c6,7,408,0.991197311144419,0.8283592573280554
no.news.drift,01a15e5565847b9f,5,285,0.9915183265919835,0.838073622424763
no.news.drift,05194bd83ffe247d,14,1719,0.991075824856853,0.8532126839127631
no.news.drift,06417dbab3277ed5,13,488,0.9871287649495201,0.8016524875727778
no.news.drift,12556729b129db4f,44,2029,0.9854930703379399,0.8560360299324516
no.news.drift,1d480c4a40ced645,7,2167,0.9927248200480774,0.7994927533161709
no.news.drift,1e979ae56cda3050,3,419,0.9983483103213505,0.8450353491973701
no.news.drift,2b74518c184e47b9,11,761,0.9926655030473638,0.8862646468512162
no.news.drift,2d1f201c39d80d54,6,513,0.9968427157066223,0.8331208820031956
no.news.drift,30656808410ace3c,5,367,0.9949937501208547,0.8565629242210566
no.news.drift,362ae2a914e5ba20,7,294,0.9899037272439977,0.8610326961753584
no.news.drift,375a52fbbab550f5,3,188,0.9913974913296633,0.8183195841239728
no.news.drift,399a536ece0031ae,9,307,0.981524848025535,0.8509050909587398
no.news.drift,44cf08ccc3dffbc0,3,799,0.999346141606859,0.8544732207021609
no.news.drift,466c24f46c341187,4,889,0.9973329366195138,0.8645009863143274
no.news.drift,4bddb0b0a3dac6d4,2,593,0.9997210171538958,0.8529080135681842
no.news.drift,4f60397d278ac374,3,326,0.9968550354410608,0.8242395639892321
no.news.drift,5913cdffcdcb099d,13,698,0.9905428137728842,0.888721480408563
no.news.drift,6999568be2a7e2e8,6,717,0.9945578388442532,0.8541064569384589
no.news.drift,6ef2c4d9a8aaf12c,16,848,0.9887666921676884,0.8776230644976261
no.news.drift,767f74b56babffbc,10,838,0.9970791077766586,0.8437562562556213
no.news.drift,7acb495df6f3cf9e,3,318,0.9941514970668015,0.8561034623155016
no.news.drift,7d7b31baa658ff17,7,526,0.9942935851688394,0.8662176070989177
no.news.drift,855ad0ec31c40ba5,3,329,0.9893452477513052,0.8447780401699694
no.news.drift,88485cc022c28d50,4,199,0.9835695678707287,0.858373892736741
no.news.drift,8a1a5fb79495f334,7,759,0.9952797439189598,0.8824746775176859
no.news.drift,8bf2bf8dec3de1a5,1,206,0.9960185955794595,0.8183157889529038
no.news.drift,8f8f4681ff214c96,4,651,0.9983457334594017,0.8646729820205801
no.news.drift,8fcbd72415585d76,2,618,0.9988148205184303,0.8482287101080549
no.news.drift,902af0b3bb6f0187,15,786,0.9913426730602968,0.8716455378402038
no.news.drift,9c2dc91425a93619,7,397,0.9907177655751436,0.8387562756191214
no.news.drift,a25bc2e59e2ad6ef,4,228,0.9891857425417396,0.8221701468869526
no.news.drift,a9366e7c8492fc09,6,334,0.9915327770675241,0.8272969224889241
no.news.drift,a948cbea45ccb4f9,10,455,0.9922256448947244,0.8004324649579478
no.news.drift,ae01f850ba4dffa0,5,322,0.9894314666465888,0.8448221479762381
no.news.drift,ba6b18699e7fe748,8,489,0.9897534335430871,0.8698312202687797
no.news.drift,bc5d827436df06ea,6,515,0.9936961230428124,0.8779109510631438
no.news.drift,be2b05f9af05c13a,14,884,0.9895555815327576,0.7837507051549099
no.news.drift,bf34b86427888022,7,476,0.991256523191694,0.8802590079154243
no.news.drift,c7e64064c2d82658,6,651,0.9974974031745363,0.875858237480422
no.news.drift,d6e0970ad677107a,19,816,0.9847981753550433,0.8656167551037178
no.news.drift,e317f6dc4847e460,2,129,0.9946231908421634,0.8516158132036388
no.news.drift,f4b816df30710564,6,539,0.9958565455780896,0.9113090980822637
no.norsk,084252b9d7ec2868,3,238,0.989896977814313,0.834312411575384
no.norsk,0acdbd65e6d00757,6,377,0.9945573986598409,0.8529479039072873
no.norsk,1d78242279e161a3,59,3387,0.9919635122343375,0.8382650950049221
no.norsk,1edaae64a7400f4b,82,3744,0.9873758281263684,0.8530579101254101
no.norsk,1f0efc427cc3c632,9,637,0.9862428071624282,0.8617780095398221
no.norsk,211d5c025f1e62ff,6,179,0.9619450081905867,0.8462179209456762
no.norsk,27f29176d1eed711,6,574,0.996976473362858,0.8065505996227411
no.norsk,2aa1f10c6435e02a,28,1549,0.9923898861483623,0.8455328258429166
no.norsk,4431c6b0bf2cc4c2,36,931,0.9772550829223606,0.8585887009559702
no.norsk,4935c33eb8a9ca4e,3,385,0.9875267341146219,0.8532500862548137
no.norsk,4f11c8e0f0909f97,23,1159,0.9894128455644678,0.8436935790729777
no.norsk,57c8dcb1e1567f49,12,991,0.9920980659580068,0.8516999525139252
no.norsk,5805d4410a199f78,3,233,0.9865252481441735,0.856446658626781
no.norsk,5b146d91aef3bc9d,14,412,0.9654119402637235,0.8249232822243846
no.norsk,5bd4b24cf5edc624,18,1041,0.9919757909124152,0.8343323841404797
no.norsk,5c61dee2258af2d8,6,491,0.9913952385932985,0.8539315443294523
no.norsk,61a7d26bc973f4ed,6,489,0.9911308342523069,0.8409951509134784
no.norsk,640c58150ea0b3f3,4,147,0.9837093236842535,0.8377155783050407
no.norsk,6b16d69943cf6503,2,432,0.9976887951097047,0.8419143002706702
no.norsk,7bb773c5c1ce5d64,2,414,0.9994134475247889,0.8761043075686901
no.norsk,7c5a294871dd89f8,15,805,0.99200943756537,0.8264882365768821
no.norsk,8398f57af52edeed,12,448,0.9773292214021001,0.8156361880985112
no.norsk,908d8175bd4e727d,4,317,0.9906851501055932,0.8049649844166967
no.norsk,97ee78cf793fe48a,10,364,0.9815864426956915,0.8111190324358729
no.norsk,9c15f225c58e1a87,25,1391,0.9943637677586621,0.8815254992401879
no.norsk,9edcfd2ae6d958db,10,941,0.994117732737897,0.8423229357169748
no.norsk,9f95457eb6e1b423,31,2258,0.9960192700133966,0.8396365309812528
no.norsk,9ffcd43d85aff80c,11,652,0.9926276987509463,0.8551690884064038
no.norsk,a507484039434a4a,2,215,0.9920361358234855,0.8628852480061118
no.norsk,ac7522077b5b1ff8,22,1178,0.973608403514696,0.83051527173456
no.norsk,acaa067424dcf8e8,3,59,0.969199517539875,0.8244716557219922
no.norsk,af2f75996a837bd9,20,1111,0.9894186713734365,0.868814624649632
no.norsk,af6e566ebd8bf2ad,9,619,0.9943901375628689,0.8270751699039771
no.norsk,bdf4597c2dc1c14d,7,617,0.9931673489447164,0.8458895971242482
no.norsk,c4990dee0e1428ee,9,497,0.9828933908773302,0.833881052941394
no.norsk,c5fca711ddf0fec0,5,689,0.9847485708740884,0.8342694808897663
no.norsk,cfeaee1b82046fd8,26,875,0.9838735953047131,0.8460358161479236
no.norsk,d28fc6d8bff15eb2,5,142,0.9718207314672459,0.8438971628791166
no.norsk,d9586073aff02ccf,9,577,0.9929757556384957,0.8451492071985867
no.norsk,e74afd7a759a9341,7,329,0.9847984855213667,0.82589270600153
no.norsk,e79173e92c1a36d6,37,1458,0.9848913088628614,0.8170765707585754
no.norsk,f7974f6624174feb,5,565,0.9947118139433605,0.8443101470986248
no.norsk.fagord,0d0cfb4f708707e7,4,725,0.997369502714817,0.8428299337097909
no.norsk.fagord,10fd0e95b3f23784,4,624,0.9992440848518891,0.8539383594004051
no.norsk.fagord,18ab3afeb4a27245,3,227,0.9850550152361279,0.8426647807730951
no.norsk.fagord,193f221b2a42e43c,12,553,0.9870368237907726,0.814449680702687
no.norsk.fagord,1ebebca89a46309e,8,526,0.9947440107221971,0.8028092599711973
no.norsk.fagord,275835afe73eae86,10,661,0.9931695761901405,0.835728041531622
no.norsk.fagord,28bbe7204df37a29,5,453,0.9829593791181296,0.8181424348410761
no.norsk.fagord,2c26867af6e9e402,11,1032,0.9939904186643995,0.852749533468658
no.norsk.fagord,2ca9f4ed009137a2,1,307,0.9972201285765336,0.8214070968449463
no.norsk.fagord,360286c9418e8328,5,246,0.9887810444679284,0.7897917137707336
no.norsk.fagord,371bc7db65a14d04,2,340,0.9976240778621357,0.8580300078841445
no.norsk.fagord,46804aab0825a9a2,6,383,0.9918888186850106,0.8524625942409847
no.norsk.fagord,4988e2befa047fc4,9,561,0.9914623072351831,0.8253277883009283
no.norsk.fagord,4bc9b5ae81d89e50,1,210,0.9985089545206771,0.8463117705036203
no.norsk.fagord,4fa05e1b196cef64,24,1499,0.995916853451311,0.8441916932613042
no.norsk.fagord,51394a58b7ac6ede,2,476,0.9971314208589473,0.812577036407144
no.norsk.fagord,5f8367d51b5ac95e,4,1174,0.9950624669567932,0.8306256661531882
no.norsk.fagord,619b7a2e90c8ce43,5,581,0.9937729098799186,0.8471775071023521
no.norsk.fagord,626ed9fc4a622b33,5,432,0.9839323636192198,0.8332791679245661
no.norsk.fagord,6b297c1b42aaff21,4,364,0.9947146025496829,0.8339020412617468
no.norsk.fagord,80526e7e842e4650,2,502,0.9911321380284509,0.8449000319330857
no.norsk.fagord,8162cea3ce305489,11,1276,0.9952617643695333,0.8115807209580597
no.norsk.fagord,822cc6e37af8cc67,4,449,0.9874259998163054,0.8100036099560552
no.norsk.fagord,884f663a69f11360,7,288,0.9847585643380453,0.8602294650755529
no.norsk.fagord,8a89ddf4ca608332,15,1600,0.9956886097127262,0.8238066127899046
no.norsk.fagord,97687680f37e5fc4,16,646,0.9774040363582022,0.8603871399323447
no.norsk.fagord,9d271de2c54da81e,30,1706,0.9956030931466586,0.8387994913659927
no.norsk.fagord,9fd92e09a70604bc,3,510,0.9974463342896313,0.8466319338763798
no.norsk.fagord,a7a86488c18ad1ea,11,543,0.9808471660615539,0.8641961875003363
no.norsk.fagord,a8d4d95722de5108,21,917,0.9898819378496153,0.8535835167587896
no.norsk.fagord,b38e9001bffde60b,2,250,0.9994190475956773,0.8482849730855825
no.norsk.fagord,bbda3005fd6b4719,2,201,0.9921896470595137,0.8156410414242995
no.norsk.fagord,bc1e7346fffcb51e,2,303,0.9917819419125077,0.8460845772549657
no.norsk.fagord,bcc6e6e0771768d8,2,180,0.9972959784904798,0.8215422470649028
no.norsk.fagord,bf6c8b94ce1443b6,54,2906,0.9865618009889944,0.8227423263866096
no.norsk.fagord,c7e967d971482423,26,918,0.9899276803666233,0.83030235962977
no.norsk.fagord,d344ec2ad88c1cd8,12,528,0.9868345273412286,0.8652265009135349
no.norsk.fagord,d9753d629a9f6ecc,12,643,0.9829662785620467,0.820525686095687
no.norsk.fagord,d97ae2ca3b98ebe3,6,372,0.9943977793650086,0.8295985712028754
no.norsk.fagord,e407532e4a8e02f2,1,280,0.9991852702769841,0.8102601553435598
no.norsk.fagord,f33549adba8395c9,6,633,0.9915881466725865,0.8611393276410968
no.norsk.fagord,f624ff0736d2fb24,6,423,0.9889828113302342,0.8393750433812612
no.norsk.fagord,fb0f1afafe40927b,6,339,0.9927460041869056,0.8378182806894726
no.nuug,015032a432a26fa2,13,993,0.9906435981606049,0.8224776072203462
no.nuug,02402a29278dd919,15,629,0.9835611276008894,0.8803554598499216
no.nuug,08a7f14c215f4085,2,65,0.9888725677028479,0.8554641365453602
no.nuug,101930625ad4ab8a,19,848,0.983896888932305,0.8655038239430529
no.nuug,1b8d24343f6a58e9,14,948,0.9963640096208299,0.8809921748255849
no.nuug,2030c1e00a8e2654,3,524,0.9985953214362726,0.876848490116344
no.nuug,3861bbe17f34f569,8,381,0.9903604580536064,0.8371465081441621
no.nuug,3d48bd71191635eb,11,1030,0.9947425916774986,0.8293541867350186
no.nuug,46226533cbb3d497,31,1341,0.9915918288093959,0.8432460147513829
no.nuug,479f14ebb38e5fbe,7,319,0.9850912445059232,0.8434275967846718
no.nuug,51b510e80f326965,3,316,0.9844172615948403,0.8394187916336344
no.nuug,56003fbcc4a6c06e,12,578,0.9821311926373035,0.8204843971054973
no.nuug,591a0b2193b23b4e,15,618,0.9938737976986183,0.8271902878677398
no.nuug,624be8dd39b5aa3b,18,985,0.9827115656295884,0.8380883774459484
no.nuug,6cceea13ea802dfb,1,248,0.99506831858165,0.8680075572893127
no.nuug,74dc6c3e6de7e8d5,3,329,0.9901771829030199,0.8750015803924046
no.nuug,7a363f205b7dac34,2,97,0.9826924108548999,0.8873461221496849
no.nuug,9945992975bd2875,14,672,0.983159839672851,0.8308669155361346
no.nuug,a34c82e5c0c551be,7,395,0.9933085727528247,0.852554941710482
no.nuug,a41269a317094305,124,7253,0.9876945705393274,0.8459159889048637
no.nuug,a7468e7be23db137,71,2769,0.9873443284879228,0.8013645042937965
no.nuug,aa26b2254ae72833,5,551,0.9892212122971455,0.8579766955463144
no.nuug,bada3a3429520083,1,209,0.9926526734148372,0.8174818782645726
no.nuug,c4ba203550aba8ea,9,664,0.9895469135842659,0.8126507702709392
no.nuug,c5f551bd073f4c56,14,538,0.9809022197122167,0.8359993751856442
no.nuug,d69b011d667fb570,3,167,0.9902596693507446,0.8481279721316523
no.nuug,dc5a98c3bd542131,29,1155,0.9848716052275543,0.8693303208449557
no.nuug,dfc0a9b5841b4d66,7,637,0.9937810473262915,0.833694769262716
no.nuug,e1063648cc9e7a80,1,145,0.9987425341700279,0.8223446898827262
no.nuug,fbdbcbb623e74c13,14,888,0.9872090875264462,0.8285685579684124
no.nuug,fea1ccef5ea47084,4,455,0.996565860991261,0.8766724025460316
no.org.dnd,0f6577d66951e664,2,169,0.9918040606729296,0.8246096729346586
no.org.dnd,430515aec83235ff,2,131,0.9807192648222743,0.8584272663122021
no.org.dnd,74204439ccc87ea6,1,789,0.999123461674634,0.7897923777172347
no.org.dnd,82c6861f32ac8467,2,3164,0.9999340274296292,0.8320646580338897
no.org.dnd,bb300ded89b648f1,6,428,0.9657785574004301,0.8090184343442925
no.org.dnd,c85eea48bc673aec,1,739,0.9979167885483673,0.7713258486120471
no.org.dnd,d29599dc22e40708,13,975,0.9871151682208812,0.8772996950480745
no.org.dnd,e06d07161b77d381,1,2503,1.0000000000000002,0.7761533793375764
no.org.efn.diskusjon,0439b961c517dc0e,7,404,0.9854443478336359,0.812939697436322
no.org.efn.diskusjon,0daad1b2cd1deef2,33,1675,0.9931041763544249,0.837445782880938
no.org.efn.diskusjon,1a95a770692a24ba,4,439,0.994394755438777,0.8922681829062662
no.org.efn.diskusjon,1ab6ff1dbfbd91cc,5,610,0.9927625330092763,0.8420920036926638
no.org.efn.diskusjon,1ef2cc5bc256eb29,8,743,0.9928963589026681,0.8325230972857307
no.org.efn.diskusjon,27e24aaac35596fb,58,2955,0.9945877708069788,0.8369307097764629
no.org.efn.diskusjon,3830d3c4f48023e6,7,553,0.9881015365618051,0.8079325283358056
no.org.efn.diskusjon,434d8a661bfaeac1,15,850,0.9922857526523652,0.8306389497910346
no.org.efn.diskusjon,4378d21a9f6a13df,14,1086,0.9922579875050576,0.8134981425780942
no.org.efn.diskusjon,4b7920c7482f27cc,22,1182,0.9918872827809105,0.8204630855498842
no.org.efn.diskusjon,4f5c37518c67e018,5,379,0.9926464618612924,0.8589150258756961
no.org.efn.diskusjon,50084c2493b13a8e,1,647,0.9995235463796194,0.8218841610487833
no.org.efn.diskusjon,5d57fa8d28912b4a,129,7058,0.988410043498627,0.8722434807169702
no.org.efn.diskusjon,5ebb8744dace6ad8,42,1699,0.9912413716654758,0.8221327067239576
no.org.efn.diskusjon,63b47192dd860a71,156,7440,0.9919670477328871,0.8318706172181832
no.org.efn.diskusjon,63be562d1d64ec2b,5,562,0.9819419398560053,0.8637867566343945
no.org.efn.diskusjon,68210c4b17729aa6,6,426,0.9970481365974352,0.874101484005245
no.org.efn.diskusjon,69b29150f2d80dff,9,722,0.9941320422488527,0.850537339077806
no.org.efn.diskusjon,6aa31a04fb048e02,13,891,0.9945667682945453,0.8462580221520868
no.org.efn.diskusjon,7e107447d83754b6,14,1266,0.9940662635646467,0.8464364587156487
no.org.efn.diskusjon,82c15d86acfc2f10,32,2880,0.9966757343400279,0.869061389749593
no.org.efn.diskusjon,83d412c0c1a17f98,91,4357,0.9944625028696434,0.8181011331561286
no.org.efn.diskusjon,886a3178aa0988cf,19,1796,0.994659431040381,0.8252827950625687
no.org.efn.diskusjon,8abd0a0174adc770,10,1044,0.9913958297435699,0.852133061257124
no.org.efn.diskusjon,ae709465069ee342,36,1624,0.9932623678133445,0.8216238603083799
no.org.efn.diskusjon,af6057607e86276b,3,663,0.9962588483354988,0.8783417162573214
no.org.efn.diskusjon,b423ee91a3046843,71,4219,0.9952760931024264,0.7855680352679615
no.org.efn.diskusjon,bee2947f976b8dde,82,3828,0.9942693566038686,0.8603271432739625
no.org.efn.diskusjon,bf55faea7bf1496f,1,381,0.9991853416297457,0.8573325657845765
no.org.efn.diskusjon,c0bdf77a6875ae76,57,3003,0.9893691724310725,0.8357797410430953
no.org.efn.diskusjon,cad812007403f2a7,39,2349,0.9857232436523735,0.8146347913440966
no.org.efn.diskusjon,cf7aaf4bef6e6481,8,713,0.9948153188844917,0.8671047800138364
no.org.efn.diskusjon,d0285d855b8e74ff,5,582,0.9934161688668381,0.8150072168719456
no.org.efn.diskusjon,d3112c8d4a1d905e,9,737,0.9970543659083752,0.8735633233618415
no.org.efn.diskusjon,d7c1f3f1cff89cc0,32,1320,0.983517798206564,0.8451512294342067
no.org.efn.diskusjon,da9a79c6ff7f2a6c,24,1419,0.988220222989436,0.8564153066403373
no.org.efn.diskusjon,e5dcb50682b73a06,2,719,0.9970828808497576,0.8975109031193028
no.org.efn.diskusjon,f04c624959068cf2,13,651,0.9890333192845057,0.8696702107497106
no.org.efn.diskusjon,f1da465c6eb60f80,18,2140,0.9940175227227973,0.8797558231152438
no.org.efn.diskusjon,f9468d9fa14ec30a,16,957,0.9947442809836134,0.887714894066502
no.org.efn.diskusjon,fe1557540ac7da31,56,3184,0.9918139687158991,0.8810578898996758
no.org.efn.diskusjon,fe732908067be65f,36,1949,0.9889985294866992,0.8545265990139592
no.org.isoc-no,001de21292a7fcca,5,512,0.9929106811210408,0.8272090197350208
no.org.isoc-no,0649d2252310ecb7,24,1000,0.9896964770210739,0.8162877119567037
no.org.isoc-no,0694015015e26439,6,455,0.9936470399955066,0.8203067530100021
no.org.isoc-no,0e3ac6b4ea58a5b1,17,1015,0.995178238104082,0.881679636114586
no.org.isoc-no,1989ec01151c2e2e,4,332,0.9921438839980347,0.8747823306357612
no.org.isoc-no,1cd8f999c1fb4936,43,2572,0.986814058890867,0.9170289043784633
no.org.isoc-no,373eec11eeb8101e,2,123,0.980238417908125,0.8225681583579193
no.org.isoc-no,429d9c3c38a827aa,16,1272,0.9968835703887948,0.8715005617823293
no.org.isoc-no,4afdf63415234e96,1,117,0.992037718956782,0.8205145158644829
no.org.isoc-no,4b2a9e7b40100d6b,18,3003,0.9953776306420685,0.8504688919258959
no.org.isoc-no,5d7b6ddda6de6c02,14,858,0.9876267459559875,0.8759768874297864
no.org.isoc-no,5f6ef0b566c90630,63,2731,0.9870311424456235,0.8801425287716917
no.org.isoc-no,5f6fa5e78d98ed91,56,2914,0.9851021065430063,0.8087204552015383
no.org.isoc-no,6441f0955ff0b751,16,1019,0.9922433807716322,0.847100186559764
no.org.isoc-no,739eea15b09af221,80,3982,0.9851285984894412,0.8398483189906332
no.org.isoc-no,752b217b03db3cb6,23,1179,0.991790078437035,0.8473675357055144
no.org.isoc-no,791f8e85033652ae,216,11461,0.9877626283915966,0.8077155146489137
no.org.isoc-no,7d8cc7ac264c5d02,22,1124,0.9917401648379276,0.865426837234153
no.org.isoc-no,7ef5459493579c53,68,4201,0.9916901854220026,0.8105176143718015
no.org.isoc-no,7fb0ea599b52bda1,125,6155,0.9839118381973911,0.8368578571376973
no.org.isoc-no,93dc8f8ec68806b9,30,2089,0.9944337847727498,0.8886248539785235
no.org.isoc-no,97c28970d67fe5b6,31,1408,0.9867228696496096,0.808806742409812
no.org.isoc-no,9b4b063afe5bad17,8,403,0.9906927423417093,0.8449689806648587
no.org.isoc-no,b7d703217e0eb9bf,95,5371,0.9984139193972944,0.8252299738082666
no.org.isoc-no,b9231a84e755237d,18,663,0.9913883550898611,0.8470818127544659
no.org.isoc-no,bc339405d8e5b860,33,1616,0.9919392038080185,0.8740032177215813
no.org.isoc-no,bcf1a8398bdddc04,3,5023,0.9981259222697898,0.8162949514341894
no.org.isoc-no,c0b2542b0ef87a9f,96,4327,0.9889446736807594,0.8198716029509442
no.org.isoc-no,ce16a603e52d6381,16,555,0.9869330977836163,0.8738745453775444
no.org.isoc-no,dc069925374ef04a,24,1315,0.9951452286829318,0.8391780956267277
no.org.isoc-no,e97ffaeb43d5696f,20,1103,0.9911193689853264,0.8338975110663196
no.org.isoc-no,f03015882b2a04b7,176,7736,0.9816180492946741,0.8450337799857005
no.org.isoc-no,f552e3b922777467,20,996,0.9935226857727014,0.8641139898028584
no.org.nobug.diverse,011985738c4410f5,3,430,0.9986346191122923,0.8059322398706901
no.org.nobug.diverse,1fe5a40463782791,7,641,0.9936410856930596,0.8013875780672096
no.org.nobug.diverse,201fbb1966e5701b,10,538,0.9911344782556132,0.8395090824665568
no.org.nobug.diverse,2275b17fba070e23,3,206,0.9898144008890013,0.8389930902592017
no.org.nobug.diverse,2355471d7306405c,2,44,0.9798382308575926,0.8316430899256063
no.org.nobug.diverse,25a75cb19e859847,6,610,0.9965903936549186,0.8348234185121773
no.org.nobug.diverse,322cdbb4d1d5cb62,42,2959,0.9955531892937031,0.8125322691627397
no.org.nobug.diverse,3abb4576f0946f76,5,482,0.9969203456343786,0.8426721971331873
no.org.nobug.diverse,4174578366f9edd7,5,508,0.993652046720965,0.8436026011738805
no.org.nobug.diverse,41bb494f10abcd23,8,634,0.9935250062866061,0.8379055832511276
no.org.nobug.diverse,433f2d321b44b66b,3,180,0.9854727764810253,0.8438265582357403
no.org.nobug.diverse,5127c1ed42118b3f,5,698,0.9978818426560321,0.8220336525459528
no.org.nobug.diverse,5345d662a2c026b2,5,498,0.9887603254540113,0.8177901927761821
no.org.nobug.diverse,54142e7212cc5877,7,281,0.98996992519262,0.8705950437849047
no.org.nobug.diverse,5b50eadb5cd11804,4,127,0.980935860197833,0.839112977194537
no.org.nobug.diverse,5bc208a5efeab274,22,1171,0.9946939449849921,0.8142378602124799
no.org.nobug.diverse,5eb842d2ebfa7c9e,31,939,0.9930249152002297,0.8823054581824413
no.org.nobug.diverse,602dcacce356e6f7,5,453,0.9937279876096025,0.8566481197141528
no.org.nobug.diverse,62bccd5bb92088a4,39,2477,0.9944601335819744,0.8302166866775388
no.org.nobug.diverse,6a9ef2dee7c7de47,4,362,0.9899233266359366,0.8658718171037165
no.org.nobug.diverse,780ebbe95dab97be,18,818,0.9936679593263891,0.7745042800532254
no.org.nobug.diverse,85206373da2f6a74,24,1073,0.9949893988978034,0.8506687604630935
no.org.nobug.diverse,8dab7e3992bfaa37,20,827,0.9922723531415827,0.8594024179780508
no.org.nobug.diverse,99c9f72ec6416a0f,11,1008,0.9962228313986539,0.8560359494679816
no.org.nobug.diverse,9ae75396a393b934,2,238,0.9980445224964876,0.7917469463087267
no.org.nobug.diverse,9d36a21f74260d0c,3,210,0.9902349931223267,0.844254012371432
no.org.nobug.diverse,9f2179b80ab3d31e,11,537,0.9937359967310123,0.846507556261609
no.org.nobug.diverse,a3f2348fa444e94a,4,284,0.9942191993095932,0.8305799662729217
no.org.nobug.diverse,a91abbc69d7e0e31,21,1111,0.9948161325136715,0.832853029013218
no.org.nobug.diverse,ade08fa3e2679207,2,362,0.9964851833098003,0.8569853161647412
no.org.nobug.diverse,b03d6e20ee3a8aec,4,530,0.9948190491906924,0.8392728495783118
no.org.nobug.diverse,b638746e120963b8,3,327,0.992960241587514,0.8646546523400199
no.org.nobug.diverse,cdec0158bf5c9905,1,61,0.9872918887884128,0.8147688376222434
no.org.nobug.diverse,cede831c4a364b7f,1,70,0.9813508026364429,0.8278517251965881
no.org.nobug.diverse,d05baafd686a4b53,3,470,0.9942266043395693,0.8614712216169759
no.org.nobug.diverse,d25fa557a1f4c20c,6,525,0.992290432869517,0.8411495134974166
no.org.nobug.diverse,d2a70473245386b9,8,416,0.9927344697267062,0.8165489303184732
no.org.nobug.diverse,d75700655055dbaf,3,109,0.9881375276512407,0.8174459831147067
no.org.nobug.diverse,d8824ccde9c72c96,9,894,0.9964224601951468,0.7869217304506739
no.org.nobug.diverse,dabb398fa36c78a3,5,256,0.9797805995829494,0.8364460048633834
no.org.nobug.diverse,e247e116edeabf3b,8,622,0.9951095914850949,0.8387352782271128
no.org.nobug.diverse,fbac64fdb51e1f86,4,362,0.9938550547499286,0.8157606174826968
no.pc,157e24f95ee8ef24,10,739,0.9936112648308292,0.7683200199370173
no.pc,17b2f76d7683e104,7,410,0.9910248852342658,0.8633469931052974
no.pc,19adcd16d58b667e,8,378,0.9881030957790702,0.9003538069699415
no.pc,1bad0c2077b9fecb,5,538,0.9951813316390201,0.8430386076643995
no.pc,1cb42454b6bb2f52,7,420,0.9949943339753403,0.8046698563418454
no.pc,26c8bb8d61bbbc9b,5,471,0.9972521300329197,0.8039508135639654
no.pc,2e638cca51e591ad,5,299,0.9975703853327422,0.8394215232290002
no.pc,350839f18afb7b56,12,1280,0.995361579652539,0.8541402992494571
no.pc,3f74e4a9a2df7f47,7,1148,0.9940952409359983,0.8144402602042297
no.pc,494e1e8066e6a3d3,7,476,0.9919699307110404,0.8400374314644901
no.pc,4e173e37276cc660,14,650,0.9902015899835009,0.7847872676499542
no.pc,52e1b72606acd235,9,392,0.994974485633849,0.8346689702774561
no.pc,579ae0f49453ea05,2,2572,0.9974594485953189,0.8205874465138852
no.pc,61d20319cf5bf459,10,603,0.9949414624317784,0.8442190631223417
no.pc,662ad60c762e124b,9,386,0.9811767084421867,0.8383782733454574
no.pc,68e514b7d5311fdc,3,730,0.9993262714772195,0.7529860559325559
no.pc,69c119917fcfb51f,30,1395,0.9945366724254411,0.8400902000141117
no.pc,72d8bf54f2d12ccb,7,858,0.995692619646176,0.8535640088892321
no.pc,82dccde4536e279f,4,372,0.9889272737772965,0.8310926081460195
no.pc,8a1c8dcf283f2499,12,376,0.989218040907218,0.8537211053649085
no.pc,8c76c4062bcf7eea,16,692,0.9873115116793112,0.7995335593423978
no.pc,a14ea580912b7a3a,3,455,0.9949907106748973,0.8134894575311531
no.pc,a4b90c8bf1cb8705,12,833,0.9959065942264504,0.8199164120089044
no.pc,a679ef099cf27a3b,1,92,0.9979817467694267,0.8111447384547363
no.pc,b2ce24c74dcb1673,3,227,0.9952830560401388,0.8307285017725258
no.pc,b4d59ff6169be5b8,6,376,0.9934594247870289,0.8665960901564823
no.pc,b50ff14a8335390c,7,388,0.994414914274312,0.856242394037884
no.pc,b6ec02f8cb379f40,7,705,0.9941268371730251,0.8488424447272314
no.pc,b843a9d963c398a1,11,685,0.994227761220363,0.857074439940889
no.pc,bad9fb1a44037f66,1,304,0.9973942465184008,0.8341086473837244
no.pc,c19021da75313d86,9,843,0.9964672825555387,0.837200301839043
no.pc,c4464b06a0234c3d,8,420,0.9906677453030465,0.8870890201127222
no.pc,cb22c48d40a5e238,33,2660,0.9939260754763772,0.8410739741440371
no.pc,ccb4379d26db4207,4,434,0.9929991839424877,0.8713230236569672
no.pc,cd7497545b35b89a,12,1206,0.9948014979533988,0.8189777199825817
no.pc,d084f42c54ae5898,11,472,0.9823337516820237,0.8306376631141399
no.pc,d793389e31631f7c,4,313,0.9960334015664462,0.8049279565530204
no.pc,db44700e999c1d5d,7,287,0.9886933380497528,0.8136454161281128
no.pc,dc74c1d6f3b80cef,6,366,0.9930970649229919,0.8532164667482189
no.pc,e03e0fe981563c4e,9,647,0.9886827509764462,0.857704288030793
no.pc,e9acd47a7657a988,1,382,0.9985456107524338,0.8242486235615863
no.pc,f3cad7010e8909b9,4,382,0.9951856518719898,0.8500850283119649
no.perl,02e8f0bd7090f54e,3,97,0.9876556253624633,0.8240416445366845
no.perl,037cfeb94eec85e2,1,193,0.9954164242392233,0.7994876738444847
no.perl,0b2a695aeaede18d,3,354,0.9867471716262182,0.8205091477742221
no.perl,0e39c45eb57d8cf5,8,477,0.9843348026036003,0.8206069226148586
no.perl,10e09c82b04fc502,5,1281,0.9975339269909563,0.8154915857880637
no.perl,130b82d8c06e1abd,11,403,0.9906736481014158,0.8154210831549383
no.perl,18332baf07a48993,20,822,0.9876947532404602,0.8937379624340058
no.perl,2bf0eeeab7cbd5ff,3,316,0.9989408958406887,0.8710670136626706
no.perl,2ea409566d61386c,16,526,0.984880663034469,0.8470025020026312
no.perl,3127168679462acf,5,488,0.9939677809925904,0.825765264954053
no.perl,341018bceb584076,4,580,0.9966833907623073,0.827906645533711
no.perl,3c6722f5b932291d,2,534,0.9975588655845778,0.8353023135296092
no.perl,423adbaa5702de6e,12,1137,0.9972518524246908,0.8204033173224506
no.perl,432ea49c4ccf8b35,2,182,0.993602511590044,0.8252503853706666
no.perl,43a153904cf1c416,18,1003,0.9944493357613771,0.8378275448944242
no.perl,4ad1b5bf62e6a3f4,6,269,0.9871083344666499,0.811201469848327
no.perl,4f23b472a375fdb3,11,834,0.9938244428092632,0.8268576907559517
no.perl,520d44e4ab2c2bf3,3,289,0.9929073571254627,0.8318334142488327
no.perl,52979a5ae00d61db,7,543,0.9908517269810992,0.8808161944176105
no.perl,52a9ba7e7c50d451,11,275,0.9780238302794044,0.8075569877412669
no.perl,52af68335cf56f13,2,84,0.9768693942979227,0.8538371506820513
no.perl,54402d3a9528dbb9,34,2318,0.9945883049616352,0.7917570307913799
no.perl,563d19f37eed9f63,13,826,0.9873709679800516,0.8213127455303345
no.perl,57b24edfc1010f49,6,676,0.9979764980059647,0.8546001000926119
no.perl,5d4ab3bde778b9da,11,799,0.9958382119826507,0.8431120765327329
no.perl,5dd80eb32f6a444a,10,622,0.9914202784305676,0.833863054117331
no.perl,667ca6f376065d20,17,889,0.994265730418924,0.8307510624562868
no.perl,81b82605390b3083,5,994,0.9902385530805943,0.8381436175244749
no.perl,90ddf4291945a27a,6,566,0.9874330225278863,0.8732427551060752
no.perl,935b70e0fcb7ef9c,24,964,0.9915980693672191,0.843361937764755
no.perl,988b4f1ef2622222,7,843,0.996382838939973,0.7928036151653042
no.perl,a7672607b740ab20,7,520,0.9875951386857988,0.8157552866168946
no.perl,bec47cb6dec66128,7,337,0.9884527471758585,0.8226619280101457
no.perl,c5e20bd4a741991a,7,226,0.9901991868865655,0.8172762217981903
no.perl,c66cc8a76d56f206,13,1005,0.9956688950483646,0.8751173814920287
no.perl,cd78fe38ba6aa347,6,674,0.9928581447086235,0.8606201929834152
no.perl,e5dc2bb24b4fd381,1,332,0.9991787436667676,0.8059745898158891
no.perl,ec524e690e9cb5ba,5,711,0.9954199685407515,0.9103849999378073
no.perl,f2cad927cb5c8ddb,18,1413,0.9962594580819247,0.8536392326311019
no.perl,f8e62a49320ccfc8,6,385,0.9803360856515358,0.8791322619368264
no.perl,fa60326d9f0c8a0d,9,2612,0.9987960885325248,0.8101999091783894
no.perl,fd2fa8ddbed85724,4,182,0.9859973000262732,0.8013491183396513
no.prat.aksjer,030f93fa55eb036c,16,624,0.9913426060033727,0.8344364179044629
no.prat.aksjer,03205f7f73d9f7c4,7,675,0.9964184856747714,0.8177742217217753
no.prat.aksjer,0741ce07a6fb3818,5,336,0.9866112599072616,0.8274872308551815
no.prat.aksjer,07e7d47f06787a2b,49,3399,0.9968654699993401,0.8776468883779511
no.prat.aksjer,09831bff2bb10525,14,908,0.9960872103856354,0.8328748205977152
no.prat.aksjer,10577f53a97bbd57,1,360,0.9980869709693698,0.8366189593116058
no.prat.aksjer,1160fc8c2fa86dea,19,791,0.988939834173132,0.8330438525272649
no.prat.aksjer,130ed8f8ff5c01c1,3,93,0.9841558866745134,0.7988696360503288
no.prat.aksjer,143e94fb3a6c778b,5,235,0.9852656744454954,0.8098706493995439
no.prat.aksjer,169be59ca654f7aa,16,1048,0.9947267758338776,0.860586250702126
no.prat.aksjer,185a380f807c351a,2,124,0.9952058384338335,0.8279146023349009
no.prat.aksjer,27522bf4a94bcff8,1,177,0.9925849098203018,0.8000299374492664
no.prat.aksjer,284c38833d3ccfd8,25,744,0.9828067865100242,0.8190227423092945
no.prat.aksjer,3146677637ef8954,6,543,0.9937164060120153,0.8188419021870094
no.prat.aksjer,3239b8ce8afad8ff,22,705,0.9867239186143247,0.819682213818047
no.prat.aksjer,335bbc88ee2c2264,22,1179,0.9899275824164377,0.8499734041419704
no.prat.aksjer,398267a99bb69e97,4,225,0.9842102878523336,0.8242265461801107
no.prat.aksjer,3e26c7d9ab609d2b,9,355,0.9897736779575276,0.8183856398392982
no.prat.aksjer,3f7ddd97e1559c68,31,1056,0.9892381369842019,0.8503398273108984
no.prat.aksjer,48628ebec89d28ac,6,321,0.9878637627732326,0.809429692040178
no.prat.aksjer,4a6734810dc0cec0,17,765,0.9879283134063522,0.8462008389207553
no.prat.aksjer,4f72817981b2dae9,6,237,0.9866131490434767,0.8171208005056759
no.prat.aksjer,5a0c0fbaf567a492,1,712,0.9977455289665106,0.8508855867724462
no.prat.aksjer,5c38d2c9371a463f,4,149,0.9745099448706739,0.752219672441309
no.prat.aksjer,6c62464cf9de859b,15,1297,0.9963422228725258,0.8586424209230714
no.prat.aksjer,6faf3cc50080e00d,22,776,0.9811358954808359,0.8160153114090516
no.prat.aksjer,7a4fd74ee285cf57,8,242,0.9767711625406867,0.851390751867145
no.prat.aksjer,81822c9b51d76957,21,933,0.9824230362637085,0.8600058734659255
no.prat.aksjer,88dfa4c32c5f2f1a,33,772,0.9618351405643285,0.8348519469724304
no.prat.aksjer,a544bbf75d8624a8,7,268,0.9791408388311031,0.8332603385148943
no.prat.aksjer,a644a0c913843408,8,319,0.9928444500116117,0.7928620713447836
no.prat.aksjer,ada7f9b7e0f32c36,12,667,0.989970607610106,0.8444843354931345
no.prat.aksjer,b3db6c6e7895553a,3,390,0.9936215101373927,0.8271255695636487
no.prat.aksjer,b845e7f755b7925a,8,424,0.9891956481051973,0.8411531585873768
no.prat.aksjer,bd36baefb1c989fb,2,224,0.9861501683996066,0.8086271585504938
no.prat.aksjer,c2cfd5a6cdbe91a8,12,637,0.9921791788037971,0.8498991133119739
no.prat.aksjer,cba753ef70bd1e68,3,246,0.9948203167306859,0.8676759195733282
no.prat.aksjer,ce63ad390d26f48c,3,278,0.9811188011546548,0.8286235805820159
no.prat.aksjer,d5c05583dc1d09ce,22,1019,0.9913425442154505,0.8242766611045268
no.prat.aksjer,f0b582fb1b4defbf,7,482,0.991449024964223,0.8296373563791225
no.prat.aksjer,f425d5c34d6beab9,3,121,0.9808834196065137,0.814429365551611
no.prat.aksjer,f671eab266326624,17,930,0.985260543234378,0.8369845712830398
no.prat.narkotika,0933dd6499220fd9,35,2316,0.9909646990442468,0.8118536638299911
no.prat.narkotika,0a98d4f63c0950fe,24,1634,0.9949358214588477,0.8635607996949501
no.prat.narkotika,1357b9383aa46719,18,1723,0.9921365531346412,0.8211966039249157
no.prat.narkotika,17b8eb103c12dd30,7,504,0.9913368830706643,0.843726445990899
no.prat.narkotika,1b7757924807bd41,14,536,0.9855652951704583,0.8285117900846406
no.prat.narkotika,1dd5fc8618e00e3d,62,3320,0.9926435231487906,0.8495597926292532
no.prat.narkotika,28b64716d011c1b1,1,5872,0.9951194713902878,0.8136029137597839
no.prat.narkotika,2a8e7942b1bfe3c3,26,1277,0.9930960851465912,0.8263969408121392
no.prat.narkotika,3e18751e6c78ce47,6,691,0.9935389294624857,0.81258671108655
no.prat.narkotika,484f368e3baea767,30,1442,0.9929537994252896,0.8208721860790728
no.prat.narkotika,48fe867cd361104b,11,691,0.9951118535226426,0.8469776184521214
no.prat.narkotika,4c5f3ddfd002294b,46,1888,0.9899558556951451,0.8091147035284985
no.prat.narkotika,4da92c23a1eb7f4a,38,1503,0.9858421443679923,0.8492179319177119
no.prat.narkotika,4daeab9e631c6f25,6,435,0.9808345511553856,0.8218858006549774
no.prat.narkotika,58da8f8fc25acaab,4,901,0.9973039011763124,0.8373964666751003
no.prat.narkotika,60a92250cf9e0375,27,1610,0.9901955216457802,0.8431065068675666
no.prat.narkotika,6e647a14f1765438,33,1657,0.9909538007963411,0.7907974858883304
no.prat.narkotika,777ac6819278bcea,7,649,0.9965518477611042,0.8446382498436968
no.prat.narkotika,7d18e8c13a194a39,34,2139,0.9879572890638936,0.8157960754450148
no.prat.narkotika,852ae07130e5cd1c,48,2186,0.9947749721938343,0.8575927875603322
no.prat.narkotika,89d781740ec36c40,20,761,0.9827531156775687,0.8241035145615743
no.prat.narkotika,8b340db91b3caf21,2,1205,0.9987138223441523,0.7950686429533984
no.prat.narkotika,8b552a82552ddcd2,9,754,0.9905339068525556,0.8377755312506191
no.prat.narkotika,8d3da6cace25978a,4,438,0.9941183112343189,0.8498763638964283
no.prat.narkotika,94ce6d9ba5bade9e,17,1274,0.9943329958115397,0.8278410397133313
no.prat.narkotika,9d8cf1eb7e990fd0,7,339,0.9785347024441146,0.825541872720976
no.prat.narkotika,a2de68acf48b706a,1,173,0.9996500651250615,0.844655438024247
no.prat.narkotika,a44f75e48317422c,11,790,0.99288712295529,0.8382550651354733
no.prat.narkotika,a603971c4369fa1f,25,1849,0.9935453982402055,0.8715776356407755
no.prat.narkotika,abcb93056fe46fd3,7,633,0.9860400639918008,0.8269115172843311
no.prat.narkotika,b011bdaadd54229d,6,866,0.9915508068814542,0.8280321079884035
no.prat.narkotika,b400a02c52d932c1,5,238,0.9757612579447063,0.8515444919830162
no.prat.narkotika,b6d344a8c1363dc4,7,581,0.9943280988830375,0.8505661062925888
no.prat.narkotika,b9f48f99d6db59e1,5,520,0.994343980694575,0.8447740264993303
no.prat.narkotika,c684e5491afbacba,2,1899,0.9993837273727003,0.8438727592181077
no.prat.narkotika,d2298480565754d5,40,2413,0.986817865315993,0.7995811410320754
no.prat.narkotika,d2b76d1a9ee92d50,74,3562,0.9919006035905444,0.8262737806997359
no.prat.narkotika,d57e8ae624bc6e56,166,9271,0.98624310950935,0.8110095880707145
no.prat.narkotika,e4f69ab072958312,3,603,0.9949703271992573,0.8169647224498362
no.prat.narkotika,e7ccf0cde21d2435,17,765,0.9890482221455253,0.8295264267317478
no.prat.narkotika,f57e9ca319df083d,200,10554,0.9903549219502342,0.8318949437801394
no.prat.narkotika,fc52d8d60c4594b7,37,1518,0.990993746854794,0.839835758479924
no.prat.narkotika,ff44e3038a5f94fb,14,830,0.9885932626667354,0.8390539006205889
no.prat.politikk,045cc123adea48e8,17,651,0.9873580567248571,0.8503691624991492
no.prat.politikk,05288922c49a13f4,15,595,0.9777338632708755,0.8405046725523472
no.prat.politikk,2c0c371f3476fbc4,7,759,0.9903336958835236,0.8640650059925705
no.prat.politikk,2d66a915c831a0b4,23,1256,0.9894556028280407,0.8191839896159788
no.prat.politikk,343b8275f23cc210,39,1646,0.9803513214841325,0.8191577933756121
no.prat.politikk,34d68d8bdd45c4ae,20,1085,0.9858480435327021,0.8472609349848113
no.prat.politikk,357a7f35abb7ad1f,29,1305,0.9862634153768324,0.8306184751923942
no.prat.politikk,385957a3ce3840b2,3,338,0.9946839440222145,0.8642496518976202
no.prat.politikk,38cee895a6e6077e,1,174,0.9969867823327441,0.8445348342573952
no.prat.politikk,3ce3e86c33bed452,41,2287,0.986096226869592,0.8317796689886173
no.prat.politikk,3d441ea20016b746,10,562,0.9899216916265255,0.7984135186213229
no.prat.politikk,3d56f035ae0c7686,63,1968,0.9771223857522783,0.8205900057677471
no.prat.politikk,40cc61fcb0d44935,17,573,0.9871595577820688,0.8081309935529777
no.prat.politikk,442e3cb050118b02,10,477,0.9941000656784429,0.8586474930143633
no.prat.politikk,4a441ba89602ca79,8,827,0.9959130985022933,0.8626398282827936
no.prat.politikk,4ffb9baeb42182f6,6,342,0.9873089579666582,0.8648051479858093
no.prat.politikk,5a4f66e2ababe440,12,431,0.9862957435700239,0.850497452048828
no.prat.politikk,5e1023267fcdcff7,2,307,0.9917611475113507,0.8355719604093753
no.prat.politikk,6969b9b011151736,2,253,0.99880841729185,0.8540180671020794
no.prat.politikk,7524d31622e1bd28,30,1236,0.9881685797387821,0.8462266763600015
no.prat.politikk,7a04298e83d53218,4,346,0.9883465554133669,0.8602610409033119
no.prat.politikk,95da2c76af6f5d93,131,6680,0.9847497841289207,0.8218563878263273
no.prat.politikk,a3a5b36f239ccd21,11,890,0.9950392553424596,0.8123285015003089
no.prat.politikk,a50aed4c08af735f,15,770,0.985768031973773,0.8190282057729537
no.prat.politikk,b0ee798ba5d3f194,27,1417,0.9860286155380473,0.8180011027121128
no.prat.politikk,b53b6877cbf6fc07,2,671,0.9991347469094218,0.8894306136043043
no.prat.politikk,b86541a4171c1eac,61,3471,0.9898644124646139,0.828144406999215
no.prat.politikk,bbafd5534c1d697c,8,477,0.9842593664879858,0.8677595105510071
no.prat.politikk,bea8b3d1b7233fd5,7,610,0.9971617528666471,0.8374103568946841
no.prat.politikk,bebe9c5ad60ccda9,45,2247,0.9908436248554526,0.8463640074092431
no.prat.politikk,c2c292a0cf346918,9,669,0.9853287676215783,0.8561441413845583
no.prat.politikk,c34b39456319a0e7,26,1137,0.9900250811086633,0.8219745455031452
no.prat.politikk,c8c8bb8ca5956f05,24,1275,0.9865757300718174,0.8235077468510608
no.prat.politikk,ca86fdb8542ab86a,7,506,0.9849038193208123,0.8210156985766736
no.prat.politikk,cfc2dd241a2ee107,6,288,0.9768107209840144,0.8498176015070472
no.prat.politikk,d4bb3d9eb4ac1b45,8,524,0.9904950021331671,0.8924635236648883
no.prat.politikk,ed9a2b2edfe56b18,79,4251,0.9864060129512904,0.8079204764065601
no.prat.politikk,f0e723e0ccfc9d52,3,321,0.995445639995928,0.82650694260134
no.prat.politikk,f5b79c713fb6a621,10,842,0.9938391949656729,0.8425337485333643
no.prat.politikk,f8a87a584ddfd932,19,877,0.9880411882586482,0.8178522267807267
no.prat.politikk,fafd9a43c5bb950d,10,1101,0.9954579455912316,0.8420754548565268
no.prat.politikk,fefbeb16e4b566f3,43,2258,0.9871738926579248,0.8303469315571514
no.prat.seksualitet,00e469a557627f48,4,384,0.9910111332170249,0.8443975683212082
no.prat.seksualitet,02ad47c6c3e3047c,7,467,0.9967661385563266,0.8581627953705099
no.prat.seksualitet,058526becbd63f09,11,601,0.9938539623583743,0.8410075944834964
no.prat.seksualitet,08a990494d590c98,8,298,0.9905910718408846,0.8468884560141329
no.prat.seksualitet,1c3a71150e786524,1,386,0.9998541450285636,0.8237287072695628
no.prat.seksualitet,1c48a34bf9722d99,28,1143,0.9853256453142288,0.8015663832645931
no.prat.seksualitet,22df5ac5e9e3a67e,41,2058,0.9763512024130392,0.8080316081607529
no.prat.seksualitet,2c000724eef15cb2,20,1022,0.9891717986126918,0.8256424927834253
no.prat.seksualitet,3188ac1ba61440ed,46,1427,0.9573051504262081,0.8132749034854863
no.prat.seksualitet,3203ae51c593bd39,68,2692,0.9753497374143293,0.8541882769645617
no.prat.seksualitet,33918bef1d7a655b,32,1917,0.9858486453159373,0.8366890176574511
no.prat.seksualitet,50f95a9921012e4a,7,213,0.986909776848928,0.8564835534964939
no.prat.seksualitet,546faf45c5b86511,12,475,0.9786731612851617,0.8575534655783158
no.prat.seksualitet,599b8bffcd7377f0,15,414,0.9824022636697035,0.8627714555615761
no.prat.seksualitet,5a7708d6f3a9a9bf,2,179,0.9906493360164896,0.8285007193094206
no.prat.seksualitet,61d7ea9e8bcd2ea5,6,179,0.9813602135462062,0.8442424310386258
no.prat.seksualitet,6497e07cb915fdaf,8,194,0.9778909646324577,0.7950817681189793
no.prat.seksualitet,7017b00ca46bb74d,5,339,0.9956277896734235,0.8410513496466341
no.prat.seksualitet,7335d2caa3e964b6,4,261,0.9936711960496041,0.8314671569632187
no.prat.seksualitet,7614a3626ccc6350,26,1189,0.9882615233822605,0.8598163896661524
no.prat.seksualitet,765f5dd5b09b4d5e,3,402,0.9951499941569685,0.8467827136290138
no.prat.seksualitet,79927540ba2f9f82,2,300,0.9988322968199277,0.8243131665018723
no.prat.seksualitet,7baab0da6bfdb677,11,405,0.9843048979838926,0.7877563302114563
no.prat.seksualitet,806abb86dbe08c5d,18,703,0.9912399871183987,0.80801508336327
no.prat.seksualitet,8b06120a9229bbba,7,732,0.9954611916852696,0.8444216990924978
no.prat.seksualitet,8bb5fad779dffb22,26,1274,0.9933525564979057,0.834465517319175
no.prat.seksualitet,92e87f86c4cbba70,1,71,0.9821203968752812,0.8238551173085272
no.prat.seksualitet,96afc8a6c37a8c5c,33,1142,0.9926628470541832,0.8347996641694659
no.prat.seksualitet,b94041f2f22f5eba,29,1790,0.9861716526668143,0.8353693176884556
no.prat.seksualitet,b943221126d21006,20,863,0.9840065331881215,0.7784840481227783
no.prat.seksualitet,bb52e85287ec3661,10,274,0.9891818551754328,0.8626022499421195
no.prat.seksualitet,c9e605bf95f3d73e,10,375,0.9825903819276731,0.8173206626872356
no.prat.seksualitet,ca6a5c93a9b52849,5,374,0.9964895100372719,0.8531791635297599
no.prat.seksualitet,d24dc83fd9404fbf,27,1184,0.9717171379904129,0.8233245231438213
no.prat.seksualitet,d2d1e88d43e98a3e,7,415,0.9919001499224758,0.836717017158572
no.prat.seksualitet,d9f07ac511d84c2a,2,98,0.9874574545651764,0.7989179705276357
no.prat.seksualitet,dba7a580d6f30bd9,22,1280,0.9866829950648542,0.8326798921341481
no.prat.seksualitet,e41da88061555b5c,11,574,0.9855365017915959,0.8290603309563233
no.prat.seksualitet,e88c13f330053c14,112,4025,0.9830298081415694,0.8391924114003866
no.prat.seksualitet,edecaa1dcdb54484,31,1737,0.986697409631925,0.8549740670762052
no.prat.seksualitet,fdf96abe6e806ffe,1,63,0.9944091171668586,0.8333853196264508
no.prat.seksualitet,ffbf678c3a37ab06,7,405,0.9862294001205407,0.8239158624667193
no.prat.ufo,0154362c78c7a462,12,510,0.990612025923986,0.8315439728249827
no.prat.ufo,0603056680bd9f21,18,882,0.9739036575330025,0.8460569918462385
no.prat.ufo,07da55d8111c54a7,21,1120,0.9974834815744824,0.869875521141259
no.prat.ufo,0adb6ce2500d3091,19,1179,0.993426621237692,0.8548308673659956
no.prat.ufo,0b53ccd59726144e,19,1216,0.9901602363680413,0.8449907435167164
no.prat.ufo,0cb9a1f4988265af,12,577,0.9847730593795003,0.8487122602586182
no.prat.ufo,244af273942bc3fa,19,1337,0.9915053976877645,0.8387447956551901
no.prat.ufo,2d83b2e1110fa0a5,46,3607,0.9913013207872843,0.8653866600965882
no.prat.ufo,3284e559a2e4279f,20,1616,0.9957347816608063,0.8347850126268644
no.prat.ufo,335a54fb7604bc2d,33,2287,0.9956543881789385,0.8629747875080503
no.prat.ufo,3821a3f58835e828,3,401,0.9943327735164752,0.874202266023683
no.prat.ufo,3e11c903db2b8628,4,1263,0.998491866517906,0.8163865354225369
no.prat.ufo,442dadce1d5ec9df,49,2793,0.993148813745264,0.8136556371681204
no.prat.ufo,45a001730ddab240,15,1150,0.9908515482462315,0.8427445309492241
no.prat.ufo,468f15e99ec1f120,50,2557,0.9894828779879707,0.8430600144008816
no.prat.ufo,46fbe3895db183fb,2,473,0.9938153351629131,0.8290155499395596
no.prat.ufo,56c34988c4d18368,109,4935,0.9897431588861523,0.8521975977583959
no.prat.ufo,5c88578b3119f56f,44,1862,0.9839903712444777,0.8737340111121373
no.prat.ufo,5e6c9674420e64cf,21,1406,0.9929573862604046,0.8313640383666434
no.prat.ufo,662b8fc0aee92085,2,380,0.9969429541931619,0.8603541480743099
no.prat.ufo,7352b654a6bc626b,14,963,0.9927118173941625,0.8546332121023176
no.prat.ufo,79bd5f7f4a8b795c,36,2247,0.9941909757542616,0.8405668576242431
no.prat.ufo,7b6a96b88710c80c,31,1725,0.9954950062104398,0.8696730630928186
no.prat.ufo,7c732026941c099f,24,1567,0.9892476490310365,0.854808844335133
no.prat.ufo,7dbb9a53f763f7e1,57,2659,0.9949361739951094,0.8398551425999804
no.prat.ufo,7e5743c6ae805147,4,1361,0.9971410130209578,0.821190059597832
no.prat.ufo,824367ee4d0f2224,21,1410,0.9960722423424817,0.8529773489322215
no.prat.ufo,854aec80b1130cfe,22,990,0.972815924715158,0.8643294862229747
no.prat.ufo,89207e53ab3d7ed5,63,4984,0.9940082807589262,0.872835544792908
no.prat.ufo,8a704228d0feac52,7,845,0.9941212050728027,0.8517555111981838
no.prat.ufo,a83c4512e104247b,12,576,0.983409119178964,0.8271385948006288
no.prat.ufo,ac0e74a1564bf56d,32,904,0.981621037534625,0.8490503746706317
no.prat.ufo,b4648be1333682e7,5,965,0.996212934612313,0.803940757105957
no.prat.ufo,c1b8694d857cfd1a,23,1841,0.9941124117933452,0.8452184198360688
no.prat.ufo,c6de4bfb24c45d41,13,1255,0.9967431599850063,0.8261276912591848
no.prat.ufo,d629d0777808a0e1,14,503,0.9899606914414933,0.853511499523774
no.prat.ufo,d7d2c40f21fd743c,9,588,0.9921872451567673,0.8465975212066106
no.prat.ufo,d8361f925b2c6377,44,3207,0.9967288270176811,0.8306970887218996
no.prat.ufo,ef971a813024053f,28,1301,0.9813954141407,0.8509711825971307
no.prat.ufo,f3135dfa86313cd6,17,1637,0.9945004419526902,0.8464595354185461
no.prat.ufo,f3394f99a7b22853,12,899,0.9903046095610154,0.7874331361218064
no.prat.ufo,f712e4db0c0d6ab8,9,938,0.9921172554068578,0.8444417305966516
no.prat.ufo,fb4c62864bfac8a6,30,1232,0.9858612992238114,0.8364109614774998
no.pressemeldinger,044fb225a87e545f,23,1675,0.9881082865302786,0.8172501249958889
no.pressemeldinger,138d0bec860dd5fd,35,2040,0.9914110206771881,0.818441938061971
no.pressemeldinger,24f056eb4325fbdd,38,1719,0.9807227997391547,0.7969586573612264
no.pressemeldinger,26ed6d89e09ab8f7,33,1309,0.9820118779462201,0.8279536242828356
no.pressemeldinger,36a348c00318949b,55,1962,0.9781153376475914,0.813124937711553
no.pressemeldinger,4ce7986c9d49af44,40,1780,0.9867324146509711,0.8262927419085292
no.pressemeldinger,4e330b49c4452e59,28,1328,0.9882208249199369,0.8168525880117044
no.pressemeldinger,5084bd50825edb82,62,2551,0.9850247640177078,0.8052836053417446
no.pressemeldinger,56a9a7d29052b3b5,72,2404,0.9784197312284161,0.82762830946196
no.pressemeldinger,621df9805fbe5411,34,1454,0.9868907329899876,0.8159626257479532
no.pressemeldinger,6ced24d9446cae8f,38,2220,0.9907276139307287,0.8581308063799175
no.pressemeldinger,73f102e1f8fbcfcb,54,1909,0.9775816985373211,0.823126059381684
no.pressemeldinger,7a26af9e6a2b3b86,11,865,0.9906265232702868,0.854882714176388
no.pressemeldinger,7a4eb0f6b31c96a1,51,1744,0.9791910618974922,0.8710266866327312
no.pressemeldinger,8084fafc52e9b2af,58,1787,0.974775476345588,0.8271566184680513
no.pressemeldinger,80e1a7bdfa05e75e,89,3023,0.9590211386703726,0.8482557051640107
no.pressemeldinger,85dc8c9dccf8a3ac,27,1282,0.9876370424563733,0.8380851791943685
no.pressemeldinger,9d437c08f61ca058,38,1353,0.9822940902303389,0.821978565477494
no.pressemeldinger,a38f709e70d5bbd5,49,2083,0.973839853176342,0.8109770011743174
no.pressemeldinger,ae9757b13caac0af,39,1638,0.9815448480562364,0.8418092051460417
no.pressemeldinger,b7b94403ee3352a3,38,2595,0.9809108318918138,0.8164221834297872
no.pressemeldinger,e62ecaf51dd71479,33,1388,0.9748040780414602,0.7629019013614942
no.pressemeldinger,ed12387dfe2c0726,67,3370,0.9820759309948693,0.8314951096500452
no.pressemeldinger,f0b4cb05807e3ae3,45,1442,0.9726317442171446,0.8610076939678348
no.pressemeldinger.diskusjon,160ecd3df8a4d81d,13,569,0.975039909625053,0.8627631824045191
no.pressemeldinger.diskusjon,2687b1740abc5ab3,14,677,0.9896595770403236,0.8346465549430168
no.pressemeldinger.diskusjon,2c54cf02dbeffac2,12,397,0.9729749714267698,0.8566913764848788
no.pressemeldinger.diskusjon,52fbb23fa4c22e7f,18,627,0.9780934977668383,0.9071614927529252
no.pressemeldinger.diskusjon,66b18bb7222d2127,33,1420,0.9852300925661861,0.8890298444661336
no.pressemeldinger.diskusjon,6afe48215cbeab29,34,2006,0.9854363081590959,0.8354074380743102
no.pressemeldinger.diskusjon,7df4e2be47731116,27,804,0.9788428917502647,0.8957901843484498
no.pressemeldinger.diskusjon,88173614a009c3f1,4,402,0.997441990997545,0.8083658103385025
no.pressemeldinger.diskusjon,a5074cc33ce113bc,11,1137,0.9965902620115126,0.850883771302696
no.pressemeldinger.diskusjon,b2c53ad779b75fd5,6,119,0.9769213071206334,0.8171831588665247
no.pressemeldinger.diskusjon,d9c2ac0a44baadc8,7,167,0.9774028803490845,0.8333722990105005
no.pressemeldinger.diskusjon,dad96130e572bb0e,32,1680,0.9904016856888846,0.8440496382087315
no.pressemeldinger.diskusjon,dbe3cefce82b869f,31,1398,0.9816327356384595,0.8428069124859557
no.psykologi,02077e12a9ff9dce,22,1014,0.9912031743443421,0.8572713610283066
no.psykologi,052a50341b400e80,10,344,0.9917216293902694,0.8303237044976274
no.psykologi,13a2655d4c7662bc,6,283,0.9906176158796095,0.8150258879859332
no.psykologi,14439b17bfaa9a98,11,632,0.9909894926663873,0.8653305890571197
no.psykologi,16faf893dc2b1ec1,10,874,0.9920611339202278,0.8309603165812536
no.psykologi,1a9475d626c0b513,29,2306,0.994805514917615,0.8432469443390351
no.psykologi,1d68dbc3a513bf21,5,291,0.99470252921117,0.818985993265709
no.psykologi,2171d8a1dc6d65d3,20,533,0.9854087897839406,0.807914981214197
no.psykologi,28b9acb0047d5cfc,61,3194,0.9830522907303718,0.8373753305395858
no.psykologi,295b855f1f60fede,44,1930,0.9905911443646828,0.8694111923440591
no.psykologi,2eaa9b8d80003143,11,951,0.9926948171257026,0.8604439651200481
no.psykologi,3b4e969b9752a505,17,762,0.9778914170891687,0.8670544518358151
no.psykologi,446f8864521d90a5,4,657,0.9930987925578968,0.8492815419849112
no.psykologi,57e93739aa328120,6,763,0.993210347892658,0.8507525316364741
no.psykologi,5e5abe404260a493,6,366,0.9802451667053101,0.8323369508910263
no.psykologi,60bc3c1ce75e45df,5,244,0.9918041066911273,0.8539544652371197
no.psykologi,612e8a49c5638663,16,451,0.9876106532348335,0.8106626805394236
no.psykologi,6df2bc89c8eec1ad,15,1282,0.9825095305878915,0.8297481409119399
no.psykologi,74d7ad610c98213c,10,624,0.991517064589465,0.8361889503985778
no.psykologi,7afaf15c023ec7f5,7,347,0.9853898131976966,0.8592678303115907
no.psykologi,8ebb98fea5bac5ba,1,402,0.9956807582276219,0.8495793757669832
no.psykologi,9c6e7f2b3ba3995c,9,214,0.9667643122385824,0.8254963578964861
no.psykologi,9ee84f800e2d7923,8,664,0.9924366846905018,0.8262979742968471
no.psykologi,a048b61da19453c9,7,563,0.9889997661564318,0.8280560395300539
no.psykologi,a6676f13ca41e69e,4,544,0.997135870334819,0.850824660068077
no.psykologi,afd4b7eac40d899c,31,1743,0.9829631417107568,0.8480889518212444
no.psykologi,b33f8c04e505b5c7,9,910,0.9878762050530726,0.8375305727948802
no.psykologi,b8ededb15cdac2eb,44,3018,0.995257594752139,0.840123843886393
no.psykologi,bed689985b4f44f7,11,539,0.992732422727476,0.8401097711488893
no.psykologi,c0be9c16203401dc,4,664,0.9980974803128267,0.8659438158727243
no.psykologi,c2074b7a00f52963,8,886,0.9970917606018563,0.862753877427549
no.psykologi,c2171ead49c51e29,4,360,0.9798102144209418,0.8381501279099163
no.psykologi,c237842743c5322c,15,850,0.9906387289706746,0.8387941998323635
no.psykologi,c6f23226222ed22a,26,1031,0.9908384148753003,0.840499710206653
no.psykologi,c78cb3ed0be77233,4,267,0.9808728174417185,0.8281912551443077
no.psykologi,cfe6b94c66acbadb,3,269,0.9862137951099679,0.8390967299184131
no.psykologi,dd64cfea83c34ca0,5,827,0.996794430531899,0.7984391592050126
no.psykologi,e120cdbfb2449b5e,11,1033,0.9911464012810549,0.8387747409745647
no.psykologi,f3232ce27bfea36c,35,2068,0.9916215517966681,0.8156786346442538
no.psykologi,f3c4d1ee52600a6c,13,811,0.9946756139238582,0.8390818320689493
no.psykologi,f47e6ade29be66d4,28,1486,0.9928114549212701,0.8163497809117096
no.psykologi,f534664af5231a97,39,2470,0.9929197993567652,0.7919905703842088
no.psykologi,fc2a882092435e93,22,1795,0.9958042334943312,0.8297115143441446
no.radio-tv,0e63c1c795178387,8,330,0.9741916832311135,0.8000783629971687
no.radio-tv,0e7cebcea285939c,13,517,0.9875009141866294,0.8280467193504655
no.radio-tv,13a376e705d93c83,1,79,0.9881814869844902,0.8283888344158115
no.radio-tv,1f4058aef0e3ff61,24,1781,0.990280757958683,0.8463142269962101
no.radio-tv,24b3af94af4237aa,2,226,0.9900900970673413,0.7962393071230713
no.radio-tv,2606dae79d1fa84a,5,226,0.9920690080475965,0.8715940214852503
no.radio-tv,359025e95980d219,2,217,0.9950053225926623,0.851776434486602
no.radio-tv,36d0dfec8db7984c,10,723,0.991970793718486,0.8539727041315601
no.radio-tv,3855c75de8bc14b1,19,963,0.9887814817549813,0.8065870666320162
no.radio-tv,3b07852ab6a5aac1,7,517,0.9942329704698042,0.8316276056900176
no.radio-tv,3fd33e90703ba342,14,742,0.9906216213592262,0.8482544388625316
no.radio-tv,43672cf48ad329fa,12,490,0.9871350842461505,0.8476698088353506
no.radio-tv,4dc09d7d46fc83bd,9,688,0.9913408801494489,0.8405652600226826
no.radio-tv,5351199ac2aa56c8,7,311,0.9904600573009374,0.808260831626554
no.radio-tv,60881fb5dda2147f,3,290,0.9854027244130086,0.8733878414562941
no.radio-tv,6632e908a2934466,13,592,0.9911510067023722,0.786616616192964
no.radio-tv,682b1aa0f61a8c5c,8,540,0.9944856695803127,0.8273084724522176
no.radio-tv,6b1d69837edd86a7,3,221,0.9901417136942594,0.845410064459622
no.radio-tv,6b904e06c38424fc,9,634,0.9906652202836908,0.8402868601285663
no.radio-tv,753c0a4ebb5d5e35,2,270,0.9952418438460257,0.8719254808541826
no.radio-tv,76d13d9e0f1f5f10,8,518,0.9863919690204669,0.8447106237192583
no.radio-tv,8017f531cbcfdedc,12,624,0.9941451226551279,0.8597973262320852
no.radio-tv,86d112da6ca2172a,31,1583,0.9864208831840379,0.8547885720824315
no.radio-tv,9c0cbddb1d1e84ff,7,531,0.9943503171266627,0.8817080417247443
no.radio-tv,a4d0c435b0fadb79,2,404,0.9994337853651909,0.8256565138590054
no.radio-tv,aa0311e007aa1a38,2,121,0.991979431154052,0.8154179938502666
no.radio-tv,ac48cc8e66652cad,10,662,0.9893253680823169,0.8473724254741106
no.radio-tv,b10d205a0a5e013d,8,747,0.9943466286673432,0.82205696547415
no.radio-tv,b435b72b5a0a3eba,5,517,0.9929923546778561,0.8209437328664158
no.radio-tv,bd317e0349160d56,5,231,0.9890179846650595,0.8411182754656871
no.radio-tv,d167c4262912bd4c,17,928,0.9893497919150472,0.7842831549839251
no.radio-tv,d5bcd8c39ee9a797,6,395,0.9741694699320514,0.8567926997266734
no.radio-tv,d967b10715495494,4,482,0.9971772610510421,0.8074337483144158
no.radio-tv,db64269e5838f2ae,9,672,0.9845671524997889,0.8202041460338847
no.radio-tv,df6dc9e3564fd30e,15,578,0.984626926308235,0.8534888290096716
no.radio-tv,e28c65bca5010317,6,411,0.9888656610950339,0.8279510770781194
no.radio-tv,e2c3bd6b29cd9625,20,1834,0.9963227691403838,0.8314911581587702
no.radio-tv,e98b28874227001f,14,678,0.988156208728425,0.8805524007443852
no.radio-tv,eae4261dca598e46,4,500,0.9956954867226282,0.8760368409582902
no.radio-tv,f38d5cabcbee0255,9,1068,0.996781201026322,0.7915946647391122
no.radio-tv,fbb88b088dc16e2b,6,446,0.9931856940472865,0.8337264042339739
no.radio-tv,ff4ecaae7058675d,28,1973,0.9927149908166804,0.8519804702131183
no.reiser,04cb9f87693909f6,12,1027,0.9909221544651262,0.8110423899460791
no.reiser,153da8599c4d5856,2,325,0.9994506918766616,0.8556186133205742
no.reiser,16a41cb88c652441,6,556,0.9936784805987547,0.7992951535312545
no.reiser,16bf3f97210e5613,20,860,0.9712072371572391,0.837112855820495
no.reiser,18dc70ced1f5bd18,4,187,0.9833451143147126,0.7992636871857228
no.reiser,274b3cd93440dbb5,6,1042,0.9986309953959798,0.8445759062114562
no.reiser,2f598b2138ebbceb,18,1225,0.9964055677884359,0.8369445598275861
no.reiser,3085582fe368a467,1,71,0.9957264480358022,0.8345501694672794
no.reiser,4dd136e8577f96c0,1,92,0.9942035530937465,0.7732671991555146
no.reiser,52eacf8e4ad30dce,29,1691,0.9952187441797933,0.7993797553491758
no.reiser,548450503deced90,29,1653,0.9873115771898083,0.8427699990043375
no.reiser,5cef56e3e73766c5,21,920,0.9838719558630864,0.8052180492941565
no.reiser,5f2498528050b58c,5,171,0.975715143973384,0.7616421883876712
no.reiser,606997c427f5d1fb,13,1154,0.9939274098863167,0.8166885963301033
no.reiser,60cfe548482f03be,2,82,0.9903799651882381,0.8339574378169227
no.reiser,7171239bf5daacc7,8,299,0.9861269682410981,0.8144019321551639
no.reiser,7362fe07855933b9,3,237,0.9914978935968485,0.8385118045275156
no.reiser,75c040673d4ec140,24,953,0.983329106466716,0.8183080820846402
no.reiser,83e46395a0cc11b9,6,295,0.9763642185280991,0.8125675306524864
no.reiser,8c4432c98ca19155,9,435,0.9931755801308911,0.827130236803694
no.reiser,9505b9de3a326cbb,65,2998,0.9941451056634657,0.8244096147844817
no.reiser,9573477c716cebb2,2,102,0.9976322695414545,0.8301865767733676
no.reiser,9835d008137d9c20,19,810,0.987522339819927,0.8276570476295178
no.reiser,9df8afd2ee689bf5,4,331,0.9977586658851886,0.8028977813910033
no.reiser,a2de55a20920c377,10,338,0.9847266275589375,0.8414713009867217
no.reiser,a51cabcb67f3796f,4,256,0.9907180083797504,0.8096828029979446
no.reiser,a58d2c459e84df31,2,170,0.9846495298304768,0.8237791839428059
no.reiser,a85b135c0e8d0baf,13,659,0.9914994112432316,0.8213932997914428
no.reiser,a955c43609c6baa6,6,175,0.9732326298988437,0.8223804767675431
no.reiser,b7f64461bf1ea0a5,3,279,0.9847846719682923,0.8082379589796563
no.reiser,be156ae656bffd62,3,298,0.9888069059468626,0.8739344959739753
no.reiser,bef64fcf2cec2d3a,18,975,0.9942515136582031,0.8296117725279174
no.reiser,c7ff5017a45c056c,13,820,0.994512813501904,0.8086079430218212
no.reiser,cd288b0235aed2cd,10,526,0.9822681850634117,0.8229894653506102
no.reiser,d56ede6d08289dc3,115,5538,0.9841032259269651,0.7992911778191015
no.reiser,d92e83d4eec9d37b,7,269,0.981565780109505,0.8006010279196529
no.reiser,dcb9fb5c54738679,7,365,0.9854901442394162,0.831993314477401
no.reiser,e65d9413c9d713e9,14,1243,0.9947754448494923,0.836577235417363
no.reiser,edbb078901825987,6,221,0.989826738373619,0.7930976509049898
no.reiser,eddf937cff87401f,7,1044,0.9981646131241274,0.8462203209531012
no.reiser,f19ce5a70c76e315,17,570,0.9807926559535041,0.8150621630173788
no.reiser,f3a1fa3738e4caa4,1,58,0.9699463171859758,0.8087066895711741
no.reiser,f51392530af2367f,16,1144,0.9937964307071668,0.845396416214778
no.religion,0827b34ccb51a4cc,158,7879,0.9914160023406872,0.8673209392374758
no.religion,096989ec5aa13de9,12,860,0.9893033167257835,0.8195666155667541
no.religion,0df3eaa58d35023a,12,608,0.9932610229353224,0.8919500628893785
no.religion,16860f55f3a47d4b,8,663,0.9874643450953227,0.8780568024928157
no.religion,1f3ce6b2642a1355,28,1281,0.989620346236841,0.8068005509496654
no.religion,2caa95126321c33f,7,390,0.991031591005992,0.8911043231437796
no.religion,2d2816700e715421,7,418,0.9930762464028532,0.84414458312299
no.religion,2e6223c5bca67610,29,1144,0.9837747256120285,0.8468593329998061
no.religion,30a30c91fc6d5d57,129,7823,0.9920543575759816,0.8287383065879651
no.religion,3ec710fe1a610e07,5,554,0.9870348777356986,0.798947650519056
no.religion,4923b3cfe6e41542,11,604,0.9900862312083569,0.8046429632172089
no.religion,49bc0972cb93c781,12,1133,0.9950403522554714,0.8695428304724416
no.religion,578cc0c1d48414dc,13,642,0.9836394452965576,0.8854554026430042
no.religion,5b8c3ea5c8912f3e,68,3505,0.9916997868970137,0.8564574624392156
no.religion,6494813309c10fde,4,555,0.9965236613277733,0.8484207425632395
no.religion,6e917da53f2785c6,7,705,0.9950808667702612,0.833967838486556
no.religion,79d91f4eaf8dad08,8,542,0.9903244516717985,0.8469561700633077
no.religion,7a200d37b10078c6,20,1005,0.9939797415384483,0.8526637451376001
no.religion,7de48fc690834974,67,3122,0.9928597697689936,0.8403242948393062
no.religion,81937a7d69eec2c0,5,856,0.9993453805401835,0.8331692351797015
no.religion,8744af8b5e1bdb7c,5,446,0.9882793062103635,0.8479622195087694
no.religion,87ebdd9ad5c2dbdd,2,631,0.999202962419176,0.8366477012103162
no.religion,8c541e15b1e4f328,8,452,0.9932559951927212,0.8274355023236704
no.religion,8e36ab821839e7bf,4,527,0.9966368810036651,0.8569071260686663
no.religion,91cf43f3b0514ec3,9,1078,0.9947482919183646,0.8628661944715198
no.religion,948f675eb3699a22,82,3123,0.9877656324016117,0.8471730624072242
no.religion,954ed273976387e2,54,2503,0.9863094818176285,0.8347063423729248
no.religion,9d11db496b29943f,19,1121,0.9897035255470961,0.8452837179980006
no.religion,a40a06967780e219,16,4775,0.9970443239477261,0.8086140953722473
no.religion,a78b51c64506c642,74,2821,0.9889690312613098,0.8482052062636832
no.religion,ab8f330d572f038c,26,1564,0.9921608744941723,0.8541484916951428
no.religion,adfdafd374de9596,27,1177,0.9915591293156656,0.8155371932666541
no.religion,afc99a2025b237a5,58,2819,0.992701293541106,0.8295916254082112
no.religion,afd914eb27e08cd1,113,7077,0.9931263057008022,0.8595337641692936
no.religion,b15e3fd7769e10ba,19,1326,0.9795108791240402,0.8362413016476593
no.religion,ba6ff8534c7758c6,32,1488,0.988029948070893,0.8083044410129754
no.religion,cb7692fbb5ef2a6f,11,1062,0.9950774575967697,0.824231791778774
no.religion,cf7176400ec138b9,46,2474,0.9913177462618553,0.8750279355027761
no.religion,d1436f0d0a3e4b6f,5,1178,0.9988189825611179,0.8656322323827572
no.religion,d663649503e26a3c,26,1381,0.9908302494067924,0.7866917024865862
no.religion,da5944e3ff607ba1,114,4988,0.9840675766471503,0.8172089565410318
no.religion,dab5c25a965acc9a,39,2336,0.9905701700846566,0.8353226009413418
no.religion,ef66321749f05a4f,20,971,0.9933456205012524,0.8574326348995609
no.skole.diverse,02f61869cf284bbb,43,1787,0.9911807118902098,0.8889963675146442
no.skole.diverse,1ea62e7494cf4a2a,22,640,0.9755940565587226,0.8796019805920084
no.skole.diverse,23c432ea5189ef12,5,268,0.9916785139257622,0.8692238775695935
no.skole.diverse,27aff53cab439a90,22,1264,0.9871979708010417,0.8792741596081366
no.skole.diverse,293824f370a84d49,22,1192,0.9927672405666259,0.859426388004722
no.skole.diverse,35034813bb1719a7,4,268,0.9928684265282388,0.7920355104272117
no.skole.diverse,375128eb05013019,68,2409,0.9826791504754395,0.836946046707969
no.skole.diverse,3a07c72ebbbe28d6,10,849,0.9886972536267843,0.8163520451902218
no.skole.diverse,3d15d396cc69f5db,9,422,0.9945893293828972,0.8469185887252464
no.skole.diverse,494143e3cc69ba0e,2,123,0.9925132544500449,0.8590029356261947
no.skole.diverse,4b3804a69b53891e,26,1097,0.9728541109087335,0.8328522183809648
no.skole.diverse,4ffb589ed7040809,28,1667,0.9936676385897897,0.8781791746664412
no.skole.diverse,52e620de84f595e5,21,549,0.9836989676625855,0.8430274118377338
no.skole.diverse,5499b6a548d03ce5,3,113,0.9772340383005348,0.7914437679683068
no.skole.diverse,55b88410ee869e5b,74,3000,0.9897023912452926,0.8490608573389351
no.skole.diverse,5665c80cc5ee3458,9,1294,0.9973950762359084,0.8615424349397665
no.skole.diverse,597cfc2221580f6f,10,517,0.9729119504883867,0.8253081537972493
no.skole.diverse,59ce788521918a77,10,427,0.987459603761901,0.8486676796997767
no.skole.diverse,5e248b1ee2383473,8,830,0.990383679858513,0.7928532008849439
no.skole.diverse,62747c445931a00d,13,513,0.9850553222439635,0.8094095780585862
no.skole.diverse,674852911fbd5112,22,1128,0.9919031055469096,0.8492741179998903
no.skole.diverse,6999f069f1a105bb,13,678,0.9946290345078729,0.857674250387166
no.skole.diverse,6b6399e74c29708a,6,355,0.9870340675416465,0.8228365580568568
no.skole.diverse,755e3f99d29a4f15,17,818,0.9843464256759543,0.8328695490788139
no.skole.diverse,756339a244925547,52,2128,0.9761727593074441,0.8071325362172426
no.skole.diverse,7941f4ee2de90223,22,609,0.9853043221854234,0.8348114866098584
no.skole.diverse,7f8e01d1b799eb37,13,808,0.9919185833775439,0.8337611150768776
no.skole.diverse,91cef1d69563f727,24,1290,0.9959459934493823,0.8474081425505123
no.skole.diverse,956474a8ddfcb169,12,960,0.9927467618051682,0.8205800655903221
no.skole.diverse,9c2d93099a6b6e98,8,2091,0.9965240499186836,0.8200401279933032
no.skole.diverse,a05b51316b350088,9,542,0.9911851767410556,0.8479801195366555
no.skole.diverse,a8fe71a864150319,11,908,0.9879757366192851,0.8354955806776962
no.skole.diverse,b0188982b226f48e,36,1232,0.9847619017674106,0.8424810670748308
no.skole.diverse,b09a037305e9dbc9,4,264,0.962361619062829,0.788933584895388
no.skole.diverse,b60030ab9528dc62,1,159,0.98886736776802,0.8758207170352869
no.skole.diverse,b6d1e4b81dbde757,20,1364,0.9879750132625612,0.8722579562189089
no.skole.diverse,baf991c95e09cb20,94,3923,0.9835757463395703,0.8165177187164954
no.skole.diverse,cf987a16377d2736,19,745,0.9831104209134346,0.8381236083769007
no.skole.diverse,d1b058fba207ff7c,5,334,0.9878072285302574,0.8716982494022987
no.skole.diverse,d4ebc6dbb679afa1,17,724,0.9856735863990064,0.8247231793489381
no.skole.diverse,e355f06b01a81039,18,643,0.9858765057595356,0.8608670233650962
no.skole.diverse,f321c4f0d0c47bf3,2,289,0.9988719930390453,0.8728664951678216
no.slekt,05d0e194835316cd,5,380,0.9887391164171526,0.8164133540720996
no.slekt,07eb9087fc96ad18,32,1101,0.9708562313928669,0.8700563542214979
no.slekt,13992d6d88bab5ff,2,117,0.9920809253405312,0.8387774070815333
no.slekt,19cf3d95874b4bec,49,1793,0.9901118481656289,0.8081788028856827
no.slekt,1a6a0cc95653be22,7,589,0.9843434174477209,0.8157306622333922
no.slekt,2cef023c8a7a9a0c,9,671,0.9919605798648561,0.8290436530381821
no.slekt,2f7baec17805239a,2,280,0.9926792229853253,0.8506704070968724
no.slekt,345caa5fe1e49b5c,5,669,0.9946382080660386,0.8882644963278304
no.slekt,3a3278c7ce9a3c0b,2,190,0.9961524827099666,0.8681531565119822
no.slekt,3b3d3bdd9dea4ca9,3,278,0.9930037465848066,0.8293432436306203
no.slekt,41b68b398a4fbe0d,14,800,0.9915551263888243,0.8102100004443595
no.slekt,4e41f0dfb4c6ce32,9,373,0.9863913762693901,0.8288460448701938
no.slekt,517afbff15f54feb,9,963,0.9960540511274208,0.8521142448470533
no.slekt,5232e1f5d5ecaec4,4,433,0.9931589479707338,0.8527357391272036
no.slekt,57a10c0fbf869bd7,10,460,0.9633017286114712,0.8039418087746141
no.slekt,5aa889968605d3de,52,1804,0.9826306682094511,0.8112059146552744
no.slekt,5d772a79e2da1c36,8,355,0.954736884629476,0.8476696437370566
no.slekt,631810372b2213b7,3,137,0.9901503131941872,0.8181310617972506
no.slekt,666d9eabb437b0dc,5,361,0.9870620798252595,0.8342135079814379
no.slekt,69dac2479c6c85d8,12,528,0.9743455529521107,0.8612349020589252
no.slekt,6b9ea232e0e83c6f,27,1382,0.9858975623905322,0.8517885032767107
no.slekt,7265b7bdc68aff60,8,567,0.9897868946512572,0.8055955478322326
no.slekt,7390faceba465f64,3,124,0.9808398166318327,0.839302233376451
no.slekt,77b395d14c9b89ea,2,654,0.9987498974232588,0.8243679483529033
no.slekt,77ed9253adcd31a9,7,1500,0.9980652217564108,0.8753854901130059
no.slekt,8884d7f42971d294,2,376,0.9870974684922259,0.8313514421846946
no.slekt,8e4cc42d49465065,9,845,0.9823141217674999,0.8419541028349886
no.slekt,947db938ae634313,6,191,0.974813321320929,0.8292201086797449
no.slekt,97af7c5f9ec2e358,2,133,0.9812953667218752,0.8393798489827111
no.slekt,99039de677a4b542,11,385,0.9838706265647065,0.8827846052310787
no.slekt,b2bef753c0d1f8ad,1,143,0.9929638110772072,0.8265669569314941
no.slekt,b8926622e7c281ca,26,1321,0.9886019486405551,0.8005539200215809
no.slekt,ba6a481e4899965e,2,117,0.9854481406570601,0.803811172004727
no.slekt,bb810a919eb3d57c,3,165,0.9950572129097853,0.8255127786686532
no.slekt,c893d464c0ce8f02,6,927,0.9957227277742015,0.8500731730542955
no.slekt,d7229ce6e245550c,7,564,0.9892568141849445,0.838772392749067
no.slekt,dfe8f6a1d908a071,10,249,0.972717543411938,0.8376286756102675
no.slekt,f0b3ec3437b2e69a,16,1342,0.9938468134261282,0.8362420064274363
no.slekt,f174274a1e9dae82,2,253,0.9798199635996295,0.8357673304600118
no.slekt,f60a5f01451634e3,11,1225,0.9973813126326564,0.8272533729641621
no.slekt,f8bee6750aad74b5,8,355,0.954736884629476,0.8131194516533491
no.slekt,fd4cf788bb57582a,1,115,0.9843642228807318,0.817434307854104
no.slekt.etterlysning,0311c7f6b8f1b1d0,6,412,0.975707737398343,0.8507675869700562
no.slekt.etterlysning,07be10b82624877e,5,256,0.994232971709797,0.8204626874029854
no.slekt.etterlysning,0897e6248541527c,5,509,0.996549351641161,0.7983867306978992
no.slekt.etterlysning,0927adc1030b8a46,54,2307,0.9867945027063453,0.8628834777903144
no.slekt.etterlysning,0c50cfcc90fe30f6,12,291,0.9645832725409255,0.8029287514272937
no.slekt.etterlysning,0e321080fcefc96f,2,175,0.9904437573322018,0.8165895184309183
no.slekt.etterlysning,1ca5fd74ccb8c8ce,22,1360,0.9914029487760573,0.8255268946235509
no.slekt.etterlysning,25e5006b7bc91b1c,8,786,0.9963867102734045,0.8196827021920023
no.slekt.etterlysning,262bd7bff7af6301,11,614,0.9861147356343878,0.82104608437981
no.slekt.etterlysning,2b3728578400dcaf,23,1577,0.9928465732123414,0.8262387092752013
no.slekt.etterlysning,3c0c65affe9f1079,15,2071,0.9972324785628596,0.8153865360107863
no.slekt.etterlysning,46b6de5ef456bd98,3,409,0.996032366766137,0.8404913373822651
no.slekt.etterlysning,4b3e9925bbb53365,17,1774,0.9928738927803148,0.8409469144521208
no.slekt.etterlysning,4c173436506daa36,6,822,0.9968692432071359,0.8317832137488135
no.slekt.etterlysning,5ffabbcf66099ba3,2,289,0.99076314161285,0.8133532462036233
no.slekt.etterlysning,70a85c4ffa7929d9,2,656,0.998239492021852,0.7988143010981553
no.slekt.etterlysning,7560fe0d1791616e,9,547,0.9919094142768115,0.8494182388609675
no.slekt.etterlysning,7be00b98fd18c6ac,3,215,0.9779357848575692,0.8180487617679565
no.slekt.etterlysning,7f92b38c2dd4681f,11,521,0.9920128514341815,0.8162161610330618
no.slekt.etterlysning,83a9c14418ef9c4a,5,460,0.9791948040746346,0.8381269152643835
no.slekt.etterlysning,89511275971b6eac,3,123,0.9548800494810586,0.8216486596899879
no.slekt.etterlysning,908c827e54eb1e26,10,452,0.9802803474075361,0.8081841239578921
no.slekt.etterlysning,911712cf6f3dd80d,4,827,0.9947117868289737,0.841902351913874
no.slekt.etterlysning,980d25f1a41fdc51,6,477,0.9954957165399491,0.8404174976886384
no.slekt.etterlysning,9a6f923c3d525797,22,1162,0.9912460782632746,0.7967154098185322
no.slekt.etterlysning,9add45583a9be39d,8,247,0.9807521553785835,0.8312565088855116
no.slekt.etterlysning,9fda7fc4aa5d7a8f,3,225,0.9776672932969265,0.8247002144116211
no.slekt.etterlysning,a32ccbce42cf83a2,7,289,0.9827468782777302,0.8005321608167221
no.slekt.etterlysning,b8465a18ae9c5e99,10,229,0.9811719332492723,0.8148917259274648
no.slekt.etterlysning,c002dc5c29424f34,8,487,0.9862990939372305,0.7988584295955661
no.slekt.etterlysning,d079b3817b427df2,26,1495,0.9910521648891141,0.8288308209512516
no.slekt.etterlysning,d2e2034ab8b5e872,30,2560,0.991707364590851,0.8384615068094019
no.slekt.etterlysning,d8909e563fefe184,3,262,0.9927369068078667,0.8284422852727307
no.slekt.etterlysning,e1a5ea341cdc1467,7,274,0.9857374047782335,0.8350596530062342
no.slekt.etterlysning,e3ddd863373bc942,20,1158,0.9940428608806025,0.8049668339706597
no.slekt.etterlysning,e8b89af680df6ce1,9,446,0.9865122868968159,0.8833284314887802
no.slekt.etterlysning,eb5797ae2571e052,4,202,0.9771097946828113,0.8453121119517897
no.slekt.etterlysning,ecb420fe36f8b627,9,546,0.9885750007018189,0.8287893642356068
no.slekt.etterlysning,f562089010eadbb3,15,698,0.9836853082667103,0.8376872339719026
no.slekt.etterlysning,f592bf38e20a0d21,3,878,0.9966477940241288,0.8051736277492972
no.slekt.etterlysning,faeebf08cb9e1a3e,18,1112,0.9860359643129462,0.855209927061102
no.slekt.etterlysning,fec38630bf01dd69,9,337,0.9893536269040284,0.8225547368205031
no.slekt.programmer,047f669524cf822f,19,781,0.9943426813273871,0.8363693868582703
no.slekt.programmer,0caab34b2110f113,23,1531,0.9930715233117543,0.8414722534507352
no.slekt.programmer,1021c49039aeb9c7,16,679,0.9910678175058725,0.8690396539364218
no.slekt.programmer,3149a937d1605da0,1,57,0.9918365196658928,0.8128334490629328
no.slekt.programmer,356fce6cbb158d54,11,472,0.9904279846889634,0.8220257062777393
no.slekt.programmer,3e26edb85970fa27,8,615,0.9925124541992345,0.8616041186678219
no.slekt.programmer,3fc37466b0a72bde,24,2356,0.9944738895890872,0.8263739761765692
no.slekt.programmer,4302dd9addf39672,7,560,0.9934553751015216,0.8248560197976237
no.slekt.programmer,49363c86ca05c9ea,1,277,0.9964548371934236,0.858303923956147
no.slekt.programmer,4e8ae25703867363,11,593,0.9966012139152304,0.8401397681977527
no.slekt.programmer,5262d9f48c7a960d,21,1457,0.9962180714080908,0.8448136755229757
no.slekt.programmer,59674a4eb3d2eb4a,24,2760,0.9909626096097989,0.8323410171004948
no.slekt.programmer,5bf00d7de142611a,26,1711,0.9905550543992074,0.8183638437692612
no.slekt.programmer,5fd9c54aebfae3e5,3,350,0.9928735860655398,0.8541118224472637
no.slekt.programmer,60049e343509b6b3,5,80,0.9744026493212586,0.8244564109633707
no.slekt.programmer,6e6e8fc1e618b419,27,2007,0.9913559372846917,0.8390804593898405
no.slekt.programmer,71414b7f99b14a82,14,893,0.9955090539593568,0.8592995706085734
no.slekt.programmer,740c164a94ad4dda,39,2029,0.992971090428273,0.8387956755368451
no.slekt.programmer,7cec1901dc66de8b,29,1317,0.9939076039756136,0.8479822448934772
no.slekt.programmer,83953ec3150d4643,16,1382,0.9932828147761179,0.8780122911779706
no.slekt.programmer,8d326f4460914c70,19,1043,0.9894642369476547,0.832887117071815
no.slekt.programmer,91f05bd8d632c8da,8,1678,0.996352395078511,0.8405393792540811
no.slekt.programmer,963eed6cb19a3182,11,624,0.9920029753187546,0.8643188333422288
no.slekt.programmer,987aef1c10cab221,14,1097,0.9897322456057844,0.812062190231805
no.slekt.programmer,a734f4d49d51b5e0,6,1299,0.9988468513887773,0.8523230092634482
no.slekt.programmer,ab16e7622724ac3d,18,1037,0.9919105785835455,0.843582663113009
no.slekt.programmer,b0ace1e0c145f11e,8,539,0.9929089050392637,0.8020809105930514
no.slekt.programmer,b1b5220d4826b9e6,3,156,0.9816528685159298,0.8203660200951182
no.slekt.programmer,d17601ee141c58cd,14,4476,0.9974206324752091,0.8606869450350368
no.slekt.programmer,d772a78441f54cc1,9,415,0.9824469360765298,0.8074439447705423
no.slekt.programmer,da8c71703c5c9288,12,798,0.9934839854168656,0.7883912287467502
no.slekt.programmer,df41b1ee7ac28fa9,2,146,0.9896650778235305,0.8158576352950456
no.slekt.programmer,e0f573172a02f071,15,1300,0.9964634036827884,0.8700697763097337
no.slekt.programmer,e18d82bd1451f3ba,11,803,0.9941182125211792,0.819072203350009
no.slekt.programmer,e1c1929ab067f255,35,2550,0.9960068857229515,0.8642139230603383
no.slekt.programmer,e49618f3523473ad,3,394,0.9944844551837216,0.8518346617363226
no.slekt.programmer,e9192dcf48f0b409,8,681,0.9937908016754141,0.8566653290403383
no.slekt.programmer,f1abb304c0955365,15,831,0.9924485175984176,0.8299838951301037
no.slekt.programmer,f1fd21f0a5fc5eb1,19,1782,0.9914027119212451,0.8640790122130909
no.slekt.programmer,f55febc6506ec940,14,674,0.9917139424584456,0.8685480451067794
no.slekt.programmer,f735facc4de2fc69,2,1221,0.9990164188993237,0.8647632515254198
no.slekt.programmer,fe9f18ef1b6afd63,11,466,0.9916956881628799,0.8247579146508422
no.sources.list,0f9ccbef1f2e5195,1,186,0.9984964795221324,0.8219903947720423
no.sources.list,1224fa07aef6354e,1,233,0.9975684856535963,0.8187430899902968
no.sources.list,20f02aa3f69874b8,1,229,0.998059280941867,0.8267827175844716
no.sources.list,2a8694a7ecc88fcf,1,183,0.9983526741546336,0.8588529931455926
no.sources.list,2fe64b090f35cd72,1,61570,0.9989629406742825,0.8479385652047137
no.sources.list,3330371d987ede18,1,230,0.9982645874183408,0.801283554762931
no.sources.list,38517eb2171b6fcc,1,412,0.9985019418999245,0.831591025917005
no.sources.list,41c371c4b18d6190,1,225,0.9984789053578341,0.8421443203136222
no.sources.list,4fe005032d630b2a,1,182,0.9984105989804997,0.8511694632605968
no.sources.list,55ad79ddec74780b,1,185,0.9980597108923656,0.8021813862962692
no.sources.list,5eea64915cd7a6f6,1,225,0.9979943124434552,0.9226130798454698
no.sources.list,639f51ff5986ff5a,1,179,0.9985760428878486,0.8543599901916329
no.sources.list,8d040084303a6cd9,1,309,0.9983042956501754,0.8232562049100786
no.sources.list,920a1762183bdf02,1,185,0.9981842949949629,0.8311381835846056
no.sources.list,96637e92f6f6d728,1,271,0.9980446008311764,0.8019449562096563
no.sources.list,99c8aca614a5867e,1,247,0.9982874629413072,0.8599987909925935
no.sources.list,9cb95468444ba569,1,182,0.9980858884228394,0.8182053681405733
no.sources.list,ae5bb3c4c3766250,1,233,0.9986953248871534,0.8272941689467003
no.sources.list,b15413c5bd5c3b30,1,399,0.9981847798367124,0.7909568480557848
no.sources.list,b75176a424e2dc0a,1,190,0.9984192393684862,0.8480684282903279
no.sources.list,bae2d99ad4c703f5,1,313,0.9984322819048652,0.8306930688843822
no.sources.list,c0f6a5d0c671e3df,1,180,0.9983472858044634,0.846009348811687
no.sources.list,c5cf2f72d9fb1904,1,183,0.9985335669241001,0.8516478850442006
no.sources.list,cab283b093cebb26,1,184,0.9985281409357535,0.825828815828522
no.sources.list,cdaf53d30b871a0f,1,440,0.9983708841453817,0.8444577639758427
no.sources.list,d8f327da755db8ac,1,184,0.9986691904537616,0.7981733427359158
no.sources.list,df1c47666112efe9,1,184,0.9983056457498998,0.8017563640859856
no.sources.list,e6813e776edf2f2c,1,407,0.9984839758205071,0.8483396530498494
no.sources.list,e6f8bdf2e7bc9074,1,555,0.9989963915002444,0.8455009314986536
no.sources.list,e96d3a784b168107,1,271,0.9980874999629973,0.8282576357922881
no.sources.list,eb2989ac4b36584e,1,182,0.9982483405572462,0.8206200751225639
no.sources.list,ec8ecd62995d6577,1,270,0.9982180967381838,0.8164273879862977
no.sources.list,f2ccddd63d76e14d,1,268,0.9979220013019839,0.8231440184203505
no.sources.list,f8fee84e82dd0368,1,184,0.998319607254632,0.8384254995646869
no.sources.list,fd462595ccacc0d4,1,181,0.9984268287674606,0.8390976392423419
no.sources.wanted,0eb390860c7e3ce8,7,396,0.9883093430674025,0.8652331702978115
no.sources.wanted,0f95e987986a777d,4,291,0.9948754576216228,0.8136602536756071
no.sources.wanted,4030889f91f66200,16,1021,0.9923885306158077,0.8231192880566558
no.sources.wanted,42e8d7f674ede13f,4,122,0.9873946254261713,0.8520909859493513
no.sources.wanted,42ea4eb7b28b6bf4,2,220,0.9905647970379102,0.8169284847403854
no.sources.wanted,5522a62f285ea70f,2,176,0.9919626979792641,0.8314587477340727
no.sources.wanted,5bbb1f91e9abcfb6,6,722,0.9941513597068417,0.8224645589063391
no.sources.wanted,649d7759ab8fad7b,2,264,0.9960439809680004,0.7785152764514487
no.sources.wanted,65da06c1ee31191e,4,396,0.9923047470725069,0.8333507353619076
no.sources.wanted,6b42e0469a38d48e,20,1177,0.9936798833636792,0.8244438698184311
no.sources.wanted,76b9ff422d177e6e,1,135,0.9875048514181495,0.8494454205145885
no.sources.wanted,aec01191268a973d,9,613,0.9948628395884349,0.8292169137149827
no.sources.wanted,b49f6540eff209de,7,292,0.9851220727723006,0.8576979559189517
no.sources.wanted,c166d25fcc24a722,4,318,0.9960418704413253,0.8527018901535083
no.sources.wanted,c216a72f77190f64,6,1072,0.9979450009886932,0.8401808263869958
no.sources.wanted,d3e6181aa0792d9f,2,261,0.9951911848744479,0.815926737607904
no.sources.wanted,d63c6ed0d1403926,2,302,0.9991665431420076,0.868775047071787
no.sources.wanted,d91876097ff80b10,3,182,0.9975901839003942,0.7988566660934826
no.sources.wanted,d95caf0676afb77e,10,552,0.9942973949030558,0.8657709602914714
no.sources.wanted,f342b01ceecb22ab,7,415,0.993351746767556,0.8481349755533122
no.sources.wanted,fe722b70b4930d5f,9,687,0.9954919574174828,0.8395327381789818
no.speider,02516b0d57a60958,3,229,0.9703069169875359,0.8453671454774887
no.speider,0ccdfd2ce81545e8,20,998,0.9934795088653637,0.8351795839697339
no.speider,1b22ae1989b91180,15,758,0.9890165143382148,0.8445009637373392
no.speider,1e5e88dab4979596,11,535,0.9924782083235911,0.8781131536062301
no.speider,23f7a1399eddc616,12,330,0.9733916447453668,0.8186308387921024
no.speider,27dc20d5792200c9,5,318,0.9939013271747038,0.8130360368578824
no.speider,2c16346a853abb8f,10,508,0.985615392937782,0.824725892221839
no.speider,2dcbde0b057eab82,13,798,0.9947632249273093,0.8572203612033386
no.speider,34a985c083e7b337,7,366,0.9867992905417965,0.8357372966249346
no.speider,3997501cad76d808,4,99,0.9682143028416261,0.8121243360621959
no.speider,41381820d7fb0f2b,21,733,0.9853349489434209,0.8401173979307786
no.speider,4bb13554f6c9861c,11,453,0.9894420966979535,0.8796462414902387
no.speider,51ba0e3db86967a9,7,381,0.9881798376979588,0.8214678391731056
no.speider,523c612a7c5340af,3,370,0.9975538856299265,0.8358984997804954
no.speider,52e6522fd5d6009c,114,4449,0.9888862025014904,0.8329522937058169
no.speider,64ef6b1ed56ab186,44,1383,0.9706789895957886,0.8565554178279783
no.speider,676df7cf0a24984f,9,394,0.9829091544613454,0.8481023725907971
no.speider,6a96da17655d8690,8,2528,0.9961844384069566,0.87955214477969
no.speider,7dd1432872fb07bc,7,588,0.9958732835958666,0.850960026073196
no.speider,853c227786ed0b0c,63,6312,0.993926210302666,0.8312530506126613
no.speider,8d2e38680b1a1c02,40,2118,0.9930687830102614,0.8165979617130216
no.speider,8ec0d39d7021b873,19,1139,0.9956812956525601,0.8182113188801929
no.speider,99dd5fb4fda290f2,6,2211,0.9915218647546546,0.8118314700984809
no.speider,9bbbf952a7e4901d,4,790,0.9943440993313518,0.7984943756355812
no.speider,aa34b5c7174495c3,4,366,0.9830785240564777,0.8286444842969508
no.speider,ae2923dd9df636e6,1,78,0.9967755017241048,0.865239927068125
no.speider,ae9b2bd2f29b2d5b,2,293,0.9902868841591983,0.823747945625195
no.speider,b20c7439d7378e81,7,506,0.9950904213171056,0.8383937362728078
no.speider,b8b0cab2cebcd6a4,10,636,0.9912155322295235,0.8723619919670799
no.speider,bfd2582bbe2f5165,4,1247,0.99938952644178,0.8613548674737198
no.speider,c38ee04ce4d286c1,1,78,0.9995903850743973,0.7836317656787941
no.speider,cd6bc3467808f8bf,11,575,0.9920903807319577,0.8181563866163659
no.speider,ced5cbe46eb7ff8f,13,968,0.9916909364205535,0.8540891350789205
no.speider,d3f8034840d38996,15,852,0.993531811182882,0.833943789697096
no.speider,d82127fd6ab3922c,29,2227,0.9928322444949933,0.8442095479826772
no.speider,da8b8ed0817e79fb,4,601,0.9971914465959132,0.8393730205096201
no.speider,e2a3981c00a424ac,4,344,0.9908288317349353,0.8729159743504281
no.speider,e3795399ae825b8c,14,332,0.9818330468335673,0.834038555454049
no.speider,e47d050f984ccca3,8,1167,0.9955413752959363,0.8399765993720887
no.speider,ed333e6d61403353,8,462,0.9960809923183072,0.8367477510850326
no.speider,f060a2a27d9a587e,3,78,0.9794455714896715,0.8371761577146964
no.speider,fe1a7ecd44a2c6a6,1,193,0.9975766918746961,0.8616114420039959
no.spill,0014aea2e54b3182,25,833,0.9936261382352364,0.8129694518570648
no.spill,028e24b6b903dbd7,27,1416,0.9863811503804161,0.8705580628875844
no.spill,0a131866f4a1a0d1,14,1449,0.9952218206194903,0.8402621334973505
no.spill,0fc3c6aba77898e2,13,994,0.9905048810255707,0.8333802619832654
no.spill,129d3b4170c3734e,7,382,0.9925262655515779,0.8350404150015465
no.spill,12b90a153ea25a64,9,946,0.9956924051992652,0.8056899730540541
no.spill,1907110e02cd1b82,7,425,0.9982737437436021,0.8905116552485307
no.spill,1f5302d76a8709a0,4,340,0.9940409907171868,0.8616527412940922
no.spill,204205c8a06655a8,5,338,0.99325038274524,0.8069979373042856
no.spill,204dc169a36d8e6e,18,1846,0.9943099019083148,0.8048540215582006
no.spill,273984ce8a569a37,17,730,0.9906641186619184,0.8219973369115307
no.spill,34a615ae97ff4c4d,3,367,0.9968076457546672,0.8593751829653804
no.spill,3d83d4c643ffb101,9,545,0.9947000634159472,0.8238486158264491
no.spill,45ed54a7ef455811,3,779,0.999121994683352,0.8245461742156875
no.spill,53cb2037b35fe768,10,808,0.9935184816238433,0.8228673188610395
no.spill,69746b615bf9c799,2,145,0.9808698679673286,0.7913741916230754
no.spill,6f267d4b69f48a7a,15,1403,0.9965068604254462,0.8410102374747402
no.spill,74839588c88bdef3,8,441,0.9911691653584392,0.8157463570868031
no.spill,7acd6c8367644a3e,2,120,0.9903424974968418,0.8059169011463883
no.spill,84a4fa35a1a412ba,5,664,0.9961510940026046,0.8570939616059724
no.spill,85c2b53c0a4d0f96,1,317,0.9992741354792312,0.8694057147641467
no.spill,86723626a8dc5851,11,598,0.9887927437567825,0.8188271570339257
no.spill,9f2c12e97a5e6e08,14,711,0.9953335496177217,0.8122930888588159
no.spill,a2b716d1196bc4fa,4,97,0.9859044102106918,0.8522185424304604
no.spill,a75aee74349c614b,11,346,0.9779966830004063,0.8589291552096451
no.spill,aa841b20f55a0380,1,206,0.9979596783129328,0.8600313495373606
no.spill,b5a8365cd097309d,4,269,0.9908847376857881,0.8553550361938359
no.spill,b6153be7c38d5c3e,9,415,0.9886071001714278,0.8687244089350671
no.spill,b710024c63262678,2,129,0.9872331528310131,0.8647134739428214
no.spill,ba16aa0f3c42b5bb,1,125,0.9958199319152642,0.7927441955591342
no.spill,bbf7c51c2142db9d,6,401,0.992298899691961,0.8101565571826757
no.spill,bc9f8eed0bc7733a,15,1065,0.9923408259097425,0.7941344368177521
no.spill,c1115d53385769d9,4,665,0.9938479543690157,0.8452049231381116
no.spill,cf4efb06062c758d,7,759,0.9931298947898582,0.8507923761180941
no.spill,cfadc50bdef18254,2,177,0.9914902642806305,0.8259035184938301
no.spill,d0a7a91375dfeb0f,12,650,0.9886283501920872,0.8155831092941014
no.spill,d2b9b2a5c7d0b2ed,5,209,0.9846583011801523,0.8098720917093244
no.spill,dcc34043c33035dc,1,429,0.9979102050964734,0.8275546018385666
no.spill,dd429aa095eab6c2,17,861,0.9794457649408681,0.85773144361918
no.spill,eb231c23f5d4d2da,5,592,0.9841156304539325,0.8092766562798398
no.spill,ee13d9b80da0c182,4,299,0.9944252320525938,0.7779442935767602
no.spill,fad6e791c26b3ce5,6,318,0.9913940436584513,0.8287247956765547
no.spill,ffe956f3f11eeaa4,31,1063,0.9866085681482782,0.8089505605793706
no.spill.rollespill,001522b6fe712445,5,506,0.9975844410646751,0.8343983112360367
no.spill.rollespill,0614d51c0fac9b8b,37,2886,0.9966711668562194,0.8362073997739228
no.spill.rollespill,07cc897309e6e0f3,12,910,0.9953697921559985,0.826864622373003
no.spill.rollespill,0bc09a6a3532006e,1,290,0.99568119422159,0.8480605280167107
no.spill.rollespill,0c702553cd9aeea7,4,657,0.9980967886628267,0.8317665314672931
no.spill.rollespill,13f5be166b159e99,7,559,0.9959772907950561,0.8609013083440993
no.spill.rollespill,22632c39a58d3414,15,876,0.9949383910492359,0.841546721120337
no.spill.rollespill,2bdea7029c022a85,10,657,0.9906033163427125,0.8250504936558974
no.spill.rollespill,2dbdae12115cdce3,27,1462,0.9952024976892132,0.8599211287371392
no.spill.rollespill,44b6abbaf071068f,4,939,0.9981233047676847,0.8438366359856082
no.spill.rollespill,4d324fe74f81469b,14,336,0.9809026224790978,0.8318208647481825
no.spill.rollespill,579b475442233b34,33,1677,0.978035361119914,0.8303423641285567
no.spill.rollespill,5f59ec5c96b524a8,12,456,0.9881226276066284,0.8369716886931728
no.spill.rollespill,64e277ee14f0e42e,5,330,0.994234860753897,0.8610976074641233
no.spill.rollespill,6af5cae54f21595b,1,384,0.9961501086453175,0.827587854980855
no.spill.rollespill,6bdf7b54337c84ec,9,622,0.995958606577634,0.8069804161293983
no.spill.rollespill,6daffc3b983c4e0b,50,2603,0.989095534518792,0.8390391803704987
no.spill.rollespill,716386f4d6f81131,7,549,0.9916206469512472,0.8102050206491109
no.spill.rollespill,7d85a246016d0a2c,11,483,0.9931545517041407,0.837497167647544
no.spill.rollespill,7e38af377c3a397a,29,1567,0.9970167275609535,0.8610057643921014
no.spill.rollespill,831840fbbcda2364,31,1632,0.9944085169961326,0.8185610676088914
no.spill.rollespill,8c6dfe3cf9921363,62,5196,0.9939249259743135,0.8594667851693719
no.spill.rollespill,9202d49be87e779a,10,1276,0.9952843395077005,0.8301061036294435
no.spill.rollespill,961b77c9fa54c069,4,283,0.9891068868659506,0.8588872711566327
no.spill.rollespill,9b22ce36404ed09a,8,564,0.995600580529149,0.8694738671813924
no.spill.rollespill,9f567ee12617db11,33,2156,0.9943704982648383,0.8494044779820682
no.spill.rollespill,ab01b92dca9913f8,21,867,0.9919963284801507,0.8794130673717605
no.spill.rollespill,b147263ddf8c24b0,2,138,0.9951417206313916,0.8425121092033088
no.spill.rollespill,bfc7991e88f83e8a,183,8187,0.9925862918211154,0.8249223955947912
no.spill.rollespill,c22f7cecdcdd318e,5,521,0.9935108585533194,0.8331569706379314
no.spill.rollespill,c5dfa4d981fa0850,115,5100,0.9935427858052199,0.8197472586279743
no.spill.rollespill,cd0fb1fe9a88d919,21,1033,0.9916241617818287,0.8764813738718313
no.spill.rollespill,d0b1cdc1fa886c0d,4,487,0.9805013159795863,0.861141638913849
no.spill.rollespill,d741407ba5f1deb2,3,315,0.9982258444186751,0.8295003221114403
no.spill.rollespill,da8c0f1c80930b1d,4,697,0.998171882236033,0.8476633887138176
no.spill.rollespill,dcc87fceaa58ae53,2,93,0.9836438717711817,0.7907965715816974
no.spill.rollespill,de85dd19d2bfa0d8,28,1840,0.9960022002620843,0.864846926417169
no.spill.rollespill,e94219bed192917c,121,6098,0.9965151668801475,0.8600262779312018
no.spill.rollespill,e9fdd794b01f228e,11,719,0.9962197240088884,0.8653153471050683
no.spill.rollespill,f7871b30aecab4e2,2,565,0.9984488388808012,0.7635599433270431
no.spill.rollespill,fefe56749c8a9aff,3,368,0.984659611449323,0.8641102508995786
no.spill.rollespill,ffbacd406a44fcf0,5,525,0.9951344201389353,0.8696713390693502
no.spill.sjakk,042ef0e27e5ab5ad,2,153,0.9896990585952365,0.8170353702684662
no.spill.sjakk,0e63c2f5463e5980,9,544,0.9883335332024984,0.862399209836912
no.spill.sjakk,0f351c2dbd8cf79f,1,339,0.9908577873071802,0.8249981604282308
no.spill.sjakk,1514db25a228ab4c,12,607,0.9868591604342223,0.817957528662113
no.spill.sjakk,26743b11a5661ff3,5,432,0.9815715886107688,0.846912309818167
no.spill.sjakk,28580f6bbd1f6449,4,356,0.9830454554021946,0.8185032490260878
no.spill.sjakk,31233778b89c814c,1,515,0.9896468535819817,0.7936726271025868
no.spill.sjakk,3602a4de3544871f,2,299,0.992163530572678,0.8512507846591836
no.spill.sjakk,470c0d7c8490331f,29,1421,0.9899847085102855,0.789392110044138
no.spill.sjakk,4788a95cc3caa992,7,6127,0.9934599097248549,0.847394115023378
no.spill.sjakk,4e3e50d4f442cf79,3,169,0.9948012028200107,0.8437784964867845
no.spill.sjakk,4ed33472b99072bf,1,479,0.9906857839635388,0.746928145207214
no.spill.sjakk,4ef59af9f9c1bd35,1,65,0.989995518726758,0.8566499777446333
no.spill.sjakk,535b78fff8e2a4b9,10,610,0.9915261059056826,0.8372889567503491
no.spill.sjakk,62af9dbe62637499,2,537,0.9977269679122633,0.8505484407719973
no.spill.sjakk,7159da4370dc5c95,4,252,0.9911842250745463,0.8047930695277881
no.spill.sjakk,7696fd58928430fa,1,570,0.9876398787025858,0.7808224453753599
no.spill.sjakk,81b41774105785f4,12,1080,0.989881366474377,0.8353166149558594
no.spill.sjakk,858f5ea100d55597,2,564,0.9983721436923563,0.8603689674029967
no.spill.sjakk,8fe67f005be4cb31,50,2778,0.9937151040382107,0.8179133709752278
no.spill.sjakk,912b60e86229492a,1,393,0.9912602661963368,0.8006933096265642
no.spill.sjakk,9270c401b66dd884,1,526,0.9909984281108215,0.7945055484968315
no.spill.sjakk,93b662408691f457,1,537,0.991659789450461,0.8254836600627881
no.spill.sjakk,9896d7ccf9f03b16,11,567,0.9731489522850117,0.8599168528190498
no.spill.sjakk,9ce0afbf74232f0d,1,816,0.9978047974442019,0.9365046241380072
no.spill.sjakk,b17140a9d1690b5d,13,613,0.9907279426399033,0.8745506853046587
no.spill.sjakk,b3edd16583f0f3a8,2,97,0.9799586561695773,0.8461111990777739
no.spill.sjakk,ba3c343f93b54bc8,13,655,0.9944630458417,0.8573013512999269
no.spill.sjakk,bb4e988c53d12032,1,414,0.9913683331107364,0.7693193672838919
no.spill.sjakk,c1d970cb5b3b25a8,25,4942,0.9978427001020849,0.8215974943391082
no.spill.sjakk,c2c6da07cf6e1137,1,280,0.9996662117489822,0.8505013760879693
no.spill.sjakk,c35b080b426c7063,2,546,0.9982350830676219,0.8509749065268606
no.spill.sjakk,d4ffccef78de0c7b,4,500,0.9836880903822542,0.8259387554469829
no.spill.sjakk,e658d110399f93f3,2,126,0.9837080450983471,0.8672263393096085
no.spill.sjakk,ec7580fa54c7a07c,36,1576,0.9919441695711878,0.8661661349223249
no.spill.sjakk,f35470ff865b297b,14,1397,0.9852914374770673,0.8443203775046765
no.spill.sjakk,f5e9b9cb6e03cb00,1,199,0.9968611317368254,0.8068708766015601
no.spill.sjakk,f83768cdc444212b,1,669,0.9990382096001343,0.8209269807415037
no.spill.sjakk,f881ae17aa3b44b4,39,1834,0.9933868399900758,0.8479070563061054
no.spill.sjakk,fc69c0d859ff7620,1,361,0.9904740045547309,0.7863462483068374
no.spill.sjakk,fcba90fc5df7be61,1,446,0.9905925663550661,0.7770570875438866
no.spill.sjakk,fd8df8aaca28ef7e,17,1898,0.9963122207947372,0.835254464806768
no.sport.diverse,025ef772f143976a,1,201,0.9939417618479887,0.83583473304313
no.sport.diverse,089dec548e977456,13,806,0.992134420450986,0.8070439900412467
no.sport.diverse,08b04466a38b3a97,3,140,0.9803641349590961,0.8349801687415401
no.sport.diverse,0c3b7ecdf89d11c4,6,896,0.9904375564895076,0.8280835196966178
no.sport.diverse,0dd8f48a88f02926,11,570,0.9902321199082641,0.843481988637118
no.sport.diverse,21a00f65a5c6369d,35,805,0.9846431822175915,0.8391113760365128
no.sport.diverse,297e89bc4678e252,22,873,0.9872151057018592,0.851984321725943
no.sport.diverse,2ceec8417adba64b,33,1929,0.9936803161231147,0.8461928373834532
no.sport.diverse,39d5d7861e742bdf,56,2400,0.9916714677276887,0.8515175050343626
no.sport.diverse,3c39b9dafbfed522,4,180,0.9954624598413352,0.7893982585870369
no.sport.diverse,3fcd5e71c864ab78,6,389,0.9904360801399473,0.8360265929991446
no.sport.diverse,4380e1c5c091c0c0,12,414,0.9806860968672539,0.8324198605134137
no.sport.diverse,440fe06120095515,7,707,0.995534315094445,0.8330264395321788
no.sport.diverse,4564d8c4ba773187,8,498,0.9901849071223419,0.8421041350573181
no.sport.diverse,4a6d8831e7a80014,15,1073,0.9924863678433951,0.8600941286389142
no.sport.diverse,51670522d61968f6,7,266,0.9925811127932985,0.8331159856176514
no.sport.diverse,53c0d59edfbf8711,17,1156,0.9863048652300147,0.8256832464411155
no.sport.diverse,6504e5c96467f2a8,40,1576,0.9890131918141263,0.8415670063622861
no.sport.diverse,67751f717e80c8f5,14,717,0.9904805731894782,0.8274479182169744
no.sport.diverse,6d573830e568da05,2,302,0.9913537574971502,0.8131436494924282
no.sport.diverse,701d1d4bc6e8bdd8,27,1119,0.9793286775744164,0.8323242066428702
no.sport.diverse,77aa9c46f6ff6e2f,15,708,0.9849199451588807,0.8239143689103133
no.sport.diverse,7deac90bd14f4c28,5,160,0.9776287770057519,0.8139799251455992
no.sport.diverse,8cbdbf941c5efea5,5,314,0.9908890879781652,0.8492159730295412
no.sport.diverse,964813ba53511377,2,698,0.9970971100947684,0.8278987708525651
no.sport.diverse,9765091569641bcf,4,186,0.9920874735608778,0.8333470206410724
no.sport.diverse,98b7fff268bb1a8c,21,1115,0.9911342710830304,0.8688298969805243
no.sport.diverse,a0404cd738fff9c4,6,339,0.9949311462406916,0.8241752299737932
no.sport.diverse,a4c555ea66f74a97,48,1732,0.9857424170815121,0.8233959586012576
no.sport.diverse,ab9f7bdc6bf791d7,5,210,0.9782767025254279,0.8285040709326902
no.sport.diverse,b1d67cb427db3b15,4,175,0.9743034045430978,0.7953693787556542
no.sport.diverse,b2c82257bdfe5941,5,174,0.9714115549724033,0.803087606291765
no.sport.diverse,b8b4e432cd82d9bd,8,276,0.9914098961786848,0.8341782867101212
no.sport.diverse,b8e9b743e0c39c54,4,519,0.9926225386272994,0.8335278733799152
no.sport.diverse,c25b7c1cb286decb,32,1268,0.9766439826496475,0.8220234736858181
no.sport.diverse,c289511668fab8ab,7,303,0.9922888728555732,0.8718057709189003
no.sport.diverse,cb1a24209eb82a3b,5,422,0.9886259362131113,0.7911506502838994
no.sport.diverse,d8a30ac03411568d,4,143,0.9819559031765175,0.8532775256187394
no.sport.diverse,e2171fad85fe2344,20,1420,0.9935082787679841,0.8519332056598525
no.sport.diverse,e77362c9f54ba32e,3,521,0.9970156931111439,0.8218132042554837
no.sport.diverse,eb2f8eddd043e23c,16,593,0.9840779276356666,0.8030696078064916
no.sport.diverse,f1f1c309df6f5e03,18,1025,0.98996018360342,0.84860432215399
no.sport.diverse,f46903d3b7d4d33e,7,351,0.9912961865922669,0.8444128995206489
no.sport.orientering,036ff9d63d4aac81,6,210,0.9718694698932614,0.8108710205076766
no.sport.orientering,0b130bc0d91be590,2,81,0.9759264019997291,0.83109830764661
no.sport.orientering,0b335c2b9ee0d0b2,17,724,0.990124220676791,0.7972522276296037
no.sport.orientering,0ca1e74f58164724,217,7255,0.9891021877385745,0.8316937460440078
no.sport.orientering,14c3ae06f39d7236,8,571,0.9910251504836656,0.7997781563595875
no.sport.orientering,27609b9ce2c97b0b,13,1483,0.9945886191477686,0.8511978362095255
no.sport.orientering,3206d6038d8d5fc8,21,1012,0.9885798211783009,0.8280307553173443
no.sport.orientering,34f02e92fea4a1ca,1,143,0.9793935483236001,0.8148756631993902
no.sport.orientering,3d0c384a4773ef5c,14,2387,0.9965674992451099,0.8467886165755777
no.sport.orientering,46740c515c53409a,5,196,0.9759953561397969,0.8421349664102603
no.sport.orientering,5042b9f48dbda747,8,375,0.9875244681453564,0.8034750421400985
no.sport.orientering,5366a949619e3161,4,244,0.9847149730407367,0.818055385491586
no.sport.orientering,56154490adee91d1,3,240,0.9712717816514814,0.7972196229838981
no.sport.orientering,56a15945312fe200,20,1219,0.983610997961558,0.8464179746982464
no.sport.orientering,5c46552ee680eecf,4,120,0.9707097689317696,0.8420748793225283
no.sport.orientering,63e73326855451de,6,350,0.9850916004893877,0.8718580251491702
no.sport.orientering,6a9f4d05ce9c482d,2,99,0.9895472718206616,0.8103638113757001
no.sport.orientering,88c1c3daac563d60,2,416,0.9915857129628034,0.8720216737037332
no.sport.orientering,95892e985690eff1,63,3238,0.9939201291652728,0.8345187590265268
no.sport.orientering,9a3ea1006913402c,25,1073,0.9755337901353897,0.8056026195133633
no.sport.orientering,a4c6f189aebcdf90,21,891,0.9865492427824123,0.8128648504274477
no.sport.orientering,a8165b93490df74f,145,4743,0.9866884668100375,0.806751464956576
no.sport.orientering,aecc012c6d33a5c1,63,2138,0.9830065694642837,0.8219440867142261
no.sport.orientering,b16a922c0546f579,10,708,0.9955647168625167,0.857934854651084
no.sport.orientering,d9724b266e9a38dc,3,193,0.9881440365932183,0.8623673029844519
no.sport.orientering,e15dc07e58b65df4,15,1000,0.990426251454358,0.8385724704681039
no.sport.orientering,e34445c9e6dc9012,1,77,0.9969642509385146,0.8499094778165146
no.sport.orientering,ed404d62bd1acf47,9,462,0.989219570301585,0.8114731259313717
no.sport.orientering,fdbc106dd4f38d17,2,192,0.9892562953578369,0.8523406657844514
no.sport.orientering,fde52b552cd3a387,6,639,0.9892859854848177,0.8601960176997838
no.sport.volleyball,01eb1df40d91df6f,3,611,0.9952256071340817,0.819269442505943
no.sport.volleyball,032c7fa718cfb195,33,2040,0.990775000789282,0.7901596484260568
no.sport.volleyball,11b7e3ef8d4328e7,20,936,0.9897242788474135,0.8318904448671123
no.sport.volleyball,1bc7b469104fc973,13,298,0.9620403551893301,0.8126536460520013
no.sport.volleyball,26334941684d87fe,12,433,0.9807995204165134,0.8271372637364434
no.sport.volleyball,333d1abfa2ad4e25,35,1952,0.9884172799948359,0.8278915532397513
no.sport.volleyball,38e02d9a8292d090,4,443,0.9734011343185,0.8014653213227704
no.sport.volleyball,395e13d97f330ffe,34,1995,0.9896335083035824,0.8177906149442997
no.sport.volleyball,3d5444ab029f108d,2,89,0.967592113740845,0.8016876821735591
no.sport.volleyball,4a8c00efd44d4f18,37,1553,0.9891459308945757,0.8683211088970023
no.sport.volleyball,4fe5860bfd44a208,103,4376,0.994425545655501,0.8367614024874664
no.sport.volleyball,5b392632cb24554e,47,2113,0.9894097580706538,0.81188665215356
no.sport.volleyball,5bc3fb98e73ed4cc,2,221,0.9951603070531795,0.867058287044366
no.sport.volleyball,5ef9abd5ffc75087,3,130,0.9739939615665181,0.8076529119163626
no.sport.volleyball,649a5b909e7a8ae3,1,100,0.9885273315691397,0.8334771343768674
no.sport.volleyball,6674c5eeb2760199,6,333,0.9867438029254254,0.8545662852251457
no.sport.volleyball,785410ece9a3e8e8,6,237,0.9745239834331638,0.7896967538554369
no.sport.volleyball,7d9a0d2076ff9a25,4,136,0.9724563925059501,0.7781270834285351
no.sport.volleyball,7e944e2b7b87f2b6,6,457,0.9888691665264236,0.8158268138944327
no.sport.volleyball,7fb949aac281d3d9,7,524,0.9927954241972086,0.843625318540574
no.sport.volleyball,968d5cb9eb335af0,1,238,0.9926425705893066,0.8059364916479219
no.sport.volleyball,98f36b1e7b86d997,5,1980,0.9941601792075334,0.8115063136570358
no.sport.volleyball,9a2a05bdcaafc53c,60,2297,0.9854558109496656,0.8299976190016771
no.sport.volleyball,9dd265fc8f4999df,1,65,0.9927028569386271,0.8196171122791224
no.sport.volleyball,a230214d18e65514,8,495,0.9874222915905905,0.8357063289265478
no.sport.volleyball,a39bb24dcf4fa7c1,5,380,0.9904463843016376,0.8217282857952456
no.sport.volleyball,a53eec4f1009421d,17,703,0.9890971892879084,0.8416890835559028
no.sport.volleyball,ae83f1daf9f14a5f,23,912,0.9903662500925936,0.8247123749948894
no.sport.volleyball,b50113da5c3880f4,1,99,0.9908566043472766,0.7759085413558596
no.sport.volleyball,b5eaac09a59c5b86,13,467,0.9842555264482122,0.8335692431816061
no.sport.volleyball,babdf9ca392033fa,14,959,0.9917344520844891,0.8153344306803021
no.sport.volleyball,be5c8c8bb73ce107,5,195,0.9918124514526935,0.8014617877995371
no.sport.volleyball,c10f96c9d1f56f31,4,369,0.9964961193893006,0.8354073818015259
no.sport.volleyball,c7af8b0585688913,37,7924,0.9855770923405759,0.8122759431125605
no.sport.volleyball,c824e99e89a6bea3,5,204,0.9878478352210781,0.8265611262480811
no.sport.volleyball,cae073b1e20a7542,13,555,0.9948023746409315,0.862536294280311
no.sport.volleyball,cb6c8b6b5e31020f,17,517,0.9802992454199918,0.8163853268209856
no.sport.volleyball,d0c328b0be1d26cd,1,69,0.9794002089584337,0.8157603026131386
no.sport.volleyball,d70f9b6783490280,7,963,0.9955104277021547,0.8360358767540186
no.sport.volleyball,e457e6f01adf148a,1,112,0.9898905861516543,0.8139251449946754
no.sport.volleyball,ef610d1971a91d2d,21,1289,0.9770772967782996,0.8173273017969199
no.sport.volleyball,fa58c3fcd2c75c02,57,2922,0.9848428612994594,0.8207012015849291
no.standard,042bb89907bb6219,10,398,0.9769935997785827,0.7843498419084606
no.standard,04b3403a8af634bb,2,260,0.9932071142845474,0.8547076752039638
no.standard,0fdc1e877ee4e0ff,4,266,0.9833764288581456,0.8430225713510505
no.standard,114439781160018d,9,832,0.9937848466641025,0.8879402738628401
no.standard,1d548bfb470bc197,8,248,0.9793412409702176,0.8622618812323218
no.standard,1d61dba84ed5d56a,2,192,0.9907748330035717,0.8324371486201957
no.standard,1f4cb8b7980bf5f8,4,379,0.995678431022939,0.8148923470044123
no.standard,22200c9789220d59,5,332,0.9850499442299737,0.8320136045803923
no.standard,2ad000b76cca5dd3,1,132,0.9960324621946226,0.8374541798872058
no.standard,2f81f8b197fc7eac,4,3024,0.9804881588855864,0.8482797321572347
no.standard,2fda2ef0310a28c0,37,3668,0.9954573081072652,0.8655155732736635
no.standard,2fde7c8db3dca658,36,1163,0.9898640924176224,0.8420646445622225
no.standard,38f2df46e3639aee,6,624,0.983504503491492,0.8643280067926906
no.standard,3b4305f8d3f6cb86,42,2378,0.9908025782631208,0.8545526272683521
no.standard,472200489a6fde85,7,755,0.996967711996558,0.8645314194599697
no.standard,688908bc06bbdbe5,7,618,0.9911968874198493,0.8485932447463573
no.standard,699716542f33bfe5,34,1922,0.9735009158717554,0.8466651817475738
no.standard,7ac87140e48eaef4,7,911,0.996884625407215,0.8290919302011105
no.standard,8447375558b213ce,2,221,0.9973697512791545,0.8296126041237885
no.standard,96e3bcb2b7b52507,3,821,0.9960485262115601,0.8536782317206636
no.standard,a942888a9910e4a1,6,411,0.983268093057634,0.8511066350071724
no.standard,ad64c02a8605d4c7,17,918,0.9877228310530074,0.8790611249354365
no.standard,b7f64155a232aece,11,508,0.98631724936517,0.8238383596198698
no.standard,c1940dfd819b27e9,14,693,0.9935974262742195,0.8574479440840397
no.standard,d38618fed712e0e6,10,659,0.9920655379342461,0.8397984245306822
no.standard,e1b8d888af31058c,27,1595,0.9907142364421384,0.8212938946678383
no.standard,e789daaa1c12c528,1,60,0.9934084239627019,0.8459562581671204
no.standard,f5436b636c48b226,7,486,0.9903547171599321,0.8559371286911163
no.standard,f8816a06e6782072,21,1420,0.994605565336959,0.8321912547255313
no.standard,fbc34c216aaae459,3,287,0.9982953245262239,0.7985498359403337
no.stortinget,0010fd8ed9971256,91,4812,0.9943776392944241,0.8484014480677768
no.stortinget,0f206a8872387232,4,1843,0.9993856185726678,0.8578975649939943
no.stortinget,0fd9dd76d2743f01,47,2290,0.982596175673018,0.8345879794085521
no.stortinget,1089a18fe05a828c,12,779,0.9844585008791382,0.834629360879161
no.stortinget,1b387fc9135dc03a,13,630,0.9936345077332025,0.861312373361642
no.stortinget,1bff07a9fa8f9718,1,483,0.9935920239198037,0.8398875985317139
no.stortinget,1d20406d888b8c6f,11,635,0.9828711135776632,0.8068368247270234
no.stortinget,21bd96b58fc3989e,4,378,0.9853316285169795,0.8469796885494386
no.stortinget,250ea36598e99c96,1,75,0.9828139010816551,0.8341552437355152
no.stortinget,295ac915f02780d3,14,990,0.9931562753314542,0.8140376721213743
no.stortinget,2c6d97eee0c6ee6d,21,697,0.9881096219071681,0.8623488784971589
no.stortinget,39ac2be9c6db1fb2,4,272,0.9880565770180834,0.8684582656988944
no.stortinget,3e08f2bcf8f30902,7,702,0.9958108013056794,0.8016834830098982
no.stortinget,3e225e93b6adf693,22,1176,0.9876717088285119,0.8427298665477753
no.stortinget,4245e784ffbb5139,2,240,0.9944080731752049,0.880171112663201
no.stortinget,4cdc18e977d6a67e,72,3300,0.9930877834595041,0.8404748824051161
no.stortinget,5135bc15a7dd9ab4,5,439,0.9890411030514862,0.8269124231418356
no.stortinget,5e97cf0e6bfdfaf4,28,1596,0.9922021225284086,0.8210499710616339
no.stortinget,6016ae02a561b4f9,19,1229,0.9886605841064654,0.867388755284698
no.stortinget,64f42837d0dd0efd,30,1579,0.9936965798641318,0.8185428145403943
no.stortinget,681ee92a647cfb8f,2,220,0.994373929292764,0.8445134485372918
no.stortinget,6d814cbfb9d2aceb,13,925,0.9949246847572152,0.806173318430532
no.stortinget,6e45ae0dbff6c502,13,1517,0.9981702093763032,0.8573353067537444
no.stortinget,7820ca72e985ec3b,16,686,0.9887585960932155,0.8246342309289619
no.stortinget,7eb8e012f0f9c7c6,13,614,0.9936358246867655,0.8338299954455797
no.stortinget,8f02639b5e48f7f6,4,1044,0.9982814733343421,0.8254515965964971
no.stortinget,91239fcf64abd19a,13,877,0.989364784977498,0.8220981877849165
no.stortinget,989129ba4111916d,17,1013,0.9917519262305318,0.815075149400971
no.stortinget,a13db3e1e7dc95f0,24,1434,0.9911872682443701,0.8978618230239309
no.stortinget,a1d0b2a205299e02,8,303,0.981255902347089,0.8420657431115564
no.stortinget,a617443ecbe6cbd2,28,1111,0.985256472632168,0.8448228050773119
no.stortinget,ad51c1a1a920465f,6,827,0.9941079625022662,0.8437984043230833
no.stortinget,c2133164919845e2,7,683,0.9936385114029083,0.8301784891544932
no.stortinget,ca3f541a726f2108,42,1580,0.9860614291281751,0.8262839794630108
no.stortinget,caac528738c27e6f,70,3645,0.9877499196367793,0.8296472536542674
no.stortinget,d8ed883dda89883b,6,278,0.990446478732684,0.8152531473843796
no.stortinget,da64a4134a3620d7,15,704,0.983770458085209,0.8407910393440682
no.stortinget,db8c5a871969c49f,8,783,0.9976576192357738,0.8194190110897797
no.stortinget,e94830381dd6f6e2,5,339,0.9864513270463765,0.8568887917624289
no.stortinget,ec78d27a843dc756,34,2110,0.9878162740609361,0.8519923862222386
no.stortinget,f43eb8ed7d600f6e,4,329,0.9911678569068589,0.8348082369944151
no.stortinget,fc2bb616797d07da,4,312,0.9830330817182853,0.8783733893591602
no.student.nett,003910cb3dcbc4fe,10,566,0.9935859779574885,0.8847978518315914
no.student.nett,03681a7c431f3328,68,3487,0.9911362506749554,0.8330476738412133
no.student.nett,06cae49d8bf2bbad,4,64,0.9497127800454892,0.8236250186560043
no.student.nett,15941b155cc54033,3,273,0.9969193495926204,0.842760585304663
no.student.nett,16a0b43ee8c8b0eb,2,210,0.9938630153640075,0.8383076922956378
no.student.nett,17f0f8a676068027,1,130,0.9948376532867355,0.8311789497772272
no.student.nett,195994371200611f,4,461,0.9974819977482352,0.8170189764961635
no.student.nett,290c6aaab1bd2b86,5,371,0.9875341214009878,0.8100730995697614
no.student.nett,294a20cad29266f4,19,822,0.9880399464158042,0.8473790145563952
no.student.nett,2d7a7c7458793103,8,623,0.995887282996444,0.8368527108519257
no.student.nett,2eac5eea8fb96c42,8,474,0.9896086868878281,0.803618742318596
no.student.nett,300fb2d1e49fe5d4,11,641,0.99117483123762,0.7919749826782818
no.student.nett,3a5dff09ec794b75,8,327,0.9804528001157943,0.8423015422911785
no.student.nett,3e6117518a22b4c1,3,193,0.9926371802589874,0.8441936036390207
no.student.nett,4082f73a865cff37,11,426,0.9840502486294754,0.851482321990962
no.student.nett,48ac724b311bc956,11,404,0.9908288781994643,0.8122428312541149
no.student.nett,51a435e80f47407a,2,217,0.9939033035139394,0.81716367895982
no.student.nett,51b3dde54f1dfe4f,5,179,0.9876756239722817,0.8015683285378169
no.student.nett,564f2eb08fbc195c,3,516,0.9825985557708097,0.8570326277583343
no.student.nett,609085c1944905e9,6,643,0.9914436645749302,0.8539800048894242
no.student.nett,61c7c90f4b286d54,2,292,0.9884727420199901,0.8193680065670901
no.student.nett,63e879c854c78e3d,12,959,0.9924876594286136,0.8435868078481081
no.student.nett,663a7b6e6c56ef3b,2,541,0.9971796048050863,0.7931851814748236
no.student.nett,6b72cee580121f9f,3,117,0.9702582720884154,0.8166842487217256
no.student.nett,82dcd913666657fe,4,204,0.9808384983784579,0.8524331971808183
no.student.nett,8c07160d37d81eba,4,141,0.9622223762769533,0.8559625053399029
no.student.nett,9105719af463d2cc,7,543,0.992272602097751,0.8137931208648292
no.student.nett,954729b584abeb02,5,701,0.9957132861559542,0.8301446270158448
no.student.nett,9912b4d652df9b23,14,756,0.9802132602959615,0.8107439711107258
no.student.nett,9fa43ce731ddc82d,5,179,0.9836887835079392,0.8321390615717212
no.student.nett,a3bbccd72d09d19e,7,505,0.9899758398847084,0.8296913534112946
no.student.nett,a3e68ec0bab62ea7,5,272,0.980981653713674,0.8205788626652292
no.student.nett,a7f637d4c7f86d6c,15,843,0.9917146096543774,0.8211169466626965
no.student.nett,aa9e282e9613ac73,8,531,0.9846313644323778,0.8099458275488902
no.student.nett,b19c5605c99b8109,4,1137,0.9997100435217526,0.8157840035981189
no.student.nett,c42e437230ee4fab,31,1207,0.9947010655180231,0.8279882364466912
no.student.nett,db6c640c019ec82f,5,422,0.9843285157725487,0.8451750527122516
no.student.nett,ddb166ec95c7cd5a,13,629,0.9773378427579505,0.8494332299980905
no.student.nett,f3443abde9f8d5c4,4,342,0.993089228047384,0.8636229229081358
no.student.nett,f80e9d028c20b2ee,29,1752,0.9936044751067865,0.8560910644203306
no.student.nett,fc0070734ad40eed,12,895,0.9807913475139707,0.7838664062178119
no.student.nett,ff7829e49c8525f7,46,2336,0.9935942421033284,0.8434580174501218
no.student.samfund,00787e1f0c6fd196,98,4052,0.9890200134938183,0.8340898723408768
no.student.samfund,041276fbb3715ff9,10,794,0.9900950051517085,0.7646447334666112
no.student.samfund,04faf9900047349b,10,554,0.9927911831574187,0.7355966798007073
no.student.samfund,0b8232cbe3a0d5ad,1,131,0.9982200299898024,0.8351847844601662
no.student.samfund,13c9dbc80d29f3ed,4,708,0.9972589374021602,0.8415021708422117
no.student.samfund,162e29be3625ae1d,14,702,0.9900132744982492,0.837764402930127
no.student.samfund,1b6a216306099595,3,177,0.9954826821585893,0.8427476105624508
no.student.samfund,1f2d5228e22df8a2,4,246,0.9858210405157374,0.8446809165653244
no.student.samfund,2e09f5cd4f4fb4d9,8,812,0.9900643884066089,0.8364378782479733
no.student.samfund,2e7c18f887e28b4e,10,1143,0.9954760617173034,0.8678890882772392
no.student.samfund,3005430c861025d5,2,426,0.9949016358499482,0.8471315289366443
no.student.samfund,32aca8702b68cfae,40,1725,0.987453399333273,0.8101238247462743
no.student.samfund,3491f0a996bd574f,22,1217,0.9944701564062165,0.8523451956898517
no.student.samfund,48356ae966efe889,2,364,0.9951439675824775,0.8857105103748046
no.student.samfund,4840a043384efd1e,8,612,0.992688015962627,0.8694660891516148
no.student.samfund,4ba62a9e731aa2cb,4,346,0.9934454905556362,0.8287397629656134
no.student.samfund,52f9442d4393b006,6,1062,0.9970327887019573,0.819082754729656
no.student.samfund,599053a0ea157357,16,431,0.9785294064725628,0.853863152808167
no.student.samfund,5ad57ce34b3415cb,3,482,0.9956069535864659,0.8584273903491786
no.student.samfund,5c55ed750c70c7df,5,176,0.9549400075636199,0.8390785003479793
no.student.samfund,5fb508869639d8ba,4,465,0.994385959652599,0.809762859490219
no.student.samfund,67b6535822fd0fa7,15,648,0.9869650372922668,0.8192855618252718
no.student.samfund,69f053a8a70329fd,2,331,0.9971048073665085,0.8426677895659894
no.student.samfund,6c30c0700e297d14,4,275,0.9916500702591573,0.8340854348319153
no.student.samfund,6e60de7f5e1e76ad,20,1835,0.9964879216002533,0.8478558134047327
no.student.samfund,6fc40f2c6951261c,7,353,0.9838787659693234,0.8031717551864639
no.student.samfund,7e4835ca7bfa8fd5,7,146,0.9696755954708887,0.8337210743774338
no.student.samfund,84036726a4dbaa3a,10,972,0.9968874637933511,0.8525867301574308
no.student.samfund,843c674e462835b3,2,316,0.9955630953046228,0.8365069768052109
no.student.samfund,9422f468a057fb26,5,306,0.9907436884559067,0.8353901320345611
no.student.samfund,9a2332bf24135d1f,26,1374,0.9920761017412469,0.8136144229350912
no.student.samfund,a33505e10dcebcbf,196,8487,0.9820525031257336,0.8190391965969828
no.student.samfund,a706d585a1f207eb,2,46,0.9839051943075382,0.8520008817613967
no.student.samfund,c7261c941f34e093,9,756,0.9908217452521642,0.8027069264077976
no.student.samfund,c837cf2f0f4c3219,11,697,0.9955161294319137,0.8665535955829666
no.student.samfund,cd38a211919caa00,12,620,0.9895222984697479,0.8363497160590689
no.student.samfund,cf77d7326a3dad2a,28,2091,0.9919966441706803,0.8586390137121588
no.student.samfund,d803cf395c41da4a,2,136,0.9811111800173236,0.8527974213959564
no.student.samfund,d9ec25cbe22de775,9,1578,0.9961121423223105,0.8495376323479518
no.student.samfund,e0364fa1ddb0ca92,1,394,0.9989911657769034,0.86724342466912
no.student.samfund,e0ff145f2891db93,10,955,0.9963705170539399,0.8375854749258587
no.student.samfund,e219e2f326ecb737,5,132,0.9810014493050233,0.8101237528162982
no.svar,00fa1b975d43cf9d,8,1515,0.9987476454736821,0.8422517920302943
no.svar,08c61117ddfd5dfe,8,1520,0.9984315281840632,0.838723655854235
no.svar,14435293f86df75b,8,1515,0.9987476454736821,0.7835679545207248
no.svar,1fc5c160f9d845de,8,1515,0.9987476454736821,0.8570839359480925
no.svar,20d079feb03c0706,8,1520,0.9984315281840632,0.8490079554911671
no.svar,24a5da33389042b6,269,14565,0.993274883235939,0.8822350805551702
no.svar,24ca256b7485e99e,74,4863,0.9967591309531973,0.827467226531092
no.svar,285ab006dc9daa9e,8,1519,0.9985676515362495,0.8092022152480465
no.svar,2eaec74a82ff8471,8,1520,0.9984315281840632,0.8375454188061668
no.svar,39ad6bb1cdb2d153,8,1515,0.9987476454736821,0.8399571945546996
no.svar,5ba991280673e230,8,1515,0.9987476454736821,0.8068400363950732
no.svar,6173653ea6002c7c,266,14324,0.9938085380926129,0.8534078201857733
no.svar,638edf8a23769c44,8,1519,0.9985676515362495,0.7985881459274056
no.svar,64021be4f3d6998a,8,1519,0.9985676515362495,0.8543529698168733
no.svar,6dfee907786b7f4f,8,1519,0.9985676515362495,0.841555699692929
no.svar,8bbb123f0dcf8d9a,8,1515,0.9987476454736821,0.8751773091375709
no.svar,92a5ec2902393a9f,143,10713,0.994725584098573,0.8356305026043367
no.svar,95847b5d6f80a591,138,8935,0.9892633970591505,0.834012931832828
no.svar,9bf1011d9dd8a690,8,1519,0.9985676515362495,0.8910794072031766
no.svar,a1a0781adf5411bc,8,1519,0.9985676515362495,0.8505863584038746
no.svar,a3a19d184b7b5681,120,7866,0.9893052482680038,0.8405725959376095
no.svar,a8248a2aeac1ec3f,8,1515,0.9987476454736821,0.8668003881628775
no.svar,adc7bb18042d46d1,120,7866,0.9893052482680038,0.793392948917703
no.svar,afd0a67708fae05c,8,1519,0.9985676515362495,0.802149812229932
no.svar,afd422926b1f08e3,8,1519,0.9985676515362495,0.8336925109306667
no.svar,b0f3a3635e92ccab,8,1519,0.9985676515362495,0.8355889466613445
no.svar,b1a9462ce4ab1448,8,1515,0.9987476454736821,0.8420113898014819
no.svar,b1e70365c28881b9,8,1515,0.9987476454736821,0.8386702416087004
no.svar,b687ea1d39f232c4,266,14324,0.9938085380926129,0.8400624114081908
no.svar,bc3a3338c8fae64a,74,4835,0.9967591309531973,0.8413435791584999
no.svar,c1f56c570f5d2374,8,1519,0.9985676515362495,0.8797419270281193
no.svar,d4a617a58b5b8ca0,74,4835,0.9967591309531973,0.845013914012438
no.svar,d8aeffc6d79f3d01,8,1515,0.9987476454736821,0.8439504416325624
no.svar,e46eb67a9ce4abc9,8,1515,0.9987476454736821,0.8608455509079903
no.svar,ef7fd6627ac2784b,8,1515,0.9987476454736821,0.8333451818356469
no.svar,fe2a99141b5f4173,8,1515,0.9987476454736821,0.8240472223608811
no.svar,fe9d0f9dc7fc8dea,8,1515,0.9987476454736821,0.8277437269462096
no.sykkel,04b12df3eda94371,6,795,0.9979969960287474,0.7945374952240114
no.sykkel,07e368848a527bc1,54,2648,0.9781272722127528,0.8231013095965645
no.sykkel,0960d6a9ca275c38,4,626,0.9956594693814209,0.8223906024507845
no.sykkel,1354a3988d0a8a9d,5,252,0.9883274909203443,0.8590480311663562
no.sykkel,1a17b1697c2135a4,18,1075,0.9934707721759113,0.8207236842211889
no.sykkel,2aefc483060c15fc,10,839,0.9949607907402238,0.8085519907991885
no.sykkel,2d08e337807c9a55,8,1042,0.9966522277533963,0.8214283164304015
no.sykkel,2ee26d8c2ae23ee1,28,1544,0.9935469721958853,0.8117042784704424
no.sykkel,30503459c08b5023,4,280,0.9804464276800776,0.8233558201879466
no.sykkel,3cc67024a22c4c31,2,457,0.9928513375719525,0.8788003499261893
no.sykkel,43d6e84090494e66,9,425,0.9894002460013026,0.8324115221040883
no.sykkel,43d83e8e9eb02bcc,7,280,0.9893139125022467,0.8102856797096538
no.sykkel,462ad61b7d72d1ec,27,1093,0.9920276491296046,0.8266952969136347
no.sykkel,4c13e408cf45528a,18,668,0.9825297101717975,0.8444536501514678
no.sykkel,4e1ef7ea39be9408,19,1102,0.9950716674910518,0.8388616442869776
no.sykkel,52f68ccd96152177,9,1143,0.9817780353307453,0.8685100113156035
no.sykkel,53558e92a4743bb6,3,455,0.9949654985091532,0.8164392930504599
no.sykkel,59f9697f27c697eb,6,212,0.9745623940300604,0.8482759570248899
no.sykkel,65f1eae80c8365a2,3,1175,0.9987982492034672,0.8154212591100302
no.sykkel,6b7819e6c8cd9b7a,10,794,0.9966310707510386,0.8467089391689315
no.sykkel,6bb388f4933ed966,2,660,0.9997830892311607,0.8407336430782176
no.sykkel,72a26b04cc06390f,5,265,0.9940093638020021,0.8286108071468576
no.sykkel,72d197beddbcd5fa,4,522,0.9983132976818001,0.8370663578792222
no.sykkel,74fb43be5c14172d,3,241,0.9914627634038171,0.81030279831766
no.sykkel,7cb9c0af8a2b58aa,2,1130,0.9993269214826798,0.8524360123064917
no.sykkel,8ff1531e8d831f33,5,2192,0.9998336720341374,0.8474924595500606
no.sykkel,a15841d248a1599c,6,242,0.9791717909020159,0.8218399248956967
no.sykkel,a2283e60b67249e6,3,1828,0.9983509058858828,0.8392556412458799
no.sykkel,a5b73d0307d67ddf,21,749,0.9799165689487828,0.7960249162621623
no.sykkel,b154194a6376516a,33,2233,0.9909742107113204,0.8464210102204996
no.sykkel,bf07cb536a1ece7c,5,363,0.9935056280772353,0.8429201584516416
no.sykkel,c7ece9d9a7000ae8,1,112,0.9927260157651463,0.8388530851659257
no.sykkel,cfbb6238c4f23054,2,414,0.9934723206479996,0.8452510779169766
no.sykkel,e220f8db48bcc4b9,12,846,0.992521671459395,0.8272786416002949
no.sykkel,e67ba4cd3f0dedc5,23,866,0.9874429382881682,0.828606611727163
no.sykkel,e8b27e57ca0525b7,23,1604,0.9913347522605238,0.8292986567404768
no.sykkel,e9118d8b7d902929,17,1500,0.9978820554176795,0.7925321461896986
no.sykkel,ef47fab2b895978a,4,389,0.9924892449478006,0.8263045893480407
no.sykkel,ef7ecd69e8a53cb6,26,1783,0.9870935687601867,0.8457255577730304
no.sykkel,f0c87f8e9aaacf41,4,474,0.9973256488759361,0.8288841329695343
no.sykkel,f4dc05dc7447c092,20,1002,0.9874537386626652,0.8451000992880269
no.sykkel,ff359e653e1a1638,3,325,0.9817498459158177,0.836298184472131
no.tegnsett,0bc1871fae987a2d,4,337,0.9871472840641144,0.8883655340173696
no.tegnsett,0e5aef16e71bed73,7,590,0.9954953457278287,0.8214823695537526
no.tegnsett,0f9ec44a630a90cb,2,305,0.9903346564087989,0.8625108656039943
no.tegnsett,26eb1f9c01a3cb0a,56,3047,0.9943591194903298,0.8398871316917511
no.tegnsett,2c1b104edd26a034,1,330,0.9994656258762298,0.8630736346140793
no.tegnsett,3c510368d9220bac,5,452,0.993411268504539,0.8399461734969018
no.tegnsett,47b790be29a303ab,18,1590,0.9960721400783018,0.8677821733435566
no.tegnsett,4b81ffcd1b92ea42,3,581,0.9974646172746361,0.8751305494985352
no.tegnsett,52a9f358315384bb,13,1008,0.9910210817218468,0.8465944799624397
no.tegnsett,54263210f288728a,7,288,0.9854879145982659,0.8613567133283387
no.tegnsett,63ff64b13529e647,13,1032,0.9949488709514913,0.8232808610879627
no.tegnsett,6c85ce53f93afa54,2,433,0.9985427013050244,0.7917376953489605
no.tegnsett,6ed9e4cba3293671,12,733,0.9907802871088348,0.8570960808897321
no.tegnsett,6f57f42038bcb418,12,575,0.9875921151119684,0.8072718249538559
no.tegnsett,6f8d6d59abccf092,55,2053,0.987317298326497,0.853350576802521
no.tegnsett,75061887c2b28e2b,4,342,0.9872151274802735,0.8486306940637339
no.tegnsett,79b9d51fba0a6b60,1,286,0.9980204510176012,0.8562995264105533
no.tegnsett,80125c5a50c47c48,2,160,0.9838480604205413,0.8083925515734702
no.tegnsett,8584ac88f80432a3,14,540,0.9891683512226805,0.8339553596735696
no.tegnsett,8704db06f7e624d8,7,372,0.9911133684718993,0.8583304138009984
no.tegnsett,8b7f8f357522055e,12,484,0.9821952828321205,0.8194017142589738
no.tegnsett,9c277455016c2ced,4,415,0.9909823887161798,0.827893970364631
no.tegnsett,9f05673a320c7770,20,971,0.9867578781958796,0.8377114457928954
no.tegnsett,9f2e092d88675aee,33,1435,0.9843455869788571,0.8032739825404634
no.tegnsett,9f7154275f14df68,3,472,0.9954049812126577,0.8541802187411535
no.tegnsett,a4568bb045137b38,10,442,0.989451242670843,0.8364311581355001
no.tegnsett,a7cc8cba5d89a118,35,1449,0.9890950137894102,0.8391447226126074
no.tegnsett,c9cb4fec03570c64,8,697,0.9965838542739505,0.8803012959260459
no.tegnsett,d22c1b350551c723,24,1692,0.9948031443028124,0.8616500676431458
no.tegnsett,d505600fdd1583f2,2,336,0.9947672084690435,0.8582624466922016
no.tegnsett,d69de36c6b6c754f,3,1807,0.9989077598467427,0.8747666452762416
no.tegnsett,d8e18fc8355048fb,82,5541,0.9967597085012855,0.8533449570180842
no.tegnsett,db52ac6a03821e69,20,901,0.9894490630552569,0.7801572071732695
no.tegnsett,e31713359778a639,6,374,0.991392215538031,0.8575430004357634
no.tegnsett,e34a2dd66bc0eeb5,3,174,0.9900685723923757,0.8360632427906073
no.tegnsett,e3ed37a9833a6539,6,446,0.9878577355569733,0.8602971840201311
no.tegnsett,f070fd3e11a232f3,3,322,0.9981480479384753,0.8586578494317001
no.tegnsett,f34eb474d8a617ea,7,451,0.9941205736906682,0.8382861633162528
no.tegnsett,f399d895fe18df80,5,271,0.9867569491890381,0.8417749834189715
no.tegnsett,f5b548581431c2eb,13,1100,0.9945175929043449,0.8578903393571405
no.tegnsett,fa095b96f95569cf,7,620,0.9888191280248027,0.8732390968992658
no.tegnsett,fcc9f428c82cc31b,14,972,0.9921885258361898,0.8383360608676196
no.tele,0322af68b122eed4,8,570,0.9935061915055738,0.8218384589070739
no.tele,1149f5ca6906f63b,9,1245,0.9961267103390851,0.8359221682245721
no.tele,16a4f7b31115a5e7,9,648,0.9923449008039477,0.8350931355440392
no.tele,1a768768c6d1fd9b,92,6178,0.994653457847916,0.8532776592230146
no.tele,254d64b2642e1a2b,7,480,0.9878742342377029,0.829999641840139
no.tele,255e99e1cec27463,25,949,0.9925062419731537,0.8362659245693638
no.tele,26e975443b047b9d,7,510,0.9828443648159444,0.8452972952967038
no.tele,26ee1f60f7bfe953,26,1144,0.9924151134074399,0.8568463345869671
no.tele,2a30dfe2cadce009,2,808,0.9993755829790582,0.8607464238331143
no.tele,2a81f744167475f6,14,921,0.992662762884341,0.8160728879097593
no.tele,2b58777f31f3e505,11,372,0.9830522304445439,0.8732277653017055
no.tele,2e1eee2ebeb57132,17,1307,0.9940170552651502,0.8293737986439692
no.tele,3a0db4b8926d6d33,54,3033,0.9919379697223322,0.8345371522781794
no.tele,3b4ae17cf0d3a6d1,17,1565,0.9941470173272683,0.8422375790184693
no.tele,3c053a90802dddfe,9,661,0.9924147293413447,0.8600321873628398
no.tele,41652793ac3593f2,1,499,0.9981381145161622,0.8438762320588507
no.tele,444781f59f0697eb,20,1570,0.9942965470510212,0.8656873403548427
no.tele,49046534da4f00b7,20,1201,0.9960956862376391,0.8244488503921094
no.tele,4d75fe75ae2644ec,13,711,0.9942949548341703,0.8315588713488902
no.tele,4ff234a3e294e35a,4,1054,0.9970006864834444,0.8499833169830343
no.tele,56bf8fd84e4fbde5,33,1860,0.9933767142698486,0.8425590908433572
no.tele,5cda60c10d6e2ea1,22,772,0.9791329742990751,0.8247220592782888
no.tele,65f6eff28ab3a9dc,19,1039,0.9916496688556644,0.8491865312985033
no.tele,6ae88a57800a8ec1,5,425,0.997281594258246,0.8646655846236756
no.tele,6c64bea7dcb32ffc,5,515,0.9981847832291919,0.8388209173283862
no.tele,7a5b4508f5457ba4,6,311,0.9907666728827947,0.8076686759712264
no.tele,7dde6be5e639bf4a,12,671,0.9927582164936373,0.8447758741909025
no.tele,8a7c16b44e012e5e,2,219,0.9981528712807033,0.790603710048797
no.tele,91216ee89184ae2a,16,830,0.992146710867647,0.8090233548188419
no.tele,9de752fcb9f21259,11,666,0.9900696278415807,0.8338889061698905
no.tele,a0fa4f6d3886a4c0,15,931,0.9934302094317743,0.840463111507109
no.tele,b22dd44135364a26,6,1206,0.9967459077994065,0.8516733942761363
no.tele,b53698e7333770b0,8,387,0.9763233273296451,0.8590401557078635
no.tele,be5a9f733f9c51db,3,481,0.998803026192355,0.8344917587318459
no.tele,d99463b474965fe2,8,681,0.9963097177573902,0.8308283962346988
no.tele,dbd99b5477e1b4d4,2,401,0.99004886091239,0.854225865821221
no.tele,e0eb4060616aa402,4,126,0.9729988597487303,0.8332335289505428
no.tele,f423ddb7e692b82e,6,600,0.995760506020614,0.8444699330783695
no.tele,f4c8783d91f2c302,13,937,0.9937761525923644,0.8243323487169877
no.tele,f6dec7ebf09d0f2e,4,345,0.9972639130485307,0.8575064334496428
no.tele,f8068672dc32543c,13,588,0.9907548861534046,0.85454822471093
no.tele,fcca665908a95aab,2,531,0.9967301427761911,0.8546169061728913
no.telepost,0c03760416a9fd29,7,258,0.9902345228704306,0.8214763322035317
no.telepost,12e8e04fe0edc217,20,1155,0.994234724522607,0.8602339412689088
no.telepost,16e367c276635fe4,25,1566,0.9963868762560103,0.8441319424351632
no.telepost,16f93731b5dbc8a6,10,178,0.9650957596522051,0.8795646661140444
no.telepost,29a55991c91e1ab6,2,151,0.9975638406341941,0.8044947948037995
no.telepost,331c18844a05821a,11,1008,0.9909244827830709,0.8140520166268073
no.telepost,3b504b2e3b91f722,7,339,0.9831465096716562,0.7834393469275079
no.telepost,462804c440058680,2,647,0.9917554061069718,0.8343820933973917
no.telepost,47870752118ef637,9,353,0.9853405995169656,0.8367773801084768
no.telepost,4b83e1f96739e462,42,1226,0.9850190253664862,0.8215447283418876
no.telepost,4ca4833d7aad69de,11,572,0.9953413345135316,0.8494752789792602
no.telepost,572c6b76993a554f,11,626,0.9929647692784763,0.8524299011419414
no.telepost,5d8681045ad5d086,13,797,0.98823667410019,0.8633364012520209
no.telepost,6583babe233554df,16,861,0.9933919575084265,0.7764943912864997
no.telepost,659e8a651c3ca73a,4,205,0.9802233658344394,0.877987704072348
no.telepost,67d4f3b821f55528,6,444,0.9877929978285971,0.8453703676758014
no.telepost,6853572a872405a8,4,204,0.9847910891731448,0.8491995675050754
no.telepost,6ab5e015f7623266,24,4347,0.9944605063356927,0.8629731183567695
no.telepost,70b7819ed3cda53f,15,902,0.9953809350411695,0.8375885260601991
no.telepost,794e8521dfbd9c97,3,309,0.9916194871185707,0.8258542500185947
no.telepost,7c7932b82bf2e9f7,5,338,0.989937927812883,0.8428998876150672
no.telepost,826ca01872dc44f8,1,147,0.9996101027984412,0.8382088794155852
no.telepost,83408c7bd1b1858c,21,1383,0.9936413684541195,0.8237256894429273
no.telepost,87c22956aef8c120,22,954,0.9874857209032342,0.8228510710837132
no.telepost,8bf5911274a273ff,10,556,0.9900113575440516,0.8187265638519313
no.telepost,9039d2decec90f62,20,2062,0.9942934934973264,0.8534253086610094
no.telepost,96099bb61a11a002,16,831,0.9926730695733225,0.863067602978072
no.telepost,9a3bffdaea50c65a,12,633,0.980383285269253,0.8486757853739785
no.telepost,9b3b0917876961a9,10,581,0.9871004239217265,0.8403506297932504
no.telepost,9c1db8472bc57441,30,1410,0.9902872575754742,0.7937927142313131
no.telepost,a183fecafded1bb7,9,387,0.9852615604669439,0.8303612485114445
no.telepost,a57276bfaa9040e4,4,295,0.9891304731947224,0.8590199524754566
no.telepost,aa4fae108084370a,3,181,0.9872440477921542,0.8390296608091483
no.telepost,aae3048c351bb579,28,1753,0.9889147968137098,0.8218281731413939
no.telepost,accbc1efad4b1ebe,10,583,0.991912259284907,0.8587812447133045
no.telepost,acd5252bb1215904,4,614,0.9977139841737441,0.7984628273697496
no.telepost,bb921e4aaf5e27ef,9,518,0.9815367244724125,0.8380892775935957
no.telepost,c54e5e14513bd2ea,3,112,0.9933546091367058,0.8419943256826444
no.telepost,cadab1b2e1ef8d83,24,1249,0.994332204152913,0.8682978101529802
no.telepost,efa12377617ec6be,33,1872,0.9907044450240602,0.8902545219823419
no.telepost,f42d90edb7682ad4,5,225,0.9827776909691246,0.8326471302454473
no.telepost,fd229ed995d30756,18,919,0.9903349889680597,0.8384800946326864
no.test,0c2c5f16c853f308,3,115,0.9822207333271922,0.8329350729439443
no.test,0f6da2991f4b2c10,1,264,0.998873768769325,0.7777884575914583
no.test,16bdc4830c0e4fee,1,79,0.9904309416545555,0.8354550345920504
no.test,200c18cecaae7dd4,6,91,0.9862913499668428,0.8480490860746306
no.test,25d76b81f4f3cde4,4,194,0.9921051802578914,0.8268045994849674
no.test,298c25bd1eeb6cae,2,82,0.9867897456570001,0.86350056613122
no.test,2ad6300788113680,1,252,0.9980977080398513,0.8727319702458861
no.test,31f0200168e27f7f,4,209,0.9775432418689531,0.834726470909525
no.test,3b7010ac1bed6eb8,8,1070,0.997622115569477,0.8824002570748006
no.test,3ea714210f79cf06,3,168,0.9929306883217929,0.8475739121118011
no.test,3ef81f26ca5b99d0,7,196,0.9702290694252808,0.810010089664558
no.test,4213bab8c41a4daf,13,1280,0.9931850225810103,0.8771446124816374
no.test,42a76d7529b52177,2,80,0.9866435767088052,0.8131279463725071
no.test,4410750875c20a29,11,1178,0.9972188895189376,0.8781673402884679
no.test,4e8e35bdcfcabd61,11,1542,0.9980653608891461,0.8273111783002131
no.test,511f72c834603e44,6,125,0.9873710266847968,0.8460755115613038
no.test,53c5b259ad0eb88c,22,249,0.9566742635961066,0.8568155666161831
no.test,551d70aa746822d0,6,7,0.876289154547518,0.7997308096058242
no.test,6087c0abd58ea7ca,5,67,0.9279080086315264,0.8412035928473235
no.test,619539d5f6eab679,8,1166,0.9977588806125087,0.8601281394481576
no.test,68e7ea02433b7968,8,1049,0.9974863511977843,0.8785162236007494
no.test,69bb74045338620d,3,224,0.988955767957111,0.8629803819597558
no.test,76e0238f60162dd3,4,80,0.9819350176503154,0.8635240130740791
no.test,80bca8fe93ae1e65,7,218,0.9737597507762994,0.8632429412513659
no.test,83418e92dcad2a35,4,318,0.9862402500626382,0.8450226313111621
no.test,8afb8028350ae623,1,72,0.9990472785335903,0.8411623546222439
no.test,a13c73b191ae9c8d,2,62,0.9833437760702985,0.8458954710644514
no.test,a170058f8bde12f5,6,6,0.871566473352065,0.8012670200732211
no.test,a2a32d832899b27b,2,105,0.9880875997526091,0.8228245002919443
no.test,a3a6a6a07c4c2f9c,17,696,0.9839490227568183,0.8850637149306242
no.test,a67cdce7d4c640fb,8,1112,0.9985001385912703,0.8486860070169708
no.test,af37344b947ce93f,8,1034,0.9982998974268498,0.8411444799091592
no.test,afd477e0af8636a0,8,981,0.9972185559219146,0.8084086477795298
no.test,b580d4c3ee4dda68,2,87,0.9839011807515514,0.8257790873668318
no.test,ce5d480d45ac92f7,9,1158,0.9966211664039574,0.860636962493358
no.test,ce8503788762c68e,8,1141,0.9971373052203909,0.8720925936959092
no.test,dac3df1218faaf93,8,1112,0.9979461302491763,0.8302632734307968
no.test,df0e69743c78aba5,1,71,0.989844538492848,0.8476409235871264
no.test,e7e2b95bbe9f68c9,11,1505,0.9983653950352219,0.8517389836620578
no.test,eb36711b3175df5c,8,1024,0.9981586140881819,0.843023105922174
no.test,f58bb48ae24c5b26,3,58,0.9595288412824213,0.7890867317416981
no.test,faffcfa17f543c9f,5,95,0.9555458200003378,0.8478856197059229
no.tex,1503e9bb8cd16d73,11,638,0.9911039772011714,0.8269780441355378
no.tex,1a7017136c0ed09e,9,692,0.9912210853265155,0.8576050768002976
no.tex,363af392bc3f8055,6,717,0.9932433296423007,0.8431001330352288
no.tex,37c7057ddd7857c4,3,286,0.9947681715282299,0.8175630087179934
no.tex,37e355ca60cf21ee,9,832,0.9937848466641025,0.8177570484306328
no.tex,3905c11a44be7eb5,21,1365,0.9872539666033496,0.8309701845662535
no.tex,4c9995c2332ff3d5,6,956,0.9948263161838555,0.8514991787452396
no.tex,519fea73cbd2088b,12,938,0.9975690105208315,0.823882892454573
no.tex,5b6740daf3e44a91,2,735,0.9931841537283691,0.8361254617153061
no.tex,5e08bd02b07e2c87,4,877,0.9970184472842145,0.8469635558719663
no.tex,5eb781e0f26f8a82,6,195,0.9858672977060464,0.8245255104749721
no.tex,69c0ddffa823c80f,3,552,0.9984453887876357,0.8683518965266
no.tex,6d51cb362300770b,24,1235,0.9884890551359701,0.8000616729134951
no.tex,6ec536c1a0e48b67,5,539,0.9973651649434543,0.8258785851384856
no.tex,71724a656d6c093f,8,354,0.9894714438422442,0.8310806400776888
no.tex,74749c7c45b74e76,36,1755,0.9909321488447245,0.8367586222630597
no.tex,8001f624651348a2,4,760,0.9992864691115294,0.8406697824469987
no.tex,8230bd787c3885ed,7,328,0.9863685530313854,0.8221143686175827
no.tex,8eea87326790efcc,10,828,0.9920474217604425,0.8225638615959581
no.tex,95a22eaca21daaac,13,626,0.9906602389599429,0.8535607976251035
no.tex,98c07a9a78e8d254,19,901,0.9908967518708167,0.816443317169409
no.tex,a0da4c3125e02513,6,392,0.9940448854096473,0.8622789243505
no.tex,a1ce41bff00289eb,4,333,0.991369379936646,0.808633681269678
no.tex,a722e068fa7784e8,21,1187,0.9917117675483216,0.8673087088839795
no.tex,a7253e4c98d1d60b,3,330,0.9965931943213078,0.7960286941113357
no.tex,a9fbb9db1e397ffd,16,915,0.9931602846733295,0.8342054558698502
no.tex,b1e9a670928fe8c7,7,759,0.9958116403774352,0.854005017122376
no.tex,bc39728a33d87f0a,13,800,0.9950770439529181,0.8289534339556908
no.tex,c1d51b3458bc6d2a,3,390,0.9938666508192379,0.8402689237109716
no.tex,c541728de260ec18,7,425,0.9932622989888099,0.8219094602367555
no.tex,c9ed3dca5d8bb231,13,529,0.9904723585517086,0.8565902929521672
no.tex,cd0770ff8adf8a15,1,444,0.9985220765331946,0.7982747814536991
no.tex,d0a8441b9dbd2b62,6,949,0.9978823015352654,0.8729480738403195
no.tex,d2b32e3f7be649c7,24,1191,0.9962045014280102,0.8724546977950816
no.tex,d5c0145b03194289,6,433,0.9934275130342467,0.8529669511084567
no.tex,d72012848c1e79cb,2,575,0.9956082117296051,0.7909352565039615
no.tex,d776e580e592b12c,17,943,0.989546127604937,0.8193209649849689
no.tex,d9839b75b4f9dc08,4,308,0.9886037860164258,0.8378423623538268
no.tex,e6a3069e3c87daae,5,138,0.984896962156036,0.8033874521215082
no.tex,e8add48033950c3e,4,645,0.9971414688153954,0.8642122750654251
no.tex,ef625d9363680040,10,681,0.9916811314178534,0.861109721206559
no.tex,ff66a75c55fc92ae,21,1230,0.994786834003744,0.8494103232342239
no.tungregning,014f0c764f8d2638,1,1050,0.9999505771352913,0.8294262976946977
no.tungregning,020529cf9a91da3a,6,727,0.9970719437712597,0.8556607994534138
no.tungregning,14b9491dcd4a7545,2,215,0.9874098320056808,0.8199868627370802
no.tungregning,1cd9d1b08dcabe9f,1,2224,0.9999588757059535,0.729589088345521
no.tungregning,1fb08f9cfa89ab7c,29,2114,0.990786393729576,0.8194319949764078
no.tungregning,20132b1f8d6407ee,3,2002,0.999238041262698,0.8158359014257979
no.tungregning,49820139e0e27170,5,307,0.98837107407702,0.8390953281278469
no.tungregning,49de0adbed29e910,3,349,0.9931824213018292,0.8498127956658057
no.tungregning,552f79e06f524f3a,2,598,0.9980739328841857,0.8411916498959875
no.tungregning,557c7ff0d0094699,76,5310,0.9929933827971521,0.8492056090903248
no.tungregning,56d02f8262c76c37,2,496,0.9985465397464679,0.8238827226913567
no.tungregning,60f0391d7f497eb3,9,579,0.9887914052550658,0.8394128161029805
no.tungregning,62579f91b3df6085,30,2275,0.9950930804936378,0.8404432837921774
no.tungregning,7b8df4bfbfa7b598,1,1344,0.9997818009591793,0.828667135273848
no.tungregning,98425563db1f9a00,15,1137,0.9944096442922241,0.8730961262373491
no.tungregning,a6c2f0ef47e7ffa0,3,808,0.996926136906934,0.8286157940145743
no.tungregning,b8a5ffafeccb4bb1,36,4623,0.9955140074181801,0.8744457096081635
no.tungregning,ba467ee88390baae,11,711,0.990537079780283,0.8274112946329506
no.tungregning,be586470f6b67c74,66,2386,0.9901607428835318,0.825128539597592
no.tungregning,cf5274a2fb06075a,12,953,0.9948996804091296,0.7828523145811686
no.tungregning,e37451b50069aa6c,16,1016,0.9891389654604856,0.8589006394099938
no.tungregning,fc4fd8fd52bedeca,3,240,0.9959912958049076,0.8350697242895349
no.typografi,089d1f35f66dec8c,8,616,0.9955318136093607,0.8972997834140238
no.typografi,0b1afaf933565ee9,13,586,0.9858920499391199,0.8308047148397831
no.typografi,16a387d42a676e54,2,186,0.9932093810603881,0.8372790325492958
no.typografi,18f308a930f553f8,6,283,0.982194462139635,0.845167219381208
no.typografi,1e6b4599542a0aeb,16,426,0.9871828488254514,0.8079846179524559
no.typografi,2c52f1702fd868ee,2,241,0.9977695140855444,0.8622573189858957
no.typografi,2c78d6c6653e2638,14,675,0.9893761769473101,0.8485348545190136
no.typografi,2d72c96aeb5bee7f,14,562,0.9816685971186793,0.836240113614654
no.typografi,329f2b4076aa91af,2,259,0.993995775365931,0.8688660480284142
no.typografi,35e0d067fbc0052c,4,482,0.990178710860684,0.7981805695053993
no.typografi,3d4e0e1b25141a30,4,320,0.9919136399041882,0.8253085011828419
no.typografi,3f286476d8ab692b,5,535,0.995408221356163,0.8667353122408462
no.typografi,3f31f59629e419be,2,129,0.9874295318270022,0.8043495233512218
no.typografi,41a5cf58b2d0a27b,2,369,0.9997352849585889,0.8213189889106601
no.typografi,41cc9c5fd2f12b5e,1,362,0.9990282927751396,0.8588556171231903
no.typografi,43c512a2c643e84b,6,500,0.9880125579015478,0.8278737659739053
no.typografi,4868e017a9d25f23,14,1119,0.9848056593148363,0.8370479718551017
no.typografi,4e30b6805244d0c1,22,1439,0.9946745770913809,0.8683580604727731
no.typografi,5a5f19c14e7f1529,7,800,0.9947119094425371,0.8037954508911592
no.typografi,5bb8e516a08ef4bd,9,674,0.995825275165103,0.8860842086050187
no.typografi,605c42864d33db1a,2,250,0.9947213354387162,0.8461733333123761
no.typografi,6426594e5740cb73,9,688,0.9943526238613665,0.8356813023492027
no.typografi,7ba4f50319a4930f,8,281,0.9826320538181896,0.8162553115935659
no.typografi,89919a8891288731,33,990,0.9805283558508069,0.821723707920262
no.typografi,919e892eafd2d9d6,22,897,0.992072911822755,0.8423889580634367
no.typografi,97c96e9807fb0c9b,4,220,0.987782158342589,0.8343957886636322
no.typografi,9932482c65670979,2,191,0.9991326107743832,0.8174588104328037
no.typografi,9a2bc894a0e8d097,2,1018,0.998970712997373,0.7519212423572753
no.typografi,a4431bfdd1ab6644,1,89,0.9846885198302561,0.8342299883200458
no.typografi,a5915d51ab169ff8,4,237,0.9949225231693394,0.844144838021284
no.typografi,a916a42b9e592301,6,517,0.9963637918931673,0.8581912960543479
no.typografi,a9fac4244fdc1fc6,8,214,0.9739595343696139,0.808337315079018
no.typografi,b6c5f190bdaaaaad,8,338,0.9884432571895614,0.816132639680426
no.typografi,b861ad185947118b,10,416,0.986698371927283,0.8801357715147095
no.typografi,bcc3ca6ee86d5bea,10,541,0.9935709336477067,0.8252259178819848
no.typografi,c1028c24dd5de7c1,22,692,0.9757422695791704,0.8617095603796308
no.typografi,c710372005b1b0f0,3,259,0.9911278148153552,0.863881873410686
no.typografi,c964e533b3bdfa3c,16,1061,0.9934395092004813,0.848518600131709
no.typografi,da0262044f04f141,3,397,0.9945973659602475,0.8200299115234901
no.typografi,e2f1f31d950d123b,2,149,0.9959467980205877,0.8390079139899084
no.typografi,ef8ba2bbbd10365a,2,123,0.9908581955672566,0.8162805679825641
no.typografi,fa76dda1de3df58f,15,727,0.9890357567522785,0.8554299775846405
no.uninett.diverse,07564f9d8ef59925,5,468,0.9906796932677372,0.8319367567268929
no.uninett.diverse,0bed2453b76e2906,27,3104,0.9967354236108281,0.8641658365608802
no.uninett.diverse,0dd00d965ed39b48,7,460,0.9907900980737818,0.8434768035249676
no.uninett.diverse,10297d9584827411,25,2035,0.9959411282340317,0.8223403572169046
no.uninett.diverse,102d6ce66baace95,27,2399,0.9954635674592021,0.8566010141417901
no.uninett.diverse,14297573b2c1a8fb,25,1336,0.9935668734193487,0.7968847514463943
no.uninett.diverse,18ffb3222343e715,9,826,0.990612955208239,0.8612625809758252
no.uninett.diverse,1ca4d4a8985f7df4,4,134,0.9889777454797225,0.864696354493674
no.uninett.diverse,2a87bd41cf381a9d,13,620,0.9921296607899454,0.8726714586908321
no.uninett.diverse,2decfa851ff336d4,25,1456,0.9959106793377058,0.8650245681080915
no.uninett.diverse,3191f2749439f914,15,917,0.9941223811564319,0.8675018440199946
no.uninett.diverse,3211a2ef70f9e65d,23,1183,0.9847875503232639,0.8282133300175478
no.uninett.diverse,532bde4eefe0d3b6,1,155,0.9891498926080478,0.8149645356989429
no.uninett.diverse,540e34c565e45216,7,391,0.9885081628820562,0.8097230811707568
no.uninett.diverse,5bbdd7fe72833d46,10,470,0.991630031693192,0.814892811460886
no.uninett.diverse,60d5083d311f530a,27,2435,0.9955199255888009,0.7942885746125001
no.uninett.diverse,654cc9e7c189b679,6,803,0.9978490867320085,0.857241688810843
no.uninett.diverse,7056386da8486693,15,700,0.9917283714289927,0.8184182999565922
no.uninett.diverse,7b18e4b8c17a6422,4,512,0.9985753550119677,0.8746188040436911
no.uninett.diverse,92248edfae959f4d,27,2575,0.9951427748493978,0.8493255577646808
no.uninett.diverse,9443ef250f6ea0dd,11,697,0.9937390026857335,0.8471526519687695
no.uninett.diverse,949e619cb9a735fb,26,2247,0.9961435761880184,0.8157427534517971
no.uninett.diverse,a867273a99050f74,14,875,0.994580316453584,0.8421058467365321
no.uninett.diverse,ac066fae2df5adc5,4,311,0.9849703531101555,0.8107887663015483
no.uninett.diverse,b15cefc7bb9af236,13,514,0.9907808174681593,0.8258007585172524
no.uninett.diverse,b4e5f3d5b07bcadb,6,541,0.9953187102757265,0.8527180503731498
no.uninett.diverse,b51cd623557466cf,25,2041,0.9958033086591848,0.8327592843698428
no.uninett.diverse,bc0bc9a6db41b89f,13,611,0.9863590963290721,0.7916778352277571
no.uninett.diverse,bf9f18c0881fb9b2,54,3198,0.9938682253983874,0.8410929756012394
no.uninett.diverse,c1f461973e86de94,14,739,0.9940379555991593,0.831944219444323
no.uninett.diverse,c8dd6422f1b799c6,3,496,0.9985430879870878,0.8111336316381433
no.uninett.diverse,cafbcc276c703249,7,412,0.9914764225226083,0.8654916529337863
no.uninett.diverse,d4fb2f2b679479fd,15,1064,0.9946817485416058,0.8711786738216797
no.uninett.diverse,d64df1ee118dd78d,11,701,0.9932657903877049,0.8321614619005047
no.uninett.diverse,d6d3f5d0975dfbd8,9,504,0.9921867835031878,0.850885479981255
no.uninett.diverse,d7c3e28dd3228c55,3,581,0.9907567354056799,0.8242054058266605
no.uninett.diverse,daf528d1802e7784,30,1848,0.9926799695417621,0.7804013222237735
no.uninett.diverse,e1f8c07f16d3fc77,1,513,0.986831332569735,0.8867182514770213
no.uninett.diverse,e2efb2b229ebc4a0,18,1344,0.9938933565336231,0.8379476936896937
no.uninett.diverse,e4db883d84b18536,24,2046,0.9953285958164482,0.8138927466374329
no.uninett.diverse,e84508636e8d3ca2,39,2208,0.9902737268183766,0.8251161541544902
no.uninett.diverse,f77f309d962a6a08,32,1897,0.9920905266362907,0.8286451533588669
no.uninett.drift,0afe247e05c56849,4,494,0.9895422089999286,0.8055595829457523
no.uninett.drift,0dee52f5c071ce8e,5,188,0.9859061118978127,0.8445943950806196
no.uninett.drift,1a2a9ed104268b54,2,333,0.9975275232705298,0.8719007231475984
no.uninett.drift,20ae5fc24ddc99c3,2,208,0.9852288409637415,0.8261596028095263
no.uninett.drift,25b05f17bb7905e2,5,801,0.99662477105109,0.8748299987666402
no.uninett.drift,27849e693aee19b6,5,281,0.9863097621786296,0.8836378638209951
no.uninett.drift,2a285b1bf3452625,1,126,0.9958057782825881,0.8292616288438025
no.uninett.drift,3cfc1442ee9881ce,3,558,0.993070670319174,0.8069745210848115
no.uninett.drift,4a45a9017884336e,1,239,0.9951054580366789,0.8302566395233885
no.uninett.drift,4fab79d5a6686d3a,14,3253,0.986871207747495,0.8228163572027515
no.uninett.drift,579cfcd13aad1b68,2,379,0.9953699243478922,0.8503300498875698
no.uninett.drift,692bd4542da0f70e,1,196,0.9944268088541063,0.7817504262335755
no.uninett.drift,6b71eb693762efb9,4,608,0.9933391934323044,0.8636034359697446
no.uninett.drift,6e7121e22ff65931,4,302,0.9955460830967169,0.864626258508058
no.uninett.drift,748d4b78815f6cd9,3,560,0.9987317543878708,0.8784814236058938
no.uninett.drift,7958635dd4d94569,2,156,0.9838092685552838,0.8295384655507976
no.uninett.drift,796c9ac04841d8ac,3,165,0.9801313408568585,0.8219545250958562
no.uninett.drift,7b3c50cd860d064a,3,318,0.9947578486829364,0.879004723685427
no.uninett.drift,7d1a4ad4b697df9a,13,449,0.9843530797277004,0.832002628955686
no.uninett.drift,83c769d2899304af,4,181,0.9890676285237606,0.7966635611064101
no.uninett.drift,8b4ad9b4b15360be,11,320,0.9805481363533907,0.8410164663163464
no.uninett.drift,8d56e640407a3804,13,515,0.9799814545640817,0.8616533414395111
no.uninett.drift,9272bc66d900a084,5,448,0.9839532805503767,0.8263928857702514
no.uninett.drift,933fc732cf7156e0,14,1038,0.9952235981755255,0.8427740847057366
no.uninett.drift,9ba2329b7239f762,2,515,0.9971097486335869,0.8444975468958316
no.uninett.drift,9f1f731ca5125dac,3,1223,0.9987478595879844,0.8309445135170066
no.uninett.drift,ad57ed59c3d7b13a,5,269,0.9876512337659963,0.8702614627173925
no.uninett.drift,bd5c2f30fee0c977,10,527,0.991653827296956,0.8427102715785451
no.uninett.drift,bebba18b56826e16,24,1100,0.9937877955950405,0.8188611835023349
no.uninett.drift,c77813523cccc185,13,449,0.9843530797277004,0.8114897868085825
no.uninett.drift,ca1289c7fc0dbee8,9,931,0.9977297945250666,0.8210372300295548
no.uninett.drift,cf8f9d84ad108c56,8,297,0.9880300562892298,0.8123819827961991
no.uninett.drift,d8376af332530fb5,4,443,0.9985046373523191,0.8680802477886016
no.uninett.drift,e778362a48ac785f,4,388,0.9935636772836647,0.8084346864307785
no.uninett.drift,e8948a61e1aeb72f,8,603,0.9880821788771534,0.8928215679685639
no.uninett.drift,fd9b30b2d31a7463,7,661,0.9971003338090317,0.8245026191882755
no.uninett.drift,ff8bf228da8c9ba4,5,308,0.9908280329074969,0.8447446125248467
no.uninett.hjelp,0df38701c0b8fd8b,2,356,0.9974064649857155,0.8499750598208828
no.uninett.hjelp,1ee0108a77e6fa68,8,344,0.9846461524748117,0.869036072063467
no.uninett.hjelp,1fa8f445d0c09c4f,8,424,0.9869723207745849,0.8210724791429936
no.uninett.hjelp,28a8392c9f805187,13,425,0.9795813390249217,0.8482522699367646
no.uninett.hjelp,2b5d3a3f79a57218,2,396,0.9982396663954289,0.8669761258327695
no.uninett.hjelp,3cf612adb42ba217,19,1063,0.9959842889468646,0.878927098169502
no.uninett.hjelp,55896f8b1697ed6f,9,299,0.9814597684719206,0.8063873092454417
no.uninett.hjelp,59a84f115a4e9e42,6,554,0.9940859198847679,0.8161189745612026
no.uninett.hjelp,66cb001d4501ec98,5,295,0.9923890743638213,0.8177198468103244
no.uninett.hjelp,6dd1ccacf77116c9,3,479,0.9987010513027516,0.8751470381872111
no.uninett.hjelp,930dc1303bdb5b77,12,795,0.9979018652302897,0.8867578229048132
no.uninett.hjelp,9b415ec53f2533d6,5,342,0.9944283384728513,0.8424312411320535
no.uninett.hjelp,a431f51a56633550,7,384,0.987702481371357,0.8143892323306472
no.uninett.hjelp,a66733fad459cd8e,2,234,0.9955767316266109,0.8333416582816376
no.uninett.hjelp,a7b9d2adbd1836bf,3,704,0.9987739112349471,0.8405065974533361
no.uninett.hjelp,b01a5bf9ed6a36cd,2,123,0.9899805899228137,0.8442376776722836
no.uninett.hjelp,ca08008ade12997c,2,342,0.9982669164970733,0.8594763234449371
no.uninett.hjelp,debeec1e574b93dc,4,538,0.9970932680090937,0.8696561719603028
no.uninett.hjelp,ec44d887706964f4,13,797,0.9916328895357427,0.853995401788958
no.uninett.hjelp,f17c18da560b060e,18,1610,0.9977620688157693,0.8461373792707725
no.uninett.hjelp,fd89c79491ce2890,12,779,0.9973073381040966,0.8824650354412321
no.uninett.hjelp,ff90c9df4796fc13,12,541,0.9939209553571221,0.8517974309390839
no.uninett.katalog,41197d40b3903152,11,743,0.9922593095726371,0.8479550674301518
no.uninett.katalog,a3f67cc34fb1accb,340,28697,0.9938681895745787,0.8111259312069133
no.uninett.katalog,bc7cfd90d9cf21f0,3,78,0.9775071815785703,0.831713515750028
no.uninett.katalog,c866bcd16e7749bb,31,1395,0.9941842493235579,0.8444759096413027
no.uninett.skole,00095886cab710a0,13,944,0.9913894660005474,0.8343727171249913
no.uninett.skole,0be443b1668a2d5d,3,328,0.9937927835727363,0.8517459460992646
no.uninett.skole,171f2ff4ec87a3a7,5,624,0.9957467364901076,0.865946986234059
no.uninett.skole,174416683d2a161b,22,1296,0.9929989684998131,0.8649483407332059
no.uninett.skole,1c60b10733c5276f,3,888,0.9995750550178912,0.8165345255719322
no.uninett.skole,1dbb64afa79a709e,18,528,0.9708042259679807,0.823574058004366
no.uninett.skole,2a80c591ee4913c0,13,541,0.9840386627741733,0.8172370574521532
no.uninett.skole,2ee1734b95c6d294,11,879,0.9967709470668585,0.8648400451234458
no.uninett.skole,36fe65cdd5d2121d,13,954,0.9910385564993581,0.8613556051631271
no.uninett.skole,41c0cbd8ad86830a,8,548,0.9756245789779306,0.8374333721451825
no.uninett.skole,42e769d2aa3fb9a2,8,470,0.9942596898261746,0.8885643192032405
no.uninett.skole,4d0795cb64c8440c,7,279,0.986315718696216,0.8226211187746212
no.uninett.skole,543961eab1dac993,3,126,0.9885497830445231,0.8001444812672576
no.uninett.skole,5b6c186717e81bc2,5,401,0.9778427539347302,0.8527668256162869
no.uninett.skole,5c4a78eead509594,10,573,0.981515766969248,0.8349581565786609
no.uninett.skole,712715865baf94ee,6,262,0.9860621431304821,0.8159320650942852
no.uninett.skole,76bc44c00fdce805,7,469,0.9893854744295207,0.8756056100742823
no.uninett.skole,84c56bdecc0faddb,31,1201,0.9906867089758612,0.8276375282340904
no.uninett.skole,85ffdef8acee2879,2,157,0.9842210535618656,0.8526997720858358
no.uninett.skole,8838febb1c950b8f,9,534,0.9916313760132074,0.8790790952965287
no.uninett.skole,905d7f7f64771964,2,234,0.9818511965690145,0.782581861719596
no.uninett.skole,95b41910fdbe23e6,4,344,0.9971211166674253,0.8930649002273282
no.uninett.skole,95f296b2be9b6ad7,47,2136,0.9915105365917899,0.8327391364573933
no.uninett.skole,969acf8c65b4d2d0,8,340,0.9875053986485096,0.8444974412707169
no.uninett.skole,a3cdc77fd96eeaf5,56,1647,0.9762537668235851,0.8317966488999627
no.uninett.skole,aab9d0e47f017570,2,476,0.9971979990718617,0.820664422095035
no.uninett.skole,ac83d24452ff4ca8,15,1073,0.985419564748139,0.8329943392958583
no.uninett.skole,ad9fca295898311d,12,571,0.983932218456996,0.8541371444274314
no.uninett.skole,b118dca9271dc550,21,533,0.9880908789950712,0.8792940532460302
no.uninett.skole,bfa357ade8f18068,24,1842,0.9933589966816789,0.84619309212862
no.uninett.skole,c63e4f7495ed1ab8,5,351,0.9844241116155309,0.8468147361901349
no.uninett.skole,c9fa8871c78d792b,9,300,0.9748745828028204,0.8585270843551628
no.uninett.skole,d839c34e66773367,50,2975,0.9918668934402652,0.8639514154747331
no.uninett.skole,dc13bc96f01594ca,15,728,0.9856806684670372,0.8491744324075988
no.uninett.skole,dc32c9c6f6daeb6f,14,604,0.9901093986271806,0.8828432014233253
no.uninett.skole,e4d7832cb469751f,7,291,0.9825249442964761,0.832623068227093
no.uninett.skole,eed50e1b4c01b69a,20,1265,0.991557254806145,0.8574161016242824
no.uninett.skole,f0a5499350c293d3,21,1260,0.9908186452716053,0.8209384110559788
no.uninett.skole,f242fe369db82d83,20,643,0.9885475835228886,0.8307849244644467
no.uninett.skole,f9b9c9e81fc07b04,4,420,0.995850639919731,0.8102614858848051
no.uninett.skole,fb84f54d3ed1e995,16,1870,0.9972537720455443,0.834109830412453
no.uninett.skole,fc1689656de981ed,18,653,0.9864013056805603,0.8375301199737422
no.unix,008ffc9b45158864,13,606,0.9916785128759784,0.7984223466554986
no.unix,00ec9cb5d1bee32a,7,395,0.9895523441824526,0.855512181371073
no.unix,0d4135e7d17426a8,2,276,0.9946639106474456,0.8618083669409407
no.unix,119e1acf934b0b1f,8,477,0.9867433370115958,0.8344061826015584
no.unix,18790c8d66ac796a,13,1030,0.9956454865802294,0.8082395313825376
no.unix,1d217f69d069e3e9,5,648,0.994706376789185,0.8733414308511724
no.unix,296afe3820cd1f14,9,998,0.9963887864228302,0.8528841392454036
no.unix,2eeaabe75bce558d,5,227,0.9859406505515379,0.8388389020474049
no.unix,33e69ffc37847b54,12,547,0.9950415827737046,0.8567212377796335
no.unix,371e463acdcb6a47,4,301,0.989555261542242,0.8621906181415736
no.unix,402b0338466508bc,3,119,0.986111009972949,0.7832121325514341
no.unix,461b473d4d9b8971,2,187,0.9852860974821136,0.8325260060973042
no.unix,477a7a37d30388a2,24,1091,0.990636466568121,0.8527492742446352
no.unix,4ab57b5d58b8d940,13,1618,0.9944674961632504,0.8171190731671056
no.unix,599dde3a9063bd71,5,354,0.9923720574022445,0.8036066968700996
no.unix,65ac9501e17e6588,12,1028,0.9946952755708592,0.824355941101306
no.unix,69b5f541ad9b3f48,20,1615,0.9961637864527735,0.8412119604476063
no.unix,75ca636a076943cd,3,219,0.9954164475497881,0.8311975672635892
no.unix,770fdb72aec0960e,14,220,0.9641148920123753,0.8398322462444718
no.unix,7b2fd2a22cef73e6,19,2225,0.9980573772289095,0.8361945834455395
no.unix,8bfe26eff9871bae,8,817,0.9945976868231384,0.8342707563936069
no.unix,8c5bffead4c44420,2,855,0.998743781123512,0.8586159548571414
no.unix,8f9ee6a4b0e18d09,2,615,0.9959756293255125,0.8285983999666223
no.unix,9735330ce857bc85,4,416,0.9981200046460437,0.834462330331312
no.unix,98934a32453c0a9f,1,679,0.9995039932770828,0.8127907601320348
no.unix,994cd55c1ca32b12,12,905,0.9920332910098754,0.851625691500853
no.unix,9c0af5b2e0f4d32e,2,344,0.9963795730404997,0.8243047645768277
no.unix,9fbb16000595cdd0,19,700,0.9917841298204669,0.8609300661449555
no.unix,a2767d57ebaf19fe,4,550,0.996725087431827,0.8304957859659962
no.unix,a5862fd8feeb21d9,19,1090,0.9934837935217896,0.8737482812967842
no.unix,ae72e08577525d8a,5,786,0.9985800328012965,0.8568864799613789
no.unix,aed3f3efe327a2ef,14,631,0.9906004628430309,0.8570497882787798
no.unix,cb143d2668a435ed,1,199,0.9969943793208403,0.8436650043612502
no.unix,d3b11d2d70e8644c,16,665,0.9911175740242708,0.847402618311838
no.unix,daec0e5707f18be6,3,375,0.9984019418985576,0.8497095172172883
no.unix,de96f4ba4fbe4491,3,297,0.9947422758883417,0.853046507370314
no.unix,ea237fcef44204bd,3,840,0.9990100645452938,0.826606212430567
no.unix,eb448846b7f97caf,8,1383,0.99838323724924,0.8448806143063478
no.unix,ef6746d5cb7d1caf,8,464,0.9950467834166394,0.8557139849102122
no.unix,f338fd8052b0a0c0,4,511,0.996791285089902,0.8727376208697547
no.unix,fc7b2692b22c5993,5,770,0.9965372644892825,0.8489465021167727
no.unix,fca6bddae8ae4746,1,496,0.9988057992529158,0.8319309872541958
no.unix,ff63d705d23191e3,5,575,0.9918888422898552,0.8653963190141475
no.video,0f17378f25981b4c,1,496,0.9999070153349954,0.8472980150319133
no.video,11860aa61bb6672d,4,177,0.9878558540030767,0.8203155326271647
no.video,135f7e6e1ddba95a,10,626,0.9955086207131025,0.8129598418202535
no.video,13e9fc5208f87c8a,6,234,0.9858150949347553,0.804199211082118
no.video,195583ad1188efc9,8,566,0.9931862104028433,0.8469755495321484
no.video,2f03ca2fd3fad096,16,919,0.9887119220096668,0.8552776811832561
no.video,363d0efa1a8cde56,4,567,0.9972951884437561,0.8076203671436523
no.video,3dabe0ae2daafe23,1,241,0.9980231371122645,0.800386710594976
no.video,3f513dc4e97761ba,1,42,0.9943648561524332,0.7985420812299839
no.video,425d8d02e4c10bc7,22,1058,0.9869677536118192,0.8394805938553451
no.video,44dc08a145b6bf1e,9,877,0.9971976295036561,0.850818346546104
no.video,45562687814f3002,2,213,0.9959775331610711,0.8581066989501833
no.video,4ca1f1d1621b2386,5,693,0.9960823076075254,0.8329132678406638
no.video,4f791630e90f108e,9,998,0.9965656187253077,0.8225285493285239
no.video,5bf8d80013a64144,1,577,0.9983948452178925,0.8296919519509928
no.video,630b5f88d6d2c584,12,664,0.9787217915727058,0.7850906970054838
no.video,6ecc9bbaf2f2b1cb,11,677,0.9933010283432634,0.8297920966641777
no.video,798c0b13a0fd4981,5,424,0.9921732624017773,0.8680021999995439
no.video,80e8606aa267a72e,4,349,0.9929432116949292,0.8667945731090367
no.video,8ee5a7d3b4dd1d9c,20,1289,0.995787141232101,0.8311745189383066
no.video,8efdd5c808bb2c1a,9,486,0.9884556370172675,0.823983015143363
no.video,8fc47d07f1c89468,12,981,0.9952937038307976,0.8423536852013424
no.video,946f668ac40c545c,1,620,0.997637265854027,0.8423537881900954
no.video,967b1b42802f9fb2,2,80,0.995700868682327,0.8189713341349316
no.video,a071a4a6110495b4,10,631,0.9950592647435048,0.8458612036023759
no.video,ae5798ea2216f41b,5,464,0.9892613390725128,0.8336940048429022
no.video,b4602605ef6d0668,1,88,0.9892485042899999,0.8254995202860098
no.video,beae36f92b9b2d27,8,431,0.9834755680411573,0.8165700924166877
no.video,c1f9b573284c025a,16,1197,0.9938706381701828,0.7754708099777652
no.video,c20b33f0f29bdbdd,4,215,0.9933873917177501,0.8169086980565688
no.video,c29901ac2f713587,20,958,0.9917194100338306,0.8324266623597653
no.video,c3892a064b2380af,19,950,0.9944957955614988,0.8269235825416955
no.video,d184c12956b0bee7,3,450,0.9966640425057856,0.8052566318243726
no.video,d1e0b54b7c18b4d6,2,167,0.9912554363126171,0.8213933006607286
no.video,df08ee2b6df714b6,10,460,0.991608319493732,0.8129756297912227
no.video,e5e5736ea6787aec,3,352,0.9958195144532622,0.8437703325120199
no.video,e6ebfee7c01fecc8,4,179,0.9914882927134238,0.8129124949485029
no.video,eb22835402c8322f,4,779,0.9966469123380259,0.8156568940683916
no.video,eeb28a9c69ff2855,3,518,0.9985957210207375,0.8232075156873921
no.video,f05fbd3326aa2195,83,4320,0.9900031437109706,0.8636515311481645
no.video,f0b2e8b572be7eef,37,2359,0.981167134204636,0.8398514141509448
no.video,f4eb7f9aa94d3f64,9,383,0.9858196454710054,0.8172262782790937
no.vit.diverse,007f0fcc2f92cf24,21,1237,0.9911978741670159,0.8198222625569883
no.vit.diverse,036e35ef5c249071,23,994,0.9931954469752009,0.8208634250704151
no.vit.diverse,0f5f65141c476ef2,19,1011,0.990419467572842,0.8445731303268953
no.vit.diverse,104a97e9e979c923,2,404,0.9995982702746788,0.8743310523371909
no.vit.diverse,1678897d52abb70d,14,680,0.9850391639401277,0.8193390659954262
no.vit.diverse,1a69bd9b07309c0d,6,272,0.9886736931944309,0.8336483309565119
no.vit.diverse,1ab8e059c78c02d4,63,3887,0.9911532701129175,0.7987790407175676
no.vit.diverse,23153bc12fe528b7,10,633,0.9925091782766927,0.847047637086118
no.vit.diverse,24f5fdc7667cd3b6,11,407,0.9817100355602779,0.8452398639481428
no.vit.diverse,2a10f1fb4da5032a,35,1427,0.9906387917611083,0.8308225314033338
no.vit.diverse,2ccf63adb661f073,28,1541,0.990126529337148,0.8230782321112766
no.vit.diverse,2d49f368b92bfa61,77,3540,0.9850216253982913,0.8428692779505469
no.vit.diverse,3457fc03765298cd,10,602,0.973687200581836,0.8787257953627569
no.vit.diverse,367b3414dae39781,5,491,0.9885972649874311,0.8453018497248885
no.vit.diverse,39eb84e133d59ede,23,1082,0.9859695206161284,0.8679809777323177
no.vit.diverse,3f035e32823d30e5,8,414,0.9870667954484915,0.7941025244633813
no.vit.diverse,3f09672b29ace882,30,2269,0.9905188801038358,0.8410567547948129
no.vit.diverse,4b9f595d696defc4,41,1555,0.987287500238644,0.8196202769211293
no.vit.diverse,57c39e0779667208,15,790,0.9864859517636263,0.8102004718208367
no.vit.diverse,5b771fbb17f32432,44,3105,0.9875807212728368,0.7902827737672186
no.vit.diverse,5d27c3b0309fd462,19,962,0.992527089044145,0.8312707749659487
no.vit.diverse,6e7cc246f36d5e4a,31,1165,0.9832787503132561,0.8313865067961732
no.vit.diverse,7272fcda829d80c4,1,179,0.9953825379258852,0.8653977056326071
no.vit.diverse,7d33e9832379e685,65,3082,0.9875210577572348,0.8308898535932052
no.vit.diverse,8f17d69d8915a373,6,414,0.9947587362440317,0.8065072971431247
no.vit.diverse,9549e9678a10e3bb,9,500,0.9865248520671763,0.8476637858926236
no.vit.diverse,9a90934c0a041d37,10,694,0.9914185466102499,0.841736480728951
no.vit.diverse,9cad61ec2a6f8658,3,329,0.9917549646341011,0.8523151318089845
no.vit.diverse,aa2d80923f4ed044,4,700,0.995864522914378,0.8499178946365665
no.vit.diverse,ace4f2d1479e030f,11,570,0.9829528495109296,0.8400778264332661
no.vit.diverse,bc921d8220c33ff7,16,1375,0.9922346004498792,0.8224675621068771
no.vit.diverse,c15933bc3d6836e4,11,797,0.9950302677958441,0.842870288997186
no.vit.diverse,ce0078c7dd4d56a7,19,1295,0.9897892381290748,0.8303303657940883
no.vit.diverse,cfeefc8e1757c933,2,379,0.9967179603663483,0.7993526064285602
no.vit.diverse,d000a7443ea8c5c7,85,6250,0.9811806289840926,0.8124667544765618
no.vit.diverse,d91051ed922a28c8,9,744,0.989339673686902,0.8468890024668582
no.vit.diverse,da7ac9a33844b743,25,1379,0.9938914498176403,0.8294653711709096
no.vit.diverse,dace8d2242c167c6,34,1358,0.9838098912815085,0.7905154161352819
no.vit.diverse,de6a9e8a9ccc85b0,25,1246,0.9846699115569639,0.8461042427126976
no.vit.diverse,e048dfbcde212be7,22,721,0.9837052263596415,0.8165630766024464
no.vit.diverse,ec7d0b9ed3897d68,9,414,0.9880876771675509,0.8025131730036936
no.vit.diverse,fe40f94b43612db1,8,957,0.9927998657242799,0.8391289888973217
no.vitser,12c7ba73798007a1,9,646,0.9957726984136221,0.8449933372702239
no.vitser,1c2af00f9977e36f,4,705,0.9969540760483834,0.8541435668697162
no.vitser,2501c24ee4d31a54,9,273,0.9778378387415256,0.8481661675776951
no.vitser,255776b9d43e952f,2,587,0.999576536063919,0.8560873293813238
no.vitser,27fbd2e95e84c8a7,1,202,0.9951219930486044,0.8128317121384944
no.vitser,31d6534aa3c47288,2,67,0.9653980043885834,0.8240346738867275
no.vitser,32c0d328d1e2bcde,4,563,0.9958912997192699,0.8277066826474377
no.vitser,39386e4554f507dd,1,295,0.9900208904694214,0.8593692175068928
no.vitser,3a2ec5e0860dd35f,9,521,0.994462711116168,0.8336929033944142
no.vitser,3c1d312458ad8bf6,20,1022,0.9898841364737734,0.8427880561786844
no.vitser,442eb68471a21d29,21,936,0.9881088052157977,0.8162426151252907
no.vitser,456ff8a40555eb2a,12,498,0.9893249137122587,0.8357097700567919
no.vitser,4b8bc7cf02cecc03,2,117,0.980727813213469,0.8358250872757677
no.vitser,4bc96cdb90cad022,56,2654,0.988306519895195,0.855030543168538
no.vitser,4f24d2a27137600d,8,512,0.9874001072262165,0.826215111628518
no.vitser,5233b9ef972a6135,3,222,0.9861391472447993,0.8575346695020094
no.vitser,53e84c4dfc8ad820,3,60,0.9775205730393789,0.7920883713955287
no.vitser,5bf2ce2dd0fa23e7,16,1176,0.9827513861483327,0.834964266105952
no.vitser,5c1243013edfa9bc,5,278,0.9901355514636966,0.8656293816789192
no.vitser,6d5d390a21e218d8,2,176,0.9891754325542816,0.8203776846419167
no.vitser,6f20ab8b1e1e753a,1,288,0.9977537911082378,0.847238600562865
no.vitser,77d9b59118ac472d,8,493,0.9853963907027484,0.833167767972682
no.vitser,782c2e8fc42d9799,8,324,0.9777540929073503,0.8248621747917618
no.vitser,86527439d793f4c3,15,1240,0.9918455423861132,0.8384050086659511
no.vitser,86c4d267a910435d,5,419,0.9957237945215761,0.8766332460189252
no.vitser,89173de88bf2ed61,6,438,0.9904140316578739,0.8730762212960982
no.vitser,8f729ec90a67270c,6,558,0.9971032183436938,0.8647493047417172
no.vitser,9a94f9455789b098,25,1265,0.9900774266601806,0.8389931934879905
no.vitser,9fb69909234724d0,2,427,0.9968797979081147,0.8382784171773295
no.vitser,a051248c28616f78,25,1216,0.9897543060235726,0.8380733578109225
no.vitser,a66b02bc7e1f010f,16,769,0.9944573951693944,0.8576757960358972
no.vitser,ae70cb80c6d455d7,8,515,0.9848094469001907,0.8590673678775094
no.vitser,b3a18b234b3b8e3d,7,613,0.99253606671764,0.8947546459538488
no.vitser,b4fea29df3fb9779,5,268,0.9918535967210814,0.8041303808234118
no.vitser,b899a6a1f1e4cf4b,38,1220,0.9863118166241872,0.84692960158523
no.vitser,bfda202cac9ee786,13,613,0.9805365909141962,0.8596314859394348
no.vitser,c783962eeb5b7f9f,13,813,0.9956506019614855,0.8614485557061239
no.vitser,d47d13ebd5659507,10,594,0.9953454170216306,0.8461100166498308
no.vitser,ddfe5c846540ec27,2,191,0.9965189378836792,0.8230165914272428
no.vitser,e1d3a1708f3a0e71,2,190,0.9966728768166364,0.8386295386604784
no.vitser,f9fa1cd6724ab3b9,8,564,0.9887237811054368,0.838522431187296
no.vitser,fee088e5bf846972,7,582,0.9910379043490395,0.8938885443487092
no.vitser,fefe8322880f1c2e,9,457,0.9955043496919816,0.834279146276535
no.vr,022cb9bd835cabd0,4,225,0.9953039209150126,0.8485047655067661
no.vr,03750f364cd2dc4d,13,747,0.9923698645136536,0.8606891860975269
no.vr,04820eb52374fa15,1,709,0.9997824249787468,0.8158241483105946
no.vr,066e86ec780abd6d,3,707,0.9956033792123413,0.8478154111139989
no.vr,12ddd437475a0b9d,4,351,0.9907760629455211,0.852967500879952
no.vr,1a8ac6032b37f123,4,525,0.994852244387426,0.8619530956106001
no.vr,222d14473a4f3c35,6,209,0.9801539472961787,0.8093881749110046
no.vr,32a39e474488068f,22,1373,0.9918905331037925,0.867831706663875
no.vr,35f0e7df9340ac69,1,381,0.9971646451024896,0.8605124447497688
no.vr,46a7d579249dfdc4,13,884,0.9925646741313247,0.8436473364782564
no.vr,5688696c825eedc7,5,383,0.9885675181868988,0.803378230696961
no.vr,61261681fbbe0531,12,2969,0.9972188094564005,0.8290646661162254
no.vr,666e635e7cc03aba,13,743,0.9907219098893977,0.8594655838695566
no.vr,6683561b441f4536,2,98,0.9870525146723997,0.833782174363386
no.vr,6850b0f1489d9007,1,1947,0.9995832445951683,0.8240825123532028
no.vr,695b00c074018906,2,1145,0.9986768527786068,0.8145493329195143
no.vr,7064c1a8ebc326fd,3,398,0.991068749061203,0.8109919483932762
no.vr,81be02f69ddb2cd5,14,796,0.9874132209412304,0.780680864990281
no.vr,88c87cf08f06ae67,53,2900,0.9904882352072315,0.7950948642153769
no.vr,8c633b17bab40336,11,183,0.9779818363266934,0.8396088390944318
no.vr,8e1dd140e24e249c,1,366,0.9984503356174341,0.8575027388073944
no.vr,9292f3004d783cd5,11,395,0.9877221187273912,0.8067895780674407
no.vr,95be8141d4360e8e,30,1930,0.9902043937543273,0.8232107290469373
no.vr,9bc0683e5a2b2717,1,95,0.9953068269980118,0.8643219507822574
no.vr,a3c306e2fb59808c,30,3498,0.9948569145881162,0.8511192883258296
no.vr,b26ae74517435cb3,2,340,0.9943471622289368,0.8381694139525228
no.vr,bbee922150f453ba,10,316,0.9867416171469938,0.8526722019348013
no.vr,be603c80b004c398,1,120,0.9979373598701443,0.8549652952476271
no.vr,c8304da67ee47f19,2,506,0.9946068682841206,0.8835321935245153
no.vr,d13319d8e25ad34b,3,87,0.984044114889129,0.8635204698695476
no.vr,d2f0b15c2198d58e,27,1342,0.9941254664865343,0.8679911054602493
no.vr,d533ee9afe31fa2c,12,573,0.9906445709532803,0.8373617155721581
no.vr,d7e55b45773f3b9f,18,1107,0.9942948144184333,0.8309105592955975
no.vr,d7ecd756e14f174c,23,2385,0.993260124979817,0.7860179856015005
no.vr,e50dc2d60460c9a9,1,209,0.9960015673938826,0.8103063557637412
no.vr,e6e4e37138c13618,4,532,0.9940431121534713,0.8200290473849821
no.vr,ebde07a2d0c51ec9,7,552,0.9965818886936687,0.7937131675944106
no.vr,ed04477a04255db6,3,437,0.9972895163200967,0.8353281789856012
no.vr,f5b53037d02f5d19,4,585,0.9978000695226847,0.8724091679451019
no.vr,f8e78150a6dd631e,2,394,0.9976837002062544,0.8492589401770905
no.vr,feb07dc4e0cfaeda,47,2107,0.9819368515954421,0.8361601971994842
no.vr,ffe58718acda014e,10,1068,0.9934238572498445,0.803410876774839
no.www,01193a95ca615ee4,22,1320,0.9921110225312741,0.8483595485059937
no.www,09ade69fa59daa1f,15,1011,0.9892577874781034,0.8163765156570257
no.www,19bc546c464276a7,5,750,0.9914976976426726,0.8191212372277105
no.www,1a1d54e582785135,15,557,0.9890241550047811,0.8411795659309496
no.www,2039517efbc7631d,5,808,0.9974981317484766,0.8728140344163234
no.www,2af5bbc1a39c6848,23,1415,0.9919579638291603,0.8305832475112388
no.www,3ad5bf726123cd9e,8,688,0.9957655924088169,0.8640260893370222
no.www,4595f6d2c4ba316b,16,508,0.9870131935634481,0.8577853953950936
no.www,5474ffdcca7f06c4,6,612,0.9959546152343521,0.8556026569192918
no.www,5f589e6c32a5c9c9,36,2244,0.9914752128397778,0.8682896274107992
no.www,69390d1064fda061,6,591,0.9904858854874206,0.8594703830069171
no.www,6ee93ca07d642893,3,576,0.9955688582305581,0.845588832390355
no.www,6ef9b9892ca94daa,13,469,0.9814968807685326,0.8520634307837603
no.www,71ec87044cd21fa5,3,532,0.9968923099821508,0.8217899540116795
no.www,7dc48fc94ff2a378,10,396,0.9925421914324849,0.8565943844442657
no.www,7ff85a36d41f1364,7,250,0.9746541756127207,0.830104428709851
no.www,81d4127acffb13cd,6,1169,0.9890302475058217,0.7531861035337986
no.www,85a918e70b59360a,67,2620,0.9897980598834866,0.8526928527401954
no.www,9f905b1c5775cad7,13,644,0.9900073511568519,0.8523422026376097
no.www,a5055fd3b88325f1,16,563,0.9809845234154755,0.8909317257237659
no.www,a5b1f5b1ef590cca,9,689,0.9900686624829877,0.8716241459177544
no.www,a84cda8de0603a1a,11,504,0.9834105820419317,0.8305910376792773
no.www,aebeaac9c8b24b85,26,1557,0.9906103195755726,0.8685260590382801
no.www,afde400aeef3b386,6,388,0.9911769282891582,0.8271386818518817
no.www,b0dbeee829c8e242,18,1834,0.9922533794513113,0.8655585503772113
no.www,b67cfdaf76d66054,13,843,0.9938593668023908,0.822095884665689
no.www,bf565ab8eaac3e02,1,171,0.9932364376900611,0.8455056484168061
no.www,c0b6a460218cabf9,1,471,0.993420280777852,0.8801535529930824
no.www,c2c9bc1f92664323,6,684,0.99600769326412,0.776475969424942
no.www,ce7665fddf769491,21,980,0.9926482753906429,0.8407046161691872
no.www,d766c3a37725eb35,10,644,0.9922732532760344,0.8204177638368584
no.www,df1e0c3b9fb2ab31,12,906,0.9970684141669519,0.8308882878236828
no.www,df4d0f9d53fd55ab,3,455,0.991774674918035,0.86160187726029
no.www,e2c48cc7a0540336,4,405,0.9964713505761202,0.8300210194480724
no.www,e4f217206cc01f06,15,914,0.9935279842069851,0.8559623060791041
no.www,eae9841e24c35bde,14,562,0.9806352052704577,0.8552423810207218
no.www,eb0898f25512bd9e,2,515,0.9996646419770983,0.8285343977575129
no.www,f4cc1fd835692bac,5,591,0.9930175386056868,0.8607867191952172
no.www,f62bdc205902401c,7,442,0.9938442134773502,0.85339301497476
no.www,f6942b9b2cb1dba8,3,315,0.9993786230921272,0.8364667668845978
no.www,f8e0d432af5f4adc,5,223,0.9821868806106724,0.7982451606638914
no.www,ff219660c76008d8,29,1644,0.994159973943274,0.797479577060949
no.x,04a774b333e966b7,1,628,0.9993374607334569,0.7333816975327151
no.x,086c35b69b2db582,1,2608,0.9979138920295505,0.7351288274531877
no.x,198052d5f71e2201,1,539,0.9996584549434965,0.7418303086150965
no.x,1e998fa6e181d20f,1,313,0.9987974056209055,0.8465631932406422
no.x,28415175a534c809,5,440,0.9908088111096309,0.8536458505401612
no.x,2cf654c90b63bd06,7,281,0.9933001857846347,0.8746842525093325
no.x,2e30210f861a3d14,1,153,0.9928252612926309,0.8760240118506448
no.x,2e63403eae4ba091,8,610,0.9972185053030634,0.8099647950798534
no.x,33b5852441945bff,1,205,0.9943930031310934,0.8506454308064642
no.x,3adc30be7fa74c66,17,724,0.9827105681250874,0.852053183133546
no.x,3c760d593276858f,2,252,0.9899195476670319,0.868318019516867
no.x,46d478c2e3509e8e,8,1196,0.9964964569056806,0.8192459300197539
no.x,50b52da892088219,1,305,0.9993115962560968,0.8374860726389768
no.x,533a3c5677477d58,10,604,0.9942458743160121,0.8146320180823722
no.x,5351720514721b15,2,168,0.9968123024972971,0.8087562213724411
no.x,643f1367de199af1,1,539,0.9996584549434965,0.771041536841483
no.x,68c2f5adf84a0434,10,526,0.9947826833084141,0.8717458706984664
no.x,69264a3b7ac4767d,7,732,0.9941919305077063,0.8433569130570868
no.x,6b9ce618f0e50cd3,6,284,0.987865827338637,0.8508873676786476
no.x,6f228d50ebb3c8d6,14,950,0.9924989527202094,0.8716898201940957
no.x,70d721ee486b37e0,4,408,0.9925399269515094,0.82640114755024
no.x,779d5c72651fed52,8,1161,0.9976943966160534,0.8285158917123255
no.x,a08db56388b06c4c,1,846,0.9994113589327124,0.9075665051967253
no.x,ab36094b463cbef8,15,529,0.9890491711644407,0.8446978231114888
no.x,ac4d3b04efe1ee91,7,699,0.9928348894812538,0.8544552349310505
no.x,b032e33e9d0367b1,2,253,0.9956231333384955,0.8375655682245123
no.x,b3686526ad2a9949,6,450,0.9967991892878398,0.8415108120529567
no.x,b65368e85db6c62a,1,290,0.9993907142112523,0.846258884414913
no.x,bc05cbfd0f072278,11,566,0.9921060699812783,0.8430907596003051
no.x,bce26aa55a7533f0,8,490,0.9924483970406102,0.8118784332921856
no.x,cfeb3a216722a98f,1,163,0.9987814367101017,0.8327183865652589
no.x,d27346915a52cc77,18,1361,0.9961770279372998,0.8725275474680549
no.x,d4550eb8378c4132,7,362,0.9974654908591342,0.8312431366043654
no.x,d79fcd1449e4a693,3,466,0.9972131483030136,0.7982940123577669
no.x,e17dddee89e116df,5,455,0.9937081678086807,0.8439452416972353
no.x,e288c8d10334b162,8,589,0.9900983116163878,0.8154121651749545
no.x,e2bd5c4f24b24aef,15,1034,0.9952040704770841,0.859881245033373
no.x,eb2d859a1909c9a4,1,93,0.9955296557545719,0.8173454406952559
no.x,ef8f99b53ec14daa,4,234,0.9946656723992919,0.8187000221492722
no.x,f1b8cd1c89153a9f,7,252,0.9787875691123049,0.8103631198813466
no.x,fa8a1cbfaf804c0e,6,323,0.9868517095195097,0.8743702588799194
no.x,fd719c2be82d030b,20,1044,0.9924928809754693,0.8614691267064638
