newsgroup,message_id_hash,replacement_char_count,nb_body_length,matched_similarity,shuffled_similarity
no.ai,0debfbac2b14b784,12,705,0.9879073534121395,0.16798369586347173
no.ai,117de86fa437fa76,2,140,0.9755287019158569,0.29816663198663224
no.ai,1298caf112c8cbae,28,880,0.9785211472613893,0.23362114320197397
no.ai,13d5ac298d332c56,29,1635,0.9591422248234025,0.18815625999667238
no.ai,14fef30edb07a1b8,6,433,0.9616884769583645,0.10452444672836729
no.ai,164942b114eb23ee,2,828,0.9923651766324333,0.41915531599933714
no.ai,1d2e410b5013cfbc,28,1334,0.988644327239426,0.3003740731464519
no.ai,202914214bebf6cb,9,485,0.980241979085788,0.29658214791371795
no.ai,21a6abb620695cec,15,915,0.9823209479369087,0.19932059539742017
no.ai,2fab2999bd24043d,7,610,0.8609585124700733,0.31770554125250355
no.ai,334f912bbff9a48e,8,337,0.9859780776990885,0.5443767221234169
no.ai,4604a3336a182c37,14,494,0.9282377901811312,0.39018595891892194
no.ai,4655906211d6c9ca,1,1096,0.9973967170901693,0.2272167379777719
no.ai,50c2be546f276985,36,2155,0.9934205910848957,0.11200736321970524
no.ai,574ab9edee545191,27,1493,0.9905306861467547,0.24709710740457994
no.ai,5901e639db7df1a3,1,413,0.9983161197202082,0.5284706040545002
no.ai,666dcfa1c13e8594,6,489,0.9915799759728694,0.29087997952401884
no.ai,6a1187d925d2b0da,2,617,0.9987182002397648,0.22305313503115667
no.ai,71e203a201c80565,18,1443,0.990378243056737,0.2761906514108807
no.ai,73b3d8ec260a728a,3,291,0.9934212001236042,0.2701272861964017
no.ai,748bf51203f66663,2,88,0.9587429318038964,0.2307943828353799
no.ai,78f5d2eb31267b38,24,1356,0.9958313931775948,0.19705118377646227
no.ai,7b83514e47c1f900,2,255,0.9832453316771314,0.3185182199412857
no.ai,85ba6d8ef5e085f7,18,622,0.9861934600731982,0.20893011342448461
no.ai,8b436cf2b88567d2,10,284,0.9749221035021899,0.22257444778018584
no.ai,8ff5d07dbfa58218,20,1329,0.9830175472351599,0.2257788069006044
no.ai,913127183a7d56cc,13,802,0.9804855591359825,0.17745130113013025
no.ai,920f8faa53024945,42,2048,0.9852837728719105,0.18629831420656306
no.ai,92dd5c903177901d,5,128,0.9349780777952493,0.21136607900571075
no.ai,92f175275985f922,9,672,0.9894470285965865,0.2410103897244968
no.ai,a470beb381e91201,11,272,0.9131777848132315,0.18758796157325294
no.ai,a9f8fa3e4d6a5411,1,166,0.9681095848060041,0.33379445310913575
no.ai,cd9eddd89dc0fd85,8,288,0.9510742618990162,0.278710901738713
no.ai,d299c66cbe959d82,4,513,0.9941732846660899,0.17359995640402406
no.ai,d8e15c059d8b981c,1,1298,0.999276110748567,0.3919073564770292
no.ai,db004c412e4e161a,8,237,0.9300681744491232,0.29658391377150767
no.ai,e37bc92d63b3d6a0,5,525,0.9869429889266904,0.4454885689521972
no.ai,e3d038e5c245fdec,31,1264,0.9728646933649209,0.21767677909901162
no.ai,eb7f9823513115d9,1,435,0.998704437186464,0.15418897570599197
no.ai,ecbbdc05a35ef0d0,92,6436,0.994661053328935,0.2978511818295953
no.ai,f37ec4133eca75f8,11,346,0.9265066147303372,0.19978417402319712
no.ai,fb778c454b37945e,10,642,0.9945410262025558,0.2237479202599657
no.alkohol,0640c50ff6cf0a8d,4,190,0.9793265621032402,0.33279058986424237
no.alkohol,071dbf71200a5dcd,2,21,0.7186353983368334,0.1592829424300749
no.alkohol,1091e087c43b78aa,1,294,0.9987569800268323,0.3691918363510382
no.alkohol,12929acbf0a6e5eb,19,1377,0.9929794767059283,0.35918353958425575
no.alkohol,14a043dc8710337b,8,605,0.9859599225879063,0.26742511716452394
no.alkohol,14c3f3002780b797,5,103,0.9063977652653207,0.378969780319981
no.alkohol,34c3e18b48187f24,14,624,0.9804440547677309,0.1121843850762294
no.alkohol,3e6c745b80f49652,3,91,0.9157324141129287,0.29218526612435936
no.alkohol,41f6a17d97653407,1,151,0.9982820998537746,0.277690613868256
no.alkohol,451dd55e1b8b155c,24,1549,0.9909132084290012,0.2124355579106195
no.alkohol,4b2d5082c5a03c0f,15,884,0.9944863095618117,0.17465556173239555
no.alkohol,555e55914da3ead3,4,308,0.9776674328728884,0.29498724501601903
no.alkohol,5770563f4f317aab,10,719,0.9970390904750843,0.16476643316117506
no.alkohol,588304989b43c429,16,928,0.9659238168882418,0.19327382286200367
no.alkohol,58e07721cb5db164,7,826,0.9949557143868626,0.4585767397238405
no.alkohol,5a1f1044e6780d6e,26,1411,0.9845135988428291,0.17262498992939668
no.alkohol,5a50a5d5d90a9d25,16,1296,0.9888174154709197,0.286528644097369
no.alkohol,64f1441245531d97,53,2609,0.9853797457352534,0.253252385755162
no.alkohol,6c70a268c7c6549e,5,295,0.9387458496885497,0.30162087833726664
no.alkohol,71f084e75538bc2d,1,64,0.9937477061426497,0.18491534291120992
no.alkohol,73d0a9f1b63bd2f2,14,705,0.9904179946585897,0.3325844707368342
no.alkohol,841ed8970dece0d4,131,4641,0.922641072931743,0.24504017597103886
no.alkohol,867deaee18211c87,12,578,0.9113351082954259,0.19230137861307806
no.alkohol,8a95c294e16bcb58,15,529,0.9059160614253308,0.19834822903909433
no.alkohol,974eee2a3e9ea5ec,8,517,0.9705405430925527,0.24623837696891032
no.alkohol,987df42e9cb1b541,9,814,0.9895455993619309,0.200345834980397
no.alkohol,9ff9fcbd8de50423,13,561,0.9865771497878186,0.24783546368255088
no.alkohol,ab26feceddd921f2,8,326,0.9575695928480461,0.24569364065046967
no.alkohol,ada9327c2f197d68,13,911,0.9844737885593009,0.2920121553910868
no.alkohol,b265e8c7498be8e5,9,692,0.9941179637876979,0.3173849568455747
no.alkohol,b4b709a32610a4a1,116,6027,0.9837585489516354,0.1943166097252247
no.alkohol,b71e3c5de3070854,62,3008,0.9832061420028625,0.21145393219976497
no.alkohol,c5328e6df63f2af6,9,634,0.9874629511716501,0.3897043353518487
no.alkohol,c93c2ae77a6682f9,8,571,0.9920226883155633,0.2161376002754686
no.alkohol,d226e2f3b0862358,8,891,0.9805828762243654,0.3511136525693385
no.alkohol,d2fab6b2608415fc,3,240,0.9918648898641892,0.19986873610887101
no.alkohol,dc964805aece904e,50,3277,0.993795721397183,0.4351983870742765
no.alkohol,e530e8c97c5f403f,26,1692,0.9947553670642104,0.30540877352228596
no.alkohol,ea836b168ba3987a,4,218,0.9843985099576155,0.16399846255409634
no.alkohol,f5545bedd363f68b,3,320,0.9691399107338028,0.41232709214156654
no.alkohol,f5a8f5a7543f6902,4,680,0.9948276677682455,0.2780873119991212
no.alkohol,fba38c6344c44649,33,1766,0.9944051806351049,0.13444712968279054
no.alkohol,feadd56f42a7d14f,100,4204,0.973855309578845,0.12970626856714884
no.alt.arkiv,01c17873effff80e,2,847,0.9935658886101342,0.26173259995813125
no.alt.arkiv,055ba2fd464b7fa0,2,1598,0.9931008747174591,0.44044494033795434
no.alt.arkiv,070d8fb774833ba1,2,342,0.9904599777774523,0.26059759219698886
no.alt.arkiv,0d0da0a5ae5b45ed,2,1622,0.9957290447128884,0.2085397099295709
no.alt.arkiv,114b43edd2aa8875,2,358,0.9922729411647788,0.35546100749478304
no.alt.arkiv,1fe46df69b9abac3,2,330,0.9921521603307857,0.3751536877208245
no.alt.arkiv,2008dd61341220e2,2,785,0.991877910961023,0.41233684668688836
no.alt.arkiv,215f9e4a41794caa,2,422,0.9926918693393788,0.32098902162778775
no.alt.arkiv,2ba19e287ed17987,2,241,0.9911240486213047,0.31807848920339443
no.alt.arkiv,2f1fdef220af92b4,2,762,0.9922219774750598,0.23470097598859443
no.alt.arkiv,3d7cab9f6b52056b,2,2377,0.995050680406972,0.210849602680437
no.alt.arkiv,4702ebda26fce729,2,623,0.9914506444278847,0.22273612504703266
no.alt.arkiv,5aa5bc282199e860,2,270,0.9921745725940206,0.3094337078700398
no.alt.arkiv,62243475c12ddce0,2,1438,0.994056765028003,0.24706449866156788
no.alt.arkiv,6549bd910f6ff6e3,2,471,0.9937132206148396,0.27510246261346666
no.alt.arkiv,66b797d360fdb4b8,2,326,0.9933652942344031,0.1908775249862941
no.alt.arkiv,6bbfefd74c05ffac,2,598,0.9923362275758426,0.1774490694847066
no.alt.arkiv,761c8e11509f29e9,2,330,0.9907119995716791,0.4558427577764899
no.alt.arkiv,77269b6ac5c9b6f6,2,2475,0.9971544814790331,0.29143770647751455
no.alt.arkiv,7acd7e696ffedeff,2,325,0.9938012889745008,0.2400333925937389
no.alt.arkiv,82b2527f869f49c7,1,1382,0.9978970459664097,0.24872699771066908
no.alt.arkiv,8b19a05a61bd4296,2,756,0.992110626748448,0.4375067913778883
no.alt.arkiv,8eae22d5ce6f2c78,2,1051,0.9947387776804245,0.394880253844971
no.alt.arkiv,9aa38a287cc01923,2,1503,0.9941514378083399,0.4167547481621632
no.alt.arkiv,a367eddf619db795,2,1303,0.9961471050768971,0.44442943354764347
no.alt.arkiv,a40d3cbee0e9308a,2,811,0.9949275352769456,0.644513898122471
no.alt.arkiv,a83ae8d519fe4276,2,465,0.9925560274382477,0.25108549289819915
no.alt.arkiv,ad4e9ced9b3051ca,2,1281,0.9942508041596111,0.3134070204703546
no.alt.arkiv,af2b1d23de21552d,2,344,0.9933165540683683,0.1806418167738059
no.alt.arkiv,b20dd2143aae2bf1,2,1354,0.9935436306013932,0.28256857562663784
no.alt.arkiv,ceb0a7dbde39e4f5,1,2344,0.9994532891018953,0.37311032230765656
no.alt.arkiv,d6edb14733abd26b,2,1003,0.9961002405295477,0.2204796839141544
no.alt.arkiv,d7175aeecf51ed91,2,1239,0.9946237911505146,0.2740491446258913
no.alt.arkiv,d782f5d234eab191,2,287,0.9914961690604736,0.2607103149350957
no.alt.arkiv,e77b4ec59183a742,2,709,0.9933010398811605,0.39908408773525283
no.alt.arkiv,e8112e327306af1a,2,625,0.9924671071040139,0.14239305320091844
no.alt.arkiv,f3132fd6c1ec631a,2,730,0.9933034958035483,0.27054158056251415
no.alt.arkiv,f3d86e3861508c8e,2,1132,0.9940474748150335,0.3259230350590483
no.alt.arkiv,f8f263f7507097c0,2,2979,0.9948937123111428,0.21910591317101574
no.alt.arkiv,f96dab251d04b617,2,2087,0.9936855806963663,0.31130891514709397
no.alt.arkiv,fbd1fad6b76a370e,2,522,0.9946553830402841,0.292273812603926
no.alt.arkiv,fc91f18491baee56,2,946,0.9921393108444659,0.3046857289165966
no.alt.config,051bfa92a01a12be,4,112,0.9657340674676279,0.3041088856277696
no.alt.config,0b1abddc496e0486,5,338,0.9676498300576118,0.3980901568255117
no.alt.config,0ca1751bf9bffb27,2,75,0.9781102239018271,0.24204867640227606
no.alt.config,2120492f88e2a99a,6,280,0.9854032491684195,0.3304104272719383
no.alt.config,294fef60a6784e99,5,416,0.9815486626695,0.2785368254084727
no.alt.config,2d442280836f3221,6,564,0.9979378911794935,0.30647695191278
no.alt.config,32ef962bafa61421,5,379,0.9891702719873575,0.39877691020807704
no.alt.config,340c0d57fa28bfd9,3,230,0.9940921702433297,0.31965759577871355
no.alt.config,3b65fa195ecc9e81,8,618,0.9897052410851671,0.2751133295693693
no.alt.config,40855fe007a6c498,5,601,0.967469852978793,0.28795147005422855
no.alt.config,46b8563fe010be48,15,471,0.9746684622716624,0.3139680362330544
no.alt.config,49cf931c6b07c50a,1,268,0.9940986837466298,0.2880223249222454
no.alt.config,4a0e4bddd3b2524b,1,181,0.9930810301119583,0.3682190266901568
no.alt.config,4c9db227f09decb8,4,305,0.9915759499634013,0.320027271259513
no.alt.config,5127a9ca772df464,5,460,0.9946625771289229,0.2606103090772577
no.alt.config,553a366ccc94a490,17,1384,0.9924569619610141,0.24562243470649656
no.alt.config,612c9350f7752173,2,465,0.9986772792895833,0.10478020909262643
no.alt.config,65254cc6cf4438be,10,924,0.9903816603319108,0.34552767852420424
no.alt.config,6683448395261ca6,5,470,0.9966574160896448,0.26826440055855383
no.alt.config,68a8e813215d152e,5,812,0.9935212125499798,0.35604123789475167
no.alt.config,6921cd274b2f0196,11,566,0.9768684509648381,0.3133770565775428
no.alt.config,6ae594d53eddc3d8,32,1085,0.9815156865259813,0.29615413796653217
no.alt.config,a791ef942d5a4ec2,3,642,0.9966547743410172,0.4618884829170142
no.alt.config,aeaa4ce1a53c7816,16,1010,0.9893685426920386,0.28205855241542316
no.alt.config,b3be9072e6c16ee2,5,1011,0.9968278461295909,0.14496111781642407
no.alt.config,bb359defa41e4f01,2,350,0.9928119054763033,0.25722816161443374
no.alt.config,c69ff29484e605cc,8,1155,0.9984924891062632,0.2351302256507889
no.alt.config,cbae3d798bf7e236,5,694,0.9947675759448639,0.38463146709625745
no.alt.config,d2068eb70a27ec59,11,628,0.9814069067133395,0.5412240690769733
no.alt.config,d9b991df469c03c4,5,470,0.9920400909938307,0.311841416100992
no.alt.config,dbd465fc46ee68ce,18,695,0.9854227513562926,0.24406751231140197
no.alt.config,e377be3922a4abbb,16,715,0.887753310656666,0.46331049884544456
no.alt.config,e3b7ea51c7757212,9,557,0.9736404055847918,0.3419913478790272
no.alt.config,e486764f98f73563,3,425,0.9955194224143556,0.29975445867531636
no.alt.config,e55116455a871e9e,3,218,0.9924417791755883,0.2728104205576863
no.alt.config,eb1da8a2e256f51a,17,948,0.984034329652753,0.300993975416882
no.alt.config,f284d98892d9a41f,13,733,0.9942009352914796,0.25887793737131154
no.alt.config,f5fff86e043b4d34,3,1012,0.9942498200684899,0.3531002859825701
no.alt.config,f835371a89057ae6,1,274,0.9892995681251032,0.19856834759082784
no.alt.config,f86cc10c32caa6fb,23,1410,0.9918706012576418,0.42912464502909087
no.alt.config,f8d6f4391624bc68,6,846,0.9978305227981987,0.4019722687880807
no.alt.config,fc4dc2310ed070cb,39,2822,0.9974996865360841,0.22718195587689916
no.alt.diskusjoner,0233867a4866c9bd,2,256,0.9721250531685451,0.23280543328647907
no.alt.diskusjoner,0e2ba4c49b721369,16,935,0.9846124230318625,0.2338082347363611
no.alt.diskusjoner,0f923eba6cec0925,1,388,0.9992239667983956,0.18162247636561898
no.alt.diskusjoner,1173d5a22de3b042,36,1870,0.9858927315538096,0.2342841879590661
no.alt.diskusjoner,12d92dde3414f281,37,2108,0.9915437544202795,0.2648459586960188
no.alt.diskusjoner,168521096114096e,7,875,0.9923709865646583,0.20681712426688248
no.alt.diskusjoner,19cc3da64dd695a2,4,559,0.9960628989291217,0.3640961465989375
no.alt.diskusjoner,1a59fcc83051eb71,11,338,0.9612037381323988,0.23549701921209906
no.alt.diskusjoner,1da0c5f0bcd98203,396,20192,0.9931256551198454,0.22931799956061008
no.alt.diskusjoner,201056b8253c3a85,9,758,0.9856298698467635,0.17972151167983796
no.alt.diskusjoner,2ba7beff8664530d,3,271,0.9910469305015266,0.2779665246583266
no.alt.diskusjoner,2c0adbfcf167cdba,9,1093,0.9776993336004947,0.24653817693624513
no.alt.diskusjoner,31517bc44d740f9d,3,565,0.9978166937268679,0.3264918031152163
no.alt.diskusjoner,39ef76eb7d41afbd,11,473,0.9911209591829699,0.27298644039285497
no.alt.diskusjoner,3d8331c270941f66,6,414,0.9820165271823047,0.2218508623131924
no.alt.diskusjoner,46394efda1f0e7d5,262,17285,0.9973084263626164,0.30700649367106814
no.alt.diskusjoner,54224e0a676a9190,4,507,0.9828226209292452,0.26058553103883286
no.alt.diskusjoner,5c72adbed3c6fe7d,76,3657,0.9813796966492676,0.13867952205146267
no.alt.diskusjoner,603615305fa30ddb,4,300,0.9628244464352091,0.2159839440121342
no.alt.diskusjoner,62012e16796a2921,2,393,0.992812444668227,0.28988295548587534
no.alt.diskusjoner,76fd17918aa9f623,12,693,0.9915200853269315,0.3165929810630316
no.alt.diskusjoner,7df55387165ad8ed,7,451,0.9895281815367777,0.26291296097662586
no.alt.diskusjoner,8794d6fc69e21137,5,368,0.9702629358127315,0.4573160174795321
no.alt.diskusjoner,88280008470a3e4b,2,332,0.9953799047267408,0.2968933118082648
no.alt.diskusjoner,8863c03236f902e6,8,326,0.9800933793417834,0.2365961493149265
no.alt.diskusjoner,9bd6604c64b84815,53,2439,0.8985056404872489,0.23139038995346825
no.alt.diskusjoner,9ec23a09efbb2c45,51,2463,0.968499659872455,0.2073646827391375
no.alt.diskusjoner,a6fe713914a48b41,1,386,0.9977596043641641,0.33081092679312396
no.alt.diskusjoner,ab5b19b3fdcda2c5,4,352,0.9856256261025513,0.31729719063324735
no.alt.diskusjoner,add1da0d63c8364c,1,630,0.9961563357178791,0.23493789514086913
no.alt.diskusjoner,b1b0ad9f0e95e8d1,15,1417,0.998485091150236,0.43453346401818055
no.alt.diskusjoner,c312cbe8c62b2956,1,1100,0.9977250938691202,0.23604994252860384
no.alt.diskusjoner,c8aab3db89fd9037,233,19714,0.9965753468616912,0.312100222495875
no.alt.diskusjoner,cc32458615a14d47,19,1026,0.9773886663870286,0.3429403017330898
no.alt.diskusjoner,d712478ab948bbdd,21,1465,0.9912913271194225,0.20621117929517296
no.alt.diskusjoner,dac3ee921d4a276c,13,765,0.993230337721938,0.31432712221760833
no.alt.diskusjoner,e7359649e78d0f10,2,293,0.979017619036631,0.1811755345800263
no.alt.diskusjoner,f0c0962169f9b4eb,16,725,0.9925735255624112,0.2728439587472811
no.alt.diskusjoner,f493899073d155a3,2,509,0.9992369694933807,0.18107680204082088
no.alt.diskusjoner,f6924fe1b04a0521,15,2012,0.9957389227187573,0.21854697171627357
no.alt.diskusjoner,fa86ca22e5849d98,13,739,0.9891079458067092,0.37497258270957856
no.alt.diskusjoner,fd51627707bff434,6,232,0.9692650215243901,0.40412539475532033
no.alt.fan.de-lillos,0d659d15feeff857,13,558,0.9911743512058113,0.15873081823291227
no.alt.fan.de-lillos,0d842ec156447702,3,277,0.9750098910723496,0.2065348633678453
no.alt.fan.de-lillos,10c4075c282f7085,35,2211,0.992760054451869,0.2173314443267816
no.alt.fan.de-lillos,1367d9eab2eb38b9,5,237,0.9857990150771191,0.30216967975464637
no.alt.fan.de-lillos,22712ac44dc368be,6,313,0.8937805748527364,0.20868514613302977
no.alt.fan.de-lillos,31627a42a634c9a3,3,328,0.9939726897422645,0.3537047243566913
no.alt.fan.de-lillos,3d4b4ebcd05970c2,5,190,0.9444225470934553,0.2511239193954949
no.alt.fan.de-lillos,44ec4cadfe1805b9,1,53,0.977274783544898,0.23645025245768567
no.alt.fan.de-lillos,4d5b2b5f1b24621c,1,217,0.9899081214219653,0.25484991010871116
no.alt.fan.de-lillos,55b6900f092f751f,2,366,0.9901125900812189,0.3005935641088327
no.alt.fan.de-lillos,57d7ed2d98c16ad3,4,621,0.9713151766876322,0.26795106782928735
no.alt.fan.de-lillos,5f81c50a8be45c32,7,412,0.987936252893352,0.34270191409929396
no.alt.fan.de-lillos,6c1578b81e9f3bbb,1,72,0.976122026638645,0.3015826874238103
no.alt.fan.de-lillos,6c73d6fc0c14c667,16,879,0.9930314885214022,0.13045644318496877
no.alt.fan.de-lillos,756e80ae6f3e9e74,1,280,0.9906585635845776,0.3803996405169405
no.alt.fan.de-lillos,79e27c803cb85644,7,868,0.9922898087121426,0.24061938021402857
no.alt.fan.de-lillos,841ca608c9c0fcd0,2,160,0.9590662144876096,0.24497557841378678
no.alt.fan.de-lillos,866529e1807487a1,1,117,0.9718351819116156,0.1945654959595728
no.alt.fan.de-lillos,8871bef9e926b2a2,14,601,0.9836750331266674,0.1925739234325625
no.alt.fan.de-lillos,92506643b8f915c6,2,300,0.9957030484943464,0.387644878671362
no.alt.fan.de-lillos,97e08e68d7203e12,27,1495,0.9941798227881486,0.36891825430097985
no.alt.fan.de-lillos,9f511c264cb09585,1,106,0.9054578217554416,0.27278240686172056
no.alt.fan.de-lillos,ac42dcd448571c24,3,224,0.9294572135156481,0.314432855337719
no.alt.fan.de-lillos,acf3336b72b84bbe,2,191,0.9900584995918426,0.19411103687816997
no.alt.fan.de-lillos,b513fe4ccb46386e,5,361,0.975255157636589,0.47471724299943524
no.alt.fan.de-lillos,c7e4958fbd9e1bfa,8,428,0.9877916509917811,0.24080288704772984
no.alt.fan.de-lillos,c99b2cd30aefa80d,7,764,0.9924030960813078,0.3116414029609458
no.alt.fan.de-lillos,d14d9631eaed5a66,3,127,0.9773564279446851,0.16135424319935665
no.alt.fan.de-lillos,d2e462ed4a2b3300,5,221,0.9836460834816015,0.3184606770866001
no.alt.fan.de-lillos,d3c3a343cdc3e3c8,9,492,0.9818145514124061,0.22589594645451883
no.alt.fan.de-lillos,e0dfbcbae4e1455e,13,878,0.9933974563156359,0.24299566595594002
no.alt.fan.de-lillos,e3f09223c9e53884,15,368,0.9775519534220852,0.3014426724855727
no.alt.fan.de-lillos,ed5323525574dcf0,10,490,0.9908696809642334,0.31963665186272533
no.alt.fan.de-lillos,f0be792ba501c48b,9,456,0.992738932616405,0.23086831129248836
no.alt.fan.de-lillos,f60033210f8b5671,13,706,0.9925254125561036,0.23921035873509133
no.alt.fan.de-lillos,f7d37261f5b1e495,7,591,0.939515794046284,0.28197477271305993
no.alt.fan.de-lillos,fd73843d09327150,8,393,0.9912139712402334,0.26169825712844724
no.alt.flame,0102ff71287a59d0,10,715,0.9978234212085033,0.15519601022582158
no.alt.flame,0422f3cfc244aed6,1,826,0.9969411041887497,0.3279728848684087
no.alt.flame,0831d6ad0d301f13,10,687,0.9925529316547573,0.17988139770969697
no.alt.flame,1c80248ab82cf6c7,7,552,0.9823588558733114,0.24330173126752075
no.alt.flame,1c86ccc86ec2b9d2,7,545,0.9845659906428927,0.3753220858572309
no.alt.flame,1f4b2aac8ebec55f,6,1017,0.993434876522074,0.3257477420452707
no.alt.flame,21b6211444ae58a4,16,870,0.9879157863088776,0.336957605205961
no.alt.flame,2a3f7df5dc22c21c,3,972,0.9901080822922055,0.23785817252778138
no.alt.flame,2a74e7669c6246f3,6,264,0.935526447642758,0.2557006480771313
no.alt.flame,33418359e34cfa1c,2,576,0.9894413589917463,0.2754371841583784
no.alt.flame,360ffeda7b73a74a,7,973,0.9944366139973952,0.3363133638270353
no.alt.flame,3cc17928421018bb,1,976,0.9976887381879989,0.31558769320482016
no.alt.flame,518bb4f4d1edec90,1,3098,0.9998421337230791,0.3547321827369856
no.alt.flame,5bd3841e977396a4,11,593,0.9831997419648536,0.24685669597057608
no.alt.flame,5f6de33cc7445608,4,931,0.9977480122795822,0.2568045048513648
no.alt.flame,644343d1bdd87fda,17,1262,0.9689160615222252,0.27512030158971684
no.alt.flame,6f44589c9cea81ba,2,1900,0.9989014723462596,0.16431697779293183
no.alt.flame,6fa80b585e3372a5,8,711,0.9864564163061103,0.34285364817138275
no.alt.flame,75ef926b64a74b3c,3,562,0.9960296967681405,0.3796921625037865
no.alt.flame,76bb5e004ccb9d22,15,945,0.9512672185034545,0.14454548532348402
no.alt.flame,81f877b3b0a76723,1,171,0.9753186257720432,0.33114823022578427
no.alt.flame,90d1bd3d31819311,5,874,0.9962039980249551,0.26534478402790634
no.alt.flame,99ef24d7d427a991,1,761,0.9989291096486559,0.347185650028509
no.alt.flame,a6815f274fd54ef3,8,840,0.9807832910842402,0.39591436183479406
no.alt.flame,af9c43009a4ad879,47,1898,0.9925769686602128,0.2364182966393306
no.alt.flame,b6b95f18b8a85e7d,41,3533,0.9910127980996908,0.3462595119995633
no.alt.flame,c42b4c0b5f38260e,9,769,0.981404907003403,0.3899676881679835
no.alt.flame,cbcbb5979a94d796,6,186,0.9440232534122893,0.34087700881155947
no.alt.flame,cc0a284fee517f38,11,757,0.9895587159878945,0.2680725522906578
no.alt.flame,cdc82a3229906c96,3,445,0.9944810901807518,0.2383379288520396
no.alt.flame,d0ecab7b72741de4,10,388,0.9800735668257772,0.24173069107646858
no.alt.flame,d1d5d522d01a15f6,13,647,0.9626808519756498,0.44246283509685724
no.alt.flame,d332a50376b71eb5,1,837,0.998144776609673,0.24092238380311562
no.alt.flame,d38eba4577261f4c,2,771,0.9953751827989284,0.25128978557090104
no.alt.flame,da4870131ac6e1ae,3,196,0.9883647640224438,0.2974029600728667
no.alt.flame,dfc32598aa716534,1,835,0.9988163496111393,0.26528895140352626
no.alt.flame,e2138fc2999050fe,3,314,0.9661651244668575,0.24685816742417716
no.alt.flame,e5c5ccf4a9c06582,5,332,0.9709684355342675,0.26333521122117737
no.alt.flame,ea6e2ec66c711ab1,4,342,0.9721528552571672,0.3678683437700159
no.alt.flame,f7313134f5eaae1c,1,788,0.998381376556517,0.1852222717460797
no.alt.flame,f7d302ae16701e25,1,1117,0.9995059498191657,0.17333927443332783
no.alt.flame,fd127c3d55b596c8,4,831,0.9988374948401075,0.2850946078634018
no.alt.gledesutbrudd,0122f16cdb4cdd77,17,896,0.979273542359744,0.21849903813122099
no.alt.gledesutbrudd,0bb51634841af5ad,5,438,0.9774561022490205,0.3049375564135912
no.alt.gledesutbrudd,16f9d2656801e42b,11,452,0.9487307734230346,0.3535941931920437
no.alt.gledesutbrudd,1d3ca22dc1ee3586,10,387,0.9631245335936116,0.36762113800333096
no.alt.gledesutbrudd,1d9aa90384a64c8a,32,1344,0.972990149105119,0.3889197551202577
no.alt.gledesutbrudd,20cf368fa9f1355d,2,245,0.9683858647190378,0.26410112605812985
no.alt.gledesutbrudd,27c98115a44fe7ee,17,753,0.9843413731645474,0.24328150550724126
no.alt.gledesutbrudd,304f73bd696eb515,4,230,0.9747159654323705,0.21065591661474828
no.alt.gledesutbrudd,3211c05b077c9bf0,4,214,0.9776349877503556,0.13828309914668702
no.alt.gledesutbrudd,3347bc91fd4056e2,19,762,0.963875081210041,0.2803942534347851
no.alt.gledesutbrudd,34792e203559ea6a,1,100,0.9810250147949537,0.21147332019761125
no.alt.gledesutbrudd,352c1c84245ac6cd,2,225,0.995226948164396,0.43761909911476804
no.alt.gledesutbrudd,3b672ee285a68f5d,8,462,0.9744407138804738,0.32345137058973206
no.alt.gledesutbrudd,3baece45b52c26be,3,225,0.9682508648893368,0.31018628136039195
no.alt.gledesutbrudd,42b2a0c390e1ff71,15,1224,0.9902339826574602,0.3813017439636697
no.alt.gledesutbrudd,4afd7ca44adfd902,6,162,0.9545023077977566,0.22147133332092322
no.alt.gledesutbrudd,4c3207cc40f4521e,3,292,0.9947487195642408,0.40223691122403177
no.alt.gledesutbrudd,4ed0877e68287597,3,186,0.9772606886279607,0.3134902264745697
no.alt.gledesutbrudd,500868304f03b242,7,318,0.9646135016336299,0.305938521122973
no.alt.gledesutbrudd,58c8d06bd813569d,5,503,0.881705140484578,0.39913312300636394
no.alt.gledesutbrudd,62e88d45f495b049,5,393,0.9744853481423621,0.31507466259311817
no.alt.gledesutbrudd,67e473182f9240e8,3,361,0.9645353067711968,0.2676008995148527
no.alt.gledesutbrudd,699646cfeeebcc41,1,38,0.9498506488658931,0.2703498992613432
no.alt.gledesutbrudd,699a8959baac89b8,3,256,0.9624133737664639,0.20633449414443428
no.alt.gledesutbrudd,708d7fc8f59835e5,4,252,0.940845716118853,0.2652522610967953
no.alt.gledesutbrudd,717610354c5c1746,15,458,0.9623786402680384,0.4184483745420202
no.alt.gledesutbrudd,79e43f8714b7bf00,7,386,0.9813905723057761,0.2096319508765511
no.alt.gledesutbrudd,8a96c0ca234839b4,4,284,0.9948378587121547,0.27414525285270486
no.alt.gledesutbrudd,8d0c2d1075a77196,15,508,0.974382662269538,0.2783700756776195
no.alt.gledesutbrudd,a308cc5686c8623c,2,275,0.9939617589784854,0.32156100349490563
no.alt.gledesutbrudd,b16181f8ead7ea1e,2,847,0.9979692615774449,0.3141054955007737
no.alt.gledesutbrudd,b505a786d7df7d7a,9,318,0.9447053586339274,0.41273797290584263
no.alt.gledesutbrudd,b780bebd2103bc42,8,333,0.9690290475335555,0.21494560671187332
no.alt.gledesutbrudd,b7a5d4dd07321fb1,2,254,0.9738634073717847,0.2673011824324314
no.alt.gledesutbrudd,bdf5d012d07d32ac,14,966,0.9838454368758484,0.24620918119698673
no.alt.gledesutbrudd,c0e49b02bc4bba8e,3,213,0.9839740483954161,0.2407924720270284
no.alt.gledesutbrudd,cf947ab4707c4a57,8,239,0.9069075452000942,0.22025015631258407
no.alt.gledesutbrudd,e1ca28001062dec4,2,121,0.9795611004803741,0.18658079746760686
no.alt.gledesutbrudd,e43765d03ba110c9,5,302,0.9905273051503887,0.27108181122646585
no.alt.gledesutbrudd,e7276fd2f5388c9a,8,798,0.9885000103733396,0.22900910539102182
no.alt.gledesutbrudd,ef9c8abf3646f2b5,5,139,0.9559395792212597,0.30982167460288407
no.alt.gledesutbrudd,f2ec777cf7a17763,3,215,0.9788329122259303,0.24175062387693264
no.alt.gledesutbrudd,fc63084e2c10c5c5,5,653,0.9929891786913428,0.31866299786874785
no.alt.god.jul,087d224adf143252,3,440,0.9835192693833608,0.32119022068695446
no.alt.god.jul,0da8dbafe2acd5dc,17,871,0.9944212597148154,0.215358225591621
no.alt.god.jul,0f02765e642d6799,3,292,0.9865158641557096,0.3555040957246771
no.alt.god.jul,110ab86ef0364e0c,2,97,0.9073651188625174,0.18323426322997505
no.alt.god.jul,19f1df6e0fa46fcf,3,4058,0.9996786253620024,0.18027523860587125
no.alt.god.jul,1be6068a5fa8511f,7,554,0.9924592163884528,0.28648993990844807
no.alt.god.jul,26679b051c45ef93,1,25,0.9546938328622834,0.24737621133292523
no.alt.god.jul,2d5637eee37377c0,10,738,0.9867097543313521,0.26569793483962817
no.alt.god.jul,36caf2d8682d42a9,10,636,0.8809402746133922,0.18794267117795047
no.alt.god.jul,435744c1656a38af,6,474,0.9687384054583518,0.352317655320168
no.alt.god.jul,44853256ba8f0298,13,769,0.9869107099486004,0.3275824432114864
no.alt.god.jul,45c6e1d42b8473d0,2,169,0.9607469965464585,0.44884202390249744
no.alt.god.jul,46dc95541fcbc852,3,320,0.9913080592766302,0.15045049354512646
no.alt.god.jul,49e07ec485aaf3d3,8,229,0.9335572513051621,0.40189433704156735
no.alt.god.jul,51407be80d0e602f,1,231,0.9954395475727404,0.16675759956587363
no.alt.god.jul,51525208234b9075,30,1600,0.9617890044610361,0.37361277448632996
no.alt.god.jul,5ee7271c07446aa7,5,140,0.9884423669118695,0.28672959360390315
no.alt.god.jul,669d00c262aee58c,33,1574,0.971786685701266,0.2645565737835086
no.alt.god.jul,6999863390e2e2b8,1,3828,0.9997773732888854,0.20147774535316976
no.alt.god.jul,6c07477268990009,2,174,0.9901867512448727,0.20845977657306797
no.alt.god.jul,6c4069b9f6b6f598,2,85,0.979643315118685,0.155335106330797
no.alt.god.jul,73d6ce4a2a2400a7,5,348,0.9325523094445558,0.31518972799548317
no.alt.god.jul,8bcede8abe53816b,8,615,0.9856942962123255,0.38083299515072155
no.alt.god.jul,90d266461d2bdf63,3,370,0.986571208693672,0.4769961007979294
no.alt.god.jul,91cbb304c01c0696,6,575,0.9414066176909028,0.24577648022428097
no.alt.god.jul,94ff7fcbe1ffa539,9,1349,0.9935289196984002,0.27106929824900833
no.alt.god.jul,9616cd74a37015f5,4,127,0.929258865129117,0.3199367037353109
no.alt.god.jul,9621af0c2407b99d,6,428,0.9937462319891072,0.4527778743842449
no.alt.god.jul,a3c96e58c027aeea,10,526,0.9835147315108301,0.4187492458582981
no.alt.god.jul,a5c94254c22d11ff,14,1054,0.9978874993319882,0.13263656464424473
no.alt.god.jul,a71eb62dd9a44269,2,142,0.9621201325886998,0.43886203089780135
no.alt.god.jul,a86c26b5441b436e,11,617,0.9911116780027237,0.19846467539670082
no.alt.god.jul,abc8210462ee544f,2,68,0.9014691977020477,0.21460794981214443
no.alt.god.jul,ac942e5bc056a281,6,345,0.8884483360870141,0.37716662551001323
no.alt.god.jul,b56c07d6de49ea3a,1,197,0.9994352786287685,0.2770060679494979
no.alt.god.jul,bac89cf4b7d3cf4e,25,1585,0.9872578442797313,0.28975432388962447
no.alt.god.jul,c218e207500784ee,3,113,0.9169413891709243,0.34171120543925176
no.alt.god.jul,dd0705b37a9e75f2,15,723,0.9394406654046318,0.25438397262951795
no.alt.god.jul,e0e729cfc13e1822,2,93,0.8722964205690894,0.2862026714833432
no.alt.god.jul,e718b2561694b482,5,232,0.9788173484505812,0.12813684905779515
no.alt.god.jul,fc124bf51b2d62a4,32,1901,0.9892781190576405,0.25898936002271294
no.alt.god.jul,fe49ced036414a01,10,536,0.9872933477444128,0.3290668199250751
no.alt.god.jul,feaec9c0360a1f73,2,382,0.9928463123002442,0.19079738328563392
no.alt.irc-treff,00c471ae1e7833c0,4,130,0.9062254293799619,0.24561425692870692
no.alt.irc-treff,0f755b5841364939,25,1350,0.9786390168741294,0.2653281779402099
no.alt.irc-treff,1617f4e8b0b039fb,5,630,0.9943807304905586,0.3527684837654815
no.alt.irc-treff,2244dd244688d80a,4,412,0.9329733386063823,0.2814047013189416
no.alt.irc-treff,24a5823ef714b00c,12,612,0.9874388721423771,0.2776601062011738
no.alt.irc-treff,27c3a8d12ba62d31,4,386,0.9848576365706553,0.31180156992887675
no.alt.irc-treff,2bfaa4d8392944f6,8,652,0.9897765633908541,0.2481220005558688
no.alt.irc-treff,3bb81bcc9e9c75b1,7,595,0.9832758075815864,0.3815523787570066
no.alt.irc-treff,3fc525dc9ff22e29,5,276,0.938875570532614,0.3198438506490463
no.alt.irc-treff,413e526a3518b94b,6,769,0.9952961279305091,0.1816635630752381
no.alt.irc-treff,4182376b4e5f9a6d,7,428,0.9787320818021881,0.28531013717065057
no.alt.irc-treff,438eb1f2bbaf6e66,2,236,0.9850936786743931,0.37983904159305837
no.alt.irc-treff,4cc29fb33585c157,3,478,0.9857055242461157,0.24620825954638323
no.alt.irc-treff,4d2847352c7bfedb,18,757,0.9740471585743058,0.3062044813606687
no.alt.irc-treff,53b4215bcfbbb1bc,4,253,0.9924625204478258,0.21479023601879693
no.alt.irc-treff,64a8b3634cda249b,25,1229,0.9732306752614931,0.42320282468314246
no.alt.irc-treff,67c99c460a31c20b,3,381,0.9952412234519669,0.15037856479003242
no.alt.irc-treff,6c94549ab76d3ef0,7,408,0.9807755785779505,0.2603928014972099
no.alt.irc-treff,6ca4c42259e8c331,22,940,0.98569394959058,0.32395488642953046
no.alt.irc-treff,762c0205939a7edd,6,344,0.9833813710189311,0.2451348519452961
no.alt.irc-treff,8b0105467f19c0cf,7,553,0.9627071463790108,0.28581816767111656
no.alt.irc-treff,8b5a169d7d35edf0,10,500,0.9563748206107889,0.2655126912812311
no.alt.irc-treff,8efdf3cd64ef2f8b,19,747,0.9822790867786184,0.45246774922180344
no.alt.irc-treff,94c28ac689cc9c3e,2,246,0.9519182047766099,0.4169029922479658
no.alt.irc-treff,94d0a91bff582085,23,919,0.9828693400613772,0.16436377364583427
no.alt.irc-treff,96a754f913eb4053,4,295,0.9507410977235577,0.17593841866808607
no.alt.irc-treff,a3f908e170730469,12,704,0.9834182951115383,0.1960844526619503
no.alt.irc-treff,a8875b16573fc877,5,539,0.9864503989464853,0.34602939413742434
no.alt.irc-treff,ab197305005349da,4,490,0.9932740788977602,0.20435185866899588
no.alt.irc-treff,aef81d56fa2720e8,6,726,0.9784230990809106,0.3451047589710413
no.alt.irc-treff,b12e861966e0a042,5,480,0.9897085651158618,0.37226430721934317
no.alt.irc-treff,b171107832a28b73,2,223,0.9988798251541151,0.34890542540593183
no.alt.irc-treff,ca7f48ca9e2207e7,11,790,0.9930916109450211,0.19606399922683804
no.alt.irc-treff,cae289678c1ed881,1,614,0.9993068615484852,0.4037949397680219
no.alt.irc-treff,cfd1d4579594c212,7,124,0.9158247864435484,0.37034238614397397
no.alt.irc-treff,d42394f0c60c5a7a,3,353,0.9604163431149079,0.25321739462246057
no.alt.irc-treff,df102b6cc237743c,7,466,0.991616871737602,0.1760945338483168
no.alt.irc-treff,e5e1424a1392367f,1,763,0.9980769546488586,0.3061912947749733
no.alt.irc-treff,e9ecf6d80d6bda40,4,561,0.9618685282127291,0.24626976839675807
no.alt.irc-treff,ea011b94070eb606,4,357,0.9765701548086572,0.27650264879613135
no.alt.irc-treff,f6b7bf9d05586525,3,427,0.9913426641229848,0.32474673448695046
no.alt.irc-treff,f7552329cf2352dd,3,435,0.9740672294393272,0.22398679810751998
no.alt.katter,084b074e0d5ea61c,3,517,0.9921828173425599,0.23045914043859317
no.alt.katter,188d7cc715baba6c,20,1082,0.9506405519620584,0.22620123657760516
no.alt.katter,1fb619c11aa88f1a,12,873,0.9528520712239145,0.24317292044023564
no.alt.katter,2026bf257b44628e,2,214,0.9906773689349769,0.26879719227653726
no.alt.katter,21dd04872a7f3b5c,28,1322,0.9452279262995726,0.1908246668966262
no.alt.katter,225529a548aaf03c,17,799,0.9356930724220361,0.1593771358690414
no.alt.katter,25a6d7c2bbec0bcf,10,506,0.9084383861630315,0.23158700473944216
no.alt.katter,2a67b8c747cdd7dc,7,278,0.9389201565582749,0.2640664525800166
no.alt.katter,2a842819052973a6,19,1212,0.9805748387878354,0.28579828340538566
no.alt.katter,300ee7b14110ebab,2,158,0.9767800638615183,0.2565252142276622
no.alt.katter,40d729e895772967,4,280,0.9710330593280839,0.2990135588222596
no.alt.katter,425316131c8a1ba2,15,788,0.986872412764326,0.2880681588160543
no.alt.katter,49a98f70157e5468,9,521,0.9725396243246002,0.2734662547239717
no.alt.katter,4fa9a96da646bf77,7,826,0.9771905466479632,0.34230142546350084
no.alt.katter,567b26736f61d9e8,24,1052,0.9754074437181298,0.24511738044392536
no.alt.katter,5fbf391b48da8012,22,889,0.9395753350712657,0.22846493570245352
no.alt.katter,717e11e7877712ee,20,734,0.9674165467896607,0.2204807137484623
no.alt.katter,73cf1bd49c27a62d,7,702,0.9822592174706635,0.30185879643732866
no.alt.katter,78a5357189ef3fdb,5,657,0.9945090326889275,0.24730264054685644
no.alt.katter,8ba411896967a125,9,472,0.9789176135406803,0.1888961472242657
no.alt.katter,8ccf6948d2421066,9,631,0.9928933270281148,0.22061401071684264
no.alt.katter,9302f9e690defcc7,1,144,0.998701173406698,0.30393221154037714
no.alt.katter,99024f0699e69fba,8,371,0.9808640889376279,0.31025351791231437
no.alt.katter,9a46d67f6be35e4b,15,701,0.9815305141059234,0.2987936049283076
no.alt.katter,9b13d17ba13038f7,6,261,0.9752950345725084,0.3353410209420981
no.alt.katter,9d026e672a7ca2cc,16,949,0.9773719967296758,0.17828624654712624
no.alt.katter,b22fc583e275c1bb,9,704,0.9929010770737308,0.3046776161208221
no.alt.katter,b52e244bfa6c4124,10,653,0.9900352035761542,0.21543039597447394
no.alt.katter,be7713de14a467f9,12,528,0.9800807931381672,0.39209959196966
no.alt.katter,c346c42d2000047f,5,354,0.9919026495041057,0.2284822416172104
no.alt.katter,caa7e925b4711b17,8,616,0.9786947020675856,0.3515537802902252
no.alt.katter,cbca43e7c38092aa,38,1469,0.9778734928052607,0.17754791058236846
no.alt.katter,cf1b8e0680fe2044,12,732,0.9911582123729621,0.2547962459045757
no.alt.katter,d07440cf93db877f,9,532,0.9687311494415083,0.2491328608923631
no.alt.katter,d720a460636c4707,22,1187,0.9825110671206158,0.17807730572931812
no.alt.katter,de4dfb445b12f3e0,26,1024,0.9865794417713664,0.3394087309656972
no.alt.katter,e60dc81a0ed6a009,25,943,0.9546148488450349,0.2272657719283421
no.alt.katter,e75199bfa08bfd77,7,242,0.9194578675926329,0.3625958673298086
no.alt.katter,f2e1deacbbbe7bd1,27,1208,0.9787330616509848,0.22416711205549703
no.alt.katter,f76dd56082973b58,10,468,0.9903017347372429,0.24981737993833472
no.alt.katter,fbd0d2b5a0efb097,3,276,0.9981204863978911,0.25367328014672014
no.alt.katter,ffbd442d7ab0e530,2,338,0.9988085341853575,0.2551306849551752
no.alt.mat,02427d0317be4df7,3,375,0.9868842535768391,0.23618861227334884
no.alt.mat,07b84dad5620eb9d,7,326,0.9402116737908975,0.15667674446717708
no.alt.mat,09aa9c3d11511192,1,255,0.9834487038937875,0.15007651436147615
no.alt.mat,10a16489132d26bb,57,4834,0.9944826672931353,0.22241937913073004
no.alt.mat,17991e55e3745893,10,567,0.9133206319110232,0.23360984841032367
no.alt.mat,1b00718ec7333f4d,12,1135,0.9105170463856654,0.18972005828296773
no.alt.mat,22fb34eda3653582,8,1032,0.9746433989801074,0.2631614646449239
no.alt.mat,258547e8213f5403,28,1009,0.9671093818465678,0.19596273502926426
no.alt.mat,26c31ca59adbf1e4,10,733,0.9848706424785751,0.3537203321579224
no.alt.mat,2e53388c83ca9e18,16,1021,0.9906766827808108,0.21727740671764412
no.alt.mat,31c8f983b1e423eb,7,726,0.9818994045208052,0.2323491710093355
no.alt.mat,36a3c840e3db11a2,7,369,0.9805860368446434,0.34602568754114227
no.alt.mat,3baff65c2c6ec1d8,5,144,0.934818537454903,0.1413179794461227
no.alt.mat,40b1d4c214df97b0,22,637,0.9109246121053786,0.20350272675589762
no.alt.mat,438e72d86298c983,3,458,0.9913260954621594,0.44131685655750896
no.alt.mat,4bbc636ce850c000,6,136,0.9503121199907495,0.20389926165545016
no.alt.mat,4cf39dac7932ef3e,46,2638,0.9905317372850675,0.26835646718418005
no.alt.mat,553577fcb7692324,6,144,0.9150976222807586,0.1788897680398898
no.alt.mat,58cfe8c6f1d31ded,22,798,0.9277854514891732,0.2773256274511855
no.alt.mat,60556761cb0361c5,14,996,0.9904236539777875,0.278528375820287
no.alt.mat,63e603213e96fbb9,7,319,0.9444256497134241,0.25066964649876106
no.alt.mat,6deaba117fcb0372,12,501,0.9197347655296664,0.27726407493640975
no.alt.mat,71c291a98a131e18,23,857,0.9719645280683858,0.25242395572270804
no.alt.mat,76044c410d15a259,10,656,0.990422967200913,0.2852877515413497
no.alt.mat,789a2137b6cea97b,2,241,0.9896756556196847,0.23147958731376433
no.alt.mat,845a6a3c134ba78b,7,447,0.9664637193266548,0.32062072056786584
no.alt.mat,87c6e193896b447d,8,638,0.9800741729750274,0.16620674491173743
no.alt.mat,99c2d83f7c0da10b,7,756,0.981632187004655,0.15814019691807346
no.alt.mat,a2c1051a952bcc87,2,6607,0.9988103646267903,0.2616523729896115
no.alt.mat,a8952f179592aaab,10,837,0.9939227008465711,0.18701368525076656
no.alt.mat,aa1a1147c04db98c,12,892,0.9858096993306935,0.2708692718708382
no.alt.mat,aaeed5475c3378c6,24,1034,0.9561194335253178,0.2618826256814895
no.alt.mat,b343beb1c2eeddf8,12,1179,0.9954411257921676,0.16783353667963372
no.alt.mat,bd1eeb990c94d1f5,14,690,0.9805402627174165,0.22100292999941562
no.alt.mat,c6dba92a024f6294,18,838,0.9280768091073924,0.09770822805649484
no.alt.mat,d24d6f8293ec09c5,8,449,0.9867246614486278,0.2927633217541354
no.alt.mat,d3cf2871f564d50b,1,46,0.9771612522802571,0.2467284257274786
no.alt.mat,d3eeac3f39d6c472,9,709,0.9921064253182633,0.30309549012163506
no.alt.mat,dd364f907c189061,12,702,0.9660012623325633,0.41131203425309154
no.alt.mat,e60896fd3912c29f,1,315,0.9841302306491384,0.30137027431998614
no.alt.mat,e8d8d81a5b8f3408,1,79,0.9737048806565456,0.32354723760475806
no.alt.mat,f837cf4be4e34b84,9,533,0.9750361524404265,0.34920450589841234
no.alt.mat.drikke,0006067b68748e68,4,569,0.9975768576048777,0.2605042050962308
no.alt.mat.drikke,108d323d8e6b6206,23,2928,0.9815596460450431,0.30150142125860085
no.alt.mat.drikke,18e410b72152699c,7,174,0.8972760250266876,0.19124116157731905
no.alt.mat.drikke,22802c80f9b2fa1e,9,583,0.9921447482103095,0.15419759120129567
no.alt.mat.drikke,2d9272fcc573e891,6,545,0.9922969174625501,0.24893009273287506
no.alt.mat.drikke,377351fe19301ae9,3,217,0.9863121400188063,0.21232769795979867
no.alt.mat.drikke,3c563397847a9544,1,109,0.9856563121462427,0.19124802144727818
no.alt.mat.drikke,483e7486d0e8d680,1,99,0.9948322518243299,0.15575883624477313
no.alt.mat.drikke,529f4cac39415bc7,13,654,0.9894728446561233,0.2740678431785224
no.alt.mat.drikke,58eded2408c05bea,8,778,0.9936351209451415,0.2358397116283445
no.alt.mat.drikke,6659553ff75c7574,8,2518,0.9972863595347968,0.13185606302731376
no.alt.mat.drikke,66a9fecf24ad3d23,12,532,0.9720293107326303,0.35436756167688266
no.alt.mat.drikke,67e33d3151c10a1e,7,279,0.8557555405945513,0.5333655663115852
no.alt.mat.drikke,68a1b164e791ea00,10,386,0.9742182254603445,0.27712455905226857
no.alt.mat.drikke,6b46ad7a8de39251,18,851,0.992814500184332,0.2822128536766056
no.alt.mat.drikke,71ba46a54b607c71,23,1701,0.9516121866251246,0.1873229405398727
no.alt.mat.drikke,76d8d36cd8e8a02b,2,203,0.9902244954896602,0.41400795918827715
no.alt.mat.drikke,7a108c0edc5063d1,11,440,0.9077579959445642,0.26006734178860186
no.alt.mat.drikke,7b50e96d660b6c0e,9,251,0.978947792980172,0.24685087574870396
no.alt.mat.drikke,7c0b001f6d6fd137,11,626,0.9874169124852646,0.22179707367245063
no.alt.mat.drikke,82f4987a71342390,5,323,0.9894657612797401,0.35056880120776496
no.alt.mat.drikke,955b77ee937074b7,6,714,0.9864447928142002,0.1999854562181659
no.alt.mat.drikke,987aa0ff5cc77bbc,9,837,0.9909967753672471,0.32524453338246445
no.alt.mat.drikke,aab3b92263b5a098,2,249,0.9761264146817726,0.21340782013544224
no.alt.mat.drikke,ada13463f2aa7e14,9,644,0.9511868754674462,0.27584995228805204
no.alt.mat.drikke,af25a4cec7f74987,7,172,0.8828904057494034,0.334910955487979
no.alt.mat.drikke,b2d28d81912f410d,6,223,0.9731129467013583,0.35430744171512013
no.alt.mat.drikke,b5a5e02ab022eece,8,1094,0.9916527210644704,0.24741141617728687
no.alt.mat.drikke,b93c007b1079a4ac,3,173,0.9857913393798994,0.3062959796064876
no.alt.mat.drikke,be55122ba9dec01d,14,564,0.9878142461744853,0.2507787377097156
no.alt.mat.drikke,c9e953c33c6c91e0,4,139,0.9373572411209173,0.268905640210158
no.alt.mat.drikke,cce6f98c00b34cb8,4,156,0.9834125081217104,0.5062770887057448
no.alt.mat.drikke,d61c7d9a3557199c,19,1977,0.99634735066693,0.17079803760677736
no.alt.mat.drikke,daa9893db4fdbbc9,4,339,0.9892426740131018,0.34123283375394936
no.alt.mat.drikke,df8bb4ec4d8d8619,2,245,0.9951758849856651,0.37326803728434316
no.alt.mat.drikke,e09e0b6b0f3aa430,4,640,0.9908125330140739,0.1334619125677882
no.alt.mat.drikke,e1af37e2699b0597,3,299,0.9918972457393372,0.2876132172332241
no.alt.mat.drikke,eeb9e733e7fb8827,8,385,0.9141849697434704,0.13362140671885678
no.alt.mat.drikke,f149400165b7fe98,12,556,0.9652140817420704,0.3105243944111557
no.alt.mat.drikke,f3175d8ce4726134,6,454,0.9912112852789094,0.31497952307214977
no.alt.mat.drikke,f4383c50eab3dbb5,8,485,0.9851392262387617,0.13311707750725296
no.alt.mat.drikke,f84a9c163a75db57,7,199,0.818195479068227,0.2924511862077808
no.alt.pompel-og-pilt,05b081f676f43fca,1,312,0.9967096428187001,0.4306210854136607
no.alt.pompel-og-pilt,09fcf878cfe1236e,17,1259,0.9801396941542939,0.3328011207283811
no.alt.pompel-og-pilt,0edda23f76963032,8,325,0.9572137768415719,0.3375598492301576
no.alt.pompel-og-pilt,133d714a353ba4b1,1,226,0.9962603437029295,0.28763193641876345
no.alt.pompel-og-pilt,149376745c8c6ee1,6,2410,0.9910138099549473,0.3782018651764352
no.alt.pompel-og-pilt,1e6da9f2623d077f,7,483,0.9863440670955254,0.2085993984668175
no.alt.pompel-og-pilt,1f3f26f72307e11b,10,416,0.951460053256622,0.2586581097027172
no.alt.pompel-og-pilt,2506ccddb4d64c26,1,417,0.9862655958519407,0.3734989616972434
no.alt.pompel-og-pilt,2563d64631ff2f79,13,660,0.9765438613304892,0.35972118426047334
no.alt.pompel-og-pilt,2f29b907a9aaa208,5,343,0.9635101147515436,0.2742082850112921
no.alt.pompel-og-pilt,353366f1d7dfbf5e,5,182,0.9846059134612754,0.33644592765348796
no.alt.pompel-og-pilt,3b1f6cbe53055057,1,337,0.9991475827586099,0.2377905512297126
no.alt.pompel-og-pilt,3bcafa173972b2fb,8,296,0.9757412426486742,0.3163647753315493
no.alt.pompel-og-pilt,3c1d1f8b67e8380f,1,973,0.9991260535089613,0.2620168042390159
no.alt.pompel-og-pilt,4566f4007ce990e0,6,411,0.9858836856706813,0.21051763527159995
no.alt.pompel-og-pilt,4e085e563fefaf24,6,301,0.9604526440181486,0.34305823421805404
no.alt.pompel-og-pilt,4e5165081f2695be,2,631,0.9818060639187597,0.321946639738101
no.alt.pompel-og-pilt,5ef4f3b267446c53,4,153,0.9223839845860288,0.36506449106254996
no.alt.pompel-og-pilt,6220481a4e43e148,4,263,0.9807576135012225,0.4042284780261749
no.alt.pompel-og-pilt,62562b6cfabbf58b,4,2290,0.9946486003485758,0.22089943958134814
no.alt.pompel-og-pilt,65de5a8ab75a9e91,7,419,0.9838646035338328,0.36552214089053
no.alt.pompel-og-pilt,686434bd8876f77b,1,739,0.9913665087871487,0.2677204006360999
no.alt.pompel-og-pilt,6a02a28c628f0e82,9,392,0.9409421124080458,0.24768444361950087
no.alt.pompel-og-pilt,77e461bb4f043ddf,1,626,0.9975515702352272,0.33121534065873365
no.alt.pompel-og-pilt,8652b4f477aeab24,3,319,0.9897698200353411,0.2748259136371372
no.alt.pompel-og-pilt,868831efd717ad5e,5,381,0.9342952541757352,0.28031230176952543
no.alt.pompel-og-pilt,91047a8234eaf5b9,8,503,0.9796701093356016,0.3931396536419885
no.alt.pompel-og-pilt,9911968a47a96563,9,251,0.9112811935755937,0.3814093549130565
no.alt.pompel-og-pilt,9ccdb474226bce22,1,542,0.9968438513846756,0.41310608325139514
no.alt.pompel-og-pilt,9fe37347880258f7,16,507,0.9575020010471428,0.30551072455086536
no.alt.pompel-og-pilt,a8b4e72a39c463e3,20,1005,0.9774733948981961,0.3042984921110593
no.alt.pompel-og-pilt,b07579b40dc70022,1,78,0.987055355546016,0.35107829582711375
no.alt.pompel-og-pilt,b4f53bd5c2903803,8,707,0.9942133096147628,0.2747880093066575
no.alt.pompel-og-pilt,bc69d0cd66d5a988,8,918,0.9966625988353152,0.21538328680620125
no.alt.pompel-og-pilt,ce5f002c5a6ea35e,4,133,0.9896453258452185,0.14853952928397016
no.alt.pompel-og-pilt,cf84b76868ae6a58,8,687,0.9922146697828059,0.2196308000422196
no.alt.pompel-og-pilt,d051bf59b7667692,17,580,0.977398447587755,0.28632498496105113
no.alt.pompel-og-pilt,d925b62578f0a449,1,259,0.9987878167683945,0.2949803322617362
no.alt.pompel-og-pilt,d9e2df6fb7cf6f73,3,300,0.9948822538218512,0.42804093819913536
no.alt.pompel-og-pilt,de8520f5aad296b6,2,907,0.9978371500914552,0.4288595046654786
no.alt.pompel-og-pilt,f1d483a3b6f2dfac,3,99,0.9855752091117711,0.18445601752224772
no.alt.pompel-og-pilt,fe1f2c24224fa465,2,122,0.9394661452525255,0.3034733053778127
no.alt.radio-tv.irma-1000,0021303bfff657db,20,1042,0.9703672886831756,0.3592562583316313
no.alt.radio-tv.irma-1000,009c802fc7b5bccf,1,99,0.9981400553315587,0.26298668142588727
no.alt.radio-tv.irma-1000,02285518f8a85d0b,2,298,0.9924183556129889,0.24862520598041093
no.alt.radio-tv.irma-1000,0305f3850732ed66,6,490,0.9915457715091353,0.21685660970190915
no.alt.radio-tv.irma-1000,0315c396a859227c,4,307,0.9754807447161878,0.27575084842841396
no.alt.radio-tv.irma-1000,059b58e955b3348b,6,181,0.9773683206825517,0.28776156478854165
no.alt.radio-tv.irma-1000,08a989bd379c0b7e,2,85,0.9657936614816903,0.17525469876845934
no.alt.radio-tv.irma-1000,120cf38f184e64b6,1,328,0.9986164584767452,0.21575843100255968
no.alt.radio-tv.irma-1000,13308159ea0c4a0c,4,296,0.9663662811461649,0.24815249752961233
no.alt.radio-tv.irma-1000,257cd409a957a1ec,1,152,0.988047924641578,0.3178509287500149
no.alt.radio-tv.irma-1000,26a1f9721a132192,2,57,0.9489278123127259,0.45986066300649037
no.alt.radio-tv.irma-1000,362d85732f50c4af,24,978,0.9815889213103851,0.4333473978225724
no.alt.radio-tv.irma-1000,3d8c1d955bf9c2d8,3,220,0.9897980713297705,0.3148672012155669
no.alt.radio-tv.irma-1000,3f2e036d1ebb19bb,8,334,0.9720519683082455,0.2687163021557861
no.alt.radio-tv.irma-1000,4350ab76a830abd0,9,724,0.9834905165489723,0.27731541748510585
no.alt.radio-tv.irma-1000,5487a10e74e0e204,16,735,0.9830149400989452,0.2710992994877456
no.alt.radio-tv.irma-1000,72be098b1fa9b713,18,910,0.9776118373523369,0.318161340044477
no.alt.radio-tv.irma-1000,795a961ac3b8982f,7,265,0.9942731102854634,0.2934965695919939
no.alt.radio-tv.irma-1000,8b14ee20e212a8c1,5,213,0.9679550024800807,0.30936713851675995
no.alt.radio-tv.irma-1000,8c506d7cc5b7bc5b,6,132,0.9153149614568267,0.3284436879012761
no.alt.radio-tv.irma-1000,94060c21002a03ff,17,805,0.9708903722037285,0.31824514723562003
no.alt.radio-tv.irma-1000,9c1942f829b07e9e,2,488,0.9955573197966741,0.3034983752633126
no.alt.radio-tv.irma-1000,a10a4c730c7185ce,23,965,0.9720152589243891,0.36906637535973663
no.alt.radio-tv.irma-1000,a70d31e18a1ce0e5,10,529,0.988746372585515,0.3100904376314146
no.alt.radio-tv.irma-1000,acf175c59c835f45,1,242,0.9971284225625675,0.265442943353556
no.alt.radio-tv.irma-1000,afc55b475e19362f,10,629,0.9801245641233597,0.3421405321408376
no.alt.radio-tv.irma-1000,b33d7caad8281f6d,21,805,0.9752280722204844,0.23308327427920464
no.alt.radio-tv.irma-1000,b5c708287a42f541,15,519,0.9737228553498637,0.29369754218525085
no.alt.radio-tv.irma-1000,c4a35e34dbec27f7,1,85,0.9966956612999205,0.19421996871291025
no.alt.radio-tv.irma-1000,c5000d27a9606db2,9,689,0.9881248678255327,0.3678815406014314
no.alt.radio-tv.irma-1000,cab442207eb918f3,4,555,0.9842376140074502,0.1886856237791413
no.alt.radio-tv.irma-1000,d13dd767447deb64,3,242,0.9882972476082162,0.5010183801423886
no.alt.radio-tv.irma-1000,d3192df2ddccfecb,12,1641,0.9768135573097964,0.1264335071356056
no.alt.radio-tv.irma-1000,d42f48a70b34be39,8,539,0.9925250746416725,0.20460570704426456
no.alt.radio-tv.irma-1000,d6dd6f900e4b927a,3,126,0.9874196728544574,0.2790358637823887
no.alt.radio-tv.irma-1000,dd81798c856908b0,8,612,0.9878064545716945,0.314122324219979
no.alt.radio-tv.irma-1000,e04136274e32d8dc,3,300,0.9952901755446891,0.3056919440480951
no.alt.radio-tv.irma-1000,e5d7c04491323dac,27,938,0.9618433510258407,0.37358881340184025
no.alt.radio-tv.irma-1000,e66217116298f2cf,19,1228,0.9822229770178316,0.3302739961647554
no.alt.radio-tv.irma-1000,ed90ba3051997c68,3,336,0.9936650955859427,0.2894862556479061
no.alt.radio-tv.irma-1000,f44c95c8c6b4f04f,4,526,0.9866203780893277,0.24348957403595936
no.alt.radio-tv.irma-1000,f706f1100bf016e4,2,82,0.965463990549451,0.3053259161962755
no.alt.sjokolade,01b7934fcf4e655d,2,221,0.9967407849643907,0.26287410778426307
no.alt.sjokolade,0241d31655ad3daa,8,481,0.988568932552483,0.3528025497267627
no.alt.sjokolade,0815c4ca3c3722f7,5,809,0.9963602719964281,0.3330331504752269
no.alt.sjokolade,0891aa9e2c327fda,12,902,0.9629853556214952,0.24940841992731205
no.alt.sjokolade,1443f4f7273efed4,39,815,0.9629263803209027,0.3348756304429141
no.alt.sjokolade,17203503d31a854a,8,385,0.9936743017371591,0.1975465022606537
no.alt.sjokolade,1d6bb1d4e0fc5aec,14,591,0.943199314272256,0.3406027859428221
no.alt.sjokolade,20a431a2d8ef466c,7,453,0.9921014626066047,0.4084522985795219
no.alt.sjokolade,2f75dec927bbd20d,8,554,0.9900697940817899,0.27464012532304466
no.alt.sjokolade,32407837236a56bd,5,163,0.9723452891607778,0.21922172541387022
no.alt.sjokolade,39eb710e01204457,3,347,0.9958146313338719,0.2508921478424293
no.alt.sjokolade,434514947f45ef0b,12,645,0.9889354077985716,0.30764239781771363
no.alt.sjokolade,46c987337901c4b9,1,521,0.9990661937173405,0.23282537103134768
no.alt.sjokolade,4886e27d269055a5,11,762,0.9759761678575776,0.24405903686056107
no.alt.sjokolade,494021e032272aa2,3,147,0.9816819386463654,0.2501337897413983
no.alt.sjokolade,4cb4c4d976b883d1,7,348,0.9903011704809626,0.2245924075316246
no.alt.sjokolade,4d59f2de9ba76805,14,787,0.9879639634217232,0.25809871200744383
no.alt.sjokolade,539791e632708d95,1,150,0.9871581793300565,0.19873642334628852
no.alt.sjokolade,643676e9adf5311e,15,669,0.9639620814760494,0.2591355643086715
no.alt.sjokolade,6e7025a80d084447,18,788,0.9889677280624134,0.27260610873961044
no.alt.sjokolade,71de5aaa52844aa0,41,1794,0.9841632022612142,0.36270217091188217
no.alt.sjokolade,72c2ccc9550da111,2,348,0.9964743604089428,0.20659250541935534
no.alt.sjokolade,7c750de76c18d853,4,134,0.9055176384295321,0.3355823827847289
no.alt.sjokolade,7f58db9fb5d1a199,16,671,0.984467261198051,0.27013794658160517
no.alt.sjokolade,81901235205853fb,4,424,0.9984428051204948,0.16301868186290053
no.alt.sjokolade,8a5c95257dfe6322,7,306,0.9605316662503856,0.32724561404943464
no.alt.sjokolade,95fde9eed902d67d,2,120,0.9733681326504634,0.34730662625004316
no.alt.sjokolade,9630f96e28555c07,5,186,0.9758954650489576,0.2630085281079468
no.alt.sjokolade,99479922954d5c51,6,398,0.9873473634166163,0.24829026379126062
no.alt.sjokolade,9956b9d78a570d09,9,486,0.9850588446088542,0.25843470284651693
no.alt.sjokolade,b1e8577acb2369cc,4,488,0.9919230366599157,0.270918510645953
no.alt.sjokolade,b23c33106d5c4022,10,484,0.928699298680217,0.2231605406424558
no.alt.sjokolade,b41778c3af915545,8,364,0.990283209750927,0.22391642252735874
no.alt.sjokolade,ca1b8020d5bc03f8,7,400,0.9891754303608921,0.29943914544858974
no.alt.sjokolade,cd6835e46a017a86,9,915,0.9929815870648201,0.21734871704156727
no.alt.sjokolade,d5b7234a07e6b6f3,4,329,0.9776081085409719,0.4049321327028106
no.alt.sjokolade,d8634346917ab1b3,2,183,0.9826578465482798,0.2071153400650852
no.alt.sjokolade,dcabd7efb0d9d9ee,1,26,0.9456939906820948,0.41497031316285066
no.alt.sjokolade,e3751e65699e30f5,13,855,0.9904233342832592,0.30575793043217886
no.alt.sjokolade,e4731d13ee07d736,43,1704,0.9669389924136769,0.24704596613820393
no.alt.sjokolade,ea8b00522848ed3f,5,617,0.997620796726908,0.23331543950104844
no.alt.sjokolade,f1d348633eed09b8,17,1043,0.9939893426798754,0.2855776117292234
no.alt.tegneserier,06c7541cb16029c8,1,241,0.9789227451737853,0.3430026984635028
no.alt.tegneserier,16dccf894f1ffc50,3,271,0.9772826091752317,0.4019677968268248
no.alt.tegneserier,19cd2e445a6996ba,3,235,0.9902872046636866,0.1918101945242689
no.alt.tegneserier,25d27d498eec6a50,7,637,0.9891580492574849,0.4441727240037597
no.alt.tegneserier,295c6830ed4b0215,5,281,0.9884413911679287,0.25643872277193275
no.alt.tegneserier,33bc3864288a8924,1,147,0.9884973820511106,0.18870076671982144
no.alt.tegneserier,39ae0bf57a59c750,9,349,0.9857791108054031,0.2365433783670448
no.alt.tegneserier,3ae38c78f2e9a18a,8,406,0.9729832841243466,0.17501102013801065
no.alt.tegneserier,3f14b24eea38bf4d,13,725,0.9889509553715672,0.30591810191932584
no.alt.tegneserier,3f85cd5b3e29ead7,3,334,0.9989595745885855,0.24568150441729136
no.alt.tegneserier,4475f13fe36550a4,9,230,0.9527145966552185,0.22640698820905952
no.alt.tegneserier,44f83d833e507bc5,9,456,0.9823979260085989,0.27619471932530354
no.alt.tegneserier,4be5232599aaf4a3,7,3997,0.9882018049189041,0.3153080360742535
no.alt.tegneserier,50f4c34e33f35bc1,10,4110,0.9981317583170608,0.2610880277952063
no.alt.tegneserier,62a52cd96fc13dcc,2,257,0.992040136500289,0.31602643505955225
no.alt.tegneserier,6369c1d210f78a72,8,652,0.992317130259879,0.1184836287760678
no.alt.tegneserier,679316275e91da7c,6,210,0.9293459149948807,0.3615845487175701
no.alt.tegneserier,6a589780a237873e,8,442,0.9880846314450833,0.2977596337669473
no.alt.tegneserier,6f73025f11991add,5,216,0.9937700745170788,0.19841132835512898
no.alt.tegneserier,757e764978a0fba2,37,2641,0.990996679891824,0.366444714817714
no.alt.tegneserier,7e975bb9e31141a1,3,219,0.9948464486987367,0.22978126038826135
no.alt.tegneserier,83f0d8ed7efff0e1,8,463,0.9870804546829506,0.21856394367460252
no.alt.tegneserier,8a5d2ed563743576,11,894,0.9931062315793814,0.24355244887928415
no.alt.tegneserier,9194c18836018b90,5,544,0.9935634061888379,0.22511258889034386
no.alt.tegneserier,960969be08b96ed3,4,167,0.9744905832431412,0.19563421671699951
no.alt.tegneserier,9934b697d7c1f267,5,531,0.9974912906671294,0.14185735648017964
no.alt.tegneserier,9eb711a241940183,1,168,0.994236548438626,0.21112431551826558
no.alt.tegneserier,a64e565b7f4cc087,4,736,0.9977228118252973,0.2811772755472552
no.alt.tegneserier,a760087c9a401de2,4,1055,0.9989958388788601,0.301991015208797
no.alt.tegneserier,af49b1c2ffc4bfac,8,636,0.9775614831420746,0.28554812687534925
no.alt.tegneserier,b2ee036fc073b526,4,682,0.9968589344026356,0.25669524583270686
no.alt.tegneserier,b561edd2b866a6d2,12,448,0.9837525784106534,0.2722080503252812
no.alt.tegneserier,bc525c9450957604,2,164,0.9886527407115702,0.22830070591468998
no.alt.tegneserier,bd62ae1708a5f66f,6,410,0.9255590547751037,0.3869568396970444
no.alt.tegneserier,cb76e603743725c2,1,236,0.9925205321531299,0.3622598884823062
no.alt.tegneserier,d5817d73ae1f8cc7,16,1281,0.9937750494551405,0.3349200323970398
no.alt.tegneserier,d7a2ef293a8a5edc,3,288,0.9557682337150232,0.2165935721860286
no.alt.tegneserier,e5086a7b4b708c18,17,964,0.9950111674145665,0.1921350521188752
no.alt.tegneserier,e8512e0e214789e4,4,601,0.9957539129077889,0.2900585672736697
no.alt.tegneserier,e9093ff9f623a6aa,4,279,0.985922799894832,0.42707171140460193
no.alt.tegneserier,eff954986a6105c9,6,318,0.9724748094370049,0.3457906319959218
no.alt.tegneserier,f1a26af290e329e1,17,2786,0.9987362904935945,0.3831792153438979
no.alt.tegneserier,fdd42eb773370c16,6,391,0.9715212949466556,0.3020880029911532
no.amiga,038a70d8714eb293,6,443,0.9861085778027118,0.34968465302471724
no.amiga,0535a5b6758d7967,5,653,0.9881577000470065,0.16518378000258027
no.amiga,072169789c9b3ddf,3,529,0.9937530676523295,0.29956835672401577
no.amiga,11ccb0dfeeda6da6,7,545,0.9949100300006168,0.30758631548152404
no.amiga,12aebcc84f8a7bd7,10,733,0.9767585495422095,0.2143778462793351
no.amiga,12e5cc56fa279d42,4,254,0.9981609880557659,0.308963356209332
no.amiga,142c5d02c1831a0a,24,1130,0.9896553032800136,0.28475994294112883
no.amiga,1e79d22ac21c151b,6,571,0.9958513872456325,0.16459230028296465
no.amiga,20bc49bc6d2fa11c,2,288,0.9751774795061643,0.3080613587344763
no.amiga,22c7e7ed623d20fc,25,1800,0.9925289722967152,0.1498057984926494
no.amiga,2ee8c6f4412b021e,8,822,0.9964040140208352,0.27396942091427723
no.amiga,38997051825f205a,17,594,0.9750100321138145,0.3218156503168588
no.amiga,47d60717b14effdf,7,543,0.9149184901860711,0.24541316568521224
no.amiga,4e03f2a1847472e8,3,450,0.990646041505323,0.17312666435793192
no.amiga,55c10ad51b534b02,5,626,0.9929474194533001,0.3396859545306928
no.amiga,56571bebeea46415,7,503,0.9891368927265903,0.21260875774548363
no.amiga,58a8fea36a157e76,5,443,0.9653508830736683,0.36380607745412585
no.amiga,5ad24536fa7f1bc0,33,1657,0.9937614612100083,0.23155563848801147
no.amiga,5ccfec87357cfca8,4,356,0.9908770184585011,0.3514839635857016
no.amiga,63fc2e213caade99,32,2118,0.9962666207689684,0.2979175351446166
no.amiga,647e4732bcdd1641,8,639,0.9826858553328077,0.23518606035584533
no.amiga,6902f0417b9f9810,20,2376,0.98980860097123,0.27953664394935446
no.amiga,808a9f8dd384c0c8,9,606,0.966941479560933,0.3585941198541315
no.amiga,838ddf706f5b694a,9,583,0.9951103245653214,0.25744121164640843
no.amiga,8b130ffd195c2b1a,12,857,0.9876615729744278,0.24869628610573827
no.amiga,8e8627953ac1e9a7,10,708,0.993669518549269,0.27409308067849375
no.amiga,8fb4fa28b58a98bf,65,3424,0.9945236889818921,0.45067940816771274
no.amiga,9d29a3797fcc9867,2,231,0.9921776241336568,0.27613807404036383
no.amiga,9eaa36c3387f9921,11,702,0.9928438101509067,0.3639745535845572
no.amiga,af677f9febc99de0,1,458,0.9978701932257584,0.297525427713934
no.amiga,b4930eca8aeab6dc,7,530,0.9900487721337924,0.49211478152933225
no.amiga,bd8cf0bcec14540f,9,660,0.9901872597108943,0.4158914076600157
no.amiga,c1076907a4c56fa8,1,411,0.9995504090038525,0.47619041319366606
no.amiga,c7fe725a40d6eda3,4,400,0.9818059669536314,0.3408066703088633
no.amiga,d105033a44555c0d,14,1314,0.9949814867792629,0.2970861046752698
no.amiga,d610776c9105a363,11,945,0.9935156149948504,0.26722045045580906
no.amiga,d6442f6358d09411,29,1960,0.995862780351368,0.2659896948536426
no.amiga,e001d22a5c549b83,13,1030,0.9945520335548611,0.28791456878396615
no.amiga,ec56110a224ded90,5,844,0.9982419748722744,0.28566144274875693
no.amiga,ee2a6708951d2395,10,590,0.9678079702761814,0.26034245274423895
no.amiga,f1c952d87f7ceaea,7,520,0.8269996633147001,0.3347859666882423
no.amiga,ffb47a14860ec33a,10,473,0.9801596914601111,0.2043262680511014
no.audio,04a82490f947fd01,20,1158,0.9896834354002565,0.22803342117226133
no.audio,06185fe345132da5,1,406,0.9756067744870788,0.22770564863375106
no.audio,08a670be4f98e88b,10,1380,0.9992249051330804,0.24277802323221215
no.audio,11bfb49fa4d822ce,18,1072,0.9272435117624414,0.4294575481596299
no.audio,16676005fd62255b,9,295,0.968419701990583,0.1969850693659643
no.audio,16d68a69aaee4979,7,475,0.9828656599959641,0.4308021837255249
no.audio,23c7f262a8d0f923,22,1162,0.9880509192513071,0.26131370342083776
no.audio,33223c8a1d43f3bf,5,389,0.9802353191713977,0.2235235086822912
no.audio,34e63c9df836eb0a,5,256,0.9585044869787055,0.26101399216179566
no.audio,390c46ad2367f6ae,58,1909,0.9316466407038457,0.21820775986467084
no.audio,3c2bcc5a744944f6,22,1474,0.9835022115857623,0.4645731926945806
no.audio,3ff801b8ecc69899,4,990,0.9979095252086284,0.2053582324137802
no.audio,51d144c8b28b4c71,2,393,0.9957014162859309,0.3355958322035742
no.audio,5d49a81e35a9e22b,5,607,0.9864436662841304,0.3610708374002129
no.audio,5f11fb9cf04a4e01,16,998,0.9924931496026757,0.28905830547172584
no.audio,6ac4dbc8a8635ed1,4,144,0.8624167234432573,0.19067013158320464
no.audio,6bf5123d3db36e4f,30,2141,0.9843458400103563,0.2886156883940197
no.audio,6d191fff6d427648,5,242,0.8334216341433536,0.256953819020604
no.audio,6fbdce54a4965771,6,125,0.8402767281258651,0.21163081653118895
no.audio,70fc2604a910dad4,8,740,0.9928062541231286,0.20633974038611846
no.audio,7697d900898a05a3,9,799,0.9963773281644007,0.30101826675263843
no.audio,8311b511ca4f80bb,13,1125,0.9952972034703866,0.18213273470118432
no.audio,834d80cdaadb176f,61,2677,0.9538149924424596,0.16276281283274335
no.audio,869cee6b9069addc,14,1488,0.9983754008797233,0.21130244729747977
no.audio,886123e28d98353b,16,1104,0.9860136563891547,0.3208301625723359
no.audio,8b62c948ef7c0605,7,490,0.9917831977788679,0.22332192159412312
no.audio,8d7f15c41e9c0188,18,1043,0.9955568949818189,0.2533030564121423
no.audio,96b5c0b4eea2cc69,1,70,0.9454535023075555,0.15807423103896195
no.audio,a04a13d06e999959,69,2377,0.979606066878516,0.23114737343065167
no.audio,a14fab31dee3800d,38,2768,0.996426944667871,0.17511913292744516
no.audio,d1056ab5967e461f,16,662,0.9849364124169757,0.13501500036651864
no.audio,d9bccc199a7b37b2,5,222,0.9620153506687491,0.19798303709785783
no.audio,dbc5c736839d04e7,15,487,0.9673176255393564,0.2374354917060693
no.audio,de0ad8f28bc67c09,22,1356,0.9861722095855207,0.30042518882449043
no.audio,de69b201edd16351,42,3317,0.9937737532498839,0.14445193409295817
no.audio,e7bae265f121b205,11,792,0.9766993244491774,0.30976408421448703
no.audio,eb5d8f30a0390f7d,6,752,0.9877669738741252,0.37267140889493644
no.audio,ee711df8b3bdb838,9,529,0.986187297650747,0.2177843513006133
no.audio,f49bfd823f747283,30,1135,0.9502526175526026,0.3613863686710638
no.audio,f69a7c9370f18c8b,3,126,0.9705688268005822,0.2663467990205627
no.audio,f7962e43eac6ea60,3,563,0.9858968476988427,0.23310240950053254
no.audio,f798616ecd470457,60,2978,0.9919878406244615,0.184971289717714
no.bibsys,002ffb01b621afdf,2,293,0.9980215087791137,0.29084161302564393
no.bibsys,00c0c8f2fd207a2f,13,368,0.9624166825948495,0.281876343050124
no.bibsys,086745b42e32b92e,4,309,0.9948790654150967,0.2561778196860957
no.bibsys,1463c8fb202ff512,4,467,0.9943855740704313,0.32404338070037075
no.bibsys,19dd751e7b858ef5,9,947,0.9939335482849914,0.28163078529452173
no.bibsys,1ed9e669643fca9f,17,799,0.9798368152244874,0.2786510750427163
no.bibsys,2a7db01688a75f77,12,837,0.9619529116363513,0.41474113993517614
no.bibsys,30d0775d3377669d,10,839,0.9938843754419658,0.49972524385647926
no.bibsys,33a64ea5fcaef2b2,11,551,0.9857513411055141,0.2926972135077823
no.bibsys,33e5db4004db7ff2,2,120,0.9534268597829855,0.3596848067479819
no.bibsys,3a76d9f71a3371f1,5,357,0.9671109447998553,0.34641011591577187
no.bibsys,428699dbbbd1a045,12,443,0.9495576566411437,0.2929836599332263
no.bibsys,4a74485407a1f8ef,2,138,0.9591318230816348,0.22646473206375967
no.bibsys,4b179e140fc7a286,8,747,0.9356660976086607,0.19404097228890388
no.bibsys,5b58c4fb2396027a,11,661,0.9716073764616836,0.3412285921740846
no.bibsys,5e7cbcff5690b74e,11,1032,0.9626046476966922,0.13388343466152947
no.bibsys,78821350ea0e675c,21,1493,0.9888922054221752,0.3530847599507815
no.bibsys,83b0966f7e0ac401,22,1203,0.9870997945029863,0.19449545125093276
no.bibsys,86145b849de0e42f,1,323,0.9971782795232493,0.26325640602938677
no.bibsys,88a72421c51d66c3,12,688,0.9841850163331234,0.2677929265713324
no.bibsys,8c35b0fc0a5c137a,25,1316,0.9907806509740779,0.3662390793427098
no.bibsys,8eaa5b068c8ed697,17,1157,0.9724375514810427,0.20951039434619426
no.bibsys,9043a5f79c58e123,19,1064,0.9507475606217431,0.3588962154649669
no.bibsys,94ffded7c15ccbda,36,1724,0.9743341894716215,0.15519311239505917
no.bibsys,a099073479a43ab0,14,795,0.9872414145282913,0.38440988587279074
no.bibsys,a11f94639642cd8a,11,732,0.9896270679388567,0.3090553284390364
no.bibsys,a2afccff7db9d8c9,18,1221,0.9860363773972384,0.43020345983669217
no.bibsys,a89c169571d3c686,5,591,0.986369326980063,0.44292394270067165
no.bibsys,abe5c74f21749049,15,2099,0.9874538453471956,0.34002599688256485
no.bibsys,b80a5540542b237f,8,695,0.9830856584077577,0.29718482458092327
no.bibsys,bd5c7625d6087e49,5,326,0.9848033114476186,0.19791900252099376
no.bibsys,c2496e154120e3d5,4,248,0.9709474861083837,0.40262111628142455
no.bibsys,cb70b1bc5028abaf,9,901,0.9330115845496272,0.3416467039265986
no.bibsys,ce6a65b1fbb43df7,5,465,0.9973200399066914,0.2772730127840725
no.bibsys,d0141756deb29232,11,664,0.9699314506421839,0.32270696927049486
no.bibsys,db7f4373bb772c90,17,1253,0.9915747576101893,0.34113970892369067
no.bibsys,dce1d34c766c6147,3,215,0.997046049753822,0.375138490184427
no.bibsys,e4b6a17e34815686,27,1418,0.9724645570822108,0.33174139006814013
no.bibsys,e4fd9dae03960a0c,2,177,0.9959739921778394,0.2723305046170084
no.bibsys,f0db08ce7498f655,15,933,0.9723156774600861,0.2779869339871424
no.bibsys,f3bc598d742b878a,7,434,0.9561444303671828,0.20112072653539415
no.bibsys,fefcd3b7a20d2cac,23,683,0.9832624071437677,0.21591645433338683
no.bil,0205446aff7b5778,4,536,0.9956115740280077,0.2628905657254652
no.bil,077fac7cc54c9add,3,149,0.9768436088176898,0.2461199531338128
no.bil,0a21217dc29f99cf,10,697,0.982176831609952,0.20933465457891617
no.bil,0be291e17b239bd0,16,860,0.9905586503717532,0.26005362224757855
no.bil,0f68fc4617617b0f,11,1271,0.9718708651454083,0.2014239466953086
no.bil,100164b56694a832,6,258,0.9313187961075603,0.4007628075205068
no.bil,12eb0bfca7c2f515,20,1194,0.9904973964384134,0.23721815060514162
no.bil,2805ff6db04625e4,15,928,0.9858299401810309,0.2634499014188431
no.bil,28997d1116baa82b,8,1748,0.9968902145356734,0.2020899021032486
no.bil,2bff1fdf68c2194d,20,886,0.9732905666186785,0.24185031880446906
no.bil,2ce5c6990df2ac0e,11,381,0.9750374265393635,0.113397041847894
no.bil,2da67fef5a7e1511,2,130,0.9525445233335872,0.39898607579169043
no.bil,3a38b094bf849545,20,981,0.9851881975620779,0.24393919482612597
no.bil,47182b40bab9dd3f,136,4664,0.9661188402797402,0.288838523205272
no.bil,4ca721165b29c0f4,3,157,0.9813935119543333,0.28694932898922426
no.bil,4ccf080d96c14d42,3,361,0.9979709820561035,0.2815123125551537
no.bil,50cea29d2683b3e8,4,341,0.9886183929653499,0.4518281162366559
no.bil,5b952da6d7b8a944,2,110,0.9943473204563054,0.24255638068692686
no.bil,5f80752331daa9ce,24,1072,0.9867373410578691,0.2327355914075629
no.bil,6a78093d843c5d77,2,705,0.999307532006429,0.2656943325685574
no.bil,6dbc6d5d93c9a607,4,875,0.9852622947491079,0.4198404207765061
no.bil,7686bb64717f2caa,7,338,0.9825839760087417,0.3721641876305858
no.bil,77dc01c7605efaae,13,896,0.9891014656033122,0.25499515373449655
no.bil,975a83792b83e9e0,3,380,0.9667432608409432,0.3715842018344845
no.bil,a883169cae3763df,10,224,0.9162041490103556,0.19376192651579524
no.bil,aef0b965c161369e,15,1261,0.9909858879585397,0.1897371518906111
no.bil,b25249731aedb7e6,10,527,0.9477492541374966,0.32464246902595095
no.bil,b7200498c24f12e1,9,378,0.9498942341201274,0.2717478858181678
no.bil,b8a0f1e49810740b,9,658,0.9893742821904528,0.26035343348273415
no.bil,bb051395107b3d62,10,787,0.988243609371253,0.23436624858079422
no.bil,bc882dff6a8248d1,1,392,0.9993514199349931,0.2854078690529503
no.bil,c0df97faef003517,1,316,0.9975529646000384,0.3128369282263825
no.bil,c2609f4b76734a41,18,826,0.982940491784695,0.24416142034803467
no.bil,c45a0095e56032a0,2,252,0.9894392209900545,0.2228390429797492
no.bil,c7ed9630e6d9e929,9,400,0.959068553222156,0.5140974306265175
no.bil,cb052dcbc012f8d6,2,82,0.9310492275559196,0.1940315416672536
no.bil,d1b057b3f600a4aa,30,1200,0.9908072742829498,0.24826668161137375
no.bil,d45c4ae423016261,6,286,0.9265317653118088,0.2294510203177774
no.bil,dda01a040190e725,5,422,0.965644263363746,0.23489672321983476
no.bil,e401394a6d02df09,18,1024,0.9904157848908911,0.2294177522228356
no.bil,eeac9994cd5228e0,8,632,0.9388135030084085,0.34561360580702555
no.bil,f5e87897c930a8e7,18,884,0.9826811722123835,0.25709127531858067
no.bil,faa52af8463ead86,5,466,0.9939777983199354,0.17030184799636405
no.biz.annonser,0095b24126da1baf,11,1193,0.9950090488561766,0.38935177794613246
no.biz.annonser,05abdf82489659b0,3,127,0.9800413892847083,0.20604618769890978
no.biz.annonser,0c92640f40b9b6ba,1,97,0.9934226760514323,0.3936886437142291
no.biz.annonser,1281f4ada9b4e51e,5,381,0.9969032688169509,0.4713835359341783
no.biz.annonser,2f734f8e8116ed39,83,8534,0.9966582111012038,0.26932237066118764
no.biz.annonser,2f76695a7c092293,7,3524,0.9883746549594509,0.29173736265050393
no.biz.annonser,4730503a702bc791,28,1642,0.9918830146023518,0.3313863538383548
no.biz.annonser,51e0d5602add998e,4,436,0.9787147246198046,0.2523669635977558
no.biz.annonser,51e844b184fddc77,5,499,0.9909378990917301,0.3158720083694167
no.biz.annonser,538568139d3b4ebd,1,294,0.9676050199806017,0.29643305805014014
no.biz.annonser,53aad867d8f818b9,10,392,0.9222266762174607,0.3451769767398307
no.biz.annonser,56882e1485d11fc0,2,225,0.9126606676902004,0.26065515499521014
no.biz.annonser,5a30a4cd25dcc1b9,2,118,0.9595066689852605,0.4139561514978989
no.biz.annonser,5ab53185961501b3,7,3463,0.987120424917786,0.18817111887361268
no.biz.annonser,5c12b6690e96b9e3,7,277,0.9145446444166422,0.4421163276048721
no.biz.annonser,5dee89f10868fc25,10,224,0.9352317163730945,0.2454681265778536
no.biz.annonser,668541e0bc45bf7b,7,715,0.9877686863399952,0.32057010220441245
no.biz.annonser,6dc1f26bd516d8a0,2,504,0.988527893104191,0.3026512888221616
no.biz.annonser,6e29e30a32c64574,2,259,0.999311133491697,0.16665767478019716
no.biz.annonser,71122b0fbdd8b597,2,247,0.990206245690642,0.3250293935086971
no.biz.annonser,77f1fd8fc29e56bc,2,186,0.9771967057612526,0.34655726562303685
no.biz.annonser,7f1f87d738cb71ba,2,200,0.9349416226674547,0.347720290536966
no.biz.annonser,83091c8db28fbefd,20,966,0.9873948189511769,0.1754128005963506
no.biz.annonser,86189a153484b380,12,1370,0.9986334448255798,0.2648684048284008
no.biz.annonser,946f39bf362ce484,6,332,0.9938065348662032,0.310072087343308
no.biz.annonser,9be9ec295f0b71d4,13,1234,0.9850777713581441,0.2111879790725614
no.biz.annonser,a6c94267162a9eca,13,603,0.9933839681303678,0.27864401981811077
no.biz.annonser,ab5bc89b712bd206,2,126,0.9651548415585769,0.23720155696131448
no.biz.annonser,b2f094a59d4ba858,2,448,0.9961147907264163,0.18437026322623049
no.biz.annonser,bc3c268cc936f1b9,27,1212,0.9926138993679019,0.22239823434937409
no.biz.annonser,c338d6fb82643db0,1,579,0.995730215604487,0.2721427448177554
no.biz.annonser,cb3d4496672cba08,6,504,0.9984664741804469,0.23365505329216185
no.biz.annonser,cd32d04176e098b8,1,652,0.9927596835567455,0.2776659060719687
no.biz.annonser,d37ec79dc4b68de4,6,760,0.9934515034620847,0.2705043321028736
no.biz.annonser,da6daa0203630c81,3,785,0.9989281503559839,0.4225933426470534
no.biz.annonser,da9aef0a7b01de13,17,1319,0.997300193433689,0.32399149324117466
no.biz.annonser,db6c086590248dc5,8,481,0.9807781290382974,0.21828895531694156
no.biz.annonser,e72651fad73908cd,2,35,0.9491435008265451,0.11977837427124315
no.biz.annonser,f1d958dbcffd3ccf,3,109,0.9405697769185547,0.13953416607136046
no.biz.annonser,f5e28c49b37cb41c,11,3760,0.986141083241826,0.3741170086833745
no.biz.annonser,f79f27cb088c4538,12,2258,0.9957102960167596,0.24166191995913405
no.biz.annonser,fcdc79f18f2600d9,26,1549,0.9924033066330319,0.14118426684363627
no.biz.annonser,fdabd742f9f2dcfb,1,300,0.9994022385352664,0.15510601272433056
no.biz.annonser.data,12dc36fed4f2f901,3,65,0.916220421316987,0.35062111035339827
no.biz.annonser.data,19014be233877322,10,588,0.9952052920553196,0.2635061251960546
no.biz.annonser.data,1e065a62e1da55a0,8,349,0.8913588118683639,0.1767724593604414
no.biz.annonser.data,250204164c02cdb2,1,86,0.9831770315202837,0.35622857842881145
no.biz.annonser.data,355ba23ed6090526,1,156,0.998284629998154,0.2579906145297007
no.biz.annonser.data,446095bbaabb7f58,8,349,0.8913588118683639,0.32290615825727037
no.biz.annonser.data,4abc943012f62e28,3,107,0.953069729753977,0.2889333960410098
no.biz.annonser.data,4adc20b04cc0b62d,4,670,0.9880218057928656,0.17699758709928315
no.biz.annonser.data,4b0c4ff8fd8f7b21,2,164,0.9747944323802911,0.22618693715772148
no.biz.annonser.data,4e425da8a41426e7,5,535,0.9488407228174857,0.16226066452083224
no.biz.annonser.data,57ccfe0ca014677b,17,1822,0.9947954226086675,0.23139115397568139
no.biz.annonser.data,5e31cc4e9297dda7,12,709,0.9962270611924758,0.34121665627413894
no.biz.annonser.data,5e681b6cc092487c,10,568,0.9940636661414867,0.2881448045666063
no.biz.annonser.data,60dcc6ae02dd1e94,7,264,0.9874898987421756,0.16491021596654623
no.biz.annonser.data,68574c98b9424242,1,109,0.9948502981754388,0.309585957085551
no.biz.annonser.data,6dd8fa53b6fffc4c,1,137,0.9920011568706893,0.32069129319829054
no.biz.annonser.data,7302b2b2b9b27668,6,424,0.9913516572696103,0.22998841713266974
no.biz.annonser.data,7ab583d3c6cefb2f,5,508,0.9965373914235435,0.3298618033941197
no.biz.annonser.data,918b3da77d115b61,1,241,0.9923574441850369,0.21462919475427666
no.biz.annonser.data,94b340f991f779f4,10,530,0.9949180857288386,0.29966497849433604
no.biz.annonser.data,94d4caa8a96e012c,20,1268,0.9804446877267722,0.16272082332291027
no.biz.annonser.data,9c27931fc645e6f5,6,566,0.9894514455434641,0.2819551203077145
no.biz.annonser.data,9c7c135b7b52f74c,6,273,0.9773839180389913,0.3384531985485409
no.biz.annonser.data,9e96470ac4723a6d,3,98,0.928821893150328,0.3024886133825447
no.biz.annonser.data,ab8697ee8d1866e0,12,720,0.9947072594518612,0.2942893199397847
no.biz.annonser.data,ace0eb4844cf6b78,3,120,0.9348230778380894,0.24785045900114913
no.biz.annonser.data,b0f9bb3f78173d7f,2,204,0.978797655162861,0.35203331615188077
no.biz.annonser.data,bb378d55582eb245,4,211,0.9649851541124974,0.36254957042394287
no.biz.annonser.data,bccbc297ab52ff53,24,1025,0.849996786390787,0.30347064314914246
no.biz.annonser.data,c1afa45cc360d1db,24,1141,0.9543518483695456,0.2770009608823134
no.biz.annonser.data,c2726d83317f78ea,1,265,0.9961370222932686,0.22179484173881078
no.biz.annonser.data,c58a18481307b108,5,670,0.9990355781743662,0.21811349584965828
no.biz.annonser.data,d0c31695507533ad,4,401,0.9919484094943262,0.32938158742831686
no.biz.annonser.data,d0de89e9c0088d68,6,634,0.9947597659333899,0.3328182611013582
no.biz.annonser.data,d6dc24b90d966052,4,1232,0.9995206574878948,0.2394288468387154
no.biz.annonser.data,de341c13d577df9b,7,552,0.9923642554084703,0.23285638128133204
no.biz.annonser.data,ef44476c9c4b6b45,1,77,0.9763329498038609,0.13246445251260033
no.biz.annonser.data,ef938368612c6790,1,491,0.9963289411722007,0.29371538907793304
no.biz.annonser.data,f11c8579ef558fc4,4,102,0.9139171159010789,0.24800228213806097
no.biz.annonser.data,f1fa0440c63fa674,1,137,0.9958856252910793,0.36304489027370157
no.biz.annonser.data,f4dfde5c43b3cbe3,16,1735,0.9933524380225744,0.3513129935686099
no.biz.annonser.data,f8a36542c3eaf3f2,1,92,0.9939192122289153,0.3267626775181336
no.biz.diskusjoner,03f83e984a3fd127,15,444,0.9401106774826323,0.3887874937158081
no.biz.diskusjoner,08090613607dae70,21,1204,0.992740615454604,0.3720411139574702
no.biz.diskusjoner,08fb6717f4027b68,10,767,0.988453291764627,0.3212668761600829
no.biz.diskusjoner,0dcd6c8441f265d9,4,120,0.954927891717395,0.164743060744804
no.biz.diskusjoner,142c8e83f9f61c5a,7,636,0.9869657040958708,0.2869941402935632
no.biz.diskusjoner,20d1a104f3eb63d6,20,1488,0.9785678550807971,0.1508610609468708
no.biz.diskusjoner,2a61ee6957ed4412,5,408,0.9912921914785714,0.2510191665433306
no.biz.diskusjoner,2e3ac1627a33d068,2,108,0.9201388593106492,0.31063939860126843
no.biz.diskusjoner,320c5da1b810c5d2,9,671,0.9916550071188117,0.18177710960247404
no.biz.diskusjoner,35c215f92af2f47a,34,2085,0.9818521928968247,0.26464146492897145
no.biz.diskusjoner,3ab02b2b919266e6,24,1233,0.9705279558864951,0.476440696954365
no.biz.diskusjoner,4e3d5e05a035e2f4,8,561,0.9907029886165684,0.38561161548437756
no.biz.diskusjoner,51478f8b5d16ded2,9,656,0.9941537278068036,0.29310323803624955
no.biz.diskusjoner,5604b791873cfdbd,15,847,0.9941649966700404,0.30905459162585736
no.biz.diskusjoner,5c76cf063a69f1d2,53,3397,0.9884941288691772,0.2619238885186112
no.biz.diskusjoner,5e7de68cd9f7cf1b,1,1096,0.9973967170901693,0.23479051654305094
no.biz.diskusjoner,702fe831b2597d27,7,239,0.9333850521967949,0.2252236190793291
no.biz.diskusjoner,761c8a8995b3c2fe,3,185,0.9761557956399052,0.2766468723894328
no.biz.diskusjoner,7fcc145252c4ac72,4,663,0.997725136891298,0.25486788627528856
no.biz.diskusjoner,8d3ba399ab8882f9,40,2163,0.9921276042869233,0.3145185666407176
no.biz.diskusjoner,9bcddfda4eaf5d3b,1,643,0.9987270133782286,0.22660578597718536
no.biz.diskusjoner,a03b174c3ca3e09e,32,1711,0.9766549035514637,0.12134805079079324
no.biz.diskusjoner,a052d32e544b9058,10,464,0.9750499436482718,0.44655181726411286
no.biz.diskusjoner,a060aa1b85b9e4b7,21,1121,0.9924197078159948,0.20100696783641478
no.biz.diskusjoner,a0d4870fcd75be6b,12,750,0.9803862578685801,0.32073570927743456
no.biz.diskusjoner,a88e650a8d914a08,1,134,0.9929388506670014,0.3085699877054394
no.biz.diskusjoner,a9880915c11061e0,2,188,0.9940547498578154,0.4595442560555609
no.biz.diskusjoner,ac1bc303ec84a447,9,675,0.9967973081675968,0.1374137905936926
no.biz.diskusjoner,b0c206cc2b1a515b,2,124,0.9717306745599693,0.20993768054855697
no.biz.diskusjoner,b36be605522d5a3d,4,663,0.9982360572415945,0.17210128125899757
no.biz.diskusjoner,b8f74377bf89646a,5,543,0.9976313441856001,0.26942997862662166
no.biz.diskusjoner,bcac8387eadc2f43,2,684,0.9911169320768751,0.40662949705113993
no.biz.diskusjoner,c6c0a34053107b0b,2,407,0.9635712606194002,0.19469901362664457
no.biz.diskusjoner,d833ebca80a93239,2,417,0.9994906754314301,0.35681546037096007
no.biz.diskusjoner,d96638854e0197a6,8,1326,0.9766968496921187,0.31305551358077205
no.biz.diskusjoner,dbc241ff914d41e4,3,411,0.9969022911653413,0.242610036265438
no.biz.diskusjoner,dc4ba27ec46f46a2,1,2775,0.9718346443915047,0.254483038336338
no.biz.diskusjoner,deef9bb25fcf3a9b,9,1541,0.9932713632210703,0.25655173811487353
no.biz.diskusjoner,def12ac7f6d2bab4,14,678,0.99332308697917,0.200300446372991
no.biz.diskusjoner,df66057377ad1ff0,1,232,0.9962916374550657,0.33707770171165885
no.biz.diskusjoner,e2fe2fb2a097eb95,4,537,0.9921468076957197,0.4293289410410881
no.biz.diskusjoner,fa421d719968b493,23,1337,0.9944034623114746,0.16719823721471405
no.biz.diskusjoner,fd68a52a55d5336d,15,1039,0.9555784415115154,0.2595341787863302
no.biz.nettilbydere,009496afecbdcfd1,16,1038,0.9915517268470999,0.36007048402992414
no.biz.nettilbydere,023b6d73e19acfe0,11,806,0.9933995134219624,0.14343990737452333
no.biz.nettilbydere,04532648fe967f64,5,274,0.98808481967982,0.34428903820067475
no.biz.nettilbydere,08e84881dccb9b41,15,752,0.9936986488803399,0.2530580612058557
no.biz.nettilbydere,13d781a7da564d19,4,696,0.9961810992915758,0.3546726020650228
no.biz.nettilbydere,15ba257be70208c9,11,697,0.9884560744939686,0.29445374395170276
no.biz.nettilbydere,2ab735c0a1e99068,8,407,0.9884735677120117,0.28050861388893883
no.biz.nettilbydere,2fdf2a97a4e79f0e,8,515,0.9631759605267389,0.3985789829676044
no.biz.nettilbydere,3493aaa4de07faf6,5,329,0.9939349233547308,0.3113310689530991
no.biz.nettilbydere,3818cace4bed9275,7,600,0.9771303636124297,0.14447288513441087
no.biz.nettilbydere,38d1f9aad8f2f978,21,1127,0.992333294924249,0.3196795094480243
no.biz.nettilbydere,392dab3b2bc2df8d,9,595,0.9951183153983791,0.21368646136096567
no.biz.nettilbydere,44e63e798031845c,17,1114,0.9929236872881219,0.2572424188163266
no.biz.nettilbydere,5848fd4cdb0c0fa5,7,433,0.9717304891271924,0.2872945187565542
no.biz.nettilbydere,5bd39ffdbea0ae5f,11,511,0.984606639983973,0.3868651704407611
no.biz.nettilbydere,62bce643545125fd,3,333,0.9884264253416044,0.32648780974009517
no.biz.nettilbydere,6ae501e1bc1f70ef,26,1349,0.9893997144672138,0.34647878618428224
no.biz.nettilbydere,6b93520f0e0c2844,8,391,0.9777809107686651,0.26375211420223393
no.biz.nettilbydere,6d0f896050ef349f,6,586,0.9912912019830413,0.4794988683717483
no.biz.nettilbydere,741536d50c742655,4,631,0.9994036567379859,0.3227557372876251
no.biz.nettilbydere,7b56269fe855131f,2,411,0.9980652571549024,0.33380268524120993
no.biz.nettilbydere,81f0de54901bcebf,5,801,0.9966965191401054,0.2283029394992671
no.biz.nettilbydere,8811b8048cb21a49,17,1018,0.9905406788209138,0.19206299657620554
no.biz.nettilbydere,9501f8340f2690ec,5,534,0.9972772766576056,0.14284893889362757
no.biz.nettilbydere,9f6cd59d966309dd,30,1318,0.9908048374089091,0.4518902815087323
no.biz.nettilbydere,a02d6a5c6605532d,2,111,0.9806362138547946,0.2826156902228453
no.biz.nettilbydere,a76489615946ec84,11,636,0.9865675533607396,0.5697912946662538
no.biz.nettilbydere,a94c46699cf9e911,4,963,0.9991463729025649,0.26930605539200014
no.biz.nettilbydere,ac6ef799f17404d3,7,588,0.9952804460915812,0.3151917356675064
no.biz.nettilbydere,adb998280c6b4128,50,2042,0.9880927967041151,0.3903711276583458
no.biz.nettilbydere,adcca6fba65a5a2b,3,230,0.9940942581324129,0.36745222112053677
no.biz.nettilbydere,ba943d064d957907,7,274,0.9486212966858563,0.2273457479138324
no.biz.nettilbydere,c16dad3226877e20,25,1589,0.9875662623511721,0.20004954324191015
no.biz.nettilbydere,c7c60d4837be0bfb,7,475,0.991295279727586,0.24761549682521597
no.biz.nettilbydere,dd37d408579c99c0,18,1088,0.9948943609154156,0.30596127367111137
no.biz.nettilbydere,de9fbb249beea96a,10,449,0.9678477023134405,0.23693280615233317
no.biz.nettilbydere,e27799f423b2fad4,5,749,0.9915941182215559,0.3924202826837772
no.biz.nettilbydere,e7989670e36ea790,23,1530,0.9901775023264405,0.2850829936484492
no.biz.nettilbydere,f2e251e74a7c985a,15,956,0.9934836627221078,0.3039258600939491
no.biz.nettilbydere,f334a9f3a9765b88,8,354,0.9877185471379911,0.31348370166581263
no.biz.nettilbydere,fa7fee6c95a9d483,4,324,0.9963437996711055,0.38648229877367046
no.biz.nettilbydere,fbe889517671f9cd,7,430,0.986219067760132,0.23052358885486424
no.bolig,0148931b13e964f0,12,432,0.9628367757976213,0.15760351878401316
no.bolig,08c592ae09ade08f,3,105,0.9507520549097399,0.24394483722245328
no.bolig,0efb0add37ebea73,9,636,0.9947621414744381,0.24406329232424498
no.bolig,12fdbccaf6d53b42,4,267,0.9901780875351127,0.1281136568193304
no.bolig,1e2b76fb4f499d02,88,3281,0.9741100071307465,0.12274290952005608
no.bolig,1e6eb625d6b0ac1c,2,226,0.9385889350057901,0.26737067878091697
no.bolig,2400705cfb34e3d1,3,384,0.9830927827014925,0.23425914624428043
no.bolig,2efd1a411914653d,6,262,0.981212877907744,0.2691075575444334
no.bolig,309826978d71c487,3,117,0.9308051458196434,0.46253881343736786
no.bolig,3374c73500b00630,10,722,0.9230440559119498,0.3718176170710108
no.bolig,3375b1858dbd2c88,2,171,0.9942049005934904,0.24533298775121642
no.bolig,352be3cae543b04f,24,819,0.9275251712517295,0.29179284073642664
no.bolig,416575a13a0b4336,10,434,0.9351135372992692,0.21370912722020674
no.bolig,430c8e40940ec3ee,3,124,0.9222886862108253,0.27390863704392193
no.bolig,43a1273fbce3780d,1,180,0.9996024966587911,0.354741999255934
no.bolig,4a37ccf41dba8788,16,811,0.9880591921673929,0.20069611386862218
no.bolig,4b546ca87b2c33b9,21,1299,0.9693422693398757,0.10174513380670437
no.bolig,556f45218730f8f3,1,61,0.9697670909681493,0.20041460089141225
no.bolig,566df8e75b19b6a5,32,804,0.9603371001462903,0.122828033283421
no.bolig,5b2548fef4aa2ad8,9,241,0.8608334145327146,0.24098345311708627
no.bolig,654292201fe3e902,5,250,0.9315483740287857,0.13974630029994972
no.bolig,6ac5cb31da8d33a8,18,670,0.958234620226696,0.2987828915750933
no.bolig,6bce46dab258dd7f,4,109,0.9632883800033386,0.33492649651021184
no.bolig,6f9369e86c1b43a4,28,1142,0.9724922125361615,0.3322992255709846
no.bolig,74be57cd131cd227,4,1797,0.9994138864705789,0.3729686486452764
no.bolig,75e1d1249126acc5,7,295,0.9621530399718459,0.1278356202733068
no.bolig,8b9fed43e9a92b26,38,1746,0.9811774813617868,0.2336426679502301
no.bolig,96162238c3bb1eb9,7,290,0.9696422858873307,0.17593848618323302
no.bolig,980fc066e876a0f5,2,284,0.9967394348795334,0.410408795883531
no.bolig,9dfe25f3bf8120db,39,1599,0.9676181008138364,0.23046488016160052
no.bolig,9e8257e24138a532,13,717,0.9862096076603352,0.2532586894183438
no.bolig,a01659d7e3664bb3,3,165,0.960136575141816,0.1604445769618376
no.bolig,a3fb2f2ad6d00851,13,336,0.9569012656465606,0.2982141986203216
no.bolig,a69ab7fcbbd7fbcf,4,106,0.9332502707531459,0.26310165331624397
no.bolig,aecb4e8d8d3e036c,15,802,0.9603146593172684,0.2170389246583912
no.bolig,b470ab6d9b9163b2,9,314,0.9639755377045282,0.31874660058442383
no.bolig,c1751981d6e6824a,9,365,0.981876855336022,0.14561896628475854
no.bolig,c49f0e99fd5f6709,6,229,0.9690913206298879,0.2761747872283068
no.bolig,c81fe7f90e06b363,12,705,0.9899068938996662,0.12164975367583614
no.bolig,d542d984fe9aaa14,14,921,0.9872391487714407,0.26094498908802566
no.bolig,dee16530b1263f38,41,1928,0.9917027026225987,0.3234474081264929
no.bolig,df0710bf9076dc74,9,463,0.9568945128739534,0.27279410640080104
no.c,04c9141de4f1bfa0,12,822,0.9848262943404348,0.15308880102993577
no.c,09451f82f21f7ef1,1,280,0.9820891498843111,0.20874885169479168
no.c,0f64de07f3a85a7a,11,961,0.9879341327209047,0.33860846263235733
no.c,345cf418a64074f7,20,868,0.9927511084138252,0.29998945152812817
no.c,390db61d0367a00b,12,1176,0.9961027031531438,0.28192805812092886
no.c,42e933bca61fb808,9,349,0.9788040499210543,0.27299415415872613
no.c,4561c2d5c2f18c4e,7,742,0.9824443101024646,0.27310544005252374
no.c,4c38dc36e7336d43,7,1364,0.9988724463086954,0.18889043734492197
no.c,4de055962889ce69,6,228,0.9904159523431803,0.17769086384731084
no.c,5547db2b9fe2d71d,18,629,0.975988860720939,0.27476686451886917
no.c,5a52091031f64dc4,3,261,0.99256941424894,0.2862669922050361
no.c,5f059d2c015df233,3,211,0.9774375391716643,0.19460114897962894
no.c,5f11732029ad3c5f,14,968,0.9857028506367526,0.2666517110241353
no.c,647bfe531e2da33d,25,1238,0.9785351601534991,0.2732665636353396
no.c,65c8d2dff8746852,1,249,0.98640731080932,0.32122262967939763
no.c,6893a054c54d8c21,5,921,0.9913716297065778,0.23222340395495392
no.c,72d1f6d6489338b0,21,872,0.9792721562049033,0.25122860100979116
no.c,7931a6401e85dbeb,8,519,0.982578235508244,0.14580213252547397
no.c,7ce03b2cacfd5c75,15,1217,0.9954803989247967,0.36174380579572474
no.c,7e420c748b9ee703,11,1079,0.9967695841513557,0.1242552568629276
no.c,88240c7d180ff09c,11,533,0.9765045174077933,0.23466004867600446
no.c,8a2e17e46f9dadcc,9,761,0.9937197884313437,0.3211967278430895
no.c,8c9aa2d0f124a6b6,12,811,0.9805235843829329,0.1027079167747241
no.c,95301ca2b0630a39,1,483,0.9929471624729231,0.28202002883927985
no.c,9b4ac5510635e68d,2,434,0.9985939662494275,0.16429756832767
no.c,ac1ab2c6289f9acf,4,335,0.9953898199515617,0.18527728674787616
no.c,b38381b88daaeb6b,1,288,0.9997189011153794,0.3126826246477794
no.c,b3afcb76de2314e0,17,907,0.9944751935409027,0.2790281148259975
no.c,b63e933103104b66,10,384,0.9592762668451961,0.2355816850172721
no.c,b88100e88b9eb895,15,2024,0.9972312369333128,0.14756381238043031
no.c,b8b104059c622763,7,677,0.9953176249644905,0.1594957338952123
no.c,bc5d71622557b5bf,1,67,0.9892724615168047,0.292502537842559
no.c,c55245f52358d633,24,1805,0.9926417395148615,0.1818491734223477
no.c,c6207c40d1a1a93c,2,210,0.9981000021172368,0.26146324324284576
no.c,cfb917b1c243722c,13,717,0.9605293552977211,0.32124869532557465
no.c,d006c8593e4f8907,13,600,0.9913754698617973,0.2551099751812467
no.c,d63b80db3a9103bf,4,298,0.9992659071712003,0.3163182263840165
no.c,d879236f1297632d,8,445,0.9929990938289387,0.16693943311077217
no.c,e09cf827cb0a53b8,9,2994,0.9926280861374074,0.11629535008574954
no.c,e2b40b4444b6a67b,9,559,0.9960332391539487,0.18984712990040087
no.c,e3480fe7abe92e70,15,844,0.992631567001612,0.22987291153432338
no.c,fed3b5d82b8179d9,9,1079,0.9928531422236266,0.20489926357894908
no.ef,05eeed97a314d77e,21,830,0.9602362395485614,0.31237007367190966
no.ef,074c823da7bb2c21,22,1595,0.9908542074533118,0.18261782545773458
no.ef,077ef281c20e1f00,9,664,0.9772846581064484,0.26010482065796275
no.ef,11fb2a227a6729f1,5,387,0.9836780496833322,0.19046968083763552
no.ef,1e401a043fef5897,76,4065,0.9905501678345915,0.25094818829490306
no.ef,218981bab6ccfcf6,28,1177,0.967398082042024,0.2508269495770251
no.ef,277ede5c688c465c,16,1382,0.990933254291019,0.22796388452350028
no.ef,2df8236083d04254,51,2374,0.9794803910172588,0.3299762772219824
no.ef,332d5a3ab735f56b,13,1126,0.9788423423773032,0.2220242157434562
no.ef,3736d52810b34132,4,1575,0.9972736820883552,0.3159880091046715
no.ef,43fa6ba6609e1a3a,17,931,0.9889021305428357,0.33517894911865004
no.ef,5516fa5d7b4bf248,15,1031,0.995063210142174,0.3410954427308147
no.ef,55a8508fe3965048,2,391,0.9995368052502609,0.15902338429414403
no.ef,6024be09b53c4014,21,1162,0.9835978231583571,0.3250464005673293
no.ef,61c743f113a1276f,20,1275,0.9896479211485208,0.1603328536584417
no.ef,63180777c68db1d3,24,984,0.9015462632570418,0.44208755951996453
no.ef,67378a60c3433848,10,653,0.9723660435408155,0.2918873651312684
no.ef,67e5367e1a6bba4d,13,994,0.9955975657350171,0.23288567572011107
no.ef,67fda4afa3e18a54,9,296,0.9003908746929506,0.22487197715317853
no.ef,6855b69a8da2f665,13,1051,0.9767562808748761,0.20118149041461916
no.ef,6b7e7f828227ce1e,2,57,0.960529627842083,0.3114269895072244
no.ef,7414ffe0e7261e32,19,1197,0.9847528033778102,0.2500264213224071
no.ef,78c708bb418d935f,21,774,0.9479494010937319,0.21836138899937
no.ef,826ad8dff64f39bc,17,838,0.9556846380664465,0.41811348171457835
no.ef,85b88c78f860dfea,2,533,0.997529253011194,0.32508797240639287
no.ef,8c888c27213572b5,11,556,0.9862190132377625,0.36064018773589784
no.ef,9cc4ccf31abf6264,18,827,0.9288346554576067,0.2892943343306833
no.ef,a5dccb0e0f152751,10,277,0.9364040030770789,0.23658139877989992
no.ef,a66e90fec0eacf66,21,922,0.9773406109008669,0.31094805078629706
no.ef,a68c215a5cd06c9c,8,246,0.9542241971240093,0.23206202919533736
no.ef,a91b697e4dcf6c8c,15,730,0.9816891712617223,0.21666199157512495
no.ef,bd670c56517335fd,13,767,0.9750754538607794,0.28817090130816403
no.ef,c1bb3c8b704663a9,9,296,0.9800651150078974,0.18037564400354736
no.ef,c7ca6fc74459a76d,10,492,0.9839889511483021,0.27405145143451587
no.ef,cd7ce51c3d04add2,53,3196,0.9839810356569908,0.35817889504593275
no.ef,d0f59999b6b64291,5,1305,0.9899238349174729,0.19227646761405748
no.ef,d463cdfe8eeccc5c,24,1001,0.9713239421018994,0.3251587676454973
no.ef,d4c30619f9b8a480,1,376,0.9970753771316301,0.1872806829017999
no.ef,d71b35aa8b499560,11,649,0.9949807336611008,0.2621701121974025
no.ef,d73beef6d65379bf,4,274,0.987715268447853,0.1922470057404134
no.ef,d82c74dd5cd0b98d,2,279,0.9933689045305458,0.2980556659888424
no.ef,e819a67ca3c75174,7,299,0.9638486195107867,0.3013554597288125
no.elektronikk,0792cfddc120b9e3,25,1430,0.9946147067024279,0.35025205657095954
no.elektronikk,230d5fba8558257a,7,408,0.9808211256622263,0.4283127221090311
no.elektronikk,23b0ef7651066085,1,128,0.9940159733356381,0.32552897917223644
no.elektronikk,3b79348e7f893434,13,850,0.9838887393605467,0.2869447879071005
no.elektronikk,3d2cb19591f1c9a3,2,355,0.9962965376300689,0.34812199843864666
no.elektronikk,45303447952841b0,7,134,0.9237851076249557,0.18001571878494782
no.elektronikk,49353a506693f483,5,287,0.9742163417864617,0.27995751506764455
no.elektronikk,5122427f2cbabe30,7,238,0.9835032526399893,0.21946145124686525
no.elektronikk,626fa45bce716498,7,445,0.9964273395171068,0.2497913082427487
no.elektronikk,64b13e7dd22d4211,10,461,0.9760563505336926,0.3152767710095549
no.elektronikk,65cb6ba4ac9ff477,11,610,0.9849095094076379,0.26727091304391637
no.elektronikk,6973bd07a827620e,3,189,0.9824184085341986,0.2763688280614708
no.elektronikk,6bf32b72ddaf1353,95,5019,0.9846672002332206,0.242000264819025
no.elektronikk,6d411383ffe82707,6,218,0.8650476252718883,0.33758783693087885
no.elektronikk,772bc89225ec4978,2,292,0.9211143899762557,0.28056826440372384
no.elektronikk,7b60dbd198597d61,6,275,0.9659052857935362,0.22680137797094438
no.elektronikk,7bb6c980f59a89ed,15,840,0.9898458018208359,0.26430008399899146
no.elektronikk,7cc3d094150812a1,2,1466,0.9992966785349956,0.2087707898789228
no.elektronikk,7da7112dcb73efa7,37,1934,0.994564279112834,0.2232086614349676
no.elektronikk,810b56f813acdde6,1,112,0.9965397211307491,0.22153832551623318
no.elektronikk,84ddcb321b2cdd47,3,326,0.9981286999650034,0.34587934874560616
no.elektronikk,89efd10b1ceba3e9,15,1283,0.9918898974916085,0.3808919156838834
no.elektronikk,9356a0a518ced6e6,11,358,0.9287622533183191,0.29549992929437563
no.elektronikk,9395ef7b52417e78,2,311,0.9958682770327911,0.27273544789383647
no.elektronikk,939d447afe43873b,2,466,0.9991137401515053,0.20990408833877464
no.elektronikk,97e667fbad09d8d7,15,1252,0.9871886619263619,0.30727871550525404
no.elektronikk,b207d2020a0b3659,3,410,0.9980097515852256,0.2464529835775945
no.elektronikk,bdc00ccf57f47fa3,42,1884,0.9870863293308091,0.21569163886146428
no.elektronikk,be68478197393764,16,769,0.9834949027675544,0.21457858227192228
no.elektronikk,c45130744207d8b6,8,1213,0.9932678893065902,0.18019104517018886
no.elektronikk,c519b292fc564f81,8,515,0.9931533707563096,0.20906347015375895
no.elektronikk,c70216a1f4e6bc9e,3,359,0.9902847403252529,0.21319029996354324
no.elektronikk,cae74e2e2707333b,24,2105,0.9978491189018854,0.2779405966811416
no.elektronikk,cc901e73c7a80cfa,8,635,0.9892464819731424,0.4176781145968162
no.elektronikk,db38f0cf95758cb7,10,304,0.9702235970729614,0.15473112005427436
no.elektronikk,e2b89f23078ad66d,5,687,0.9801474351442805,0.3257504398666965
no.elektronikk,e34b65787293c627,5,464,0.9815089849691572,0.2676669835365347
no.elektronikk,e452386bfaaf7701,1,104,0.9950537500138544,0.3372837420023936
no.elektronikk,ef6a2a9150e60137,26,842,0.9845817149231235,0.26696783372381583
no.elektronikk,f1eb148ac78b8aa5,4,168,0.9460076103622818,0.07882892313483295
no.elektronikk,f5fd0eff0a5226e6,3,202,0.9806946054894814,0.43517514732022217
no.elektronikk,ffbfa3600eca871d,3,222,0.9918574184952756,0.37873407364596173
no.embnet,089150b7f4b9b2ae,8,516,0.9943705652945455,0.31797407145928386
no.embnet,094208ab4d0f6b24,7,152,0.9359612026259351,0.3320555997406467
no.embnet,2301b887ea157f94,4,239,0.9847886454138395,0.30569997541063365
no.embnet,6657f55fcad14abb,7,937,0.9429408103142173,0.31562408962518457
no.embnet,83577db16a6d4543,6,702,0.957646151902885,0.19797584683251873
no.embnet,88792ffeeb39f47d,7,774,0.9854879794635167,0.2543855317724471
no.embnet,94c74d7b8995bf87,4,565,0.9615722187634688,0.26040151170654213
no.embnet,b18017857b1ff45e,4,167,0.9766121813534694,0.16659624493086342
no.embnet,b27ac44e484b5549,1,86,0.9955882440163644,0.1794518036400123
no.embnet,ca066524672da8e2,7,160,0.9514259816626712,0.2685652861384005
no.embnet,ece4969ff89ce19a,7,774,0.9854879794635167,0.19157629274688448
no.eunet.diverse,00297bb9498cee30,24,1223,0.9896479920516538,0.16760396818587248
no.eunet.diverse,07b877a52faf34e0,24,1197,0.9879137196785761,0.22659074999116263
no.eunet.diverse,0a15dd32b354536c,10,432,0.9766344252259325,0.2700596265274375
no.eunet.diverse,14c1c7a524e966a5,23,1055,0.9917996346589052,0.2950913242931178
no.eunet.diverse,1bf69ea23cddf9f1,6,207,0.9487584180333533,0.19094472695713696
no.eunet.diverse,1e47215b6e2a8cd7,15,1436,0.9965004950800901,0.28152699080583243
no.eunet.diverse,266522e8ce8f972c,5,530,0.9884277360878586,0.2913466882799977
no.eunet.diverse,31ad37d2910871a8,5,525,0.9914152776886622,0.31877842464538014
no.eunet.diverse,35e27d3ef6efec8a,2,84,0.9627473105199378,0.23420121312777928
no.eunet.diverse,4f0c1970c005a466,17,852,0.9901535276044284,0.4588859519745899
no.eunet.diverse,539ebc6727664ef1,6,722,0.9946661079477124,0.3605246017889169
no.eunet.diverse,5575e6c0194e00f1,8,588,0.9898427747241786,0.36754417777784837
no.eunet.diverse,57992437d92f13c0,2,469,0.9989019655080642,0.17608797271666188
no.eunet.diverse,5d78330204e4460f,3,276,0.9951400202312168,0.24216719967746256
no.eunet.diverse,6bf240af3f5e3a81,9,421,0.984966176093982,0.16888271488293072
no.eunet.diverse,719a6168869134fd,9,792,0.9932857121933683,0.3167655429498685
no.eunet.diverse,72eedc433628c4c7,7,251,0.9801634328978728,0.2499980221434449
no.eunet.diverse,733c806af3e3ac65,4,270,0.9888186273426778,0.34790107506327983
no.eunet.diverse,80b3f947eb663c17,7,550,0.9898791334879522,0.3472677600019023
no.eunet.diverse,87f3f7e1f92e15fd,10,357,0.9828664301909686,0.39045746833646583
no.eunet.diverse,8e5169c26f2eb852,8,546,0.9911807550824472,0.416432402219471
no.eunet.diverse,9139903fc515f53a,21,885,0.9898374442678037,0.2304234068865605
no.eunet.diverse,92f3c376db08a62d,11,659,0.949710744770443,0.29984761360152973
no.eunet.diverse,9b14b3e68390e8b7,1,125,0.9966799817266694,0.3390371331057022
no.eunet.diverse,9f072d3423c5e397,9,387,0.992962770361435,0.3196330539647382
no.eunet.diverse,a99de037276e0734,4,175,0.9675687274203097,0.5109905324072008
no.eunet.diverse,b55cad6773bb84ea,40,2981,0.9835343092831815,0.3057501587021988
no.eunet.diverse,b89cb8f07c5a8b7d,11,865,0.9964226536982305,0.19131126927642644
no.eunet.diverse,b9cf632f16e9c97d,13,832,0.9904243657220216,0.2374346346902219
no.eunet.diverse,bad58bd24b228a08,120,6718,0.9940099421541575,0.2569164404511486
no.eunet.diverse,bd1dbafd609d563e,22,1549,0.9925257709475231,0.26263880063264994
no.eunet.diverse,bf5a4024cfd8d810,3,544,0.9986842585237976,0.33926523919786405
no.eunet.diverse,c75b587bf2b6a568,7,931,0.9969644557817328,0.2823088621791304
no.eunet.diverse,dcc4f161359fc198,52,2567,0.9953166624007511,0.42262037890951104
no.eunet.diverse,ddd74d042b9240aa,4,316,0.97675446590003,0.19973798304307402
no.eunet.diverse,e265781a912e054b,4,423,0.998385093522327,0.2889203202652525
no.eunet.diverse,e2ac7d2806ecfea4,6,637,0.9953599449403102,0.28039833928996394
no.eunet.diverse,e88c223dc4cdb79b,2,180,0.9694749608689933,0.44487296453231734
no.eunet.diverse,ea3f1884c28feded,44,1737,0.9907108182914571,0.2507108537466039
no.eunet.diverse,eba470385686db0e,8,948,0.9956498775722228,0.24663369819897332
no.eunet.diverse,ef99d246046c7324,10,598,0.9916933730851679,0.281119711893238
no.eunet.diverse,ffa9f50337969289,1,141,0.9944469870588191,0.3287789554972538
no.eunet.drift,00337390b47789e2,34,1331,0.9570653114494092,0.2644850909457824
no.eunet.drift,04f14ffc7ddc1f4d,13,900,0.9960461853857505,0.21173076535417998
no.eunet.drift,0824266eeeaf664c,3,208,0.9842006218196774,0.2424501296544931
no.eunet.drift,13a46a19859c866e,12,496,0.9911661042579618,0.36098668230555436
no.eunet.drift,156a6440d66e7f68,3,219,0.9590003989761093,0.3305309009652958
no.eunet.drift,15bbeb01f75aa559,12,815,0.9927279002162528,0.24913969236642264
no.eunet.drift,1bf61948cb197055,23,909,0.9499308172076477,0.2198827078169872
no.eunet.drift,1c2d1235f3e74bab,3,190,0.9921939280030005,0.35199754327671384
no.eunet.drift,1d895f56fba10b40,25,1543,0.9683349953218593,0.4138617197389864
no.eunet.drift,273f2efd8fc0c0a6,1,1178,0.9978622699855635,0.18356997233251637
no.eunet.drift,33eac2677706a67c,15,901,0.9829617891981306,0.322147250619318
no.eunet.drift,36347e51b2e564de,51,1965,0.9708518855902352,0.18940502487105731
no.eunet.drift,437cdbfaa6f12bae,5,140,0.9148476169472497,0.17344453555309003
no.eunet.drift,77ea86f3a58fce04,20,1250,0.9965550825981677,0.3741879197781414
no.eunet.drift,7afa668d35276a67,14,751,0.9907556596405612,0.23835584077595956
no.eunet.drift,7de69c8534380d81,9,554,0.9784419127990035,0.31852256512521837
no.eunet.drift,7df964e640c8b701,6,402,0.9947897715006848,0.36739500349315574
no.eunet.drift,7f3aa7f6eb173253,8,205,0.964061214875167,0.20384349597037524
no.eunet.drift,87fd30b4f264bf69,5,474,0.994944196306589,0.25705233058834076
no.eunet.drift,88bcee9678a00186,2,285,0.9981289355064183,0.2632466996334622
no.eunet.drift,8b2f66f51e4f220e,5,326,0.9887337833389124,0.5260437875689737
no.eunet.drift,8c0b47a6689508f1,7,493,0.9985228918928035,0.19901220491910263
no.eunet.drift,8fbc2c962c8dcbfa,18,718,0.9940651770877382,0.26596896119841573
no.eunet.drift,9d4de467752dd399,13,548,0.9902368369468214,0.24636076147947766
no.eunet.drift,a3a99c23194dd693,5,234,0.966377798842053,0.29282357499073264
no.eunet.drift,a72f588a10ea3093,10,321,0.9914064700024535,0.32716893029264155
no.eunet.drift,ab07163b0c6c1cd6,14,517,0.9843515292327966,0.3386125330828304
no.eunet.drift,ab713759d6c44967,17,794,0.9811560234552759,0.31230147207680464
no.eunet.drift,ba78f50379cd7bec,9,763,0.9940684922222769,0.3258061759985414
no.eunet.drift,bceafb54c4ff5c34,9,604,0.9758768874749992,0.2799877944432513
no.eunet.drift,c477e7c277b7f6cb,45,2055,0.9905621392015532,0.3884071414630461
no.eunet.drift,cdad743b0c1939c7,17,792,0.9916673228825774,0.42529544099207733
no.eunet.drift,d1eb8c8b66fe2c87,16,704,0.9782221590162484,0.28841098501704343
no.eunet.drift,d2e946286dcea549,61,2913,0.9896822334489367,0.4317086868267663
no.eunet.drift,d81f22dd7ce599fc,10,575,0.9905742942641012,0.2936209065836815
no.eunet.drift,dec4b1f926c98298,9,376,0.9862514833909658,0.3223696552508501
no.eunet.drift,e0d946b640db40a9,26,853,0.9845005870763552,0.2507164340770904
no.eunet.drift,ed875a909fdf44f0,18,757,0.9886261151711656,0.4166790100195978
no.eunet.drift,eee755494c6232de,19,1443,0.9970564761594624,0.3389971867663254
no.eunet.drift,f1c3434fc5519f5e,12,709,0.9847945073337286,0.32999365641021056
no.eunet.drift,fd49c0f6833e70b7,20,1125,0.9953369318620824,0.19129097570715542
no.eunet.drift,fe0b6ed5d48c733a,5,404,0.9958036727031646,0.33930778745156953
no.eunet.hjelp,069f0ec264497f16,16,792,0.9971602075523215,0.31880592200333135
no.eunet.hjelp,0ecf29929092db0e,5,653,0.9927793440837188,0.27968613905142564
no.eunet.hjelp,1230537d02d1fe92,1,345,0.9997590505301681,0.43650903899085886
no.eunet.hjelp,1b12d3a4009a13ea,8,209,0.969281923081203,0.38945513225573014
no.eunet.hjelp,1c0da959590b936a,4,404,0.9966920556792884,0.15675851387149425
no.eunet.hjelp,1cc386bdff91d1bf,5,241,0.9875385387482255,0.33401406924874666
no.eunet.hjelp,26ca38d4eeabc3b3,1,322,0.9990817735177601,0.4827096411174249
no.eunet.hjelp,283966c8c0076bd7,15,730,0.9928475425229787,0.21382617328973091
no.eunet.hjelp,2b423f4e99e151bc,10,480,0.9699314007606192,0.29856797630689896
no.eunet.hjelp,30a783e9a98b203c,12,470,0.9896202315459255,0.36569677080646934
no.eunet.hjelp,3658931cb3b38791,16,737,0.9716069673593062,0.14538657519496606
no.eunet.hjelp,39567d644f8fba1e,15,546,0.9870029879269486,0.1950729450688722
no.eunet.hjelp,44c0825459c01094,6,1069,0.9950902994485291,0.22633744720000418
no.eunet.hjelp,4ab10858005b2425,26,1208,0.9948604089239677,0.33505326876610225
no.eunet.hjelp,56d173453bf87a5e,6,469,0.9988159556778473,0.24239099198292655
no.eunet.hjelp,570dcb223c268365,8,345,0.9793207923550623,0.18691904338663237
no.eunet.hjelp,6351840d543a144a,43,2370,0.9911162849746039,0.2226089346433428
no.eunet.hjelp,647f7ceaaf7df8fe,8,265,0.9823132920406301,0.24506321959259053
no.eunet.hjelp,73ac027c6591f128,6,290,0.9636352471794679,0.3467453743826916
no.eunet.hjelp,880833e37e45b4c1,7,347,0.9899450488286524,0.20097584700320684
no.eunet.hjelp,884eb8c861079d03,10,668,0.994170137745635,0.1920224282830527
no.eunet.hjelp,8a4d5ab9ec094d92,9,496,0.9801831872761607,0.3841336254863382
no.eunet.hjelp,8e6e46f889c177c6,4,233,0.9875819304866722,0.21246555713514048
no.eunet.hjelp,9bab2fd8f919ad3b,6,813,0.9975693081230169,0.3927015286077396
no.eunet.hjelp,9e9e7f95d89fddec,7,470,0.9937606180965178,0.2881102528273337
no.eunet.hjelp,a1a5e4cad228fe2d,3,218,0.9893411018197621,0.2131547710925104
no.eunet.hjelp,a4b16bcdf63e6b83,5,283,0.975140484158469,0.31348190406150334
no.eunet.hjelp,a74a9b59a8e1529f,8,441,0.9891596258611531,0.33050213481114793
no.eunet.hjelp,ab548a12cb785023,43,1494,0.9857117644384991,0.21133763413761048
no.eunet.hjelp,ad372e45c98ea57b,19,774,0.9863827650706026,0.361381679625533
no.eunet.hjelp,b2e1ec31e5589427,10,500,0.9525132581765156,0.310115973191087
no.eunet.hjelp,c6547a7939772a6b,12,618,0.990021746982638,0.31913287633628157
no.eunet.hjelp,ccdebc1df98beeef,5,325,0.9847891023377635,0.3268021653105998
no.eunet.hjelp,cee808fa104738b9,3,172,0.9921893481385168,0.15493130863014712
no.eunet.hjelp,e1dee594550c0503,15,472,0.9637352143354911,0.3164889869362311
no.eunet.hjelp,e46b0ba9f2cf3d98,2,119,0.9892120188483313,0.1805350159066772
no.eunet.hjelp,eb453b2f7060b99b,19,749,0.9853966749770628,0.4159665463236083
no.eunet.hjelp,ebafe73d7f0ae97d,1,786,0.9981275040896126,0.2547347607148603
no.eunet.hjelp,edf07af7e1f33066,7,245,0.9808964692464421,0.21550209885970964
no.eunet.hjelp,ee71b48235b54bea,4,632,0.9951504762302151,0.1720050311698283
no.eunet.hjelp,f5b98d5642e3e846,12,760,0.9872647410464431,0.22396544561112808
no.eunet.hjelp,f6946c4cd4ef31f6,6,210,0.9908572857440384,0.26716619787722723
no.eunet.hjelp,fb392838e72a179b,7,516,0.9965884719484934,0.31306046144805516
no.film,0ef12890a2f5d644,6,471,0.9908901787793831,0.22129866258378056
no.film,14143138866c1c2a,13,575,0.9816158324058014,0.23967352324007304
no.film,1b509d56d2840e56,5,597,0.9970773237223556,0.20428115861811527
no.film,2940a01e0a0adee9,1,162,0.9267329903816203,0.12395394879391601
no.film,2a5964f70b4deb1b,3,88,0.9729959196896923,0.22420955217338612
no.film,2b193f5bfdb39305,1,48,0.9756122561026597,0.23448863259048056
no.film,2cfa50ab9f630291,3,647,0.9895274099313419,0.28187766018106625
no.film,2dee247a739dd608,17,1142,0.9876890695787951,0.19768317755681925
no.film,2f354c5d2b994ca8,14,907,0.9915043094829776,0.28654550834437315
no.film,3fcf72c5ed07bb71,4,546,0.9966054741222715,0.26516491418062904
no.film,40caefc8a02344ea,13,825,0.9907966616718682,0.3003265080776816
no.film,44bc59bd1c77fb6a,3,275,0.8802032545026821,0.19759897310496707
no.film,513959d2746e4c1c,3,605,0.9989660350885868,0.27544458359163027
no.film,51a1cf97c259842b,5,429,0.993583190225121,0.2306151850308233
no.film,529eae34e2a394c3,38,1867,0.9709564886765695,0.25416622930954486
no.film,559337c9207a5ab7,5,486,0.9926988355731464,0.39955197653773145
no.film,5840df297d2ba16b,10,536,0.9860161829424416,0.40177521791297943
no.film,5b3390b0b07af53e,8,824,0.9939628782180145,0.35890536021017155
no.film,6eb715a2419c0619,22,1212,0.9743280345304765,0.2604756843042838
no.film,71b3e1fe51ccc039,4,528,0.9964484828762629,0.27694109433825703
no.film,7904ea5bc4b86959,3,314,0.9955672315555275,0.3002133180735944
no.film,83ed1e5c82e9a873,13,883,0.9904661648823043,0.21511648695597285
no.film,851c3429bfc0e7c0,5,699,0.9944114097782619,0.20908105978475544
no.film,8a81e8c666cb2e10,5,250,0.9702184447788266,0.21359240910585306
no.film,9a64a692ad92383f,16,1033,0.9806958675999193,0.2869200006247813
no.film,9e0296b0dcb53703,14,1364,0.9958804495606668,0.13613812535296696
no.film,a129518dd563f89e,11,488,0.9886443527922938,0.09341603469360614
no.film,a1e8bafcdd521524,11,730,0.9946110629122202,0.1900467157914323
no.film,a8b5fabcb7847ebf,2,31,0.8490212314297624,0.3754253915647869
no.film,a8ebb1babb1afba9,8,407,0.9959562310696655,0.2900351016705979
no.film,b58c643c9e75303d,1,348,0.9965839329073772,0.2746195673173137
no.film,b6e004504b679244,16,1128,0.9928152570907526,0.20642714596743234
no.film,b82e8c96bd3036aa,28,1400,0.9751324627352137,0.22664887060918937
no.film,c3aecdc2d0789a15,2,425,0.9797117606414844,0.17428903150164654
no.film,c9c863a7d2a3e980,2,130,0.9901137506060698,0.252549088367709
no.film,cbad9d0cfe4609cb,7,563,0.9959760696593584,0.18539579198076242
no.film,cc3f8500d223d854,7,374,0.9775637423359825,0.28997176172863226
no.film,d7a038c6674c7588,5,649,0.9872303623690747,0.2885124448776785
no.film,e0c07b4531b60196,2,184,0.9540922763706031,0.23713625529633378
no.film,e1b04e143ebf1200,9,457,0.9891384174124213,0.26232090698644395
no.film,e331ac19ff49774f,1,669,0.9995637214322989,0.2946045661894889
no.film,ec115bd5644f098d,6,1226,0.9974859920319843,0.2608082583179605
no.folklore.edb,09eeee7007902598,11,1581,0.9946457907020596,0.30342751741723495
no.folklore.edb,0a819bcaca7a5a98,5,204,0.988300674127455,0.2972150840225197
no.folklore.edb,0e304271cee49b0d,6,587,0.9948890276749474,0.7401749657219437
no.folklore.edb,12ff17530f62ba27,2,500,0.9951965112068991,0.26362751002542467
no.folklore.edb,26ae16e9fc2524b9,6,512,0.9983044483154001,0.2518599567045586
no.folklore.edb,37f09a16650dfd72,34,2245,0.9978346680882181,0.4036767782196985
no.folklore.edb,4567434ffd04fc35,68,4441,0.9930175273233143,0.21176821692655584
no.folklore.edb,4dc51694610dfc9f,4,1555,0.9985097426774825,0.3274873658067075
no.folklore.edb,4e2b64f01d59899c,41,2617,0.9965670339387382,0.21106397830300716
no.folklore.edb,55e718b885c2761a,7,392,0.9966726078219921,0.24445283887726055
no.folklore.edb,605dbfca738b5d9c,1,419,0.9972719684125011,0.19579378192992206
no.folklore.edb,6305c7d8264e5c44,3,328,0.984801667936669,0.2996432972985412
no.folklore.edb,635c19e80355187c,2,177,0.9902501575916317,0.3453269977475665
no.folklore.edb,7604cd56206b6e93,6,241,0.984849883476526,0.30773197760357324
no.folklore.edb,7936c7ea7aeb2753,1,353,0.9978704231920565,0.26814630884123675
no.folklore.edb,7e08933b82fb743c,29,2124,0.9960468779084769,0.34610577289810684
no.folklore.edb,7f16ded9206e1ed4,3,261,0.9883047023235233,0.2724251632998558
no.folklore.edb,7fa8968376dd2b44,3,456,0.9886432114427869,0.26828052673967484
no.folklore.edb,829fd4ae94f59764,19,1008,0.985327693113431,0.39511196875817434
no.folklore.edb,87570e94e817e152,27,1005,0.9868611289045581,0.2676116370878771
no.folklore.edb,8d2a01f57aba2723,4,341,0.9980281585053705,0.23666358152412886
no.folklore.edb,8d4894b084bfde2d,14,1108,0.996554422600941,0.367657404768703
no.folklore.edb,8d745f994a95924e,3,134,0.9870353707967326,0.4209202646929732
no.folklore.edb,9157d1a2ab3c31f5,4,657,0.9962881242657649,0.24028118341649796
no.folklore.edb,93dccbbe91b6afc7,1,262,0.9983987043189562,0.39659110754104665
no.folklore.edb,9a3ab4e140893a93,10,707,0.9861328338574573,0.15065154713088744
no.folklore.edb,9b50348ae8b2376a,24,1189,0.9914593569478887,0.2542888498305991
no.folklore.edb,a003f453bd06c849,12,816,0.9925361845604052,0.18601664758176314
no.folklore.edb,a7d86f6883560de6,8,703,0.9975075529864089,0.30165531135657975
no.folklore.edb,aa06a3ff4e9b14a4,1,208,0.9996071846604665,0.21650830226067133
no.folklore.edb,aa358175f31f0f6e,22,1343,0.9880585308281047,0.18851970004782456
no.folklore.edb,ad7868279dd54a59,8,555,0.9964726859250516,0.32837244878543537
no.folklore.edb,af210f74c429a831,8,642,0.9946662957007127,0.21816292573405163
no.folklore.edb,b7cf0d208d4ae220,1,1973,0.9993342842186043,0.27567636330740614
no.folklore.edb,dc0e960e43ee78cb,13,712,0.9833364723395822,0.233414636764469
no.folklore.edb,dfa46d3cdbc02408,7,357,0.9840173000791708,0.2900507921646306
no.folklore.edb,e9d0580de0a61d8b,8,364,0.9913950583721893,0.4016747010716871
no.folklore.edb,eac2cd08b4f8b274,9,759,0.9939311014249741,0.3005206970095933
no.folklore.edb,eb5c71d81dbb09c0,3,486,0.9916146076839111,0.24545886387494092
no.folklore.edb,f5c7faf237b671e4,2,1445,0.9996218578213452,0.3806443860600501
no.folklore.edb,f8b499037050a332,3,609,0.9965659488340721,0.1744619715526096
no.folklore.edb,f960f19943d18b00,10,848,0.9964393311008142,0.27040559578531587
no.folklore.generelt,2c40c536cad93948,9,1039,0.9804550216449246,0.17374687592625418
no.folklore.generelt,323313c3b8507656,11,549,0.9855844863560517,0.4007449512151499
no.folklore.overtro,54c788ef65b9e27a,8,644,0.9911225440943643,0.2414332022629016
no.general,0b43aaa1b48c65b7,10,581,0.979220846674146,0.25178144936310715
no.general,0c7f1a7f3c8c64c4,6,278,0.9398248820627448,0.3567384718948447
no.general,0d72bdd3813498f4,14,646,0.9795491836336152,0.12016533598057957
no.general,172c24fd7e71e3ef,36,2049,0.993386564092484,0.15998297200719785
no.general,17c05e4f574ff403,4,364,0.9940420682207729,0.3699698536884645
no.general,1a8c9a5db877cc63,4,319,0.9900529805555985,0.26043590542331085
no.general,25bd8237eaa5c6a4,3,612,0.9986669123745111,0.22098352889919282
no.general,29289d4582cbdc24,3,162,0.9830454570491994,0.23833276282227914
no.general,2c0900a8e80c7be4,20,1213,0.983086373767125,0.502784012135697
no.general,2ee3816eb0449dd3,6,701,0.9945152101075486,0.2955608269529205
no.general,310548f8c247ba4c,35,1832,0.9877985158047681,0.18539995409096457
no.general,31e8efe63283d29b,42,1840,0.9916115860955577,0.13357259448802924
no.general,36927123da38b034,4,311,0.9667455468265901,0.3150110168248315
no.general,4e11fe534279ebfd,5,202,0.9735916760557786,0.29429306655981696
no.general,604c35acb9047fc1,2,151,0.946380876785812,0.3440297081928506
no.general,6ab8733bec336666,16,920,0.9811921775708055,0.1813506427284032
no.general,7426a13cae50d0b4,7,957,0.9799421343723876,0.25777845671417554
no.general,790cf6358bc8fef9,6,487,0.9928417832440751,0.3230871994520359
no.general,7ea83f88d4182e95,9,678,0.9937351141920254,0.25496769735941827
no.general,80e4020d725e320d,27,1819,0.9830134124735886,0.3942091369514458
no.general,8140a8f6da17875a,1,152,0.9920894975981928,0.31309969131237547
no.general,8231fa620b2de5d2,16,792,0.8886789790600844,0.2873754520851457
no.general,8eb1e2bb6a4ac21a,9,686,0.9667533464679738,0.33677446162572594
no.general,91a8da319870654e,50,2643,0.897397858442055,0.48079119523860275
no.general,922c4dcb48ce9651,5,198,0.9618292462394887,0.26661258870404553
no.general,94c443f7526500d8,6,392,0.9562944243054061,0.3699883545071447
no.general,97d0c81d89919a30,10,628,0.9485490573286632,0.30934902438453343
no.general,9c24cf80df160402,7,272,0.9444867268338812,0.31145186641889494
no.general,a0151313fbd5a0de,13,780,0.9436318991070642,0.33730738289059237
no.general,a4d1e65b1777c133,7,637,0.9924589471427389,0.2605057669188946
no.general,a54cb296574e36e4,28,1327,0.9920900881739391,0.2680740495229348
no.general,aef62ebefb9da64e,68,2504,0.9161676777422334,0.2335472585993587
no.general,b27a2c78533395db,7,456,0.9614093788549467,0.26314241423916257
no.general,b9251104407ceb44,2,645,0.9996630931563596,0.34302657843480255
no.general,bd45a952fc08b6ab,9,525,0.9703918319963822,0.22776333266916055
no.general,c28aef0eacbbb455,14,709,0.9875157463598971,0.15196239417571974
no.general,c5ab0c7ac336c096,27,1570,0.989140720119874,0.30910277810720427
no.general,ddc912a9b92d2e93,7,563,0.9494707649072479,0.25507199141646836
no.general,dfedcfb059cac9e8,7,585,0.9604246937649422,0.28229300438067273
no.general,eb0dc343cf846cef,7,590,0.9884790177191906,0.3003050908948045
no.general,eda79676ca061056,11,482,0.956121643320534,0.17563116810667323
no.general,edd7a4a150fe146e,9,669,0.9879749287465047,0.3547123659752968
no.havforskning,050c48e7d6538498,11,614,0.9681429629520082,0.316318886600684
no.havforskning,062f291d5cb36354,7,525,0.9403949131392688,0.2132431103616521
no.havforskning,0cfee09e5f5c4121,6,481,0.9730291948677027,0.2144913592199118
no.havforskning,0da1fcad3a74bdb9,12,948,0.9968279265514638,0.37342792029156247
no.havforskning,0f30e92c426a27f2,8,291,0.9499926146041786,0.2162902369891563
no.havforskning,282f38bf7e9631b8,36,1944,0.9858715846894983,0.36971992724489855
no.havforskning,284c8aa82b195554,9,8439,0.9988873204680105,0.25294467319645303
no.havforskning,2b54efbdb306e5db,3,332,0.949479034804417,0.2005477618982967
no.havforskning,2edbf24bf7fac503,11,606,0.9837890459157226,0.1685642745846937
no.havforskning,30b216f83f837ca6,3,421,0.9908025917267295,0.28303826372002017
no.havforskning,36e79a774d60d9a2,32,1315,0.9799870487954853,0.19579850290530132
no.havforskning,3ef8334fb6f9f61c,4,219,0.9455700596578347,0.23710230930103388
no.havforskning,429be13e26139631,73,3378,0.9770209686531186,0.2704553594407889
no.havforskning,52ebe6e41f190917,2,138,0.9800583757674957,0.22852190744436668
no.havforskning,55f6c97670a53aed,17,2380,0.9906548379923039,0.20982652371497598
no.havforskning,5db56660fd810325,2,256,0.996489178613576,0.34890650637519055
no.havforskning,68ade080b77b8fb7,10,549,0.9766627610137419,0.3006606925304884
no.havforskning,697cd48150061baa,11,683,0.9690627168000931,0.21024834693034422
no.havforskning,6d13dca06e977939,4,883,0.9966883179070997,0.23571831504369448
no.havforskning,7c0e9f56cc9604b6,4,452,0.9731022788046044,0.40827898955759834
no.havforskning,80ccbebcc860b2a6,15,554,0.956940384474812,0.19843411112397577
no.havforskning,85e5835015eaa490,12,346,0.9807013187935493,0.22469001884653236
no.havforskning,8a7232e3611e61bb,12,946,0.9778935398808414,0.2653658325007856
no.havforskning,921c30d8aa9d3cd5,12,599,0.9892958804456515,0.3141473616256167
no.havforskning,950069db70ca071b,4,469,0.9879037583169799,0.19999428099817543
no.havforskning,9d3ab214b7fd7694,3,770,0.9522761865445039,0.41888237486018337
no.havforskning,9f9549d2ecbf2dfa,3,98,0.9161267111932396,0.3093693117858943
no.havforskning,a2663295d982351b,7,359,0.9712883456715009,0.17708334190131858
no.havforskning,b24045b130714ff8,11,623,0.9742547468452879,0.4362053241016275
no.havforskning,b51c925672929484,2,298,0.9724084286303156,0.2258117901527081
no.havforskning,c588e91890195a05,2,455,0.9956619333984452,0.39275536508406816
no.havforskning,cc56c2c39981a553,11,627,0.9399245602442082,0.23688885827209027
no.havforskning,cc8b1f49908239c6,5,195,0.9297354953533499,0.28394163043103743
no.havforskning,d0bc0516042a6868,10,374,0.9773789996005221,0.391467899218545
no.havforskning,dc68eba1903a00d7,2,3578,0.9973781615643731,0.13402679352538385
no.havforskning,e0754f9318368591,3,332,0.949479034804417,0.26634889135983164
no.havforskning,e4bad957fabb0992,21,1080,0.9367017066560804,0.3154981423994319
no.havforskning,e609424e350f4a63,9,444,0.9956989665515228,0.26909079580156314
no.havforskning,e88b2a7adf9ba6fb,4,130,0.9793112264525335,0.17349537006261562
no.havforskning,ed02e230a06fc49d,10,591,0.9803672924879923,0.23725720157472965
no.havforskning,f5ecab1373d57085,17,485,0.9285907218016916,0.28768415810849235
no.havforskning,f6b92d96df48f5ba,11,580,0.9784156799725283,0.23300009517542608
no.havforskning,f9d351755894567c,9,567,0.9842169613876048,0.2784635478025082
no.hobby.diverse,00950be5a2296066,9,365,0.9855100419016111,0.23814203265550823
no.hobby.diverse,0b7f4a723c6dd449,2,132,0.9256019730701699,0.36858431843945494
no.hobby.diverse,0f4e089126b25633,10,658,0.9818558147822484,0.23630637704968266
no.hobby.diverse,163f1883f39b7a08,10,404,0.9923331386271104,0.27465556647184924
no.hobby.diverse,25d298330e01ea43,13,1025,0.9966795665336753,0.23278868154996335
no.hobby.diverse,2cdb62a7cdf9afb8,5,272,0.9961995805003018,0.19322512720852883
no.hobby.diverse,37476f341a2af473,2,87,0.9534931549601576,0.2359862990863033
no.hobby.diverse,3b0ae4f6b27d9cca,3,130,0.9669414538676208,0.17380368207532623
no.hobby.diverse,3f338cb38b49265b,8,289,0.985112825248943,0.269070745774758
no.hobby.diverse,42ec42491975f661,1,169,0.9817799320348638,0.2440054434411451
no.hobby.diverse,4847d0dd745ffcc7,28,1185,0.9855922268397552,0.3031427679057803
no.hobby.diverse,49639a4e634c1076,2,71,0.9388541319935614,0.34592608326790325
no.hobby.diverse,4f5280887b803ef8,1,130,0.9690046563906728,0.20572444907646842
no.hobby.diverse,4fd3f5810d9c1173,11,1022,0.9954354812618483,0.2947802325104979
no.hobby.diverse,551504a7633b1e7d,2,350,0.9462173270123753,0.1964815827343669
no.hobby.diverse,58001c01a6c2c76f,2,147,0.992894251641879,0.36288759511065005
no.hobby.diverse,5d6cd5db093b9c0c,39,2366,0.9915250610570802,0.28089576993632487
no.hobby.diverse,5e736d750b664eed,8,324,0.9787203436550037,0.3133299177572361
no.hobby.diverse,6e64d51ab3ef5ee0,6,353,0.9775122060577428,0.47401199558511076
no.hobby.diverse,76815f5f61346751,16,1216,0.9926320337128611,0.14097700361875504
no.hobby.diverse,783d8e026ded40a7,8,457,0.9744081542275312,0.2899721937066071
no.hobby.diverse,82cf63e432a7eb65,8,635,0.9934944482326705,0.4190549670980465
no.hobby.diverse,96e35f58eab9110b,7,614,0.9951562630227475,0.37251881994838815
no.hobby.diverse,98c3be7790acfbf7,12,444,0.962423221542639,0.15080345184258634
no.hobby.diverse,9cace28fa0751616,7,369,0.9608578789337021,0.2155370818114076
no.hobby.diverse,a13407391e29d0d8,6,481,0.9878931124740719,0.4122956057961672
no.hobby.diverse,a75a86091418875e,12,513,0.9120071591670512,0.2714248477140682
no.hobby.diverse,ac5d6d7f54dac9c5,5,245,0.9775144786980182,0.2335643421274196
no.hobby.diverse,b3f12efd6a1ee2b4,6,358,0.9858741333622109,0.21057236225337833
no.hobby.diverse,bfe4c9c59c47fe3b,6,353,0.9634478840942218,0.20482928634904166
no.hobby.diverse,c2a955540650c917,1,202,0.9989679533678179,0.2503368873740718
no.hobby.diverse,c3b7904139be6a53,23,975,0.9948461021878404,0.37694539712675396
no.hobby.diverse,ce6d2c221bf782c0,4,196,0.9911387611391936,0.36540085038228015
no.hobby.diverse,d7027e68430d3702,2,182,0.9947594639388168,0.26042871628818526
no.hobby.diverse,da8b9e080cb65e8d,6,448,0.9467200071878339,0.30662850264082875
no.hobby.diverse,dc84b0e901c766c3,12,715,0.9876805452413686,0.3195399256555037
no.hobby.diverse,e06b44166b2d4cb0,4,553,0.9758302921744547,0.2777442366857285
no.hobby.diverse,ee9943b42d4d7c00,1,45,0.924237424718571,0.4320953527291519
no.hobby.diverse,efbb2fe5eccf26e7,5,194,0.9569168442648315,0.35993170249856427
no.hobby.diverse,f20cc9d75affb627,4,824,0.9980033120020927,0.284501252959834
no.hobby.diverse,f7efe8c56e2c3757,13,421,0.975949555420653,0.1956725245139193
no.hobby.diverse,fdd4e877e55ebea0,15,955,0.9681521585122452,0.31061968156523617
no.irc,0a15a6fd75509721,6,476,0.9886517668220164,0.3433092283937393
no.irc,137c58b2fcc1bbdd,22,1670,0.9929147057694613,0.18416442077135742
no.irc,18b5373e1505f254,12,1109,0.9901831743318681,0.5761161412508591
no.irc,2865f2f1ebcbb4bc,17,1085,0.9914241548306585,0.14272931059546093
no.irc,2c743d1b948d2091,8,518,0.9218865463830411,0.43848497018528393
no.irc,326829532bbaeefd,8,1027,0.9946330621313693,0.30284577399420576
no.irc,3580f47c6a8cd83d,18,1012,0.9891749001458007,0.3626936562195071
no.irc,41b8c221dae46785,49,1925,0.9801973297203801,0.28556685146906835
no.irc,4516f1f7be43981e,5,518,0.9943398121210483,0.1602313409241193
no.irc,4d73c65d8f5f0cb1,17,680,0.9656556905893857,0.24012572806502094
no.irc,515f4fce9f9026a6,13,908,0.9818136629064282,0.3082778410336001
no.irc,528f17941cab0016,12,774,0.991768544735967,0.28823324043366977
no.irc,5c5cb296228d8935,12,599,0.9899033627864652,0.14336845467582288
no.irc,5c780cb6c97d4da6,38,1677,0.9931879686861038,0.4374828350578176
no.irc,634458ca66f09a59,2,681,0.9783907582425005,0.3727409039145013
no.irc,696bc25b40b4faf3,3,372,0.9930646103258239,0.33218938609227233
no.irc,711bba4f5298ca2b,31,1136,0.9676778883352274,0.2247246403684509
no.irc,7605eef9a7d93544,3,600,0.9974883043642688,0.39105845315536136
no.irc,776d0262a8c1102d,5,314,0.9862481862364153,0.32132272127190953
no.irc,783666650e6d13e2,4,291,0.9966642787330939,0.2101454096369104
no.irc,92ac3062ef1921a8,7,386,0.9927895282209594,0.3832352870449421
no.irc,9d98dc068d798dcc,11,573,0.9800625012286603,0.17608408320455982
no.irc,a95534bdf471ca85,13,594,0.9714701671751984,0.31306381542556205
no.irc,af44e11bbcc0433f,2,259,0.9898167164313181,0.4629576842845244
no.irc,b3a284e836a99088,7,783,0.9983368186200199,0.2111262681999664
no.irc,b6fa247a7827f30f,13,655,0.9939822201630221,0.22293355539818338
no.irc,b77081a91fd88a28,3,388,0.9909601316140928,0.322567175925351
no.irc,ba3071cffeb20e13,36,1308,0.9601146938731513,0.215004275548701
no.irc,c553a6970ccfc1a5,5,240,0.9854237540140013,0.3698691976278721
no.irc,c8a0e49317d82a8f,67,2216,0.9013240595291102,0.1937558629433205
no.irc,ca3dfd6f60e8871e,13,914,0.995503161070467,0.41296934259302903
no.irc,cbbb46ed934e7e47,36,1149,0.9915212575514257,0.2653901320969109
no.irc,d54ba10709a8749c,18,1043,0.9922684698334202,0.39050280708965845
no.irc,d94d81fbb51b47e3,15,911,0.9781746945410239,0.42468952877822624
no.irc,dd95308e977f6e3b,2,438,0.9976541685449167,0.3098057445581403
no.irc,dedafc00840fcb0c,7,310,0.9643840708980955,0.3167878558463621
no.irc,e3392379ef59f2e6,2,822,0.9949412607684116,0.3655213379731822
no.irc,e8507ff5aae6808b,18,605,0.980563944940795,0.4918535765260364
no.irc,ec96bc75fb485d54,49,2206,0.9907774766367646,0.32513811333584863
no.irc,ed3923ba743f9656,5,506,0.9901448156597488,0.3516600374351439
no.irc,f3150b713bbb6474,4,472,0.9938770870066914,0.26566781013895496
no.irc,fa1e10b7763dd77a,28,1705,0.9938726990312535,0.3583699833431717
no.it.diverse,09feb476388434ed,5,410,0.9868229190851765,0.2972570860763382
no.it.diverse,0b479804bf5aa7e1,6,454,0.9822639570421658,0.2916305446577648
no.it.diverse,0ce43742f3202a33,1,112,0.9954472168383192,0.3556039741079642
no.it.diverse,14bad2548c185285,2,143,0.986856453318841,0.27426011159435776
no.it.diverse,16e403e8edc80666,7,392,0.9708532144528732,0.24787016123119715
no.it.diverse,184148bb506487a3,3,120,0.9752355020703641,0.22082192050996594
no.it.diverse,3081beff72550216,7,492,0.9938432281728423,0.33521899295713237
no.it.diverse,31ea1854b9e07ed1,8,534,0.9565081013917492,0.1536678812052952
no.it.diverse,351f1357ab3a4a70,9,421,0.9542223680895582,0.2828095901038539
no.it.diverse,44c25a7b59e1f30a,11,804,0.9972436530199691,0.24510235193232985
no.it.diverse,4538957487ee3b2b,4,431,0.9941681670535664,0.4021828979174551
no.it.diverse,4618b48e58be4a3b,9,689,0.9964145710287773,0.40148991751591245
no.it.diverse,4aa90d2fca81cc7a,7,331,0.9610921279395923,0.23962296247271983
no.it.diverse,50fdd5a77a9946cb,8,853,0.994670051138095,0.35844701258972744
no.it.diverse,5ad9464d41af354b,11,599,0.9797439040104023,0.27546793875838077
no.it.diverse,5f841afa4f456618,2,341,0.9760713118612394,0.25058930638318
no.it.diverse,62263c1e60a9569a,14,1140,0.993378988179966,0.2529823147507804
no.it.diverse,64272ff8a7a64878,13,801,0.9792900468227695,0.3133333350231073
no.it.diverse,64f0ae3187974cc3,5,294,0.9823451940460357,0.3626653337091347
no.it.diverse,669063b29158c188,8,589,0.996576735357341,0.12732485938891272
no.it.diverse,6c43f76d4c031bb8,13,779,0.988374339809248,0.32007446291189384
no.it.diverse,6d06e9a6c2e643cb,4,365,0.9983932200455437,0.21060158132686374
no.it.diverse,7579ea2dd0dc35df,5,566,0.9962870351172722,0.20935202086028598
no.it.diverse,7b9f60533170e3fc,8,547,0.967308477856664,0.21925623951145104
no.it.diverse,8368a1c728ea246a,13,515,0.9895932019996035,0.2069300578513379
no.it.diverse,9832f0ca655e8a7e,11,565,0.9396615058677852,0.20191743329142642
no.it.diverse,9c7b8d83a4d323d1,3,185,0.9916119710330493,0.24001089696825673
no.it.diverse,9e6e0760289bc894,4,413,0.9899426084689834,0.23278549146381852
no.it.diverse,a62384d0034aacd0,2,232,0.9593840276714117,0.2745301395129358
no.it.diverse,b50632bf3d76a1ca,21,1602,0.99747529166063,0.2837413346150834
no.it.diverse,b6a2f93b466c28c9,5,620,0.9845199676815468,0.28745743198992524
no.it.diverse,b8db79f868ba43bd,5,464,0.9905212986459662,0.1779282590528744
no.it.diverse,bed1180a8808dd89,41,2535,0.9938046066119246,0.2395324363187677
no.it.diverse,beeb48e11ca27c91,4,325,0.9976951200050066,0.16637711694953025
no.it.diverse,bfa3bcdec2840f85,4,264,0.9901298031937791,0.2882583420257179
no.it.diverse,ca676311469266ed,2,195,0.9850831240208979,0.2177398022325399
no.it.diverse,cfb297db2686f18f,9,598,0.9881451929676074,0.3360176045865328
no.it.diverse,d877ffabd3810293,13,846,0.9923426691111723,0.2063812388103198
no.it.diverse,e013d7dc55fa81fa,5,217,0.9815847529798896,0.20021574531422245
no.it.diverse,e4010badcd79fc18,1,388,0.9995848809630328,0.21566486437615323
no.it.diverse,e54f0adfc8be5ffd,5,391,0.9878444292087121,0.15531711220526245
no.it.diverse,eaa25960737a8033,15,836,0.9835062602537099,0.28355069962499346
no.it.diverse,ed04c11d1a397455,5,345,0.967434715757416,0.35002341700934064
no.it.emacs,04b7bc724071c476,10,1067,0.9886484561971131,0.2957026567248306
no.it.emacs,0b934994742d2c9d,3,253,0.9722882611688078,0.38144729496965346
no.it.emacs,0cab9c18ffa3d0ac,7,470,0.9907014312814146,0.339516184069948
no.it.emacs,124c277bf1c63de6,10,483,0.9774364436602789,0.33195769828402893
no.it.emacs,1dad89935122bb38,11,441,0.9902499262585678,0.2771963617571401
no.it.emacs,212130d7892a2cb0,7,699,0.9947335439918467,0.40335530763400457
no.it.emacs,32190382ae2a9c2b,3,210,0.9911558007779027,0.31734418754125054
no.it.emacs,3d250c02e0379a15,2,223,0.9849798676972565,0.3637965586861984
no.it.emacs,4824544ca2e0b69c,14,976,0.9950944452006955,0.25855896556668556
no.it.emacs,4b84a343fd4665c5,9,565,0.9759775755396765,0.2236379980921372
no.it.emacs,50979ad4f83b5c86,1,101,0.9880759674600915,0.20550828231418514
no.it.emacs,52b92f87de25e764,13,997,0.9865906962421656,0.27821375817038685
no.it.emacs,53a697927166563f,2,244,0.9849072446284118,0.2207613205031302
no.it.emacs,56f94abf26d25c74,5,542,0.9915542448173312,0.211242112201641
no.it.emacs,5bcdf4a0a04d90af,3,433,0.9989044973989646,0.37736958982599994
no.it.emacs,5c366c1d629770b4,6,487,0.9928800327859663,0.29527455880043263
no.it.emacs,5e25765e61b1a60d,3,368,0.9809247621253707,0.28860805686400604
no.it.emacs,5ed2352d01e9bd54,6,273,0.9693602306728447,0.3397310213171052
no.it.emacs,632f74432f5fbe29,4,524,0.9936591718617749,0.22474461679428165
no.it.emacs,69a674e5e726d452,9,539,0.9909459584253336,0.2513928239000295
no.it.emacs,6cc76c37693bfdc0,1,357,0.9996342441018863,0.31691307506173116
no.it.emacs,6d89f8c150bc4374,4,497,0.9977361198746549,0.19062306164005233
no.it.emacs,77898755373a3c69,12,821,0.9949943837838283,0.18883967061435575
no.it.emacs,7ce2a2d568831bf0,31,1759,0.9828424789809227,0.32799865941181305
no.it.emacs,8e786039ab672014,4,575,0.9966496653964947,0.16483837316827468
no.it.emacs,92a15a4c2904101e,11,1316,0.9966587668936054,0.3657165293915643
no.it.emacs,966f411bbec58b4b,3,520,0.9952872882344854,0.3100423236012475
no.it.emacs,b4422018bc665ec9,12,671,0.9920020008193161,0.15302835997143763
no.it.emacs,bf59a8bee82bfeb1,7,759,0.988479779183639,0.26801270562427365
no.it.emacs,bffa9d98eee2a621,9,469,0.9356585309602606,0.1753491818876408
no.it.emacs,c360a0e2959bcf82,8,340,0.9749208672084613,0.2079293757177232
no.it.emacs,cb7ea1cf67ef2efe,6,511,0.9983656305907033,0.1680642541877384
no.it.emacs,cdd2d6d930362879,7,298,0.980632450869401,0.22965274073803515
no.it.emacs,cf449390cdafc018,6,1813,0.9972906915811401,0.18237620015040273
no.it.emacs,d4b23514b0dfb50e,15,754,0.9800366718884211,0.23559883518714064
no.it.emacs,da656d8bb447e88f,2,436,0.9933978156578557,0.4115183439356206
no.it.emacs,db33a810548f9413,8,495,0.9911202027099121,0.1467875327808095
no.it.emacs,e48560cbebeebd9b,26,1006,0.9652140664328409,0.3015660350408385
no.it.emacs,e88cf3acd99453fb,3,244,0.990953495072484,0.3587113094177503
no.it.emacs,faddeada464795cd,13,908,0.9946256309274617,0.13834701477874348
no.it.emacs,fdb67098fd243bd8,6,696,0.9966586611167526,0.2635566004158388
no.it.emacs,ff24bc181d8f6110,2,152,0.9840824789425613,0.395306999101563
no.it.os.os2,01a3c6909289fd1c,6,281,0.9824491131363182,0.33537992256125926
no.it.os.os2,02a3d5f9b46da28e,14,848,0.9882340651772975,0.2455922387662947
no.it.os.os2,02d8035e4932e2cb,9,834,0.9907955476059919,0.2532105528496386
no.it.os.os2,2b0bbefeb590a474,7,719,0.998046035329609,0.15827325639658246
no.it.os.os2,328e6e974fd621e3,17,966,0.9899342972874823,0.3660287486455854
no.it.os.os2,363855b5491f9952,30,1227,0.9797712457289479,0.13978658160000154
no.it.os.os2,4339c1c59eea8e11,21,978,0.9917384494507845,0.3435023224791102
no.it.os.os2,50dbb2c07091cb1e,14,431,0.9676579879609388,0.19142429606301647
no.it.os.os2,51d14d7ed919f11b,45,2420,0.9945546463282701,0.2592021870377139
no.it.os.os2,56223739e112d414,19,886,0.9568156114859127,0.25562026368309043
no.it.os.os2,5623c4d29dc99180,24,1843,0.9970163967446374,0.19983959075085975
no.it.os.os2,57b3b7ec5c4339bf,13,404,0.9771970650315126,0.4133687300478144
no.it.os.os2,60537ebd70c287b2,9,752,0.9990072145760757,0.30313020476443936
no.it.os.os2,609db82762ec9397,4,668,0.9992036633561564,0.18584944386269595
no.it.os.os2,60e8cb3a4c101ddc,14,1308,0.9957814872808649,0.39428910717004995
no.it.os.os2,65bd4c7d946c6a47,4,224,0.989093287640467,0.3053797647766818
no.it.os.os2,6cb05a31dfca4d08,5,300,0.970621231019068,0.37849293972972914
no.it.os.os2,6eb22fd9e7e2bdbb,11,490,0.9803178320353811,0.1789529617714343
no.it.os.os2,717ec16572612757,23,1237,0.9902996151466027,0.23005339487188448
no.it.os.os2,7562e0139bdcd15e,10,649,0.997372573465056,0.5012526153071482
no.it.os.os2,85415274c16a1773,6,309,0.9879223122589873,0.3734603293694712
no.it.os.os2,8592413d18a00711,9,834,0.9937136262301253,0.2775580007638425
no.it.os.os2,93be2d0cd5eb4c33,3,177,0.9859495807579904,0.36533576884537305
no.it.os.os2,9c2a3acb280c3fc2,3,416,0.991869112309743,0.3264814024010025
no.it.os.os2,9f3053e57f23f2f4,92,5507,0.9867242835333985,0.18653872923573142
no.it.os.os2,9ff84e2eb9fd5c77,6,387,0.9957371061788857,0.3278944414121574
no.it.os.os2,a2483c8f07c0a926,11,761,0.9826289035663882,0.21302784635858202
no.it.os.os2,aed7a7d42e6abd29,43,2200,0.965728255697005,0.25919615476043145
no.it.os.os2,b440e21330e805e8,7,437,0.9826130273420549,0.2932190735722862
no.it.os.os2,bf3d30e2a03ffc1e,5,317,0.9914537586541503,0.36292206237579994
no.it.os.os2,c06b39ccab85935e,21,1004,0.9943523806449293,0.3963009942965342
no.it.os.os2,c143bbb0cef21cc1,5,251,0.9743719143200331,0.22067505381907263
no.it.os.os2,c87dd291c3ec1a0f,4,561,0.9979461762885538,0.29719873485333465
no.it.os.os2,cc9b1f783711fd9d,9,1668,0.9972420926478512,0.2554175797515353
no.it.os.os2,d4c8e42d2e3d81fa,16,948,0.9899469666893491,0.2872510229441058
no.it.os.os2,db2c6b2120aa3d3a,26,1638,0.9866551529537154,0.270315739194158
no.it.os.os2,dc3d317046f8a71f,14,564,0.9869424836346045,0.28974983093421447
no.it.os.os2,e0a1cf8c76a45eb7,9,502,0.988061263718461,0.1657149256339923
no.it.os.os2,e9e18e0ad67cb7c3,41,2403,0.9494922444797002,0.3305585169322511
no.it.os.os2,f02ff90ebaffe3e4,9,550,0.9921330675046037,0.21848294307345337
no.it.os.os2,faa9927e709a507a,34,1851,0.9942149133531879,0.15066828425005563
no.it.os.os2,ffebd845066dd74a,22,1262,0.9952510382500485,0.1927899265909023
no.it.os.os2,ffff4099006345d5,3,361,0.9961851823957902,0.3845662423425092
no.jus,00166f176d7313b9,11,821,0.9626770311932019,0.19894739588565657
no.jus,057123db0c2398bc,23,771,0.9432079893096009,0.20429491229315833
no.jus,0beae74177530835,20,593,0.9449924734962795,0.1871444886861523
no.jus,0c7771a29ff14c0e,24,1006,0.9627115068457831,0.2501594983374451
no.jus,1419cabe2c49b8e8,21,1014,0.9840661341329104,0.37678303370973365
no.jus,18fd198b2d2ce78f,25,1378,0.9705538273353366,0.2724316844307736
no.jus,2abc7b1c598a568a,25,818,0.9139476441555178,0.2646032685325463
no.jus,3065ef0ff564a81e,15,1146,0.9931406698915116,0.2729791269710329
no.jus,329a9fc98d1604eb,2,467,0.9930350512049966,0.3338178019763953
no.jus,3416cca11f614232,184,8038,0.9740651431084197,0.22899858274544901
no.jus,38a83e03a67a73d7,12,894,0.990281883059738,0.16258387531976376
no.jus,4027c5363924a8dc,11,460,0.9461378649366048,0.16936085292601705
no.jus,48c398dd2faac7b2,41,1694,0.9189020610931032,0.18205027738248875
no.jus,4b70c4c26a0fcd54,15,906,0.9549172650604545,0.2499313296560713
no.jus,4bd01d55e1864390,39,2277,0.9875860366293171,0.28582887788936134
no.jus,4c1de74b7e5cac77,5,480,0.9782947088329662,0.23920346591673383
no.jus,4e01e96cc8954ddf,10,371,0.9577486148732531,0.33164023143116683
no.jus,5120f56679193678,36,2858,0.9952241084829521,0.18290872227804628
no.jus,588253ce866647f6,51,2864,0.9614808605585886,0.30986713636904484
no.jus,5f00aed4dc64b097,4,647,0.9970428535167419,0.24646061403768063
no.jus,6c21d3c259cea0f4,18,1383,0.9933103495014933,0.2380427306323104
no.jus,74301e5523f96fd6,7,326,0.969310863163953,0.1991543790395696
no.jus,772a9436af131c5a,6,413,0.9567543377752257,0.4014450188378588
no.jus,85abb8c3073b815e,15,1010,0.995145703760505,0.2756975470484103
no.jus,87be9a5ccc906980,19,1018,0.9734249564251259,0.20842298815585913
no.jus,9b43b23c5259f8a2,29,1606,0.9897005442548245,0.1974665647701503
no.jus,9dbca8e400006b5f,1,151,0.9954886021112487,0.1793365734903019
no.jus,a7550c636b06e78d,33,1753,0.9871913517057112,0.24967912143422444
no.jus,a7d2ad7508d4fffc,69,2805,0.9873206235259372,0.20757717588272892
no.jus,a97488503b012ceb,97,4778,0.9877520797611938,0.08007588364423254
no.jus,b3348739f353774b,30,2061,0.9874672974768235,0.22795197221197036
no.jus,b6ab333a864bf806,4,773,0.9794701483898682,0.11549591224562303
no.jus,ba89cf64bf7d9a87,16,1268,0.9949795072566378,0.32409112262003154
no.jus,c0a0238b228fbc06,8,1041,0.98689925726435,0.24685361298561861
no.jus,c4a27c9002beff3d,29,1061,0.9737140659739786,0.3229159849844259
no.jus,c6b9e1f2818a59e2,44,2457,0.9786238992153243,0.26353367867285843
no.jus,ddd3073d36f93368,54,2782,0.9906036150634863,0.22762048282808744
no.jus,deb01761104f3202,18,664,0.9159062640925901,0.2837596216841941
no.jus,e10203ce773f2d9a,22,1223,0.9725304028731843,0.22767969485464332
no.jus,e32bff40ffc54856,13,823,0.96205507814426,0.313553925157461
no.jus,e5825f62eb2dcb87,13,730,0.995731336189871,0.33242446433159717
no.jus,f330a2815b1817b4,2,302,0.9911489743672319,0.28645750628305056
no.jus,fed0baff6927c545,14,982,0.9943901364789188,0.19906907817981231
no.kjemi,072887cd1bedc84f,25,1172,0.9677943202028298,0.24426432423383124
no.kjemi,0ce0732adc34078e,4,491,0.9949409113230431,0.27870533879407605
no.kjemi,103f18885991643a,9,507,0.9836017636078066,0.2460819273432196
no.kjemi,16faf188d84098ff,5,550,0.988857525669208,0.2603120873619734
no.kjemi,1c2b50e91396c40c,28,1904,0.9958738722129351,0.25603878643575284
no.kjemi,270ca7522f44e1ff,7,1060,0.9980899503767172,0.2127513940118087
no.kjemi,275b42dceafff0cd,34,1558,0.9250834992699095,0.2948414580291431
no.kjemi,37c65431b40097f0,11,586,0.9076745495463239,0.27491108138070597
no.kjemi,395663d01c1c99da,26,1993,0.9965385663535625,0.18505882581926744
no.kjemi,3cbb38f322e18885,15,696,0.9874652488084763,0.1989148653257446
no.kjemi,46b1db6e27e1d327,33,1081,0.8920181619083968,0.3187311576371356
no.kjemi,48f4e8b7582b0040,4,392,0.9874566628882967,0.37184686962373087
no.kjemi,5093071458c71a7e,4,150,0.9536876786352917,0.28408389838600373
no.kjemi,518747202df99e20,32,2183,0.9950781299267911,0.26171657378549734
no.kjemi,539b582d4c6cc2cc,2,170,0.9847889380369131,0.2666726392920035
no.kjemi,57309f4aaf1ed141,17,1330,0.9628991150796613,0.2138516653155981
no.kjemi,57feaf46dbf0a27a,10,358,0.8991401733910575,0.2518869434350873
no.kjemi,5c991c9fa31744fd,12,707,0.9765153204660263,0.24863409311823334
no.kjemi,62705f409a35744a,13,1177,0.9958487165990763,0.21114328921758363
no.kjemi,6a7f7618267beb7f,6,809,0.9968648082316673,0.29002605789830144
no.kjemi,72c8dccf45310806,7,462,0.994894354312261,0.2273184427444805
no.kjemi,84943da86262f027,8,757,0.9944564615807603,0.18727796826801282
no.kjemi,8838105a1c49f8e0,4,168,0.9822017920002388,0.21241186144726884
no.kjemi,8d07efb586eaab23,14,744,0.9813159421563876,0.14364879139449005
no.kjemi,9c00baf00ecd0896,1,373,0.9925351784584755,0.19579403699047163
no.kjemi,9ccbb40a7f10f926,75,3053,0.9370528441439175,0.17747647993555055
no.kjemi,b1ebd357bb054fa3,5,736,0.9986609549259653,0.3051084246002038
no.kjemi,b2b96fb72a1cd4ce,16,1079,0.9850065165477939,0.3098618978030066
no.kjemi,bc11ecf0ae0eead9,26,1175,0.9747378567198732,0.1734313335551265
no.kjemi,be5625921b44e132,7,901,0.9860782597871187,0.2725205757480356
no.kjemi,bffe65695d60f934,37,2005,0.9919264871166801,0.29565706433133254
no.kjemi,c27c78354a986543,4,775,0.9983704392276457,0.21354040464197632
no.kjemi,c9af275cb2bb82ea,6,313,0.9860689694169525,0.2879909558494393
no.kjemi,cbe27f346e359f49,6,1118,0.9979927505134629,0.18164356304037169
no.kjemi,d7fdb839a25d7dbe,4,418,0.9910719064091773,0.1418128971315264
no.kjemi,e0d31fb9bb607827,12,741,0.9841611957314245,0.24995838048279656
no.kjemi,e31fc4608994c7c5,11,853,0.9887493845340666,0.2534391725145263
no.kjemi,e8296da1b05fcdca,7,863,0.9508836905706082,0.13168393848961474
no.kjemi,e937e14c8cdc6ff1,10,257,0.9417736504299765,0.3378659336982842
no.kjemi,eab0a5a484688dde,1,297,0.9993300412895372,0.126537200526435
no.kjemi,f0384a7d92fa6948,6,423,0.9811142413942746,0.20527936640741393
no.kjemi,f3c77bb2b0cbdd4d,13,627,0.9878281014632002,0.20188761714407222
no.kjemi,fd26fc562eb8bbfb,5,654,0.9911180900738352,0.22233717101970146
no.kryptografi,02057374a3a3b100,6,530,0.9980754888334192,0.23740041748951343
no.kryptografi,047d305cc551e796,17,1539,0.9888794057321081,0.19622318315808823
no.kryptografi,0729e47135b95d77,9,352,0.9451579171528621,0.3158348505618944
no.kryptografi,094fd207e479eef0,10,1036,0.9957871885328419,0.11431050583395208
no.kryptografi,0d11ec052c059503,9,557,0.9934196958417665,0.21470739189838353
no.kryptografi,1ead69533c359f9f,17,805,0.9463328994919961,0.4647037956228097
no.kryptografi,1f572760b37a3f3d,9,1015,0.9966231699720435,0.24728931265887236
no.kryptografi,2684f863370c02ce,9,543,0.9706883696177782,0.37261817977197337
no.kryptografi,27b13319c14cebe4,2,125,0.9891387963528123,0.2340457422069521
no.kryptografi,2c452ecf3a9865fe,15,654,0.988597223667671,0.3601785838735864
no.kryptografi,2ed823a2b30df6e9,10,716,0.9766031031027926,0.2676815032603177
no.kryptografi,30989ff6710d45ad,10,626,0.9893631750067867,0.11330418379029976
no.kryptografi,32f66571e151ac3a,6,581,0.9976195199056116,0.2905944740053808
no.kryptografi,3ac3ee9ce639198e,22,1164,0.9919742546588756,0.31532601045124015
no.kryptografi,3e5c609c732c1f21,9,407,0.961066871808133,0.2602617627882917
no.kryptografi,4d9b375bebc27e70,30,1211,0.964737685781021,0.15757824069730994
no.kryptografi,573ae890f2b883a1,2,737,0.9980449831425148,0.0910725278591417
no.kryptografi,74ec5a2ad9e0ba2e,40,2086,0.9914875704595899,0.3062318099145557
no.kryptografi,778eb4b14245f65b,4,705,0.997395291131213,0.14444621453005518
no.kryptografi,8683ff30d8c53898,9,642,0.984267665970403,0.26575274745003485
no.kryptografi,89671f2ba4effe7f,1,701,0.9998366453664508,0.3527287777093344
no.kryptografi,8c5946b8587fc34f,33,1223,0.9728976525188879,0.19742785586721065
no.kryptografi,8d6b85dfa66fc0f2,10,888,0.9955214035144777,0.18223598920327108
no.kryptografi,9302b7854baff13b,4,290,0.9923309091095127,0.2919903004578063
no.kryptografi,9a9bdf78f26166fd,18,771,0.9812653676420866,0.3546958929499656
no.kryptografi,9b36a50b9dfce578,46,3603,0.9955920286955762,0.30222623899298284
no.kryptografi,9c92aba9a1681364,5,257,0.9506569236364152,0.31027573100354466
no.kryptografi,9d3f441b9d3bf979,44,2464,0.9896476578677287,0.2410916967546887
no.kryptografi,a9a8ecd128e914a4,6,513,0.9946275979033439,0.29458680251380565
no.kryptografi,b1bb8615a5441f69,13,739,0.9819034136630314,0.26332733777699674
no.kryptografi,b6e41a52452fbce2,10,426,0.9666583781085526,0.19611989252514625
no.kryptografi,bd6177aad35367e1,6,324,0.985925250520005,0.3139269616655954
no.kryptografi,c019fda6633e8222,12,940,0.9799934584331502,0.2053794998545234
no.kryptografi,c083326b4d34f2bd,9,850,0.9855849174702757,0.1383121444011688
no.kryptografi,cad69e38decd4739,6,284,0.9680969636750935,0.3067189258330536
no.kryptografi,cc9b44171a560015,3,423,0.9701527388253675,0.2538167337401703
no.kryptografi,cf9ae60b86f7c32f,8,627,0.9656022959966042,0.24229953355243183
no.kryptografi,d319aa5e847a9b92,32,2250,0.9907582389436236,0.2361520188483853
no.kryptografi,e5f0cc58ccc4b2b8,17,1285,0.9885356473096788,0.28532646688427643
no.kryptografi,ed631f3b02e8d13e,21,1136,0.9886158810237167,0.3751638959546428
no.kryptografi,ee60e7917f3d0270,4,517,0.9985272674566295,0.29810814419517434
no.kryptografi,ff32d4a20d494317,8,666,0.9953143355971074,0.3082251140489578
no.linux,0036d908550b8b1d,7,760,0.9985019132993208,0.4117331809170763
no.linux,06da7dd95e3e92a8,5,241,0.9656458807336228,0.2747288297529245
no.linux,09278c5b7a4e3be1,9,470,0.9930246715821786,0.2264358165832412
no.linux,093f3be6893f9847,5,540,0.9980415643932633,0.23716887819040203
no.linux,0c468e3ac88e10dc,3,304,0.9962407921627786,0.25222512695950455
no.linux,0f75527e515aae90,212,17007,0.9975101765928014,0.24617716598827183
no.linux,11894151314a12bf,2,143,0.9587786190078567,0.3412341197454417
no.linux,11fde4d8afb61dd9,6,277,0.9766627585164701,0.23194052567441928
no.linux,14929db9e7c17513,3,903,0.9980003790092405,0.2799929588857092
no.linux,1631209a673d5df1,8,395,0.9695287593565318,0.17300691985035743
no.linux,1853ce7a237c9e52,27,1186,0.9961211105677559,0.08635732391740371
no.linux,1da12198ef923885,6,721,0.9948618110490045,0.2409648935363611
no.linux,2c446feda0777ab2,19,746,0.9922592824171835,0.21433146940541828
no.linux,302832ceb1bd1181,23,1542,0.9918315851706786,0.2977100270632257
no.linux,34280058b3433680,2,332,0.9942201891399699,0.3084407811933164
no.linux,44018616607eb054,5,676,0.998563412428096,0.2534290474663453
no.linux,4e518038bad7beef,5,186,0.9380374692567529,0.23102347336844067
no.linux,5154c203c72a46e6,2,157,0.9893174386683243,0.23710277892150977
no.linux,521ab87ddba63153,16,1667,0.992794596147346,0.23120599975516606
no.linux,598dbc326ab13450,19,526,0.98268663192641,0.30151611748961665
no.linux,710f4b2f8bf9a474,13,786,0.9917692432640958,0.14371551289055484
no.linux,725d1e0482b4e602,19,751,0.9913898234333708,0.08162033856841382
no.linux,7311ebac39ef70fb,2,656,0.9997444710059317,0.17004874157351824
no.linux,738e8bc1d96ea8b2,12,1164,0.9726006573616752,0.26474556036153263
no.linux,74e5528090e79c26,2,353,0.9997448791172476,0.27071764878637616
no.linux,79c04bb9e5f0bc1a,4,557,0.9896156868691685,0.19793624346692765
no.linux,7f5c2ed79cc47f36,9,1803,0.9963494535104727,0.20023733737493987
no.linux,9f5ce5a54abb85c4,7,1336,0.9957601253092914,0.25156794604890526
no.linux,aaea087fd85d7be3,6,320,0.9665489107539079,0.197439030391453
no.linux,aebe324c1e6f7d34,14,824,0.9917456251966661,0.35829866430326324
no.linux,af6dff2afa9edcda,4,374,0.9671796224070167,0.25923154934181647
no.linux,b6fcf467fade312d,17,1380,0.9932613438549417,0.3708405358480135
no.linux,bef43b147bb99fd5,11,473,0.963006228198234,0.3765590424955399
no.linux,c95149de79cdc8a7,2,158,0.9855134181185198,0.17620623019585335
no.linux,cd2a781956ea79ec,8,950,0.9981916087078536,0.34812122136155726
no.linux,ceb8576d5b7938d5,13,686,0.9936533323593765,0.3042157153790942
no.linux,dd1a5fa33f142757,12,571,0.9956835769943646,0.10366149039415501
no.linux,e15a19a258c21629,13,868,0.9896746229927104,0.12407173307481316
no.linux,e3719ba4c29cf69d,15,1565,0.9970375266048856,0.24158271316965288
no.linux,e56d4be718b99e2f,11,656,0.9902768439782924,0.20450158781414454
no.linux,f10b70e0ac3650a7,6,393,0.974898111464598,0.1000847209707722
no.linux,fddeaef4dbd306e9,2,676,0.9956904961967641,0.2155080006573947
no.lisp,00b1dea92273d1e5,4,486,0.9791272376308957,0.21539886658588983
no.lisp,01f033196d635542,25,2171,0.9955038417347787,0.18752647884453796
no.lisp,0250fb38214a5499,53,4326,0.9935653724196749,0.20704439514342332
no.lisp,199d859de9475cbe,5,1098,0.9993918517176237,0.14733963510787432
no.lisp,2171c261864791ac,31,1855,0.9926360691351904,0.27813742875748765
no.lisp,26ed5f1f60339a63,26,2057,0.9978118674216945,0.24344643358647278
no.lisp,282704b0a9fa443c,11,917,0.9908885670553096,0.2936033316110373
no.lisp,2bdf60dbe9d9b6f9,10,770,0.9941063218362491,0.24441536306321518
no.lisp,3dc2a3dba8fa7e96,20,4166,0.9969640385041185,0.22731848076122396
no.lisp,405a2b125ee9c039,10,3767,0.9958292017423173,0.10582146500380789
no.lisp,4444761e0a002566,2,702,0.9988236181653903,0.3328789282887568
no.lisp,4817ccc1a48f9f40,12,826,0.9832113853373687,0.27851106359262395
no.lisp,4a73e8191c06575b,4,99,0.9515855139123504,0.2904856812618975
no.lisp,4c5e7889946910e1,5,553,0.9967347798716162,0.13978505907671915
no.lisp,537703c93d501288,35,1680,0.9946541031077046,0.29781355127532827
no.lisp,5c34d0f30f81b4e4,14,654,0.9876460066533748,0.21660752088720456
no.lisp,5c91555dd1e3c19f,5,953,0.9978638457245622,0.3666205389957088
no.lisp,621b4e7c64b9b67e,11,567,0.9674126766171125,0.3616176003607478
no.lisp,62ebaf584073b304,113,5579,0.9808005724678059,0.2038502362872117
no.lisp,657cdb05c60b0f85,11,509,0.9851287984574728,0.2561735418498511
no.lisp,6f478438dd795f47,8,714,0.9952705903015947,0.3091365911543362
no.lisp,7aea357f24482de5,9,1167,0.9919063858502178,0.21652356620854613
no.lisp,7b1277da924e8ed4,13,694,0.9955897170239795,0.2888653464083948
no.lisp,7bc50ecfe568e97e,11,824,0.9936334928054892,0.19448134164489425
no.lisp,802184e5c22fae91,8,675,0.995057717319403,0.3464261313849793
no.lisp,885d86b8c85183e4,12,509,0.9885955258081992,0.2635850373903346
no.lisp,8aec7a2ebc159e58,4,240,0.9850990114169167,0.33310895829716203
no.lisp,92066584d29d51f7,3,356,0.9813804432927916,0.2506562469067354
no.lisp,accdfb60dccf1e9a,4,519,0.9903040735483553,0.2800591831615595
no.lisp,ae48fa3d738231eb,13,912,0.9931522731547241,0.24338642943180647
no.lisp,aefd6788815d9917,3,1391,0.9988016122652523,0.19506666602784853
no.lisp,bb1af2416236e7b4,10,821,0.9768211875614952,0.22056118212067521
no.lisp,bd6aec6c070b89a8,35,2044,0.9588548109281518,0.31327373980897916
no.lisp,bf24444b1d9bcae8,1,1025,0.9982115921954605,0.3544515810425806
no.lisp,c00c99216b6fec17,1,163,0.9926910300473865,0.1547683810064703
no.lisp,c9f0d09bf25d4b20,1,318,0.9990503128912461,0.1555357671297809
no.lisp,cccbb976f503e687,1,210,0.9949642798558537,0.23320391591770326
no.lisp,d968d11a564e90d9,7,946,0.9953387757474491,0.07355214700110711
no.lisp,e1a45856eb8375f3,9,366,0.975843919721546,0.34141237595916746
no.lisp,e479263f8e38c5c6,12,666,0.9934924597162356,0.15072115411422157
no.lisp,ed1f9e14e17da720,4,658,0.9966621663956207,0.28468306074107036
no.lisp,fa53bdc3e4498b58,37,2482,0.9950488292949838,0.23791206620029728
no.litteratur,059e47ae7a21cd58,13,376,0.930818836921499,0.3220659768929794
no.litteratur,12695787968ecfe7,7,325,0.9822305257172469,0.25754610892637453
no.litteratur,1c6526a357c7c274,15,887,0.96531256954118,0.3545036184870021
no.litteratur,21d28e2a2a52b80b,4,107,0.926806153600361,0.25267335468705066
no.litteratur,2c04255eca6f480a,3,361,0.997571354157519,0.22006909384459233
no.litteratur,2c7c31a5564568dc,13,470,0.968725676433902,0.21352548108597832
no.litteratur,2e7e14e041091ec4,10,826,0.9902622505765472,0.2649283772083308
no.litteratur,2fd285e84bbb1243,12,814,0.990480469495955,0.2879580387170269
no.litteratur,33a30d0ea3f0eaee,28,1051,0.9841850200603574,0.2398939195018529
no.litteratur,34582e6dfab45831,15,588,0.9410583660957328,0.18492309930620268
no.litteratur,43ed9c9324a3ffc3,4,370,0.9949154248068421,0.3070880586534479
no.litteratur,4404283219390405,2,89,0.983171150943618,0.34051377486898193
no.litteratur,51d646852751002d,11,926,0.987170109555096,0.2529547391890273
no.litteratur,5c868be9067e5be1,10,744,0.9767083164134389,0.28846157365368363
no.litteratur,5f20760aaa26ce97,6,551,0.9602949944599832,0.20677949720523892
no.litteratur,5fe000b3d2d6b59b,101,5603,0.995039900308612,0.17901629326434
no.litteratur,6301d96121e93ef7,10,836,0.9871849414630466,0.32253445306282497
no.litteratur,754ce29741075ecb,3,246,0.9695872543221827,0.1505339515787203
no.litteratur,7593254d0d5ece13,10,297,0.8888817372796116,0.3036650237534731
no.litteratur,7f35a43b5ded4ac7,16,831,0.9328010270518872,0.3207124312477493
no.litteratur,81e717d0cc241eba,1,58,0.9534568159405363,0.23156574869403318
no.litteratur,84321284c68bf37e,5,289,0.9744059373583756,0.27593648484405536
no.litteratur,86959f55d5e255ff,22,1050,0.9831904316431234,0.2873852986623112
no.litteratur,88d1e5e8fd15dc3a,9,655,0.9709219370914869,0.16268309984439008
no.litteratur,8e884f613e045c89,6,229,0.9710719287452699,0.2750773950126608
no.litteratur,989657f08308bf67,39,1557,0.9848817837469471,0.31948279374081084
no.litteratur,9bbcafe23d3e8d98,7,479,0.992056820466681,0.3319670871099155
no.litteratur,9e09fe0bae2a9f7c,15,1414,0.9904897668957552,0.34132606237118657
no.litteratur,a97cc922c1956ec9,4,318,0.9876463617984733,0.199549374736559
no.litteratur,ad1fcfbd4f362bad,25,1584,0.9644979128696489,0.1888279155126414
no.litteratur,b193a2fc524e973d,7,318,0.9873322071844879,0.2279883268181688
no.litteratur,b63169818293f109,12,762,0.9861458188223132,0.23978829598624302
no.litteratur,b9def1066a9a8570,5,474,0.9874950610724486,0.402809528256414
no.litteratur,cdc080220b70836f,6,619,0.9677503733614751,0.2947267712009205
no.litteratur,d11181534962c457,5,192,0.9533182586482366,0.3031419580103837
no.litteratur,d44a8d4dc0c420d6,45,2801,0.9945997649070746,0.29612509749817445
no.litteratur,d9a279b957f54cc8,4,224,0.9673756277503741,0.35612309124023694
no.litteratur,e35610559f9eb01d,1,181,0.9970632831568981,0.17356088576184353
no.litteratur,ef013d17e7dd788f,69,2377,0.9227693261823843,0.33306939802673324
no.litteratur,f0b8747830df2585,9,563,0.9919119513911671,0.2548746595106611
no.litteratur,fa20d58f214c7cca,22,1115,0.9795431784448205,0.24829499040764524
no.litteratur,ff72662b2db32bfe,5,258,0.9882089434083334,0.31210685550236605
no.mac,11e71b24ea19487c,9,828,0.9981335308916387,0.14772501006363545
no.mac,142d2057fbc664b5,4,307,0.9874690597759919,0.19983241495603962
no.mac,1539cac0156e6de1,14,570,0.9788501590184254,0.1964295943245125
no.mac,1d7b5bec7e40469b,13,1189,0.9737952150290121,0.26520052693744317
no.mac,28a4927307b58fbf,8,563,0.9812340235086775,0.15862814365035272
no.mac,2be9519ffba4a51d,7,356,0.990279595971179,0.30033199118118736
no.mac,2e976258d11ad0db,20,1014,0.9941572787072918,0.24772889370051482
no.mac,335103584fd29739,7,551,0.9908774028832117,0.16910151716169514
no.mac,34d4ebd504daa3ee,16,800,0.9879606458104301,0.39363087000409597
no.mac,39a295f3290d16a1,6,412,0.9879500197898063,0.28356858016960484
no.mac,3ce21acc7e606d42,27,1836,0.9976477558863237,0.13729388263539372
no.mac,44e80e6ae86f6815,6,190,0.9761022887574512,0.36217824091703094
no.mac,4790723659e2b038,8,578,0.9881829526570485,0.35215535877337334
no.mac,48c75336c0bc7484,5,961,0.9985178730173131,0.4200989942785636
no.mac,4d0629b17cd4c1ed,16,761,0.9620547586870759,0.19218623461052398
no.mac,594f380e084f1a1f,10,607,0.9864209734619936,0.315937575387227
no.mac,5a18f0ce34a87292,3,366,0.9960267863631675,0.24510507758496708
no.mac,5cbffa0b9aebed0e,4,626,0.9944023484585465,0.16613486663686483
no.mac,62ce2e0f70c4b8be,24,1016,0.9920486803232832,0.2680403661586082
no.mac,6523d8d39f196e23,1,305,0.9944151573247785,0.35591627627993044
no.mac,6953fdebf7a882b4,4,503,0.9962059196638401,0.3727131486909786
no.mac,70cf6469a9aee981,15,984,0.995692460758017,0.23899318661834473
no.mac,76b12fda3d64278f,3,510,0.9932403834290592,0.26801494870052733
no.mac,7a81373e4c5bfc9d,3,253,0.9949632289858269,0.2626955803307267
no.mac,8518b39e39ff2976,18,877,0.9772097874592602,0.40211284592100766
no.mac,860cb93f25f453d5,1,402,0.9995325486127872,0.2823688883724568
no.mac,8bac212b7335a865,4,575,0.9912175224554772,0.21809379399477016
no.mac,a22cb522779127b0,3,381,0.9857018661039688,0.22226464329970225
no.mac,a80d47ef2182f32f,3,200,0.9953644008229496,0.38240352280390744
no.mac,a87610ce22aa62f2,17,931,0.9917448035658666,0.20134469900774773
no.mac,b210f18d3541691c,7,904,0.9993128117871244,0.23277976970766262
no.mac,b783c03da3a6fc67,27,1050,0.9405344127488786,0.26358387782915993
no.mac,bbf5ae1e1d664f38,6,477,0.9926816523156731,0.26082145862299944
no.mac,bfd1063023095f29,4,264,0.9883431882875519,0.3344469351157143
no.mac,c79b4d5938708e16,7,657,0.9987299594262559,0.3301440421353247
no.mac,c85adb291068dc84,6,350,0.9874766228890987,0.5312118268500073
no.mac,ca755a09e68b1d07,35,1605,0.9920912384685728,0.17011720476968084
no.mac,d5247eb5a990ca3d,7,377,0.9854215116938282,0.2934124088254976
no.mac,d7f90c02979048d9,29,1474,0.9805189145283311,0.28843662182215524
no.mac,ec05b76b64a0f106,18,1069,0.9928023018920278,0.1762124361722781
no.mac,ec7daa9423b09be2,12,1123,0.9866417713406724,0.23811189812996295
no.mac,eded68fd5a4ab82e,4,246,0.9889107734490639,0.37669667896891473
no.mail.diverse,08dae3585d1247e6,1,680,0.9978502561305184,0.33163868578610683
no.mail.diverse,08eeaa43b96009f4,4,559,0.9945797643321039,0.29825348897870757
no.mail.diverse,0b6d26fa44d7e4b7,14,644,0.9733402982278977,0.3028376232878776
no.mail.diverse,0c43f112da5c2688,19,814,0.9868580212016755,0.196693142924477
no.mail.diverse,0d72fd15220d181c,2,414,0.9961112988789295,0.21159245351753675
no.mail.diverse,14c2980e8be1ea7d,2,256,0.9945641924695873,0.35782757543704563
no.mail.diverse,15fcf2a0c96eaea7,5,455,0.9946866453790206,0.31814052992154407
no.mail.diverse,2164f033cf6011bb,22,1338,0.9892939467941392,0.41094207384343595
no.mail.diverse,26d0b2a64a4d5c72,8,286,0.9761691286570381,0.29489681712327687
no.mail.diverse,27e0d9baf5c13f15,8,299,0.9211347133848652,0.2015784972604751
no.mail.diverse,28527dcc4dbfed26,3,317,0.9954907982714492,0.2789676706800625
no.mail.diverse,2ff9f5821b12bfb1,19,3311,0.9969722389818664,0.38003655855396234
no.mail.diverse,3332196038848557,16,967,0.9951003515328317,0.12753876105717132
no.mail.diverse,47d4b33d4bec3ed7,4,309,0.9771553085221073,0.2739520247320387
no.mail.diverse,517207efdd113244,18,967,0.9872507047539043,0.3102699693118944
no.mail.diverse,588f39cd588aa236,18,1352,0.9910334182810979,0.24319001211129967
no.mail.diverse,5db9209cf7fc7232,7,729,0.9977967513318033,0.20225962258608923
no.mail.diverse,63b5376ab600c601,12,645,0.9874509679228105,0.26743220670576423
no.mail.diverse,6464988f9503c9e2,23,1767,0.9872680812218221,0.454238474321598
no.mail.diverse,82b6878f538540d2,9,445,0.9874011674938072,0.23706793925789169
no.mail.diverse,83c9619484cd2bc1,40,1679,0.9910276728147905,0.2492154331193479
no.mail.diverse,8634d3d9f96d393a,17,906,0.9764713370438013,0.2789031055933737
no.mail.diverse,864d0a494259be61,16,1133,0.9958772802711441,0.22219050763690898
no.mail.diverse,9caaacc13831f16a,1,168,0.9950317428000959,0.37663629463291426
no.mail.diverse,9f677e6538b7b717,4,850,0.9951327025934673,0.31562273674884195
no.mail.diverse,9fe775de43bc863e,8,288,0.9713054760902413,0.4741529967502767
no.mail.diverse,a0ce5265aa32dea0,8,950,0.9941971104662429,0.26242958262666893
no.mail.diverse,a709bcaeeb92b953,29,1589,0.9976115555032768,0.41387850825911277
no.mail.diverse,a7f0254c738c11ec,6,543,0.99709304156727,0.22598031063305066
no.mail.diverse,b5ffdf08297622f2,24,1518,0.9886841616514098,0.2452481979570212
no.mail.diverse,bf6f64b33a540f74,12,689,0.9817890931127874,0.3711767004808641
no.mail.diverse,c472735e6a3ac216,13,2742,0.9922181190069597,0.20215838214188808
no.mail.diverse,cd4c18a4420afd37,2,437,0.9952664537341942,0.2551827368914191
no.mail.diverse,cdf7e4dec3cb7756,7,462,0.9921326566430739,0.404917711652671
no.mail.diverse,d8fe599f1d197568,5,153,0.8762924605106265,0.3510908460799272
no.mail.diverse,d96e74c5964ee124,13,1025,0.996522588273151,0.1879540128033953
no.mail.diverse,dabfcb4eb9901b31,8,685,0.9947692032116963,0.3623095856843777
no.mail.diverse,dde1d9cf2339b40d,4,353,0.9821203808157299,0.24451416374139898
no.mail.diverse,edf97aa23eb82b14,1,186,0.994072031021764,0.3296978150698416
no.mail.diverse,f5bfef77b5fdd8ac,7,734,0.9982534626870952,0.3462347270556736
no.mail.diverse,f9aacd0312156a56,5,479,0.9957057275356846,0.19299220794611438
no.mail.diverse,feb97b5b44b36823,21,959,0.9932894713129223,0.2818489025408416
no.mail.diverse,fede2243fe4f4580,9,431,0.9841382928074784,0.18984051231151208
no.mail.drift,04f5603d0fbce0da,13,930,0.9948438480322134,0.40447597508513844
no.mail.drift,1b780283a94d0d2e,6,382,0.9872805944056068,0.16071813992695896
no.mail.drift,1e960292dc98dc1e,8,967,0.9963586946726235,0.16108038323680274
no.mail.drift,226042628bc576f0,3,642,0.994530103339378,0.14636411037044597
no.mail.drift,2333e6adbe4f6fff,5,681,0.9761959912664285,0.21265250845491404
no.mail.drift,261fcc319a2789ee,5,536,0.9859277951287032,0.3923530354983248
no.mail.drift,2a3892fd698c02f8,8,541,0.9961977993758915,0.19743801616765402
no.mail.drift,31152b3a8f52d8d0,4,184,0.9932401351786857,0.4404783681695822
no.mail.drift,3941b9c4c6206dfc,15,1233,0.9950291214430832,0.2984514705856982
no.mail.drift,44ea0ab7ff5bf276,8,663,0.9836779499040137,0.3280159571457691
no.mail.drift,458b785b38fe69e5,16,1011,0.99711862239026,0.23001813446125582
no.mail.drift,46bd6ca3cf25ba84,5,687,0.9988645971514437,0.2310212200566112
no.mail.drift,4acf90c86dfa3ae0,17,607,0.9916124729331802,0.3080944953053623
no.mail.drift,52c1a45864ecac80,13,629,0.9829603200368001,0.36190085965716023
no.mail.drift,63ae253eae8a8fa7,4,547,0.9951142517238922,0.15228866919296752
no.mail.drift,64aa329199bff0d3,42,2270,0.99525688238083,0.4358602478761248
no.mail.drift,6b7584d2ef950adf,10,873,0.9972609578813522,0.18775528883456508
no.mail.drift,78b12219cbbccd2f,16,1132,0.9957618484820616,0.18917691181613405
no.mail.drift,838c6b2371ea0f99,13,517,0.966933562123738,0.23330214762294443
no.mail.drift,84f21d1b311c0c1c,1,52,0.9618244854316064,0.3675670192569512
no.mail.drift,86ae39b4c20f9b56,3,214,0.9844217792827875,0.26453274464721577
no.mail.drift,8f3bb01352fc193e,20,852,0.9829338457049894,0.21441713956845593
no.mail.drift,91fd229dc2877911,21,1315,0.9926660450339181,0.3705711737452467
no.mail.drift,9713417cd7181c7c,16,1331,0.995159213884049,0.21876104836978513
no.mail.drift,975444ac1deeccb6,19,916,0.9889003136227245,0.24897191900627533
no.mail.drift,99600be054e94a2f,18,1102,0.9830691088987171,0.1861434511453615
no.mail.drift,9af40eec750d8630,12,695,0.9905514914444292,0.25741977753619116
no.mail.drift,9c1fccdbfde2814a,23,2095,0.9928213051909709,0.27808031957516394
no.mail.drift,9c762b2a6f5e664d,8,1010,0.9935833483053951,0.21164221598450417
no.mail.drift,a078888f8c6741f2,6,974,0.9984822244555512,0.22774730533351947
no.mail.drift,abec64269e64eac2,6,218,0.9696286633161783,0.44994562204772603
no.mail.drift,af37e6fe65fde788,5,548,0.9949989643138935,0.15861712760908023
no.mail.drift,b4aeb26c49f02d82,13,922,0.9912453647728375,0.21189026852428464
no.mail.drift,be9a96bbb7941ae2,3,2355,0.9979554060324676,0.24485030454092613
no.mail.drift,c23b58d3e887b087,19,747,0.9881433356269435,0.30662192550941497
no.mail.drift,cd4da42ae8994946,3,899,0.9971757054172737,0.19806696185252878
no.mail.drift,ce2acf58d1d0a491,11,447,0.993543237551375,0.2925704600255945
no.mail.drift,d04f0dabf09f5ede,3,1629,0.997549854224211,0.13585784950070376
no.mail.drift,d2fb9474b8ab17d8,3,240,0.9762350151044755,0.3170166198038247
no.mail.drift,d43a82e250ddb53d,15,1030,0.9909991474545577,0.35495819058679184
no.mail.drift,f6b0f336d300d623,18,970,0.9932125567604109,0.2312179201203635
no.mail.drift,f99a33dc7cb5e41b,25,1011,0.8803725496572046,0.2914259030084348
no.marked,052ab91ac82c35e3,5,214,0.9044335756722677,0.2793480756630482
no.marked,0a2383612c14b697,5,163,0.9540582919282622,0.4219465132868613
no.marked,0c23076e623cf2ec,3,542,0.9742785104119851,0.24973620959139223
no.marked,0cdc2e641c1b4ff4,3,223,0.9870092692734348,0.42421415092891385
no.marked,241a900cd262e078,10,883,0.9786936477868114,0.23817145178046079
no.marked,2a8e7d974f0d3eed,6,266,0.9608079644548913,0.393306590518276
no.marked,2dc7ff365c8cc7b0,6,400,0.9873479834120372,0.3642473572958765
no.marked,39684ee96b345afe,3,397,0.9951270162645145,0.395064341534807
no.marked,3adb7d26f96a95f0,5,591,0.9976906505980259,0.387839715260354
no.marked,3db7006323c0e611,1,86,0.9981917003018635,0.3160332781868368
no.marked,3f9975b9ec1b029b,7,388,0.9561256161155705,0.2720104797908353
no.marked,417e4f4677f260f0,5,293,0.9835966257955452,0.25713215207434115
no.marked,44fd2523076b044a,3,382,0.9970073673214515,0.24809981622305194
no.marked,4708388e3d4fd7b1,10,834,0.9769706358536238,0.3532202481651877
no.marked,4ee1f2b5ff363d41,10,793,0.9626469072148118,0.31942663278026895
no.marked,5257173e42b98175,7,788,0.9623306478434098,0.2389764526079737
no.marked,58335bd6a6131376,14,852,0.9956374490509957,0.3030861763642254
no.marked,59b2545b3c87712a,5,393,0.9936888577653331,0.33590336143907035
no.marked,5febcd378ef9a282,2,109,0.9853398019129532,0.22689445646879122
no.marked,61230aba98890af1,9,546,0.9883882233589527,0.3336540321821909
no.marked,690789784fc2de12,3,261,0.9932505302976522,0.21962847062659085
no.marked,6b34588683b87afc,3,560,0.9803032062245769,0.4356814868753337
no.marked,72c1e76a1edef5b3,6,472,0.9932170950693072,0.338134534280806
no.marked,7d68a8d4b2952bd6,6,264,0.9365704682327065,0.32656010684709436
no.marked,9b923bf251f95f2e,1,752,0.9970103852246084,0.268129378544509
no.marked,9e36fb3a74211631,2,144,0.9605418091480511,0.18605301816722736
no.marked,a05ac91a5dce6c74,5,382,0.9952069812494453,0.21847918106693656
no.marked,a10a69fbe38aaa83,5,702,0.9780697737430983,0.2894872848275995
no.marked,a40d23d218cc08c5,7,283,0.9648489054628032,0.20567945507106286
no.marked,aea66a7339b1b33b,5,81,0.7414195728501424,0.33571486735609446
no.marked,af618353fe4e0e5a,7,616,0.9921776979448083,0.2922216666202393
no.marked,b2456ed232419e64,5,573,0.9887516067647923,0.14428714881709584
no.marked,baab6143b985c982,4,255,0.9960048696357506,0.12726561798722275
no.marked,bc92ff1cb38c8947,6,466,0.9946359317038449,0.27212623554739634
no.marked,c57425308f4c4113,6,537,0.9893764137746414,0.3052757028264426
no.marked,c657d40d0c6e8489,2,279,0.9778723504201193,0.2122970778735777
no.marked,cf10fb958a52a4e0,6,375,0.9660296279172341,0.2691729223759139
no.marked,d5bc3ff337e4e7f3,2,821,0.9843630422391186,0.1547499827998311
no.marked,e16a064f8bef0acb,7,323,0.9754308577418475,0.2473303358304972
no.marked,f29c406fac5c6bd2,1,215,0.9998087014701617,0.2259437426492739
no.marked,f3f33a9340ac85ae,1,676,0.9943106969072067,0.14378577513705637
no.marked,faf439830ecfe8d6,1,208,0.9864444592540811,0.29413863864561074
no.marked.bil,02bcf7e05308b465,8,257,0.9476500385707783,0.3390170331915446
no.marked.bil,0b7f7a93e14b2d17,7,405,0.9899961122443122,0.1571525726676972
no.marked.bil,0e86504dc588437e,2,124,0.9910459024362915,0.20977989933484217
no.marked.bil,13ba989bf4d82851,8,508,0.9955922964117189,0.3398928115316168
no.marked.bil,13c5df8f3ecf906b,5,522,0.9922428236915858,0.23131854395117732
no.marked.bil,15f77f6b7c266de9,19,1255,0.9896135410378716,0.2909867923031254
no.marked.bil,162e23b242e6be58,13,600,0.984279424919915,0.24533670531748764
no.marked.bil,18b393ca183f2777,7,394,0.9824913310587561,0.18696619659543506
no.marked.bil,1d75f6c03fa828a2,18,542,0.935261626179116,0.3419251371015988
no.marked.bil,1f174d1038e1581d,1,109,0.9171459062749966,0.22578473971859067
no.marked.bil,2b5537cf6e0c9ee9,3,226,0.933310565738347,0.3401108363202742
no.marked.bil,2e435ad65d9dc115,3,57,0.9305469759798126,0.3428552422438612
no.marked.bil,32a3304d2a517863,3,49,0.934613800166484,0.32222576794742186
no.marked.bil,3dfdd4f194671009,3,188,0.9634353470234744,0.29993255132845054
no.marked.bil,3f675a4c3c73364e,2,211,0.987600286081861,0.23574309692019102
no.marked.bil,4355af1d02e07e1f,7,345,0.9753366871191602,0.18792304459795245
no.marked.bil,4d5a9351eaecc034,7,312,0.9918426483246434,0.2796701962782942
no.marked.bil,4dd8b134283f2e28,26,800,0.9286521199480311,0.22203366520459783
no.marked.bil,5fce09ec8ced0def,3,236,0.9909550019314546,0.29522269087789543
no.marked.bil,678767d784421d5e,7,319,0.9474030338334978,0.4516068953965631
no.marked.bil,682dd2cb47e08ad2,2,139,0.9467873963428703,0.24287862697915688
no.marked.bil,6858b2fb71e7da47,10,486,0.9549610470968994,0.3455717965280823
no.marked.bil,68b69736a13cce16,3,49,0.934613800166484,0.27193851142992137
no.marked.bil,7432fc38f3596dbb,3,172,0.9750913741856329,0.31038490366583066
no.marked.bil,753614f09e17c2f9,6,895,0.9893515051991821,0.2125213797399409
no.marked.bil,7654c385b09c0e76,4,431,0.9895125078581914,0.259678543258318
no.marked.bil,800623da0930d4c3,2,182,0.995370942103891,0.26114346812404327
no.marked.bil,83b3e2f2be3802fd,6,232,0.8883545642049965,0.3254300721383957
no.marked.bil,83b7d73782956085,1,155,0.9965065767225826,0.18698596741943302
no.marked.bil,8c683effe6cca83b,11,481,0.9854257650666833,0.3548762405868064
no.marked.bil,9f8d8b7315f96d9e,10,1082,0.9632920788078867,0.2287988750193175
no.marked.bil,b778561207f4360e,4,291,0.9706342743619008,0.2657600537222999
no.marked.bil,cb81a9086a0d3d23,6,270,0.95086595892256,0.31692570975894685
no.marked.bil,cb9f38da3ec82ad3,6,337,0.9914661040235843,0.2384245097372639
no.marked.bil,ccfcf64bad11d771,2,218,0.997563846381367,0.13937703207339136
no.marked.bil,cdd9df19e5a71318,1,147,0.9993373552428076,0.19485916836101994
no.marked.bil,ce86108d84542f8b,37,1271,0.9445116122328528,0.25624507395441026
no.marked.bil,ceb7f2feb8bbee24,7,332,0.9876766199166348,0.188673013321994
no.marked.bil,d344c07bd7fb176e,1,154,0.99199983105315,0.19588343510734635
no.marked.bil,f240afdd76d3abb3,11,471,0.985755097770674,0.2324101592521459
no.marked.bil,f4e3188b5dcd1acc,2,201,0.998427526232137,0.2162205517888305
no.marked.bil,fb094ee84b5add30,13,296,0.9614578834058826,0.33832108441981873
no.marked.bolig,06d3fee84875dc41,4,432,0.9299945843384182,0.31660302647229843
no.marked.bolig,0f27e3716e6893c6,9,498,0.953129567359181,0.2305875222162094
no.marked.bolig,13b057d99cf52678,3,165,0.9439517174759802,0.2953350878689709
no.marked.bolig,178d8b1547a1668b,5,348,0.9689595441976327,0.29654083460282005
no.marked.bolig,1a93c1fda723c649,12,1276,0.9883434156930119,0.28729139239096657
no.marked.bolig,33bfe4cd8d56f370,17,554,0.9766618659632846,0.2128435378634505
no.marked.bolig,3ad26a6786b2ac82,8,323,0.9617512758810836,0.32094272826967035
no.marked.bolig,412e85dce19073c1,6,760,0.9905889272479376,0.4084470065519322
no.marked.bolig,4580447cb4d43186,9,305,0.9304242866240334,0.3927059285129368
no.marked.bolig,46fe03b2c483670d,8,358,0.9466004424898904,0.32170956607296364
no.marked.bolig,4bcfa1b25856da5d,8,323,0.9617512758810836,0.29279533623269816
no.marked.bolig,50ef83e0cd7a57fe,6,570,0.9905566002432685,0.2622280015609196
no.marked.bolig,51f541e9ad598017,24,1039,0.8860615575547579,0.2439252624696373
no.marked.bolig,54200328728889fb,3,246,0.944990776052665,0.35317580834582524
no.marked.bolig,55fbd5ba18f12445,6,549,0.991231887435828,0.33071386751526993
no.marked.bolig,58ce3bb726084637,8,353,0.969962077296592,0.21506220710468135
no.marked.bolig,5fc386e3733d3b99,9,417,0.9356930370079002,0.488893732289307
no.marked.bolig,63925bdf00555144,3,275,0.9723386863491019,0.1297178730141203
no.marked.bolig,661a25bca7383239,5,250,0.9758491425614352,0.17011012338455508
no.marked.bolig,7da282f80815562d,2,451,0.9877159335901546,0.19059652213796172
no.marked.bolig,8154640d6c01629b,5,109,0.8961871961555334,0.23977709558318994
no.marked.bolig,84a2d01e9a19bf92,10,217,0.9488167756887309,0.2945016649920229
no.marked.bolig,948cd62696337cfa,2,448,0.9944382212302236,0.2745566930540672
no.marked.bolig,97e82896104fef62,5,261,0.9262883951596886,0.20548868468582562
no.marked.bolig,9b5d66bbc402de4b,3,145,0.9136152275921494,0.347170378671419
no.marked.bolig,a494f31a6e1d440e,2,192,0.9552793353186343,0.24081363294706612
no.marked.bolig,b6279de0652cf084,2,225,0.9396697117498325,0.28537769979322347
no.marked.bolig,b6c3d90b7ab966ea,4,220,0.9675869401464994,0.18856385325036523
no.marked.bolig,bc7bb1c25bf1377d,5,270,0.9358317288424506,0.2078258083190312
no.marked.bolig,c353858763688ca9,5,266,0.9791222926417645,0.273359685821266
no.marked.bolig,c7b7e40ee7f9702c,7,442,0.9841806934322432,0.3042897416744431
no.marked.bolig,caada1da2513f4fe,2,422,0.9874520234328223,0.21779593134056754
no.marked.bolig,cea18270431551c2,3,268,0.9955544440948944,0.22633103298701618
no.marked.bolig,d1c1ebf75a5fa3d3,7,145,0.942095904013031,0.19286814090663879
no.marked.bolig,d20dd31e1edcd0fb,3,253,0.8913186999057208,0.2151391048237119
no.marked.bolig,d7389f216b99deec,2,669,0.9898100851028004,0.21170362329440268
no.marked.bolig,dbfa1f41b3ad2eca,2,209,0.9876975955155787,0.33065386989151885
no.marked.bolig,df2f12f5aa1ae4c3,6,296,0.9732890326466556,0.3121360979911585
no.marked.bolig,e6172a4402b8ebc9,1,85,0.9785073019427574,0.26115775415399395
no.marked.bolig,e7f4d0664964a504,8,414,0.9708232761982406,0.3358319916502925
no.marked.bolig,ffa0e5de2fb61d59,2,555,0.9952770926013137,0.2407073255149341
no.marked.bolig,ffd6d103cf89a479,3,194,0.9643967873716112,0.15701167925934917
no.marked.data,05aa6c77d6f08278,3,162,0.9862235369358563,0.19650080474948659
no.marked.data,06841a40a1ec3f1d,5,336,0.99193740187808,0.26758180195064757
no.marked.data,10d2cb14b2cd718f,2,141,0.9581142603434982,0.3587117692017927
no.marked.data,1a389ac5a9fd79b5,13,1221,0.9969577514513346,0.23473604643053003
no.marked.data,2b1bf14ee62b54fa,62,2379,0.9394786792051304,0.2390098303088333
no.marked.data,3fb0891b1dfc804d,6,694,0.9838348146975898,0.15208722423636956
no.marked.data,41864f803fe800f9,9,294,0.9645544309109646,0.37055268233138
no.marked.data,42734dcf39fd7779,3,94,0.9639548281234808,0.2986332430667767
no.marked.data,4cb5030474d198d5,7,216,0.9308471871426102,0.27209256064997595
no.marked.data,4dbe08f3b9c17460,7,658,0.9936817378175956,0.28415267778189435
no.marked.data,4e4db14479e8c835,5,186,0.9838824205934574,0.22355788011030311
no.marked.data,520d8050cfd901af,2,592,0.9989645293440053,0.15715637603365606
no.marked.data,5abf1b9afc50f09e,1,71,0.9469168810696218,0.3518358194048778
no.marked.data,5bb038b313c9d21d,1,128,0.9975320509487754,0.1194367973371822
no.marked.data,643e49fc6c64908f,2,250,0.9963431305986724,0.23304147840024866
no.marked.data,75ba0aef61ba3f74,1,80,0.9878241583052767,0.2590511406579062
no.marked.data,88448b918d5f8234,1,296,0.979866951934759,0.27871427596045656
no.marked.data,91fcc96a5da99810,8,570,0.9798122979305084,0.31279012913309456
no.marked.data,9a5d51b4d7ca09a3,1,539,0.9956032689108211,0.21988242858857782
no.marked.data,9c610bcec4484c13,4,412,0.9879414481932164,0.1799538585263707
no.marked.data,9fb072eab4bd03c3,8,374,0.9671023333622109,0.20851015840664158
no.marked.data,9fb3155547fc7257,3,262,0.9954018655339565,0.19193305152935863
no.marked.data,a3a3c6509f9f1f40,5,129,0.962191982662694,0.26004414966051126
no.marked.data,aa34e11e331d2fd1,7,367,0.998669267248709,0.3277909526866468
no.marked.data,ab1ab7db0e276356,6,495,0.9901129578053798,0.18847884652437172
no.marked.data,b2d0360bfbbcbb04,3,146,0.9609690373617485,0.2508383527861685
no.marked.data,bb0d87adcee19835,2,361,0.9526084178382996,0.32101103463338254
no.marked.data,bb83d1ff0481aa21,23,1114,0.994150745818686,0.28497518826364093
no.marked.data,c8aff20900316b4b,8,123,0.9337620166937242,0.13991347571568033
no.marked.data,cc56d7b28c75895f,2,124,0.9749215988375957,0.2978313424207572
no.marked.data,ce5b0307410f1e3b,2,885,0.9988169093180662,0.2553245282191467
no.marked.data,db2fd26aea52ae05,5,139,0.9192961554883526,0.2570064992081112
no.marked.data,db6206765198f206,6,629,0.9842972265102324,0.3406497661965843
no.marked.data,e165f230cba8dcda,6,419,0.9933661944676914,0.2671394710573202
no.marked.data,e215af4d8230a24f,3,101,0.9160473232836016,0.2969198922904725
no.marked.data,f22ef6426d4b1099,3,79,0.9308406997397858,0.3621485408675401
no.marked.data,f45ef0c0f5b99a19,3,98,0.9410212359564738,0.25103344655877774
no.marked.data,f4cb2cc705fc278e,3,147,0.9872551314752196,0.21744695990757304
no.marked.data,f76fb5e58d251c01,3,333,0.985256363954487,0.25598188827840057
no.marked.data,f9cb010f442d2285,10,646,0.9858927143013233,0.31256363182485203
no.marked.data,f9df651ec2b7a19e,5,360,0.9753582243096223,0.43702792786945577
no.marked.data,fc6b7384ba2f8838,2,436,0.9967094619534796,0.4509936792681053
no.marked.diskusjon,0e01d11690ed1d9a,9,905,0.9740858116506832,0.2957311192804417
no.marked.diskusjon,11d3c07cad93504b,7,365,0.9486781997497864,0.20975013800744152
no.marked.diskusjon,165845243117caf7,1,103,0.9915815427325343,0.13166159787106996
no.marked.diskusjon,20b540ee7314cd97,4,205,0.9741093899942639,0.3032693258443404
no.marked.diskusjon,2489cd6e5afbcefd,82,3160,0.9449661693630007,0.2152527121720649
no.marked.diskusjon,27e0a000de33728e,2,429,0.9956240307585977,0.31164228303950464
no.marked.diskusjon,298428ec1567f22e,1,54,0.8986461540397844,0.2834209544380442
no.marked.diskusjon,3f132ce2ab7e9106,16,891,0.9884443980637518,0.3128995099688626
no.marked.diskusjon,426df7873189816a,11,545,0.9869274869834801,0.26831043684063927
no.marked.diskusjon,45193f41acadb5ff,6,471,0.9753072430226284,0.3085548757756313
no.marked.diskusjon,460efc3be742d082,4,146,0.9302972850963971,0.3275801685283879
no.marked.diskusjon,48105a80faddf7e3,11,904,0.9936840569454609,0.4122509472720446
no.marked.diskusjon,4d736991439e28ea,19,892,0.9784309905396751,0.3009229357147913
no.marked.diskusjon,52d0ff7e6a2839d3,2,68,0.9262060394838458,0.3108469858570695
no.marked.diskusjon,59ffdf2945ee77b2,16,909,0.9843094445642498,0.3419416384591977
no.marked.diskusjon,5bbc35d110be30f4,9,486,0.970208019462327,0.49138649453842514
no.marked.diskusjon,62ac976a74a8396a,87,4445,0.9749486128980902,0.24211195681983944
no.marked.diskusjon,653b6725138bc816,2,514,0.9975882256838045,0.32550469454536407
no.marked.diskusjon,65ebe6978bf71fb3,4,222,0.9328750476435166,0.14801841182667103
no.marked.diskusjon,6aa344fce4a34ce1,10,528,0.9530439616732311,0.24549195514527017
no.marked.diskusjon,6bd3d2f10ead2c70,9,471,0.9716228342442714,0.23927970937564
no.marked.diskusjon,6fe2a0df1daa53c7,46,2269,0.9723985908790956,0.34283656464394124
no.marked.diskusjon,71017ce7c2827d8f,5,316,0.9802771455684357,0.37211714977349464
no.marked.diskusjon,7748dc689c1389ab,12,614,0.9556499033029796,0.26954264652646454
no.marked.diskusjon,79dcc41db70637dd,19,988,0.9641900747927549,0.3688531848017274
no.marked.diskusjon,7a951f6349594bd7,12,594,0.9865499778324468,0.26963516409149724
no.marked.diskusjon,7c67b7b9255c7a17,6,395,0.9659012285817913,0.22350078535046516
no.marked.diskusjon,8c659af06d126c50,6,372,0.9878766448261646,0.18709109082125214
no.marked.diskusjon,9a2a7f079046a000,8,467,0.9826928763213209,0.21622245115415875
no.marked.diskusjon,9d0df3b97b4203d6,17,741,0.9812507790184247,0.21059409991484873
no.marked.diskusjon,9fd3af3292c2e3f9,28,1599,0.9681273921523703,0.3559417017427129
no.marked.diskusjon,a9577e5758e4aeb7,55,2679,0.9898742889598955,0.34711507611896636
no.marked.diskusjon,b4e12945f0f42aa2,13,558,0.9911743512058113,0.1469565550833477
no.marked.diskusjon,d350287636b7a9bc,39,2541,0.9547247246580235,0.19566436455284716
no.marked.diskusjon,d3e4aebae679fa62,36,1906,0.9475270953046127,0.1957215788777052
no.marked.diskusjon,ddba88ea80106bc6,19,1157,0.9748291251729104,0.36461181508651463
no.marked.diskusjon,e10d7c2a2235cfa0,7,405,0.9762649358185617,0.2469137849806266
no.marked.diskusjon,e4a263010afb9de2,19,684,0.9640341441633125,0.26356360096089065
no.marked.diskusjon,ed2a6acfd17c5162,1,227,0.9902222451272301,0.23829495428295
no.marked.jobb,0bd60241868c9070,17,1142,0.982370845959265,0.21998838572216348
no.marked.jobb,0c890d4809cde37f,8,763,0.9928818208339978,0.32377239052283746
no.marked.jobb,12b1943d14e2ed94,13,722,0.9454885342250646,0.1954049030623475
no.marked.jobb,13cfc42f0963590f,11,605,0.9710028798152532,0.3094491149650001
no.marked.jobb,22ec9f29324da2f4,9,494,0.9757068602044995,0.39134876809880115
no.marked.jobb,2787525a6013d4c8,12,1007,0.9959981380171643,0.401081088311776
no.marked.jobb,2cf254efe24fd592,16,795,0.9891469935509013,0.3808608415494939
no.marked.jobb,2dd7ba43b235eb98,3,166,0.9500166378181468,0.2773734677485364
no.marked.jobb,314e1c3f2d6d9d78,3,180,0.9906080552490972,0.31238162784128415
no.marked.jobb,384545dccb059a02,37,1828,0.944155531251467,0.225296747732784
no.marked.jobb,3e24c0202680a958,5,458,0.9716274915619503,0.15829001375019694
no.marked.jobb,3f9994dd041ae9d9,3,164,0.9051095986628427,0.2582963455903908
no.marked.jobb,4f3397b7d732193b,3,155,0.9108447716620496,0.3310734094193527
no.marked.jobb,4fc025e27aad51fe,9,631,0.9750440898021946,0.2517694871391992
no.marked.jobb,6277a21568fae1b5,20,861,0.9426040033620301,0.3390627978102935
no.marked.jobb,724f5ee579eb494c,1,128,0.9963172269468941,0.209744615036629
no.marked.jobb,7b76742af015f798,1,257,0.9991604307246349,0.34919952261221365
no.marked.jobb,809e002159ee0fed,3,223,0.9858397194867292,0.28042755564870303
no.marked.jobb,87ecce6b703f7609,2,225,0.9964922475806695,0.3239683925377571
no.marked.jobb,8f0ae44384480b18,20,824,0.9209138907254978,0.2419599244796822
no.marked.jobb,90a31bbd9372069d,8,695,0.9951463955095403,0.17188448872898154
no.marked.jobb,976bc9cd92414c77,7,339,0.9536131850479108,0.30324123050554325
no.marked.jobb,98ada698b3b24671,12,936,0.9759642459438906,0.15743128311244184
no.marked.jobb,9b12283756ce1221,16,765,0.9752942398799697,0.2364763662851257
no.marked.jobb,9d0e0e4989807e3b,10,435,0.982569305263581,0.40059676008896145
no.marked.jobb,a41adbb39ac03083,8,413,0.9673394650825595,0.31040339667753575
no.marked.jobb,a89ca6f2b1ba1331,6,496,0.9867812092930455,0.338156228265018
no.marked.jobb,b03c4e65f341e435,10,1012,0.9939128169426525,0.4083596179635916
no.marked.jobb,b781980995faf488,34,1787,0.9717418496917898,0.20030714788733248
no.marked.jobb,ba8852a09f5c53a1,13,1080,0.9321198188744653,0.2658292253985805
no.marked.jobb,bbcc2a3b62c23b17,29,2131,0.9893210932311075,0.1509633738730504
no.marked.jobb,c5b8be7a0d96af62,5,204,0.9578071032337303,0.3048749650648873
no.marked.jobb,c69559435b69a112,1,259,0.9990206189382341,0.2215017086508336
no.marked.jobb,cf5cbc2db7c10b32,8,328,0.983615156150494,0.445427245342553
no.marked.jobb,d208cd22366eefdd,2,94,0.9750151176326631,0.2193573008446009
no.marked.jobb,d3e13dffdf32c88a,3,186,0.9731546571092311,0.34474340336334336
no.marked.jobb,d45545d791f84f2e,8,326,0.9560600158220126,0.31067310732852293
no.marked.jobb,dba16485016a4349,8,374,0.9948545808511883,0.32891449136223055
no.marked.jobb,e6664c8e38d5efaa,38,2206,0.9940950510823238,0.29064680125524156
no.marked.jobb,ea6c786340834419,4,394,0.9895827445666183,0.2894018655024468
no.marked.jobb,f973ac5285848cef,3,489,0.9558674109550029,0.3161352435371132
no.marked.jobb,fae3c75889527b80,8,928,0.9926722364248273,0.31389436015468813
no.media,0771ee0a2734a64d,3,212,0.991660230919921,0.26503789699051694
no.media,0b1a05b62e9e5e1b,11,830,0.9756398242646789,0.3661063399509236
no.media,103d085ea3fd18b3,17,1129,0.9925433363145292,0.19265771905009726
no.media,136a0b095bb6b2dc,29,1665,0.9659224042290073,0.34873589866277616
no.media,13d710fe4f8bb62c,24,811,0.9745774129579567,0.20030872752207632
no.media,1dba9f0030751b5f,2,401,0.9926228642107686,0.17753281309492663
no.media,24dd7188c2a7d931,6,470,0.9443089009175265,0.4159069443684003
no.media,280f34632d169b2c,6,253,0.9633633694615485,0.37634634949243045
no.media,2daea4636f1855b7,4,328,0.987079038721524,0.21988859490946727
no.media,2efe1de6d4eedb36,7,208,0.9388866735554177,0.26615819466206037
no.media,3042b69edb5ebe47,1,146,0.9933278757695353,0.33726640964741056
no.media,32b589f85cd919b4,33,1567,0.9712296204866349,0.2662168208462252
no.media,356f7b2f011fe3b1,7,305,0.9744696847474854,0.34833620199613335
no.media,399fd9f910e8d7c4,7,431,0.9846207596197013,0.3029299105885758
no.media,4229d48c521c8dc9,3,184,0.9766370815433021,0.33322846387563376
no.media,5b0cc462af600ba3,7,301,0.9637225817850601,0.2953444742877929
no.media,5c9c164aa5bd5226,26,1327,0.9911778704534469,0.35264099476492167
no.media,680764b8170458d3,6,431,0.9772823478447086,0.22992194970539553
no.media,6cb500de8a80dea9,8,659,0.9943431773585046,0.2433136232426846
no.media,6f0bfe5f168584a0,7,276,0.9604261416687996,0.24186677879526505
no.media,80d32cf1f2128818,7,247,0.9743977015040192,0.29136703407708964
no.media,9401e2c033981e4a,1,1075,0.9993373706304468,0.22926243457272888
no.media,9651be6da1506285,4,364,0.9900351181644149,0.34744819831611007
no.media,9e354638c69d26de,9,832,0.9865069352612209,0.32176926902625663
no.media,b040c521cb1beb0c,28,1188,0.9670556125704385,0.3575043246686733
no.media,b5e9d5e46bb07baa,2,409,0.9915074826196714,0.5161550073490441
no.media,c00bc37a89a316d2,6,549,0.9869882332521938,0.3403687856604852
no.media,c2e7eb1eec43a963,1,195,0.9915120290448188,0.35257102463210976
no.media,c8d4c9a3362acaa2,7,415,0.9763336781053503,0.2764496706155969
no.media,cff6babf35a27fbd,6,689,0.9917968578040224,0.33816982669077006
no.media,d04f0cc2d5b98164,6,464,0.9947554325906135,0.3647514250572455
no.media,d26b6894e98b015e,12,372,0.9730184704156641,0.2522571122601063
no.media,d2a96f6ec810059d,20,1041,0.9948029636794128,0.2071273621605623
no.media,d86c1e75a175806b,1,317,0.9894704899017296,0.3737225803444971
no.media,e2753be335071bfe,6,454,0.9945610268694264,0.18201995394178921
no.media,e917333b2cf85e32,1,342,0.9987938415523279,0.34532771222306924
no.media,ea50a7462d658248,9,376,0.9673231243673361,0.2808148612754358
no.media,ee015b9d402dfda6,12,372,0.9730184704156641,0.2958228649807329
no.media,ee20543c623b6f69,15,765,0.9775268865388668,0.201421889001741
no.media,f05d5b3e3aaf800b,1,79,0.9677696412205488,0.3027672657466819
no.media,f61ee38d11ec9726,2,223,0.9945876284392944,0.2235983857273678
no.media,faabe3ad326cb579,7,540,0.9952724267965918,0.3224324412876394
no.medisin,0166eb3c77424e71,58,2656,0.9771272801403317,0.23491831781095343
no.medisin,0472a2ffa934091b,11,860,0.9882425371639842,0.34277213144732116
no.medisin,0faaceeb2ae6651b,41,1627,0.9533760325283712,0.22110775519129605
no.medisin,12710d17be36ba2d,2,169,0.9870633467514227,0.13455742462905176
no.medisin,1475d06418ddf4ab,20,1245,0.9613333467625874,0.21007804281589346
no.medisin,14f63c918c18305f,1,72,0.9915152722132318,0.27877603043820676
no.medisin,18002883f5cf44ee,13,884,0.9782685683998306,0.22668136124836194
no.medisin,1bde8d77df2b9907,15,608,0.9590973681101181,0.30978935889358367
no.medisin,1ee30fce94e5c3e0,22,1299,0.9604431671088994,0.3227409268252093
no.medisin,35b4232a2d53ae4d,19,823,0.9806887648958115,0.19623024977082754
no.medisin,3991e4a83dda36c3,34,1464,0.9794776940107813,0.20028650994539124
no.medisin,3ba534bd832921a6,2,353,0.9968339137939832,0.3373339010183039
no.medisin,3edd8a4b7ff16606,56,1872,0.9581661471469689,0.2787437431798117
no.medisin,46cd975775e907f1,10,787,0.9926894532831222,0.15914191343932071
no.medisin,4b1ef0274813e42f,2,363,0.9958108415943174,0.12041019829788198
no.medisin,4c9d702562d154d5,3,128,0.9868005824216382,0.23727953762890963
no.medisin,53d56829a42a2269,11,734,0.9542353513889803,0.1587338985957502
no.medisin,5409a8dd609d3dc8,23,888,0.9652769439267289,0.29477959416000415
no.medisin,5aac05192acf70ee,20,942,0.9833856968030618,0.31513748663545066
no.medisin,6580798c6db12d56,6,543,0.9821450765511057,0.36838799845919207
no.medisin,7c8cf6aa5594ef82,6,274,0.9815189159357184,0.24605599636041953
no.medisin,7e796bd66b7c856c,15,790,0.9961125712389138,0.28268462579412806
no.medisin,82a84ebb0971c01d,21,924,0.9798950462046784,0.2689154762312235
no.medisin,838043ff0a077d9e,8,554,0.9974587135723629,0.46349627123798354
no.medisin,959b0445b0c253d6,4,939,0.9937763200439645,0.30426295985351137
no.medisin,9cd9859b289c7a5f,10,403,0.9827518784554072,0.22609506704186685
no.medisin,9ee9a0ea27de1dec,22,726,0.974457216709694,0.1964806244849368
no.medisin,a040f53d30d7ccd2,5,437,0.9736738580752256,0.21806790997964792
no.medisin,b54ef9e54e41927e,7,1696,0.9977392366173872,0.1917647860743442
no.medisin,b70c13dbed656c8b,45,2048,0.9749330244732718,0.24614567139957025
no.medisin,b778c563cc1673b3,12,606,0.9887250334189371,0.2759014498715824
no.medisin,baff2646efd36550,11,420,0.9811181620121819,0.20230601659546119
no.medisin,c0d40e51ecd96045,7,389,0.9893788696980063,0.2353093284674822
no.medisin,d0575b0571e74ab9,2,256,0.9983333499688949,0.337887612016752
no.medisin,d1e60d73c4ef0722,45,2442,0.9861318170638418,0.20769343682231617
no.medisin,d2133bec0d0b6737,10,719,0.9986081348442545,0.14224968601143773
no.medisin,d53f006dfb85d66c,16,856,0.9943411654397379,0.26678335162444705
no.medisin,ee6670416a1da52c,15,815,0.9864554467558363,0.26310896768341596
no.medisin,f5d2002240a09f27,16,965,0.9847980599521312,0.2192083713077642
no.medisin,f807fb161d5d5c74,22,865,0.9494066257253266,0.2858157165402649
no.medisin,f8f7c011b5fed5bd,2,142,0.9894554582687358,0.19315489565146343
no.medisin,fefb0a625e9f0c05,24,1780,0.9883818436345451,0.29718069736257946
no.ms-windows,04e4017120d8114c,7,364,0.9822819452261369,0.2572209395696859
no.ms-windows,05a5d9ac9faed314,5,433,0.988449585520433,0.20772034934064862
no.ms-windows,0632f861b4372a12,16,1036,0.9841672361651898,0.24746559654843212
no.ms-windows,185bcd1776d4038b,3,276,0.9903987150505886,0.2128103224994919
no.ms-windows,1aababe1f05be258,6,168,0.9597346963769396,0.30665986505884396
no.ms-windows,29f825af671f2d51,10,956,0.9915031158186521,0.2370669986079044
no.ms-windows,2ae966f0a419e124,13,691,0.9773876680274463,0.2450465482347599
no.ms-windows,2f25fb06586fb176,2,430,0.9934474999379321,0.1278208260632503
no.ms-windows,2f3e999eddbf5f4b,6,502,0.9888359178691604,0.2604270210975756
no.ms-windows,4ad7e8fb05997713,4,286,0.9947222766480057,0.3988124716839463
no.ms-windows,5eff09e444371af5,8,1083,0.9978529106396792,0.2172087970646955
no.ms-windows,6661c58d93ae7272,25,1135,0.9935454952550064,0.2692383224089572
no.ms-windows,6782f356052bf421,3,240,0.9801398458182901,0.15405188382179646
no.ms-windows,7503131a9e1243ca,2,396,0.9991720017044374,0.23884314148906155
no.ms-windows,75b99f50ecdf6bae,9,478,0.9897131763172566,0.3688675567396659
no.ms-windows,7fe36e21720bd8b3,7,427,0.9764808268620642,0.24580084118363493
no.ms-windows,80323ee4ce6a5515,3,337,0.9958975088700364,0.27443297570277325
no.ms-windows,8281e6774d779e1f,7,389,0.9937658923094808,0.3199246754918052
no.ms-windows,9c8e9a135eda43f6,22,789,0.975617363822482,0.54438423765175
no.ms-windows,9e9ff74ab31ab0c1,7,629,0.9900974971471955,0.33272064295244164
no.ms-windows,a57dc4a3ab1c32ee,13,818,0.9914696738262229,0.2848769005516409
no.ms-windows,a5fc39f0e8a55ace,10,705,0.9942389623502839,0.1916678141554292
no.ms-windows,a6206339e8bf3f42,3,207,0.9827670670235764,0.27418035391875567
no.ms-windows,aa92269f459c628a,5,218,0.991529676709053,0.4262947508196339
no.ms-windows,ae2d9c55a0bd06e7,6,703,0.9917626996256956,0.32977563531741216
no.ms-windows,afeb041f0183bf91,4,4144,0.9985422609382238,0.24387378538524304
no.ms-windows,b43b597561301edd,16,950,0.9908271432428577,0.29265033493747056
no.ms-windows,b616616e268b0ce8,5,452,0.9892768101940347,0.3484107618164769
no.ms-windows,c0d9af318f548419,10,464,0.9881267411731782,0.2534886398214167
no.ms-windows,c5a0d192a2eae136,25,1729,0.9937215686948259,0.2804708485479005
no.ms-windows,c86b1627910a44ed,21,1503,0.9944595016278959,0.30264305970732736
no.ms-windows,cc2342c2139d0e4d,15,871,0.9703049053229024,0.16271160495968945
no.ms-windows,d7b4d95042584f69,9,692,0.9854631463917916,0.18519202273882174
no.ms-windows,da8b5592b2007c2a,13,466,0.9840979234396228,0.21069689127971727
no.ms-windows,db7508f0b79e5597,13,490,0.9841647109102699,0.2679670055775583
no.ms-windows,e26f05ffe69aecca,7,318,0.9930230359602612,0.19589417418290409
no.ms-windows,e3ddc4a7f23ad464,14,708,0.9693993588599729,0.1877289756091289
no.ms-windows,e763bee9fbc11d7c,14,559,0.9217199914926467,0.30503102285938133
no.ms-windows,ef001e51eafd90d2,11,625,0.9914954930939638,0.2015382136057639
no.ms-windows,f16f2aaa6643708e,3,139,0.9837804505429761,0.44402749368630307
no.ms-windows,f62e7fd8a446e9db,11,347,0.9735374073647286,0.2942368560284627
no.ms-windows,f912ec37009c5e84,25,1127,0.9856277780832982,0.23289425696427943
no.multimedia,0154185a9d2abd0a,14,523,0.9866457182886763,0.28994393907511273
no.multimedia,0259d78c7a9c774e,10,458,0.9926143828098946,0.2412133746961356
no.multimedia,071427e1e8fba2e9,5,501,0.9947340289904286,0.24194634315899383
no.multimedia,12b56e4363b3e49f,19,846,0.9648600922604067,0.20672761057868574
no.multimedia,194be7e1bd8627df,10,482,0.9912072078554804,0.25556219879545344
no.multimedia,1cecbb4438af380e,6,549,0.9869882332521938,0.4536829477089694
no.multimedia,20179fff520fb201,34,1696,0.9895154173788592,0.18528186874753622
no.multimedia,25482bc6f608ca48,3,292,0.9882769695306893,0.23190657449190363
no.multimedia,29bdb62691428263,6,1460,0.9952027286284417,0.28866088201019363
no.multimedia,2bb8ff8592753e84,1,625,0.9968266425938708,0.1137935058096997
no.multimedia,2f2802e25d7d2a9e,43,2895,0.990482981966833,0.3067030827469564
no.multimedia,349fa6f92a7ab5a1,40,1804,0.9642675926783755,0.2595096530136471
no.multimedia,3cba99211ee9a156,3,421,0.9908341271539747,0.18815329013366242
no.multimedia,4b474441d821abf2,3,609,0.9671857500228708,0.38023822592289486
no.multimedia,4d73dfd175b919cc,2,391,0.998891675537563,0.33742740362497875
no.multimedia,5905c018641157d9,1,187,0.9956697254011401,0.2560207707936327
no.multimedia,614d6a053b34f17c,17,1055,0.9892033911650031,0.3150742062038733
no.multimedia,622862094e26bea7,6,498,0.9882691497956153,0.36354725679192756
no.multimedia,65e5362bda71a1a5,9,501,0.9923298009729242,0.27620400404833007
no.multimedia,68a48cd1de3597b5,6,465,0.9927198263629948,0.2172632423792099
no.multimedia,6cb8c5da52bff9c0,6,365,0.9844774482559994,0.26446088180445054
no.multimedia,6cf62cd9b329b823,11,1039,0.9952782972726906,0.3154962979206445
no.multimedia,74eb9d6ba43e827d,5,523,0.9970535189524337,0.4606950117862235
no.multimedia,8ac3f4f46a80056d,12,726,0.9674628656566479,0.2019553359215737
no.multimedia,8b11132900af0ddc,66,4304,0.9928926802640953,0.29384236304649736
no.multimedia,949b7b17f24723a7,6,544,0.9987550356874736,0.4017608407355101
no.multimedia,97ee8fc48e00d20d,142,10606,0.9959600654607653,0.2455085592181169
no.multimedia,9efa50d78c1179c9,13,350,0.9441338252416966,0.38321403853113756
no.multimedia,a8864022dc0b48e7,1,288,0.999637795533695,0.29653485640300187
no.multimedia,a9898fca41d79dfe,5,641,0.9952313809861667,0.26647438423746617
no.multimedia,b29c232fc926566c,6,380,0.980726634122686,0.2603642146715234
no.multimedia,b4c06dd319a7119c,5,486,0.9978575752869093,0.2073603763248339
no.multimedia,c1bc064664ed5a3f,16,699,0.9821498042885666,0.25082138684488875
no.multimedia,c1f11543440ccdcf,10,608,0.9805717249157894,0.2842741486588221
no.multimedia,c20e90b0ce64b098,1,78,0.9906305837856787,0.2600173936114451
no.multimedia,c340dc3e05590cbe,14,529,0.9668272978949394,0.2749608523085932
no.multimedia,c7e32d5098fab17e,32,1455,0.9888529719147167,0.19074401219000373
no.multimedia,cd780a7245c0e63c,2,127,0.9491378099368837,0.3312743366894062
no.multimedia,d1b049ee73b7f511,3,572,0.9974471734750575,0.32206305730468493
no.multimedia,d5fa10719ef26f8a,9,471,0.9477032370546168,0.24697088376448453
no.multimedia,d7bc81601f3c1cfc,5,348,0.9599934238567683,0.19034913326244698
no.multimedia,e4e2def0a02f65c8,16,1032,0.9901209203142866,0.2557509330819995
no.multimedia,f6387f0562a1253d,11,860,0.9902722588164029,0.275849332114936
no.musikk,03bea90d466ccaea,15,769,0.986574790862657,0.34773894714216674
no.musikk,04712876fd656df2,7,1775,0.9982662181377001,0.2729561462662836
no.musikk,0c71e58797aa60b6,12,901,0.9961961837760532,0.23915109315741953
no.musikk,15f5236ba4f2f41a,3,490,0.9983344376862834,0.2883518035659574
no.musikk,16ea1c8589fd41fd,2,371,0.9919324879514004,0.19908222072784176
no.musikk,1a11716af7f4fe54,21,1290,0.9939994343357645,0.27925295881456025
no.musikk,200a8d401fbae86b,16,855,0.993805847885692,0.20438780278906515
no.musikk,2acc4ef9ff5a8e28,6,374,0.9866664939157672,0.2557060368086965
no.musikk,2d107cb81975e859,5,467,0.9834658870406766,0.32880516356847106
no.musikk,2f8ce66c90ee897f,2,451,0.9898699360487719,0.22530259494998303
no.musikk,3972e65e6b7f62f4,14,706,0.9900472437965053,0.14832783852980996
no.musikk,3aca9d4963da1d34,4,268,0.9771477229630361,0.23374633285704663
no.musikk,41040b60aaea32fa,13,686,0.9912643468514631,0.26522914902505423
no.musikk,4609e76725580edb,5,289,0.9762391683623299,0.1623292197958324
no.musikk,52daf0a286b708a9,7,346,0.990533099703483,0.18589683667616913
no.musikk,53d4cd7957b6ef2c,1,76,0.9878691719763018,0.2809244931201285
no.musikk,567638916b3b9f62,6,390,0.9916081658387291,0.25173098637413016
no.musikk,599c081319368d65,1,593,0.9849980931784451,0.23837790586685317
no.musikk,67aa788ee2418863,7,887,0.9890619332896142,0.3041602791854522
no.musikk,6ba8d7976b3905f7,1,462,0.9963416507081224,0.29128312429968933
no.musikk,6ebc9f5975005427,5,409,0.980291508323768,0.30661773897279465
no.musikk,6f255cb5fc4b7d42,13,601,0.9927412089693758,0.2854000325139347
no.musikk,7ac67e7be884c27c,11,952,0.9576950667676597,0.23013911896318895
no.musikk,832ca9e95d77d907,24,1402,0.9908684964346876,0.2204439072284093
no.musikk,8c1620bda88965e5,3,446,0.9142981200078099,0.3008390095523939
no.musikk,92220c9aa15e49c6,8,526,0.997673784186139,0.23929645846451317
no.musikk,9293df8db43cfa80,8,704,0.9830936925129191,0.30073808342360825
no.musikk,a22d8a7896244ca2,9,515,0.9816666892620279,0.15526167515608044
no.musikk,adc102a374ca40aa,8,1139,0.9965278661244119,0.2220256911898133
no.musikk,b0d33955650f8ec0,10,1050,0.9978823700645242,0.2870183859719853
no.musikk,b63d8733a5ef00e1,8,409,0.9965599333763747,0.1959131801351684
no.musikk,c1273f89183dc5b2,4,211,0.9903533887860316,0.21379296636956965
no.musikk,c17d5de1685bb637,4,352,0.9891880626735121,0.2430844537383937
no.musikk,c274556e746f7d77,14,1128,0.9964424952003066,0.27440587118612053
no.musikk,d97c303764354548,12,681,0.9912567987381613,0.2904006599826446
no.musikk,d992c082e8be996f,11,505,0.9524293767154822,0.3611889730088497
no.musikk,da10e0b6a18544fd,4,421,0.9932719117960227,0.36754091535229794
no.musikk,e2d9a36d4899b809,12,731,0.9926156541695752,0.2404683538241994
no.musikk,e6b8de39092133a5,4,618,0.9743023935364596,0.27464470064938723
no.musikk,ebcdf0e405a02fe1,8,730,0.99017537842281,0.2799470646758022
no.musikk,f1d8b1d405dafc1a,8,687,0.991172041258323,0.19649840782629494
no.musikk,f2a723c4d4980a3a,4,274,0.9523560254572072,0.23359742395383218
no.musikk.gitar,088d225a179a695e,3,323,0.998626186085798,0.26709910231542694
no.musikk.gitar,11b23601b5aca7c4,1,177,0.9931618881686545,0.32704096531258414
no.musikk.gitar,17865888979a6d7f,61,2720,0.9715710299899205,0.27375855684631284
no.musikk.gitar,19a80297e3a1fd84,1,186,0.9988911306486223,0.21305885613643202
no.musikk.gitar,2297ba9f0d34ee07,6,193,0.991093840892172,0.2380538378225205
no.musikk.gitar,25ded067a6d49e3a,9,1181,0.9922696717729236,0.2663416873433599
no.musikk.gitar,29f3fef5b845307c,3,419,0.9975888688511667,0.2775625614592031
no.musikk.gitar,36d1ddba88e8c979,2,500,0.9982206756381103,0.33842452451800725
no.musikk.gitar,38b0ed5ea837bf69,10,578,0.9768535423214559,0.3273820410966612
no.musikk.gitar,43936cc2afb8963f,5,431,0.9948341537889162,0.31952250975123114
no.musikk.gitar,44f97bcd826074fb,7,629,0.9955455647369131,0.2688299716339802
no.musikk.gitar,49a609147ebf5c14,18,877,0.9675765249378931,0.15577931608124504
no.musikk.gitar,53cb8918d4985d1a,4,333,0.9959709267206736,0.20469022924265312
no.musikk.gitar,55d0a6d90e5617bc,2,508,0.9827063686594382,0.213687860048547
no.musikk.gitar,561c7c0e091820e0,20,635,0.9725181965238505,0.2745842193018598
no.musikk.gitar,5adb57c6eba473d3,28,1333,0.9929963625886661,0.2133743214919565
no.musikk.gitar,70fabe3b884f4d95,3,330,0.9970000487224268,0.27516575227668466
no.musikk.gitar,8cd0046a7bf54c47,24,1253,0.9852602251927457,0.2217042747336928
no.musikk.gitar,8d370e457325eacd,6,862,0.9765131407558402,0.4393237114326922
no.musikk.gitar,92688b49660e9b3c,2,270,0.9945487331563098,0.24030014077828055
no.musikk.gitar,927a98b4353b87c4,17,872,0.9948205293675292,0.3621241802252367
no.musikk.gitar,944f844e0f3e3b8c,45,2719,0.9651405629260429,0.29071804687945907
no.musikk.gitar,9660edd4f4c252cb,3,303,0.9940009523692208,0.1820160620674954
no.musikk.gitar,a22550bf158d52b7,15,608,0.9925338791315882,0.41754408926265046
no.musikk.gitar,a47470c2f25dc299,2,398,0.9802015400693352,0.30591575657062825
no.musikk.gitar,b29dc1404926c0ca,12,433,0.9589717934134643,0.18213735058742406
no.musikk.gitar,b595986928f1a3c4,3,598,0.9868456389826733,0.2592336406762612
no.musikk.gitar,be66c55b11e4113e,7,337,0.973256383847752,0.275938178687155
no.musikk.gitar,c0772d54dc32c510,9,233,0.9698736330738428,0.29909333048826237
no.musikk.gitar,c6cd80b5826d9db1,8,748,0.97594025621402,0.2633371396986154
no.musikk.gitar,c8b02d1930760540,8,777,0.9811599107471938,0.3205224460287049
no.musikk.gitar,c8c3a65324cd25f0,8,660,0.97471789406859,0.2090544692026065
no.musikk.gitar,d4478d0661bf9378,3,646,0.9978451760586916,0.22914393013676107
no.musikk.gitar,d58ebd1e72a107d8,5,257,0.9755147816205325,0.17122642951060302
no.musikk.gitar,e067ab9b9de2c633,4,155,0.9503454888280825,0.3074568024652592
no.musikk.gitar,e1dc712c0e1c3b24,23,1458,0.9920595106044106,0.1535945993074112
no.musikk.gitar,e8d739347c0c01cb,7,452,0.9695635827376137,0.2933152033952564
no.musikk.gitar,ef5b280792fde7fe,5,283,0.9826647543084589,0.39117408522412217
no.musikk.gitar,efebefcc31f60c23,6,5048,0.9993239198693192,0.2745256632132985
no.musikk.gitar,f08cac24467bc258,1,88,0.9941198311694094,0.4079160167754726
no.musikk.gitar,f7a307246b758f04,4,194,0.9822785444742391,0.2811517671387395
no.musikk.gitar,f7bfc5295e5338dd,38,1838,0.9833851886694923,0.19432197504055718
no.musikk.gitar,fa1e4a806fdbef9a,6,195,0.9679077172276422,0.1623718446665328
no.musikk.klassisk,012fa7caf752844e,7,401,0.9895609298630668,0.20051940060639586
no.musikk.klassisk,079e9162e9fafb11,7,667,0.9946959350699704,0.33388602284393887
no.musikk.klassisk,07e947079fee664b,18,799,0.9848899879184162,0.3596036415414015
no.musikk.klassisk,18a191eaa9335c81,3,465,0.9971614231458714,0.2060958576458792
no.musikk.klassisk,1967af1e80d47985,8,235,0.955193841381107,0.2216463659854744
no.musikk.klassisk,233133922d172781,7,577,0.9812360748746838,0.2490976569898395
no.musikk.klassisk,268205bad9743704,14,677,0.9897049893374159,0.23546318873500466
no.musikk.klassisk,327595305bf9269a,19,719,0.9641582313963855,0.27522986587278125
no.musikk.klassisk,38120ff5bfe67eba,3,64,0.9509147992612796,0.25224830011502264
no.musikk.klassisk,3fd9348003ac450f,8,217,0.9404874159260599,0.41231940969136505
no.musikk.klassisk,488a84c8274e888a,11,807,0.9925669430702373,0.2253187574116016
no.musikk.klassisk,49836c7a160c6c4d,16,778,0.9820146917015639,0.21855464743448216
no.musikk.klassisk,4cd8c36a5e32b541,13,583,0.9854605366064438,0.13823370984711927
no.musikk.klassisk,51e19eb3b459125f,2,298,0.9779330186307683,0.3663909107626623
no.musikk.klassisk,567d6cf72479ec51,4,210,0.9547699045846788,0.2560338610416868
no.musikk.klassisk,5d432f37fe5d93be,1,82,0.9167116434600139,0.21504466209732834
no.musikk.klassisk,61b5b61d5ce9e94c,11,579,0.9829260651542758,0.30235784471715993
no.musikk.klassisk,670bcff66a3c0446,2,319,0.9982084118919672,0.31328344316104784
no.musikk.klassisk,68bd8c5e1fce6a1d,10,799,0.9979145116462969,0.23103715410687015
no.musikk.klassisk,6a7c700f96bbf5b3,15,735,0.9831812181366029,0.3278610017921837
no.musikk.klassisk,751f1a94549d95f9,5,414,0.9961730822818639,0.23558874263503005
no.musikk.klassisk,7a1ad7f08dccb7f4,8,593,0.9909556333804369,0.18516118125465583
no.musikk.klassisk,7db803e4d1e898a2,4,378,0.9714161451988224,0.22583303976333177
no.musikk.klassisk,8b5b55c410441326,23,956,0.9876281396643939,0.43323732548154625
no.musikk.klassisk,8f87064cbceeac2d,12,825,0.9875900070338954,0.3097929548838378
no.musikk.klassisk,9c5d18eef2df0ac0,23,1342,0.984823056582713,0.35615306298359467
no.musikk.klassisk,9d2322693c47ae21,5,134,0.9352542523214513,0.20515608195927476
no.musikk.klassisk,a88549bdad6b6012,14,1145,0.9965880854582492,0.21550115029850098
no.musikk.klassisk,a90a40abe68b990d,4,177,0.963865602043369,0.25424321230368085
no.musikk.klassisk,a9dd1251ec9b8f2e,5,607,0.9890373152620836,0.2138516602064977
no.musikk.klassisk,b24983a06290ecdb,30,1319,0.9913784324645937,0.1993969722985227
no.musikk.klassisk,b601084cb54ff35b,7,561,0.9961438310620412,0.2648274765631672
no.musikk.klassisk,b630c7bcc8ee8121,12,517,0.9538436763314962,0.2714452790630707
no.musikk.klassisk,d7181af659b21c2d,23,1356,0.9971373180819235,0.2711384625306521
no.musikk.klassisk,dd95f75ec6796e3c,25,2622,0.9981308796224746,0.1748061469894741
no.musikk.klassisk,e1ef1c526dbf9a06,20,1099,0.9894075297799222,0.215075414923704
no.musikk.klassisk,ea10d9b8068f4ea5,8,572,0.9941043354982051,0.2867150505294463
no.musikk.klassisk,eab76510d362bf99,12,543,0.9830272474395172,0.16299893790707043
no.musikk.klassisk,f0356e9508f6fa9e,5,321,0.9747863608532127,0.3125083962700641
no.musikk.klassisk,f15fc5d04cdc407d,5,663,0.9954422138499263,0.2725622667154486
no.musikk.klassisk,f30bb7c48327e664,5,275,0.9505693779952907,0.332407250593026
no.musikk.klassisk,fcbb5ab0cfdde17d,7,236,0.9844032807874699,0.21411466176278002
no.net,038e57295e054303,3,226,0.9386297027665161,0.27560394080831635
no.net,0d866aa324a0c6a1,13,1184,0.9979620849939371,0.2672733885649918
no.net,0e3525eee7600b8f,15,1023,0.9837514969332383,0.37928649842454176
no.net,0f4a733cee3cc0ed,1,699,0.9998001867362684,0.28507830544476676
no.net,0f8484947842b9fd,3,369,0.9936967329857395,0.3080208469881971
no.net,139c5a541a937f9e,5,370,0.982911062368416,0.17407395566578474
no.net,14604d436654a4d2,8,573,0.9936582482229197,0.20071140629822107
no.net,17cb82c61f94bb3e,9,409,0.9835701272177584,0.2615777489034069
no.net,17cda7f00e6c8c78,11,1049,0.9810170634405567,0.31203884323602404
no.net,1c0e485baefee508,5,407,0.9770189201349638,0.2973400315619884
no.net,213651e39061e83b,46,2124,0.9880821685068921,0.2672150410144787
no.net,29a9fc414e295834,2,178,0.979908826071646,0.23054858885804003
no.net,29f8d1a14bdd7ff4,5,648,0.9694101288199035,0.38925315525461823
no.net,2ce9697d2b3256bb,6,661,0.9959332900031709,0.3157567585591777
no.net,417ce2bfbcd75f24,18,2258,0.9976531100239912,0.3245120574109142
no.net,42fd891c455a7dfd,10,553,0.9905735951202996,0.37619509077754715
no.net,4cb12c5e799ba57a,2,170,0.9967785237843145,0.2929222333216714
no.net,527f10eb7c87f725,3,432,0.9976021979689426,0.13945726428644867
no.net,554bc9b116116a1e,9,617,0.9961047184608779,0.27501365951951556
no.net,594281d88e8715a8,8,597,0.9892564658658909,0.45825708595085896
no.net,5f0f5e7231081d0b,30,1369,0.9802777370180051,0.21783690596681365
no.net,653405d5563e5847,5,546,0.9966602684174487,0.2078381057897252
no.net,66f12870ce3e3885,8,473,0.9788796274003239,0.3261239551005648
no.net,6a74d9636a7f35d3,32,1675,0.9929961862695781,0.17777977154358685
no.net,7a6c35840d97b038,22,752,0.9772745834002382,0.16491165358045945
no.net,80f2325acd68a0a5,4,233,0.988274806201221,0.1762977359672397
no.net,86f9a2405b74fa8d,3,304,0.9923843851268237,0.2202302601918554
no.net,8dc0520af883f79b,11,473,0.981674324031695,0.299926885998033
no.net,91ed9a2dd549eec9,11,601,0.9782232210811764,0.27210722315444735
no.net,a590c7360d9b5da3,11,532,0.969196166152492,0.4601538812952862
no.net,a7fb2711dffcb789,7,418,0.9711175503821765,0.4047634641315402
no.net,b215d0fe464c8cb9,3,142,0.9679680760186254,0.31435673919705415
no.net,b40c50a253cd5b69,22,1075,0.9833565184988015,0.3558690632541164
no.net,b94d19b6ce93d965,12,368,0.9711130243822729,0.12712745414090243
no.net,bd8b523017a7f3fc,9,1030,0.9961519600840061,0.25576653593039295
no.net,c6f8337c4a425c4c,19,507,0.950128548069305,0.22428044479150328
no.net,c7a6ca9d2dcc02aa,8,555,0.9895777424166257,0.363326685759842
no.net,cc91b21876f4599b,3,289,0.9983193547987664,0.3305256268346703
no.net,d3cd2d34dd917d7d,9,558,0.9906064059774325,0.13077505955326857
no.net,d88d90e59d8be0d0,14,936,0.9900026403824013,0.40754924465132353
no.net,deff69340e425ccb,20,588,0.9901631875869593,0.17514235872237305
no.net,e3be09b66bad742e,13,345,0.9249541017867647,0.30798654629402694
no.net,ed634ca8e93596cd,18,838,0.9733283790201155,0.23916253378938437
no.news.diverse,052cb290ed3bc2a1,3,284,0.9903193718138855,0.1818325626020194
no.news.diverse,05f8be9768e9a7a4,44,2715,0.9943652926210195,0.3192548416990883
no.news.diverse,069ec2746f0915a6,3,261,0.9965296348322165,0.4560500717862664
no.news.diverse,0a0ff6e36e410614,3,296,0.9791281113431862,0.4029279932286775
no.news.diverse,0b8dbda321faf52d,21,1615,0.9965307632715638,0.20826729746157882
no.news.diverse,0cc8f35394c4d714,1,209,0.9984214974858392,0.41278696657414915
no.news.diverse,12f6ff9a05e00c83,1,10,0.8175323240233804,0.27093142835224343
no.news.diverse,1413005200b9c61a,6,654,0.9952350758315944,0.2623814923575407
no.news.diverse,17daab5814cdbabd,10,322,0.9640721144420593,0.25560474236493935
no.news.diverse,203abd694f595f11,17,672,0.9666649164342964,0.27059848812977805
no.news.diverse,22025b89969b54f7,5,242,0.9510109430578038,0.25580135207908977
no.news.diverse,4c82c08ad7476730,29,1173,0.9759893476361544,0.36531141272931555
no.news.diverse,56d6b502eb0b1266,7,307,0.9525588212323889,0.330093318141474
no.news.diverse,58a8b00e771af582,3,965,0.9960479272860328,0.26699678080637856
no.news.diverse,66fc35f6c0b6871e,10,619,0.96038166207093,0.45748954061099645
no.news.diverse,6ba21d602eab37f1,66,3973,0.9948671447142748,0.23666384402247848
no.news.diverse,6f489423adb12539,5,561,0.9691314141345485,0.3780404841690389
no.news.diverse,72842dfb24755fd2,2,243,0.9983458679332851,0.19492492656014268
no.news.diverse,752c4fe05c3d520f,23,1111,0.9878086580471175,0.2955689389681359
no.news.diverse,75d555404e9c4657,3,334,0.990524560243253,0.27801422173836293
no.news.diverse,7739e2b10ef5f11a,9,786,0.9970841601429101,0.2718543122596873
no.news.diverse,7a31b74b6e29d643,8,588,0.9926129160731676,0.2734686259526687
no.news.diverse,807b813c45309601,23,1089,0.996900400894605,0.3369436457669768
no.news.diverse,8138a188b28c3782,5,234,0.9431991709615094,0.33762377110117275
no.news.diverse,8ea59705b298dd4c,11,422,0.9775878165954195,0.2509106154875012
no.news.diverse,94c5e98a33abdbb3,15,567,0.9789517098397296,0.17375978508853765
no.news.diverse,957f7832a6050275,27,1516,0.9894796972397639,0.2190631574948899
no.news.diverse,96c42c7a6986b20b,5,460,0.9911581175619175,0.07673259233049962
no.news.diverse,a14c5c8c6c782ede,13,759,0.9814620492233229,0.3532640924143582
no.news.diverse,a6f756e2f2076a0f,13,536,0.9856881668486166,0.35708472160014
no.news.diverse,b16a2ffaa09f1448,12,513,0.977538534131666,0.33897097401520604
no.news.diverse,bef34d994d79dcd5,1,68,0.9850538706041284,0.32504206864769136
no.news.diverse,bf939d9f60e502cd,9,723,0.9866366975837247,0.24579872374270656
no.news.diverse,c034cfcd0634df9d,20,1579,0.976013936018047,0.4162807132742426
no.news.diverse,c666a6b6abb37c79,3,411,0.9875176732341353,0.2929066410999277
no.news.diverse,d41dadc8164b85fd,3,176,0.9364899148239583,0.3015745697905328
no.news.diverse,db6ea1bc5f1d9115,17,851,0.9851912687478641,0.394938733834318
no.news.diverse,e324553ac7aed8ec,6,319,0.9026263254497199,0.29513545299296334
no.news.diverse,ecbc2755b0b68c33,20,671,0.8898863795554561,0.2969560852003402
no.news.diverse,eed39bda7003cf2e,4,339,0.9862517977184416,0.352878323605382
no.news.diverse,f0f96d1db91af11a,10,1051,0.9938069916271216,0.2328362788721353
no.news.diverse,ff9b03948cef02c6,7,408,0.9853624602281698,0.2204149530861371
no.news.drift,01a15e5565847b9f,5,285,0.9926610548858237,0.26024469246187
no.news.drift,05194bd83ffe247d,14,1719,0.994294004889861,0.22763260913736513
no.news.drift,06417dbab3277ed5,13,488,0.9616768761749225,0.17088872832063143
no.news.drift,12556729b129db4f,44,2029,0.9789468597841342,0.2765073043654834
no.news.drift,1d480c4a40ced645,7,2167,0.9823569505054496,0.21402793512776788
no.news.drift,1e979ae56cda3050,3,419,0.9988876330929363,0.38160419674554286
no.news.drift,2b74518c184e47b9,11,761,0.9696080531606187,0.3903038855676422
no.news.drift,2d1f201c39d80d54,6,513,0.9800528157533572,0.33977178568553335
no.news.drift,30656808410ace3c,5,367,0.9895011379228019,0.2654453082960669
no.news.drift,362ae2a914e5ba20,7,294,0.9759993952051462,0.3263388911715325
no.news.drift,375a52fbbab550f5,3,188,0.9838535933837581,0.3429306089671768
no.news.drift,399a536ece0031ae,9,307,0.9550495781175861,0.3433375376144011
no.news.drift,44cf08ccc3dffbc0,3,799,0.9978831121974637,0.2686708717609843
no.news.drift,466c24f46c341187,4,889,0.9911130673170284,0.23847927262207946
no.news.drift,4bddb0b0a3dac6d4,2,593,0.9991873191196131,0.2606822148714536
no.news.drift,4f60397d278ac374,3,326,0.9905858647302586,0.17931516964011288
no.news.drift,5913cdffcdcb099d,13,698,0.978631961650786,0.4070489618171818
no.news.drift,6999568be2a7e2e8,6,717,0.9833001418705937,0.38625122570932063
no.news.drift,6ef2c4d9a8aaf12c,16,848,0.9211064728000401,0.34725907687768126
no.news.drift,767f74b56babffbc,10,838,0.9929814448513834,0.29938518306383655
no.news.drift,7acb495df6f3cf9e,3,318,0.9895802709663408,0.13900502227160963
no.news.drift,7d7b31baa658ff17,7,526,0.9964732351356251,0.43479985506160274
no.news.drift,855ad0ec31c40ba5,3,329,0.9896155810620362,0.20901959256044889
no.news.drift,88485cc022c28d50,4,199,0.9784245167834958,0.3536939007834951
no.news.drift,8a1a5fb79495f334,7,759,0.9920367489957468,0.27216122009655813
no.news.drift,8bf2bf8dec3de1a5,1,206,0.993893350657463,0.25949431523728267
no.news.drift,8f8f4681ff214c96,4,651,0.997310594138719,0.3684046876867395
no.news.drift,8fcbd72415585d76,2,618,0.9990167686254736,0.28035861331020645
no.news.drift,902af0b3bb6f0187,15,786,0.983486790683162,0.4425346791809592
no.news.drift,9c2dc91425a93619,7,397,0.9693683826067941,0.38097337002894544
no.news.drift,a25bc2e59e2ad6ef,4,228,0.9613113900543651,0.2023695742495799
no.news.drift,a9366e7c8492fc09,6,334,0.985325083826969,0.2672103117428272
no.news.drift,a948cbea45ccb4f9,10,455,0.9675153103703601,0.2635705806882402
no.news.drift,ae01f850ba4dffa0,5,322,0.9964531271043238,0.4340721939450414
no.news.drift,ba6b18699e7fe748,8,489,0.950056302953811,0.3269122674292535
no.news.drift,bc5d827436df06ea,6,515,0.983979959226397,0.3997935063302271
no.news.drift,be2b05f9af05c13a,14,884,0.9803862302409164,0.22988437277357837
no.news.drift,bf34b86427888022,7,476,0.9886475990282066,0.3834265284624622
no.news.drift,c7e64064c2d82658,6,651,0.9861782985244287,0.4390234590741979
no.news.drift,d6e0970ad677107a,19,816,0.9236730896790232,0.4101527444614143
no.news.drift,e317f6dc4847e460,2,129,0.9882702540407174,0.3028321908533779
no.news.drift,f4b816df30710564,6,539,0.9845751420764252,0.6353001469748654
no.norsk,084252b9d7ec2868,3,238,0.9802028752008562,0.17829195701458436
no.norsk,0acdbd65e6d00757,6,377,0.9917358232519773,0.2969430002437446
no.norsk,1d78242279e161a3,59,3387,0.9952637597476528,0.3086652064985813
no.norsk,1edaae64a7400f4b,82,3744,0.9661830446475531,0.28900674805216264
no.norsk,1f0efc427cc3c632,9,637,0.9864378257995252,0.28087113789639345
no.norsk,211d5c025f1e62ff,6,179,0.9412213779378616,0.30942662537295545
no.norsk,27f29176d1eed711,6,574,0.9966739783397651,0.0853269561426525
no.norsk,2aa1f10c6435e02a,28,1549,0.9808763051189803,0.2996043696401622
no.norsk,4431c6b0bf2cc4c2,36,931,0.9316427660761479,0.3184439846802165
no.norsk,4935c33eb8a9ca4e,3,385,0.9731371050911518,0.30005356516421056
no.norsk,4f11c8e0f0909f97,23,1159,0.9873552945938711,0.3002191445209855
no.norsk,57c8dcb1e1567f49,12,991,0.9897998712921575,0.24971396085756922
no.norsk,5805d4410a199f78,3,233,0.9142581443929528,0.27958439930823836
no.norsk,5b146d91aef3bc9d,14,412,0.8214457442946062,0.23854167132285345
no.norsk,5bd4b24cf5edc624,18,1041,0.9938838042588944,0.3031587928952093
no.norsk,5c61dee2258af2d8,6,491,0.9685654394243668,0.48460952143746777
no.norsk,61a7d26bc973f4ed,6,489,0.9865025535483842,0.2727833668092917
no.norsk,640c58150ea0b3f3,4,147,0.9409266814321133,0.2947082774784622
no.norsk,6b16d69943cf6503,2,432,0.9728395249565159,0.3400054291690657
no.norsk,7bb773c5c1ce5d64,2,414,0.9991667919097527,0.3707352988410476
no.norsk,7c5a294871dd89f8,15,805,0.981827299693913,0.09236706269873261
no.norsk,8398f57af52edeed,12,448,0.9190475544765097,0.20295025070783762
no.norsk,908d8175bd4e727d,4,317,0.9956300802110151,0.11994329379069604
no.norsk,97ee78cf793fe48a,10,364,0.9344976920761529,0.26166455809168365
no.norsk,9c15f225c58e1a87,25,1391,0.9927906313668766,0.26648212042366126
no.norsk,9edcfd2ae6d958db,10,941,0.9981746988485699,0.3333524995804156
no.norsk,9f95457eb6e1b423,31,2258,0.9983311201976692,0.242477014707665
no.norsk,9ffcd43d85aff80c,11,652,0.9886548841156729,0.30201836461969495
no.norsk,a507484039434a4a,2,215,0.9861354476184487,0.15166228335189852
no.norsk,ac7522077b5b1ff8,22,1178,0.9790739209374411,0.1461552482873368
no.norsk,acaa067424dcf8e8,3,59,0.9290279037866851,0.2658254408054866
no.norsk,af2f75996a837bd9,20,1111,0.9668206965631622,0.4253207049208411
no.norsk,af6e566ebd8bf2ad,9,619,0.9888709516728472,0.2771116674367161
no.norsk,bdf4597c2dc1c14d,7,617,0.9841514640325095,0.3278070202678757
no.norsk,c4990dee0e1428ee,9,497,0.9729701646739525,0.24529701462421108
no.norsk,c5fca711ddf0fec0,5,689,0.9892501709533623,0.3878208791453693
no.norsk,cfeaee1b82046fd8,26,875,0.9600231172122686,0.30848297500438215
no.norsk,d28fc6d8bff15eb2,5,142,0.9276579999241367,0.340948053270751
no.norsk,d9586073aff02ccf,9,577,0.9942434091678362,0.320247212235168
no.norsk,e74afd7a759a9341,7,329,0.9929894425347765,0.21282259885673394
no.norsk,e79173e92c1a36d6,37,1458,0.9885756309865725,0.23628151540844944
no.norsk,f7974f6624174feb,5,565,0.9959354018566364,0.2746648404762341
no.norsk.fagord,0d0cfb4f708707e7,4,725,0.9941007597759255,0.2711391120169522
no.norsk.fagord,10fd0e95b3f23784,4,624,0.9983193933746277,0.22583094846951032
no.norsk.fagord,18ab3afeb4a27245,3,227,0.9826582140388731,0.10736783043972879
no.norsk.fagord,193f221b2a42e43c,12,553,0.9783365502327648,0.17020260201186146
no.norsk.fagord,1ebebca89a46309e,8,526,0.995260483958006,0.27779417337892465
no.norsk.fagord,275835afe73eae86,10,661,0.9865081549872589,0.21684284865684594
no.norsk.fagord,28bbe7204df37a29,5,453,0.9660102098129886,0.2529876634878162
no.norsk.fagord,2c26867af6e9e402,11,1032,0.9856141344802717,0.23829915320953912
no.norsk.fagord,2ca9f4ed009137a2,1,307,0.9968016430243427,0.22409814674183687
no.norsk.fagord,360286c9418e8328,5,246,0.9865904989133354,0.19040436358495028
no.norsk.fagord,371bc7db65a14d04,2,340,0.9978926719268911,0.34370213445391257
no.norsk.fagord,46804aab0825a9a2,6,383,0.9827720578515532,0.2976673788880832
no.norsk.fagord,4988e2befa047fc4,9,561,0.9704291638128519,0.25947723607102074
no.norsk.fagord,4bc9b5ae81d89e50,1,210,0.9887616653025103,0.2903084091504737
no.norsk.fagord,4fa05e1b196cef64,24,1499,0.9915663423611412,0.2743658236151425
no.norsk.fagord,51394a58b7ac6ede,2,476,0.998763568228876,0.1542502298922356
no.norsk.fagord,5f8367d51b5ac95e,4,1174,0.9970316544356722,0.35105653956219446
no.norsk.fagord,619b7a2e90c8ce43,5,581,0.9963113910867246,0.26875359277266525
no.norsk.fagord,626ed9fc4a622b33,5,432,0.966425133164747,0.32165092144562163
no.norsk.fagord,6b297c1b42aaff21,4,364,0.9953738960923931,0.3556338526549679
no.norsk.fagord,80526e7e842e4650,2,502,0.9926106207959491,0.32976676452917764
no.norsk.fagord,8162cea3ce305489,11,1276,0.9964292251948424,0.16021543195882657
no.norsk.fagord,822cc6e37af8cc67,4,449,0.9744884060972114,0.24838400656484622
no.norsk.fagord,884f663a69f11360,7,288,0.9435707212952944,0.36709913698046426
no.norsk.fagord,8a89ddf4ca608332,15,1600,0.9958651039144071,0.23143214080773145
no.norsk.fagord,97687680f37e5fc4,16,646,0.9661613899085243,0.3070299806726991
no.norsk.fagord,9d271de2c54da81e,30,1706,0.9914521308174566,0.2423403402969176
no.norsk.fagord,9fd92e09a70604bc,3,510,0.9957004310736137,0.26866885590936046
no.norsk.fagord,a7a86488c18ad1ea,11,543,0.9708336214194275,0.36123019920145777
no.norsk.fagord,a8d4d95722de5108,21,917,0.9813669899705336,0.3001951346577117
no.norsk.fagord,b38e9001bffde60b,2,250,0.9911441420710523,0.30061113363800857
no.norsk.fagord,bbda3005fd6b4719,2,201,0.997600687186464,0.32619275178053786
no.norsk.fagord,bc1e7346fffcb51e,2,303,0.9845626781149448,0.3419801024899609
no.norsk.fagord,bcc6e6e0771768d8,2,180,0.9962137631907596,0.2072852250340015
no.norsk.fagord,bf6c8b94ce1443b6,54,2906,0.9677788173815461,0.24920936729201276
no.norsk.fagord,c7e967d971482423,26,918,0.9776190471236776,0.18629481461294248
no.norsk.fagord,d344ec2ad88c1cd8,12,528,0.9294647899478617,0.3832794958278816
no.norsk.fagord,d9753d629a9f6ecc,12,643,0.9718321049860746,0.19945961652274957
no.norsk.fagord,d97ae2ca3b98ebe3,6,372,0.9899246795803424,0.1583835117209797
no.norsk.fagord,e407532e4a8e02f2,1,280,0.9931690204644306,0.23104588204692378
no.norsk.fagord,f33549adba8395c9,6,633,0.987795840011536,0.32485659215058177
no.norsk.fagord,f624ff0736d2fb24,6,423,0.9623785853715364,0.2879462884549706
no.norsk.fagord,fb0f1afafe40927b,6,339,0.9415553575707136,0.36342128621329073
no.nuug,015032a432a26fa2,13,993,0.9776320229779493,0.24313489744929292
no.nuug,02402a29278dd919,15,629,0.9745722071690095,0.4644983006422804
no.nuug,08a7f14c215f4085,2,65,0.964017210649683,0.47625446454004844
no.nuug,101930625ad4ab8a,19,848,0.9152585914903455,0.27781157305416876
no.nuug,1b8d24343f6a58e9,14,948,0.9958790596344531,0.28238381972586374
no.nuug,2030c1e00a8e2654,3,524,0.997277997395041,0.3200400696514997
no.nuug,3861bbe17f34f569,8,381,0.9596844766876694,0.229083362787453
no.nuug,3d48bd71191635eb,11,1030,0.9971033399559969,0.26696322825595953
no.nuug,46226533cbb3d497,31,1341,0.9767974011773277,0.20704559366103478
no.nuug,479f14ebb38e5fbe,7,319,0.9730341071414706,0.2732420963192882
no.nuug,51b510e80f326965,3,316,0.9741368603417057,0.3367629875467757
no.nuug,56003fbcc4a6c06e,12,578,0.954025594010242,0.2922281246934815
no.nuug,591a0b2193b23b4e,15,618,0.9907535355761492,0.16476351377059165
no.nuug,624be8dd39b5aa3b,18,985,0.9851187419167414,0.24923233747763107
no.nuug,6cceea13ea802dfb,1,248,0.960859433727142,0.3371669178269811
no.nuug,74dc6c3e6de7e8d5,3,329,0.9414713036630606,0.34578047939014434
no.nuug,7a363f205b7dac34,2,97,0.9155804373034818,0.40207161296657895
no.nuug,9945992975bd2875,14,672,0.9253797805586784,0.29340046547267584
no.nuug,a34c82e5c0c551be,7,395,0.9980104950739687,0.2949609254143605
no.nuug,a41269a317094305,124,7253,0.9809747712442057,0.21811663534561318
no.nuug,a7468e7be23db137,71,2769,0.9892301249294845,0.1522869925556672
no.nuug,aa26b2254ae72833,5,551,0.9903493678133882,0.2933815358614344
no.nuug,bada3a3429520083,1,209,0.9636429705264371,0.28039078306461285
no.nuug,c4ba203550aba8ea,9,664,0.9754427091173535,0.25974843359387345
no.nuug,c5f551bd073f4c56,14,538,0.9344843169464896,0.2207390492579356
no.nuug,d69b011d667fb570,3,167,0.9887971438482104,0.2713283020259355
no.nuug,dc5a98c3bd542131,29,1155,0.9654083937276501,0.31879242703347077
no.nuug,dfc0a9b5841b4d66,7,637,0.9652582767795627,0.31587540934197733
no.nuug,e1063648cc9e7a80,1,145,0.9989593043761352,0.22870498933474742
no.nuug,fbdbcbb623e74c13,14,888,0.9755899297114236,0.14150945598179185
no.nuug,fea1ccef5ea47084,4,455,0.9856344787126425,0.2885549554855546
no.org.dnd,0f6577d66951e664,2,169,0.9560699200525856,0.33909113982656924
no.org.dnd,430515aec83235ff,2,131,0.981845518698436,0.2615694086246008
no.org.dnd,74204439ccc87ea6,1,789,0.999361009538394,0.20392746782271146
no.org.dnd,82c6861f32ac8467,2,3164,0.9998272775951282,0.24880230064835526
no.org.dnd,bb300ded89b648f1,6,428,0.9882888067523053,0.22673627382053388
no.org.dnd,c85eea48bc673aec,1,739,0.9976613097485428,0.1969905023441014
no.org.dnd,d29599dc22e40708,13,975,0.9875279428256803,0.486704632588196
no.org.dnd,e06d07161b77d381,1,2503,0.9997169093819822,0.19093042607988808
no.org.efn.diskusjon,0439b961c517dc0e,7,404,0.9722267192305266,0.21567077979787772
no.org.efn.diskusjon,0daad1b2cd1deef2,33,1675,0.9859888386173057,0.3676628471258576
no.org.efn.diskusjon,1a95a770692a24ba,4,439,0.9982909537702412,0.291360765273674
no.org.efn.diskusjon,1ab6ff1dbfbd91cc,5,610,0.9855092601053812,0.27019252933161386
no.org.efn.diskusjon,1ef2cc5bc256eb29,8,743,0.9966115553716692,0.2729265135816732
no.org.efn.diskusjon,27e24aaac35596fb,58,2955,0.9624115132363601,0.2911001465558113
no.org.efn.diskusjon,3830d3c4f48023e6,7,553,0.9857816765659598,0.30407663876197843
no.org.efn.diskusjon,434d8a661bfaeac1,15,850,0.9588175854870011,0.13069830616881473
no.org.efn.diskusjon,4378d21a9f6a13df,14,1086,0.9723976760860149,0.19409151068667763
no.org.efn.diskusjon,4b7920c7482f27cc,22,1182,0.9840134750835121,0.26424752005202157
no.org.efn.diskusjon,4f5c37518c67e018,5,379,0.9932414346259881,0.43713919216402175
no.org.efn.diskusjon,50084c2493b13a8e,1,647,0.9995149849268015,0.1756276887570673
no.org.efn.diskusjon,5d57fa8d28912b4a,129,7058,0.9876700262586378,0.25054297132754133
no.org.efn.diskusjon,5ebb8744dace6ad8,42,1699,0.9610487310408681,0.30139865010463107
no.org.efn.diskusjon,63b47192dd860a71,156,7440,0.9696366033766718,0.2361515359355766
no.org.efn.diskusjon,63be562d1d64ec2b,5,562,0.98770926859007,0.31195915753347375
no.org.efn.diskusjon,68210c4b17729aa6,6,426,0.9960882442130431,0.37572879244940155
no.org.efn.diskusjon,69b29150f2d80dff,9,722,0.9924691071597821,0.3053302866073787
no.org.efn.diskusjon,6aa31a04fb048e02,13,891,0.9934712311555665,0.28753135965503324
no.org.efn.diskusjon,7e107447d83754b6,14,1266,0.9706490903653453,0.2662089886265083
no.org.efn.diskusjon,82c15d86acfc2f10,32,2880,0.9832407232153205,0.35302262017071284
no.org.efn.diskusjon,83d412c0c1a17f98,91,4357,0.9851318670919004,0.1916941676069314
no.org.efn.diskusjon,886a3178aa0988cf,19,1796,0.9975162207408969,0.2240561690201875
no.org.efn.diskusjon,8abd0a0174adc770,10,1044,0.9914656245913133,0.22397472649212324
no.org.efn.diskusjon,ae709465069ee342,36,1624,0.9901628341436022,0.1265142281623684
no.org.efn.diskusjon,af6057607e86276b,3,663,0.9974760108014852,0.316583144224234
no.org.efn.diskusjon,b423ee91a3046843,71,4219,0.9959685488565648,0.19555803009039727
no.org.efn.diskusjon,bee2947f976b8dde,82,3828,0.9797378097119404,0.22357802071751093
no.org.efn.diskusjon,bf55faea7bf1496f,1,381,0.9961459636155333,0.3439328076888606
no.org.efn.diskusjon,c0bdf77a6875ae76,57,3003,0.9899797149496966,0.1395576463594955
no.org.efn.diskusjon,cad812007403f2a7,39,2349,0.9844745807070525,0.14400386815391283
no.org.efn.diskusjon,cf7aaf4bef6e6481,8,713,0.9765715122609273,0.4591353498221228
no.org.efn.diskusjon,d0285d855b8e74ff,5,582,0.9867787671910755,0.23707743895497022
no.org.efn.diskusjon,d3112c8d4a1d905e,9,737,0.9902488754210058,0.15498875483016744
no.org.efn.diskusjon,d7c1f3f1cff89cc0,32,1320,0.9928844363607987,0.2274233709018404
no.org.efn.diskusjon,da9a79c6ff7f2a6c,24,1419,0.9885872446914651,0.3015360022821744
no.org.efn.diskusjon,e5dcb50682b73a06,2,719,0.9980149983322183,0.44821566711486743
no.org.efn.diskusjon,f04c624959068cf2,13,651,0.9804601493254025,0.34763317003034977
no.org.efn.diskusjon,f1da465c6eb60f80,18,2140,0.9972426381424457,0.3929997970258208
no.org.efn.diskusjon,f9468d9fa14ec30a,16,957,0.9965042583323082,0.3543173261918255
no.org.efn.diskusjon,fe1557540ac7da31,56,3184,0.9914392227753136,0.3002376800394652
no.org.efn.diskusjon,fe732908067be65f,36,1949,0.99327769037203,0.22796087828918107
no.org.isoc-no,001de21292a7fcca,5,512,0.9979777169484237,0.26995890683885565
no.org.isoc-no,0649d2252310ecb7,24,1000,0.9823990933885807,0.09402033908807221
no.org.isoc-no,0694015015e26439,6,455,0.9948095396789263,0.2310488239678127
no.org.isoc-no,0e3ac6b4ea58a5b1,17,1015,0.9761029313263255,0.41512566422797215
no.org.isoc-no,1989ec01151c2e2e,4,332,0.9696678450001366,0.40956524421092616
no.org.isoc-no,1cd8f999c1fb4936,43,2572,0.9854751370663651,0.5138630506206852
no.org.isoc-no,373eec11eeb8101e,2,123,0.9827396317118182,0.27465648437668455
no.org.isoc-no,429d9c3c38a827aa,16,1272,0.9939908113643239,0.2973579903851756
no.org.isoc-no,4afdf63415234e96,1,117,0.995256234872664,0.25679167193855507
no.org.isoc-no,4b2a9e7b40100d6b,18,3003,0.9980925345717815,0.17461937079970513
no.org.isoc-no,5d7b6ddda6de6c02,14,858,0.9807623883884875,0.4063300175285981
no.org.isoc-no,5f6ef0b566c90630,63,2731,0.9881701359295346,0.3904487704049421
no.org.isoc-no,5f6fa5e78d98ed91,56,2914,0.9934454016942333,0.2650702328944133
no.org.isoc-no,6441f0955ff0b751,16,1019,0.9933541079498134,0.2747623278679147
no.org.isoc-no,739eea15b09af221,80,3982,0.9891479278085947,0.16286419565389118
no.org.isoc-no,752b217b03db3cb6,23,1179,0.9865703433420674,0.4047290318438837
no.org.isoc-no,791f8e85033652ae,216,11461,0.9934215605760323,0.3694933740484621
no.org.isoc-no,7d8cc7ac264c5d02,22,1124,0.9838304950192975,0.26027560669880473
no.org.isoc-no,7ef5459493579c53,68,4201,0.9920758024191175,0.15197013555780148
no.org.isoc-no,7fb0ea599b52bda1,125,6155,0.9788363240760818,0.16707705942224996
no.org.isoc-no,93dc8f8ec68806b9,30,2089,0.9874400963628878,0.3879628831563134
no.org.isoc-no,97c28970d67fe5b6,31,1408,0.9794078349077808,0.23234381012352004
no.org.isoc-no,9b4b063afe5bad17,8,403,0.9931191380318448,0.19651142865310706
no.org.isoc-no,b7d703217e0eb9bf,95,5371,0.9934597142436332,0.20620036171002537
no.org.isoc-no,b9231a84e755237d,18,663,0.9658450625642464,0.3469147028030357
no.org.isoc-no,bc339405d8e5b860,33,1616,0.9930970602258374,0.33153635644622215
no.org.isoc-no,bcf1a8398bdddc04,3,5023,0.9990508848954127,0.0943221443021908
no.org.isoc-no,c0b2542b0ef87a9f,96,4327,0.9883647089882094,0.16822223573819858
no.org.isoc-no,ce16a603e52d6381,16,555,0.9928697390503457,0.35598653860244284
no.org.isoc-no,dc069925374ef04a,24,1315,0.9904002122922578,0.2453628960406962
no.org.isoc-no,e97ffaeb43d5696f,20,1103,0.987622794931647,0.2578475218506214
no.org.isoc-no,f03015882b2a04b7,176,7736,0.966190081419751,0.2820051697828139
no.org.isoc-no,f552e3b922777467,20,996,0.9940990097897884,0.3143817041248399
no.org.nobug.diverse,011985738c4410f5,3,430,0.9985119214976299,0.14638818682943186
no.org.nobug.diverse,1fe5a40463782791,7,641,0.98057512395932,0.16548567810460496
no.org.nobug.diverse,201fbb1966e5701b,10,538,0.9733993375531664,0.34642482172511685
no.org.nobug.diverse,2275b17fba070e23,3,206,0.9789085270552492,0.3396787766969682
no.org.nobug.diverse,2355471d7306405c,2,44,0.926098567385569,0.26860973565959595
no.org.nobug.diverse,25a75cb19e859847,6,610,0.9951172991052848,0.24829310001296018
no.org.nobug.diverse,322cdbb4d1d5cb62,42,2959,0.994440813224499,0.1406062395341915
no.org.nobug.diverse,3abb4576f0946f76,5,482,0.9882382657682701,0.2580742887823865
no.org.nobug.diverse,4174578366f9edd7,5,508,0.9859911855326022,0.4097722924537091
no.org.nobug.diverse,41bb494f10abcd23,8,634,0.9944472689023076,0.33892747856253735
no.org.nobug.diverse,433f2d321b44b66b,3,180,0.9790613426505634,0.3019773621139877
no.org.nobug.diverse,5127c1ed42118b3f,5,698,0.9921920005981181,0.335115327080276
no.org.nobug.diverse,5345d662a2c026b2,5,498,0.99701008138192,0.23707713217710524
no.org.nobug.diverse,54142e7212cc5877,7,281,0.9822677372046162,0.3973011761205707
no.org.nobug.diverse,5b50eadb5cd11804,4,127,0.9439473119713147,0.2078258608998823
no.org.nobug.diverse,5bc208a5efeab274,22,1171,0.9942325396020051,0.22099111307173863
no.org.nobug.diverse,5eb842d2ebfa7c9e,31,939,0.9868739468855467,0.4184434606479013
no.org.nobug.diverse,602dcacce356e6f7,5,453,0.9861297764523008,0.299295761226539
no.org.nobug.diverse,62bccd5bb92088a4,39,2477,0.9966085833678774,0.12103495331334312
no.org.nobug.diverse,6a9ef2dee7c7de47,4,362,0.9819392701597399,0.2793123336669355
no.org.nobug.diverse,780ebbe95dab97be,18,818,0.9908474476177032,0.16583992101762232
no.org.nobug.diverse,85206373da2f6a74,24,1073,0.9863185301853498,0.20496492887219891
no.org.nobug.diverse,8dab7e3992bfaa37,20,827,0.9800926748395086,0.3741947158926384
no.org.nobug.diverse,99c9f72ec6416a0f,11,1008,0.9963980323521514,0.30628036998056657
no.org.nobug.diverse,9ae75396a393b934,2,238,0.9918595504169821,0.21195155047675623
no.org.nobug.diverse,9d36a21f74260d0c,3,210,0.9815069441805427,0.23720213083544067
no.org.nobug.diverse,9f2179b80ab3d31e,11,537,0.9877116127693449,0.2788186374612614
no.org.nobug.diverse,a3f2348fa444e94a,4,284,0.9919493976323027,0.25423221401111595
no.org.nobug.diverse,a91abbc69d7e0e31,21,1111,0.9935779286422854,0.22853731092928478
no.org.nobug.diverse,ade08fa3e2679207,2,362,0.9940407598076741,0.29530924695714333
no.org.nobug.diverse,b03d6e20ee3a8aec,4,530,0.9960556014916984,0.4275445812685044
no.org.nobug.diverse,b638746e120963b8,3,327,0.9841589529813531,0.2938400754769607
no.org.nobug.diverse,cdec0158bf5c9905,1,61,0.986102744468872,0.18081984877084367
no.org.nobug.diverse,cede831c4a364b7f,1,70,0.9297664556145577,0.18019695641680522
no.org.nobug.diverse,d05baafd686a4b53,3,470,0.9862658604548454,0.3440099794726486
no.org.nobug.diverse,d25fa557a1f4c20c,6,525,0.9958748566398273,0.25662257809093353
no.org.nobug.diverse,d2a70473245386b9,8,416,0.9800167238382554,0.14335219073221825
no.org.nobug.diverse,d75700655055dbaf,3,109,0.9739657771494539,0.25864555773442094
no.org.nobug.diverse,d8824ccde9c72c96,9,894,0.9925809809494266,0.17546115160529216
no.org.nobug.diverse,dabb398fa36c78a3,5,256,0.9798498029731189,0.3139301391443958
no.org.nobug.diverse,e247e116edeabf3b,8,622,0.9972592551807712,0.23851953534119505
no.org.nobug.diverse,fbac64fdb51e1f86,4,362,0.9825499770283683,0.2569355534459419
no.pc,157e24f95ee8ef24,10,739,0.9936163641240203,0.2022727248128521
no.pc,17b2f76d7683e104,7,410,0.9850150002744676,0.28674587380934874
no.pc,19adcd16d58b667e,8,378,0.986712061275343,0.30105448720292777
no.pc,1bad0c2077b9fecb,5,538,0.9946467218119956,0.32303194312797073
no.pc,1cb42454b6bb2f52,7,420,0.9925150316985308,0.2227769138152189
no.pc,26c8bb8d61bbbc9b,5,471,0.995006086729488,0.10831195890259765
no.pc,2e638cca51e591ad,5,299,0.9977575275559686,0.26605904859620966
no.pc,350839f18afb7b56,12,1280,0.9955616592248246,0.3351031243142713
no.pc,3f74e4a9a2df7f47,7,1148,0.9973813770106043,0.1967341145700683
no.pc,494e1e8066e6a3d3,7,476,0.9959093592717472,0.36713352836264734
no.pc,4e173e37276cc660,14,650,0.9912825818633643,0.15811808589239051
no.pc,52e1b72606acd235,9,392,0.9858431002045029,0.21305556826753766
no.pc,579ae0f49453ea05,2,2572,0.9982875177013473,0.24289592183211545
no.pc,61d20319cf5bf459,10,603,0.9884814078690709,0.19077234067490914
no.pc,662ad60c762e124b,9,386,0.9600046207579838,0.4327070470697693
no.pc,68e514b7d5311fdc,3,730,0.9984232343378386,0.25193627960253306
no.pc,69c119917fcfb51f,30,1395,0.9957912325283508,0.4392591825681711
no.pc,72d8bf54f2d12ccb,7,858,0.9859889165062974,0.17141353977554957
no.pc,82dccde4536e279f,4,372,0.9978640157077162,0.3446774409814816
no.pc,8a1c8dcf283f2499,12,376,0.9830359332992884,0.3322883052529391
no.pc,8c76c4062bcf7eea,16,692,0.9876012611309474,0.20025783596190852
no.pc,a14ea580912b7a3a,3,455,0.9940945206180809,0.1974792220530459
no.pc,a4b90c8bf1cb8705,12,833,0.9917800460864762,0.2583536212628867
no.pc,a679ef099cf27a3b,1,92,0.9875278560916232,0.16267697855457466
no.pc,b2ce24c74dcb1673,3,227,0.9930354435193931,0.25468601557486403
no.pc,b4d59ff6169be5b8,6,376,0.9957139257837146,0.4211284443766779
no.pc,b50ff14a8335390c,7,388,0.9929069786374959,0.31838490606890146
no.pc,b6ec02f8cb379f40,7,705,0.9854209367113211,0.35674850967586247
no.pc,b843a9d963c398a1,11,685,0.9895382760497221,0.3011990694265021
no.pc,bad9fb1a44037f66,1,304,0.9972681820021095,0.16913496739048178
no.pc,c19021da75313d86,9,843,0.9978689125120219,0.20228794078979276
no.pc,c4464b06a0234c3d,8,420,0.9868528983695282,0.3649954388345739
no.pc,cb22c48d40a5e238,33,2660,0.9913752713928689,0.29523250089143444
no.pc,ccb4379d26db4207,4,434,0.9972289965694192,0.3330360995450242
no.pc,cd7497545b35b89a,12,1206,0.9922566178720963,0.12977334604586638
no.pc,d084f42c54ae5898,11,472,0.9873248687026611,0.28862021990521836
no.pc,d793389e31631f7c,4,313,0.9912549880857291,0.14091325318323972
no.pc,db44700e999c1d5d,7,287,0.9770823815673806,0.11988801692219449
no.pc,dc74c1d6f3b80cef,6,366,0.989703612089217,0.3745432567308998
no.pc,e03e0fe981563c4e,9,647,0.9735918923092319,0.3476651243974203
no.pc,e9acd47a7657a988,1,382,0.9998309449435668,0.20983533376147262
no.pc,f3cad7010e8909b9,4,382,0.995332908518897,0.2580243147582443
no.perl,02e8f0bd7090f54e,3,97,0.993308248783064,0.22687359607482777
no.perl,037cfeb94eec85e2,1,193,0.9978310551122979,0.1457877078015236
no.perl,0b2a695aeaede18d,3,354,0.980527135994578,0.13164146560769976
no.perl,0e39c45eb57d8cf5,8,477,0.9944218523573788,0.19745335204070028
no.perl,10e09c82b04fc502,5,1281,0.9984601288285138,0.06857587057559575
no.perl,130b82d8c06e1abd,11,403,0.9522100973628334,0.24125731724393812
no.perl,18332baf07a48993,20,822,0.9824216587958071,0.3398604599348786
no.perl,2bf0eeeab7cbd5ff,3,316,0.9846798995829888,0.3144843584745143
no.perl,2ea409566d61386c,16,526,0.9678179676233937,0.25449574848680484
no.perl,3127168679462acf,5,488,0.9880379484387247,0.18676567232967567
no.perl,341018bceb584076,4,580,0.9985136587394335,0.07191101091950029
no.perl,3c6722f5b932291d,2,534,0.9964160324596812,0.24367017650722506
no.perl,423adbaa5702de6e,12,1137,0.9962466937616057,0.19678443831880452
no.perl,432ea49c4ccf8b35,2,182,0.9866186012590359,0.28740850199584145
no.perl,43a153904cf1c416,18,1003,0.9885690283288345,0.2900731036347476
no.perl,4ad1b5bf62e6a3f4,6,269,0.9784905547894113,0.2172770912996462
no.perl,4f23b472a375fdb3,11,834,0.9962844573749674,0.28344273822377897
no.perl,520d44e4ab2c2bf3,3,289,0.9856863770270854,0.26952776043285775
no.perl,52979a5ae00d61db,7,543,0.9925159431672916,0.347167366988764
no.perl,52a9ba7e7c50d451,11,275,0.9659551213927202,0.2907732509118913
no.perl,52af68335cf56f13,2,84,0.9847556613280339,0.43887497766711475
no.perl,54402d3a9528dbb9,34,2318,0.9946254051724127,0.11986186620825529
no.perl,563d19f37eed9f63,13,826,0.9800426024826113,0.20100272582941217
no.perl,57b24edfc1010f49,6,676,0.9936943547769237,0.31424144546820315
no.perl,5d4ab3bde778b9da,11,799,0.9846493451623103,0.27903848259367275
no.perl,5dd80eb32f6a444a,10,622,0.9957486995092695,0.22838408959932008
no.perl,667ca6f376065d20,17,889,0.9847937785471464,0.21402813126898917
no.perl,81b82605390b3083,5,994,0.9808996946119707,0.20422268696438842
no.perl,90ddf4291945a27a,6,566,0.9907555308269332,0.2863041097284179
no.perl,935b70e0fcb7ef9c,24,964,0.9898731114744721,0.3447180990225571
no.perl,988b4f1ef2622222,7,843,0.9936837100298024,0.20873347951733598
no.perl,a7672607b740ab20,7,520,0.9698452115123909,0.24928845182339324
no.perl,bec47cb6dec66128,7,337,0.9663715193097601,0.2934040432095429
no.perl,c5e20bd4a741991a,7,226,0.9824992722511829,0.05086496649783357
no.perl,c66cc8a76d56f206,13,1005,0.9957619208049464,0.3115981069763442
no.perl,cd78fe38ba6aa347,6,674,0.9917176385281568,0.2886304818489635
no.perl,e5dc2bb24b4fd381,1,332,0.9991908575791121,0.16049639789111958
no.perl,ec524e690e9cb5ba,5,711,0.9940804139273749,0.49861206345756465
no.perl,f2cad927cb5c8ddb,18,1413,0.9975994117226367,0.21589853519814606
no.perl,f8e62a49320ccfc8,6,385,0.9407443695268674,0.2194480897208274
no.perl,fa60326d9f0c8a0d,9,2612,0.99854216734286,0.2009811540724281
no.perl,fd2fa8ddbed85724,4,182,0.9897573063333059,0.11013744579987622
no.prat.aksjer,030f93fa55eb036c,16,624,0.9884615652357805,0.25898112460579364
no.prat.aksjer,03205f7f73d9f7c4,7,675,0.9946698964818208,0.231020403251465
no.prat.aksjer,0741ce07a6fb3818,5,336,0.9937827376640996,0.19055805165278247
no.prat.aksjer,07e7d47f06787a2b,49,3399,0.9862215203397638,0.3176686363518127
no.prat.aksjer,09831bff2bb10525,14,908,0.9643735596162314,0.24125986066646232
no.prat.aksjer,10577f53a97bbd57,1,360,0.9909859161786821,0.3286963387461794
no.prat.aksjer,1160fc8c2fa86dea,19,791,0.9762115227805914,0.1652581370374568
no.prat.aksjer,130ed8f8ff5c01c1,3,93,0.9679369271090094,0.2460617657564436
no.prat.aksjer,143e94fb3a6c778b,5,235,0.9519417438210601,0.1822404683247175
no.prat.aksjer,169be59ca654f7aa,16,1048,0.9666584434572371,0.36215150390676315
no.prat.aksjer,185a380f807c351a,2,124,0.9690686921028278,0.3354233815540353
no.prat.aksjer,27522bf4a94bcff8,1,177,0.9868628628166406,0.23344700277799837
no.prat.aksjer,284c38833d3ccfd8,25,744,0.9379380344646138,0.2624232077680777
no.prat.aksjer,3146677637ef8954,6,543,0.9728571676369884,0.2274043498007905
no.prat.aksjer,3239b8ce8afad8ff,22,705,0.9522254943052344,0.17420826078964455
no.prat.aksjer,335bbc88ee2c2264,22,1179,0.939293974854821,0.23120404784692394
no.prat.aksjer,398267a99bb69e97,4,225,0.9881445433647037,0.16795125256401852
no.prat.aksjer,3e26c7d9ab609d2b,9,355,0.9792227175728596,0.2571516755338221
no.prat.aksjer,3f7ddd97e1559c68,31,1056,0.9870787220152781,0.3332702457529287
no.prat.aksjer,48628ebec89d28ac,6,321,0.97619807055155,0.2990316780735845
no.prat.aksjer,4a6734810dc0cec0,17,765,0.9479715106048044,0.44521138858016357
no.prat.aksjer,4f72817981b2dae9,6,237,0.9455802351863427,0.25231906593650805
no.prat.aksjer,5a0c0fbaf567a492,1,712,0.9930729003170132,0.24240939125416425
no.prat.aksjer,5c38d2c9371a463f,4,149,0.936339633188136,0.09166122459468277
no.prat.aksjer,6c62464cf9de859b,15,1297,0.9909317713526999,0.2972781298943276
no.prat.aksjer,6faf3cc50080e00d,22,776,0.9782160350384839,0.24240688212277425
no.prat.aksjer,7a4fd74ee285cf57,8,242,0.9738134761315403,0.29376382309035814
no.prat.aksjer,81822c9b51d76957,21,933,0.9505238872891199,0.3154105127692029
no.prat.aksjer,88dfa4c32c5f2f1a,33,772,0.7631089222324916,0.19449761132864887
no.prat.aksjer,a544bbf75d8624a8,7,268,0.9846169197385019,0.253478244463203
no.prat.aksjer,a644a0c913843408,8,319,0.9221158412597849,0.22800921558527373
no.prat.aksjer,ada7f9b7e0f32c36,12,667,0.9925143415225136,0.14627391120642005
no.prat.aksjer,b3db6c6e7895553a,3,390,0.9673267137352881,0.27687764891988864
no.prat.aksjer,b845e7f755b7925a,8,424,0.9693586220296351,0.26723004502612974
no.prat.aksjer,bd36baefb1c989fb,2,224,0.9953769889597543,0.16816796198689085
no.prat.aksjer,c2cfd5a6cdbe91a8,12,637,0.9502636439085947,0.2912532151872316
no.prat.aksjer,cba753ef70bd1e68,3,246,0.9749208107003764,0.37792141113355315
no.prat.aksjer,ce63ad390d26f48c,3,278,0.9827413976778503,0.33731159349182965
no.prat.aksjer,d5c05583dc1d09ce,22,1019,0.9801026639926355,0.1764769675082122
no.prat.aksjer,f0b582fb1b4defbf,7,482,0.9399611297251534,0.17832148717638405
no.prat.aksjer,f425d5c34d6beab9,3,121,0.9793058218618518,0.20934718538790403
no.prat.aksjer,f671eab266326624,17,930,0.9838171573468573,0.23899346368260868
no.prat.narkotika,0933dd6499220fd9,35,2316,0.9959946918230267,0.1602340644223022
no.prat.narkotika,0a98d4f63c0950fe,24,1634,0.9757636461521587,0.2577082128798681
no.prat.narkotika,1357b9383aa46719,18,1723,0.9871784585937666,0.10210073630281377
no.prat.narkotika,17b8eb103c12dd30,7,504,0.9662204069643758,0.2790978092437333
no.prat.narkotika,1b7757924807bd41,14,536,0.9762456739550746,0.27488341489678275
no.prat.narkotika,1dd5fc8618e00e3d,62,3320,0.9934318309983282,0.23912667756432443
no.prat.narkotika,28b64716d011c1b1,1,5872,0.997959524400513,0.07094160595815428
no.prat.narkotika,2a8e7942b1bfe3c3,26,1277,0.9918797154835386,0.1725068889521559
no.prat.narkotika,3e18751e6c78ce47,6,691,0.9958977961962308,0.08902392988235479
no.prat.narkotika,484f368e3baea767,30,1442,0.9793813069647127,0.17453786551120853
no.prat.narkotika,48fe867cd361104b,11,691,0.987641853890053,0.30588771628290723
no.prat.narkotika,4c5f3ddfd002294b,46,1888,0.9902098169395752,0.20199243857001545
no.prat.narkotika,4da92c23a1eb7f4a,38,1503,0.987203790670087,0.16683342573355212
no.prat.narkotika,4daeab9e631c6f25,6,435,0.933440368516618,0.2304110178101203
no.prat.narkotika,58da8f8fc25acaab,4,901,0.9973745132686282,0.18098404738699786
no.prat.narkotika,60a92250cf9e0375,27,1610,0.9972835272775517,0.33650180519149353
no.prat.narkotika,6e647a14f1765438,33,1657,0.9856300184940309,0.18907175685326227
no.prat.narkotika,777ac6819278bcea,7,649,0.9906032943280112,0.20291730465921287
no.prat.narkotika,7d18e8c13a194a39,34,2139,0.9890159568665251,0.2495137982846777
no.prat.narkotika,852ae07130e5cd1c,48,2186,0.9884134640465566,0.14027230745968924
no.prat.narkotika,89d781740ec36c40,20,761,0.9864964112890034,0.22430415058700423
no.prat.narkotika,8b340db91b3caf21,2,1205,0.9993483550059394,0.10034925384196743
no.prat.narkotika,8b552a82552ddcd2,9,754,0.9906208605808517,0.21831601701147482
no.prat.narkotika,8d3da6cace25978a,4,438,0.97779234598931,0.256952137221647
no.prat.narkotika,94ce6d9ba5bade9e,17,1274,0.987077296826775,0.31136807603385885
no.prat.narkotika,9d8cf1eb7e990fd0,7,339,0.9234753125661519,0.13701690025824462
no.prat.narkotika,a2de68acf48b706a,1,173,0.9955075368365639,0.14338902225464287
no.prat.narkotika,a44f75e48317422c,11,790,0.9831232302828835,0.25707580272470215
no.prat.narkotika,a603971c4369fa1f,25,1849,0.9905910653657272,0.23285283452561817
no.prat.narkotika,abcb93056fe46fd3,7,633,0.9868117844774237,0.12046215400718963
no.prat.narkotika,b011bdaadd54229d,6,866,0.9970132719904362,0.13248633825052808
no.prat.narkotika,b400a02c52d932c1,5,238,0.9899344473224614,0.26345095665549717
no.prat.narkotika,b6d344a8c1363dc4,7,581,0.9968056533629531,0.39689672010130234
no.prat.narkotika,b9f48f99d6db59e1,5,520,0.9870960463366685,0.35193809644757934
no.prat.narkotika,c684e5491afbacba,2,1899,0.9988483145915724,0.36314566231826995
no.prat.narkotika,d2298480565754d5,40,2413,0.9767996113589906,0.20564268044289627
no.prat.narkotika,d2b76d1a9ee92d50,74,3562,0.9938423514431382,0.1461954231421137
no.prat.narkotika,d57e8ae624bc6e56,166,9271,0.9848948059189022,0.2174516543695595
no.prat.narkotika,e4f69ab072958312,3,603,0.9787248427431371,0.2147523359628121
no.prat.narkotika,e7ccf0cde21d2435,17,765,0.9928202930428156,0.29384481473931745
no.prat.narkotika,f57e9ca319df083d,200,10554,0.9967563514101739,0.25182283784075055
no.prat.narkotika,fc52d8d60c4594b7,37,1518,0.9866892375842498,0.3308076562371604
no.prat.narkotika,ff44e3038a5f94fb,14,830,0.9849305069989993,0.1985130501836551
no.prat.politikk,045cc123adea48e8,17,651,0.9391879441745867,0.19878415300234742
no.prat.politikk,05288922c49a13f4,15,595,0.9160825440651298,0.2658434435500888
no.prat.politikk,2c0c371f3476fbc4,7,759,0.9563708666288822,0.26545588589634694
no.prat.politikk,2d66a915c831a0b4,23,1256,0.9904878168736246,0.15042173469682596
no.prat.politikk,343b8275f23cc210,39,1646,0.9503510931637466,0.22217748396942974
no.prat.politikk,34d68d8bdd45c4ae,20,1085,0.9373057588099575,0.24245852439193344
no.prat.politikk,357a7f35abb7ad1f,29,1305,0.9747799571768553,0.23342288924947768
no.prat.politikk,385957a3ce3840b2,3,338,0.9930852645502694,0.2924527820956524
no.prat.politikk,38cee895a6e6077e,1,174,0.9790548302639862,0.2775431212629173
no.prat.politikk,3ce3e86c33bed452,41,2287,0.9571132266086264,0.2290314829349976
no.prat.politikk,3d441ea20016b746,10,562,0.9754395894601176,0.20734687089784745
no.prat.politikk,3d56f035ae0c7686,63,1968,0.9280453858474759,0.3680157927052004
no.prat.politikk,40cc61fcb0d44935,17,573,0.9498132833313833,0.23076928003248479
no.prat.politikk,442e3cb050118b02,10,477,0.9734888199468048,0.22657288807823775
no.prat.politikk,4a441ba89602ca79,8,827,0.9959843719552934,0.29224436487654454
no.prat.politikk,4ffb9baeb42182f6,6,342,0.898951695573126,0.34681743882480537
no.prat.politikk,5a4f66e2ababe440,12,431,0.9726342445990287,0.25458799448862385
no.prat.politikk,5e1023267fcdcff7,2,307,0.9981973981917532,0.2202866591197613
no.prat.politikk,6969b9b011151736,2,253,0.9881601090031719,0.39764912340760344
no.prat.politikk,7524d31622e1bd28,30,1236,0.9896739057761684,0.21288138674766557
no.prat.politikk,7a04298e83d53218,4,346,0.9195429600988284,0.2506000644048824
no.prat.politikk,95da2c76af6f5d93,131,6680,0.9961500273203002,0.09919170811440882
no.prat.politikk,a3a5b36f239ccd21,11,890,0.9935754862274622,0.22523205437985958
no.prat.politikk,a50aed4c08af735f,15,770,0.9836089564618392,0.23663861303599354
no.prat.politikk,b0ee798ba5d3f194,27,1417,0.9886966805888792,0.132953539440978
no.prat.politikk,b53b6877cbf6fc07,2,671,0.9977183009901897,0.3103397518725838
no.prat.politikk,b86541a4171c1eac,61,3471,0.9679018349164655,0.1615493811970663
no.prat.politikk,bbafd5534c1d697c,8,477,0.9634979006577769,0.2960866604267005
no.prat.politikk,bea8b3d1b7233fd5,7,610,0.996999546992847,0.28022870052012383
no.prat.politikk,bebe9c5ad60ccda9,45,2247,0.9851749503443488,0.17965872565498595
no.prat.politikk,c2c292a0cf346918,9,669,0.9552530295523273,0.2994608023927832
no.prat.politikk,c34b39456319a0e7,26,1137,0.9681761786837239,0.08708988681305503
no.prat.politikk,c8c8bb8ca5956f05,24,1275,0.9822141216576489,0.09945063183417906
no.prat.politikk,ca86fdb8542ab86a,7,506,0.9895178337193216,0.24899231510396616
no.prat.politikk,cfc2dd241a2ee107,6,288,0.9637874529887309,0.41495056845122036
no.prat.politikk,d4bb3d9eb4ac1b45,8,524,0.9650575087758491,0.3005042009356182
no.prat.politikk,ed9a2b2edfe56b18,79,4251,0.9836479598559988,0.11866692002206297
no.prat.politikk,f0e723e0ccfc9d52,3,321,0.9952053132113332,0.2592900818304126
no.prat.politikk,f5b79c713fb6a621,10,842,0.9855572300942212,0.15099263660126416
no.prat.politikk,f8a87a584ddfd932,19,877,0.9891944849092728,0.23337203887255642
no.prat.politikk,fafd9a43c5bb950d,10,1101,0.993410156367431,0.21873642200613794
no.prat.politikk,fefbeb16e4b566f3,43,2258,0.9677164555778979,0.21396518270126125
no.prat.seksualitet,00e469a557627f48,4,384,0.9694197428237502,0.3276765471227713
no.prat.seksualitet,02ad47c6c3e3047c,7,467,0.9941332891137071,0.3230682641934332
no.prat.seksualitet,058526becbd63f09,11,601,0.9692210425470545,0.31805151793081043
no.prat.seksualitet,08a990494d590c98,8,298,0.9817284781132521,0.32589816219222406
no.prat.seksualitet,1c3a71150e786524,1,386,0.9989838788543454,0.4544941787203551
no.prat.seksualitet,1c48a34bf9722d99,28,1143,0.9512776053211655,0.22689895901539003
no.prat.seksualitet,22df5ac5e9e3a67e,41,2058,0.9402280682838627,0.21062332286453822
no.prat.seksualitet,2c000724eef15cb2,20,1022,0.9822475382502313,0.15816588886482377
no.prat.seksualitet,3188ac1ba61440ed,46,1427,0.8840800476975244,0.28809679226054646
no.prat.seksualitet,3203ae51c593bd39,68,2692,0.9613456717694041,0.21759852058111978
no.prat.seksualitet,33918bef1d7a655b,32,1917,0.9643695568204304,0.37008171204762197
no.prat.seksualitet,50f95a9921012e4a,7,213,0.9166958525490331,0.30422752865398317
no.prat.seksualitet,546faf45c5b86511,12,475,0.9464493581841373,0.3258987768332331
no.prat.seksualitet,599b8bffcd7377f0,15,414,0.9350867156641759,0.3574957345166551
no.prat.seksualitet,5a7708d6f3a9a9bf,2,179,0.9933308000265213,0.3263356257463981
no.prat.seksualitet,61d7ea9e8bcd2ea5,6,179,0.9371008726645321,0.2984290586206242
no.prat.seksualitet,6497e07cb915fdaf,8,194,0.9803837180141358,0.1819103056819031
no.prat.seksualitet,7017b00ca46bb74d,5,339,0.979671292017353,0.280253468705561
no.prat.seksualitet,7335d2caa3e964b6,4,261,0.9728938816907242,0.2374023532369952
no.prat.seksualitet,7614a3626ccc6350,26,1189,0.9672627796796515,0.4373428169934536
no.prat.seksualitet,765f5dd5b09b4d5e,3,402,0.9875120849607603,0.19079151391656782
no.prat.seksualitet,79927540ba2f9f82,2,300,0.9848335899815478,0.41974902226621075
no.prat.seksualitet,7baab0da6bfdb677,11,405,0.9589015414810235,0.2072464568486583
no.prat.seksualitet,806abb86dbe08c5d,18,703,0.9825880949962681,0.26524879488574415
no.prat.seksualitet,8b06120a9229bbba,7,732,0.9926590575724635,0.24496357656408108
no.prat.seksualitet,8bb5fad779dffb22,26,1274,0.9561815037330236,0.41103887475316936
no.prat.seksualitet,92e87f86c4cbba70,1,71,0.9690860388568949,0.21778379816470805
no.prat.seksualitet,96afc8a6c37a8c5c,33,1142,0.9788670016948133,0.2932754927051238
no.prat.seksualitet,b94041f2f22f5eba,29,1790,0.9417254239013024,0.2521528788774969
no.prat.seksualitet,b943221126d21006,20,863,0.9649920002378616,0.2259423026272056
no.prat.seksualitet,bb52e85287ec3661,10,274,0.9739755281207458,0.3366982207677028
no.prat.seksualitet,c9e605bf95f3d73e,10,375,0.9446937751998935,0.17174183824153358
no.prat.seksualitet,ca6a5c93a9b52849,5,374,0.9949172720753661,0.2246751460148977
no.prat.seksualitet,d24dc83fd9404fbf,27,1184,0.9576543198737029,0.22791940584065595
no.prat.seksualitet,d2d1e88d43e98a3e,7,415,0.9872984858824898,0.26293528406055483
no.prat.seksualitet,d9f07ac511d84c2a,2,98,0.9516729936687585,0.26310860591566015
no.prat.seksualitet,dba7a580d6f30bd9,22,1280,0.9772990436214046,0.19384863481723807
no.prat.seksualitet,e41da88061555b5c,11,574,0.9623874862449795,0.22875591422012295
no.prat.seksualitet,e88c13f330053c14,112,4025,0.9880307791642409,0.252503763589666
no.prat.seksualitet,edecaa1dcdb54484,31,1737,0.9920342582244608,0.34959021247918104
no.prat.seksualitet,fdf96abe6e806ffe,1,63,0.985937124811804,0.21712277887571801
no.prat.seksualitet,ffbf678c3a37ab06,7,405,0.9795736468704915,0.2594207676088686
no.prat.ufo,0154362c78c7a462,12,510,0.9883822123262697,0.16918893043205177
no.prat.ufo,0603056680bd9f21,18,882,0.8364255873011934,0.3446039048021068
no.prat.ufo,07da55d8111c54a7,21,1120,0.9896539825577634,0.3563512090072209
no.prat.ufo,0adb6ce2500d3091,19,1179,0.9940066853453521,0.2757392107244096
no.prat.ufo,0b53ccd59726144e,19,1216,0.9659475240112065,0.18170422783113344
no.prat.ufo,0cb9a1f4988265af,12,577,0.9018291969982792,0.28228941792928036
no.prat.ufo,244af273942bc3fa,19,1337,0.9929027645344726,0.23339926947857667
no.prat.ufo,2d83b2e1110fa0a5,46,3607,0.9940155026225062,0.26028019471813446
no.prat.ufo,3284e559a2e4279f,20,1616,0.9844055760368104,0.2768895460060763
no.prat.ufo,335a54fb7604bc2d,33,2287,0.9926419475503848,0.2752223967378222
no.prat.ufo,3821a3f58835e828,3,401,0.9925189532346119,0.2921998304131723
no.prat.ufo,3e11c903db2b8628,4,1263,0.9991407160525607,0.2867129755008744
no.prat.ufo,442dadce1d5ec9df,49,2793,0.9838631878235681,0.16111148487150567
no.prat.ufo,45a001730ddab240,15,1150,0.9797739741729528,0.2415303094313895
no.prat.ufo,468f15e99ec1f120,50,2557,0.9814515826910732,0.3086176597436279
no.prat.ufo,46fbe3895db183fb,2,473,0.9944620428580945,0.19135439364607043
no.prat.ufo,56c34988c4d18368,109,4935,0.9868710834134403,0.21383921917324436
no.prat.ufo,5c88578b3119f56f,44,1862,0.9852246016222986,0.2703923422223193
no.prat.ufo,5e6c9674420e64cf,21,1406,0.9864908837140196,0.1818699117985485
no.prat.ufo,662b8fc0aee92085,2,380,0.9969236742221601,0.22439740114605916
no.prat.ufo,7352b654a6bc626b,14,963,0.9930333095952123,0.27820610909554416
no.prat.ufo,79bd5f7f4a8b795c,36,2247,0.9879951462611335,0.2085746247103029
no.prat.ufo,7b6a96b88710c80c,31,1725,0.988607768628835,0.30635907716510224
no.prat.ufo,7c732026941c099f,24,1567,0.9728901873449518,0.42816619723222166
no.prat.ufo,7dbb9a53f763f7e1,57,2659,0.9911014578363472,0.27812318655405177
no.prat.ufo,7e5743c6ae805147,4,1361,0.9959532550371187,0.17045741476825674
no.prat.ufo,824367ee4d0f2224,21,1410,0.9944203464649006,0.34368729188816666
no.prat.ufo,854aec80b1130cfe,22,990,0.843327561568582,0.3526259612971757
no.prat.ufo,89207e53ab3d7ed5,63,4984,0.996032857881018,0.2757366459122133
no.prat.ufo,8a704228d0feac52,7,845,0.9797466001187157,0.21916187109435942
no.prat.ufo,a83c4512e104247b,12,576,0.9917686468244725,0.17165649800621963
no.prat.ufo,ac0e74a1564bf56d,32,904,0.9382283474976972,0.31998781711561325
no.prat.ufo,b4648be1333682e7,5,965,0.9985511917649906,0.15910194353650675
no.prat.ufo,c1b8694d857cfd1a,23,1841,0.9898806119559095,0.27952183878118986
no.prat.ufo,c6de4bfb24c45d41,13,1255,0.9969480640430735,0.1135577419439148
no.prat.ufo,d629d0777808a0e1,14,503,0.9726625587861594,0.11829344318455798
no.prat.ufo,d7d2c40f21fd743c,9,588,0.9925242132451066,0.07224129593887418
no.prat.ufo,d8361f925b2c6377,44,3207,0.9930624232072031,0.18580295046017328
no.prat.ufo,ef971a813024053f,28,1301,0.964134180948915,0.2668787902406725
no.prat.ufo,f3135dfa86313cd6,17,1637,0.9939710100608452,0.173536661941051
no.prat.ufo,f3394f99a7b22853,12,899,0.9932711782983834,0.18883212213346567
no.prat.ufo,f712e4db0c0d6ab8,9,938,0.9970313411929554,0.21773739710883022
no.prat.ufo,fb4c62864bfac8a6,30,1232,0.9906311831790114,0.13924788571080163
no.pressemeldinger,044fb225a87e545f,23,1675,0.9870439998624047,0.23741971012027657
no.pressemeldinger,138d0bec860dd5fd,35,2040,0.9897663287630056,0.17626549807709563
no.pressemeldinger,24f056eb4325fbdd,38,1719,0.9043798862074388,0.24782058897762757
no.pressemeldinger,26ed6d89e09ab8f7,33,1309,0.9553741589951333,0.17050186729047062
no.pressemeldinger,36a348c00318949b,55,1962,0.9452279885010965,0.20306158417203762
no.pressemeldinger,4ce7986c9d49af44,40,1780,0.9664646697138046,0.18907589917104262
no.pressemeldinger,4e330b49c4452e59,28,1328,0.9605654708953137,0.1850840592014953
no.pressemeldinger,5084bd50825edb82,62,2551,0.9760690025379813,0.0942916320646468
no.pressemeldinger,56a9a7d29052b3b5,72,2404,0.915937525212546,0.07965466656174473
no.pressemeldinger,621df9805fbe5411,34,1454,0.974292907667746,0.2396107388584226
no.pressemeldinger,6ced24d9446cae8f,38,2220,0.9686431905626967,0.26492113843881915
no.pressemeldinger,73f102e1f8fbcfcb,54,1909,0.9016357327900528,0.20995687570677088
no.pressemeldinger,7a26af9e6a2b3b86,11,865,0.9887290270196885,0.20237126945896164
no.pressemeldinger,7a4eb0f6b31c96a1,51,1744,0.937057327411157,0.22009332314367103
no.pressemeldinger,8084fafc52e9b2af,58,1787,0.9271283463873606,0.2012699072540015
no.pressemeldinger,80e1a7bdfa05e75e,89,3023,0.8009047524017296,0.23662638645763281
no.pressemeldinger,85dc8c9dccf8a3ac,27,1282,0.9817004127143627,0.2352259736630183
no.pressemeldinger,9d437c08f61ca058,38,1353,0.9620925449337153,0.17762974351297775
no.pressemeldinger,a38f709e70d5bbd5,49,2083,0.8683810876657748,0.15043694781138428
no.pressemeldinger,ae9757b13caac0af,39,1638,0.8594464806823072,0.3107434481505863
no.pressemeldinger,b7b94403ee3352a3,38,2595,0.9559370297897174,0.07728623320077418
no.pressemeldinger,e62ecaf51dd71479,33,1388,0.9356219486653015,0.07988273367929098
no.pressemeldinger,ed12387dfe2c0726,67,3370,0.9648453948229468,0.19625516929282316
no.pressemeldinger,f0b4cb05807e3ae3,45,1442,0.940153393505003,0.2581343410324001
no.pressemeldinger.diskusjon,160ecd3df8a4d81d,13,569,0.9334203420068097,0.26599347928488004
no.pressemeldinger.diskusjon,2687b1740abc5ab3,14,677,0.9647828892320199,0.2139640456942053
no.pressemeldinger.diskusjon,2c54cf02dbeffac2,12,397,0.9168091198244213,0.3383192613692869
no.pressemeldinger.diskusjon,52fbb23fa4c22e7f,18,627,0.8549882631675044,0.5662725654219953
no.pressemeldinger.diskusjon,66b18bb7222d2127,33,1420,0.9199372780168568,0.44858862475498656
no.pressemeldinger.diskusjon,6afe48215cbeab29,34,2006,0.9835145715615156,0.2299651708101078
no.pressemeldinger.diskusjon,7df4e2be47731116,27,804,0.9119766237140461,0.4868747446761879
no.pressemeldinger.diskusjon,88173614a009c3f1,4,402,0.9918543863360179,0.15662660450462812
no.pressemeldinger.diskusjon,a5074cc33ce113bc,11,1137,0.9959330869965651,0.3052601412750949
no.pressemeldinger.diskusjon,b2c53ad779b75fd5,6,119,0.8894488877856646,0.3271483621668122
no.pressemeldinger.diskusjon,d9c2ac0a44baadc8,7,167,0.9018234786728098,0.2166345216845762
no.pressemeldinger.diskusjon,dad96130e572bb0e,32,1680,0.9908352440576573,0.26395717549317005
no.pressemeldinger.diskusjon,dbe3cefce82b869f,31,1398,0.8946571347246771,0.27068038666059535
no.psykologi,02077e12a9ff9dce,22,1014,0.9797822405341031,0.3410664436374422
no.psykologi,052a50341b400e80,10,344,0.9668776221963681,0.27603507148469114
no.psykologi,13a2655d4c7662bc,6,283,0.9826983800385287,0.211788501771907
no.psykologi,14439b17bfaa9a98,11,632,0.9867419350745456,0.31354839634099513
no.psykologi,16faf893dc2b1ec1,10,874,0.98936245304668,0.23128950754044095
no.psykologi,1a9475d626c0b513,29,2306,0.9938985379889987,0.3073646605892419
no.psykologi,1d68dbc3a513bf21,5,291,0.9823496729523795,0.26266564114160446
no.psykologi,2171d8a1dc6d65d3,20,533,0.9543575365054251,0.27844132816305106
no.psykologi,28b9acb0047d5cfc,61,3194,0.9865054211470268,0.349985658893875
no.psykologi,295b855f1f60fede,44,1930,0.9856973214940419,0.3527408217551105
no.psykologi,2eaa9b8d80003143,11,951,0.9901697774880024,0.2463025673760379
no.psykologi,3b4e969b9752a505,17,762,0.8870098949878944,0.30151622933209915
no.psykologi,446f8864521d90a5,4,657,0.9863788307076942,0.3309265906084922
no.psykologi,57e93739aa328120,6,763,0.9951001732349487,0.2790389314507863
no.psykologi,5e5abe404260a493,6,366,0.9172215993890014,0.22807695628585964
no.psykologi,60bc3c1ce75e45df,5,244,0.9912266562938987,0.402690959912292
no.psykologi,612e8a49c5638663,16,451,0.970040611497337,0.29523826220448046
no.psykologi,6df2bc89c8eec1ad,15,1282,0.9820867248993297,0.26249160087379514
no.psykologi,74d7ad610c98213c,10,624,0.9769376307627634,0.26275545739176204
no.psykologi,7afaf15c023ec7f5,7,347,0.9127384136172095,0.33038691628074773
no.psykologi,8ebb98fea5bac5ba,1,402,0.9980934269714515,0.27101570905095385
no.psykologi,9c6e7f2b3ba3995c,9,214,0.8998057675168853,0.24856507915938564
no.psykologi,9ee84f800e2d7923,8,664,0.98706643959471,0.23381477440793294
no.psykologi,a048b61da19453c9,7,563,0.9685118117043455,0.20399739448960097
no.psykologi,a6676f13ca41e69e,4,544,0.9951215224244114,0.2211493808668077
no.psykologi,afd4b7eac40d899c,31,1743,0.9552528606397575,0.20019868264315663
no.psykologi,b33f8c04e505b5c7,9,910,0.9812178701891812,0.23536639310122584
no.psykologi,b8ededb15cdac2eb,44,3018,0.9938372085948264,0.24893724173294174
no.psykologi,bed689985b4f44f7,11,539,0.9768412603235653,0.25416339756907735
no.psykologi,c0be9c16203401dc,4,664,0.986874996811961,0.32466065542788297
no.psykologi,c2074b7a00f52963,8,886,0.9981201087914447,0.2078490781294252
no.psykologi,c2171ead49c51e29,4,360,0.9672422845222912,0.35136719661513366
no.psykologi,c237842743c5322c,15,850,0.9894791967726299,0.1936489620092875
no.psykologi,c6f23226222ed22a,26,1031,0.990697829907824,0.21212083528520087
no.psykologi,c78cb3ed0be77233,4,267,0.976391243409312,0.21146683659684012
no.psykologi,cfe6b94c66acbadb,3,269,0.9877934102530354,0.28640028833248937
no.psykologi,dd64cfea83c34ca0,5,827,0.9926561281713618,0.12724874936344074
no.psykologi,e120cdbfb2449b5e,11,1033,0.9696056543722003,0.22375013877228025
no.psykologi,f3232ce27bfea36c,35,2068,0.9909104565999294,0.15550170293936572
no.psykologi,f3c4d1ee52600a6c,13,811,0.9876818789938363,0.2590761585616695
no.psykologi,f47e6ade29be66d4,28,1486,0.9894642922990166,0.20748621494684732
no.psykologi,f534664af5231a97,39,2470,0.987298772616995,0.1129407604078914
no.psykologi,fc2a882092435e93,22,1795,0.9974545991098446,0.21057919317048734
no.radio-tv,0e63c1c795178387,8,330,0.9600857459668651,0.2599888601971878
no.radio-tv,0e7cebcea285939c,13,517,0.9815321414479956,0.18992152193305742
no.radio-tv,13a376e705d93c83,1,79,0.9560574354451328,0.3240347020561756
no.radio-tv,1f4058aef0e3ff61,24,1781,0.982310436415942,0.2724624963301281
no.radio-tv,24b3af94af4237aa,2,226,0.9901721064277631,0.12037675557467291
no.radio-tv,2606dae79d1fa84a,5,226,0.9606486266611199,0.2979470917471117
no.radio-tv,359025e95980d219,2,217,0.9682965744970558,0.24410987352586966
no.radio-tv,36d0dfec8db7984c,10,723,0.9907536812761839,0.32526980480336204
no.radio-tv,3855c75de8bc14b1,19,963,0.9819661837937682,0.18594438059798157
no.radio-tv,3b07852ab6a5aac1,7,517,0.9931002055624574,0.3096848149857364
no.radio-tv,3fd33e90703ba342,14,742,0.9873876505321728,0.31061743566655514
no.radio-tv,43672cf48ad329fa,12,490,0.9771481976458911,0.3401153409345426
no.radio-tv,4dc09d7d46fc83bd,9,688,0.9915996325742652,0.21813197270261625
no.radio-tv,5351199ac2aa56c8,7,311,0.9935374187482299,0.22906215982080388
no.radio-tv,60881fb5dda2147f,3,290,0.9891195250237123,0.25766952614512534
no.radio-tv,6632e908a2934466,13,592,0.9873155484342977,0.2043833780280639
no.radio-tv,682b1aa0f61a8c5c,8,540,0.9913940090791741,0.32591989261581855
no.radio-tv,6b1d69837edd86a7,3,221,0.9882406686353007,0.4833863908342624
no.radio-tv,6b904e06c38424fc,9,634,0.9868922706913458,0.23299560604551106
no.radio-tv,753c0a4ebb5d5e35,2,270,0.9632843280113782,0.30073214417039423
no.radio-tv,76d13d9e0f1f5f10,8,518,0.9623677634227472,0.276954359594683
no.radio-tv,8017f531cbcfdedc,12,624,0.9929628156312569,0.32577310953278615
no.radio-tv,86d112da6ca2172a,31,1583,0.9866907657075029,0.31335650581138874
no.radio-tv,9c0cbddb1d1e84ff,7,531,0.9736294567211744,0.4627599646369691
no.radio-tv,a4d0c435b0fadb79,2,404,0.9875083425528532,0.3133714494141741
no.radio-tv,aa0311e007aa1a38,2,121,0.9934349385024311,0.25694949169797715
no.radio-tv,ac48cc8e66652cad,10,662,0.9875127047847866,0.29868968239903326
no.radio-tv,b10d205a0a5e013d,8,747,0.9899238140363937,0.2101631248301956
no.radio-tv,b435b72b5a0a3eba,5,517,0.9967654332735061,0.26419180163781003
no.radio-tv,bd317e0349160d56,5,231,0.9869439679918817,0.3106391873556846
no.radio-tv,d167c4262912bd4c,17,928,0.9746837109217449,0.16063441592628896
no.radio-tv,d5bcd8c39ee9a797,6,395,0.9647124083929419,0.3765113305585074
no.radio-tv,d967b10715495494,4,482,0.9982516547093101,0.25092206075620105
no.radio-tv,db64269e5838f2ae,9,672,0.974330529989455,0.2836869250690277
no.radio-tv,df6dc9e3564fd30e,15,578,0.9463126838927002,0.23827804360510968
no.radio-tv,e28c65bca5010317,6,411,0.9660496196209495,0.21885595653025827
no.radio-tv,e2c3bd6b29cd9625,20,1834,0.9938690507616172,0.13201781459566914
no.radio-tv,e98b28874227001f,14,678,0.9636083179370027,0.39001567829517325
no.radio-tv,eae4261dca598e46,4,500,0.9887050500525305,0.28207614442990997
no.radio-tv,f38d5cabcbee0255,9,1068,0.9911327085331423,0.22516455529139073
no.radio-tv,fbb88b088dc16e2b,6,446,0.9923951046035666,0.28076843401705537
no.radio-tv,ff4ecaae7058675d,28,1973,0.9900020908138429,0.3424202831359616
no.reiser,04cb9f87693909f6,12,1027,0.9876362883318586,0.23931419228369058
no.reiser,153da8599c4d5856,2,325,0.9989531618783231,0.33321620049225875
no.reiser,16a41cb88c652441,6,556,0.9910259549073424,0.21295435340474958
no.reiser,16bf3f97210e5613,20,860,0.966803424480909,0.300563520365594
no.reiser,18dc70ced1f5bd18,4,187,0.9691995506658871,0.28270883111875295
no.reiser,274b3cd93440dbb5,6,1042,0.9898294648794489,0.3466436529637152
no.reiser,2f598b2138ebbceb,18,1225,0.9972102178689812,0.2858747091615941
no.reiser,3085582fe368a467,1,71,0.9890654359250474,0.1890316762258616
no.reiser,4dd136e8577f96c0,1,92,0.9853457043312711,0.24305932012757395
no.reiser,52eacf8e4ad30dce,29,1691,0.9938840185272854,0.12139428403864778
no.reiser,548450503deced90,29,1653,0.9891922962466252,0.5060109697515561
no.reiser,5cef56e3e73766c5,21,920,0.9806403619643667,0.14014433504512225
no.reiser,5f2498528050b58c,5,171,0.9653733055277891,0.24947795393352046
no.reiser,606997c427f5d1fb,13,1154,0.9960289364927417,0.2633961459641178
no.reiser,60cfe548482f03be,2,82,0.9846386571882559,0.35326910588833005
no.reiser,7171239bf5daacc7,8,299,0.9484762329796634,0.20157651773901675
no.reiser,7362fe07855933b9,3,237,0.9964266666639288,0.31994519280424416
no.reiser,75c040673d4ec140,24,953,0.9868217109247266,0.2254967504451977
no.reiser,83e46395a0cc11b9,6,295,0.9554474562616142,0.2080444816797312
no.reiser,8c4432c98ca19155,9,435,0.9895616233792551,0.0941373282253718
no.reiser,9505b9de3a326cbb,65,2998,0.9926219540772238,0.17512597731554835
no.reiser,9573477c716cebb2,2,102,0.9876008992954934,0.2248512339818064
no.reiser,9835d008137d9c20,19,810,0.9826457656763938,0.21774375771250598
no.reiser,9df8afd2ee689bf5,4,331,0.9801824717236464,0.30263800613982605
no.reiser,a2de55a20920c377,10,338,0.9559970031684369,0.21560003182205373
no.reiser,a51cabcb67f3796f,4,256,0.9967759962914137,0.20590212821828102
no.reiser,a58d2c459e84df31,2,170,0.9794073935383292,0.2548852991427049
no.reiser,a85b135c0e8d0baf,13,659,0.9831938602852422,0.3021471898223364
no.reiser,a955c43609c6baa6,6,175,0.9397415127452035,0.21490975961701275
no.reiser,b7f64461bf1ea0a5,3,279,0.9482916417357595,0.3138997837864655
no.reiser,be156ae656bffd62,3,298,0.9847542075851733,0.2945032752892477
no.reiser,bef64fcf2cec2d3a,18,975,0.9778647672661818,0.28445818805735257
no.reiser,c7ff5017a45c056c,13,820,0.9958852812390683,0.21585226579994377
no.reiser,cd288b0235aed2cd,10,526,0.9822036352479472,0.18413460489767583
no.reiser,d56ede6d08289dc3,115,5538,0.9870374462842204,0.17326977113195036
no.reiser,d92e83d4eec9d37b,7,269,0.9896914288590163,0.19490003203732134
no.reiser,dcb9fb5c54738679,7,365,0.9591970985216762,0.20012567819500532
no.reiser,e65d9413c9d713e9,14,1243,0.9921358568950857,0.35178289954726644
no.reiser,edbb078901825987,6,221,0.9803437948568828,0.23793386609503067
no.reiser,eddf937cff87401f,7,1044,0.9947645706013182,0.30955568601869243
no.reiser,f19ce5a70c76e315,17,570,0.984754381187952,0.18618898476885393
no.reiser,f3a1fa3738e4caa4,1,58,0.9165083659241038,0.20725053649331246
no.reiser,f51392530af2367f,16,1144,0.9871248224934834,0.35270737506157074
no.religion,0827b34ccb51a4cc,158,7879,0.95916795034816,0.34009335143458613
no.religion,096989ec5aa13de9,12,860,0.9907329159478957,0.2425730973756131
no.religion,0df3eaa58d35023a,12,608,0.957646099007449,0.39253214080582
no.religion,16860f55f3a47d4b,8,663,0.9888105320493292,0.3377815507504363
no.religion,1f3ce6b2642a1355,28,1281,0.9823824739715563,0.18362918442637863
no.religion,2caa95126321c33f,7,390,0.9794372088508806,0.40086530917086155
no.religion,2d2816700e715421,7,418,0.9896260850982326,0.36501327879388745
no.religion,2e6223c5bca67610,29,1144,0.9240858437448217,0.2731055023845406
no.religion,30a30c91fc6d5d57,129,7823,0.9922352573782196,0.24870304013187017
no.religion,3ec710fe1a610e07,5,554,0.9831871026161498,0.2544154956515658
no.religion,4923b3cfe6e41542,11,604,0.9802599760255757,0.1293152808045517
no.religion,49bc0972cb93c781,12,1133,0.9934451418794549,0.29004482934101844
no.religion,578cc0c1d48414dc,13,642,0.9923339480603914,0.36338772576886325
no.religion,5b8c3ea5c8912f3e,68,3505,0.9824019142896282,0.28463469177688583
no.religion,6494813309c10fde,4,555,0.996217993283962,0.2570191237030508
no.religion,6e917da53f2785c6,7,705,0.9852525689946864,0.2321294747284341
no.religion,79d91f4eaf8dad08,8,542,0.9636940437237291,0.29963683135682245
no.religion,7a200d37b10078c6,20,1005,0.9696787213293391,0.2200937645894648
no.religion,7de48fc690834974,67,3122,0.9821746878288677,0.2521930095426574
no.religion,81937a7d69eec2c0,5,856,0.9926372393592169,0.1138190795800315
no.religion,8744af8b5e1bdb7c,5,446,0.9382880802644787,0.30546988830527894
no.religion,87ebdd9ad5c2dbdd,2,631,0.996386862618863,0.13611100855985137
no.religion,8c541e15b1e4f328,8,452,0.9866928146494902,0.24193831324115034
no.religion,8e36ab821839e7bf,4,527,0.9840248798863251,0.29834993967981466
no.religion,91cf43f3b0514ec3,9,1078,0.997300795503485,0.42304933882073176
no.religion,948f675eb3699a22,82,3123,0.9553580050011159,0.2527309576059133
no.religion,954ed273976387e2,54,2503,0.9856241384011863,0.22087950694329844
no.religion,9d11db496b29943f,19,1121,0.9762243561295144,0.23822561275609516
no.religion,a40a06967780e219,16,4775,0.9961591427951594,0.22217167868420762
no.religion,a78b51c64506c642,74,2821,0.9867686388196762,0.26886326659939447
no.religion,ab8f330d572f038c,26,1564,0.9904441938230398,0.299321402981783
no.religion,adfdafd374de9596,27,1177,0.9618987124004779,0.23989264909401592
no.religion,afc99a2025b237a5,58,2819,0.9904509540234431,0.23811130806556807
no.religion,afd914eb27e08cd1,113,7077,0.9907444725402078,0.25720038653086635
no.religion,b15e3fd7769e10ba,19,1326,0.9203820844563243,0.20740041649521082
no.religion,ba6ff8534c7758c6,32,1488,0.9754540424321124,0.1286201140476968
no.religion,cb7692fbb5ef2a6f,11,1062,0.9951795511606861,0.2756122713718715
no.religion,cf7176400ec138b9,46,2474,0.9879488411990646,0.3837099592958459
no.religion,d1436f0d0a3e4b6f,5,1178,0.9943554216259411,0.2926079256412951
no.religion,d663649503e26a3c,26,1381,0.9860253208520611,0.12428299006083841
no.religion,da5944e3ff607ba1,114,4988,0.9795830299422599,0.15673421334556106
no.religion,dab5c25a965acc9a,39,2336,0.9921415018746883,0.12131845565700126
no.religion,ef66321749f05a4f,20,971,0.9504361656256192,0.24734386666553718
no.skole.diverse,02f61869cf284bbb,43,1787,0.9902305748557758,0.4144183229342571
no.skole.diverse,1ea62e7494cf4a2a,22,640,0.9579789585193021,0.39300301794112696
no.skole.diverse,23c432ea5189ef12,5,268,0.9717576142814661,0.3616083966947294
no.skole.diverse,27aff53cab439a90,22,1264,0.9879297992407806,0.39596585260263356
no.skole.diverse,293824f370a84d49,22,1192,0.9861583368488037,0.17726943173048054
no.skole.diverse,35034813bb1719a7,4,268,0.9949998595024838,0.28069255477434363
no.skole.diverse,375128eb05013019,68,2409,0.9811703744946949,0.32960071084194786
no.skole.diverse,3a07c72ebbbe28d6,10,849,0.9812232067742831,0.2564817991623857
no.skole.diverse,3d15d396cc69f5db,9,422,0.988318282598683,0.3035541419984721
no.skole.diverse,494143e3cc69ba0e,2,123,0.9993773279540019,0.24829086910764886
no.skole.diverse,4b3804a69b53891e,26,1097,0.9560529684392894,0.27534735444400066
no.skole.diverse,4ffb589ed7040809,28,1667,0.995584891117142,0.47686942042746133
no.skole.diverse,52e620de84f595e5,21,549,0.9408206225760174,0.23866555810991844
no.skole.diverse,5499b6a548d03ce5,3,113,0.8885405609285203,0.27156919616859637
no.skole.diverse,55b88410ee869e5b,74,3000,0.9719477685109048,0.263373105845189
no.skole.diverse,5665c80cc5ee3458,9,1294,0.9880831015180007,0.22421588270653434
no.skole.diverse,597cfc2221580f6f,10,517,0.949724394021493,0.1494563046459215
no.skole.diverse,59ce788521918a77,10,427,0.968220705927034,0.18956123008806772
no.skole.diverse,5e248b1ee2383473,8,830,0.9858292149747262,0.1110890065438736
no.skole.diverse,62747c445931a00d,13,513,0.963244867924391,0.23800830702839276
no.skole.diverse,674852911fbd5112,22,1128,0.9686017218927796,0.2433951501765061
no.skole.diverse,6999f069f1a105bb,13,678,0.9877370538270108,0.34707100363543136
no.skole.diverse,6b6399e74c29708a,6,355,0.9675781331627511,0.2543171141952094
no.skole.diverse,755e3f99d29a4f15,17,818,0.9847730756602753,0.23176169114206108
no.skole.diverse,756339a244925547,52,2128,0.9671478020372904,0.24988728422395748
no.skole.diverse,7941f4ee2de90223,22,609,0.9001245480117527,0.2549229532398099
no.skole.diverse,7f8e01d1b799eb37,13,808,0.9962502283222684,0.29776239066762533
no.skole.diverse,91cef1d69563f727,24,1290,0.9937442917240452,0.3203802586931271
no.skole.diverse,956474a8ddfcb169,12,960,0.9974356614193959,0.18243268181179867
no.skole.diverse,9c2d93099a6b6e98,8,2091,0.9829855316754598,0.2437916745645389
no.skole.diverse,a05b51316b350088,9,542,0.942230699440797,0.3875452484330447
no.skole.diverse,a8fe71a864150319,11,908,0.9705077970416647,0.3009742463002255
no.skole.diverse,b0188982b226f48e,36,1232,0.9169871780430496,0.2718593741744448
no.skole.diverse,b09a037305e9dbc9,4,264,0.9590356702100356,0.19172382698995724
no.skole.diverse,b60030ab9528dc62,1,159,0.9775370745295611,0.497613592107739
no.skole.diverse,b6d1e4b81dbde757,20,1364,0.9819794048277437,0.28685179918901343
no.skole.diverse,baf991c95e09cb20,94,3923,0.9774392235674636,0.25012134597150704
no.skole.diverse,cf987a16377d2736,19,745,0.9321551365817461,0.2834428475129051
no.skole.diverse,d1b058fba207ff7c,5,334,0.9619237717738549,0.4040021044397422
no.skole.diverse,d4ebc6dbb679afa1,17,724,0.9834894837001388,0.30310216918631616
no.skole.diverse,e355f06b01a81039,18,643,0.953889495574957,0.32181900824076376
no.skole.diverse,f321c4f0d0c47bf3,2,289,0.9894458851183294,0.3596523950619762
no.slekt,05d0e194835316cd,5,380,0.9872289732668647,0.4146294072994714
no.slekt,07eb9087fc96ad18,32,1101,0.971324979186955,0.37507835832375197
no.slekt,13992d6d88bab5ff,2,117,0.9965682992933281,0.37748640143779577
no.slekt,19cf3d95874b4bec,49,1793,0.9893679688674375,0.2886374383303382
no.slekt,1a6a0cc95653be22,7,589,0.978755602138197,0.37613036129623445
no.slekt,2cef023c8a7a9a0c,9,671,0.9841223475760404,0.2311482727877282
no.slekt,2f7baec17805239a,2,280,0.9935563834382248,0.2818413682881199
no.slekt,345caa5fe1e49b5c,5,669,0.9917157947755023,0.3965704332513233
no.slekt,3a3278c7ce9a3c0b,2,190,0.9941838388496658,0.3201248244350377
no.slekt,3b3d3bdd9dea4ca9,3,278,0.9773569076473597,0.23710132758439612
no.slekt,41b68b398a4fbe0d,14,800,0.9740651468602567,0.20509250479849012
no.slekt,4e41f0dfb4c6ce32,9,373,0.9517136198088317,0.21890610616417272
no.slekt,517afbff15f54feb,9,963,0.9938749482602234,0.2557166384095986
no.slekt,5232e1f5d5ecaec4,4,433,0.9573108466922884,0.3444922074012066
no.slekt,57a10c0fbf869bd7,10,460,0.9068911662419855,0.13124132340363315
no.slekt,5aa889968605d3de,52,1804,0.9652462323838626,0.29448363350525775
no.slekt,5d772a79e2da1c36,8,355,0.9300365088469496,0.3051358366403793
no.slekt,631810372b2213b7,3,137,0.9435783681324919,0.21378204679011945
no.slekt,666d9eabb437b0dc,5,361,0.9803652372667365,0.2703067392013612
no.slekt,69dac2479c6c85d8,12,528,0.8803882173916201,0.340047700703543
no.slekt,6b9ea232e0e83c6f,27,1382,0.9879120198221186,0.1752957681031483
no.slekt,7265b7bdc68aff60,8,567,0.9937413270818631,0.15586303999521348
no.slekt,7390faceba465f64,3,124,0.9379206772147688,0.28631486690492
no.slekt,77b395d14c9b89ea,2,654,0.9996762185712854,0.205548217250879
no.slekt,77ed9253adcd31a9,7,1500,0.9961274078002063,0.2896899020304693
no.slekt,8884d7f42971d294,2,376,0.9601177892132312,0.22999966121411602
no.slekt,8e4cc42d49465065,9,845,0.9798693748358636,0.25129279653676334
no.slekt,947db938ae634313,6,191,0.9182205739531807,0.19902724134088182
no.slekt,97af7c5f9ec2e358,2,133,0.9887066263502811,0.3918851038809572
no.slekt,99039de677a4b542,11,385,0.9717185847909899,0.43811423540321887
no.slekt,b2bef753c0d1f8ad,1,143,0.9910004288258352,0.24267742278807564
no.slekt,b8926622e7c281ca,26,1321,0.9752143703628076,0.14559964842246362
no.slekt,ba6a481e4899965e,2,117,0.9628481471772624,0.1519246582761656
no.slekt,bb810a919eb3d57c,3,165,0.9846542475329721,0.35757980683579704
no.slekt,c893d464c0ce8f02,6,927,0.9763173683149888,0.2864654402205225
no.slekt,d7229ce6e245550c,7,564,0.9592560093774931,0.2892119314949634
no.slekt,dfe8f6a1d908a071,10,249,0.9271361402257072,0.3137838399963468
no.slekt,f0b3ec3437b2e69a,16,1342,0.9969637131791104,0.2260609485599575
no.slekt,f174274a1e9dae82,2,253,0.9840727434328747,0.3636437213480151
no.slekt,f60a5f01451634e3,11,1225,0.9951275794004335,0.24000562925164373
no.slekt,f8bee6750aad74b5,8,355,0.9300365088469496,0.2870304636034782
no.slekt,fd4cf788bb57582a,1,115,0.9515567371922241,0.24643553681509178
no.slekt.etterlysning,0311c7f6b8f1b1d0,6,412,0.9769881260982327,0.31427038698171716
no.slekt.etterlysning,07be10b82624877e,5,256,0.9946218289643338,0.21185476807917422
no.slekt.etterlysning,0897e6248541527c,5,509,0.9966144385610816,0.13902639635404948
no.slekt.etterlysning,0927adc1030b8a46,54,2307,0.9780023765040132,0.2750282116708402
no.slekt.etterlysning,0c50cfcc90fe30f6,12,291,0.8705628343172691,0.12078377787334398
no.slekt.etterlysning,0e321080fcefc96f,2,175,0.991014633819541,0.12901529015900365
no.slekt.etterlysning,1ca5fd74ccb8c8ce,22,1360,0.9841144587106302,0.17172463638133106
no.slekt.etterlysning,25e5006b7bc91b1c,8,786,0.9933948395604755,0.38638231220642083
no.slekt.etterlysning,262bd7bff7af6301,11,614,0.9533035282044988,0.1755046709206885
no.slekt.etterlysning,2b3728578400dcaf,23,1577,0.9819862450542123,0.2304752617969249
no.slekt.etterlysning,3c0c65affe9f1079,15,2071,0.9853935477266578,0.2458733569139541
no.slekt.etterlysning,46b6de5ef456bd98,3,409,0.9950165825475418,0.12958435923223674
no.slekt.etterlysning,4b3e9925bbb53365,17,1774,0.9837027079159132,0.44186636430427484
no.slekt.etterlysning,4c173436506daa36,6,822,0.993140874522812,0.2751332205699562
no.slekt.etterlysning,5ffabbcf66099ba3,2,289,0.980669616073421,0.19872656551434956
no.slekt.etterlysning,70a85c4ffa7929d9,2,656,0.9929604437910879,0.12926316865789442
no.slekt.etterlysning,7560fe0d1791616e,9,547,0.9718641556737075,0.16399594463252842
no.slekt.etterlysning,7be00b98fd18c6ac,3,215,0.8807186653873296,0.20894385279809666
no.slekt.etterlysning,7f92b38c2dd4681f,11,521,0.9734445892933304,0.21368558724950415
no.slekt.etterlysning,83a9c14418ef9c4a,5,460,0.9718670287533143,0.310525046790633
no.slekt.etterlysning,89511275971b6eac,3,123,0.8817468095806108,0.25709213180395707
no.slekt.etterlysning,908c827e54eb1e26,10,452,0.9590347602918152,0.18331953852647764
no.slekt.etterlysning,911712cf6f3dd80d,4,827,0.9803984202247779,0.403063526973337
no.slekt.etterlysning,980d25f1a41fdc51,6,477,0.9857620477120731,0.23597655455364347
no.slekt.etterlysning,9a6f923c3d525797,22,1162,0.9690044500041202,0.3274281618068244
no.slekt.etterlysning,9add45583a9be39d,8,247,0.94811751778938,0.2885008787215026
no.slekt.etterlysning,9fda7fc4aa5d7a8f,3,225,0.9521682724216523,0.105312869617324
no.slekt.etterlysning,a32ccbce42cf83a2,7,289,0.9365685102167863,0.1825541140585212
no.slekt.etterlysning,b8465a18ae9c5e99,10,229,0.9653150853252415,0.13649460959982526
no.slekt.etterlysning,c002dc5c29424f34,8,487,0.960430000976959,0.16067430634139276
no.slekt.etterlysning,d079b3817b427df2,26,1495,0.9756087145402398,0.17517924268607973
no.slekt.etterlysning,d2e2034ab8b5e872,30,2560,0.983645818702027,0.30648380724563634
no.slekt.etterlysning,d8909e563fefe184,3,262,0.9455207522648092,0.2691729996322157
no.slekt.etterlysning,e1a5ea341cdc1467,7,274,0.9792936238609279,0.21119842987270593
no.slekt.etterlysning,e3ddd863373bc942,20,1158,0.9725490662003387,0.2570149930601841
no.slekt.etterlysning,e8b89af680df6ce1,9,446,0.9893905939644928,0.4269980387207344
no.slekt.etterlysning,eb5797ae2571e052,4,202,0.9890784045738608,0.22860282237196963
no.slekt.etterlysning,ecb420fe36f8b627,9,546,0.978652546611302,0.20104337322797264
no.slekt.etterlysning,f562089010eadbb3,15,698,0.9767554590625075,0.171597478634771
no.slekt.etterlysning,f592bf38e20a0d21,3,878,0.9966200938774143,0.20596611593288686
no.slekt.etterlysning,faeebf08cb9e1a3e,18,1112,0.9836794045804614,0.3763398812155304
no.slekt.etterlysning,fec38630bf01dd69,9,337,0.9503384420382048,0.1515511655860919
no.slekt.programmer,047f669524cf822f,19,781,0.9890306378506142,0.3371906445050738
no.slekt.programmer,0caab34b2110f113,23,1531,0.9886767536176906,0.2866913806055348
no.slekt.programmer,1021c49039aeb9c7,16,679,0.985755271959376,0.3284021879775423
no.slekt.programmer,3149a937d1605da0,1,57,0.9114636794000851,0.35759767196139014
no.slekt.programmer,356fce6cbb158d54,11,472,0.9929228995728633,0.25947442902783596
no.slekt.programmer,3e26edb85970fa27,8,615,0.9896759498396099,0.21870747748819733
no.slekt.programmer,3fc37466b0a72bde,24,2356,0.9901867251431308,0.18566744880167518
no.slekt.programmer,4302dd9addf39672,7,560,0.9930929806355836,0.29726143802233984
no.slekt.programmer,49363c86ca05c9ea,1,277,0.9960138098696858,0.3012735037237684
no.slekt.programmer,4e8ae25703867363,11,593,0.9968971324295837,0.266204987282631
no.slekt.programmer,5262d9f48c7a960d,21,1457,0.9929731078093947,0.3256911006928038
no.slekt.programmer,59674a4eb3d2eb4a,24,2760,0.9949471773353465,0.3102665256751717
no.slekt.programmer,5bf00d7de142611a,26,1711,0.9792027189432246,0.2980999454256952
no.slekt.programmer,5fd9c54aebfae3e5,3,350,0.9960940347286282,0.3737588609749784
no.slekt.programmer,60049e343509b6b3,5,80,0.8327601718802198,0.27727688873646467
no.slekt.programmer,6e6e8fc1e618b419,27,2007,0.9953624841707647,0.29839114491371743
no.slekt.programmer,71414b7f99b14a82,14,893,0.9903092885195112,0.24054604325345372
no.slekt.programmer,740c164a94ad4dda,39,2029,0.9809911848325412,0.24244567289785376
no.slekt.programmer,7cec1901dc66de8b,29,1317,0.9895206042160825,0.19300056999183118
no.slekt.programmer,83953ec3150d4643,16,1382,0.9560910182254093,0.42816806249765815
no.slekt.programmer,8d326f4460914c70,19,1043,0.970166809512553,0.2599545452772697
no.slekt.programmer,91f05bd8d632c8da,8,1678,0.9876459249579224,0.18923945072243237
no.slekt.programmer,963eed6cb19a3182,11,624,0.9897327220828971,0.33801941914946265
no.slekt.programmer,987aef1c10cab221,14,1097,0.9926550190030373,0.16621400461984304
no.slekt.programmer,a734f4d49d51b5e0,6,1299,0.9989418877453196,0.17686836847409512
no.slekt.programmer,ab16e7622724ac3d,18,1037,0.994046029121106,0.275151230054077
no.slekt.programmer,b0ace1e0c145f11e,8,539,0.9899876023090799,0.1967248715171702
no.slekt.programmer,b1b5220d4826b9e6,3,156,0.9861657905989482,0.3268131417142115
no.slekt.programmer,d17601ee141c58cd,14,4476,0.9974498647468979,0.3553856995792337
no.slekt.programmer,d772a78441f54cc1,9,415,0.9852910677989498,0.2973286899311467
no.slekt.programmer,da8c71703c5c9288,12,798,0.993895203176367,0.28689361351668324
no.slekt.programmer,df41b1ee7ac28fa9,2,146,0.9893357343000379,0.2864550353023077
no.slekt.programmer,e0f573172a02f071,15,1300,0.9978444326165751,0.3761816005795835
no.slekt.programmer,e18d82bd1451f3ba,11,803,0.9859450692259277,0.21788833078223083
no.slekt.programmer,e1c1929ab067f255,35,2550,0.9967994944523347,0.23708743992972114
no.slekt.programmer,e49618f3523473ad,3,394,0.9978279513180104,0.23782685235204168
no.slekt.programmer,e9192dcf48f0b409,8,681,0.9919519700870827,0.26748851866153317
no.slekt.programmer,f1abb304c0955365,15,831,0.9827699680466444,0.3582649127703353
no.slekt.programmer,f1fd21f0a5fc5eb1,19,1782,0.9816842853816723,0.20998509062399784
no.slekt.programmer,f55febc6506ec940,14,674,0.9852946503486002,0.3159457176516747
no.slekt.programmer,f735facc4de2fc69,2,1221,0.9987034779592622,0.3407277336830109
no.slekt.programmer,fe9f18ef1b6afd63,11,466,0.9869536717967156,0.3112544907754388
no.sources.list,0f9ccbef1f2e5195,1,186,0.9962690334232767,0.26423020280046855
no.sources.list,1224fa07aef6354e,1,233,0.9965016350529339,0.2551250842891174
no.sources.list,20f02aa3f69874b8,1,229,0.9968615167364766,0.28430328215660183
no.sources.list,2a8694a7ecc88fcf,1,183,0.9966673398141183,0.32182679775031653
no.sources.list,2fe64b090f35cd72,1,61570,0.9994384115977047,0.38264348794589825
no.sources.list,3330371d987ede18,1,230,0.9971987420163442,0.2578212419196403
no.sources.list,38517eb2171b6fcc,1,412,0.996914133306617,0.2535196775468341
no.sources.list,41c371c4b18d6190,1,225,0.9975315956162343,0.28478330740901336
no.sources.list,4fe005032d630b2a,1,182,0.9964199891087242,0.3080907132935818
no.sources.list,55ad79ddec74780b,1,185,0.9963887984917907,0.21798604255436582
no.sources.list,5eea64915cd7a6f6,1,225,0.9971864218512915,0.6061104980069341
no.sources.list,639f51ff5986ff5a,1,179,0.997136683077654,0.44458616974998055
no.sources.list,8d040084303a6cd9,1,309,0.9975550303258838,0.29877058950103297
no.sources.list,920a1762183bdf02,1,185,0.9967365354882005,0.3014016932280645
no.sources.list,96637e92f6f6d728,1,271,0.9968871735358915,0.2002721379383762
no.sources.list,99c8aca614a5867e,1,247,0.9975225853580351,0.36438321667034623
no.sources.list,9cb95468444ba569,1,182,0.9973650181107021,0.30854584330064044
no.sources.list,ae5bb3c4c3766250,1,233,0.9970721548188759,0.3098789001811241
no.sources.list,b15413c5bd5c3b30,1,399,0.9973683977972028,0.22832702546026198
no.sources.list,b75176a424e2dc0a,1,190,0.9974367853234608,0.2923268770260254
no.sources.list,bae2d99ad4c703f5,1,313,0.9971097644541057,0.25966773139231125
no.sources.list,c0f6a5d0c671e3df,1,180,0.9971498815047214,0.21515089136903257
no.sources.list,c5cf2f72d9fb1904,1,183,0.99539412554183,0.3647389461447736
no.sources.list,cab283b093cebb26,1,184,0.996552085080296,0.29562834981147357
no.sources.list,cdaf53d30b871a0f,1,440,0.9975084372316859,0.1991331583475994
no.sources.list,d8f327da755db8ac,1,184,0.9964784784793514,0.21686379868678032
no.sources.list,df1c47666112efe9,1,184,0.9969388898515639,0.29151084146710615
no.sources.list,e6813e776edf2f2c,1,407,0.9966857225682166,0.2954743062406977
no.sources.list,e6f8bdf2e7bc9074,1,555,0.9975046119526386,0.252291210989979
no.sources.list,e96d3a784b168107,1,271,0.9968261082837108,0.31394589537969286
no.sources.list,eb2989ac4b36584e,1,182,0.9963653670229097,0.2675099821188139
no.sources.list,ec8ecd62995d6577,1,270,0.9971199136036969,0.2770520282739909
no.sources.list,f2ccddd63d76e14d,1,268,0.9969338015888588,0.26944570540459334
no.sources.list,f8fee84e82dd0368,1,184,0.9965645089681224,0.311520402698563
no.sources.list,fd462595ccacc0d4,1,181,0.9955295899128371,0.31238896636862673
no.sources.wanted,0eb390860c7e3ce8,7,396,0.9881473655969859,0.42154457110079535
no.sources.wanted,0f95e987986a777d,4,291,0.9907081451580408,0.19603798152538293
no.sources.wanted,4030889f91f66200,16,1021,0.9780514210318358,0.21931219241079344
no.sources.wanted,42e8d7f674ede13f,4,122,0.9609718907133722,0.23243422902366545
no.sources.wanted,42ea4eb7b28b6bf4,2,220,0.9967596234127944,0.2696175652870171
no.sources.wanted,5522a62f285ea70f,2,176,0.9961631718433421,0.32463273265724935
no.sources.wanted,5bbb1f91e9abcfb6,6,722,0.9963323703581807,0.17491830428773802
no.sources.wanted,649d7759ab8fad7b,2,264,0.9974220929578604,0.27038605490534706
no.sources.wanted,65da06c1ee31191e,4,396,0.9956635325882905,0.2916701070147835
no.sources.wanted,6b42e0469a38d48e,20,1177,0.9897578989580407,0.2383305026592696
no.sources.wanted,76b9ff422d177e6e,1,135,0.9786629074833626,0.43259824925189105
no.sources.wanted,aec01191268a973d,9,613,0.981473333192413,0.22015190172584803
no.sources.wanted,b49f6540eff209de,7,292,0.986782312318637,0.25951761362945613
no.sources.wanted,c166d25fcc24a722,4,318,0.9894982024955379,0.31425393599850027
no.sources.wanted,c216a72f77190f64,6,1072,0.9967955443648088,0.2109915961655262
no.sources.wanted,d3e6181aa0792d9f,2,261,0.9906383965356136,0.28356204378232136
no.sources.wanted,d63c6ed0d1403926,2,302,0.9976339706288546,0.2871181142427496
no.sources.wanted,d91876097ff80b10,3,182,0.993056492757687,0.2973832030991197
no.sources.wanted,d95caf0676afb77e,10,552,0.9833386174740841,0.4042403545036149
no.sources.wanted,f342b01ceecb22ab,7,415,0.9947312819682368,0.27572193100748227
no.sources.wanted,fe722b70b4930d5f,9,687,0.9939294776998572,0.17834493059782647
no.speider,02516b0d57a60958,3,229,0.9211272756896937,0.35569943500062756
no.speider,0ccdfd2ce81545e8,20,998,0.9899652134826943,0.22409082511408773
no.speider,1b22ae1989b91180,15,758,0.9743529630937583,0.31152165562124273
no.speider,1e5e88dab4979596,11,535,0.990994883290639,0.3371378588796557
no.speider,23f7a1399eddc616,12,330,0.9409635361216724,0.28115424447584586
no.speider,27dc20d5792200c9,5,318,0.9927617355540117,0.1908856262266268
no.speider,2c16346a853abb8f,10,508,0.983866139252722,0.1734769461207524
no.speider,2dcbde0b057eab82,13,798,0.9896014325593339,0.44284594401224653
no.speider,34a985c083e7b337,7,366,0.9902675179790328,0.29750408791851257
no.speider,3997501cad76d808,4,99,0.9572248439985713,0.1994914407534398
no.speider,41381820d7fb0f2b,21,733,0.9717833731536228,0.2106312331652335
no.speider,4bb13554f6c9861c,11,453,0.9878763861146811,0.415042405117378
no.speider,51ba0e3db86967a9,7,381,0.9865545015482552,0.11585686547259462
no.speider,523c612a7c5340af,3,370,0.9907315119162589,0.22766817988229676
no.speider,52e6522fd5d6009c,114,4449,0.9733997271598323,0.12947743741309073
no.speider,64ef6b1ed56ab186,44,1383,0.9496917645818326,0.2795931942921675
no.speider,676df7cf0a24984f,9,394,0.9853782453738359,0.3510649044315318
no.speider,6a96da17655d8690,8,2528,0.9903489508269175,0.3950813402865491
no.speider,7dd1432872fb07bc,7,588,0.995069025219501,0.21856345219282058
no.speider,853c227786ed0b0c,63,6312,0.992600790319538,0.4550135623237966
no.speider,8d2e38680b1a1c02,40,2118,0.9921157201686369,0.20764839301410631
no.speider,8ec0d39d7021b873,19,1139,0.9956214982460548,0.3265301824489453
no.speider,99dd5fb4fda290f2,6,2211,0.9855600874256861,0.2854327172820664
no.speider,9bbbf952a7e4901d,4,790,0.990730428185292,0.06089114624729583
no.speider,aa34b5c7174495c3,4,366,0.9496059349082853,0.2542030113208981
no.speider,ae2923dd9df636e6,1,78,0.9919493322376545,0.38318790902689015
no.speider,ae9b2bd2f29b2d5b,2,293,0.9846781241724804,0.33965055056352267
no.speider,b20c7439d7378e81,7,506,0.9791077495761723,0.2951277973719683
no.speider,b8b0cab2cebcd6a4,10,636,0.9875212922735079,0.34028814406183916
no.speider,bfd2582bbe2f5165,4,1247,0.9985342737857632,0.2424493452218814
no.speider,c38ee04ce4d286c1,1,78,0.9393023861459239,0.22557502362922455
no.speider,cd6bc3467808f8bf,11,575,0.9642143584343125,0.3120395453289735
no.speider,ced5cbe46eb7ff8f,13,968,0.9846274682598503,0.32230789658383735
no.speider,d3f8034840d38996,15,852,0.9895117711978716,0.35478828926284833
no.speider,d82127fd6ab3922c,29,2227,0.9914997667312643,0.2198057780878607
no.speider,da8b8ed0817e79fb,4,601,0.9932273316609196,0.3818789516399779
no.speider,e2a3981c00a424ac,4,344,0.9844723875715804,0.29869445474330353
no.speider,e3795399ae825b8c,14,332,0.947215017247685,0.3423582764544458
no.speider,e47d050f984ccca3,8,1167,0.9860674521545973,0.314111547587876
no.speider,ed333e6d61403353,8,462,0.9819809471695075,0.2724142767166315
no.speider,f060a2a27d9a587e,3,78,0.8802526572024771,0.3194328966768715
no.speider,fe1a7ecd44a2c6a6,1,193,0.9912642476635015,0.3385801443021353
no.spill,0014aea2e54b3182,25,833,0.9880694685962599,0.1989264063353443
no.spill,028e24b6b903dbd7,27,1416,0.9741456213881469,0.2610316122712846
no.spill,0a131866f4a1a0d1,14,1449,0.9945795376668168,0.16214337610412474
no.spill,0fc3c6aba77898e2,13,994,0.9920380019551989,0.265698389766086
no.spill,129d3b4170c3734e,7,382,0.9850637272710867,0.2985311211838023
no.spill,12b90a153ea25a64,9,946,0.9964544634283171,0.22346601422402973
no.spill,1907110e02cd1b82,7,425,0.9897932306477608,0.4447211531989534
no.spill,1f5302d76a8709a0,4,340,0.9881195938572768,0.27050257007077083
no.spill,204205c8a06655a8,5,338,0.9948098683144632,0.16884639623271408
no.spill,204dc169a36d8e6e,18,1846,0.9963942451343238,0.24785779126970844
no.spill,273984ce8a569a37,17,730,0.973835377599292,0.17515397109249556
no.spill,34a615ae97ff4c4d,3,367,0.99102004973234,0.3203130752250327
no.spill,3d83d4c643ffb101,9,545,0.9935180834479733,0.29542324825311694
no.spill,45ed54a7ef455811,3,779,0.9993041625096152,0.18126067472215718
no.spill,53cb2037b35fe768,10,808,0.9914368212717481,0.28803648352175093
no.spill,69746b615bf9c799,2,145,0.9796991346035667,0.16032257106894024
no.spill,6f267d4b69f48a7a,15,1403,0.9977957910915284,0.2589649050885659
no.spill,74839588c88bdef3,8,441,0.9947460441659668,0.34837879602629274
no.spill,7acd6c8367644a3e,2,120,0.988539805570867,0.17838813879535728
no.spill,84a4fa35a1a412ba,5,664,0.9930227484638908,0.3376454426330241
no.spill,85c2b53c0a4d0f96,1,317,0.9950667979027544,0.35309488431503777
no.spill,86723626a8dc5851,11,598,0.9815982692426829,0.23842184337929656
no.spill,9f2c12e97a5e6e08,14,711,0.9889273737455299,0.26067476975708986
no.spill,a2b716d1196bc4fa,4,97,0.9441539637257199,0.2887178500164687
no.spill,a75aee74349c614b,11,346,0.9337581126498332,0.3155602729927998
no.spill,aa841b20f55a0380,1,206,0.9869580738712507,0.32929772266518104
no.spill,b5a8365cd097309d,4,269,0.983110376341504,0.30824732185157366
no.spill,b6153be7c38d5c3e,9,415,0.9777149922096177,0.29399382946436664
no.spill,b710024c63262678,2,129,0.9793734309299261,0.35219573322619163
no.spill,ba16aa0f3c42b5bb,1,125,0.9585517624166773,0.2544208089551073
no.spill,bbf7c51c2142db9d,6,401,0.9961820439291581,0.24283886313537423
no.spill,bc9f8eed0bc7733a,15,1065,0.9888927986187974,0.23066725988695644
no.spill,c1115d53385769d9,4,665,0.9971453019182924,0.2276273000372888
no.spill,cf4efb06062c758d,7,759,0.9909014316107222,0.3313875882490126
no.spill,cfadc50bdef18254,2,177,0.9922268792527543,0.32377265257128424
no.spill,d0a7a91375dfeb0f,12,650,0.9350183171997776,0.22874011598104607
no.spill,d2b9b2a5c7d0b2ed,5,209,0.9590596746430681,0.30551651972872446
no.spill,dcc34043c33035dc,1,429,0.9995651970414208,0.2541936853491147
no.spill,dd429aa095eab6c2,17,861,0.9532469148241187,0.28928796789696476
no.spill,eb231c23f5d4d2da,5,592,0.9639603762817138,0.2355686791219983
no.spill,ee13d9b80da0c182,4,299,0.9945104464477625,0.21656770200114306
no.spill,fad6e791c26b3ce5,6,318,0.9798734348108947,0.21677301442265165
no.spill,ffe956f3f11eeaa4,31,1063,0.9889941421221796,0.1444910353428557
no.spill.rollespill,001522b6fe712445,5,506,0.9955235832820246,0.2990833912958996
no.spill.rollespill,0614d51c0fac9b8b,37,2886,0.9908356335372304,0.14367264431477095
no.spill.rollespill,07cc897309e6e0f3,12,910,0.9940041764672376,0.2539628765987187
no.spill.rollespill,0bc09a6a3532006e,1,290,0.9967050519232893,0.3941448898659208
no.spill.rollespill,0c702553cd9aeea7,4,657,0.9979226347638123,0.2214159671073492
no.spill.rollespill,13f5be166b159e99,7,559,0.9898007876694427,0.3611843304462853
no.spill.rollespill,22632c39a58d3414,15,876,0.9976761742548942,0.2556240965215692
no.spill.rollespill,2bdea7029c022a85,10,657,0.995714640285686,0.19711027153590066
no.spill.rollespill,2dbdae12115cdce3,27,1462,0.996033967981143,0.24203441653056973
no.spill.rollespill,44b6abbaf071068f,4,939,0.9966426926021644,0.26235764457302946
no.spill.rollespill,4d324fe74f81469b,14,336,0.9735089402616514,0.29786963773746783
no.spill.rollespill,579b475442233b34,33,1677,0.9703231969298897,0.2612343924829083
no.spill.rollespill,5f59ec5c96b524a8,12,456,0.965478196657955,0.25256034242153813
no.spill.rollespill,64e277ee14f0e42e,5,330,0.9896397034627209,0.3543001488527428
no.spill.rollespill,6af5cae54f21595b,1,384,0.9974340647726323,0.17256346337431575
no.spill.rollespill,6bdf7b54337c84ec,9,622,0.9840679649908203,0.15192776838352318
no.spill.rollespill,6daffc3b983c4e0b,50,2603,0.9908943099447263,0.2820463722827874
no.spill.rollespill,716386f4d6f81131,7,549,0.9781269696201363,0.35241008624711656
no.spill.rollespill,7d85a246016d0a2c,11,483,0.9868936055814557,0.19368571432343307
no.spill.rollespill,7e38af377c3a397a,29,1567,0.991801428081112,0.3645450666653281
no.spill.rollespill,831840fbbcda2364,31,1632,0.9764955638051309,0.28891940600263866
no.spill.rollespill,8c6dfe3cf9921363,62,5196,0.9956494617775282,0.2660671079527201
no.spill.rollespill,9202d49be87e779a,10,1276,0.9869254637444316,0.2086336526609208
no.spill.rollespill,961b77c9fa54c069,4,283,0.9602191581064645,0.3645427159536204
no.spill.rollespill,9b22ce36404ed09a,8,564,0.9956860933700024,0.4626970983493242
no.spill.rollespill,9f567ee12617db11,33,2156,0.9935331644148967,0.1622488231768064
no.spill.rollespill,ab01b92dca9913f8,21,867,0.9699280913750438,0.30794332266719354
no.spill.rollespill,b147263ddf8c24b0,2,138,0.9933359085239888,0.4080754087396694
no.spill.rollespill,bfc7991e88f83e8a,183,8187,0.9936509202958482,0.3324655019269603
no.spill.rollespill,c22f7cecdcdd318e,5,521,0.9901738302899598,0.2390016856871939
no.spill.rollespill,c5dfa4d981fa0850,115,5100,0.9920862256152551,0.11457044619834443
no.spill.rollespill,cd0fb1fe9a88d919,21,1033,0.9806472960154903,0.2528294688701896
no.spill.rollespill,d0b1cdc1fa886c0d,4,487,0.9555326342259357,0.24788715554108764
no.spill.rollespill,d741407ba5f1deb2,3,315,0.9951825498784421,0.2760306203277762
no.spill.rollespill,da8c0f1c80930b1d,4,697,0.9990243931067511,0.34785444360181667
no.spill.rollespill,dcc87fceaa58ae53,2,93,0.9787441703915217,0.23887724554898368
no.spill.rollespill,de85dd19d2bfa0d8,28,1840,0.984704214974834,0.27485584699144694
no.spill.rollespill,e94219bed192917c,121,6098,0.9947686484793747,0.3739836072586756
no.spill.rollespill,e9fdd794b01f228e,11,719,0.9836541385357431,0.3316756660130036
no.spill.rollespill,f7871b30aecab4e2,2,565,0.9912600560432446,0.12278485362515941
no.spill.rollespill,fefe56749c8a9aff,3,368,0.9716803322523149,0.3553314554791915
no.spill.rollespill,ffbacd406a44fcf0,5,525,0.9909698388062329,0.2990616359127577
no.spill.sjakk,042ef0e27e5ab5ad,2,153,0.9952945686401895,0.1828205952562645
no.spill.sjakk,0e63c2f5463e5980,9,544,0.9870670242917127,0.3317447382685481
no.spill.sjakk,0f351c2dbd8cf79f,1,339,0.9562799988070434,0.23972755517755936
no.spill.sjakk,1514db25a228ab4c,12,607,0.9819035395981315,0.2835828786429065
no.spill.sjakk,26743b11a5661ff3,5,432,0.9544999122207063,0.2693661713544638
no.spill.sjakk,28580f6bbd1f6449,4,356,0.9727649701891501,0.2290505105512064
no.spill.sjakk,31233778b89c814c,1,515,0.9590586107635921,0.19027693532362674
no.spill.sjakk,3602a4de3544871f,2,299,0.9838529394576758,0.26003003693921045
no.spill.sjakk,470c0d7c8490331f,29,1421,0.9934187455206227,0.21103942479567805
no.spill.sjakk,4788a95cc3caa992,7,6127,0.9896092723150607,0.36740668256521986
no.spill.sjakk,4e3e50d4f442cf79,3,169,0.9762411559742739,0.3808706446961359
no.spill.sjakk,4ed33472b99072bf,1,479,0.9603445281989079,0.06541409575969201
no.spill.sjakk,4ef59af9f9c1bd35,1,65,0.9843966104237498,0.355833624392312
no.spill.sjakk,535b78fff8e2a4b9,10,610,0.9796629483247841,0.19595481217741773
no.spill.sjakk,62af9dbe62637499,2,537,0.9855534510036953,0.22549381108377953
no.spill.sjakk,7159da4370dc5c95,4,252,0.972365471940585,0.3136937653578348
no.spill.sjakk,7696fd58928430fa,1,570,0.9598129570396814,0.18769781927305496
no.spill.sjakk,81b41774105785f4,12,1080,0.9456194818460045,0.30047709747358187
no.spill.sjakk,858f5ea100d55597,2,564,0.9906927419724318,0.23896566992270551
no.spill.sjakk,8fe67f005be4cb31,50,2778,0.9908321597766578,0.16554762149930202
no.spill.sjakk,912b60e86229492a,1,393,0.9588443961673391,0.2107929501110203
no.spill.sjakk,9270c401b66dd884,1,526,0.95821882486207,0.0903112483242553
no.spill.sjakk,93b662408691f457,1,537,0.9583289318409282,0.25031287739234165
no.spill.sjakk,9896d7ccf9f03b16,11,567,0.9654003582249894,0.3315156135551867
no.spill.sjakk,9ce0afbf74232f0d,1,816,0.9922740847812852,0.6537312109881949
no.spill.sjakk,b17140a9d1690b5d,13,613,0.981379822489016,0.33944948600002733
no.spill.sjakk,b3edd16583f0f3a8,2,97,0.9402483770024519,0.307368483074376
no.spill.sjakk,ba3c343f93b54bc8,13,655,0.989224236242099,0.33071572410379657
no.spill.sjakk,bb4e988c53d12032,1,414,0.9575036377647368,0.17419387062969013
no.spill.sjakk,c1d970cb5b3b25a8,25,4942,0.9977476908651225,0.24483710057807143
no.spill.sjakk,c2c6da07cf6e1137,1,280,0.9993098719148304,0.2230808205984821
no.spill.sjakk,c35b080b426c7063,2,546,0.9915506508603876,0.2773302149485322
no.spill.sjakk,d4ffccef78de0c7b,4,500,0.9823055228439223,0.3128598577982715
no.spill.sjakk,e658d110399f93f3,2,126,0.9562706509758786,0.45191208943501293
no.spill.sjakk,ec7580fa54c7a07c,36,1576,0.9835421603092108,0.36944549442607133
no.spill.sjakk,f35470ff865b297b,14,1397,0.973876947048789,0.2978190564773488
no.spill.sjakk,f5e9b9cb6e03cb00,1,199,0.9946817178653365,0.2523066016414056
no.spill.sjakk,f83768cdc444212b,1,669,0.9849471311323105,0.15221365597738584
no.spill.sjakk,f881ae17aa3b44b4,39,1834,0.986170861135459,0.2664739877897185
no.spill.sjakk,fc69c0d859ff7620,1,361,0.95988841162652,0.26740761903008264
no.spill.sjakk,fcba90fc5df7be61,1,446,0.957607057116867,0.06024829889268249
no.spill.sjakk,fd8df8aaca28ef7e,17,1898,0.9976495978565909,0.1478708073656293
no.sport.diverse,025ef772f143976a,1,201,0.9872448415356797,0.266613350520286
no.sport.diverse,089dec548e977456,13,806,0.9777309892497941,0.16394556873656344
no.sport.diverse,08b04466a38b3a97,3,140,0.9800345085345437,0.30702776559394496
no.sport.diverse,0c3b7ecdf89d11c4,6,896,0.9881943334790603,0.2538325381820096
no.sport.diverse,0dd8f48a88f02926,11,570,0.9844521946156969,0.22672722043497
no.sport.diverse,21a00f65a5c6369d,35,805,0.9388420261639189,0.25455567633358617
no.sport.diverse,297e89bc4678e252,22,873,0.976545850765769,0.2984787971045242
no.sport.diverse,2ceec8417adba64b,33,1929,0.9971232934207599,0.34840656831164785
no.sport.diverse,39d5d7861e742bdf,56,2400,0.9907583785451344,0.28651206288888287
no.sport.diverse,3c39b9dafbfed522,4,180,0.9912914030576041,0.15846531847417034
no.sport.diverse,3fcd5e71c864ab78,6,389,0.9697115062809873,0.26876341263548514
no.sport.diverse,4380e1c5c091c0c0,12,414,0.9733559608666972,0.28895004037536637
no.sport.diverse,440fe06120095515,7,707,0.9983254521134156,0.32750989047914203
no.sport.diverse,4564d8c4ba773187,8,498,0.9851196036774588,0.2001430655139256
no.sport.diverse,4a6d8831e7a80014,15,1073,0.9936283924531201,0.43150443931258875
no.sport.diverse,51670522d61968f6,7,266,0.9732240955404325,0.3421567074816766
no.sport.diverse,53c0d59edfbf8711,17,1156,0.9725178595786573,0.1242623565868465
no.sport.diverse,6504e5c96467f2a8,40,1576,0.9860701717187598,0.29065597682409966
no.sport.diverse,67751f717e80c8f5,14,717,0.9753117000822915,0.28478130598470974
no.sport.diverse,6d573830e568da05,2,302,0.9979591614239941,0.2433813523435755
no.sport.diverse,701d1d4bc6e8bdd8,27,1119,0.9465969674625244,0.29050985122775763
no.sport.diverse,77aa9c46f6ff6e2f,15,708,0.971967717492802,0.2522634160079317
no.sport.diverse,7deac90bd14f4c28,5,160,0.9654755663456853,0.2994808166499103
no.sport.diverse,8cbdbf941c5efea5,5,314,0.9524722818027115,0.2677874506443352
no.sport.diverse,964813ba53511377,2,698,0.9931393626472488,0.21732853170405286
no.sport.diverse,9765091569641bcf,4,186,0.9477060234601768,0.29469585483582283
no.sport.diverse,98b7fff268bb1a8c,21,1115,0.9824193964769935,0.38894996478955995
no.sport.diverse,a0404cd738fff9c4,6,339,0.9182972079412712,0.2071760339149737
no.sport.diverse,a4c555ea66f74a97,48,1732,0.9743232569581101,0.3130982558743087
no.sport.diverse,ab9f7bdc6bf791d7,5,210,0.943107994050493,0.23985027125681485
no.sport.diverse,b1d67cb427db3b15,4,175,0.9643848707519775,0.2722378096858389
no.sport.diverse,b2c82257bdfe5941,5,174,0.9620810083329524,0.30139752441644596
no.sport.diverse,b8b4e432cd82d9bd,8,276,0.9594309488263527,0.18697884910645632
no.sport.diverse,b8e9b743e0c39c54,4,519,0.9811824607826076,0.3135049081155242
no.sport.diverse,c25b7c1cb286decb,32,1268,0.9666470507361247,0.08094080027014451
no.sport.diverse,c289511668fab8ab,7,303,0.9477485181833141,0.26522833723727246
no.sport.diverse,cb1a24209eb82a3b,5,422,0.9396136594293379,0.1975687083354814
no.sport.diverse,d8a30ac03411568d,4,143,0.9659151677709112,0.33318495064726145
no.sport.diverse,e2171fad85fe2344,20,1420,0.9967673637956638,0.2893980418039919
no.sport.diverse,e77362c9f54ba32e,3,521,0.9912998310237475,0.28003252789747207
no.sport.diverse,eb2f8eddd043e23c,16,593,0.9779140771520235,0.08801380461114489
no.sport.diverse,f1f1c309df6f5e03,18,1025,0.9512423885997396,0.239656937938809
no.sport.diverse,f46903d3b7d4d33e,7,351,0.9768250252318142,0.4369519846646313
no.sport.orientering,036ff9d63d4aac81,6,210,0.9057507905871139,0.18726784762895982
no.sport.orientering,0b130bc0d91be590,2,81,0.947551408385312,0.264377444173943
no.sport.orientering,0b335c2b9ee0d0b2,17,724,0.9683730762071265,0.1631436505601977
no.sport.orientering,0ca1e74f58164724,217,7255,0.9434746034941267,0.3694803755903145
no.sport.orientering,14c3ae06f39d7236,8,571,0.9893941127932483,0.22657165992731948
no.sport.orientering,27609b9ce2c97b0b,13,1483,0.9772481618216073,0.15440188937800317
no.sport.orientering,3206d6038d8d5fc8,21,1012,0.9353031383961551,0.26944385597427284
no.sport.orientering,34f02e92fea4a1ca,1,143,0.9778994255397838,0.27208240884041324
no.sport.orientering,3d0c384a4773ef5c,14,2387,0.9983411724011598,0.27390201095193495
no.sport.orientering,46740c515c53409a,5,196,0.9544192346235348,0.24300633810812797
no.sport.orientering,5042b9f48dbda747,8,375,0.9863902843295373,0.2902640024954744
no.sport.orientering,5366a949619e3161,4,244,0.9315482008918516,0.28531043170473425
no.sport.orientering,56154490adee91d1,3,240,0.9051122553446328,0.27572015761527546
no.sport.orientering,56a15945312fe200,20,1219,0.9651494825497358,0.2934239896338747
no.sport.orientering,5c46552ee680eecf,4,120,0.9130744345643178,0.36489325224130004
no.sport.orientering,63e73326855451de,6,350,0.9704162945150171,0.24884092108573172
no.sport.orientering,6a9f4d05ce9c482d,2,99,0.985321122729326,0.16090520774924588
no.sport.orientering,88c1c3daac563d60,2,416,0.9934991306695695,0.35390545530828127
no.sport.orientering,95892e985690eff1,63,3238,0.9823904584563842,0.16778016670903897
no.sport.orientering,9a3ea1006913402c,25,1073,0.9378340732150506,0.20092915121006238
no.sport.orientering,a4c6f189aebcdf90,21,891,0.96102569755684,0.22869016485209936
no.sport.orientering,a8165b93490df74f,145,4743,0.948709999505406,0.20640268679624502
no.sport.orientering,aecc012c6d33a5c1,63,2138,0.9559300104005165,0.2643338546396303
no.sport.orientering,b16a922c0546f579,10,708,0.9945015157354454,0.37211618401655766
no.sport.orientering,d9724b266e9a38dc,3,193,0.9844720749110987,0.3779923727239783
no.sport.orientering,e15dc07e58b65df4,15,1000,0.9413310299728581,0.23474515597704418
no.sport.orientering,e34445c9e6dc9012,1,77,0.9700719300513708,0.26259213055300223
no.sport.orientering,ed404d62bd1acf47,9,462,0.9967672020337301,0.1887324311004305
no.sport.orientering,fdbc106dd4f38d17,2,192,0.9942367635924121,0.38205744348076554
no.sport.orientering,fde52b552cd3a387,6,639,0.9825561752288011,0.46937141432848356
no.sport.volleyball,01eb1df40d91df6f,3,611,0.998867327938664,0.23247509466699015
no.sport.volleyball,032c7fa718cfb195,33,2040,0.9953832908583528,0.16863381765474808
no.sport.volleyball,11b7e3ef8d4328e7,20,936,0.9841711763469447,0.25940581359323617
no.sport.volleyball,1bc7b469104fc973,13,298,0.9603527340950073,0.1912474121857087
no.sport.volleyball,26334941684d87fe,12,433,0.9523403638941638,0.30518537473242974
no.sport.volleyball,333d1abfa2ad4e25,35,1952,0.9961153655255708,0.19717935524452893
no.sport.volleyball,38e02d9a8292d090,4,443,0.9949760857938067,0.10315790966367794
no.sport.volleyball,395e13d97f330ffe,34,1995,0.9792613260373269,0.12236987033275834
no.sport.volleyball,3d5444ab029f108d,2,89,0.8313136095370489,0.1755461108326147
no.sport.volleyball,4a8c00efd44d4f18,37,1553,0.9848648245784397,0.30238784645312655
no.sport.volleyball,4fe5860bfd44a208,103,4376,0.9920095052469937,0.2849170062967214
no.sport.volleyball,5b392632cb24554e,47,2113,0.9911362178338934,0.1713896519087049
no.sport.volleyball,5bc3fb98e73ed4cc,2,221,0.9992019273177434,0.3842087205190848
no.sport.volleyball,5ef9abd5ffc75087,3,130,0.9898625507595795,0.2136729971788672
no.sport.volleyball,649a5b909e7a8ae3,1,100,0.9903822370885152,0.19176058211960126
no.sport.volleyball,6674c5eeb2760199,6,333,0.9898261787224076,0.2722961366747335
no.sport.volleyball,785410ece9a3e8e8,6,237,0.9853765706064699,0.18664212351491385
no.sport.volleyball,7d9a0d2076ff9a25,4,136,0.942509799857508,0.05823040784044975
no.sport.volleyball,7e944e2b7b87f2b6,6,457,0.9938828575389116,0.304418035720209
no.sport.volleyball,7fb949aac281d3d9,7,524,0.9938624985648307,0.19209462030372626
no.sport.volleyball,968d5cb9eb335af0,1,238,0.9982723029861729,0.282550606045605
no.sport.volleyball,98f36b1e7b86d997,5,1980,0.9943281365041008,0.12706192873009672
no.sport.volleyball,9a2a05bdcaafc53c,60,2297,0.9741061484066696,0.2527382050364953
no.sport.volleyball,9dd265fc8f4999df,1,65,0.9960352788885505,0.2225552835002876
no.sport.volleyball,a230214d18e65514,8,495,0.9859738009661182,0.16782946353661235
no.sport.volleyball,a39bb24dcf4fa7c1,5,380,0.9912369260471645,0.2520713703517435
no.sport.volleyball,a53eec4f1009421d,17,703,0.9928333871793115,0.29818046909027907
no.sport.volleyball,ae83f1daf9f14a5f,23,912,0.9824006997551517,0.19010756263556608
no.sport.volleyball,b50113da5c3880f4,1,99,0.9969829918978188,0.12456824084458121
no.sport.volleyball,b5eaac09a59c5b86,13,467,0.9911254883914922,0.25330225582899774
no.sport.volleyball,babdf9ca392033fa,14,959,0.9903178085764809,0.2829093086771103
no.sport.volleyball,be5c8c8bb73ce107,5,195,0.976930530051575,0.23259251692854171
no.sport.volleyball,c10f96c9d1f56f31,4,369,0.9979063229047285,0.22075396140660505
no.sport.volleyball,c7af8b0585688913,37,7924,0.9938730266673056,0.14737683876452842
no.sport.volleyball,c824e99e89a6bea3,5,204,0.9837820045786753,0.23908890516963066
no.sport.volleyball,cae073b1e20a7542,13,555,0.9881011356036546,0.34649019576307905
no.sport.volleyball,cb6c8b6b5e31020f,17,517,0.9303071680405739,0.3213291697136348
no.sport.volleyball,d0c328b0be1d26cd,1,69,0.9540607209030684,0.3720480393002366
no.sport.volleyball,d70f9b6783490280,7,963,0.9988482842330794,0.3226043019544727
no.sport.volleyball,e457e6f01adf148a,1,112,0.9946201717175611,0.2785075591688489
no.sport.volleyball,ef610d1971a91d2d,21,1289,0.9497002265029075,0.2320247367934686
no.sport.volleyball,fa58c3fcd2c75c02,57,2922,0.9665076621287109,0.2539802083227249
no.standard,042bb89907bb6219,10,398,0.9348392553959285,0.294261153145759
no.standard,04b3403a8af634bb,2,260,0.9849425405432497,0.35048237887728567
no.standard,0fdc1e877ee4e0ff,4,266,0.9947103113218771,0.31449067810722897
no.standard,114439781160018d,9,832,0.9865069352612209,0.45101911620793167
no.standard,1d548bfb470bc197,8,248,0.97498136781018,0.4106106760076911
no.standard,1d61dba84ed5d56a,2,192,0.9907848110798257,0.3032829789868451
no.standard,1f4cb8b7980bf5f8,4,379,0.991731613134993,0.2601477846219672
no.standard,22200c9789220d59,5,332,0.9841840082998524,0.20960592421298171
no.standard,2ad000b76cca5dd3,1,132,0.9938831040034315,0.28226923292916173
no.standard,2f81f8b197fc7eac,4,3024,0.9862865601762725,0.3010389967272202
no.standard,2fda2ef0310a28c0,37,3668,0.9958256891742251,0.31777091834299054
no.standard,2fde7c8db3dca658,36,1163,0.9690976266580796,0.2790482281576151
no.standard,38f2df46e3639aee,6,624,0.9545566052349816,0.3244145410486902
no.standard,3b4305f8d3f6cb86,42,2378,0.9956350846575374,0.3334102589526119
no.standard,472200489a6fde85,7,755,0.9855182498829927,0.3280986274479174
no.standard,688908bc06bbdbe5,7,618,0.9926456386558109,0.38079492043580015
no.standard,699716542f33bfe5,34,1922,0.9172473652970385,0.2845068178751997
no.standard,7ac87140e48eaef4,7,911,0.9955202328250408,0.15183115537965158
no.standard,8447375558b213ce,2,221,0.9884770053748763,0.18453887373412836
no.standard,96e3bcb2b7b52507,3,821,0.9977268092624307,0.3715224480123551
no.standard,a942888a9910e4a1,6,411,0.9858945573561019,0.34073626100279636
no.standard,ad64c02a8605d4c7,17,918,0.9761873448655997,0.32639469071294586
no.standard,b7f64155a232aece,11,508,0.9943399475408217,0.14351020051053756
no.standard,c1940dfd819b27e9,14,693,0.9691128734285167,0.32766982579594567
no.standard,d38618fed712e0e6,10,659,0.9864633040070447,0.22001036682324374
no.standard,e1b8d888af31058c,27,1595,0.9946327540217754,0.27339596828812823
no.standard,e789daaa1c12c528,1,60,0.9646542219062916,0.3258119534838578
no.standard,f5436b636c48b226,7,486,0.9942525774290406,0.34037569467168216
no.standard,f8816a06e6782072,21,1420,0.9957696042980503,0.18674525179679288
no.standard,fbc34c216aaae459,3,287,0.9950306226397931,0.1248734120239072
no.stortinget,0010fd8ed9971256,91,4812,0.9859751199614019,0.18643245033975042
no.stortinget,0f206a8872387232,4,1843,0.9982221826392846,0.2864650378034628
no.stortinget,0fd9dd76d2743f01,47,2290,0.9819821778623505,0.20886044929563818
no.stortinget,1089a18fe05a828c,12,779,0.9120235039277438,0.1946953111437852
no.stortinget,1b387fc9135dc03a,13,630,0.9611558254751306,0.3164000284023606
no.stortinget,1bff07a9fa8f9718,1,483,0.9987514994259442,0.2928223820675682
no.stortinget,1d20406d888b8c6f,11,635,0.9569934740300878,0.2026608708661412
no.stortinget,21bd96b58fc3989e,4,378,0.9963629496993962,0.3497114474939051
no.stortinget,250ea36598e99c96,1,75,0.9709268588272362,0.17044803934660235
no.stortinget,295ac915f02780d3,14,990,0.9911450680814523,0.1636416157829791
no.stortinget,2c6d97eee0c6ee6d,21,697,0.9233651054324186,0.25352863690434624
no.stortinget,39ac2be9c6db1fb2,4,272,0.9493443049146826,0.34493473741259695
no.stortinget,3e08f2bcf8f30902,7,702,0.9976443212966528,0.23940609719658712
no.stortinget,3e225e93b6adf693,22,1176,0.9904780857170844,0.20726906353273802
no.stortinget,4245e784ffbb5139,2,240,0.9935157617896584,0.3664198958658312
no.stortinget,4cdc18e977d6a67e,72,3300,0.9930654216740536,0.2516887112485686
no.stortinget,5135bc15a7dd9ab4,5,439,0.9261547433377415,0.17948026809711504
no.stortinget,5e97cf0e6bfdfaf4,28,1596,0.953732584544706,0.21532968878637768
no.stortinget,6016ae02a561b4f9,19,1229,0.9883394084714568,0.29474874282337205
no.stortinget,64f42837d0dd0efd,30,1579,0.9907080624363023,0.12310178931980102
no.stortinget,681ee92a647cfb8f,2,220,0.9922866342570893,0.22232102932802222
no.stortinget,6d814cbfb9d2aceb,13,925,0.9931586320398597,0.24816681448699188
no.stortinget,6e45ae0dbff6c502,13,1517,0.9947594872220874,0.3143493756406466
no.stortinget,7820ca72e985ec3b,16,686,0.9668009523990925,0.15320197686255677
no.stortinget,7eb8e012f0f9c7c6,13,614,0.96745892169641,0.270063824350828
no.stortinget,8f02639b5e48f7f6,4,1044,0.9895614984527599,0.19720522997616066
no.stortinget,91239fcf64abd19a,13,877,0.9907225101671092,0.14800665694690232
no.stortinget,989129ba4111916d,17,1013,0.9804168795727579,0.18482414657104548
no.stortinget,a13db3e1e7dc95f0,24,1434,0.9718551231455616,0.29736772438096337
no.stortinget,a1d0b2a205299e02,8,303,0.9662247736189211,0.2617821641025569
no.stortinget,a617443ecbe6cbd2,28,1111,0.889058332362586,0.18991078097667338
no.stortinget,ad51c1a1a920465f,6,827,0.9981232951443959,0.2376268348919214
no.stortinget,c2133164919845e2,7,683,0.990283872490143,0.13040723915989205
no.stortinget,ca3f541a726f2108,42,1580,0.9645755408856539,0.12709512497701922
no.stortinget,caac528738c27e6f,70,3645,0.9769091404679865,0.3109256066523557
no.stortinget,d8ed883dda89883b,6,278,0.9753269789381278,0.13020006676257131
no.stortinget,da64a4134a3620d7,15,704,0.947117543193796,0.26269839256519617
no.stortinget,db8c5a871969c49f,8,783,0.9851180196519045,0.23486010008157732
no.stortinget,e94830381dd6f6e2,5,339,0.9392592839664525,0.3365582733449127
no.stortinget,ec78d27a843dc756,34,2110,0.9622421592360251,0.19282826889852742
no.stortinget,f43eb8ed7d600f6e,4,329,0.9943523054212284,0.31005646036618567
no.stortinget,fc2bb616797d07da,4,312,0.9807418764631467,0.47238430292571076
no.student.nett,003910cb3dcbc4fe,10,566,0.9831236446389993,0.3856171300256842
no.student.nett,03681a7c431f3328,68,3487,0.9877954787915186,0.22626508510545795
no.student.nett,06cae49d8bf2bbad,4,64,0.8731793968635,0.2992175824536461
no.student.nett,15941b155cc54033,3,273,0.9888104095848844,0.28186591849165277
no.student.nett,16a0b43ee8c8b0eb,2,210,0.9826024508901566,0.3833371668254936
no.student.nett,17f0f8a676068027,1,130,0.9949766464993322,0.29032852721464836
no.student.nett,195994371200611f,4,461,0.9928150887573144,0.2350480008564731
no.student.nett,290c6aaab1bd2b86,5,371,0.9829066126457386,0.2407769838054175
no.student.nett,294a20cad29266f4,19,822,0.9822090481135222,0.3039604923112651
no.student.nett,2d7a7c7458793103,8,623,0.996689239130723,0.3637261665711479
no.student.nett,2eac5eea8fb96c42,8,474,0.9938434752650138,0.22914895118721845
no.student.nett,300fb2d1e49fe5d4,11,641,0.9892929684843519,0.163833298280237
no.student.nett,3a5dff09ec794b75,8,327,0.9590393208885335,0.33545621849322493
no.student.nett,3e6117518a22b4c1,3,193,0.9951643124430058,0.35686381550145185
no.student.nett,4082f73a865cff37,11,426,0.9927770383715034,0.4371478824428691
no.student.nett,48ac724b311bc956,11,404,0.9521506976769167,0.3167905581922158
no.student.nett,51a435e80f47407a,2,217,0.99632063736801,0.29135651964049003
no.student.nett,51b3dde54f1dfe4f,5,179,0.9941036625421681,0.24117621290334043
no.student.nett,564f2eb08fbc195c,3,516,0.9793614970769569,0.4119859870039615
no.student.nett,609085c1944905e9,6,643,0.9890761995841106,0.33711307925701345
no.student.nett,61c7c90f4b286d54,2,292,0.9825944304803891,0.39081544089319825
no.student.nett,63e879c854c78e3d,12,959,0.9970259908510857,0.3434285010265582
no.student.nett,663a7b6e6c56ef3b,2,541,0.9873941857454397,0.21576951032599753
no.student.nett,6b72cee580121f9f,3,117,0.846191177438646,0.23299208614385275
no.student.nett,82dcd913666657fe,4,204,0.8858375355935042,0.3894525153026595
no.student.nett,8c07160d37d81eba,4,141,0.9680926199668886,0.37033974528192554
no.student.nett,9105719af463d2cc,7,543,0.9804386185025135,0.21096691380674823
no.student.nett,954729b584abeb02,5,701,0.9935202187645332,0.1759161234558
no.student.nett,9912b4d652df9b23,14,756,0.9837539847214006,0.15113960331369056
no.student.nett,9fa43ce731ddc82d,5,179,0.9577812791848853,0.3229329924188074
no.student.nett,a3bbccd72d09d19e,7,505,0.9860198131140658,0.2654523020405316
no.student.nett,a3e68ec0bab62ea7,5,272,0.9781156983264653,0.19181256011699827
no.student.nett,a7f637d4c7f86d6c,15,843,0.9901265544605518,0.25500847566033147
no.student.nett,aa9e282e9613ac73,8,531,0.9856169175362838,0.14934848139983034
no.student.nett,b19c5605c99b8109,4,1137,0.9986814725813405,0.14156557860269822
no.student.nett,c42e437230ee4fab,31,1207,0.989054176584626,0.2495442459666813
no.student.nett,db6c640c019ec82f,5,422,0.9818982271368532,0.20065765344906208
no.student.nett,ddb166ec95c7cd5a,13,629,0.9696074343635462,0.18896286465764195
no.student.nett,f3443abde9f8d5c4,4,342,0.9877301818498624,0.45437471898387727
no.student.nett,f80e9d028c20b2ee,29,1752,0.9830682419161302,0.23635864772726406
no.student.nett,fc0070734ad40eed,12,895,0.980494202077754,0.14024064384189106
no.student.nett,ff7829e49c8525f7,46,2336,0.9803246259620831,0.19589252052702802
no.student.samfund,00787e1f0c6fd196,98,4052,0.9865215681162426,0.28450508375545186
no.student.samfund,041276fbb3715ff9,10,794,0.9682239896261382,0.08651289204552216
no.student.samfund,04faf9900047349b,10,554,0.9881419428013772,0.22770075884658728
no.student.samfund,0b8232cbe3a0d5ad,1,131,0.9930402375738827,0.22042895204612856
no.student.samfund,13c9dbc80d29f3ed,4,708,0.9984051888559758,0.2657709112523247
no.student.samfund,162e29be3625ae1d,14,702,0.969592523825401,0.2701928140789162
no.student.samfund,1b6a216306099595,3,177,0.9954968451160252,0.23000040366288577
no.student.samfund,1f2d5228e22df8a2,4,246,0.9133814730826455,0.3447818186452021
no.student.samfund,2e09f5cd4f4fb4d9,8,812,0.972079316818826,0.26598528098659807
no.student.samfund,2e7c18f887e28b4e,10,1143,0.9950989990540267,0.34115424863909416
no.student.samfund,3005430c861025d5,2,426,0.9789952091372953,0.30447268111328823
no.student.samfund,32aca8702b68cfae,40,1725,0.9861591165684218,0.17815015416423938
no.student.samfund,3491f0a996bd574f,22,1217,0.98680627321797,0.30888321244344596
no.student.samfund,48356ae966efe889,2,364,0.9856927738765435,0.4581679593398044
no.student.samfund,4840a043384efd1e,8,612,0.9891938390636101,0.2750171341383639
no.student.samfund,4ba62a9e731aa2cb,4,346,0.9951764236382494,0.2185497126190657
no.student.samfund,52f9442d4393b006,6,1062,0.9967529060814404,0.23909798998152446
no.student.samfund,599053a0ea157357,16,431,0.9098487499915423,0.28594573418921093
no.student.samfund,5ad57ce34b3415cb,3,482,0.9935747384033247,0.20809227401182573
no.student.samfund,5c55ed750c70c7df,5,176,0.85400667601955,0.45401009336038695
no.student.samfund,5fb508869639d8ba,4,465,0.993468213060385,0.28772779300013257
no.student.samfund,67b6535822fd0fa7,15,648,0.976043830709749,0.2977619398627327
no.student.samfund,69f053a8a70329fd,2,331,0.9956083221418391,0.23870470993058443
no.student.samfund,6c30c0700e297d14,4,275,0.994811206764318,0.26691246132824464
no.student.samfund,6e60de7f5e1e76ad,20,1835,0.979302024721606,0.4349427255391385
no.student.samfund,6fc40f2c6951261c,7,353,0.9889627280169414,0.26154308183486635
no.student.samfund,7e4835ca7bfa8fd5,7,146,0.8749413054761137,0.28152299674862585
no.student.samfund,84036726a4dbaa3a,10,972,0.9974226813601051,0.3432406781011119
no.student.samfund,843c674e462835b3,2,316,0.993115532745165,0.49369204168193465
no.student.samfund,9422f468a057fb26,5,306,0.996824159610134,0.2729889220512606
no.student.samfund,9a2332bf24135d1f,26,1374,0.9731343041253362,0.14084387249503236
no.student.samfund,a33505e10dcebcbf,196,8487,0.9402894914771395,0.1893983643580506
no.student.samfund,a706d585a1f207eb,2,46,0.9239100780731361,0.2934426115645993
no.student.samfund,c7261c941f34e093,9,756,0.9917853427456997,0.13485589553987135
no.student.samfund,c837cf2f0f4c3219,11,697,0.9878833798318594,0.4024716962896825
no.student.samfund,cd38a211919caa00,12,620,0.9632882408657022,0.23990061493624373
no.student.samfund,cf77d7326a3dad2a,28,2091,0.9890083480096615,0.36228733006278474
no.student.samfund,d803cf395c41da4a,2,136,0.9224368206803807,0.2918500961043658
no.student.samfund,d9ec25cbe22de775,9,1578,0.9953705630280817,0.35347015705661095
no.student.samfund,e0364fa1ddb0ca92,1,394,0.9995998042303066,0.408370259768204
no.student.samfund,e0ff145f2891db93,10,955,0.9706713974476302,0.16508773385505882
no.student.samfund,e219e2f326ecb737,5,132,0.9831900300120044,0.17146505213916824
no.svar,00fa1b975d43cf9d,8,1515,0.9960639511641156,0.3308905695610738
no.svar,08c61117ddfd5dfe,8,1520,0.9960261208714662,0.2868421698601738
no.svar,14435293f86df75b,8,1515,0.9960639511641156,0.13941441708346874
no.svar,1fc5c160f9d845de,8,1515,0.9960639511641156,0.23946727523355338
no.svar,20d079feb03c0706,8,1520,0.9960261208714662,0.3242874521592374
no.svar,24a5da33389042b6,269,14565,0.9962593809113143,0.4321195231551715
no.svar,24ca256b7485e99e,74,4863,0.9953550245769068,0.3000505593928065
no.svar,285ab006dc9daa9e,8,1519,0.9961138596609683,0.1992584079933748
no.svar,2eaec74a82ff8471,8,1520,0.9960261208714662,0.18070940405920427
no.svar,39ad6bb1cdb2d153,8,1515,0.9960639511641156,0.21497881716355782
no.svar,5ba991280673e230,8,1515,0.9960639511641156,0.19951396297669413
no.svar,6173653ea6002c7c,266,14324,0.9960937645325159,0.43811434189464843
no.svar,638edf8a23769c44,8,1519,0.9961138596609683,0.1422097311910115
no.svar,64021be4f3d6998a,8,1519,0.9961138596609683,0.25124221010441516
no.svar,6dfee907786b7f4f,8,1519,0.9961138596609683,0.28953648893095174
no.svar,8bbb123f0dcf8d9a,8,1515,0.9960639511641156,0.37241825166971276
no.svar,92a5ec2902393a9f,143,10713,0.9946817939957856,0.329137674675954
no.svar,95847b5d6f80a591,138,8935,0.9918128937319061,0.3139587427475701
no.svar,9bf1011d9dd8a690,8,1519,0.9961138596609683,0.3420868705150739
no.svar,a1a0781adf5411bc,8,1519,0.9961138596609683,0.30292300878449285
no.svar,a3a19d184b7b5681,120,7866,0.9926052451404266,0.29429595105297257
no.svar,a8248a2aeac1ec3f,8,1515,0.9960639511641156,0.2860178951145258
no.svar,adc7bb18042d46d1,120,7866,0.9926052451404266,0.20138673125463566
no.svar,afd0a67708fae05c,8,1519,0.9961138596609683,0.23761455414125393
no.svar,afd422926b1f08e3,8,1519,0.9961138596609683,0.14145981853737952
no.svar,b0f3a3635e92ccab,8,1519,0.9961138596609683,0.23155667461452054
no.svar,b1a9462ce4ab1448,8,1515,0.9960639511641156,0.3450155398732251
no.svar,b1e70365c28881b9,8,1515,0.9960639511641156,0.2694778672380262
no.svar,b687ea1d39f232c4,266,14324,0.9960937645325159,0.34741112396488144
no.svar,bc3a3338c8fae64a,74,4835,0.9955713318030047,0.2545718309282085
no.svar,c1f56c570f5d2374,8,1519,0.9961138596609683,0.3606731685487728
no.svar,d4a617a58b5b8ca0,74,4835,0.9955713318030047,0.37175451960225625
no.svar,d8aeffc6d79f3d01,8,1515,0.9960639511641156,0.2261811038410638
no.svar,e46eb67a9ce4abc9,8,1515,0.9960639511641156,0.3752614096533824
no.svar,ef7fd6627ac2784b,8,1515,0.9960639511641156,0.23676061804581644
no.svar,fe2a99141b5f4173,8,1515,0.9960639511641156,0.24423398495836202
no.svar,fe9d0f9dc7fc8dea,8,1515,0.9960639511641156,0.23967665774163874
no.sykkel,04b12df3eda94371,6,795,0.9905304291945931,0.19658501937892717
no.sykkel,07e368848a527bc1,54,2648,0.9766145488711552,0.16253062191476475
no.sykkel,0960d6a9ca275c38,4,626,0.9884681276568865,0.2594291239533297
no.sykkel,1354a3988d0a8a9d,5,252,0.9904279118455138,0.36447536948770864
no.sykkel,1a17b1697c2135a4,18,1075,0.9931084928645244,0.2614745474424805
no.sykkel,2aefc483060c15fc,10,839,0.9944929158349942,0.17322236977600808
no.sykkel,2d08e337807c9a55,8,1042,0.9685886163060192,0.2087334075808899
no.sykkel,2ee26d8c2ae23ee1,28,1544,0.9880700831726381,0.17065124007053595
no.sykkel,30503459c08b5023,4,280,0.9384219705390261,0.25943378076261286
no.sykkel,3cc67024a22c4c31,2,457,0.9950823338102387,0.31019032521289813
no.sykkel,43d6e84090494e66,9,425,0.9830148185031534,0.24838589025002586
no.sykkel,43d83e8e9eb02bcc,7,280,0.961882702046325,0.3168534241619293
no.sykkel,462ad61b7d72d1ec,27,1093,0.9659278704833741,0.24058366827101152
no.sykkel,4c13e408cf45528a,18,668,0.9507848002523028,0.26966310593220005
no.sykkel,4e1ef7ea39be9408,19,1102,0.9938673809769613,0.13995846217475424
no.sykkel,52f68ccd96152177,9,1143,0.9213045888988847,0.2845101968803484
no.sykkel,53558e92a4743bb6,3,455,0.9935273788099813,0.3412734426660488
no.sykkel,59f9697f27c697eb,6,212,0.9267663007342164,0.29655961771885186
no.sykkel,65f1eae80c8365a2,3,1175,0.9937030583952557,0.1616293105975752
no.sykkel,6b7819e6c8cd9b7a,10,794,0.9916217063717684,0.3588371640967362
no.sykkel,6bb388f4933ed966,2,660,0.998606204124254,0.2778063104543672
no.sykkel,72a26b04cc06390f,5,265,0.9739829653231018,0.23283323423986862
no.sykkel,72d197beddbcd5fa,4,522,0.9968790257230512,0.24526489020530745
no.sykkel,74fb43be5c14172d,3,241,0.9842529388310941,0.24948398802769958
no.sykkel,7cb9c0af8a2b58aa,2,1130,0.9984716243636719,0.1933514016084447
no.sykkel,8ff1531e8d831f33,5,2192,0.9994097652797773,0.284093903134944
no.sykkel,a15841d248a1599c,6,242,0.9900183331668553,0.34717051468537885
no.sykkel,a2283e60b67249e6,3,1828,0.9987433449344846,0.2614029211997105
no.sykkel,a5b73d0307d67ddf,21,749,0.9487357418328458,0.22627381125576598
no.sykkel,b154194a6376516a,33,2233,0.9843930923338389,0.3186537173176173
no.sykkel,bf07cb536a1ece7c,5,363,0.9854648931215191,0.39082088125409614
no.sykkel,c7ece9d9a7000ae8,1,112,0.96047945731561,0.19193098939707864
no.sykkel,cfbb6238c4f23054,2,414,0.9969788139837952,0.3186931801076611
no.sykkel,e220f8db48bcc4b9,12,846,0.9795157690704117,0.27255312770806345
no.sykkel,e67ba4cd3f0dedc5,23,866,0.9482190528963598,0.33636204650189533
no.sykkel,e8b27e57ca0525b7,23,1604,0.9760156276082038,0.26029174951538775
no.sykkel,e9118d8b7d902929,17,1500,0.9973491504278775,0.16228107607108222
no.sykkel,ef47fab2b895978a,4,389,0.9789135943359889,0.45907563876504465
no.sykkel,ef7ecd69e8a53cb6,26,1783,0.9666125822592192,0.2457829869103869
no.sykkel,f0c87f8e9aaacf41,4,474,0.9973670154544779,0.2136524524029553
no.sykkel,f4dc05dc7447c092,20,1002,0.9657152969274223,0.21571643409871913
no.sykkel,ff359e653e1a1638,3,325,0.9900191956484072,0.2785716242534813
no.tegnsett,0bc1871fae987a2d,4,337,0.9870606561728364,0.41812422291549656
no.tegnsett,0e5aef16e71bed73,7,590,0.9900604206500488,0.25859899629639904
no.tegnsett,0f9ec44a630a90cb,2,305,0.9846524279985664,0.2644065608260866
no.tegnsett,26eb1f9c01a3cb0a,56,3047,0.9973863560166255,0.28092578504207394
no.tegnsett,2c1b104edd26a034,1,330,0.9983460376709766,0.2878637364764647
no.tegnsett,3c510368d9220bac,5,452,0.9796496984559778,0.36091454598832184
no.tegnsett,47b790be29a303ab,18,1590,0.995697528665958,0.28120045791915044
no.tegnsett,4b81ffcd1b92ea42,3,581,0.9939480011847497,0.35475224925995597
no.tegnsett,52a9f358315384bb,13,1008,0.9963984698563262,0.33737122911828826
no.tegnsett,54263210f288728a,7,288,0.975988925597353,0.32005884260169915
no.tegnsett,63ff64b13529e647,13,1032,0.997637982557561,0.17186314265310898
no.tegnsett,6c85ce53f93afa54,2,433,0.9976047650059613,0.1715881425572413
no.tegnsett,6ed9e4cba3293671,12,733,0.976607995827934,0.2564061998708105
no.tegnsett,6f57f42038bcb418,12,575,0.9744250335329817,0.17031362087344018
no.tegnsett,6f8d6d59abccf092,55,2053,0.9861717938085544,0.31392795787706973
no.tegnsett,75061887c2b28e2b,4,342,0.9895687699467459,0.37393533192322226
no.tegnsett,79b9d51fba0a6b60,1,286,0.9927014426780049,0.2759467673972817
no.tegnsett,80125c5a50c47c48,2,160,0.9791600955266295,0.26588572562923946
no.tegnsett,8584ac88f80432a3,14,540,0.9737528893072334,0.20996747226180534
no.tegnsett,8704db06f7e624d8,7,372,0.9903985931841398,0.3218811168180473
no.tegnsett,8b7f8f357522055e,12,484,0.9881285674853798,0.28162510386351497
no.tegnsett,9c277455016c2ced,4,415,0.9957900010721937,0.24534552734771242
no.tegnsett,9f05673a320c7770,20,971,0.9616015969071626,0.14235427608704995
no.tegnsett,9f2e092d88675aee,33,1435,0.9878714954397505,0.1398902613709051
no.tegnsett,9f7154275f14df68,3,472,0.9951207194756783,0.36901523341323383
no.tegnsett,a4568bb045137b38,10,442,0.9597890600962905,0.18692033713948084
no.tegnsett,a7cc8cba5d89a118,35,1449,0.9831511723325616,0.13140620068585646
no.tegnsett,c9cb4fec03570c64,8,697,0.9649241891808563,0.40611480286656393
no.tegnsett,d22c1b350551c723,24,1692,0.9882043148814567,0.31272515838039777
no.tegnsett,d505600fdd1583f2,2,336,0.9956191704617597,0.35142244355483176
no.tegnsett,d69de36c6b6c754f,3,1807,0.9975609115548351,0.3146575508846559
no.tegnsett,d8e18fc8355048fb,82,5541,0.9973110446711809,0.2659888504961649
no.tegnsett,db52ac6a03821e69,20,901,0.989961595553393,0.13671164126333807
no.tegnsett,e31713359778a639,6,374,0.9952883625512289,0.3250956940504434
no.tegnsett,e34a2dd66bc0eeb5,3,174,0.945496984593677,0.3214065834016346
no.tegnsett,e3ed37a9833a6539,6,446,0.9922890212709586,0.37525668730186656
no.tegnsett,f070fd3e11a232f3,3,322,0.9973199119245086,0.298464877878609
no.tegnsett,f34eb474d8a617ea,7,451,0.9960046815943518,0.2907301879964749
no.tegnsett,f399d895fe18df80,5,271,0.988287688674033,0.3842467193103338
no.tegnsett,f5b548581431c2eb,13,1100,0.9955662081626064,0.3401630870348429
no.tegnsett,fa095b96f95569cf,7,620,0.9803144339267054,0.44762696600744367
no.tegnsett,fcc9f428c82cc31b,14,972,0.9778627214056773,0.19871788196874482
no.tele,0322af68b122eed4,8,570,0.9932922104063738,0.1979334647226345
no.tele,1149f5ca6906f63b,9,1245,0.9956575540952465,0.31095392468155175
no.tele,16a4f7b31115a5e7,9,648,0.993669698269998,0.26646167964325934
no.tele,1a768768c6d1fd9b,92,6178,0.9814710367084422,0.3170931884287058
no.tele,254d64b2642e1a2b,7,480,0.9852207337755107,0.3567286322292076
no.tele,255e99e1cec27463,25,949,0.9876291225032503,0.29149599980024854
no.tele,26e975443b047b9d,7,510,0.9574423232763007,0.2990213505922861
no.tele,26ee1f60f7bfe953,26,1144,0.9919548534658883,0.3631921186404915
no.tele,2a30dfe2cadce009,2,808,0.9995088748337206,0.3497412733447751
no.tele,2a81f744167475f6,14,921,0.9937853865863786,0.2788719186075299
no.tele,2b58777f31f3e505,11,372,0.9738802540620617,0.3631467476508487
no.tele,2e1eee2ebeb57132,17,1307,0.9967391619978214,0.1966434689975903
no.tele,3a0db4b8926d6d33,54,3033,0.9925475254288565,0.25582621365809854
no.tele,3b4ae17cf0d3a6d1,17,1565,0.9943323956073129,0.2986337717401441
no.tele,3c053a90802dddfe,9,661,0.9873712867458695,0.3301214317104377
no.tele,41652793ac3593f2,1,499,0.9965132733877349,0.34757550153252165
no.tele,444781f59f0697eb,20,1570,0.9924507967075599,0.2613362133704448
no.tele,49046534da4f00b7,20,1201,0.9960000744671819,0.23932701074133228
no.tele,4d75fe75ae2644ec,13,711,0.9931897284634121,0.32621484733247985
no.tele,4ff234a3e294e35a,4,1054,0.9825198559113321,0.22453438533735195
no.tele,56bf8fd84e4fbde5,33,1860,0.9932733359292436,0.150649474831409
no.tele,5cda60c10d6e2ea1,22,772,0.9856819377371048,0.18156103974142607
no.tele,65f6eff28ab3a9dc,19,1039,0.9791251258077425,0.27274588784534015
no.tele,6ae88a57800a8ec1,5,425,0.9942809769274424,0.43931956833976904
no.tele,6c64bea7dcb32ffc,5,515,0.9986057791836583,0.27106754197479566
no.tele,7a5b4508f5457ba4,6,311,0.9785686459073555,0.20074485906733208
no.tele,7dde6be5e639bf4a,12,671,0.9833970292142026,0.17192163394106572
no.tele,8a7c16b44e012e5e,2,219,0.9898099335444374,0.13875103617097984
no.tele,91216ee89184ae2a,16,830,0.9925210607337999,0.1457324831113067
no.tele,9de752fcb9f21259,11,666,0.973115722454934,0.29921757646830616
no.tele,a0fa4f6d3886a4c0,15,931,0.9955327667515953,0.2619583104141246
no.tele,b22dd44135364a26,6,1206,0.9793874316673573,0.23378976340899502
no.tele,b53698e7333770b0,8,387,0.9570913747567015,0.36790202573948316
no.tele,be5a9f733f9c51db,3,481,0.9975772890080338,0.29872677267567704
no.tele,d99463b474965fe2,8,681,0.9901398928247996,0.3506603623477732
no.tele,dbd99b5477e1b4d4,2,401,0.9992083147292401,0.26928182051695404
no.tele,e0eb4060616aa402,4,126,0.9789143970768106,0.3566275806167199
no.tele,f423ddb7e692b82e,6,600,0.993780851064524,0.21385346636297856
no.tele,f4c8783d91f2c302,13,937,0.9922478540343167,0.26612476606125884
no.tele,f6dec7ebf09d0f2e,4,345,0.9970782824689967,0.3756407806475635
no.tele,f8068672dc32543c,13,588,0.9843089490594337,0.2234238853076424
no.tele,fcca665908a95aab,2,531,0.9914265734780402,0.22118186346924773
no.telepost,0c03760416a9fd29,7,258,0.9627507640868957,0.27896078491280807
no.telepost,12e8e04fe0edc217,20,1155,0.9910275163546316,0.2995365461382777
no.telepost,16e367c276635fe4,25,1566,0.986725521476831,0.2618308146333324
no.telepost,16f93731b5dbc8a6,10,178,0.9447324888732502,0.4139424894228562
no.telepost,29a55991c91e1ab6,2,151,0.987988026023385,0.1849136725649347
no.telepost,331c18844a05821a,11,1008,0.9920802189227478,0.20652012542023374
no.telepost,3b504b2e3b91f722,7,339,0.9736003401761474,0.24768861438289755
no.telepost,462804c440058680,2,647,0.9804251796771325,0.27523163764225045
no.telepost,47870752118ef637,9,353,0.9774594406459624,0.36058462885030923
no.telepost,4b83e1f96739e462,42,1226,0.987146691148663,0.17481364895514934
no.telepost,4ca4833d7aad69de,11,572,0.9715021950266398,0.26139050908052813
no.telepost,572c6b76993a554f,11,626,0.9926334401588867,0.30538879223646853
no.telepost,5d8681045ad5d086,13,797,0.9873104021283091,0.28252492902314835
no.telepost,6583babe233554df,16,861,0.9947801921572073,0.09395063791717921
no.telepost,659e8a651c3ca73a,4,205,0.9308548045085956,0.379811026909043
no.telepost,67d4f3b821f55528,6,444,0.9868930364246006,0.2511625303931601
no.telepost,6853572a872405a8,4,204,0.9488431789357537,0.3302278423707523
no.telepost,6ab5e015f7623266,24,4347,0.9956959501304735,0.3040428542643843
no.telepost,70b7819ed3cda53f,15,902,0.9964283640937253,0.3913187310625032
no.telepost,794e8521dfbd9c97,3,309,0.9948251092838036,0.24942322900747804
no.telepost,7c7932b82bf2e9f7,5,338,0.9797323727366406,0.3997272458219028
no.telepost,826ca01872dc44f8,1,147,0.9981617234469958,0.3054732096994437
no.telepost,83408c7bd1b1858c,21,1383,0.9925766612979611,0.2211721869444945
no.telepost,87c22956aef8c120,22,954,0.9681669108806088,0.21581808868712316
no.telepost,8bf5911274a273ff,10,556,0.9879777216667576,0.22561949650568547
no.telepost,9039d2decec90f62,20,2062,0.9915818410382953,0.43871579089291757
no.telepost,96099bb61a11a002,16,831,0.9943018278185216,0.3323328780117379
no.telepost,9a3bffdaea50c65a,12,633,0.9845036284364624,0.34469710003630716
no.telepost,9b3b0917876961a9,10,581,0.9822901046063002,0.35838290495988406
no.telepost,9c1db8472bc57441,30,1410,0.9711836571947307,0.2711167550522387
no.telepost,a183fecafded1bb7,9,387,0.9927269594062844,0.2725106213580947
no.telepost,a57276bfaa9040e4,4,295,0.9801394126613194,0.288233092995974
no.telepost,aa4fae108084370a,3,181,0.9563610955098324,0.23105008842802466
no.telepost,aae3048c351bb579,28,1753,0.9658666123969167,0.21391762731475764
no.telepost,accbc1efad4b1ebe,10,583,0.9909463453764132,0.2913952059097489
no.telepost,acd5252bb1215904,4,614,0.9814783168935477,0.20123746028679773
no.telepost,bb921e4aaf5e27ef,9,518,0.9796687276723125,0.21962178858481435
no.telepost,c54e5e14513bd2ea,3,112,0.9609732435245293,0.4423841680145779
no.telepost,cadab1b2e1ef8d83,24,1249,0.997289381783075,0.24187070215774018
no.telepost,efa12377617ec6be,33,1872,0.9956739647127879,0.38316030538630547
no.telepost,f42d90edb7682ad4,5,225,0.9778867551390646,0.3070518186485459
no.telepost,fd229ed995d30756,18,919,0.9882188682372964,0.28754118030960946
no.test,0c2c5f16c853f308,3,115,0.956236538012497,0.31654483779395065
no.test,0f6da2991f4b2c10,1,264,0.9963741246541908,0.17779627672003903
no.test,16bdc4830c0e4fee,1,79,0.9879685999289365,0.3044774767564312
no.test,200c18cecaae7dd4,6,91,0.679572197974114,0.27009290875140385
no.test,25d76b81f4f3cde4,4,194,0.9824048105322772,0.15226819944544173
no.test,298c25bd1eeb6cae,2,82,0.9645231362684521,0.36893375876978274
no.test,2ad6300788113680,1,252,0.9917729172749875,0.4488528510918519
no.test,31f0200168e27f7f,4,209,0.8598768979854199,0.3983540221300422
no.test,3b7010ac1bed6eb8,8,1070,0.9974282201582323,0.39659773116368796
no.test,3ea714210f79cf06,3,168,0.9763563399113073,0.4870288926024543
no.test,3ef81f26ca5b99d0,7,196,0.9577888485226478,0.23690689361811051
no.test,4213bab8c41a4daf,13,1280,0.9942428985840879,0.324816504912436
no.test,42a76d7529b52177,2,80,0.9396012411350452,0.22701410603490796
no.test,4410750875c20a29,11,1178,0.9951361519764784,0.3342028091771384
no.test,4e8e35bdcfcabd61,11,1542,0.9950691460050054,0.3023168006411417
no.test,511f72c834603e44,6,125,0.9841275741895207,0.2897777947723435
no.test,53c5b259ad0eb88c,22,249,0.844813725548677,0.35506218863684574
no.test,551d70aa746822d0,6,7,0.4535383707932299,0.25719424097480803
no.test,6087c0abd58ea7ca,5,67,0.8263088618856007,0.4181796582190104
no.test,619539d5f6eab679,8,1166,0.997282708999712,0.40584492765782987
no.test,68e7ea02433b7968,8,1049,0.9978352828321745,0.3578150909559204
no.test,69bb74045338620d,3,224,0.9536828935023373,0.33253402379759756
no.test,76e0238f60162dd3,4,80,0.8643979844107066,0.3518809440182545
no.test,80bca8fe93ae1e65,7,218,0.9189868998319681,0.3570371551943611
no.test,83418e92dcad2a35,4,318,0.9705253836863477,0.29591069490290595
no.test,8afb8028350ae623,1,72,0.9798475905290011,0.24222278338585276
no.test,a13c73b191ae9c8d,2,62,0.9130362531984652,0.2165190745262227
no.test,a170058f8bde12f5,6,6,0.49475017661668774,0.34753048239536355
no.test,a2a32d832899b27b,2,105,0.9730174261856201,0.2604502441786768
no.test,a3a6a6a07c4c2f9c,17,696,0.9772228609843919,0.42503494198380404
no.test,a67cdce7d4c640fb,8,1112,0.9976496174618991,0.40977187691521516
no.test,af37344b947ce93f,8,1034,0.997805601165693,0.2625050834671006
no.test,afd477e0af8636a0,8,981,0.9962717594378604,0.28852282402437707
no.test,b580d4c3ee4dda68,2,87,0.9693109717529111,0.3078541076951793
no.test,ce5d480d45ac92f7,9,1158,0.9960952253781246,0.22893882708891516
no.test,ce8503788762c68e,8,1141,0.9969650723406409,0.2404042452897626
no.test,dac3df1218faaf93,8,1112,0.9968011925470895,0.2121344049596491
no.test,df0e69743c78aba5,1,71,0.9603648968920638,0.21713111728776754
no.test,e7e2b95bbe9f68c9,11,1505,0.9943413812958898,0.33213360818110055
no.test,eb36711b3175df5c,8,1024,0.9968342897579927,0.26349040674398266
no.test,f58bb48ae24c5b26,3,58,0.838868521538381,0.12474691016402185
no.test,faffcfa17f543c9f,5,95,0.9286452240796752,0.33578093215140153
no.tex,1503e9bb8cd16d73,11,638,0.9597552611347844,0.2274311329960066
no.tex,1a7017136c0ed09e,9,692,0.9984263450487845,0.33090035008426677
no.tex,363af392bc3f8055,6,717,0.9853136604432957,0.262280027625363
no.tex,37c7057ddd7857c4,3,286,0.9963948568924955,0.1464802374837148
no.tex,37e355ca60cf21ee,9,832,0.9865069352612209,0.2074286378911756
no.tex,3905c11a44be7eb5,21,1365,0.9845022959872248,0.09161977280276755
no.tex,4c9995c2332ff3d5,6,956,0.9921685639035762,0.1785989855966701
no.tex,519fea73cbd2088b,12,938,0.996611978794331,0.12860543871518032
no.tex,5b6740daf3e44a91,2,735,0.995088199750545,0.2636124776719234
no.tex,5e08bd02b07e2c87,4,877,0.998088654697128,0.22271717440567151
no.tex,5eb781e0f26f8a82,6,195,0.9649113107182602,0.2677228046459474
no.tex,69c0ddffa823c80f,3,552,0.995602754936737,0.3313699727392669
no.tex,6d51cb362300770b,24,1235,0.9896705447991012,0.1802993202136016
no.tex,6ec536c1a0e48b67,5,539,0.9967044457922155,0.20341060642816886
no.tex,71724a656d6c093f,8,354,0.9779526993121574,0.3347054035798866
no.tex,74749c7c45b74e76,36,1755,0.991357294810679,0.26006142353265094
no.tex,8001f624651348a2,4,760,0.9968083329700461,0.21193975561950892
no.tex,8230bd787c3885ed,7,328,0.984201722145869,0.2048431550923322
no.tex,8eea87326790efcc,10,828,0.9964222629883982,0.26619236908081545
no.tex,95a22eaca21daaac,13,626,0.9879618559323669,0.20967009226161873
no.tex,98c07a9a78e8d254,19,901,0.9850131460442704,0.2821999579287943
no.tex,a0da4c3125e02513,6,392,0.9947420085037636,0.32299907899812147
no.tex,a1ce41bff00289eb,4,333,0.9579470841733119,0.1892424600427548
no.tex,a722e068fa7784e8,21,1187,0.9782117926588437,0.291571658230754
no.tex,a7253e4c98d1d60b,3,330,0.9953366514310734,0.11538511025439276
no.tex,a9fbb9db1e397ffd,16,915,0.9849494793175031,0.24287600483702987
no.tex,b1e9a670928fe8c7,7,759,0.9813646097116315,0.2927712711794263
no.tex,bc39728a33d87f0a,13,800,0.9908382818879491,0.1885566732961023
no.tex,c1d51b3458bc6d2a,3,390,0.9892825690047209,0.3242347173873792
no.tex,c541728de260ec18,7,425,0.9948918393951387,0.21788286063999104
no.tex,c9ed3dca5d8bb231,13,529,0.9741176124811044,0.22109220476632782
no.tex,cd0770ff8adf8a15,1,444,0.9925747908862549,0.2002672385782414
no.tex,d0a8441b9dbd2b62,6,949,0.9874526199251654,0.44873338880517744
no.tex,d2b32e3f7be649c7,24,1191,0.9913137115970555,0.26385723679361445
no.tex,d5c0145b03194289,6,433,0.9927178512934555,0.20857011196324815
no.tex,d72012848c1e79cb,2,575,0.9983119493391255,0.23478496761226764
no.tex,d776e580e592b12c,17,943,0.9944371490313784,0.21306930212100353
no.tex,d9839b75b4f9dc08,4,308,0.9337843470144863,0.1473938912912989
no.tex,e6a3069e3c87daae,5,138,0.9636992787667672,0.22529739776207447
no.tex,e8add48033950c3e,4,645,0.9908700246210387,0.2952799420979812
no.tex,ef625d9363680040,10,681,0.9904592358933282,0.2554431146770483
no.tex,ff66a75c55fc92ae,21,1230,0.9974735125978945,0.22360666792422948
no.tungregning,014f0c764f8d2638,1,1050,0.9998891011849779,0.438239445681055
no.tungregning,020529cf9a91da3a,6,727,0.994155405484093,0.2835092560154815
no.tungregning,14b9491dcd4a7545,2,215,0.9771503951715181,0.23666097635708133
no.tungregning,1cd9d1b08dcabe9f,1,2224,0.9999074586764682,0.1936209094556237
no.tungregning,1fb08f9cfa89ab7c,29,2114,0.9891667464754362,0.2588179744015855
no.tungregning,20132b1f8d6407ee,3,2002,0.9982190398022416,0.24590139469800854
no.tungregning,49820139e0e27170,5,307,0.9839873309628874,0.1879906278097493
no.tungregning,49de0adbed29e910,3,349,0.9932501885610981,0.2662886434238969
no.tungregning,552f79e06f524f3a,2,598,0.9973095767565386,0.22839266352339804
no.tungregning,557c7ff0d0094699,76,5310,0.9926201054372243,0.31749324515531496
no.tungregning,56d02f8262c76c37,2,496,0.9980933543485673,0.2784776472369359
no.tungregning,60f0391d7f497eb3,9,579,0.9888640646588092,0.33610456394658766
no.tungregning,62579f91b3df6085,30,2275,0.9941957844430239,0.2711430314665877
no.tungregning,7b8df4bfbfa7b598,1,1344,0.9997461341644959,0.2828064077064183
no.tungregning,98425563db1f9a00,15,1137,0.9917177743712775,0.3843016760231985
no.tungregning,a6c2f0ef47e7ffa0,3,808,0.996015271745472,0.15776539508692775
no.tungregning,b8a5ffafeccb4bb1,36,4623,0.9976500612203473,0.33254422838852926
no.tungregning,ba467ee88390baae,11,711,0.9925550557062042,0.3487154502926111
no.tungregning,be586470f6b67c74,66,2386,0.9820444654942994,0.24043826947045258
no.tungregning,cf5274a2fb06075a,12,953,0.9974846496645322,0.1724877479953986
no.tungregning,e37451b50069aa6c,16,1016,0.9883006532187786,0.2652082783133511
no.tungregning,fc4fd8fd52bedeca,3,240,0.9876822900203369,0.2162870442464089
no.typografi,089d1f35f66dec8c,8,616,0.9861734746349557,0.4827508755905461
no.typografi,0b1afaf933565ee9,13,586,0.9172270118175181,0.22753571776750528
no.typografi,16a387d42a676e54,2,186,0.9946546364325397,0.2634680996777462
no.typografi,18f308a930f553f8,6,283,0.9806703317403794,0.24068617311385737
no.typografi,1e6b4599542a0aeb,16,426,0.9524693750157013,0.3286031936062812
no.typografi,2c52f1702fd868ee,2,241,0.9989294113254717,0.41811482775787145
no.typografi,2c78d6c6653e2638,14,675,0.9947941678730768,0.3500117525088768
no.typografi,2d72c96aeb5bee7f,14,562,0.9871950315099614,0.27599335698229444
no.typografi,329f2b4076aa91af,2,259,0.9944635650187189,0.38580065862501595
no.typografi,35e0d067fbc0052c,4,482,0.9850775132490966,0.1258250782649999
no.typografi,3d4e0e1b25141a30,4,320,0.9744930739637611,0.19012517992246425
no.typografi,3f286476d8ab692b,5,535,0.993252448599687,0.2857349917595247
no.typografi,3f31f59629e419be,2,129,0.9943089180339973,0.1642483824031528
no.typografi,41a5cf58b2d0a27b,2,369,0.9942724130786714,0.2600301194716775
no.typografi,41cc9c5fd2f12b5e,1,362,0.9979626744776035,0.34508926981801163
no.typografi,43c512a2c643e84b,6,500,0.9641424870340405,0.31359273624418177
no.typografi,4868e017a9d25f23,14,1119,0.990385882305995,0.2959291072274978
no.typografi,4e30b6805244d0c1,22,1439,0.993638294302892,0.30105569996876447
no.typografi,5a5f19c14e7f1529,7,800,0.996501749797403,0.2317072890642388
no.typografi,5bb8e516a08ef4bd,9,674,0.9973607737625606,0.4045146303502023
no.typografi,605c42864d33db1a,2,250,0.9927899773352218,0.31116650554038794
no.typografi,6426594e5740cb73,9,688,0.9974139287752202,0.2128756829615107
no.typografi,7ba4f50319a4930f,8,281,0.9733886254921573,0.29734275665344917
no.typografi,89919a8891288731,33,990,0.9114624155277178,0.20506448001023825
no.typografi,919e892eafd2d9d6,22,897,0.9649258835478296,0.3119030249505507
no.typografi,97c96e9807fb0c9b,4,220,0.964436431149042,0.3507330942634818
no.typografi,9932482c65670979,2,191,0.9934985905602544,0.28153513361853516
no.typografi,9a2bc894a0e8d097,2,1018,0.999487540633393,0.21544789406327894
no.typografi,a4431bfdd1ab6644,1,89,0.9663209696720553,0.20684012908885965
no.typografi,a5915d51ab169ff8,4,237,0.9893448826356461,0.21932737678541933
no.typografi,a916a42b9e592301,6,517,0.9974061730337616,0.24100233870928653
no.typografi,a9fac4244fdc1fc6,8,214,0.9341616982883545,0.24205519809074558
no.typografi,b6c5f190bdaaaaad,8,338,0.9533380207023052,0.28498435605311395
no.typografi,b861ad185947118b,10,416,0.9741909105267823,0.2310702575384792
no.typografi,bcc3ca6ee86d5bea,10,541,0.9796727318207299,0.19922387735291072
no.typografi,c1028c24dd5de7c1,22,692,0.9344308355605524,0.2636962492343667
no.typografi,c710372005b1b0f0,3,259,0.9871219986372886,0.35669376907310574
no.typografi,c964e533b3bdfa3c,16,1061,0.9925530296146385,0.2738069983298184
no.typografi,da0262044f04f141,3,397,0.9932640224495374,0.28425059776320766
no.typografi,e2f1f31d950d123b,2,149,0.9720883740391054,0.3230925553796246
no.typografi,ef8ba2bbbd10365a,2,123,0.9822180289832148,0.2800758318327553
no.typografi,fa76dda1de3df58f,15,727,0.9880578784701392,0.14365500812378815
no.uninett.diverse,07564f9d8ef59925,5,468,0.9883723892699533,0.23685926319594802
no.uninett.diverse,0bed2453b76e2906,27,3104,0.9944159235210834,0.3585070533492487
no.uninett.diverse,0dd00d965ed39b48,7,460,0.9873411693475322,0.32781360616527616
no.uninett.diverse,10297d9584827411,25,2035,0.9946856707023962,0.29276933707776703
no.uninett.diverse,102d6ce66baace95,27,2399,0.9950098010081586,0.30131935260722265
no.uninett.diverse,14297573b2c1a8fb,25,1336,0.9911440815912765,0.20079926959261954
no.uninett.diverse,18ffb3222343e715,9,826,0.9793637420795684,0.32161206932958664
no.uninett.diverse,1ca4d4a8985f7df4,4,134,0.944173484025202,0.25875092229408825
no.uninett.diverse,2a87bd41cf381a9d,13,620,0.9857756096127798,0.35852187159391047
no.uninett.diverse,2decfa851ff336d4,25,1456,0.9894696689271976,0.4025856009151013
no.uninett.diverse,3191f2749439f914,15,917,0.9881206328776081,0.33035735584539977
no.uninett.diverse,3211a2ef70f9e65d,23,1183,0.9729642559359333,0.2584450272822077
no.uninett.diverse,532bde4eefe0d3b6,1,155,0.9745075301402564,0.17214360548668478
no.uninett.diverse,540e34c565e45216,7,391,0.9854248652921506,0.25314815208246383
no.uninett.diverse,5bbdd7fe72833d46,10,470,0.9758891246331666,0.29429052063454797
no.uninett.diverse,60d5083d311f530a,27,2435,0.9957031817689306,0.27381096421286616
no.uninett.diverse,654cc9e7c189b679,6,803,0.9975824863994992,0.4180947250933278
no.uninett.diverse,7056386da8486693,15,700,0.9895246048091476,0.2632820255707947
no.uninett.diverse,7b18e4b8c17a6422,4,512,0.9914372318128215,0.4050959625960397
no.uninett.diverse,92248edfae959f4d,27,2575,0.9951749934608787,0.2615157944229044
no.uninett.diverse,9443ef250f6ea0dd,11,697,0.9906932859955806,0.3013097587075264
no.uninett.diverse,949e619cb9a735fb,26,2247,0.9957518990976644,0.2471334603865259
no.uninett.diverse,a867273a99050f74,14,875,0.9902660189367763,0.318896916126089
no.uninett.diverse,ac066fae2df5adc5,4,311,0.9739331808363566,0.2428774213611432
no.uninett.diverse,b15cefc7bb9af236,13,514,0.9651237448532569,0.15271073184478068
no.uninett.diverse,b4e5f3d5b07bcadb,6,541,0.9820456898461897,0.2867207525429367
no.uninett.diverse,b51cd623557466cf,25,2041,0.9950695726575578,0.27061655403919804
no.uninett.diverse,bc0bc9a6db41b89f,13,611,0.985777811281886,0.18960679488496654
no.uninett.diverse,bf9f18c0881fb9b2,54,3198,0.9950264955279514,0.22188445208896937
no.uninett.diverse,c1f461973e86de94,14,739,0.9886621860980588,0.2806471897277079
no.uninett.diverse,c8dd6422f1b799c6,3,496,0.9934912180155747,0.20800807119031284
no.uninett.diverse,cafbcc276c703249,7,412,0.9753902628655663,0.3677732671888894
no.uninett.diverse,d4fb2f2b679479fd,15,1064,0.9829155444374652,0.29794986161258075
no.uninett.diverse,d64df1ee118dd78d,11,701,0.987179816388661,0.22161043385452944
no.uninett.diverse,d6d3f5d0975dfbd8,9,504,0.9683814833072698,0.23908293941747286
no.uninett.diverse,d7c3e28dd3228c55,3,581,0.9852662787415747,0.17547641031692618
no.uninett.diverse,daf528d1802e7784,30,1848,0.9851663343651351,0.22059971084662006
no.uninett.diverse,e1f8c07f16d3fc77,1,513,0.9879827612646264,0.3445150702540335
no.uninett.diverse,e2efb2b229ebc4a0,18,1344,0.9882333301023921,0.27542769406775486
no.uninett.diverse,e4db883d84b18536,24,2046,0.9941545719273264,0.31227520439731515
no.uninett.diverse,e84508636e8d3ca2,39,2208,0.9903721180821782,0.2123699568905865
no.uninett.diverse,f77f309d962a6a08,32,1897,0.9737396340366538,0.2468212616006511
no.uninett.drift,0afe247e05c56849,4,494,0.9929362826913274,0.29442808187354746
no.uninett.drift,0dee52f5c071ce8e,5,188,0.9321601739538378,0.41084665654027724
no.uninett.drift,1a2a9ed104268b54,2,333,0.9976648841478288,0.3622665604974078
no.uninett.drift,20ae5fc24ddc99c3,2,208,0.9939828036097967,0.31472676683743533
no.uninett.drift,25b05f17bb7905e2,5,801,0.9956003740909777,0.3206811352274342
no.uninett.drift,27849e693aee19b6,5,281,0.9664504399471929,0.3737104214618352
no.uninett.drift,2a285b1bf3452625,1,126,0.9981637477299635,0.27491753656795115
no.uninett.drift,3cfc1442ee9881ce,3,558,0.9956971385217411,0.260620624377785
no.uninett.drift,4a45a9017884336e,1,239,0.9947053173853974,0.3122932942351017
no.uninett.drift,4fab79d5a6686d3a,14,3253,0.9920044622479229,0.24406590138279005
no.uninett.drift,579cfcd13aad1b68,2,379,0.9889400233409026,0.32620120539191594
no.uninett.drift,692bd4542da0f70e,1,196,0.9979218741793865,0.24484120976749785
no.uninett.drift,6b71eb693762efb9,4,608,0.9972771898819554,0.2673159712465858
no.uninett.drift,6e7121e22ff65931,4,302,0.9794071537721849,0.26992598451224165
no.uninett.drift,748d4b78815f6cd9,3,560,0.9993771375054415,0.39030295868401477
no.uninett.drift,7958635dd4d94569,2,156,0.9958901640733099,0.2729852690548915
no.uninett.drift,796c9ac04841d8ac,3,165,0.9960655937999069,0.34947279759628214
no.uninett.drift,7b3c50cd860d064a,3,318,0.9866206803675298,0.39399067808915167
no.uninett.drift,7d1a4ad4b697df9a,13,449,0.982626175561333,0.3310411917076135
no.uninett.drift,83c769d2899304af,4,181,0.9685992840102018,0.38079793386653393
no.uninett.drift,8b4ad9b4b15360be,11,320,0.9705622570905242,0.3380346588893308
no.uninett.drift,8d56e640407a3804,13,515,0.9888086387291953,0.3049218877934157
no.uninett.drift,9272bc66d900a084,5,448,0.9448077614219588,0.23870009834806963
no.uninett.drift,933fc732cf7156e0,14,1038,0.9947842840986897,0.30285375015932914
no.uninett.drift,9ba2329b7239f762,2,515,0.9987677623385253,0.3629741792250968
no.uninett.drift,9f1f731ca5125dac,3,1223,0.9979373484002516,0.2927715574613601
no.uninett.drift,ad57ed59c3d7b13a,5,269,0.9696099555873271,0.36410230254868164
no.uninett.drift,bd5c2f30fee0c977,10,527,0.9923285934248873,0.33597865129550514
no.uninett.drift,bebba18b56826e16,24,1100,0.986495710885685,0.27899980275904024
no.uninett.drift,c77813523cccc185,13,449,0.982626175561333,0.18507360507885137
no.uninett.drift,ca1289c7fc0dbee8,9,931,0.9913198178838079,0.2165842044740621
no.uninett.drift,cf8f9d84ad108c56,8,297,0.9766006540535761,0.1871803507736121
no.uninett.drift,d8376af332530fb5,4,443,0.9927219886838577,0.2798983967240411
no.uninett.drift,e778362a48ac785f,4,388,0.9966123377982119,0.29277698305251704
no.uninett.drift,e8948a61e1aeb72f,8,603,0.9851982422749069,0.4603438468853363
no.uninett.drift,fd9b30b2d31a7463,7,661,0.9960931386419846,0.2192521646121107
no.uninett.drift,ff8bf228da8c9ba4,5,308,0.9849132166592097,0.2932771765534939
no.uninett.hjelp,0df38701c0b8fd8b,2,356,0.9917310335302431,0.4392721630164714
no.uninett.hjelp,1ee0108a77e6fa68,8,344,0.9512459892699872,0.3854015513343065
no.uninett.hjelp,1fa8f445d0c09c4f,8,424,0.9715143878982033,0.20190257613751866
no.uninett.hjelp,28a8392c9f805187,13,425,0.9756695733910589,0.3980484207636484
no.uninett.hjelp,2b5d3a3f79a57218,2,396,0.9911589455308117,0.3735622091648454
no.uninett.hjelp,3cf612adb42ba217,19,1063,0.9937868439428793,0.5086479649718083
no.uninett.hjelp,55896f8b1697ed6f,9,299,0.922580798844446,0.25310162229972855
no.uninett.hjelp,59a84f115a4e9e42,6,554,0.9814298312687462,0.1904458015303406
no.uninett.hjelp,66cb001d4501ec98,5,295,0.9808490083213328,0.246573428334425
no.uninett.hjelp,6dd1ccacf77116c9,3,479,0.9963764884397662,0.4796762665529064
no.uninett.hjelp,930dc1303bdb5b77,12,795,0.9899632871780882,0.40811071603047994
no.uninett.hjelp,9b415ec53f2533d6,5,342,0.9939544359828173,0.2601014445512257
no.uninett.hjelp,a431f51a56633550,7,384,0.9766487719944259,0.2528607448741505
no.uninett.hjelp,a66733fad459cd8e,2,234,0.9918712346321917,0.3266717154055349
no.uninett.hjelp,a7b9d2adbd1836bf,3,704,0.9986864353413176,0.24213594958064985
no.uninett.hjelp,b01a5bf9ed6a36cd,2,123,0.9752028778633729,0.2751588969937503
no.uninett.hjelp,ca08008ade12997c,2,342,0.9946800961229983,0.2161861281262677
no.uninett.hjelp,debeec1e574b93dc,4,538,0.9936345763729034,0.39522897997055756
no.uninett.hjelp,ec44d887706964f4,13,797,0.9806503198933261,0.2949393318389621
no.uninett.hjelp,f17c18da560b060e,18,1610,0.9970640131581091,0.24423977160629445
no.uninett.hjelp,fd89c79491ce2890,12,779,0.9856079844172921,0.33224572802587854
no.uninett.hjelp,ff90c9df4796fc13,12,541,0.9917407993877081,0.3929490383102364
no.uninett.katalog,41197d40b3903152,11,743,0.9652519614168229,0.2930878824281494
no.uninett.katalog,a3f67cc34fb1accb,340,28697,0.9983627833737986,0.3100607707366085
no.uninett.katalog,bc7cfd90d9cf21f0,3,78,0.9616737091017583,0.24268219113424827
no.uninett.katalog,c866bcd16e7749bb,31,1395,0.9896734909301449,0.21921337054952206
no.uninett.skole,00095886cab710a0,13,944,0.9883133316833088,0.23605861428171207
no.uninett.skole,0be443b1668a2d5d,3,328,0.9922831916315956,0.3077395283050103
no.uninett.skole,171f2ff4ec87a3a7,5,624,0.9925621569647692,0.2589421120426992
no.uninett.skole,174416683d2a161b,22,1296,0.9932204689075814,0.3227403309415984
no.uninett.skole,1c60b10733c5276f,3,888,0.9993670972393464,0.16230906975062437
no.uninett.skole,1dbb64afa79a709e,18,528,0.9431453656610492,0.2512417957580211
no.uninett.skole,2a80c591ee4913c0,13,541,0.929062652584505,0.3644288111776108
no.uninett.skole,2ee1734b95c6d294,11,879,0.9939951692680762,0.31640195021362244
no.uninett.skole,36fe65cdd5d2121d,13,954,0.9836395475956669,0.25929116418967485
no.uninett.skole,41c0cbd8ad86830a,8,548,0.9356497837009595,0.2208076455647654
no.uninett.skole,42e769d2aa3fb9a2,8,470,0.9885790506947557,0.4025940474638084
no.uninett.skole,4d0795cb64c8440c,7,279,0.9478981478873195,0.2294884579197215
no.uninett.skole,543961eab1dac993,3,126,0.9906330300939927,0.11661043784981114
no.uninett.skole,5b6c186717e81bc2,5,401,0.9704294079573126,0.37944653892213936
no.uninett.skole,5c4a78eead509594,10,573,0.9470712701387637,0.31385671533006204
no.uninett.skole,712715865baf94ee,6,262,0.9955770441899155,0.2997645481926069
no.uninett.skole,76bc44c00fdce805,7,469,0.9660720284638449,0.25634396460936765
no.uninett.skole,84c56bdecc0faddb,31,1201,0.9850879967467182,0.17089820888292367
no.uninett.skole,85ffdef8acee2879,2,157,0.9036064081051137,0.39826841413571834
no.uninett.skole,8838febb1c950b8f,9,534,0.9931118360930485,0.4053213214168601
no.uninett.skole,905d7f7f64771964,2,234,0.9300704756726549,0.11022787895592785
no.uninett.skole,95b41910fdbe23e6,4,344,0.9848501988756028,0.40202589839926345
no.uninett.skole,95f296b2be9b6ad7,47,2136,0.9897062771719896,0.2240300808956989
no.uninett.skole,969acf8c65b4d2d0,8,340,0.976380559894983,0.2698904309705653
no.uninett.skole,a3cdc77fd96eeaf5,56,1647,0.9606084483783489,0.2942658169398173
no.uninett.skole,aab9d0e47f017570,2,476,0.9959316524578588,0.1578932936515408
no.uninett.skole,ac83d24452ff4ca8,15,1073,0.9729602790402333,0.34002434621637573
no.uninett.skole,ad9fca295898311d,12,571,0.9741519952734504,0.3117608510368552
no.uninett.skole,b118dca9271dc550,21,533,0.928731339926648,0.30196619322023566
no.uninett.skole,bfa357ade8f18068,24,1842,0.9872159616117286,0.28308472919299754
no.uninett.skole,c63e4f7495ed1ab8,5,351,0.9470396797450434,0.30385333664295
no.uninett.skole,c9fa8871c78d792b,9,300,0.9760083448283653,0.36426281782224745
no.uninett.skole,d839c34e66773367,50,2975,0.9837744731407095,0.18251426029103102
no.uninett.skole,dc13bc96f01594ca,15,728,0.9861968263612886,0.2558729521830222
no.uninett.skole,dc32c9c6f6daeb6f,14,604,0.9842542711434824,0.31801297222175484
no.uninett.skole,e4d7832cb469751f,7,291,0.9340023818288485,0.13873540679427324
no.uninett.skole,eed50e1b4c01b69a,20,1265,0.9690440281206152,0.41970694833152294
no.uninett.skole,f0a5499350c293d3,21,1260,0.9651156401146204,0.23895767984108293
no.uninett.skole,f242fe369db82d83,20,643,0.9668222950552648,0.28927719194898327
no.uninett.skole,f9b9c9e81fc07b04,4,420,0.9963001255029406,0.1870625967739594
no.uninett.skole,fb84f54d3ed1e995,16,1870,0.9866654606940041,0.2211110679150625
no.uninett.skole,fc1689656de981ed,18,653,0.9807154941840075,0.33098225845342566
no.unix,008ffc9b45158864,13,606,0.9950508432486402,0.2744883812583786
no.unix,00ec9cb5d1bee32a,7,395,0.9622422061173601,0.2843021952425511
no.unix,0d4135e7d17426a8,2,276,0.9968661255185928,0.2615174781247362
no.unix,119e1acf934b0b1f,8,477,0.9980505970950858,0.3510458438335873
no.unix,18790c8d66ac796a,13,1030,0.9919909449277466,0.18017847745784585
no.unix,1d217f69d069e3e9,5,648,0.9829043037551382,0.3310558398472661
no.unix,296afe3820cd1f14,9,998,0.9945690079881714,0.32441471477921185
no.unix,2eeaabe75bce558d,5,227,0.9701162185956307,0.22242643669845158
no.unix,33e69ffc37847b54,12,547,0.9925441450244622,0.31032437555997283
no.unix,371e463acdcb6a47,4,301,0.9730817861205152,0.2693572093804532
no.unix,402b0338466508bc,3,119,0.9759413292006226,0.144978688109685
no.unix,461b473d4d9b8971,2,187,0.9859689763591766,0.28862548974400565
no.unix,477a7a37d30388a2,24,1091,0.9836538524566805,0.21840857714533032
no.unix,4ab57b5d58b8d940,13,1618,0.9930381325832461,0.24469872372055032
no.unix,599dde3a9063bd71,5,354,0.99517719824275,0.22394390674360373
no.unix,65ac9501e17e6588,12,1028,0.996565629433594,0.23513861920237925
no.unix,69b5f541ad9b3f48,20,1615,0.9927167223195641,0.3336655670511767
no.unix,75ca636a076943cd,3,219,0.991001621581313,0.3117349023726151
no.unix,770fdb72aec0960e,14,220,0.9308497469769907,0.3654506712991728
no.unix,7b2fd2a22cef73e6,19,2225,0.9971307647198631,0.21359693113218525
no.unix,8bfe26eff9871bae,8,817,0.9973972809689796,0.2477860618588268
no.unix,8c5bffead4c44420,2,855,0.9984595374473738,0.19040442696686333
no.unix,8f9ee6a4b0e18d09,2,615,0.9984719057347814,0.2658060928645343
no.unix,9735330ce857bc85,4,416,0.9960871854341417,0.2779639318393475
no.unix,98934a32453c0a9f,1,679,0.9995021609617635,0.24636074326018567
no.unix,994cd55c1ca32b12,12,905,0.9855838480585626,0.20081966911660648
no.unix,9c0af5b2e0f4d32e,2,344,0.9988108041643632,0.2398039712801194
no.unix,9fbb16000595cdd0,19,700,0.9540812698956872,0.24587377373038513
no.unix,a2767d57ebaf19fe,4,550,0.9983032743351841,0.34171946665738223
no.unix,a5862fd8feeb21d9,19,1090,0.9910700314402717,0.3579301640617129
no.unix,ae72e08577525d8a,5,786,0.9981242181229936,0.33037486292433854
no.unix,aed3f3efe327a2ef,14,631,0.9860824376527993,0.2610096581973603
no.unix,cb143d2668a435ed,1,199,0.9903518380174057,0.20050209575981623
no.unix,d3b11d2d70e8644c,16,665,0.9837455880601663,0.39532721733674975
no.unix,daec0e5707f18be6,3,375,0.9948372281496426,0.4384171966940697
no.unix,de96f4ba4fbe4491,3,297,0.9917792517284502,0.2655356763865649
no.unix,ea237fcef44204bd,3,840,0.9995762747241536,0.15885465443647956
no.unix,eb448846b7f97caf,8,1383,0.9982971856994762,0.2710973944762402
no.unix,ef6746d5cb7d1caf,8,464,0.9906837830067832,0.2508948528339911
no.unix,f338fd8052b0a0c0,4,511,0.9970078078871363,0.2702093552589397
no.unix,fc7b2692b22c5993,5,770,0.9866645768184639,0.32056760315590677
no.unix,fca6bddae8ae4746,1,496,0.9992694514031325,0.1738234968474151
no.unix,ff63d705d23191e3,5,575,0.9381233398023976,0.18632045388102197
no.video,0f17378f25981b4c,1,496,0.9985632601255453,0.2671378374079239
no.video,11860aa61bb6672d,4,177,0.9220720996333024,0.29982872485332035
no.video,135f7e6e1ddba95a,10,626,0.983777247682569,0.24052932911198438
no.video,13e9fc5208f87c8a,6,234,0.9810062939227506,0.35971401260975006
no.video,195583ad1188efc9,8,566,0.973414748398487,0.10853284856310666
no.video,2f03ca2fd3fad096,16,919,0.9852330606017956,0.2895016150019222
no.video,363d0efa1a8cde56,4,567,0.9979089935072771,0.10693322473317789
no.video,3dabe0ae2daafe23,1,241,0.9972002764351834,0.26206267703989405
no.video,3f513dc4e97761ba,1,42,0.9810220017449635,0.197063966263243
no.video,425d8d02e4c10bc7,22,1058,0.9967493838508902,0.13474160883961703
no.video,44dc08a145b6bf1e,9,877,0.9917182517038647,0.2162789285809222
no.video,45562687814f3002,2,213,0.9867086151630913,0.31797539071908876
no.video,4ca1f1d1621b2386,5,693,0.9962596041166101,0.2449888017875162
no.video,4f791630e90f108e,9,998,0.9932644351390848,0.20338814680982908
no.video,5bf8d80013a64144,1,577,0.9998135064836629,0.2059654780163929
no.video,630b5f88d6d2c584,12,664,0.9787570965082726,0.12323498446995801
no.video,6ecc9bbaf2f2b1cb,11,677,0.9684050579734306,0.37157772456800475
no.video,798c0b13a0fd4981,5,424,0.9821503299191279,0.23975882504882126
no.video,80e8606aa267a72e,4,349,0.9932243296816876,0.26242951757773864
no.video,8ee5a7d3b4dd1d9c,20,1289,0.9951660536752656,0.2518202991966756
no.video,8efdd5c808bb2c1a,9,486,0.9850268309872824,0.2915252209278111
no.video,8fc47d07f1c89468,12,981,0.9919015580717976,0.39582949365799724
no.video,946f668ac40c545c,1,620,0.9921660919239912,0.35840168630043656
no.video,967b1b42802f9fb2,2,80,0.9476630480279,0.2677361939107762
no.video,a071a4a6110495b4,10,631,0.9961450675223267,0.19909363730728089
no.video,ae5798ea2216f41b,5,464,0.9500801604498027,0.2771815993154293
no.video,b4602605ef6d0668,1,88,0.9590363526200565,0.12431675679174974
no.video,beae36f92b9b2d27,8,431,0.948216538856122,0.3206476306244144
no.video,c1f9b573284c025a,16,1197,0.9969214471650303,0.14114081805106277
no.video,c20b33f0f29bdbdd,4,215,0.9905519002674068,0.2520728102609182
no.video,c29901ac2f713587,20,958,0.9934382652802334,0.37674883901840667
no.video,c3892a064b2380af,19,950,0.990260503647043,0.2784286690801118
no.video,d184c12956b0bee7,3,450,0.9973084194969798,0.20272033831132777
no.video,d1e0b54b7c18b4d6,2,167,0.9987498379563416,0.23268618006446076
no.video,df08ee2b6df714b6,10,460,0.9977331825524859,0.4443160016444418
no.video,e5e5736ea6787aec,3,352,0.9954241141983765,0.24026037757947877
no.video,e6ebfee7c01fecc8,4,179,0.9724022124662658,0.19051039989769086
no.video,eb22835402c8322f,4,779,0.9985289962433649,0.22231507238655798
no.video,eeb28a9c69ff2855,3,518,0.9964330065079877,0.24402107029255238
no.video,f05fbd3326aa2195,83,4320,0.9944441927983819,0.38670130417290766
no.video,f0b2e8b572be7eef,37,2359,0.9936323008614336,0.27674830025074665
no.video,f4eb7f9aa94d3f64,9,383,0.9872888042245512,0.18472961973716173
no.vit.diverse,007f0fcc2f92cf24,21,1237,0.9763539005438583,0.20984756932941878
no.vit.diverse,036e35ef5c249071,23,994,0.9755047249654489,0.15219060259479142
no.vit.diverse,0f5f65141c476ef2,19,1011,0.988002070638627,0.1403355183248773
no.vit.diverse,104a97e9e979c923,2,404,0.9974784204153648,0.3277816291084886
no.vit.diverse,1678897d52abb70d,14,680,0.97577633575585,0.3105762886761203
no.vit.diverse,1a69bd9b07309c0d,6,272,0.9915722025937411,0.2410621018225667
no.vit.diverse,1ab8e059c78c02d4,63,3887,0.9840595766581463,0.11710245800228415
no.vit.diverse,23153bc12fe528b7,10,633,0.9927242464366566,0.3373985082596712
no.vit.diverse,24f5fdc7667cd3b6,11,407,0.9707096579243096,0.31525473473580584
no.vit.diverse,2a10f1fb4da5032a,35,1427,0.9851853721470376,0.26794371497941194
no.vit.diverse,2ccf63adb661f073,28,1541,0.9910653802053576,0.24130549065211523
no.vit.diverse,2d49f368b92bfa61,77,3540,0.9796466305865621,0.18336442186172766
no.vit.diverse,3457fc03765298cd,10,602,0.9696029456954915,0.2649832421859536
no.vit.diverse,367b3414dae39781,5,491,0.9889121666092905,0.27132258069792
no.vit.diverse,39eb84e133d59ede,23,1082,0.9536715336581464,0.2567727349478209
no.vit.diverse,3f035e32823d30e5,8,414,0.9867831198717494,0.2596479684224792
no.vit.diverse,3f09672b29ace882,30,2269,0.9879856431620241,0.30616164537377866
no.vit.diverse,4b9f595d696defc4,41,1555,0.9862948538364144,0.24366817569677823
no.vit.diverse,57c39e0779667208,15,790,0.9825670656176977,0.2345974436767482
no.vit.diverse,5b771fbb17f32432,44,3105,0.9690658333094526,0.07911951040091625
no.vit.diverse,5d27c3b0309fd462,19,962,0.9663769574873446,0.27977631525969743
no.vit.diverse,6e7cc246f36d5e4a,31,1165,0.9693252467782574,0.4202466904437125
no.vit.diverse,7272fcda829d80c4,1,179,0.9928304243203782,0.2797482044900308
no.vit.diverse,7d33e9832379e685,65,3082,0.987464238027796,0.1753892340043489
no.vit.diverse,8f17d69d8915a373,6,414,0.9804102585595912,0.328567947786776
no.vit.diverse,9549e9678a10e3bb,9,500,0.9805782975293009,0.16293440469298734
no.vit.diverse,9a90934c0a041d37,10,694,0.9916653522568788,0.2999767941554388
no.vit.diverse,9cad61ec2a6f8658,3,329,0.9900700732666674,0.354398536671304
no.vit.diverse,aa2d80923f4ed044,4,700,0.9945646929350536,0.36229294591138456
no.vit.diverse,ace4f2d1479e030f,11,570,0.9876011537852305,0.29499672052457426
no.vit.diverse,bc921d8220c33ff7,16,1375,0.9978515889136398,0.17620600481314577
no.vit.diverse,c15933bc3d6836e4,11,797,0.985189085705871,0.19227206230706465
no.vit.diverse,ce0078c7dd4d56a7,19,1295,0.9635137180148143,0.241948089335149
no.vit.diverse,cfeefc8e1757c933,2,379,0.997546795149438,0.14430069373104285
no.vit.diverse,d000a7443ea8c5c7,85,6250,0.9737633993299681,0.2063286393878905
no.vit.diverse,d91051ed922a28c8,9,744,0.9905000059159383,0.22749465526213195
no.vit.diverse,da7ac9a33844b743,25,1379,0.9930354217920635,0.23349420925815284
no.vit.diverse,dace8d2242c167c6,34,1358,0.9565761926217892,0.11669800957714616
no.vit.diverse,de6a9e8a9ccc85b0,25,1246,0.9659180484403569,0.2554536228007886
no.vit.diverse,e048dfbcde212be7,22,721,0.9925619561375467,0.2675401369772002
no.vit.diverse,ec7d0b9ed3897d68,9,414,0.9838806440330783,0.1234500014524542
no.vit.diverse,fe40f94b43612db1,8,957,0.9952379863343227,0.18361441494767583
no.vitser,12c7ba73798007a1,9,646,0.9897105894049197,0.17191392691419066
no.vitser,1c2af00f9977e36f,4,705,0.9941243902689233,0.3041737969182914
no.vitser,2501c24ee4d31a54,9,273,0.9585198430325429,0.30347519394334915
no.vitser,255776b9d43e952f,2,587,0.999710660179042,0.27402026966240844
no.vitser,27fbd2e95e84c8a7,1,202,0.9843326930779908,0.2117342238735389
no.vitser,31d6534aa3c47288,2,67,0.9307967599458148,0.18320310621120667
no.vitser,32c0d328d1e2bcde,4,563,0.9848468190780489,0.23139686622175942
no.vitser,39386e4554f507dd,1,295,0.9678468599495209,0.3396672453302748
no.vitser,3a2ec5e0860dd35f,9,521,0.9734843642675448,0.3586943948930137
no.vitser,3c1d312458ad8bf6,20,1022,0.9644866970312954,0.2412364081745746
no.vitser,442eb68471a21d29,21,936,0.985173375290393,0.2896051717840755
no.vitser,456ff8a40555eb2a,12,498,0.9872857030654624,0.32385122254145793
no.vitser,4b8bc7cf02cecc03,2,117,0.9584803691584437,0.31848634048725066
no.vitser,4bc96cdb90cad022,56,2654,0.9899831909063389,0.29606328992578906
no.vitser,4f24d2a27137600d,8,512,0.9933514063678093,0.3440263790198095
no.vitser,5233b9ef972a6135,3,222,0.9601995614830463,0.2396986340365176
no.vitser,53e84c4dfc8ad820,3,60,0.9017893176730137,0.22012612857630498
no.vitser,5bf2ce2dd0fa23e7,16,1176,0.9380709419788524,0.3101489880191029
no.vitser,5c1243013edfa9bc,5,278,0.9191311452041397,0.28882005633915575
no.vitser,6d5d390a21e218d8,2,176,0.994360797614902,0.25508471411016803
no.vitser,6f20ab8b1e1e753a,1,288,0.9976444652572342,0.2792980870375271
no.vitser,77d9b59118ac472d,8,493,0.9675522396110593,0.24767000849319357
no.vitser,782c2e8fc42d9799,8,324,0.952868498764842,0.21280932144115008
no.vitser,86527439d793f4c3,15,1240,0.9972728657365258,0.22398933312072364
no.vitser,86c4d267a910435d,5,419,0.9935175191997473,0.42504582621793274
no.vitser,89173de88bf2ed61,6,438,0.9843960396345642,0.30997309819834573
no.vitser,8f729ec90a67270c,6,558,0.9909280272877996,0.2671003087683772
no.vitser,9a94f9455789b098,25,1265,0.9764732766011333,0.24531432399026357
no.vitser,9fb69909234724d0,2,427,0.9979145286049619,0.17390610216523703
no.vitser,a051248c28616f78,25,1216,0.9707510894578328,0.2888416493189042
no.vitser,a66b02bc7e1f010f,16,769,0.9861458182252357,0.41836270865083286
no.vitser,ae70cb80c6d455d7,8,515,0.9743342446585433,0.35238852474372334
no.vitser,b3a18b234b3b8e3d,7,613,0.9903457295874935,0.33047106253228353
no.vitser,b4fea29df3fb9779,5,268,0.9855314309136114,0.2852583916872525
no.vitser,b899a6a1f1e4cf4b,38,1220,0.9644058827962431,0.2431562595098493
no.vitser,bfda202cac9ee786,13,613,0.9091076119970773,0.3051064524762465
no.vitser,c783962eeb5b7f9f,13,813,0.9808071964201917,0.26133356578946326
no.vitser,d47d13ebd5659507,10,594,0.9905111709078881,0.27333480069686816
no.vitser,ddfe5c846540ec27,2,191,0.9926433558752867,0.20073465739783486
no.vitser,e1d3a1708f3a0e71,2,190,0.9945648447981669,0.23047745327546587
no.vitser,f9fa1cd6724ab3b9,8,564,0.9608380583939504,0.3069950266601356
no.vitser,fee088e5bf846972,7,582,0.9778217049846223,0.34266951313036864
no.vitser,fefe8322880f1c2e,9,457,0.9845290542254473,0.34615316521398304
no.vr,022cb9bd835cabd0,4,225,0.9803806329739464,0.332307366130625
no.vr,03750f364cd2dc4d,13,747,0.9876589259898618,0.26423865781403066
no.vr,04820eb52374fa15,1,709,0.9997255603732216,0.12875716907495446
no.vr,066e86ec780abd6d,3,707,0.9973679736952307,0.25162568582658357
no.vr,12ddd437475a0b9d,4,351,0.9893232468360641,0.2436181017629866
no.vr,1a8ac6032b37f123,4,525,0.9891719825372209,0.35364903986239843
no.vr,222d14473a4f3c35,6,209,0.983768293805601,0.13909688682156238
no.vr,32a39e474488068f,22,1373,0.9866169834539082,0.22711957357532833
no.vr,35f0e7df9340ac69,1,381,0.9878898776943675,0.3027625723773426
no.vr,46a7d579249dfdc4,13,884,0.9944678641798329,0.29014840147799553
no.vr,5688696c825eedc7,5,383,0.9978244930175061,0.24200398673314366
no.vr,61261681fbbe0531,12,2969,0.9987028310767133,0.1564916439416035
no.vr,666e635e7cc03aba,13,743,0.9754640442811219,0.26101032026506216
no.vr,6683561b441f4536,2,98,0.9784072375124095,0.27734807395092237
no.vr,6850b0f1489d9007,1,1947,0.9997631380093314,0.23418956264203403
no.vr,695b00c074018906,2,1145,0.9980874121768922,0.16819003618789338
no.vr,7064c1a8ebc326fd,3,398,0.9895925519153544,0.14278460311998045
no.vr,81be02f69ddb2cd5,14,796,0.9818851645556251,0.15243967683787465
no.vr,88c87cf08f06ae67,53,2900,0.9903064866861635,0.15265805471129312
no.vr,8c633b17bab40336,11,183,0.9556632874520716,0.2398631144835603
no.vr,8e1dd140e24e249c,1,366,0.9960538688871992,0.30530327729782886
no.vr,9292f3004d783cd5,11,395,0.9784507287953389,0.24141954068796076
no.vr,95be8141d4360e8e,30,1930,0.9900394235523121,0.24056701704686362
no.vr,9bc0683e5a2b2717,1,95,0.99360514137641,0.32505666688017876
no.vr,a3c306e2fb59808c,30,3498,0.9933252058223865,0.2728176530275106
no.vr,b26ae74517435cb3,2,340,0.9891749253501905,0.19055267479334448
no.vr,bbee922150f453ba,10,316,0.9596344783968526,0.43146419631552235
no.vr,be603c80b004c398,1,120,0.9859833194383868,0.3821381500499726
no.vr,c8304da67ee47f19,2,506,0.9968964574946301,0.3575242439566471
no.vr,d13319d8e25ad34b,3,87,0.8872384660379239,0.19395444455811586
no.vr,d2f0b15c2198d58e,27,1342,0.9955946636685467,0.2870813233408807
no.vr,d533ee9afe31fa2c,12,573,0.9791938789791496,0.2653278352754769
no.vr,d7e55b45773f3b9f,18,1107,0.9957941743519058,0.3369801597281887
no.vr,d7ecd756e14f174c,23,2385,0.9955869267835202,0.04265859925980344
no.vr,e50dc2d60460c9a9,1,209,0.9977267802250865,0.22760029656378847
no.vr,e6e4e37138c13618,4,532,0.9975903898062141,0.2081232084720078
no.vr,ebde07a2d0c51ec9,7,552,0.9975200530953379,0.26098124543367823
no.vr,ed04477a04255db6,3,437,0.9869344126804366,0.21667517074126047
no.vr,f5b53037d02f5d19,4,585,0.9888567710941671,0.2988165097764315
no.vr,f8e78150a6dd631e,2,394,0.9979091109609267,0.2516553885126531
no.vr,feb07dc4e0cfaeda,47,2107,0.9896868485473642,0.17899749032769996
no.vr,ffe58718acda014e,10,1068,0.9940983212341228,0.1722148086632976
no.www,01193a95ca615ee4,22,1320,0.9677954132931628,0.33469401672601967
no.www,09ade69fa59daa1f,15,1011,0.9643601102858255,0.11467135591587592
no.www,19bc546c464276a7,5,750,0.998031557958275,0.2126138446379467
no.www,1a1d54e582785135,15,557,0.9777218544568139,0.20326538372272213
no.www,2039517efbc7631d,5,808,0.9926232295784626,0.36340264452874715
no.www,2af5bbc1a39c6848,23,1415,0.9924696547055187,0.27565735292424365
no.www,3ad5bf726123cd9e,8,688,0.9958644775379522,0.339021711463361
no.www,4595f6d2c4ba316b,16,508,0.9740742736818284,0.25440279022982015
no.www,5474ffdcca7f06c4,6,612,0.9977434413858797,0.3481677869983221
no.www,5f589e6c32a5c9c9,36,2244,0.9737586820987726,0.3388380138180226
no.www,69390d1064fda061,6,591,0.9776382588173922,0.29618730427541273
no.www,6ee93ca07d642893,3,576,0.9756097898801319,0.21640953348845457
no.www,6ef9b9892ca94daa,13,469,0.9571291042558074,0.25532187892533104
no.www,71ec87044cd21fa5,3,532,0.9852832761132595,0.22308207062956906
no.www,7dc48fc94ff2a378,10,396,0.9881978882994533,0.3540798890439647
no.www,7ff85a36d41f1364,7,250,0.9380869982889538,0.22144817067459102
no.www,81d4127acffb13cd,6,1169,0.9899442434293892,0.1572083980933133
no.www,85a918e70b59360a,67,2620,0.9909014157395648,0.26930641307602377
no.www,9f905b1c5775cad7,13,644,0.9897346228384073,0.2836875690320872
no.www,a5055fd3b88325f1,16,563,0.972631251626732,0.35637717685759734
no.www,a5b1f5b1ef590cca,9,689,0.987876363884762,0.25457636465609895
no.www,a84cda8de0603a1a,11,504,0.9812081324531752,0.26884478851486965
no.www,aebeaac9c8b24b85,26,1557,0.9830926212542529,0.15343662075240538
no.www,afde400aeef3b386,6,388,0.9894026762974079,0.26117948567511684
no.www,b0dbeee829c8e242,18,1834,0.9837476351394276,0.28951159299198514
no.www,b67cfdaf76d66054,13,843,0.9831154736693168,0.23232116923061996
no.www,bf565ab8eaac3e02,1,171,0.9735181374497476,0.22838718132702626
no.www,c0b6a460218cabf9,1,471,0.9987232157070702,0.3231763214186542
no.www,c2c9bc1f92664323,6,684,0.9983166264278427,0.1659919396051519
no.www,ce7665fddf769491,21,980,0.9685258297019063,0.37791452449466856
no.www,d766c3a37725eb35,10,644,0.9600111671426528,0.20107382858314868
no.www,df1e0c3b9fb2ab31,12,906,0.9947821786601615,0.3357746475732298
no.www,df4d0f9d53fd55ab,3,455,0.9928144280117172,0.21757611597937102
no.www,e2c48cc7a0540336,4,405,0.9983578811542627,0.22554156081804735
no.www,e4f217206cc01f06,15,914,0.9726873275260028,0.25890089208713096
no.www,eae9841e24c35bde,14,562,0.9334331383038388,0.3695229012054646
no.www,eb0898f25512bd9e,2,515,0.9981511444910242,0.29812898324023407
no.www,f4cc1fd835692bac,5,591,0.9832651254883482,0.3850482634610935
no.www,f62bdc205902401c,7,442,0.9904520550080153,0.26177978005878694
no.www,f6942b9b2cb1dba8,3,315,0.9972317981098632,0.2793806072234224
no.www,f8e0d432af5f4adc,5,223,0.9837080157744003,0.20291297584818485
no.www,ff219660c76008d8,29,1644,0.9950828065764574,0.14411721270256186
no.x,04a774b333e966b7,1,628,0.9996728690550533,0.18460507628016593
no.x,086c35b69b2db582,1,2608,0.9992019463569706,0.11054833190858462
no.x,198052d5f71e2201,1,539,0.9997034440534537,0.0623108725035778
no.x,1e998fa6e181d20f,1,313,0.9986211177660634,0.2790398276031111
no.x,28415175a534c809,5,440,0.9949195359329179,0.24675094696226257
no.x,2cf654c90b63bd06,7,281,0.9959809792352701,0.30437999202438343
no.x,2e30210f861a3d14,1,153,0.9916801556461818,0.3874824748126509
no.x,2e63403eae4ba091,8,610,0.9947446860838586,0.1863717975471043
no.x,33b5852441945bff,1,205,0.999187874870592,0.39704653553335134
no.x,3adc30be7fa74c66,17,724,0.9571240723506014,0.2802079949407745
no.x,3c760d593276858f,2,252,0.9847925558064247,0.2974606455599226
no.x,46d478c2e3509e8e,8,1196,0.996883422754773,0.1351284958903372
no.x,50b52da892088219,1,305,0.9991716154920899,0.2946508517174771
no.x,533a3c5677477d58,10,604,0.9902033082721159,0.18107633724829625
no.x,5351720514721b15,2,168,0.984699334369152,0.24022516234693392
no.x,643f1367de199af1,1,539,0.9997034440534537,0.21198296639097172
no.x,68c2f5adf84a0434,10,526,0.9892570866429358,0.3925488087092558
no.x,69264a3b7ac4767d,7,732,0.990715413929677,0.20597241180979706
no.x,6b9ce618f0e50cd3,6,284,0.9810092200502194,0.2892050711775316
no.x,6f228d50ebb3c8d6,14,950,0.9848537282324807,0.30316164495389064
no.x,70d721ee486b37e0,4,408,0.9782699331487751,0.23075355234838185
no.x,779d5c72651fed52,8,1161,0.995771930217265,0.24858854372224068
no.x,a08db56388b06c4c,1,846,0.9994558452238161,0.3704397870070768
no.x,ab36094b463cbef8,15,529,0.9634359250547011,0.3406217694971964
no.x,ac4d3b04efe1ee91,7,699,0.9891878384206078,0.19704248487391793
no.x,b032e33e9d0367b1,2,253,0.9767874059895604,0.3407578942956508
no.x,b3686526ad2a9949,6,450,0.995184378925438,0.32554713330877966
no.x,b65368e85db6c62a,1,290,0.9997701301589756,0.19909376456782274
no.x,bc05cbfd0f072278,11,566,0.9835063687862388,0.297302657826993
no.x,bce26aa55a7533f0,8,490,0.9915401974947323,0.1743926389747932
no.x,cfeb3a216722a98f,1,163,0.9893037932453347,0.17960748738938212
no.x,d27346915a52cc77,18,1361,0.9867841351090044,0.2440600217879385
no.x,d4550eb8378c4132,7,362,0.9869905175976462,0.2705891979634846
no.x,d79fcd1449e4a693,3,466,0.9933689161620325,0.1865406138453529
no.x,e17dddee89e116df,5,455,0.99509800249641,0.2527736661823644
no.x,e288c8d10334b162,8,589,0.9951193973206137,0.1614513823646276
no.x,e2bd5c4f24b24aef,15,1034,0.9957022783396426,0.28890649324937934
no.x,eb2d859a1909c9a4,1,93,0.9720161219510801,0.2958967841797783
no.x,ef8f99b53ec14daa,4,234,0.9811002902937056,0.25311437730123154
no.x,f1b8cd1c89153a9f,7,252,0.9846291714232871,0.1602007560332606
no.x,fa8a1cbfaf804c0e,6,323,0.9926624040260494,0.32850405488463724
no.x,fd719c2be82d030b,20,1044,0.9802920370647548,0.27834851113800274
