from_newsgroup,to_newsgroup,number_of_references
no.general,unknown,51003
no.alt.flame,unknown,37971
no.general,no.prat.politikk,30639
no.religion,unknown,29088
no.general,no.alt.diskusjoner,28809
no.prat.politikk,no.general,26158
no.alt.diskusjoner,no.general,24397
no.musikk,unknown,18021
no.prat.politikk,unknown,14390
no.prat.politikk,no.stortinget,12931
no.alt.diskusjoner,unknown,11451
no.prat.politikk,no.alt.diskusjoner,11451
no.general,no.jus,11158
no.stortinget,no.prat.politikk,11027
no.norsk,unknown,10742
no.alt.diskusjoner,no.prat.politikk,10436
no.jus,no.general,9293
no.pc,unknown,9191
no.general,no.www,8968
no.religion,no.general,8788
no.amiga,unknown,8373
no.www,unknown,8366
no.www,no.general,6933
no.amiga,no.pc,6812
no.general,no.religion,6755
no.pc,no.amiga,6118
no.general,no.stortinget,6104
no.mac,unknown,5988
no.general,no.norsk,5858
no.news.diverse,unknown,5731
no.prat.seksualitet,unknown,5659
no.norsk,no.general,5475
no.stortinget,no.general,5339
no.general,no.irc,5275
no.bil,unknown,5259
no.general,no.media,4959
no.media,no.general,4767
no.alkohol,no.prat.narkotika,4702
no.prat.narkotika,no.alkohol,4619
no.news.diverse,no.general,4379
no.jus,unknown,4127
no.film,unknown,4112
no.general,no.news.diverse,3924
no.general,no.uninett.diverse,3822
no.irc,no.general,3748
no.general,no.ef,3652
no.spill,unknown,3637
no.general,no.skole.diverse,3391
no.linux,unknown,3314
no.alt.diskusjoner,no.stortinget,3275
no.alt.gledesutbrudd,unknown,3098
no.radio-tv,unknown,3085
no.stortinget,no.alt.diskusjoner,3055
no.ms-windows,no.pc,3014
no.pc,no.ms-windows,2974
no.jus,no.alt.diskusjoner,2953
no.alt.diskusjoner,no.irc,2920
no.marked.data,no.marked,2891
no.audio,unknown,2869
no.marked,no.marked.data,2807
no.alt.diskusjoner,no.jus,2689
no.irc,no.alt.diskusjoner,2674
no.alt.diskusjoner,no.prat.seksualitet,2621
no.general,no.vit.diverse,2614
no.prat.narkotika,no.alt.diskusjoner,2582
no.ef,no.alt.diskusjoner,2466
no.irc,unknown,2454
no.alt.diskusjoner,no.ef,2446
no.general,no.radio-tv,2425
no.norsk,no.prat.politikk,2370
no.prat.politikk,no.norsk,2353
no.prat.politikk,no.ef,2325
no.general,no.alt.flame,2321
no.prat.narkotika,no.general,2310
no.prat.politikk,no.media,2287
no.general,no.prat.narkotika,2263
no.alt.diskusjoner,no.religion,2251
no.pc,no.marked.data,2249
no.marked.data,unknown,2245
no.alt.diskusjoner,no.prat.narkotika,2224
no.prat.politikk,no.skole.diverse,2221
no.alt.flame,no.general,2220
no.religion,no.prat.politikk,2218
no.mac,no.pc,2204
no.ef,no.general,2197
no.ms-windows,unknown,2171
no.vitser,unknown,2147
no.psykologi,unknown,2142
no.general,no.marked,2137
no.marked.data,no.pc,2111
no.religion,no.alt.diskusjoner,2098
no.prat.narkotika,unknown,2097
no.stortinget,no.media,2086
no.general,no.medisin,2077
no.general,no.litteratur,2072
no.pc,no.mac,2054
no.general,no.org.efn.diskusjon,1961
no.vit.diverse,no.general,1944
no.media,no.stortinget,1927
no.prat.politikk,no.religion,1897
no.pc,no.marked,1860
no.skole.diverse,no.prat.politikk,1852
no.general,no.hobby.diverse,1835
no.ef,no.prat.politikk,1827
no.media,no.prat.politikk,1824
no.tele,unknown,1813
no.prat.politikk,no.jus,1784
no.unix,unknown,1726
no.marked,no.pc,1717
no.radio-tv,no.general,1693
no.uninett.diverse,no.general,1671
no.org.efn.diskusjon,no.general,1660
no.skole.diverse,no.general,1659
no.alkohol,unknown,1657
no.jus,no.uninett.diverse,1635
no.hobby.diverse,no.general,1609
no.elektronikk,unknown,1602
no.uninett.diverse,no.jus,1578
no.marked.data,no.biz.annonser.data,1572
no.norsk,no.skole.diverse,1571
no.alt.diskusjoner,no.psykologi,1567
no.news.diverse,no.www,1567
no.skole.diverse,no.norsk,1562
no.religion,no.alt.gledesutbrudd,1558
no.prat.narkotika,no.prat.politikk,1554
no.tele,no.general,1545
no.sport.fotball,unknown,1533
no.marked,unknown,1526
no.general,no.kjemi,1519
no.sykkel,unknown,1512
no.stortinget,unknown,1495
no.www,no.pc,1494
no.psykologi,no.alt.diskusjoner,1492
no.biz.annonser.data,no.marked.data,1486
no.skole.diverse,unknown,1486
no.sport.diverse,unknown,1480
no.vit.diverse,unknown,1478
no.pc,no.www,1460
no.prat.politikk,no.prat.narkotika,1450
no.test,unknown,1425
no.general,no.alt.mat.drikke,1424
no.general,no.pc,1408
no.pc,no.elektronikk,1382
no.elektronikk,no.pc,1374
no.alt.mat,no.general,1356
no.general,no.alt.gledesutbrudd,1348
no.jus,no.prat.politikk,1345
no.general,no.tele,1335
no.unix,no.linux,1329
no.alt.diskusjoner,no.news.diverse,1328
no.biz.nettilbydere,unknown,1291
no.medisin,no.general,1284
no.linux,no.unix,1281
no.pc,no.general,1277
no.spill.rollespill,unknown,1269
no.alt.mat.drikke,no.general,1242
no.biz.annonser.data,no.biz.annonser,1237
no.biz.annonser,no.biz.annonser.data,1216
no.marked.data,no.biz.annonser,1213
no.marked,no.biz.annonser,1206
no.biz.annonser,no.marked,1199
no.biz.annonser,no.marked.data,1190
no.jus,no.irc,1182
no.general,no.amiga,1145
no.musikk,no.marked,1133
no.hobby.diverse,no.alt.mat.drikke,1132
no.linux,no.pc,1131
no.spill,no.pc,1129
no.alt.mat.drikke,no.hobby.diverse,1125
no.marked,no.biz.annonser.data,1117
no.elektronikk,no.marked,1112
no.pc,no.spill,1111
no.alkohol,no.general,1109
no.vit.diverse,no.medisin,1102
no.biz.annonser.data,no.marked,1100
no.ms-windows,no.marked.data,1073
no.medisin,no.vit.diverse,1067
no.alt.diskusjoner,no.vit.diverse,1064
no.ms-windows,no.marked,1061
no.general,no.alt.mat,1045
no.general,no.alt.katter,1033
no.alt.diskusjoner,no.medisin,1029
no.marked.data,no.ms-windows,1019
no.medisin,no.alt.diskusjoner,1011
no.marked,no.ms-windows,1008
no.litteratur,no.general,1006
no.marked,no.elektronikk,1000
no.biz.nettilbydere,no.general,994
no.medisin,no.kjemi,992
no.jus,no.org.efn.diskusjon,986
no.general,no.biz.annonser,984
no.alkohol,no.www,978
no.litteratur,unknown,978
no.www,no.news.diverse,956
no.biz.nettilbydere,no.tele,955
no.alt.flame,no.alt.diskusjoner,938
no.marked,no.musikk,936
no.general,no.musikk,931
no.pc,no.linux,928
no.musikk,no.general,923
no.jus,no.religion,922
no.it.diverse,unknown,920
no.alt.diskusjoner,no.kjemi,918
no.medisin,no.skole.diverse,912
no.alkohol,no.alt.diskusjoner,910
no.alt.diskusjoner,no.www,910
no.alt.diskusjoner,no.skole.diverse,906
no.media,no.alt.diskusjoner,900
no.alt.mat,unknown,898
no.alt.diskusjoner,no.media,897
no.alt.diskusjoner,no.alkohol,895
no.medisin,unknown,895
no.www,no.marked,895
no.prat.seksualitet,no.psykologi,881
no.musikk,no.audio,880
no.alt.gledesutbrudd,no.general,868
no.general,no.biz.nettilbydere,857
no.general,no.alkohol,851
no.spill.sjakk,unknown,844
no.alt.katter,unknown,835
no.www,no.vitser,828
no.general,no.biz.annonser.data,826
no.general,no.net,817
no.general,no.sykkel,815
no.alt.diskusjoner,no.marked,810
no.org.efn.diskusjon,no.jus,810
no.vit.diverse,no.kjemi,810
no.prat.politikk,no.news.diverse,805
no.biz.nettilbydere,no.biz.annonser,804
no.norsk,no.media,800
no.general,no.pressemeldinger,799
no.multimedia,no.marked,799
no.marked,no.multimedia,795
no.bil,no.bibsys,794
no.bibsys,no.bil,793
no.multimedia,no.hobby.diverse,787
no.kjemi,no.general,782
no.it.os.os2,unknown,781
no.ms-windows,no.multimedia,770
no.multimedia,no.ms-windows,770
no.www,no.alt.diskusjoner,753
no.hobby.diverse,no.multimedia,742
no.kjemi,no.vit.diverse,741
no.prat.narkotika,no.www,740
no.pc,no.vitser,738
no.prat.politikk,no.alkohol,737
no.tele,no.biz.nettilbydere,732
no.vit.diverse,no.alt.diskusjoner,732
no.alkohol,no.prat.politikk,729
no.biz.nettilbydere,no.biz.annonser.data,729
no.kjemi,no.alt.diskusjoner,729
no.prat.narkotika,no.stortinget,723
no.psykologi,no.religion,723
no.kjemi,no.medisin,720
no.biz.annonser.data,no.biz.nettilbydere,719
no.biz.annonser,no.biz.nettilbydere,716
no.news.diverse,no.alt.diskusjoner,709
no.religion,no.skole.diverse,707
no.alt.diskusjoner,no.litteratur,706
no.irc,no.jus,704
no.audio,no.multimedia,701
no.prat.seksualitet,no.alt.gledesutbrudd,700
no.multimedia,no.audio,699
no.skole.diverse,no.religion,695
no.amiga,no.general,692
no.audio,no.hobby.diverse,687
no.irc,no.org.efn.diskusjon,683
no.news.diverse,no.sport.diverse,682
no.pc,no.multimedia,682
no.alt.gledesutbrudd,no.religion,681
no.general,no.sport.diverse,679
no.general,no.prat.seksualitet,673
no.news.diverse,no.mac,669
no.film,no.radio-tv,666
no.radio-tv,no.film,664
no.medisin,no.litteratur,663
no.multimedia,no.pc,663
no.sykkel,no.general,663
no.film,no.video,661
no.religion,no.psykologi,655
no.vit.diverse,no.skole.diverse,654
no.news.diverse,no.prat.politikk,640
no.general,no.marked.data,639
no.org.efn.diskusjon,no.irc,638
no.kjemi,no.skole.diverse,635
no.multimedia,no.media,633
no.media,no.multimedia,632
no.bil,no.elektronikk,630
no.general,no.audio,628
no.www,no.elektronikk,625
no.hobby.diverse,no.audio,624
no.general,no.vitser,621
no.org.efn.diskusjon,unknown,619
no.alt.diskusjoner,no.hobby.diverse,616
no.slekt,unknown,608
no.general,no.folklore.overtro,606
no.general,no.film,604
no.mac,no.marked.data,602
no.biz.diskusjoner,no.biz.nettilbydere,599
no.video,no.film,598
no.media,no.marked,597
no.general,no.multimedia,596
no.biz.annonser,unknown,595
no.marked,no.general,595
no.ef,unknown,592
no.multimedia,no.general,592
no.biz.nettilbydere,no.biz.diskusjoner,588
no.www,no.ms-windows,587
no.alt.katter,no.general,583
no.www,no.net,579
no.skole.diverse,no.litteratur,577
no.elektronikk,no.www,576
no.slekt.programmer,unknown,570
no.skole.diverse,no.vit.diverse,568
no.audio,no.musikk,567
no.general,no.psykologi,567
no.general,no.student.samfund,567
no.multimedia,no.marked.data,567
no.biz.diskusjoner,no.biz.annonser.data,565
no.marked,no.www,565
no.mail.diverse,unknown,564
no.net,no.general,561
no.alkohol,no.stortinget,557
no.marked,no.audio,557
no.biz.annonser.data,no.biz.diskusjoner,555
no.skole.diverse,no.medisin,555
no.skole.diverse,no.alt.diskusjoner,554
no.skole.diverse,no.kjemi,553
no.alt.diskusjoner,no.vitser,551
no.audio,no.marked,551
no.stortinget,no.alkohol,550
no.stortinget,no.prat.narkotika,550
no.alt.diskusjoner,no.pc,545
no.alt.diskusjoner,no.sykkel,545
no.film,no.general,545
no.marked.data,no.multimedia,545
no.general,no.spill,543
no.vitser,no.www,542
no.pc,no.biz.annonser.data,541
no.sport.diverse,no.general,536
no.unix,no.pc,536
no.psykologi,no.general,535
no.sykkel,no.alt.diskusjoner,534
no.elektronikk,no.bil,530
no.kjemi,no.litteratur,530
no.alt.flame,no.spill,528
no.biz.annonser.data,unknown,526
no.mac,no.bil,526
no.video,no.audio,524
no.net,no.www,521
no.vitser,no.pc,519
no.alt.diskusjoner,no.elektronikk,518
no.hobby.diverse,no.alt.diskusjoner,518
no.www,no.marked.data,516
no.alt.flame,no.pc,514
no.norsk,no.alt.diskusjoner,514
no.biz.nettilbydere,no.marked,513
no.audio,no.video,512
no.folklore.overtro,no.general,510
no.media,unknown,510
no.www,no.alkohol,510
no.alt.flame,no.prat.politikk,509
no.biz.annonser.data,no.pc,509
no.musikk.gitar,no.musikk,509
no.vit.diverse,no.litteratur,509
no.hobby.diverse,unknown,506
no.alt.config,unknown,504
no.ms-windows,no.www,504
no.spill,no.general,504
no.marked,no.alt.diskusjoner,496
no.prat.seksualitet,no.alt.diskusjoner,493
no.perl,unknown,492
no.film,no.audio,491
no.vit.diverse,no.folklore.overtro,491
no.hobby.diverse,no.marked,490
no.slekt.etterlysning,unknown,487
no.religion,no.news.diverse,486
no.audio,no.general,485
no.general,no.unix,483
no.prat.seksualitet,no.general,483
no.biz.diskusjoner,no.biz.annonser,481
no.general,no.uninett.skole,480
no.slekt.programmer,no.slekt,480
no.prat.politikk,no.student.samfund,478
no.www,no.pressemeldinger,477
no.vitser,no.prat.seksualitet,474
no.multimedia,unknown,470
no.biz.annonser,no.bil,466
no.alt.pompel-og-pilt,no.alt.sjokolade,465
no.it.emacs,unknown,464
no.student.samfund,no.prat.politikk,464
no.biz.annonser,no.biz.diskusjoner,463
no.alt.pompel-og-pilt,no.alt.radio-tv.irma-1000,462
no.alt.pompel-og-pilt,no.alt.tegneserier,462
no.alt.pompel-og-pilt,no.audio,462
no.pc,no.alt.diskusjoner,461
no.prat.aksjer,unknown,459
no.student.samfund,no.general,457
no.vitser,no.alt.diskusjoner,457
no.media,no.audio,456
no.pc,no.net,456
no.bil,no.biz.annonser,452
no.norsk,no.www,452
no.audio,no.amiga,450
no.audio,no.film,449
no.www,no.radio-tv,447
no.net,no.pc,446
no.media,no.norsk,444
no.pressemeldinger,no.general,444
no.student.samfund,no.jus,443
no.biz.annonser,no.bolig,442
no.uninett.skole,no.general,442
no.vit.diverse,no.prat.ufo,440
no.alt.sjokolade,no.alt.tegneserier,439
no.general,no.vr,439
no.it.diverse,no.pc,439
no.jus,no.student.samfund,439
no.alt.tegneserier,no.alt.sjokolade,438
no.amiga,no.audio,438
no.alt.tegneserier,unknown,437
no.jus,no.tele,437
no.alt.pompel-og-pilt,no.alt.god.jul,436
no.alt.pompel-og-pilt,no.bibsys,435
no.alt.sjokolade,unknown,435
no.biz.diskusjoner,no.bil,435
no.prat.ufo,unknown,435
no.c,unknown,434
no.elektronikk,no.alt.diskusjoner,434
no.general,no.mail.diverse,434
no.alt.diskusjoner,no.alt.flame,432
no.multimedia,no.amiga,432
no.alt.pompel-og-pilt,no.bil,431
no.marked,no.hobby.diverse,431
no.bil,no.bolig,430
no.amiga,no.alt.diskusjoner,429
no.bolig,no.bil,429
no.it.diverse,no.general,429
no.bolig,no.biz.annonser,428
no.pc,no.prat.seksualitet,428
no.alt.radio-tv.irma-1000,no.alt.pompel-og-pilt,427
no.alt.radio-tv.irma-1000,no.alt.sjokolade,427
no.alt.radio-tv.irma-1000,no.alt.tegneserier,427
no.hobby.diverse,no.marked.data,427
no.musikk,no.multimedia,426
no.alt.radio-tv.irma-1000,no.audio,424
no.amiga,no.multimedia,424
no.alt.diskusjoner,no.multimedia,423
no.alt.tegneserier,no.alt.pompel-og-pilt,423
no.alt.tegneserier,no.alt.radio-tv.irma-1000,423
no.audio,no.alt.diskusjoner,423
no.alt.sjokolade,no.alt.pompel-og-pilt,422
no.alt.sjokolade,no.alt.radio-tv.irma-1000,422
no.audio,no.media,422
no.biz.diskusjoner,no.bolig,422
no.marked,no.biz.nettilbydere,421
no.alt.tegneserier,no.audio,420
no.biz.nettilbydere,no.bil,420
no.media,no.hobby.diverse,420
no.pressemeldinger,no.www,420
no.alt.sjokolade,no.audio,419
no.biz.diskusjoner,no.bibsys,419
no.multimedia,no.alt.diskusjoner,419
no.alt.tegneserier,no.film,418
no.biz.nettilbydere,no.bolig,418
no.alt.diskusjoner,no.amiga,417
no.multimedia,no.musikk,417
no.video,unknown,417
no.audio,no.alt.pompel-og-pilt,416
no.audio,no.alt.radio-tv.irma-1000,416
no.audio,no.alt.sjokolade,416
no.audio,no.alt.tegneserier,416
no.biz.annonser.data,no.bil,416
no.biz.diskusjoner,no.biz,416
no.bil,no.biz.nettilbydere,415
no.biz.annonser.data,no.bolig,415
no.biz.nettilbydere,no.bibsys,415
no.vit.diverse,no.religion,414
no.biz.annonser.data,no.biz,413
no.bil,no.biz.diskusjoner,412
no.biz.annonser.data,no.bibsys,412
no.biz.nettilbydere,no.biz,412
no.general,no.it.diverse,412
no.marked.data,no.hobby.diverse,412
no.alt.katter,no.bil,411
no.biz.annonser,no.bibsys,410
no.biz.annonser,no.biz,410
no.marked.jobb,unknown,410
no.alt.sjokolade,no.bil,408
no.bil,no.audio,408
no.alt.tegneserier,no.bil,407
no.biz,no.biz.annonser.data,407
no.marked,no.vitser,407
no.pc,no.it.diverse,407
no.audio,no.bil,406
no.bil,no.alt.sjokolade,406
no.bil,no.alt.tegneserier,406
no.media,no.amiga,405
no.biz,no.bibsys,404
no.biz,no.bil,404
no.biz,no.biz.annonser,404
no.biz,no.bolig,404
no.www,no.prat.seksualitet,404
no.bil,no.biz.annonser.data,402
no.bibsys,no.bolig,401
no.biz,no.biz.diskusjoner,401
no.biz,no.biz.nettilbydere,401
no.bolig,no.bibsys,401
no.bolig,no.biz.annonser.data,401
no.alt.god.jul,no.alt.pompel-og-pilt,400
no.alt.god.jul,no.alt.radio-tv.irma-1000,400
no.alt.god.jul,no.alt.sjokolade,400
no.alt.god.jul,no.alt.tegneserier,400
no.alt.god.jul,no.bibsys,400
no.alt.god.jul,no.bil,400
no.amiga,no.marked.data,400
no.www,no.biz.annonser,400
no.amiga,no.media,399
no.bolig,no.biz.diskusjoner,399
no.bolig,no.biz.nettilbydere,399
no.alt.god.jul,no.audio,398
no.amiga,no.hobby.diverse,398
no.bibsys,no.audio,398
no.bibsys,no.biz.annonser.data,398
no.alt.radio-tv.irma-1000,no.bibsys,397
no.marked,no.prat.seksualitet,397
no.norsk,no.jus,397
no.prat.seksualitet,no.vitser,397
no.www,no.unix,397
no.alt.radio-tv.irma-1000,no.alt.god.jul,396
no.alt.radio-tv.irma-1000,no.bil,396
no.bibsys,no.biz,396
no.bibsys,no.biz.annonser,396
no.bibsys,no.biz.diskusjoner,396
no.bibsys,no.biz.nettilbydere,396
no.bil,no.biz,396
no.biz.nettilbydere,no.marked.data,396
no.bolig,no.biz,396
no.slekt,no.slekt.programmer,396
no.alt.diskusjoner,no.audio,395
no.audio,no.bibsys,395
no.alt.tegneserier,no.bibsys,393
no.pc,no.unix,393
no.alt.sjokolade,no.bibsys,392
no.alt.tegneserier,no.alt.god.jul,392
no.bibsys,no.alt.pompel-og-pilt,392
no.bibsys,no.alt.radio-tv.irma-1000,392
no.bibsys,no.alt.sjokolade,392
no.bibsys,no.alt.tegneserier,392
no.vitser,no.marked,392
no.alt.sjokolade,no.alt.god.jul,391
no.bibsys,no.alt.god.jul,391
no.bil,no.alt.god.jul,391
no.bil,no.alt.pompel-og-pilt,391
no.bil,no.alt.radio-tv.irma-1000,391
no.alt.diskusjoner,no.pressemeldinger,389
no.audio,no.alt.god.jul,386
no.vitser,no.elektronikk,385
no.bil,no.mac,384
no.film,no.alt.tegneserier,382
no.folklore.edb,no.unix,382
no.lisp,no.general,382
no.mac,no.news.diverse,382
no.elektronikk,no.vitser,381
no.general,no.bil,381
no.elektronikk,no.prat.seksualitet,380
no.spill,no.marked,380
no.www,no.biz.annonser.data,379
no.religion,no.radio-tv,376
no.marked,no.spill,373
no.folklore.edb,no.linux,372
no.religion,no.ef,370
no.hobby.diverse,no.media,367
no.musikk,no.marked.data,364
no.musikk,no.musikk.gitar,362
no.hobby.diverse,no.amiga,360
no.elektronikk,no.multimedia,356
no.psykologi,no.vit.diverse,356
no.pressemeldinger,no.alt.diskusjoner,353
no.tele,no.pc,353
no.marked.diskusjon,no.marked.data,351
no.marked.data,no.musikk,350
no.news.diverse,no.slekt,350
no.prat.seksualitet,no.pc,350
no.elektronikk,no.audio,349
no.audio,no.elektronikk,348
no.elektronikk,no.ms-windows,346
no.prat.seksualitet,no.www,346
no.tele,no.jus,346
no.kjemi,unknown,345
no.audio,no.marked.data,344
no.www,no.amiga,344
no.prat.seksualitet,no.elektronikk,342
no.prat.seksualitet,no.marked,342
no.amiga,no.marked,341
no.elektronikk,no.spill,341
no.general,no.reiser,340
no.www,no.vr,340
no.ms-windows,no.biz.annonser.data,339
no.folklore.overtro,no.vit.diverse,338
no.folklore.edb,no.pc,337
no.prat.politikk,no.prat.seksualitet,336
no.spill,no.ms-windows,335
no.typografi,unknown,333
no.www,no.marked.jobb,333
no.ms-windows,no.spill,332
no.general,no.biz.diskusjoner,330
no.biz.annonser.data,no.ms-windows,329
no.musikk,no.hobby.diverse,328
no.net,unknown,327
no.alt.flame,no.elektronikk,326
no.general,no.alt.tegneserier,325
no.alt.god.jul,unknown,324
no.hobby.diverse,no.musikk,324
no.marked.data,no.biz.nettilbydere,321
no.norsk.fagord,unknown,321
no.tele,no.www,321
no.slekt,no.news.diverse,316
no.general,no.bibsys,314
no.speider,unknown,311
no.marked.data,no.audio,307
no.alt.diskusjoner,no.alt.gledesutbrudd,305
no.pressemeldinger,no.news.diverse,305
no.news.diverse,no.mail.diverse,304
no.reiser,no.general,304
no.media,no.vit.diverse,302
no.radio-tv,no.media,302
no.vitser,no.general,302
no.news.diverse,no.pressemeldinger,301
no.net,no.linux,299
no.radio-tv,no.alt.god.jul,297
no.elektronikk,no.marked.data,296
no.marked.data,no.elektronikk,295
no.marked.data,no.mac,295
no.news.diverse,no.marked.data,295
no.folklore.edb,unknown,294
no.vit.diverse,no.media,294
no.vit.diverse,no.alt.mat.drikke,293
no.hobby.diverse,no.ms-windows,291
no.norsk,no.film,291
no.amiga,no.elektronikk,290
no.ms-windows,no.hobby.diverse,289
no.alt.diskusjoner,no.radio-tv,288
no.multimedia,no.typografi,288
no.pc,no.tele,288
no.www,no.prat.narkotika,288
no.general,no.c,286
no.ms-windows,no.musikk,286
no.folklore.edb,no.general,285
no.hobby.diverse,no.typografi,285
no.ms-windows,no.typografi,283
no.slekt.programmer,no.news.diverse,281
no.biz.nettilbydere,no.www,280
no.jus,no.prat.seksualitet,280
no.musikk,no.ms-windows,280
no.typografi,no.norsk,280
no.prat.seksualitet,no.prat.politikk,279
no.radio-tv,no.alt.diskusjoner,279
no.religion,no.jus,279
no.spill,no.multimedia,279
no.typografi,no.multimedia,279
no.pc,no.biz.annonser,278
no.biz.annonser,no.pc,277
no.musikk,no.typografi,277
no.alt.god.jul,no.radio-tv,276
no.audio,no.ms-windows,276
no.audio,no.typografi,276
no.film,no.alt.gledesutbrudd,275
no.jus,no.pc,275
no.media,no.radio-tv,275
no.unix,no.www,275
no.www,no.norsk,275
no.www,no.tele,275
no.mail.diverse,no.general,274
no.norsk,no.radio-tv,274
no.typografi,no.hobby.diverse,274
no.typografi,no.marked,274
no.typografi,no.marked.data,274
no.typografi,no.ms-windows,274
no.typografi,no.musikk,274
no.multimedia,no.spill,273
no.news.diverse,no.slekt.programmer,273
no.linux,no.net,272
no.alt.diskusjoner,no.norsk,271
no.religion,no.norsk,271
no.pc,no.irc,270
no.biz.annonser,no.general,269
no.net,no.biz.diskusjoner,269
no.jus,no.www,268
no.marked,no.typografi,268
no.marked.data,no.typografi,268
no.net,no.mail.diverse,267
no.norsk,no.pc,267
no.general,no.alt.sjokolade,266
no.norsk,no.marked,266
no.www,no.biz.nettilbydere,266
no.alt.god.jul,no.alt.flame,265
no.prat.politikk,no.uninett.skole,265
no.alt.flame,no.marked,263
no.biz.diskusjoner,no.net,263
no.lisp,unknown,262
no.reiser,unknown,262
no.ms-windows,no.audio,260
no.skole.diverse,no.uninett.skole,259
no.alt.sjokolade,no.general,258
no.musikk.gitar,unknown,258
no.uninett.skole,no.skole.diverse,258
no.news.diverse,no.vitser,257
no.folklore.overtro,no.medisin,256
no.news.diverse,no.radio-tv,255
no.ms-windows,no.net,254
no.org.efn.diskusjon,no.religion,254
no.religion,no.stortinget,254
no.skole.diverse,no.stortinget,254
no.general,no.it.emacs,253
no.general,no.prat.ufo,251
no.mail.diverse,no.net,251
no.marked.jobb,no.marked.data,251
no.typografi,no.audio,251
no.norsk,no.irc,250
no.skole.diverse,no.news.diverse,249
no.alt.tegneserier,no.general,247
no.kryptografi,unknown,247
no.radio-tv,no.alt.tegneserier,246
no.elektronikk,no.radio-tv,243
no.net,no.unix,243
no.www,no.biz.diskusjoner,243
no.vit.diverse,no.hobby.diverse,242
no.vit.diverse,no.pc,242
no.alt.flame,no.musikk,241
no.alt.mat.drikke,unknown,241
no.tele,no.elektronikk,236
no.general,no.marked.jobb,235
no.radio-tv,no.www,235
no.uninett.skole,no.prat.politikk,234
no.religion,no.vit.diverse,232
no.uninett.skole,no.litteratur,229
no.general,no.alt.pompel-og-pilt,228
no.news.diverse,no.biz.nettilbydere,228
no.radio-tv,no.elektronikk,228
no.biz.diskusjoner,no.www,226
no.irc,no.alt.irc-treff,226
no.elektronikk,no.slekt,225
no.net,no.ms-windows,225
no.norsk,no.uninett.skole,225
no.general,no.bolig,223
no.medisin,no.alt.mat,223
no.alt.pompel-og-pilt,unknown,222
no.norsk,no.velkommen,221
no.unix,no.net,221
no.alt.tegneserier,no.radio-tv,220
no.news.diverse,no.pc,220
no.musikk.klassisk,unknown,219
no.marked.jobb,no.www,218
no.pc,no.alt.flame,218
no.elektronikk,no.biz.annonser,217
no.litteratur,no.alt.diskusjoner,216
no.litteratur,no.uninett.skole,216
no.norsk,no.news.diverse,216
no.vitser,no.irc,215
no.alt.diskusjoner,no.alt.config,214
no.news.diverse,no.net,214
no.multimedia,no.elektronikk,213
no.uninett.skole,no.religion,213
no.general,no.ai,212
no.biz.annonser,no.elektronikk,211
no.prat.seksualitet,no.jus,211
no.marked.jobb,no.general,210
no.vitser,no.prat.politikk,210
no.ms-windows,no.it.diverse,209
no.vit.diverse,no.psykologi,208
no.alt.gledesutbrudd,no.psykologi,207
no.religion,no.uninett.skole,207
no.psykologi,no.alt.gledesutbrudd,206
no.alt.gledesutbrudd,no.alt.diskusjoner,204
no.norsk,no.stortinget,204
no.spill,no.elektronikk,204
no.www,no.pressemeldinger.diskusjon,204
no.religion,no.prat.ufo,203
no.jus,no.musikk,201
no.litteratur,no.skole.diverse,201
no.marked.jobb,no.marked,201
no.ms-windows,no.elektronikk,201
no.norsk,no.musikk,201
no.alt.flame,no.ms-windows,199
no.alt.flame,no.multimedia,199
no.irc,no.marked,198
no.alt.flame,no.prat.seksualitet,197
no.kryptografi,no.linux,197
no.marked.jobb,no.pc,197
no.org.efn.diskusjon,no.pressemeldinger,197
no.pc,no.news.diverse,197
no.uninett.diverse,unknown,197
no.alt.sjokolade,no.alt.diskusjoner,196
no.irc,no.vitser,195
no.linux,no.general,195
no.marked.data,no.marked.diskusjon,195
no.musikk,no.film,195
no.spill,no.marked.data,195
no.norsk,no.religion,194
no.unix,no.general,193
no.amiga,no.alt.amiga,192
no.sport.diverse,no.news.diverse,192
no.general,no.news.drift,191
no.irc,no.pressemeldinger,191
no.norsk,no.linux,191
no.norsk,no.litteratur,191
no.pressemeldinger.diskusjon,no.www,191
no.biz.annonser.data,no.general,190
no.pc,no.jus,190
no.marked.data,no.amiga,189
no.biz.diskusjoner,unknown,187
no.general,no.biz,187
no.general,no.kryptografi,187
no.musikk,no.musikk.klassisk,187
no.bolig,unknown,186
no.news.diverse,no.alt.config,186
no.mail.drift,unknown,185
no.news.drift,no.general,185
no.folklore.overtro,no.prat.ufo,184
no.folklore.overtro,no.religion,184
no.mail.diverse,no.news.diverse,184
no.marked,no.marked.jobb,184
no.marked.data,no.www,184
no.prat.ufo,no.vit.diverse,184
no.alt.gledesutbrudd,no.musikk,183
no.alt.mat,no.prat.politikk,182
no.pc,no.marked.jobb,182
no.general,no.telepost,181
no.news.diverse,no.prat.seksualitet,181
no.news.diverse,no.tele,181
no.religion,no.medisin,181
no.alt.diskusjoner,no.net,179
no.jus,no.medisin,179
no.news.diverse,no.musikk,179
no.tele,no.net,179
no.news.diverse,no.religion,178
no.jus,no.alkohol,177
no.lisp,no.perl,177
no.alt.diskusjoner,no.alt.arkiv,176
no.it.diverse,no.ms-windows,175
no.mail.drift,no.mail.diverse,175
no.media,no.religion,175
no.uninett.skole,no.norsk,175
no.marked.data,no.spill,174
no.news.diverse,no.jus,174
no.religion,no.media,174
no.musikk.klassisk,no.musikk,173
no.biz.nettilbydere,no.pc,172
no.elektronikk,no.tele,172
no.jus,no.marked.data,172
no.alt.gledesutbrudd,no.film,170
no.bil,no.marked.bil,170
no.alt.flame,no.alt.config,169
no.general,no.havforskning,169
no.norsk,no.norsk.fagord,169
no.alt.irc-treff,unknown,168
no.alt.mat,no.alt.mat.drikke,168
no.general,no.alt.god.jul,168
no.litteratur,no.norsk,168
no.musikk,no.alt.gledesutbrudd,167
no.marked,no.amiga,166
no.multimedia,no.biz.annonser.data,166
no.spill,no.www,166
no.sport.diverse,no.norsk,166
no.radio-tv,no.norsk,165
no.alkohol,no.ef,164
no.biz.annonser.data,no.multimedia,164
no.news.diverse,no.news.drift,164
no.tele,no.alt.diskusjoner,164
no.alt.mat,no.medisin,163
no.general,no.elektronikk,162
no.jus,no.mail.diverse,161
no.biz.diskusjoner,no.marked,160
no.alt.diskusjoner,no.sport.diverse,159
no.bil,no.alt.katter,159
no.it.diverse,no.www,159
no.kryptografi,no.net,159
no.psykologi,no.ai,159
no.religion,no.folklore.overtro,159
no.general,no.alt.radio-tv.irma-1000,158
no.it.emacs,no.unix,158
no.alt.diskusjoner,no.mail.diverse,157
no.net,no.kryptografi,157
no.prat.politikk,no.medisin,157
no.marked.jobb,no.telepost,156
no.alt.config,no.alt.diskusjoner,155
no.alt.flame,no.vitser,155
no.general,no.linux,155
no.linux,no.kryptografi,155
no.student.nett,no.pc,155
no.tele,no.marked,155
no.jus,no.news.diverse,154
no.mac,no.kryptografi,154
no.marked,no.slekt,154
no.net,no.alt.diskusjoner,154
no.ai,no.general,153
no.ai,no.psykologi,153
no.ms-windows,no.mac,153
no.skole.diverse,no.prat.seksualitet,153
no.marked,no.biz.diskusjoner,152
no.sport.diverse,no.alt.diskusjoner,152
no.alt.flame,no.alt.arkiv,151
no.bibsys,unknown,151
no.news.diverse,no.norsk,151
no.mail.diverse,no.alt.diskusjoner,150
no.www,no.mac,150
no.marked,no.media,149
no.marked.data,no.marked.jobb,149
no.medisin,no.jus,149
no.spill,no.slekt,149
no.mac,no.linux,148
no.mac,no.ms-windows,148
no.marked,no.bil,148
no.medisin,no.religion,148
no.musikk,no.media,148
no.pc,no.biz.nettilbydere,148
no.student.nett,no.net,148
no.alt.arkiv,no.alt.diskusjoner,147
no.marked.data,no.general,147
no.perl,no.lisp,147
no.student.nett,no.ms-windows,147
no.telepost,no.www,147
no.alt.config,no.alt.arkiv,146
no.biz.diskusjoner,no.general,145
no.medisin,no.prat.politikk,145
no.news.diverse,no.it.diverse,145
no.pc,no.slekt,145
no.telepost,no.general,145
no.telepost,no.marked.jobb,145
no.telepost,no.pc,145
no.alt.config,no.news.diverse,144
no.alt.diskusjoner,no.ai,144
no.it.diverse,no.marked.data,144
no.prat.ufo,no.religion,144
no.alt.diskusjoner,no.havforskning,143
no.jus,no.media,143
no.musikk,no.biz.annonser.data,143
no.jus,no.marked,142
no.ms-windows,no.mail.diverse,142
no.mail.diverse,no.mail.drift,141
no.ms-windows,no.slekt,141
no.multimedia,no.slekt,141
no.net,no.marked,141
no.prat.seksualitet,no.mail.diverse,141
no.prat.seksualitet,no.net,141
no.www,no.sport.diverse,141
no.alt.diskusjoner,no.biz.annonser,140
no.mail.diverse,no.ms-windows,140
no.prat.politikk,no.vit.diverse,140
no.general,no.perl,139
no.net,no.tele,139
no.pc,no.telepost,139
no.www,no.telepost,139
no.alt.mat.drikke,no.alt.mat,138
no.bil,no.marked,138
no.kryptografi,no.pc,138
no.tex,unknown,138
no.alt.flame,no.alt.god.jul,137
no.alkohol,no.alt.arkiv,136
no.c,no.pc,136
no.media,no.biz.annonser.data,136
no.hobby.diverse,no.biz.annonser,135
no.pc,no.c,135
no.alt.arkiv,no.alt.config,134
no.alt.radio-tv.irma-1000,unknown,134
no.elektronikk,no.amiga,134
no.jus,no.net,134
no.mail.diverse,no.prat.seksualitet,134
no.net,no.news.diverse,134
no.net,no.prat.seksualitet,134
no.prat.politikk,no.havforskning,134
no.sport.diverse,no.www,134
no.biz.annonser.data,no.musikk,133
no.marked,no.marked.bil,133
no.media,no.musikk,133
no.norsk,no.uninett.diverse,133
no.alt.arkiv,no.alkohol,132
no.amiga,no.biz.annonser.data,132
no.kryptografi,no.general,132
no.marked,no.net,132
no.marked,no.video,132
no.medisin,no.folklore.overtro,132
no.musikk,no.alt.flame,132
no.kryptografi,no.unix,131
no.video,no.marked,131
no.irc,no.news.diverse,130
no.it.diverse,no.news.diverse,130
no.kryptografi,no.uninett.diverse,130
no.linux,no.www,130
no.litteratur,no.kjemi,130
no.marked.bil,no.marked,130
no.radio-tv,no.news.diverse,130
no.sport.diverse,no.marked,130
no.tele,no.ms-windows,130
no.elektronikk,no.general,129
no.musikk,no.news.diverse,129
no.musikk,no.radio-tv,129
no.student.nett,no.marked,129
no.www,no.linux,129
no.ai,unknown,128
no.net,no.student.nett,128
no.net,no.uninett.diverse,128
no.sport.diverse,no.hobby.diverse,128
no.student.nett,no.medisin,128
no.student.nett,no.multimedia,128
no.student.nett,no.nuug,128
no.video,no.marked.data,128
no.alkohol,no.prat.seksualitet,127
no.alt.diskusjoner,no.alt.katter,127
no.biz.nettilbydere,no.net,127
no.hobby.diverse,no.sport.diverse,127
no.mail.diverse,no.pc,127
no.slekt,no.slekt.etterlysning,127
no.alt.flame,no.alkohol,126
no.biz.annonser.data,no.media,126
no.medisin,no.prat.ufo,126
no.pc,no.student.nett,126
no.student.samfund,unknown,125
no.www,no.spill,125
no.marked.data,no.it.diverse,124
no.marked.data,no.video,124
no.pc,no.norsk,124
no.skole.diverse,no.pressemeldinger.diskusjon,124
no.skole.diverse,no.www,124
no.alkohol,no.ai,123
no.alt.flame,no.news.diverse,123
no.biz.nettilbydere,no.media,123
no.eunet.hjelp,unknown,123
no.media,no.biz.nettilbydere,123
no.ms-windows,no.student.nett,123
no.ms-windows,no.tele,123
no.alt.mat,no.alt.gledesutbrudd,122
no.biz.diskusjoner,no.media,122
no.biz.diskusjoner,no.multimedia,122
no.biz.diskusjoner,no.musikk,122
no.biz.nettilbydere,no.multimedia,122
no.biz.nettilbydere,no.musikk,122
no.mac,no.www,122
no.marked.bil,no.bil,122
no.media,no.biz.diskusjoner,122
no.multimedia,no.biz.diskusjoner,122
no.multimedia,no.biz.nettilbydere,122
no.musikk,no.biz.diskusjoner,122
no.musikk,no.biz.nettilbydere,122
no.alt.flame,no.ai,121
no.alt.irc-treff,no.general,121
no.alt.mat,no.alt.diskusjoner,121
no.general,no.lisp,121
no.norsk,no.sport.diverse,121
no.unix,no.kryptografi,121
no.ai,no.alkohol,120
no.alt.config,no.alt.flame,120
no.havforskning,no.general,120
no.mail.diverse,no.jus,120
no.news.diverse,no.c,120
no.norsk,no.alt.gledesutbrudd,120
no.spill.rollespill,no.general,120
no.sport.diverse,no.biz.annonser,120
no.tegnsett,no.general,120
no.unix,no.uninett.diverse,120
no.alt.diskusjoner,no.alt.pompel-og-pilt,119
no.general,no.typografi,119
no.perl,no.general,119
no.pressemeldinger,unknown,119
no.sport.diverse,no.uninett.diverse,119
no.mac,no.net,118
no.ai,no.alt.arkiv,117
no.ai,no.alt.diskusjoner,117
no.alt.arkiv,no.ai,117
no.amiga,no.biz.annonser,117
no.marked,no.medisin,117
no.alt.config,no.ai,116
no.alt.config,no.alkohol,116
no.it.emacs,no.general,116
no.media,no.jus,116
no.norsk.fagord,no.norsk,116
no.alt.flame,no.slekt,115
no.general,no.marked.bolig,115
no.mail.diverse,no.unix,115
no.uninett.skole,no.alt.gledesutbrudd,115
no.elektronikk,no.biz.annonser.data,114
no.film,no.musikk,114
no.irc,no.alt.pompel-og-pilt,114
no.it.diverse,no.c,114
no.jus,no.pressemeldinger.diskusjon,114
no.medisin,no.marked,114
no.net,no.multimedia,114
no.pc,no.hobby.diverse,114
no.prat.ufo,no.general,114
no.pc,no.mail.diverse,113
no.radio-tv,no.audio,113
no.video,no.multimedia,113
no.alt.arkiv,no.alt.flame,112
no.alt.diskusjoner,no.marked.bil,112
no.alt.diskusjoner,no.marked.bolig,112
no.alt.diskusjoner,no.uninett.diverse,112
no.c,no.news.diverse,112
no.general,no.marked.bil,112
no.marked.bil,unknown,112
no.net,no.elektronikk,112
no.news.diverse,no.hobby.diverse,112
no.prat.politikk,no.www,112
no.c,no.it.diverse,111
no.irc,no.hobby.diverse,111
no.linux,no.folklore.edb,111
no.prat.seksualitet,no.alkohol,111
no.audio,no.pc,110
no.hobby.diverse,no.uninett.diverse,110
no.ms-windows,no.general,110
no.musikk,no.jus,110
no.org.efn.diskusjon,no.kryptografi,110
no.test,no.general,110
no.unix,no.folklore.edb,110
no.alt.diskusjoner,no.tele,109
no.alt.gledesutbrudd,no.alt.mat,109
no.marked,no.jus,109
no.news.diverse,no.lisp,109
no.alt.god.jul,no.vit.diverse,108
no.irc,no.alt.katter,108
no.irc,no.linux,108
no.net,no.medisin,108
no.net,no.nuug,108
no.nuug,no.marked,108
no.nuug,no.medisin,108
no.nuug,no.ms-windows,108
no.nuug,no.multimedia,108
no.nuug,no.net,108
no.nuug,no.pc,108
no.nuug,no.student.nett,108
no.prat.narkotika,no.medisin,108
no.unix,no.mail.diverse,108
no.alkohol,no.alt.config,107
no.bil,no.general,107
no.biz.annonser,no.alt.diskusjoner,107
no.lisp,no.linux,107
no.marked,no.linux,107
no.marked,no.norsk,107
no.multimedia,no.video,107
no.prat.seksualitet,no.news.diverse,107
no.spill,no.biz.annonser,107
no.alkohol,no.alt.mat.drikke,106
no.religion,no.prat.seksualitet,106
no.biz.annonser,no.hobby.diverse,105
no.linux,no.jus,105
no.litteratur,no.media,105
no.mac,no.marked,105
no.marked,no.mac,105
no.multimedia,no.net,105
no.ai,no.alt.config,104
no.biz.annonser,no.spill,104
no.linux,no.irc,104
no.news.diverse,no.linux,104
no.www,no.it.diverse,104
no.alt.flame,no.net,103
no.alt.sjokolade,no.alt.gledesutbrudd,103
no.jus,no.linux,103
no.general,no.ms-windows,102
no.hobby.diverse,no.norsk,102
no.mac,no.amiga,102
no.www,no.prat.politikk,102
no.mac,no.irc,101
no.pc,no.video,101
no.prat.ufo,no.folklore.overtro,101
no.prat.ufo,no.medisin,101
no.general,no.alt.irc-treff,100
no.mac,no.mail.diverse,100
no.marked,no.student.nett,100
no.musikk,no.biz.annonser,100
no.www,no.audio,100
no.www,no.multimedia,100
no.alt.flame,no.irc,99
no.marked,no.nuug,99
no.marked.data,no.jus,99
no.media,no.litteratur,99
no.media,no.skole.diverse,99
no.medisin,no.ms-windows,99
no.medisin,no.multimedia,99
no.medisin,no.net,99
no.medisin,no.nuug,99
no.medisin,no.pc,99
no.medisin,no.student.nett,99
no.ms-windows,no.medisin,99
no.ms-windows,no.nuug,99
no.multimedia,no.medisin,99
no.multimedia,no.nuug,99
no.multimedia,no.student.nett,99
no.net,no.jus,99
no.pc,no.medisin,99
no.pc,no.nuug,99
no.telepost,unknown,99
no.alkohol,no.medisin,98
no.alt.diskusjoner,no.bil,98
no.elektronikk,no.hobby.diverse,98
no.general,no.spill.rollespill,98
no.jus,no.radio-tv,98
no.mac,no.mail.drift,98
no.linux,no.marked,97
no.slekt.etterlysning,no.slekt,97
no.mac,no.elektronikk,96
no.pressemeldinger.diskusjon,unknown,96
no.www,no.jus,96
no.alt.diskusjoner,no.alt.sjokolade,95
no.mac,no.general,95
no.spill,no.net,95
no.sport.orientering,unknown,95
no.alt.mat.drikke,no.alt.sjokolade,94
no.biz.annonser.data,no.elektronikk,94
no.marked,no.tele,94
no.video,no.hobby.diverse,94
no.video,no.pc,94
no.kryptografi,no.org.efn.diskusjon,93
no.alt.flame,no.www,92
no.alt.mat.drikke,no.alkohol,92
no.prat.politikk,no.alt.flame,92
no.student.nett,no.student.samfund,92
no.c,no.general,91
no.hobby.diverse,no.pc,91
no.mail.diverse,no.mac,91
no.multimedia,no.www,91
no.norsk.fagord,no.video,91
no.pc,no.audio,91
no.pc,no.folklore.edb,91
no.radio-tv,no.musikk,91
no.tele,no.linux,91
no.alt.gledesutbrudd,no.vitser,90
no.amiga,no.tele,90
no.multimedia,no.biz.annonser,90
no.norsk,no.vitser,90
no.radio-tv,no.pc,90
no.student.samfund,no.student.nett,90
no.uninett.diverse,no.net,90
no.vitser,no.alt.gledesutbrudd,90
no.litteratur,no.film,89
no.marked,no.sport.diverse,89
no.perl,no.unix,89
no.prat.politikk,no.vitser,89
no.havforskning,unknown,88
no.hobby.diverse,no.video,88
no.irc,no.musikk,88
no.linux,no.tele,88
no.marked,no.irc,88
no.ms-windows,no.marked.jobb,88
no.vit.diverse,no.news.diverse,88
no.biz.annonser.data,no.amiga,87
no.general,no.sources.wanted,87
no.mac,no.vitser,87
no.marked.diskusjon,unknown,87
no.vit.diverse,no.prat.politikk,87
no.alt.irc-treff,no.irc,86
no.it.diverse,no.biz.annonser.data,86
no.marked.diskusjon,no.marked,86
no.uninett.diverse,no.marked,86
no.vitser,no.norsk,86
no.amiga,no.mac,85
no.biz.annonser,no.amiga,85
no.mail.drift,no.mac,85
no.news.diverse,no.alt.gledesutbrudd,85
no.uninett.diverse,no.alt.diskusjoner,85
no.uninett.diverse,no.hobby.diverse,85
no.uninett.diverse,no.sport.diverse,85
no.biz.annonser,no.norsk,84
no.film,no.marked,84
no.havforskning,no.alt.diskusjoner,84
no.jus,no.norsk,84
no.linux,no.uninett.diverse,84
no.pc,no.kryptografi,84
no.pc,no.radio-tv,84
no.pc,no.uninett.diverse,84
no.uninett.diverse,no.biz.annonser,84
no.uninett.diverse,no.kryptografi,84
no.uninett.diverse,no.linux,84
no.uninett.diverse,no.pc,84
no.uninett.diverse,no.unix,84
no.x,unknown,84
no.irc,no.spill,83
no.kjemi,no.prat.narkotika,83
no.sport.diverse,no.spill,83
no.tegnsett,unknown,83
no.uninett.diverse,no.norsk,83
no.ai,no.alt.flame,82
no.alkohol,no.alt.flame,82
no.alt.mat.drikke,no.vit.diverse,82
no.biz.annonser,no.sport.diverse,82
no.film,no.litteratur,82
no.litteratur,no.sources.wanted,82
no.mac,no.litteratur,82
no.mail.diverse,no.linux,82
no.net,no.biz.nettilbydere,82
no.skole.diverse,no.media,82
no.vitser,no.stortinget,82
no.alt.arkiv,unknown,81
no.bil,no.alt.gledesutbrudd,81
no.biz.annonser,no.uninett.diverse,81
no.general,no.mac,81
no.linux,no.mac,81
no.linux,no.musikk,81
no.musikk,no.irc,81
no.musikk,no.linux,81
no.spill,no.irc,81
no.bil,no.alt.diskusjoner,80
no.film,no.sources.wanted,80
no.litteratur,no.medisin,80
no.marked,no.film,80
no.religion,no.org.efn.diskusjon,80
no.sources.wanted,no.film,80
no.sources.wanted,no.general,80
no.sources.wanted,no.litteratur,80
no.sport.diverse,no.pc,80
no.alt.diskusjoner,no.alt.amiga,79
no.litteratur,no.vit.diverse,79
no.biz.annonser,no.multimedia,78
no.eunet.drift,unknown,78
no.havforskning,no.prat.politikk,78
no.havforskning,no.vit.diverse,78
no.prat.politikk,no.pressemeldinger,78
no.vit.diverse,no.havforskning,78
no.elektronikk,no.mac,77
no.irc,no.pc,77
no.marked.bolig,no.marked,77
no.medisin,no.prat.narkotika,77
no.news.diverse,no.spill,77
no.it.diverse,no.biz.annonser,76
no.jus,no.bil,76
no.jus,no.kryptografi,76
no.linux,no.lisp,76
no.mac,no.lisp,76
no.medisin,no.alkohol,76
no.news.diverse,no.skole.diverse,76
no.norsk,no.biz.annonser,76
no.spill,no.sport.diverse,76
no.amiga,no.linux,75
no.elektronikk,no.alt.flame,75
no.kryptografi,no.mac,75
no.linux,no.kjemi,75
no.litteratur,no.linux,75
no.litteratur,no.mac,75
no.marked,no.uninett.diverse,75
no.tele,no.amiga,75
no.amiga,no.net,74
no.elektronikk,no.net,74
no.kryptografi,no.jus,74
no.litteratur,no.mail.diverse,74
no.marked,no.marked.bolig,74
no.sport.volleyball,unknown,74
no.alt.mat,no.vit.diverse,73
no.eunet.diverse,unknown,73
no.kryptografi,no.news.diverse,73
no.mac,no.multimedia,73
no.news.diverse,no.nuug,73
no.jus,no.elektronikk,72
no.mail.drift,no.linux,72
no.musikk,no.mac,72
no.pc,no.sport.diverse,72
no.mac,no.musikk,71
no.mail.diverse,no.litteratur,71
no.norsk,no.hobby.diverse,71
no.tele,no.marked.data,71
no.vitser,no.news.diverse,71
no.hobby.diverse,no.elektronikk,70
no.kjemi,no.linux,70
no.litteratur,no.lisp,70
no.litteratur,no.mail.drift,70
no.net,no.mac,70
no.news.diverse,no.sykkel,70
no.pc,no.vit.diverse,70
no.sport.diverse,no.radio-tv,70
no.alt.pompel-og-pilt,no.amiga,69
no.biz.annonser.data,no.it.diverse,69
no.linux,no.mail.diverse,69
no.musikk,no.alt.diskusjoner,69
no.news.diverse,no.alt.flame,69
no.news.diverse,no.stortinget,69
no.pc,no.biz.diskusjoner,69
no.pc,no.typografi,69
no.pressemeldinger,no.prat.politikk,69
no.stortinget,no.norsk,69
no.video,no.radio-tv,69
no.hobby.diverse,no.vit.diverse,68
no.mac,no.biz.annonser,68
no.marked,no.pressemeldinger,68
no.alt.sjokolade,no.alt.mat.drikke,67
no.general,no.org.dnd,67
no.mail.drift,no.litteratur,67
no.news.diverse,no.audio,67
no.www,no.mail.diverse,67
no.www,no.news.drift,67
no.alt.config,no.general,66
no.mac,no.unix,66
no.mail.diverse,no.lisp,66
no.mail.drift,no.lisp,66
no.amiga,no.www,65
no.biz,unknown,65
no.general,no.pressemeldinger.diskusjon,65
no.irc,no.www,65
no.linux,no.amiga,65
no.linux,no.litteratur,65
no.spill,no.vitser,65
no.biz.annonser,no.it.diverse,64
no.kjemi,no.alkohol,64
no.typografi,no.general,64
no.alkohol,no.alt.amiga,63
no.biz.diskusjoner,no.pc,63
no.ef,no.alkohol,63
no.general,no.eunet.hjelp,63
no.musikk,no.bolig,63
no.news.diverse,no.kjemi,63
no.radio-tv,no.video,63
no.stortinget,no.news.diverse,63
no.x,no.unix,63
no.media,no.www,62
no.net,no.amiga,62
no.news.diverse,no.kryptografi,62
no.religion,no.prat.narkotika,62
no.stortinget,no.religion,62
no.stortinget,no.skole.diverse,62
no.ai,no.alt.amiga,61
no.alt.amiga,no.ai,61
no.alt.amiga,no.alkohol,61
no.alt.amiga,no.alt.arkiv,61
no.alt.amiga,no.alt.diskusjoner,61
no.alt.arkiv,no.alt.amiga,61
no.linux,no.mail.drift,61
no.lisp,no.mac,61
no.mac,no.kjemi,61
no.marked,no.alt.tegneserier,61
no.unix,no.x,61
no.alt.config,no.alt.amiga,60
no.bil,no.jus,60
no.bolig,no.marked,60
no.elektronikk,no.linux,60
no.linux,no.elektronikk,60
no.lisp,no.litteratur,60
no.marked,no.bolig,60
no.marked.diskusjon,no.pc,60
no.marked.jobb,no.ms-windows,60
no.news.diverse,no.vit.diverse,60
no.radio-tv,no.sport.diverse,60
no.www,no.media,60
no.alt.pompel-og-pilt,no.alt.diskusjoner,59
no.bolig,no.general,59
no.folklore.edb,no.www,59
no.general,no.video,59
no.kjemi,no.kryptografi,59
no.kryptografi,no.kjemi,59
no.lisp,no.mail.diverse,59
no.lisp,no.mail.drift,59
no.multimedia,no.norsk,59
no.musikk,no.marked.bolig,59
no.norsk,no.multimedia,59
no.pressemeldinger.diskusjon,no.general,59
no.radio-tv,no.marked,59
no.www,no.perl,59
no.alt.flame,no.alt.gledesutbrudd,58
no.linux,no.alt.gledesutbrudd,58
no.lisp,no.kjemi,58
no.spill,no.radio-tv,58
no.vitser,no.spill,58
no.lisp,no.kryptografi,57
no.musikk,no.sport.diverse,57
no.sport.diverse,no.vitser,57
no.tele,no.vitser,57
no.vitser,no.radio-tv,57
no.biz.annonser,no.musikk,56
no.biz.nettilbydere,no.news.diverse,56
no.kjemi,no.lisp,56
no.mac,no.uninett.diverse,56
no.musikk,no.religion,56
no.norsk,no.spill,56
no.pc,no.it.os.os2,56
no.prat.ufo,no.radio-tv,56
no.radio-tv,no.spill,56
no.tele,no.prat.seksualitet,56
no.vitser,no.sport.diverse,56
no.alt.flame,no.alt.sjokolade,55
no.alt.mat,no.film,55
no.amiga,no.alt.pompel-og-pilt,55
no.biz.annonser,no.film,55
no.film,no.biz.annonser,55
no.general,no.mail.drift,55
no.kjemi,no.norsk.fagord,55
no.kryptografi,no.lisp,55
no.mail.diverse,no.www,55
no.marked,no.alt.pompel-og-pilt,55
no.marked.diskusjon,no.general,55
no.pressemeldinger,no.marked,55
no.alkohol,no.kjemi,54
no.alt.pompel-og-pilt,no.general,54
no.it.os.os2,no.pc,54
no.news.drift,no.news.diverse,54
no.norsk,no.ef,54
no.stortinget,no.alt.flame,54
no.student.nett,unknown,54
no.alt.diskusjoner,no.ms-windows,53
no.alt.flame,no.stortinget,53
no.alt.god.jul,no.norsk,53
no.audio,no.radio-tv,53
no.biz.annonser.data,no.spill,53
no.folklore.edb,no.norsk.fagord,53
no.litteratur,no.marked.diskusjon,53
no.litteratur,no.spill,53
no.marked.diskusjon,no.biz.annonser.data,53
no.alt.irc-treff,no.folklore.edb,52
no.amiga,no.c,52
no.biz.annonser,no.net,52
no.biz.diskusjoner,no.marked.data,52
no.litteratur,no.multimedia,52
no.marked.data,no.net,52
no.marked.diskusjon,no.marked.jobb,52
no.multimedia,no.litteratur,52
no.multimedia,no.skole.diverse,52
no.net,no.biz.annonser,52
no.norsk,no.alt.god.jul,52
no.perl,no.www,52
no.skole.diverse,no.multimedia,52
no.velkommen,no.biz.annonser.data,52
no.biz.annonser,no.audio,51
no.c,no.amiga,51
no.mail.diverse,no.kjemi,51
no.marked,no.radio-tv,51
no.news.diverse,no.svar,51
no.radio-tv,no.multimedia,51
no.spill,no.news.diverse,51
no.spill.rollespill,no.news.diverse,51
no.uninett.skole,unknown,51
no.unix,no.alt.tegneserier,51
no.general,no.marked.diskusjon,50
no.kjemi,no.mac,50
no.kjemi,no.mail.diverse,50
no.linux,no.ms-windows,50
no.mail.drift,no.unix,50
no.marked,no.alt.god.jul,50
no.marked.bolig,no.marked.bil,50
no.media,no.alt.radio-tv.irma-1000,50
no.net,no.marked.data,50
no.radio-tv,no.vitser,50
no.religion,no.alt.flame,50
no.slekt,no.pc,50
no.slekt.programmer,no.pc,50
no.uninett.skole,no.pc,50
no.audio,no.biz.annonser,49
no.biz.nettilbydere,no.alt.diskusjoner,49
no.marked.data,no.tele,49
no.news.diverse,no.marked,49
no.news.diverse,no.ms-windows,49
no.org.dnd,no.general,49
no.pc,no.uninett.skole,49
no.spill,no.norsk,49
no.sykkel,no.marked,49
no.alt.amiga,no.alt.config,48
no.bil,no.musikk,48
no.biz.diskusjoner,no.amiga,48
no.linux,no.news.diverse,48
no.marked.diskusjon,no.biz.annonser,48
no.spill,no.biz.annonser.data,48
no.vitser,no.religion,48
no.irc,no.prat.seksualitet,47
no.litteratur,no.musikk,47
no.mail.diverse,no.it.emacs,47
no.mail.drift,no.kjemi,47
no.ms-windows,no.news.diverse,47
no.norsk,no.sykkel,47
no.slekt,no.spill,47
no.spill,no.litteratur,47
no.spill,no.marked.diskusjon,47
no.spill,no.media,47
no.alt.flame,no.alt.amiga,46
no.alt.pompel-og-pilt,no.alt.katter,46
no.elektronikk,no.jus,46
no.film,no.alt.mat,46
no.folklore.edb,no.lisp,46
no.kjemi,no.mail.drift,46
no.litteratur,no.kryptografi,46
no.mail.diverse,no.kryptografi,46
no.mail.drift,no.kryptografi,46
no.news.diverse,no.perl,46
no.slekt,no.marked,46
no.alt.mat.drikke,no.alt.tegneserier,45
no.alt.tegneserier,no.alt.mat.drikke,45
no.general,no.student.nett,45
no.kryptografi,no.litteratur,45
no.kryptografi,no.mail.diverse,45
no.kryptografi,no.mail.drift,45
no.marked,no.alt.radio-tv.irma-1000,45
no.marked,no.alt.sjokolade,45
no.marked,no.bibsys,45
no.multimedia,no.radio-tv,45
no.news.diverse,no.biz.annonser,45
no.news.diverse,no.norsk.fagord,45
no.pc,no.slekt.programmer,45
no.radio-tv,no.jus,45
no.slekt,no.elektronikk,45
no.slekt,no.ms-windows,45
no.slekt,no.multimedia,45
no.www,no.biz,45
no.www,no.mail.drift,45
no.alt.god.jul,no.alt.diskusjoner,44
no.film,no.marked.data,44
no.it.diverse,no.marked,44
no.kryptografi,no.www,44
no.marked.data,no.biz.diskusjoner,44
no.marked.diskusjon,no.litteratur,44
no.media,no.alt.god.jul,44
no.net,no.spill,44
no.slekt.etterlysning,no.slekt.programmer,44
no.tele,no.biz.annonser,44
no.velkommen,no.marked.data,44
no.alt.diskusjoner,no.alt.mat,43
no.alt.diskusjoner,no.musikk,43
no.alt.gledesutbrudd,no.alt.sjokolade,43
no.alt.gledesutbrudd,no.linux,43
no.alt.god.jul,no.general,43
no.folklore.overtro,unknown,43
no.lisp,no.media,43
no.mac,no.hobby.diverse,43
no.mac,no.radio-tv,43
no.marked.data,no.film,43
no.media,no.norsk.fagord,43
no.news.diverse,no.reiser,43
no.news.diverse,no.speider,43
no.prat.politikk,no.musikk,43
no.unix,no.mail.drift,43
no.unix,no.perl,43
no.video,no.biz.annonser,43
no.video,no.norsk.fagord,43
no.www,no.irc,43
no.alt.amiga,no.amiga,42
no.alt.diskusjoner,no.alt.god.jul,42
no.alt.flame,no.religion,42
no.biz.annonser,no.www,42
no.general,no.alt.config,42
no.marked.bil,no.marked.bolig,42
no.marked.diskusjon,no.media,42
no.marked.diskusjon,no.spill,42
no.media,no.marked.diskusjon,42
no.perl,no.linux,42
no.slekt.programmer,no.slekt.etterlysning,42
no.velkommen,unknown,42
no.video,no.general,42
no.x,no.linux,42
no.alt.flame,no.sport.diverse,41
no.elektronikk,no.alt.radio-tv.irma-1000,41
no.it.diverse,no.jus,41
no.it.diverse,no.spill,41
no.jus,no.bolig,41
no.jus,no.it.diverse,41
no.lisp,no.unix,41
no.litteratur,no.marked.data,41
no.marked,no.marked.diskusjon,41
no.marked,no.sykkel,41
no.marked.data,no.unix,41
no.media,no.marked.data,41
no.media,no.spill,41
no.net,no.mail.drift,41
no.radio-tv,no.prat.ufo,41
no.stortinget,no.ef,41
no.stortinget,no.vitser,41
no.alt.flame,no.ef,40
no.amiga,no.biz.diskusjoner,40
no.biz.annonser,no.mac,40
no.elektronikk,no.alt.arkiv,40
no.elektronikk,no.alt.config,40
no.it.diverse,no.marked.jobb,40
no.jus,no.kjemi,40
no.linux,no.it.os.os2,40
no.media,no.alt.pompel-og-pilt,40
no.media,no.alt.sjokolade,40
no.media,no.alt.tegneserier,40
no.media,no.bibsys,40
no.media,no.bil,40
no.prat.politikk,no.alt.katter,40
no.unix,no.marked.data,40
no.alt.diskusjoner,no.student.nett,39
no.alt.katter,no.alt.pompel-og-pilt,39
no.alt.sjokolade,no.alt.flame,39
no.biz.nettilbydere,no.mail.diverse,39
no.biz.nettilbydere,no.prat.seksualitet,39
no.ef,no.pressemeldinger,39
no.film,no.bil,39
no.marked.data,no.vitser,39
no.pressemeldinger,no.ef,39
no.skole.diverse,no.jus,39
no.typografi,no.tex,39
no.alkohol,no.jus,38
no.alt.flame,no.norsk,38
no.alt.pompel-og-pilt,no.c,38
no.c,no.spill,38
no.it.diverse,no.mail.diverse,38
no.kjemi,no.jus,38
no.kjemi,no.pc,38
no.linux,no.norsk,38
no.musikk,no.norsk,38
no.news.diverse,no.litteratur,38
no.news.diverse,no.medisin,38
no.tele,no.telepost,38
no.video,no.elektronikk,38
no.www,no.marked.bil,38
no.www,no.marked.bolig,38
no.www,no.marked.diskusjon,38
no.alt.irc-treff,no.alt.gledesutbrudd,37
no.biz.annonser,no.video,37
no.biz.annonser.data,no.hobby.diverse,37
no.c,no.ef,37
no.ef,no.c,37
no.hobby.diverse,no.biz.annonser.data,37
no.irc,no.kjemi,37
no.linux,no.x,37
no.marked.data,no.alt.sjokolade,37
no.marked.data,no.linux,37
no.musikk,no.pc,37
no.news.diverse,no.alt.radio-tv.irma-1000,37
no.test,no.audio,37
no.unix,no.ms-windows,37
no.alt.amiga,no.alt.flame,36
no.alt.diskusjoner,no.eunet.hjelp,36
no.alt.pompel-og-pilt,no.ef,36
no.alt.pompel-og-pilt,no.eunet.hjelp,36
no.biz.annonser,no.tele,36
no.kjemi,no.irc,36
no.linux,no.tex,36
no.litteratur,no.musikk.klassisk,36
no.multimedia,no.mac,36
no.news.diverse,no.psykologi,36
no.news.drift,unknown,36
no.pc,no.musikk,36
no.perl,no.news.diverse,36
no.prat.narkotika,no.religion,36
no.skole.diverse,no.norsk.fagord,36
no.tele,no.unix,36
no.test,no.bil,36
no.unix,no.biz.annonser.data,36
no.alkohol,no.religion,35
no.alkohol,no.vit.diverse,35
no.alt.diskusjoner,no.c,35
no.alt.mat,no.alt.sjokolade,35
no.alt.mat.drikke,no.alt.gledesutbrudd,35
no.alt.radio-tv.irma-1000,no.alt.arkiv,35
no.alt.radio-tv.irma-1000,no.alt.config,35
no.alt.radio-tv.irma-1000,no.alt.diskusjoner,35
no.alt.radio-tv.irma-1000,no.alt.flame,35
no.biz.annonser.data,no.www,35
no.jus,no.prat.aksjer,35
no.marked.bolig,no.bolig,35
no.news.diverse,no.mail.drift,35
no.news.diverse,no.media,35
no.news.drift,no.musikk,35
no.spill,no.c,35
no.tele,no.biz.diskusjoner,35
no.tele,no.news.diverse,35
no.www,no.medisin,35
no.alt.config,no.alt.katter,34
no.bil,no.religion,34
no.biz.annonser.data,no.unix,34
no.bolig,no.jus,34
no.eunet.diverse,no.bil,34
no.folklore.edb,no.marked.data,34
no.kjemi,no.bil,34
no.linux,no.marked.data,34
no.marked.bil,no.marked.data,34
no.marked.bil,no.marked.diskusjon,34
no.marked.bolig,no.marked.diskusjon,34
no.marked.data,no.marked.bil,34
no.marked.data,no.marked.bolig,34
no.marked.diskusjon,no.marked.bil,34
no.marked.diskusjon,no.marked.bolig,34
no.ms-windows,no.skole.diverse,34
no.ms-windows,no.uninett.skole,34
no.multimedia,no.it.diverse,34
no.news.diverse,no.film,34
no.norsk.fagord,no.skole.diverse,34
no.prat.politikk,no.net,34
no.radio-tv,no.marked.data,34
no.telepost,no.tele,34
no.vr,unknown,34
no.alt.diskusjoner,no.biz.annonser.data,33
no.alt.flame,no.reiser,33
no.alt.pompel-og-pilt,no.alt.mat.drikke,33
no.bil,no.film,33
no.biz.annonser,no.unix,33
no.bolig,no.marked.bolig,33
no.folklore.edb,no.amiga,33
no.folklore.edb,no.biz.annonser,33
no.folklore.edb,no.biz.annonser.data,33
no.folklore.edb,no.marked,33
no.folklore.edb,no.vr,33
no.general,no.folklore.edb,33
no.lisp,no.folklore.edb,33
no.mail.diverse,no.it.diverse,33
no.marked.bolig,no.marked.data,33
no.musikk,no.amiga,33
no.news.diverse,no.biz.annonser.data,33
no.radio-tv,no.religion,33
no.spill.sjakk,no.religion,33
no.spill.sjakk,no.vit.diverse,33
no.unix,no.biz.annonser,33
no.alt.diskusjoner,no.alt.radio-tv.irma-1000,32
no.alt.diskusjoner,no.nuug,32
no.alt.gledesutbrudd,no.alt.flame,32
no.irc,no.norsk,32
no.it.diverse,no.net,32
no.it.emacs,no.jus,32
no.litteratur,no.www,32
no.marked,no.unix,32
no.net,no.it.diverse,32
no.news.drift,no.mac,32
no.norsk.fagord,no.pc,32
no.pc,no.norsk.fagord,32
no.test,no.alt.god.jul,32
no.test,no.alt.pompel-og-pilt,32
no.test,no.alt.radio-tv.irma-1000,32
no.test,no.alt.sjokolade,32
no.test,no.alt.tegneserier,32
no.test,no.bibsys,32
no.unix,no.marked,32
no.unix,no.vr,32
no.vr,no.unix,32
no.alkohol,no.pressemeldinger,31
no.alt.config,no.alt.radio-tv.irma-1000,31
no.alt.radio-tv.irma-1000,no.amiga,31
no.eunet.diverse,no.film,31
no.film,no.eunet.diverse,31
no.folklore.edb,no.alt.irc-treff,31
no.folklore.edb,no.irc,31
no.irc,no.folklore.edb,31
no.jus,no.skole.diverse,31
no.kultur.fritid.friluftsliv,unknown,31
no.lisp,no.marked,31
no.marked.diskusjon,no.mail.diverse,31
no.marked.jobb,no.marked.diskusjon,31
no.ms-windows,no.norsk,31
no.net,no.alt.arkiv,31
no.news.diverse,no.amiga,31
no.prat.seksualitet,no.religion,31
no.psykologi,no.news.diverse,31
no.spill.sjakk,no.general,31
no.tex,no.general,31
no.unix,no.amiga,31
no.vitser,no.alt.flame,31
no.www,no.alt.flame,31
no.www,no.litteratur,31
no.alt.arkiv,no.alt.radio-tv.irma-1000,30
no.alt.arkiv,no.biz.annonser.data,30
no.alt.arkiv,no.elektronikk,30
no.alt.arkiv,no.hobby.diverse,30
no.alt.config,no.biz.annonser.data,30
no.alt.config,no.elektronikk,30
no.alt.config,no.hobby.diverse,30
no.alt.flame,no.alt.radio-tv.irma-1000,30
no.alt.flame,no.biz.annonser.data,30
no.alt.flame,no.hobby.diverse,30
no.alt.katter,no.alt.mat.drikke,30
no.alt.mat.drikke,no.alt.katter,30
no.alt.mat.drikke,no.alt.pompel-og-pilt,30
no.alt.mat.drikke,no.alt.radio-tv.irma-1000,30
no.alt.mat.drikke,no.amiga,30
no.alt.mat.drikke,no.audio,30
no.alt.radio-tv.irma-1000,no.alt.mat.drikke,30
no.alt.radio-tv.irma-1000,no.biz.annonser.data,30
no.alt.radio-tv.irma-1000,no.elektronikk,30
no.alt.radio-tv.irma-1000,no.hobby.diverse,30
no.alt.sjokolade,no.amiga,30
no.alt.tegneserier,no.amiga,30
no.amiga,no.alt.mat.drikke,30
no.amiga,no.alt.radio-tv.irma-1000,30
no.amiga,no.alt.sjokolade,30
no.amiga,no.alt.tegneserier,30
no.amiga,no.unix,30
no.amiga,no.vr,30
no.audio,no.alt.mat.drikke,30
no.biz.annonser,no.vr,30
no.biz.annonser.data,no.alt.arkiv,30
no.biz.annonser.data,no.alt.config,30
no.biz.annonser.data,no.alt.diskusjoner,30
no.biz.annonser.data,no.alt.flame,30
no.biz.annonser.data,no.alt.radio-tv.irma-1000,30
no.biz.annonser.data,no.marked.diskusjon,30
no.biz.annonser.data,no.vr,30
no.biz.diskusjoner,no.tele,30
no.eunet.hjelp,no.alt.diskusjoner,30
no.eunet.hjelp,no.general,30
no.hobby.diverse,no.alt.arkiv,30
no.hobby.diverse,no.alt.config,30
no.hobby.diverse,no.alt.flame,30
no.hobby.diverse,no.alt.radio-tv.irma-1000,30
no.it.diverse,no.vitser,30
no.jus,no.it.emacs,30
no.jus,no.prat.narkotika,30
no.marked,no.vr,30
no.marked.data,no.vr,30
no.marked.jobb,no.norsk,30
no.marked.jobb,no.pressemeldinger,30
no.net,no.prat.politikk,30
no.news.diverse,no.alt.pompel-og-pilt,30
no.news.diverse,no.spill.rollespill,30
no.norsk,no.tele,30
no.sport.diverse,no.musikk,30
no.sykkel,no.bil,30
no.uninett.skole,no.ms-windows,30
no.uninett.skole,no.student.nett,30
no.unix,no.c,30
no.vr,no.amiga,30
no.vr,no.biz.annonser,30
no.vr,no.biz.annonser.data,30
no.vr,no.marked,30
no.vr,no.marked.data,30
no.vr,no.www,30
no.www,no.bolig,30
no.alt.diskusjoner,no.eunet.diverse,29
no.alt.diskusjoner,no.film,29
no.alt.katter,no.alt.radio-tv.irma-1000,29
no.alt.katter,no.alt.sjokolade,29
no.alt.katter,no.alt.tegneserier,29
no.alt.katter,no.amiga,29
no.alt.katter,no.audio,29
no.alt.mat.drikke,no.it.emacs,29
no.alt.radio-tv.irma-1000,no.alt.katter,29
no.alt.sjokolade,no.alt.katter,29
no.alt.tegneserier,no.alt.katter,29
no.amiga,no.alt.katter,29
no.audio,no.alt.katter,29
no.c,no.alt.pompel-og-pilt,29
no.eunet.hjelp,no.amiga,29
no.eunet.hjelp,no.c,29
no.eunet.hjelp,no.ef,29
no.irc,no.it.emacs,29
no.linux,no.it.emacs,29
no.mail.diverse,no.marked,29
no.marked.bolig,unknown,29
no.marked.diskusjon,no.www,29
no.marked.jobb,no.marked.bil,29
no.marked.jobb,no.marked.bolig,29
no.media,no.pressemeldinger,29
no.medisin,no.alt.sjokolade,29
no.medisin,no.org.efn.diskusjon,29
no.ms-windows,no.alt.diskusjoner,29
no.ms-windows,no.irc,29
no.news.diverse,no.alt.sjokolade,29
no.norsk,no.alt.flame,29
no.norsk,no.prat.narkotika,29
no.norsk,no.typografi,29
no.psykologi,no.medisin,29
no.radio-tv,no.vit.diverse,29
no.skole.diverse,no.ms-windows,29
no.sport.diverse,no.alt.flame,29
no.student.nett,no.uninett.skole,29
no.vit.diverse,no.alt.mat,29
no.alt.flame,no.litteratur,28
no.alt.gledesutbrudd,no.bil,28
no.amiga,no.ef,28
no.amiga,no.eunet.hjelp,28
no.biz.annonser,no.marked.diskusjon,28
no.elektronikk,no.video,28
no.general,no.test,28
no.it.diverse,no.multimedia,28
no.it.emacs,no.irc,28
no.it.emacs,no.kjemi,28
no.kjemi,no.it.emacs,28
no.marked,no.it.diverse,28
no.marked,no.news.diverse,28
no.marked.bil,no.marked.jobb,28
no.marked.bil,no.www,28
no.marked.bolig,no.marked.jobb,28
no.marked.bolig,no.www,28
no.marked.data,no.radio-tv,28
no.marked.jobb,no.alt.sjokolade,28
no.media,no.news.diverse,28
no.musikk.gitar,no.marked,28
no.news.diverse,no.bolig,28
no.norsk,no.org.efn.diskusjon,28
no.test,no.pc,28
no.unix,no.vitser,28
no.www,no.bil,28
no.alt.gledesutbrudd,no.biz.annonser,27
no.alt.gledesutbrudd,no.eunet.diverse,27
no.alt.gledesutbrudd,no.marked.data,27
no.alt.gledesutbrudd,no.www,27
no.alt.mat,no.bil,27
no.alt.mat,no.biz.annonser,27
no.alt.mat,no.eunet.diverse,27
no.bil,no.alt.mat,27
no.bil,no.eunet.diverse,27
no.biz.annonser,no.alt.gledesutbrudd,27
no.biz.annonser,no.alt.mat,27
no.biz.annonser,no.eunet.diverse,27
no.biz.annonser,no.marked.bolig,27
no.biz.annonser,no.ms-windows,27
no.elektronikk,no.media,27
no.eunet.diverse,no.alt.diskusjoner,27
no.eunet.diverse,no.alt.gledesutbrudd,27
no.eunet.diverse,no.alt.mat,27
no.eunet.diverse,no.biz.annonser,27
no.film,no.alt.diskusjoner,27
no.it.emacs,no.alt.gledesutbrudd,27
no.marked,no.mail.diverse,27
no.marked,no.musikk.gitar,27
no.marked.bolig,no.biz.annonser,27
no.marked.data,no.mail.diverse,27
no.medisin,no.alt.mat.drikke,27
no.medisin,no.psykologi,27
no.ms-windows,no.biz.annonser,27
no.norsk,no.ms-windows,27
no.norsk.fagord,no.www,27
no.prat.narkotika,no.kjemi,27
no.sport.diverse,no.alt.gledesutbrudd,27
no.sport.volleyball,no.sport.fotball,27
no.vitser,no.vit.diverse,27
no.www,no.bibsys,27
no.c,no.alt.diskusjoner,26
no.c,no.eunet.hjelp,26
no.ef,no.amiga,26
no.ef,no.eunet.hjelp,26
no.eunet.hjelp,no.alt.pompel-og-pilt,26
no.folklore.edb,no.it.diverse,26
no.it.os.os2,no.linux,26
no.jus,no.vitser,26
no.litteratur,no.alt.flame,26
no.litteratur,no.marked,26
no.marked,no.litteratur,26
no.media,no.lisp,26
no.media,no.vitser,26
no.multimedia,no.pressemeldinger,26
no.news.diverse,no.alt.tegneserier,26
no.news.diverse,no.slekt.etterlysning,26
no.org.efn.diskusjon,no.medisin,26
no.pc,no.mail.drift,26
no.radio-tv,no.alt.radio-tv.irma-1000,26
no.test,no.news.diverse,26
no.alt.fan.de-lillos,no.alt.diskusjoner,25
no.alt.flame,no.marked.data,25
no.alt.gledesutbrudd,no.news.diverse,25
no.alt.katter,no.marked,25
no.biz.annonser,no.radio-tv,25
no.marked.bil,no.linux,25
no.musikk,no.bil,25
no.org.efn.diskusjon,no.media,25
no.psykologi,no.jus,25
no.radio-tv,no.alt.pompel-og-pilt,25
no.radio-tv,no.alt.sjokolade,25
no.radio-tv,no.bibsys,25
no.radio-tv,no.bil,25
no.radio-tv,no.biz.annonser,25
no.radio-tv,no.pressemeldinger,25
no.sport.diverse,no.biz.annonser.data,25
no.sport.diverse,no.marked.data,25
no.sport.diverse,no.multimedia,25
no.velkommen,no.svar,25
no.alt.amiga,unknown,24
no.alt.gledesutbrudd,no.marked.jobb,24
no.alt.sjokolade,no.marked.data,24
no.alt.sjokolade,no.vitser,24
no.biz.annonser.data,no.sport.diverse,24
no.c,no.bil,24
no.c,no.unix,24
no.elektronikk,no.bolig,24
no.it.emacs,no.linux,24
no.jus,no.audio,24
no.litteratur,no.marked.bil,24
no.marked,no.lisp,24
no.marked,no.mail.drift,24
no.marked.bil,no.lisp,24
no.marked.data,no.alt.flame,24
no.marked.data,no.alt.gledesutbrudd,24
no.marked.data,no.sport.diverse,24
no.marked.data,no.velkommen,24
no.medisin,no.news.diverse,24
no.medisin,no.prat.seksualitet,24
no.multimedia,no.sport.diverse,24
no.news.diverse,no.alt.katter,24
no.norsk.fagord,no.media,24
no.prat.politikk,no.student.nett,24
no.pressemeldinger,no.marked.jobb,24
no.standard,unknown,24
no.sykkel,no.jus,24
no.video,no.amiga,24
no.alt.gledesutbrudd,no.slekt.etterlysning,23
no.alt.sjokolade,no.marked.jobb,23
no.alt.sjokolade,no.slekt.etterlysning,23
no.alt.tegneserier,no.www,23
no.biz.annonser,no.musikk.gitar,23
no.biz.diskusjoner,no.c,23
no.ef,no.alt.pompel-og-pilt,23
no.marked.data,no.media,23
no.marked.data,no.slekt.etterlysning,23
no.news.diverse,no.bil,23
no.norsk,no.svar,23
no.psykologi,no.litteratur,23
no.skole.diverse,no.student.nett,23
no.standard,no.c,23
no.www,no.skole.diverse,23
no.alkohol,no.bil,22
no.alkohol,no.hobby.diverse,22
no.alkohol,no.marked,22
no.alt.diskusjoner,no.news.drift,22
no.alt.fan.de-lillos,no.alkohol,22
no.alt.flame,no.marked.jobb,22
no.alt.flame,no.slekt.etterlysning,22
no.alt.sjokolade,no.alt.mat,22
no.amiga,no.musikk,22
no.biz.annonser,no.mail.diverse,22
no.biz.annonser,no.news.diverse,22
no.biz.diskusjoner,no.ef,22
no.film,no.pc,22
no.film,no.prat.seksualitet,22
no.jus,no.litteratur,22
no.linux,no.nuug,22
no.linux,no.svar,22
no.mail.diverse,no.biz.annonser,22
no.marked.data,no.news.diverse,22
no.media,no.pc,22
no.medisin,no.norsk.fagord,22
no.net,no.alt.radio-tv.irma-1000,22
no.news.diverse,no.bibsys,22
no.news.diverse,no.multimedia,22
no.norsk.fagord,no.kjemi,22
no.norsk.fagord,no.medisin,22
no.prat.seksualitet,no.irc,22
no.speider,no.alt.gledesutbrudd,22
no.sport.diverse,no.medisin,22
no.standard,no.net,22
no.student.nett,no.skole.diverse,22
no.tele,no.multimedia,22
no.vitser,no.marked.data,22
no.www,no.alt.gledesutbrudd,22
no.alkohol,no.folklore.overtro,21
no.alkohol,no.prat.ufo,21
no.alt.gledesutbrudd,no.sport.diverse,21
no.alt.mat.drikke,no.alt.arkiv,21
no.alt.sjokolade,no.medisin,21
no.alt.tegneserier,no.biz.annonser,21
no.alt.tegneserier,no.norsk,21
no.amiga,no.video,21
no.biz.annonser,no.alt.tegneserier,21
no.biz.nettilbydere,no.jus,21
no.folklore.generelt,unknown,21
no.general,no.it.os.os2,21
no.it.diverse,no.student.nett,21
no.mac,no.alt.god.jul,21
no.mac,no.marked.bil,21
no.mail.diverse,no.marked.bil,21
no.mail.drift,no.marked,21
no.mail.drift,no.marked.bil,21
no.marked.bil,no.litteratur,21
no.marked.bil,no.mac,21
no.marked.bil,no.mail.diverse,21
no.marked.bil,no.mail.drift,21
no.marked.bolig,no.musikk.gitar,21
no.marked.data,no.irc,21
no.marked.jobb,no.it.diverse,21
no.musikk.gitar,no.marked.bolig,21
no.net,no.standard,21
no.news.diverse,no.folklore.overtro,21
no.news.diverse,no.prat.ufo,21
no.nuug,no.linux,21
no.pressemeldinger,no.alkohol,21
no.pressemeldinger.diskusjon,no.jus,21
no.pressemeldinger.diskusjon,no.pressemeldinger,21
no.pressemeldinger.diskusjon,no.skole.diverse,21
no.standard,no.alt.arkiv,21
no.standard,no.prat.politikk,21
no.standard,no.student.nett,21
no.standard,no.student.samfund,21
no.student.nett,no.it.diverse,21
no.vit.diverse,no.spill.sjakk,21
no.alt.arkiv,no.net,20
no.alt.arkiv,no.prat.politikk,20
no.alt.arkiv,no.standard,20
no.alt.arkiv,no.student.nett,20
no.alt.arkiv,no.student.samfund,20
no.alt.gledesutbrudd,no.it.emacs,20
no.bil,no.alkohol,20
no.bil,no.c,20
no.biz.annonser.data,no.velkommen,20
no.biz.diskusjoner,no.alt.diskusjoner,20
no.bolig,no.musikk,20
no.bolig,no.musikk.gitar,20
no.jus,no.psykologi,20
no.marked.bolig,no.musikk,20
no.marked.data,no.alt.tegneserier,20
no.marked.jobb,no.biz.annonser,20
no.musikk.gitar,no.biz.annonser,20
no.musikk.gitar,no.bolig,20
no.net,no.alt.flame,20
no.net,no.student.samfund,20
no.news.diverse,no.uninett.skole,20
no.prat.politikk,no.alt.arkiv,20
no.prat.politikk,no.standard,20
no.student.nett,no.alt.arkiv,20
no.student.nett,no.general,20
no.student.nett,no.prat.politikk,20
no.student.nett,no.standard,20
no.student.samfund,no.alt.arkiv,20
no.student.samfund,no.net,20
no.student.samfund,no.standard,20
no.test,no.jus,20
no.test,no.musikk,20
no.uninett.skole,no.it.diverse,20
no.unix,no.tele,20
no.vitser,no.alt.sjokolade,20
no.vitser,no.marked.jobb,20
no.vitser,no.media,20
no.vitser,no.slekt.etterlysning,20
no.alt.fan.de-lillos,unknown,19
no.alt.god.jul,no.alt.config,19
no.alt.katter,no.medisin,19
no.biz.annonser,no.marked.jobb,19
no.biz.annonser.data,no.mac,19
no.biz.diskusjoner,no.eunet.hjelp,19
no.eunet.hjelp,no.eunet.drift,19
no.it.diverse,no.norsk,19
no.it.diverse,no.skole.diverse,19
no.it.diverse,no.uninett.skole,19
no.mail.diverse,no.elektronikk,19
no.mail.diverse,no.slekt,19
no.media,no.net,19
no.media,no.uninett.skole,19
no.multimedia,no.alt.tegneserier,19
no.news.diverse,no.alkohol,19
no.news.diverse,no.irc,19
no.news.diverse,no.unix,19
no.norsk,no.it.diverse,19
no.norsk,no.student.nett,19
no.pc,no.skole.diverse,19
no.prat.narkotika,no.jus,19
no.prat.politikk,no.psykologi,19
no.pressemeldinger,no.media,19
no.pressemeldinger,no.multimedia,19
no.pressemeldinger,no.radio-tv,19
no.skole.diverse,no.it.diverse,19
no.skole.diverse,no.pc,19
no.student.nett,no.norsk,19
no.vit.diverse,no.c,19
no.vit.diverse,no.elektronikk,19
no.alt.config,no.alt.gledesutbrudd,18
no.alt.diskusjoner,no.alt.tegneserier,18
no.alt.god.jul,no.ef,18
no.alt.katter,no.alt.config,18
no.alt.katter,no.alt.diskusjoner,18
no.alt.sjokolade,no.alkohol,18
no.alt.sjokolade,no.alt.arkiv,18
no.ef,no.alt.god.jul,18
no.embnet,unknown,18
no.folklore.edb,no.alt.gledesutbrudd,18
no.hobby.diverse,no.radio-tv,18
no.it.diverse,no.lisp,18
no.linux,no.c,18
no.lisp,no.it.diverse,18
no.mail.diverse,no.marked.diskusjon,18
no.marked.jobb,no.medisin,18
no.multimedia,no.marked.jobb,18
no.net,no.biz,18
no.org.efn.diskusjon,no.org.isoc-no,18
no.pc,no.alt.config,18
no.pc,no.litteratur,18
no.pc,no.marked.bil,18
no.radio-tv,no.hobby.diverse,18
no.sport.diverse,no.marked.jobb,18
no.sykkel,no.speider,18
no.tele,no.mac,18
no.typografi,no.www,18
no.uninett.skole,no.media,18
no.unix,no.tex,18
no.vit.diverse,no.alt.god.jul,18
no.vitser,no.kjemi,18
no.alt.fan.de-lillos,no.alt.flame,17
no.alt.pompel-og-pilt,no.hobby.diverse,17
no.alt.pompel-og-pilt,no.marked,17
no.alt.pompel-og-pilt,no.news.diverse,17
no.alt.sjokolade,no.biz.annonser,17
no.alt.troll,unknown,17
no.c,no.tex,17
no.elektronikk,no.it.diverse,17
no.eunet.drift,no.eunet.hjelp,17
no.irc,no.mail.diverse,17
no.irc,no.ms-windows,17
no.it.diverse,no.elektronikk,17
no.mac,no.alt.config,17
no.mac,no.biz.annonser.data,17
no.mac,no.ef,17
no.mail.drift,no.www,17
no.marked,no.kryptografi,17
no.marked.data,no.alt.god.jul,17
no.marked.jobb,no.alt.flame,17
no.marked.jobb,no.alt.gledesutbrudd,17
no.marked.jobb,no.slekt.etterlysning,17
no.marked.jobb,no.sport.diverse,17
no.marked.jobb,no.vitser,17
no.news.diverse,no.biz,17
no.news.diverse,no.elektronikk,17
no.pc,no.media,17
no.prat.aksjer,no.jus,17
no.prat.narkotika,no.litteratur,17
no.prat.ufo,no.media,17
no.slekt.etterlysning,no.alt.flame,17
no.slekt.etterlysning,no.alt.gledesutbrudd,17
no.slekt.etterlysning,no.alt.sjokolade,17
no.slekt.etterlysning,no.marked.data,17
no.slekt.etterlysning,no.marked.jobb,17
no.slekt.etterlysning,no.vitser,17
no.spill,no.vit.diverse,17
no.sport.diverse,no.prat.politikk,17
no.test,no.www,17
no.tex,no.c,17
no.www,no.film,17
no.alkohol,no.alt.sjokolade,16
no.alkohol,no.alt.tegneserier,16
no.alkohol,no.biz.annonser,16
no.alt.fan.de-lillos,no.ai,16
no.alt.fan.de-lillos,no.alt.arkiv,16
no.alt.fan.de-lillos,no.alt.config,16
no.alt.tegneserier,no.marked,16
no.bil,no.kjemi,16
no.biz.diskusjoner,no.mail.diverse,16
no.biz.diskusjoner,no.marked.diskusjon,16
no.c,no.audio,16
no.film,no.www,16
no.general,no.spill.sjakk,16
no.hobby.diverse,no.news.diverse,16
no.irc,no.mac,16
no.it.diverse,no.biz.nettilbydere,16
no.kryptografi,no.marked,16
no.litteratur,no.bibsys,16
no.mail.diverse,no.biz.diskusjoner,16
no.marked.data,no.litteratur,16
no.marked.diskusjon,no.biz.diskusjoner,16
no.marked.jobb,no.audio,16
no.marked.jobb,no.multimedia,16
no.multimedia,no.alt.god.jul,16
no.net,no.media,16
no.news.diverse,no.alt.arkiv,16
no.news.diverse,no.kultur.fritid.friluftsliv,16
no.org.efn.diskusjon,no.it.diverse,16
no.org.isoc-no,no.org.efn.diskusjon,16
no.pc,no.alt.arkiv,16
no.pc,no.alt.radio-tv.irma-1000,16
no.pc,no.film,16
no.psykologi,no.norsk,16
no.slekt,no.mail.diverse,16
no.slekt.etterlysning,no.sources.list,16
no.slekt.programmer,no.sources.list,16
no.sources.list,no.slekt.etterlysning,16
no.sources.list,no.slekt.programmer,16
no.sport.fotball,no.sport.volleyball,16
no.tele,no.hobby.diverse,16
no.video,no.www,16
no.alt.arkiv,no.alt.mat.drikke,15
no.alt.arkiv,no.alt.sjokolade,15
no.alt.arkiv,no.alt.tegneserier,15
no.alt.arkiv,no.bil,15
no.alt.arkiv,no.biz.annonser,15
no.alt.mat.drikke,no.bil,15
no.alt.mat.drikke,no.biz.annonser,15
no.alt.tegneserier,no.alkohol,15
no.alt.tegneserier,no.alt.arkiv,15
no.bil,no.alt.arkiv,15
no.bil,no.alt.mat.drikke,15
no.biz.annonser,no.alkohol,15
no.biz.annonser,no.alt.arkiv,15
no.biz.annonser,no.alt.mat.drikke,15
no.biz.annonser,no.alt.sjokolade,15
no.biz.annonser,no.media,15
no.biz.annonser,no.pressemeldinger,15
no.biz.diskusjoner,no.alt.pompel-og-pilt,15
no.biz.nettilbydere,no.linux,15
no.bolig,no.elektronikk,15
no.elektronikk,no.irc,15
no.hobby.diverse,no.alkohol,15
no.hobby.diverse,no.mac,15
no.irc,no.elektronikk,15
no.irc,no.kryptografi,15
no.it.diverse,no.linux,15
no.it.diverse,no.org.dnd,15
no.it.emacs,no.lisp,15
no.kryptografi,no.biz.annonser,15
no.kryptografi,no.it.emacs,15
no.litteratur,no.jus,15
no.mail.diverse,no.marked.data,15
no.marked,no.alt.katter,15
no.marked,no.musikk.klassisk,15
no.media,no.elektronikk,15
no.media,no.mac,15
no.medisin,no.alt.katter,15
no.medisin,no.marked.jobb,15
no.multimedia,no.alt.pompel-og-pilt,15
no.multimedia,no.alt.radio-tv.irma-1000,15
no.multimedia,no.alt.sjokolade,15
no.multimedia,no.bibsys,15
no.multimedia,no.bil,15
no.news.diverse,no.alt.mat.drikke,15
no.news.diverse,no.video,15
no.news.drift,no.net,15
no.org.dnd,no.it.diverse,15
no.org.dnd,no.pc,15
no.org.dnd,no.www,15
no.pc,no.org.dnd,15
no.prat.seksualitet,no.velkommen,15
no.psykologi,no.prat.politikk,15
no.radio-tv,no.litteratur,15
no.radio-tv,no.mac,15
no.test,no.marked.data,15
no.test,no.media,15
no.test,no.prat.politikk,15
no.test,no.tele,15
no.vit.diverse,no.radio-tv,15
no.www,no.org.dnd,15
no.alt.diskusjoner,no.biz.diskusjoner,14
no.alt.diskusjoner,no.slekt,14
no.alt.fan.de-lillos,no.alt.amiga,14
no.alt.katter,no.news.diverse,14
no.audio,no.biz.annonser.data,14
no.audio,no.jus,14
no.biz.annonser,no.kryptografi,14
no.biz.annonser.data,no.audio,14
no.bolig,no.kjemi,14
no.c,no.bibsys,14
no.c,no.biz.diskusjoner,14
no.c,no.linux,14
no.folklore.edb,no.mac,14
no.folklore.edb,no.norsk,14
no.folklore.edb,no.perl,14
no.general,no.uninett.hjelp,14
no.it.diverse,no.biz.diskusjoner,14
no.jus,no.alt.gledesutbrudd,14
no.jus,no.it.os.os2,14
no.jus,no.marked.jobb,14
no.jus,no.slekt,14
no.kjemi,no.bolig,14
no.kryptografi,no.irc,14
no.mac,no.audio,14
no.mail.diverse,no.prat.politikk,14
no.mail.diverse,no.psykologi,14
no.media,no.biz.annonser,14
no.medisin,no.sport.diverse,14
no.multimedia,no.tele,14
no.musikk,no.alt.mat,14
no.news.drift,no.alt.diskusjoner,14
no.prat.narkotika,no.skole.diverse,14
no.prat.narkotika,no.vit.diverse,14
no.prat.politikk,no.mail.diverse,14
no.prat.politikk,no.slekt,14
no.prat.ufo,no.kryptografi,14
no.prat.ufo,no.norsk,14
no.prat.ufo,no.psykologi,14
no.psykologi,no.mail.diverse,14
no.psykologi,no.slekt,14
no.reiser,no.www,14
no.skole.diverse,no.slekt,14
no.slekt,no.general,14
no.sport.volleyball,no.sport.orientering,14
no.test,no.norsk,14
no.typografi,no.it.emacs,14
no.uninett.skole,no.biz.annonser,14
no.video,no.media,14
no.www,no.reiser,14
no.alt.config,no.alt.god.jul,13
no.alt.config,no.ef,13
no.alt.config,no.mac,13
no.alt.flame,no.sykkel,13
no.alt.god.jul,no.mac,13
no.alt.mat,no.alt.flame,13
no.alt.mat.drikke,no.medisin,13
no.biz.annonser,no.student.nett,13
no.biz.annonser,no.student.samfund,13
no.biz.nettilbydere,no.mac,13
no.ef,no.alt.config,13
no.ef,no.biz.diskusjoner,13
no.ef,no.mac,13
no.ef,no.norsk,13
no.elektronikk,no.mail.diverse,13
no.elektronikk,no.mail.drift,13
no.irc,no.it.os.os2,13
no.it.diverse,no.reiser,13
no.jus,no.lisp,13
no.linux,no.spill,13
no.mac,no.biz.nettilbydere,13
no.mail.diverse,no.tele,13
no.mail.drift,no.elektronikk,13
no.mail.drift,no.net,13
no.marked.bil,no.alt.diskusjoner,13
no.marked.bolig,no.alt.diskusjoner,13
no.marked.data,no.alt.pompel-og-pilt,13
no.marked.data,no.alt.radio-tv.irma-1000,13
no.marked.data,no.bibsys,13
no.marked.data,no.bil,13
no.marked.jobb,no.unix,13
no.media,no.video,13
no.ms-windows,no.unix,13
no.musikk.gitar,no.slekt.etterlysning,13
no.net,no.bibsys,13
no.net,no.reiser,13
no.news.diverse,no.biz.diskusjoner,13
no.news.diverse,no.marked.bolig,13
no.news.diverse,no.prat.narkotika,13
no.org.efn.diskusjon,no.prat.politikk,13
no.org.efn.diskusjon,no.www,13
no.pc,no.religion,13
no.pc,no.test,13
no.prat.politikk,no.pressemeldinger.diskusjon,13
no.prat.seksualitet,no.radio-tv,13
no.prat.ufo,no.kjemi,13
no.prat.ufo,no.skole.diverse,13
no.radio-tv,no.prat.seksualitet,13
no.reiser,no.it.diverse,13
no.reiser,no.net,13
no.religion,no.pc,13
no.religion,no.www,13
no.sport.orientering,no.sport.volleyball,13
no.student.nett,no.biz.annonser,13
no.student.samfund,no.biz.annonser,13
no.tele,no.mail.diverse,13
no.uninett.skole,no.news.diverse,13
no.www,no.alt.god.jul,13
no.alkohol,no.alt.fan.de-lillos,12
no.alt.diskusjoner,no.alt.fan.de-lillos,12
no.alt.flame,no.jus,12
no.alt.flame,no.linux,12
no.alt.katter,no.hobby.diverse,12
no.alt.mat,no.alkohol,12
no.audio,no.c,12
no.bil,no.amiga,12
no.bil,no.reiser,12
no.biz.annonser,no.uninett.skole,12
no.biz.annonser.data,no.mail.diverse,12
no.biz.annonser.data,no.marked.jobb,12
no.elektronikk,no.film,12
no.film,no.elektronikk,12
no.folklore.generelt,no.jus,12
no.irc,no.audio,12
no.irc,no.bil,12
no.it.diverse,no.bibsys,12
no.it.diverse,no.bil,12
no.it.diverse,no.biz,12
no.it.diverse,no.bolig,12
no.it.diverse,no.folklore.edb,12
no.it.diverse,no.typografi,12
no.it.emacs,no.it.os.os2,12
no.it.os.os2,no.irc,12
no.it.os.os2,no.it.emacs,12
no.it.os.os2,no.jus,12
no.it.os.os2,no.kjemi,12
no.kjemi,no.it.os.os2,12
no.linux,no.marked.bil,12
no.lisp,no.marked.bil,12
no.litteratur,no.alt.tegneserier,12
no.mac,no.typografi,12
no.marked.diskusjon,no.ms-windows,12
no.marked.jobb,no.biz.annonser.data,12
no.marked.jobb,no.mail.diverse,12
no.ms-windows,no.linux,12
no.musikk,no.prat.politikk,12
no.musikk.gitar,no.alt.sjokolade,12
no.musikk.gitar,no.general,12
no.musikk.klassisk,no.musikk.gitar,12
no.net,no.alt.god.jul,12
no.net,no.alt.pompel-og-pilt,12
no.net,no.alt.sjokolade,12
no.net,no.alt.tegneserier,12
no.net,no.audio,12
no.net,no.bil,12
no.news.diverse,no.ef,12
no.news.diverse,no.marked.jobb,12
no.norsk,no.bil,12
no.nuug,no.unix,12
no.pc,no.lisp,12
no.reiser,no.radio-tv,12
no.reiser,no.religion,12
no.reiser,no.skole.diverse,12
no.reiser,no.slekt,12
no.reiser,no.slekt.etterlysning,12
no.reiser,no.slekt.programmer,12
no.reiser,no.sources.list,12
no.skole.diverse,no.radio-tv,12
no.skole.diverse,no.reiser,12
no.skole.diverse,no.slekt.etterlysning,12
no.skole.diverse,no.slekt.programmer,12
no.skole.diverse,no.sources.list,12
no.slekt,no.skole.diverse,12
no.sport.diverse,no.sport.fotball,12
no.tegnsett,no.jus,12
no.tegnsett,no.prat.politikk,12
no.tegnsett,no.student.samfund,12
no.test,no.alt.diskusjoner,12
no.vit.diverse,no.kryptografi,12
no.vit.diverse,no.norsk,12
no.vit.diverse,no.vitser,12
no.www,no.ef,12
no.alt.gledesutbrudd,no.alt.katter,11
no.amiga,no.bil,11
no.audio,no.mac,11
no.bil,no.sport.diverse,11
no.bil,no.sykkel,11
no.biz.annonser,no.marked.bil,11
no.bolig,no.c,11
no.c,no.bolig,11
no.elektronikk,no.vit.diverse,11
no.film,no.tegnsett,11
no.havforskning,no.jus,11
no.havforskning,no.kjemi,11
no.irc,no.lisp,11
no.irc,no.marked.data,11
no.it.diverse,no.unix,11
no.it.emacs,no.kryptografi,11
no.it.os.os2,no.kryptografi,11
no.jus,no.alt.flame,11
no.jus,no.havforskning,11
no.kjemi,no.alt.mat,11
no.kjemi,no.havforskning,11
no.kryptografi,no.it.os.os2,11
no.linux,no.havforskning,11
no.lisp,no.jus,11
no.lisp,no.www,11
no.marked,no.alkohol,11
no.marked.bil,no.biz.annonser,11
no.marked.bolig,no.news.diverse,11
no.marked.jobb,no.alt.god.jul,11
no.marked.jobb,no.alt.pompel-og-pilt,11
no.marked.jobb,no.alt.radio-tv.irma-1000,11
no.marked.jobb,no.alt.tegneserier,11
no.marked.jobb,no.bibsys,11
no.marked.jobb,no.bil,11
no.news.diverse,no.alt.god.jul,11
no.news.drift,no.uninett.drift,11
no.norsk,no.alkohol,11
no.radio-tv,no.slekt,11
no.religion,no.musikk,11
no.slekt,no.alt.diskusjoner,11
no.slekt,no.jus,11
no.slekt,no.norsk,11
no.slekt,no.prat.politikk,11
no.slekt,no.psykologi,11
no.slekt,no.radio-tv,11
no.student.nett,no.vit.diverse,11
no.test,no.marked.jobb,11
no.tex,no.linux,11
no.uninett.drift,no.news.drift,11
no.unix,no.mac,11
no.unix,no.nuug,11
no.video,no.mac,11
no.vit.diverse,no.alkohol,11
no.vit.diverse,no.student.nett,11
no.www,no.typografi,11
no.alt.diskusjoner,no.biz.nettilbydere,10
no.alt.diskusjoner,no.test,10
no.alt.flame,no.biz.nettilbydere,10
no.alt.flame,no.tele,10
no.alt.gledesutbrudd,no.reiser,10
no.alt.mat.drikke,no.media,10
no.audio,no.bolig,10
no.audio,no.www,10
no.bibsys,no.ms-windows,10
no.bibsys,no.norsk.fagord,10
no.bibsys,no.skole.diverse,10
no.bibsys,no.uninett.skole,10
no.bibsys,no.vit.diverse,10
no.biz.annonser,no.uninett.hjelp,10
no.biz.nettilbydere,no.alt.flame,10
no.biz.nettilbydere,no.prat.politikk,10
no.biz.nettilbydere,no.stortinget,10
no.bolig,no.audio,10
no.c,no.elektronikk,10
no.c,no.film,10
no.elektronikk,no.bibsys,10
no.elektronikk,no.biz.diskusjoner,10
no.elektronikk,no.biz.nettilbydere,10
no.elektronikk,no.c,10
no.eunet.hjelp,no.biz.diskusjoner,10
no.film,no.c,10
no.general,no.musikk.gitar,10
no.general,no.svar,10
no.havforskning,no.irc,10
no.havforskning,no.linux,10
no.hobby.diverse,no.alt.katter,10
no.hobby.diverse,no.alt.pompel-og-pilt,10
no.irc,no.havforskning,10
no.it.os.os2,no.lisp,10
no.jus,no.pressemeldinger,10
no.jus,no.sykkel,10
no.kryptografi,no.pressemeldinger,10
no.lisp,no.irc,10
no.lisp,no.it.emacs,10
no.lisp,no.it.os.os2,10
no.media,no.alt.arkiv,10
no.media,no.alt.config,10
no.media,no.alt.flame,10
no.media,no.kjemi,10
no.ms-windows,no.bibsys,10
no.ms-windows,no.norsk.fagord,10
no.ms-windows,no.vit.diverse,10
no.musikk,no.prat.seksualitet,10
no.net,no.alt.config,10
no.net,no.biz.annonser.data,10
no.net,no.hobby.diverse,10
no.net,no.stortinget,10
no.news.diverse,no.velkommen,10
no.norsk,no.folklore.edb,10
no.norsk.fagord,no.bibsys,10
no.norsk.fagord,no.folklore.edb,10
no.norsk.fagord,no.ms-windows,10
no.norsk.fagord,no.uninett.skole,10
no.norsk.fagord,no.vit.diverse,10
no.prat.politikk,no.biz.nettilbydere,10
no.prat.politikk,no.tele,10
no.radio-tv,no.alt.gledesutbrudd,10
no.radio-tv,no.reiser,10
no.radio-tv,no.skole.diverse,10
no.radio-tv,no.slekt.etterlysning,10
no.radio-tv,no.slekt.programmer,10
no.radio-tv,no.sources.list,10
no.religion,no.reiser,10
no.religion,no.slekt,10
no.religion,no.slekt.etterlysning,10
no.religion,no.slekt.programmer,10
no.religion,no.sources.list,10
no.skole.diverse,no.bibsys,10
no.slekt,no.mac,10
no.slekt,no.reiser,10
no.slekt,no.religion,10
no.slekt,no.sources.list,10
no.slekt.etterlysning,no.mac,10
no.slekt.etterlysning,no.radio-tv,10
no.slekt.etterlysning,no.reiser,10
no.slekt.etterlysning,no.religion,10
no.slekt.etterlysning,no.skole.diverse,10
no.slekt.programmer,no.mac,10
no.slekt.programmer,no.radio-tv,10
no.slekt.programmer,no.reiser,10
no.slekt.programmer,no.religion,10
no.slekt.programmer,no.skole.diverse,10
no.sources.list,no.radio-tv,10
no.sources.list,no.reiser,10
no.sources.list,no.religion,10
no.sources.list,no.skole.diverse,10
no.sources.list,no.slekt,10
no.speider,no.sykkel,10
no.spill,no.religion,10
no.spill.sjakk,no.spill,10
no.sport.fotball,no.alt.diskusjoner,10
no.stortinget,no.biz.nettilbydere,10
no.stortinget,no.net,10
no.stortinget,no.tele,10
no.student.nett,no.uninett.hjelp,10
no.student.samfund,no.uninett.hjelp,10
no.student.samfund,no.uninett.skole,10
no.sykkel,no.alkohol,10
no.tegnsett,no.film,10
no.tele,no.alt.flame,10
no.tele,no.prat.politikk,10
no.tele,no.stortinget,10
no.test,no.marked,10
no.test,no.unix,10
no.typografi,no.pc,10
no.uninett.hjelp,no.biz.annonser,10
no.uninett.hjelp,no.general,10
no.uninett.hjelp,no.student.nett,10
no.uninett.hjelp,no.student.samfund,10
no.uninett.hjelp,no.uninett.skole,10
no.uninett.skole,no.bibsys,10
no.uninett.skole,no.norsk.fagord,10
no.uninett.skole,no.student.samfund,10
no.uninett.skole,no.uninett.hjelp,10
no.uninett.skole,no.vit.diverse,10
no.unix,no.marked.jobb,10
no.vit.diverse,no.bibsys,10
no.vit.diverse,no.ms-windows,10
no.vit.diverse,no.norsk.fagord,10
no.vit.diverse,no.uninett.skole,10
no.www,no.alt.config,10
no.alkohol,no.audio,9
no.alt.diskusjoner,no.marked.jobb,9
no.alt.flame,no.alt.mat,9
no.alt.gledesutbrudd,no.folklore.edb,9
no.alt.gledesutbrudd,no.uninett.skole,9
no.alt.mat,no.musikk,9
no.alt.pompel-og-pilt,no.biz.diskusjoner,9
no.audio,no.alkohol,9
no.audio,no.biz,9
no.bibsys,no.c,9
no.biz,no.audio,9
no.biz.nettilbydere,no.it.diverse,9
no.biz.nettilbydere,no.telepost,9
no.ef,no.alt.sjokolade,9
no.elektronikk,no.biz,9
no.general,no.alt.amiga,9
no.hobby.diverse,no.www,9
no.jus,no.spill,9
no.jus,no.stortinget,9
no.litteratur,no.alt.god.jul,9
no.litteratur,no.alt.pompel-og-pilt,9
no.litteratur,no.alt.radio-tv.irma-1000,9
no.litteratur,no.alt.sjokolade,9
no.litteratur,no.audio,9
no.litteratur,no.bil,9
no.mac,no.tele,9
no.mail.drift,no.general,9
no.marked,no.alt.mat,9
no.marked.bolig,no.litteratur,9
no.marked.bolig,no.mac,9
no.marked.bolig,no.mail.diverse,9
no.marked.bolig,no.mail.drift,9
no.marked.diskusjon,no.vit.diverse,9
no.ms-windows,no.kjemi,9
no.ms-windows,no.kryptografi,9
no.ms-windows,no.lisp,9
no.ms-windows,no.litteratur,9
no.ms-windows,no.mail.drift,9
no.musikk,no.bibsys,9
no.musikk,no.stortinget,9
no.news.diverse,no.prat.aksjer,9
no.news.diverse,no.sources.list,9
no.news.diverse,no.sources.wanted,9
no.news.diverse,no.sport.fotball,9
no.news.diverse,no.sport.orientering,9
no.news.diverse,no.sport.volleyball,9
no.news.drift,no.mail.diverse,9
no.news.drift,no.prat.seksualitet,9
no.news.drift,no.slekt,9
no.org.efn.diskusjon,no.it.emacs,9
no.org.efn.diskusjon,no.it.os.os2,9
no.org.efn.diskusjon,no.kjemi,9
no.org.efn.diskusjon,no.linux,9
no.org.efn.diskusjon,no.lisp,9
no.pc,no.svar,9
no.prat.aksjer,no.general,9
no.pressemeldinger.diskusjon,no.prat.politikk,9
no.spill,no.spill.sjakk,9
no.spill,no.student.nett,9
no.spill,no.student.samfund,9
no.student.nett,no.spill,9
no.student.samfund,no.spill,9
no.test,no.vitser,9
no.typografi,no.mac,9
no.velkommen,no.norsk,9
no.vit.diverse,no.spill,9
no.www,no.hobby.diverse,9
no.www,no.musikk,9
no.alt.diskusjoner,no.biz,8
no.alt.gledesutbrudd,no.ai,8
no.alt.gledesutbrudd,no.alkohol,8
no.alt.gledesutbrudd,no.alt.arkiv,8
no.alt.gledesutbrudd,no.alt.config,8
no.alt.katter,no.alt.gledesutbrudd,8
no.alt.mat,no.alt.fan.de-lillos,8
no.alt.mat,no.kjemi,8
no.alt.mat,no.www,8
no.amiga,no.alt.gledesutbrudd,8
no.audio,no.ef,8
no.biz,no.alt.diskusjoner,8
no.biz,no.general,8
no.biz.annonser.data,no.c,8
no.c,no.biz.annonser.data,8
no.ef,no.audio,8
no.ef,no.jus,8
no.elektronikk,no.musikk,8
no.folklore.edb,no.x,8
no.folklore.generelt,no.general,8
no.it.diverse,no.alt.gledesutbrudd,8
no.jus,no.alt.sjokolade,8
no.mail.drift,no.news.drift,8
no.marked.bil,no.news.diverse,8
no.marked.bolig,no.linux,8
no.marked.bolig,no.lisp,8
no.medisin,no.mail.diverse,8
no.ms-windows,no.alt.config,8
no.ms-windows,no.perl,8
no.musikk,no.litteratur,8
no.musikk.gitar,no.musikk.klassisk,8
no.news.diverse,no.marked.bil,8
no.news.drift,no.norsk,8
no.norsk,no.mac,8
no.org.efn.diskusjon,no.norsk,8
no.pc,no.student.samfund,8
no.prat.aksjer,no.slekt.etterlysning,8
no.prat.aksjer,no.slekt.programmer,8
no.prat.aksjer,no.sources.list,8
no.prat.aksjer,no.sources.wanted,8
no.prat.aksjer,no.sport.fotball,8
no.prat.aksjer,no.sport.orientering,8
no.prat.aksjer,no.sport.volleyball,8
no.prat.seksualitet,no.spill,8
no.prat.seksualitet,no.student.nett,8
no.prat.seksualitet,no.student.samfund,8
no.prat.seksualitet,no.vit.diverse,8
no.psykologi,no.prat.seksualitet,8
no.radio-tv,no.student.nett,8
no.radio-tv,no.student.samfund,8
no.radio-tv,no.typografi,8
no.religion,no.spill,8
no.religion,no.student.nett,8
no.religion,no.student.samfund,8
no.sources.wanted,no.slekt.etterlysning,8
no.sources.wanted,no.slekt.programmer,8
no.sources.wanted,no.sources.list,8
no.spill,no.prat.seksualitet,8
no.sport.diverse,no.sport.volleyball,8
no.sport.fotball,no.slekt.etterlysning,8
no.sport.fotball,no.slekt.programmer,8
no.sport.fotball,no.sources.list,8
no.sport.volleyball,no.prat.aksjer,8
no.sport.volleyball,no.slekt.etterlysning,8
no.sport.volleyball,no.slekt.programmer,8
no.sport.volleyball,no.sources.list,8
no.sport.volleyball,no.sources.wanted,8
no.sport.volleyball,no.sport.diverse,8
no.student.nett,no.prat.seksualitet,8
no.student.nett,no.radio-tv,8
no.student.nett,no.religion,8
no.student.samfund,no.pc,8
no.student.samfund,no.prat.seksualitet,8
no.student.samfund,no.radio-tv,8
no.student.samfund,no.religion,8
no.student.samfund,no.vit.diverse,8
no.tex,no.unix,8
no.vit.diverse,no.prat.seksualitet,8
no.vit.diverse,no.student.samfund,8
no.www,no.religion,8
no.x,no.folklore.edb,8
no.alt.gledesutbrudd,no.norsk,7
no.alt.god.jul,no.alkohol,7
no.alt.mat,no.multimedia,7
no.alt.mat.drikke,no.alt.diskusjoner,7
no.alt.tegneserier,no.marked.data,7
no.bibsys,no.litteratur,7
no.bil,no.ef,7
no.biz.annonser,no.prat.ufo,7
no.biz.annonser.data,no.ef,7
no.bolig,no.ef,7
no.ef,no.bil,7
no.ef,no.biz.annonser.data,7
no.ef,no.bolig,7
no.eunet.diverse,no.alt.god.jul,7
no.eunet.diverse,no.alt.pompel-og-pilt,7
no.eunet.diverse,no.alt.radio-tv.irma-1000,7
no.eunet.diverse,no.alt.sjokolade,7
no.eunet.diverse,no.alt.tegneserier,7
no.eunet.diverse,no.audio,7
no.eunet.diverse,no.bibsys,7
no.folklore.overtro,no.news.diverse,7
no.hobby.diverse,no.havforskning,7
no.hobby.diverse,no.prat.ufo,7
no.it.emacs,no.mac,7
no.it.emacs,no.norsk,7
no.jus,no.alt.god.jul,7
no.jus,no.alt.pompel-og-pilt,7
no.jus,no.alt.radio-tv.irma-1000,7
no.jus,no.alt.tegneserier,7
no.jus,no.bibsys,7
no.jus,no.sport.diverse,7
no.mac,no.havforskning,7
no.mac,no.jus,7
no.mail.diverse,no.irc,7
no.marked,no.sport.fotball,7
no.marked.diskusjon,no.audio,7
no.medisin,no.norsk,7
no.ms-windows,no.news.drift,7
no.musikk,no.ef,7
no.musikk.gitar,no.alt.flame,7
no.musikk.gitar,no.alt.gledesutbrudd,7
no.musikk.gitar,no.marked.data,7
no.musikk.gitar,no.news.diverse,7
no.musikk.gitar,no.prat.aksjer,7
no.musikk.gitar,no.slekt.programmer,7
no.musikk.gitar,no.sources.list,7
no.musikk.gitar,no.sources.wanted,7
no.musikk.gitar,no.sport.fotball,7
no.musikk.gitar,no.sport.orientering,7
no.musikk.gitar,no.sport.volleyball,7
no.musikk.gitar,no.vitser,7
no.net,no.norsk,7
no.news.diverse,no.musikk.gitar,7
no.news.diverse,no.uninett.diverse,7
no.news.drift,no.jus,7
no.news.drift,no.mail.drift,7
no.news.drift,no.www,7
no.norsk,no.alt.tegneserier,7
no.norsk,no.prat.seksualitet,7
no.norsk,no.unix,7
no.pc,no.tegnsett,7
no.prat.politikk,no.bil,7
no.prat.seksualitet,no.film,7
no.prat.ufo,no.news.diverse,7
no.pressemeldinger,no.biz.annonser,7
no.pressemeldinger,no.org.efn.diskusjon,7
no.psykologi,no.it.diverse,7
no.religion,no.bil,7
no.religion,no.vitser,7
no.spill,no.it.diverse,7
no.spill,no.linux,7
no.sport.fotball,no.marked,7
no.sport.orientering,no.sport.diverse,7
no.sport.orientering,no.sport.fotball,7
no.stortinget,no.alt.katter,7
no.tele,no.norsk,7
no.test,no.hobby.diverse,7
no.uninett.drift,no.uninett.diverse,7
no.uninett.drift,unknown,7
no.unix,no.lisp,7
no.unix,no.norsk,7
no.www,no.alt.mat,7
no.www,no.lisp,7
no.www,no.test,7
no.x,no.c,7
no.ai,no.alt.fan.de-lillos,6
no.alkohol,no.alt.gledesutbrudd,6
no.alkohol,no.alt.mat,6
no.alkohol,no.biz,6
no.alt.arkiv,no.alt.fan.de-lillos,6
no.alt.config,no.alt.fan.de-lillos,6
no.alt.config,no.folklore.overtro,6
no.alt.diskusjoner,no.sport.fotball,6
no.alt.fan.de-lillos,no.alt.mat,6
no.alt.fan.de-lillos,no.audio,6
no.alt.fan.de-lillos,no.biz,6
no.alt.flame,no.alt.fan.de-lillos,6
no.alt.flame,no.alt.troll,6
no.alt.flame,no.pressemeldinger,6
no.alt.gledesutbrudd,no.irc,6
no.alt.god.jul,no.ai,6
no.alt.god.jul,no.alt.amiga,6
no.alt.god.jul,no.alt.arkiv,6
no.alt.god.jul,no.biz.annonser,6
no.alt.god.jul,no.www,6
no.alt.mat,no.ai,6
no.alt.mat,no.alt.arkiv,6
no.alt.mat,no.alt.config,6
no.alt.mat,no.audio,6
no.alt.mat,no.biz,6
no.alt.mat.drikke,no.ai,6
no.alt.mat.drikke,no.alt.config,6
no.alt.mat.drikke,no.alt.flame,6
no.alt.pompel-og-pilt,no.alt.arkiv,6
no.alt.pompel-og-pilt,no.alt.flame,6
no.alt.tegneserier,no.pc,6
no.amiga,no.ai,6
no.amiga,no.alkohol,6
no.amiga,no.bibsys,6
no.amiga,no.film,6
no.amiga,no.irc,6
no.audio,no.alt.fan.de-lillos,6
no.audio,no.alt.mat,6
no.audio,no.irc,6
no.bibsys,no.amiga,6
no.bil,no.irc,6
no.bil,no.speider,6
no.biz,no.alkohol,6
no.biz,no.alt.fan.de-lillos,6
no.biz,no.alt.mat,6
no.biz,no.net,6
no.biz,no.www,6
no.biz.annonser,no.alt.god.jul,6
no.c,no.alt.god.jul,6
no.c,no.alt.radio-tv.irma-1000,6
no.c,no.alt.sjokolade,6
no.c,no.alt.tegneserier,6
no.c,no.irc,6
no.c,no.standard,6
no.c,no.x,6
no.ef,no.musikk,6
no.film,no.alt.god.jul,6
no.film,no.alt.pompel-og-pilt,6
no.film,no.alt.radio-tv.irma-1000,6
no.film,no.alt.sjokolade,6
no.film,no.amiga,6
no.film,no.bibsys,6
no.film,no.irc,6
no.film,no.media,6
no.film,no.news.diverse,6
no.general,no.nuug,6
no.general,no.slekt,6
no.general,no.tex,6
no.hobby.diverse,no.it.diverse,6
no.hobby.diverse,no.kjemi,6
no.hobby.diverse,no.tele,6
no.irc,no.alt.god.jul,6
no.irc,no.alt.radio-tv.irma-1000,6
no.irc,no.alt.sjokolade,6
no.irc,no.alt.tegneserier,6
no.irc,no.amiga,6
no.irc,no.bibsys,6
no.irc,no.c,6
no.irc,no.film,6
no.irc,no.sport.fotball,6
no.it.diverse,no.hobby.diverse,6
no.it.diverse,no.psykologi,6
no.it.emacs,no.c,6
no.it.emacs,no.tex,6
no.it.emacs,no.uninett.skole,6
no.jus,no.hobby.diverse,6
no.jus,no.speider,6
no.linux,no.biz.annonser.data,6
no.mail.drift,no.pc,6
no.marked,no.alt.mat.drikke,6
no.marked,no.speider,6
no.media,no.kryptografi,6
no.media,no.linux,6
no.media,no.mail.diverse,6
no.media,no.mail.drift,6
no.media,no.prat.ufo,6
no.ms-windows,no.ai,6
no.ms-windows,no.alkohol,6
no.ms-windows,no.alt.amiga,6
no.ms-windows,no.alt.arkiv,6
no.ms-windows,no.alt.flame,6
no.ms-windows,no.psykologi,6
no.multimedia,no.alt.mat,6
no.multimedia,no.psykologi,6
no.multimedia,no.unix,6
no.musikk,no.elektronikk,6
no.musikk.gitar,no.marked.jobb,6
no.net,no.irc,6
no.net,no.news.drift,6
no.news.diverse,no.student.nett,6
no.news.drift,no.ms-windows,6
no.news.drift,no.video,6
no.nuug,no.general,6
no.pc,no.alt.tegneserier,6
no.pc,no.kjemi,6
no.pc,no.marked.bolig,6
no.pc,no.psykologi,6
no.psykologi,no.ms-windows,6
no.psykologi,no.multimedia,6
no.psykologi,no.pc,6
no.psykologi,no.www,6
no.religion,no.test,6
no.slekt.etterlysning,no.prat.aksjer,6
no.slekt.etterlysning,no.sources.wanted,6
no.slekt.etterlysning,no.sport.fotball,6
no.slekt.etterlysning,no.sport.orientering,6
no.slekt.etterlysning,no.sport.volleyball,6
no.slekt.programmer,no.prat.aksjer,6
no.slekt.programmer,no.sources.wanted,6
no.slekt.programmer,no.sport.fotball,6
no.slekt.programmer,no.sport.orientering,6
no.slekt.programmer,no.sport.volleyball,6
no.sources.list,no.prat.aksjer,6
no.sources.list,no.sources.wanted,6
no.sources.list,no.sport.fotball,6
no.sources.list,no.sport.orientering,6
no.sources.list,no.sport.volleyball,6
no.sources.wanted,no.prat.aksjer,6
no.sources.wanted,no.sport.fotball,6
no.sources.wanted,no.sport.orientering,6
no.sources.wanted,no.sport.volleyball,6
no.speider,no.bil,6
no.speider,no.jus,6
no.speider,no.marked,6
no.spill,no.alt.gledesutbrudd,6
no.sport.diverse,no.sport.orientering,6
no.sport.fotball,no.prat.aksjer,6
no.sport.fotball,no.sources.wanted,6
no.sport.fotball,no.sport.orientering,6
no.sport.orientering,no.prat.aksjer,6
no.sport.orientering,no.slekt.etterlysning,6
no.sport.orientering,no.slekt.programmer,6
no.sport.orientering,no.sources.list,6
no.sport.orientering,no.sources.wanted,6
no.test,no.alt.gledesutbrudd,6
no.test,no.ms-windows,6
no.test,no.multimedia,6
no.test,no.typografi,6
no.uninett.skole,no.radio-tv,6
no.unix,no.multimedia,6
no.velkommen,no.pc,6
no.velkommen,no.prat.seksualitet,6
no.www,no.psykologi,6
no.www,no.tegnsett,6
no.x,no.general,6
no.ai,no.alt.gledesutbrudd,5
no.alt.amiga,no.audio,5
no.alt.amiga,no.ef,5
no.alt.amiga,no.general,5
no.alt.diskusjoner,no.spill.sjakk,5
no.alt.gledesutbrudd,no.alt.tegneserier,5
no.alt.gledesutbrudd,no.mac,5
no.alt.gledesutbrudd,no.radio-tv,5
no.alt.god.jul,no.marked,5
no.alt.god.jul,no.vitser,5
no.alt.katter,no.vitser,5
no.alt.katter,no.www,5
no.alt.pompel-og-pilt,no.alt.amiga,5
no.alt.pompel-og-pilt,no.alt.gledesutbrudd,5
no.alt.pompel-og-pilt,no.alt.mat,5
no.alt.radio-tv.irma-1000,no.ai,5
no.alt.radio-tv.irma-1000,no.alkohol,5
no.alt.tegneserier,no.multimedia,5
no.amiga,no.x,5
no.audio,no.alt.amiga,5
no.audio,no.marked.jobb,5
no.biz,no.ef,5
no.biz,no.media,5
no.biz.annonser,no.c,5
no.biz.annonser.data,no.film,5
no.biz.annonser.data,no.video,5
no.biz.nettilbydere,no.c,5
no.c,no.biz.annonser,5
no.c,no.biz.nettilbydere,5
no.ef,no.alt.amiga,5
no.ef,no.biz,5
no.ef,no.www,5
no.film,no.biz.annonser.data,5
no.film,no.spill,5
no.general,no.embnet,5
no.general,no.x,5
no.havforskning,no.litteratur,5
no.havforskning,no.mac,5
no.havforskning,no.mail.diverse,5
no.irc,no.alt.gledesutbrudd,5
no.it.diverse,no.it.os.os2,5
no.it.diverse,no.org.efn.diskusjon,5
no.it.diverse,no.velkommen,5
no.jus,no.ef,5
no.jus,no.mac,5
no.kjemi,no.news.diverse,5
no.kjemi,no.norsk,5
no.litteratur,no.alt.gledesutbrudd,5
no.litteratur,no.havforskning,5
no.litteratur,no.prat.narkotika,5
no.litteratur,no.slekt,5
no.mac,no.alt.pompel-og-pilt,5
no.mac,no.alt.radio-tv.irma-1000,5
no.mac,no.alt.sjokolade,5
no.mac,no.alt.tegneserier,5
no.mac,no.slekt,5
no.mac,no.slekt.etterlysning,5
no.mac,no.slekt.programmer,5
no.mac,no.video,5
no.mail.diverse,no.havforskning,5
no.mail.diverse,no.slekt.etterlysning,5
no.mail.drift,no.uninett.drift,5
no.marked.diskusjon,no.mac,5
no.marked.jobb,no.jus,5
no.marked.jobb,no.media,5
no.media,no.biz,5
no.media,no.typografi,5
no.medisin,no.alt.god.jul,5
no.medisin,no.alt.pompel-og-pilt,5
no.medisin,no.alt.radio-tv.irma-1000,5
no.medisin,no.alt.tegneserier,5
no.medisin,no.audio,5
no.medisin,no.bibsys,5
no.medisin,no.bil,5
no.musikk,no.alt.god.jul,5
no.musikk,no.alt.pompel-og-pilt,5
no.musikk,no.alt.radio-tv.irma-1000,5
no.musikk,no.alt.sjokolade,5
no.musikk,no.alt.tegneserier,5
no.musikk.gitar,no.alt.god.jul,5
no.musikk.gitar,no.alt.pompel-og-pilt,5
no.musikk.gitar,no.alt.radio-tv.irma-1000,5
no.musikk.gitar,no.alt.tegneserier,5
no.musikk.gitar,no.audio,5
no.musikk.gitar,no.bibsys,5
no.musikk.gitar,no.bil,5
no.musikk.gitar,no.pc,5
no.musikk.gitar,no.www,5
no.news.drift,no.uninett.diverse,5
no.norsk,no.marked.data,5
no.norsk,no.marked.diskusjon,5
no.norsk,no.medisin,5
no.norsk,no.net,5
no.norsk,no.news.drift,5
no.norsk.fagord,no.typografi,5
no.prat.politikk,no.musikk.klassisk,5
no.reiser,no.student.nett,5
no.reiser,no.student.samfund,5
no.religion,no.spill.sjakk,5
no.slekt,no.litteratur,5
no.spill,no.film,5
no.sykkel,no.litteratur,5
no.tele,no.sport.diverse,5
no.test,no.film,5
no.test,no.psykologi,5
no.test,no.sport.diverse,5
no.uninett.drift,no.mail.drift,5
no.video,no.biz.annonser.data,5
no.vitser,no.alt.katter,5
no.www,no.alt.katter,5
no.alkohol,no.sykkel,4
no.alt.amiga,no.alt.fan.de-lillos,4
no.alt.gledesutbrudd,no.audio,4
no.alt.gledesutbrudd,no.it.diverse,4
no.alt.gledesutbrudd,no.jus,4
no.alt.gledesutbrudd,no.prat.seksualitet,4
no.alt.god.jul,no.biz.annonser.data,4
no.alt.god.jul,no.marked.data,4
no.alt.god.jul,no.media,4
no.alt.katter,no.ai,4
no.alt.katter,no.alkohol,4
no.alt.katter,no.alt.arkiv,4
no.alt.mat,no.prat.narkotika,4
no.alt.mat,no.religion,4
no.alt.sjokolade,no.musikk,4
no.alt.sjokolade,no.musikk.klassisk,4
no.alt.tegneserier,no.biz.annonser.data,4
no.alt.tegneserier,no.marked.jobb,4
no.alt.tegneserier,no.ms-windows,4
no.amiga,no.bolig,4
no.amiga,no.marked.jobb,4
no.bil,no.ai,4
no.bil,no.tele,4
no.bil,no.telepost,4
no.biz.annonser,no.ef,4
no.biz.annonser,no.irc,4
no.biz.annonser,no.musikk.klassisk,4
no.biz.annonser.data,no.alt.god.jul,4
no.biz.annonser.data,no.alt.tegneserier,4
no.biz.annonser.data,no.linux,4
no.biz.annonser.data,no.norsk,4
no.biz.nettilbydere,no.ef,4
no.bolig,no.amiga,4
no.c,no.ai,4
no.c,no.alkohol,4
no.c,no.embnet,4
no.c,no.eunet.diverse,4
no.c,no.havforskning,4
no.ef,no.biz.annonser,4
no.ef,no.biz.nettilbydere,4
no.ef,no.elektronikk,4
no.ef,no.embnet,4
no.ef,no.eunet.diverse,4
no.ef,no.film,4
no.ef,no.havforskning,4
no.ef,no.religion,4
no.elektronikk,no.ef,4
no.elektronikk,no.embnet,4
no.elektronikk,no.eunet.diverse,4
no.elektronikk,no.havforskning,4
no.embnet,no.c,4
no.embnet,no.ef,4
no.embnet,no.elektronikk,4
no.embnet,no.eunet.diverse,4
no.embnet,no.film,4
no.embnet,no.general,4
no.embnet,no.havforskning,4
no.eunet.diverse,no.c,4
no.eunet.diverse,no.ef,4
no.eunet.diverse,no.elektronikk,4
no.eunet.diverse,no.embnet,4
no.eunet.diverse,no.general,4
no.eunet.diverse,no.havforskning,4
no.film,no.ef,4
no.film,no.embnet,4
no.film,no.havforskning,4
no.general,no.eunet.diverse,4
no.general,no.slekt.etterlysning,4
no.general,no.speider,4
no.general,no.standard,4
no.general,no.velkommen,4
no.havforskning,no.bibsys,4
no.havforskning,no.bil,4
no.havforskning,no.biz,4
no.havforskning,no.biz.annonser,4
no.havforskning,no.biz.annonser.data,4
no.havforskning,no.biz.diskusjoner,4
no.havforskning,no.biz.nettilbydere,4
no.havforskning,no.bolig,4
no.havforskning,no.c,4
no.havforskning,no.ef,4
no.havforskning,no.elektronikk,4
no.havforskning,no.embnet,4
no.havforskning,no.eunet.diverse,4
no.havforskning,no.film,4
no.havforskning,no.kryptografi,4
no.hobby.diverse,no.folklore.generelt,4
no.hobby.diverse,no.prat.politikk,4
no.hobby.diverse,no.reiser,4
no.hobby.diverse,no.speider,4
no.hobby.diverse,no.sykkel,4
no.irc,no.litteratur,4
no.it.diverse,no.it.emacs,4
no.it.diverse,no.tele,4
no.jus,no.film,4
no.jus,no.marked.bil,4
no.kjemi,no.media,4
no.kjemi,no.student.nett,4
no.kryptografi,no.havforskning,4
no.linux,no.alt.diskusjoner,4
no.linux,no.alt.pompel-og-pilt,4
no.linux,no.ef,4
no.linux,no.eunet.hjelp,4
no.linux,no.hobby.diverse,4
no.linux,no.perl,4
no.litteratur,no.irc,4
no.litteratur,no.news.diverse,4
no.litteratur,no.psykologi,4
no.mac,no.alt.gledesutbrudd,4
no.mac,no.bibsys,4
no.mac,no.folklore.edb,4
no.mac,no.media,4
no.mac,no.psykologi,4
no.mail.drift,no.typografi,4
no.marked,no.eunet.diverse,4
no.marked,no.kjemi,4
no.marked,no.prat.ufo,4
no.marked,no.uninett.skole,4
no.marked,no.vit.diverse,4
no.marked.bil,no.irc,4
no.marked.bil,no.it.emacs,4
no.marked.bil,no.it.os.os2,4
no.marked.bil,no.jus,4
no.marked.bil,no.kjemi,4
no.marked.bil,no.kryptografi,4
no.marked.diskusjon,no.velkommen,4
no.marked.jobb,no.musikk,4
no.media,no.film,4
no.media,no.marked.jobb,4
no.media,no.prat.seksualitet,4
no.media,no.student.nett,4
no.medisin,no.kryptografi,4
no.medisin,no.linux,4
no.medisin,no.lisp,4
no.medisin,no.mac,4
no.medisin,no.mail.drift,4
no.ms-windows,no.alt.tegneserier,4
no.multimedia,no.news.diverse,4
no.musikk,no.biz,4
no.musikk,no.c,4
no.musikk,no.marked.jobb,4
no.musikk,no.www,4
no.musikk.gitar,no.net,4
no.musikk.klassisk,no.biz.annonser,4
no.net,no.musikk.gitar,4
no.news.diverse,no.folklore.edb,4
no.news.diverse,no.pressemeldinger.diskusjon,4
no.news.diverse,no.tex,4
no.news.drift,no.pc,4
no.norsk,no.biz.annonser.data,4
no.norsk,no.slekt,4
no.org.dnd,unknown,4
no.org.efn.diskusjon,no.alt.diskusjoner,4
no.pc,no.alt.gledesutbrudd,4
no.pc,no.alt.sjokolade,4
no.pc,no.news.drift,4
no.perl,no.ms-windows,4
no.prat.narkotika,no.alt.mat,4
no.prat.narkotika,no.prat.seksualitet,4
no.prat.politikk,no.marked,4
no.prat.politikk,no.ms-windows,4
no.prat.politikk,no.multimedia,4
no.prat.politikk,no.nuug,4
no.prat.politikk,no.pc,4
no.prat.seksualitet,no.media,4
no.prat.ufo,no.biz.annonser,4
no.prat.ufo,no.hobby.diverse,4
no.prat.ufo,no.marked,4
no.pressemeldinger,no.irc,4
no.reiser,no.bil,4
no.reiser,no.hobby.diverse,4
no.reiser,no.news.diverse,4
no.reiser,no.speider,4
no.reiser,no.sykkel,4
no.religion,no.alkohol,4
no.religion,no.alt.mat,4
no.sources.wanted,unknown,4
no.speider,no.general,4
no.speider,no.hobby.diverse,4
no.speider,no.news.diverse,4
no.speider,no.reiser,4
no.spill,no.skole.diverse,4
no.sport.fotball,no.sport.diverse,4
no.stortinget,no.jus,4
no.student.nett,no.alt.diskusjoner,4
no.student.nett,no.reiser,4
no.student.nett,no.www,4
no.student.samfund,no.reiser,4
no.sykkel,no.hobby.diverse,4
no.sykkel,no.news.diverse,4
no.sykkel,no.reiser,4
no.tegnsett,no.linux,4
no.tele,no.it.diverse,4
no.test,no.net,4
no.typografi,no.mail.drift,4
no.uninett.drift,no.news.diverse,4
no.uninett.hjelp,unknown,4
no.uninett.skole,no.marked,4
no.unix,no.alt.gledesutbrudd,4
no.velkommen,no.general,4
no.velkommen,no.marked.diskusjon,4
no.vit.diverse,no.marked,4
no.vitser,no.film,4
no.vitser,no.musikk,4
no.vitser,no.test,4
no.www,no.student.nett,4
no.www,no.video,4
no.ai,no.amiga,3
no.ai,no.audio,3
no.ai,no.bibsys,3
no.ai,no.bil,3
no.ai,no.bolig,3
no.ai,no.c,3
no.alkohol,no.amiga,3
no.alkohol,no.bibsys,3
no.alkohol,no.bolig,3
no.alkohol,no.c,3
no.alt.config,no.ms-windows,3
no.alt.config,no.pc,3
no.alt.diskusjoner,no.student.samfund,3
no.alt.flame,no.kjemi,3
no.alt.gledesutbrudd,no.alt.mat.drikke,3
no.alt.gledesutbrudd,no.elektronikk,3
no.alt.gledesutbrudd,no.litteratur,3
no.alt.gledesutbrudd,no.marked,3
no.alt.god.jul,no.biz,3
no.alt.katter,no.prat.politikk,3
no.alt.katter,no.stortinget,3
no.alt.mat,no.marked,3
no.alt.mat.drikke,no.marked,3
no.alt.pompel-og-pilt,no.biz.annonser,3
no.alt.tegneserier,no.alt.gledesutbrudd,3
no.alt.tegneserier,no.litteratur,3
no.alt.troll,no.alt.flame,3
no.amiga,no.alt.arkiv,3
no.amiga,no.alt.config,3
no.amiga,no.alt.flame,3
no.amiga,no.spill,3
no.audio,no.ai,3
no.audio,no.biz.diskusjoner,3
no.audio,no.biz.nettilbydere,3
no.audio,no.news.diverse,3
no.bibsys,no.ai,3
no.bibsys,no.alkohol,3
no.bibsys,no.ef,3
no.bil,no.org.efn.diskusjon,3
no.biz,no.alt.god.jul,3
no.biz,no.c,3
no.biz,no.marked,3
no.biz,no.marked.data,3
no.biz.annonser,no.linux,3
no.biz.annonser.data,no.radio-tv,3
no.biz.diskusjoner,no.audio,3
no.biz.diskusjoner,no.vitser,3
no.biz.nettilbydere,no.audio,3
no.bolig,no.ai,3
no.bolig,no.alkohol,3
no.bolig,no.hobby.diverse,3
no.bolig,no.marked.data,3
no.bolig,no.marked.jobb,3
no.bolig,no.student.nett,3
no.bolig,no.student.samfund,3
no.bolig,no.www,3
no.c,no.biz,3
no.ef,no.bibsys,3
no.elektronikk,no.alt.gledesutbrudd,3
no.film,no.alt.flame,3
no.folklore.edb,no.tele,3
no.folklore.generelt,no.hobby.diverse,3
no.folklore.generelt,no.marked,3
no.folklore.generelt,no.prat.seksualitet,3
no.general,no.alt.arkiv,3
no.havforskning,no.hobby.diverse,3
no.havforskning,no.tex,3
no.hobby.diverse,no.alt.god.jul,3
no.hobby.diverse,no.bolig,3
no.hobby.diverse,no.irc,3
no.hobby.diverse,no.jus,3
no.hobby.diverse,no.kryptografi,3
no.hobby.diverse,no.linux,3
no.hobby.diverse,no.marked.bolig,3
no.irc,no.net,3
no.it.diverse,no.religion,3
no.it.emacs,no.news.diverse,3
no.it.emacs,no.www,3
no.it.os.os2,no.it.diverse,3
no.it.os.os2,no.unix,3
no.jus,no.vit.diverse,3
no.kjemi,no.hobby.diverse,3
no.kryptografi,no.hobby.diverse,3
no.linux,no.biz.annonser,3
no.linux,no.it.diverse,3
no.lisp,no.x,3
no.mac,no.pressemeldinger,3
no.mac,no.religion,3
no.mail.diverse,no.tex,3
no.marked,no.alt.gledesutbrudd,3
no.marked,no.biz,3
no.marked,no.folklore.generelt,3
no.marked,no.reiser,3
no.marked.bolig,no.student.nett,3
no.marked.bolig,no.student.samfund,3
no.marked.bolig,no.uninett.diverse,3
no.marked.data,no.biz,3
no.marked.data,no.bolig,3
no.marked.data,no.kjemi,3
no.marked.data,no.kryptografi,3
no.marked.data,no.lisp,3
no.marked.diskusjon,no.amiga,3
no.marked.diskusjon,no.kjemi,3
no.marked.diskusjon,no.kryptografi,3
no.marked.diskusjon,no.linux,3
no.marked.diskusjon,no.lisp,3
no.marked.diskusjon,no.mail.drift,3
no.marked.jobb,no.bolig,3
no.medisin,no.www,3
no.ms-windows,no.musikk.gitar,3
no.multimedia,no.musikk.gitar,3
no.multimedia,no.news.drift,3
no.musikk,no.net,3
no.musikk,no.news.drift,3
no.musikk,no.reiser,3
no.musikk,no.standard,3
no.musikk,no.telepost,3
no.musikk,no.video,3
no.musikk.gitar,no.ms-windows,3
no.musikk.gitar,no.multimedia,3
no.musikk.gitar,no.news.drift,3
no.musikk.gitar,no.norsk,3
no.musikk.klassisk,no.marked,3
no.net,no.musikk,3
no.net,no.vitser,3
no.news.diverse,no.folklore.generelt,3
no.news.diverse,no.marked.diskusjon,3
no.news.diverse,no.x,3
no.news.drift,no.multimedia,3
no.news.drift,no.musikk.gitar,3
no.norsk,no.kjemi,3
no.norsk,no.marked.jobb,3
no.norsk,no.musikk.gitar,3
no.norsk,no.test,3
no.norsk.fagord,no.elektronikk,3
no.nuug,unknown,3
no.org.nobug.diverse,unknown,3
no.pc,no.alt.pompel-og-pilt,3
no.pc,no.ef,3
no.pc,no.eunet.hjelp,3
no.pc,no.slekt.etterlysning,3
no.pc,no.velkommen,3
no.radio-tv,no.alkohol,3
no.radio-tv,no.biz.annonser.data,3
no.radio-tv,no.prat.narkotika,3
no.reiser,no.marked,3
no.reiser,no.musikk,3
no.religion,no.litteratur,3
no.spill,no.jus,3
no.spill,no.reiser,3
no.spill,no.speider,3
no.sport.diverse,no.bil,3
no.sport.diverse,no.reiser,3
no.sport.diverse,no.religion,3
no.sport.diverse,no.skole.diverse,3
no.sport.diverse,no.slekt,3
no.sport.diverse,no.slekt.etterlysning,3
no.sport.diverse,no.slekt.programmer,3
no.sport.diverse,no.sources.list,3
no.sport.fotball,no.irc,3
no.standard,no.musikk,3
no.standard,no.stortinget,3
no.standard,no.telepost,3
no.standard,no.typografi,3
no.standard,no.video,3
no.stortinget,no.musikk,3
no.stortinget,no.standard,3
no.stortinget,no.telepost,3
no.stortinget,no.video,3
no.student.nett,no.bolig,3
no.student.nett,no.kjemi,3
no.student.nett,no.marked.bolig,3
no.student.nett,no.media,3
no.student.nett,no.news.diverse,3
no.student.samfund,no.bolig,3
no.student.samfund,no.marked.bolig,3
no.tele,no.folklore.edb,3
no.tele,no.vit.diverse,3
no.telepost,no.musikk,3
no.telepost,no.standard,3
no.telepost,no.stortinget,3
no.telepost,no.video,3
no.test,no.biz.nettilbydere,3
no.test,no.elektronikk,3
no.test,no.musikk.gitar,3
no.test,no.speider,3
no.test,no.spill,3
no.tex,no.havforskning,3
no.tex,no.pc,3
no.typografi,no.standard,3
no.uninett.diverse,no.marked.bolig,3
no.uninett.diverse,no.news.diverse,3
no.uninett.skole,no.pressemeldinger,3
no.uninett.skole,no.www,3
no.unix,no.it.diverse,3
no.unix,no.it.os.os2,3
no.video,no.musikk,3
no.video,no.standard,3
no.video,no.stortinget,3
no.video,no.telepost,3
no.vit.diverse,no.ef,3
no.vit.diverse,no.marked.diskusjon,3
no.vit.diverse,no.tele,3
no.vitser,no.bil,3
no.vitser,no.litteratur,3
no.vitser,no.net,3
no.vitser,no.reiser,3
no.vitser,no.tex,3
no.vitser,no.unix,3
no.www,no.ai,3
no.www,no.alt.arkiv,3
no.www,no.c,3
no.x,no.amiga,3
no.x,no.lisp,3
no.alt.arkiv,no.alt.gledesutbrudd,2
no.alt.config,no.news.drift,2
no.alt.fan.de-lillos,no.marked,2
no.alt.fan.de-lillos,no.marked.bil,2
no.alt.fan.de-lillos,no.marked.bolig,2
no.alt.fan.de-lillos,no.news.diverse,2
no.alt.gledesutbrudd,no.havforskning,2
no.alt.gledesutbrudd,no.multimedia,2
no.alt.gledesutbrudd,no.net,2
no.alt.gledesutbrudd,no.standard,2
no.alt.god.jul,no.bolig,2
no.alt.god.jul,no.c,2
no.alt.god.jul,no.folklore.generelt,2
no.alt.god.jul,no.hobby.diverse,2
no.alt.god.jul,no.marked.bolig,2
no.alt.katter,no.alt.flame,2
no.alt.mat,no.alt.amiga,2
no.alt.mat,no.havforskning,2
no.alt.mat,no.vitser,2
no.alt.mat.drikke,no.alt.amiga,2
no.alt.mat.drikke,no.alt.fan.de-lillos,2
no.alt.radio-tv.irma-1000,no.c,2
no.alt.radio-tv.irma-1000,no.radio-tv,2
no.alt.sjokolade,no.c,2
no.alt.sjokolade,no.ef,2
no.alt.sjokolade,no.film,2
no.alt.sjokolade,no.jus,2
no.alt.tegneserier,no.c,2
no.alt.tegneserier,no.sport.diverse,2
no.alt.tegneserier,no.sport.fotball,2
no.alt.tegneserier,no.sport.volleyball,2
no.alt.tegneserier,no.standard,2
no.alt.tegneserier,no.unix,2
no.amiga,no.biz.nettilbydere,2
no.audio,no.marked.bil,2
no.bil,no.skole.diverse,2
no.biz,no.news.diverse,2
no.biz.annonser,no.folklore.generelt,2
no.biz.annonser,no.sport.fotball,2
no.biz.annonser,no.sport.volleyball,2
no.biz.annonser,no.standard,2
no.biz.annonser.data,no.irc,2
no.biz.diskusjoner,no.it.diverse,2
no.biz.diskusjoner,no.ms-windows,2
no.biz.nettilbydere,no.amiga,2
no.bolig,no.alt.god.jul,2
no.bolig,no.folklore.generelt,2
no.bolig,no.svar,2
no.c,no.www,2
no.ef,no.media,2
no.ef,no.news.diverse,2
no.folklore.generelt,no.alt.god.jul,2
no.folklore.generelt,no.biz.annonser,2
no.folklore.generelt,no.bolig,2
no.folklore.generelt,no.marked.bolig,2
no.folklore.generelt,no.vitser,2
no.general,no.folklore.generelt,2
no.havforskning,no.alt.gledesutbrudd,2
no.havforskning,no.alt.mat,2
no.havforskning,no.alt.mat.drikke,2
no.havforskning,no.it.emacs,2
no.havforskning,no.it.os.os2,2
no.havforskning,no.multimedia,2
no.havforskning,no.news.diverse,2
no.havforskning,no.www,2
no.irc,no.ai,2
no.irc,no.alkohol,2
no.irc,no.alt.amiga,2
no.irc,no.alt.arkiv,2
no.irc,no.alt.config,2
no.irc,no.alt.flame,2
no.irc,no.biz.annonser.data,2
no.irc,no.it.diverse,2
no.irc,no.marked.diskusjon,2
no.irc,no.marked.jobb,2
no.irc,no.perl,2
no.it.diverse,no.irc,2
no.it.diverse,no.kryptografi,2
no.it.diverse,no.marked.diskusjon,2
no.it.diverse,no.prat.politikk,2
no.it.emacs,no.havforskning,2
no.it.emacs,no.tele,2
no.it.os.os2,no.havforskning,2
no.jus,no.mail.drift,2
no.kjemi,no.alt.mat.drikke,2
no.litteratur,no.religion,2
no.mac,no.alt.flame,2
no.mac,no.prat.narkotika,2
no.mac,no.prat.politikk,2
no.mac,no.prat.seksualitet,2
no.mail.diverse,no.ai,2
no.mail.diverse,no.alkohol,2
no.mail.diverse,no.alt.amiga,2
no.mail.diverse,no.alt.arkiv,2
no.mail.diverse,no.alt.config,2
no.mail.diverse,no.alt.flame,2
no.mail.diverse,no.biz.annonser.data,2
no.mail.diverse,no.marked.jobb,2
no.mail.diverse,no.radio-tv,2
no.mail.diverse,no.typografi,2
no.mail.drift,no.jus,2
no.marked,no.prat.politikk,2
no.marked.bil,no.audio,2
no.marked.bolig,no.alt.god.jul,2
no.marked.bolig,no.folklore.generelt,2
no.marked.bolig,no.general,2
no.marked.bolig,no.hobby.diverse,2
no.marked.data,no.it.emacs,2
no.marked.data,no.it.os.os2,2
no.marked.diskusjon,no.irc,2
no.marked.diskusjon,no.it.diverse,2
no.marked.diskusjon,no.multimedia,2
no.marked.jobb,no.alt.diskusjoner,2
no.marked.jobb,no.amiga,2
no.marked.jobb,no.irc,2
no.marked.jobb,no.uninett.diverse,2
no.media,no.ef,2
no.medisin,no.hobby.diverse,2
no.ms-windows,no.marked.diskusjon,2
no.ms-windows,no.vitser,2
no.multimedia,no.alt.gledesutbrudd,2
no.multimedia,no.alt.mat.drikke,2
no.multimedia,no.havforskning,2
no.multimedia,no.uninett.diverse,2
no.multimedia,no.vitser,2
no.multimedia,no.vr,2
no.net,no.x,2
no.news.diverse,no.ai,2
no.news.diverse,no.uninett.drift,2
no.norsk,no.prat.ufo,2
no.norsk,no.psykologi,2
no.norsk.fagord,no.linux,2
no.org.isoc-no,unknown,2
no.pc,no.musikk.gitar,2
no.prat.aksjer,no.linux,2
no.prat.aksjer,no.lisp,2
no.prat.aksjer,no.litteratur,2
no.prat.aksjer,no.mac,2
no.prat.aksjer,no.mail.diverse,2
no.prat.aksjer,no.mail.drift,2
no.prat.aksjer,no.marked,2
no.prat.aksjer,no.marked.bil,2
no.prat.narkotika,no.alt.gledesutbrudd,2
no.prat.politikk,no.it.diverse,2
no.prat.politikk,no.org.efn.diskusjon,2
no.pressemeldinger,no.kryptografi,2
no.psykologi,no.mac,2
no.reiser,no.vitser,2
no.skole.diverse,no.bil,2
no.skole.diverse,no.speider,2
no.skole.diverse,no.spill,2
no.skole.diverse,no.test,2
no.slekt,no.speider,2
no.slekt,no.test,2
no.slekt.etterlysning,no.general,2
no.sources.list,unknown,2
no.sources.wanted,no.radio-tv,2
no.sources.wanted,no.reiser,2
no.sources.wanted,no.religion,2
no.sources.wanted,no.skole.diverse,2
no.sources.wanted,no.slekt,2
no.speider,no.skole.diverse,2
no.speider,no.slekt,2
no.speider,no.spill,2
no.speider,no.test,2
no.spill,no.folklore.edb,2
no.spill,no.slekt.etterlysning,2
no.spill,no.slekt.programmer,2
no.spill,no.sources.list,2
no.spill,no.test,2
no.spill.rollespill,no.radio-tv,2
no.spill.rollespill,no.reiser,2
no.spill.rollespill,no.religion,2
no.spill.rollespill,no.skole.diverse,2
no.spill.rollespill,no.slekt,2
no.spill.rollespill,no.slekt.etterlysning,2
no.spill.rollespill,no.slekt.programmer,2
no.spill.rollespill,no.sources.list,2
no.sport.diverse,no.alt.tegneserier,2
no.sport.diverse,no.standard,2
no.sport.fotball,no.alt.tegneserier,2
no.sport.fotball,no.biz.annonser,2
no.sport.fotball,no.radio-tv,2
no.sport.fotball,no.reiser,2
no.sport.fotball,no.religion,2
no.sport.fotball,no.skole.diverse,2
no.sport.fotball,no.slekt,2
no.sport.fotball,no.standard,2
no.sport.volleyball,no.alt.tegneserier,2
no.sport.volleyball,no.biz.annonser,2
no.sport.volleyball,no.standard,2
no.standard,no.alt.tegneserier,2
no.standard,no.biz.annonser,2
no.standard,no.sport.diverse,2
no.standard,no.sport.fotball,2
no.standard,no.sport.volleyball,2
no.tegnsett,no.tele,2
no.tele,no.biz.annonser.data,2
no.test,no.biz.annonser,2
no.test,no.biz.annonser.data,2
no.test,no.linux,2
no.test,no.mail.diverse,2
no.test,no.prat.seksualitet,2
no.test,no.skole.diverse,2
no.test,no.slekt,2
no.test,no.stortinget,2
no.test,no.tex,2
no.test,no.video,2
no.test,no.vr,2
no.test,no.x,2
no.tex,no.it.emacs,2
no.tex,no.standard,2
no.tex,no.test,2
no.tex,no.typografi,2
no.tex,no.video,2
no.tex,no.vitser,2
no.tex,no.vr,2
no.tex,no.x,2
no.unix,no.svar,2
no.unix,no.test,2
no.unix,no.video,2
no.video,no.test,2
no.video,no.tex,2
no.video,no.unix,2
no.video,no.vitser,2
no.video,no.vr,2
no.video,no.x,2
no.vitser,no.ai,2
no.vitser,no.alkohol,2
no.vitser,no.alt.arkiv,2
no.vitser,no.alt.config,2
no.vitser,no.alt.mat,2
no.vitser,no.audio,2
no.vitser,no.biz.diskusjoner,2
no.vitser,no.jus,2
no.vitser,no.ms-windows,2
no.vitser,no.multimedia,2
no.vitser,no.student.nett,2
no.vitser,no.tele,2
no.vitser,no.video,2
no.vitser,no.vr,2
no.vitser,no.x,2
no.vr,no.general,2
no.vr,no.test,2
no.vr,no.tex,2
no.vr,no.video,2
no.vr,no.vitser,2
no.vr,no.x,2
no.www,no.alt.mat.drikke,2
no.www,no.havforskning,2
no.www,no.org.efn.diskusjon,2
no.x,no.net,2
no.x,no.test,2
no.x,no.tex,2
no.x,no.video,2
no.x,no.vitser,2
no.x,no.vr,2
no.alt.arkiv,no.general,1
no.alt.arkiv,no.linux,1
no.alt.arkiv,no.mac,1
no.alt.arkiv,no.pc,1
no.alt.arkiv,no.unix,1
no.alt.arkiv,no.www,1
no.alt.config,no.medisin,1
no.alt.diskusjoner,no.alt.mat.drikke,1
no.alt.diskusjoner,no.reiser,1
no.alt.fan.de-lillos,no.alt.god.jul,1
no.alt.fan.de-lillos,no.alt.katter,1
no.alt.fan.de-lillos,no.biz.annonser,1
no.alt.fan.de-lillos,no.biz.nettilbydere,1
no.alt.flame,no.musikk.gitar,1
no.alt.flame,no.prat.narkotika,1
no.alt.flame,no.psykologi,1
no.alt.gledesutbrudd,no.media,1
no.alt.gledesutbrudd,no.ms-windows,1
no.alt.gledesutbrudd,no.musikk.gitar,1
no.alt.gledesutbrudd,no.pc,1
no.alt.gledesutbrudd,no.prat.politikk,1
no.alt.gledesutbrudd,no.tungregning,1
no.alt.god.jul,no.alt.mat,1
no.alt.god.jul,no.multimedia,1
no.alt.god.jul,no.news.diverse,1
no.alt.god.jul,no.nuug,1
no.alt.god.jul,no.pc,1
no.alt.irc-treff,no.audio,1
no.alt.irc-treff,no.radio-tv,1
no.alt.irc-treff,no.religion,1
no.alt.katter,no.alt.fan.de-lillos,1
no.alt.katter,no.biz.annonser,1
no.alt.katter,no.biz.nettilbydere,1
no.alt.katter,no.jus,1
no.alt.katter,no.religion,1
no.alt.mat,no.alt.god.jul,1
no.alt.mat.drikke,no.bibsys,1
no.alt.mat.drikke,no.havforskning,1
no.alt.mat.drikke,no.kjemi,1
no.alt.mat.drikke,no.multimedia,1
no.alt.mat.drikke,no.www,1
no.alt.pompel-og-pilt,no.ai,1
no.alt.pompel-og-pilt,no.alkohol,1
no.alt.pompel-og-pilt,no.alt.config,1
no.alt.radio-tv.irma-1000,no.alt.gledesutbrudd,1
no.alt.radio-tv.irma-1000,no.ms-windows,1
no.alt.radio-tv.irma-1000,no.multimedia,1
no.alt.radio-tv.irma-1000,no.pc,1
no.alt.sjokolade,no.ai,1
no.alt.sjokolade,no.alt.amiga,1
no.alt.sjokolade,no.alt.config,1
no.alt.sjokolade,no.alt.fan.de-lillos,1
no.alt.sjokolade,no.musikk.gitar,1
no.alt.sjokolade,no.news.diverse,1
no.alt.tegneserier,no.hobby.diverse,1
no.alt.tegneserier,no.mail.diverse,1
no.alt.tegneserier,no.pressemeldinger,1
no.alt.tegneserier,no.spill,1
no.alt.tegneserier,no.video,1
no.alt.troll,no.alt.config,1
no.amiga,no.news.diverse,1
no.audio,no.it.diverse,1
no.audio,no.kjemi,1
no.audio,no.vit.diverse,1
no.bibsys,no.alt.mat.drikke,1
no.bil,no.news.diverse,1
no.bil,no.prat.politikk,1
no.biz.annonser,no.alt.fan.de-lillos,1
no.biz.annonser,no.alt.katter,1
no.biz.annonser,no.jus,1
no.biz.annonser,no.litteratur,1
no.biz.annonser,no.medisin,1
no.biz.annonser,no.skole.diverse,1
no.biz.annonser,no.test,1
no.biz.annonser.data,no.test,1
no.biz.annonser.data,no.uninett.skole,1
no.biz.diskusjoner,no.elektronikk,1
no.biz.diskusjoner,no.jus,1
no.biz.diskusjoner,no.kjemi,1
no.biz.diskusjoner,no.reiser,1
no.biz.nettilbydere,no.alt.fan.de-lillos,1
no.biz.nettilbydere,no.alt.katter,1
no.biz.nettilbydere,no.elektronikk,1
no.biz.nettilbydere,no.kjemi,1
no.biz.nettilbydere,no.ms-windows,1
no.biz.nettilbydere,no.unix,1
no.bolig,no.news.diverse,1
no.c,no.vit.diverse,1
no.ef,no.stortinget,1
no.elektronikk,no.alt.god.jul,1
no.elektronikk,no.alt.pompel-og-pilt,1
no.elektronikk,no.alt.sjokolade,1
no.elektronikk,no.alt.tegneserier,1
no.elektronikk,no.kjemi,1
no.elektronikk,no.marked.jobb,1
no.elektronikk,no.typografi,1
no.embnet,no.medisin,1
no.eunet.diverse,no.marked,1
no.eunet.diverse,no.net,1
no.eunet.diverse,no.news.diverse,1
no.eunet.diverse,no.reiser,1
no.eunet.hjelp,no.news.diverse,1
no.eunet.hjelp,no.uninett.hjelp,1
no.film,no.mac,1
no.film,no.marked.jobb,1
no.film,no.pressemeldinger,1
no.folklore.edb,no.news.diverse,1
no.folklore.edb,no.spill,1
no.folklore.generelt,no.news.diverse,1
no.folklore.generelt,no.x,1
no.folklore.overtro,no.havforskning,1
no.folklore.overtro,no.irc,1
no.folklore.overtro,no.it.emacs,1
no.folklore.overtro,no.it.os.os2,1
no.folklore.overtro,no.jus,1
no.folklore.overtro,no.kjemi,1
no.general,no.eunet.drift,1
no.general,no.prat.aksjer,1
no.havforskning,no.folklore.overtro,1
no.havforskning,no.lisp,1
no.havforskning,no.mail.drift,1
no.havforskning,no.marked,1
no.hobby.diverse,no.alt.tegneserier,1
no.hobby.diverse,no.marked.jobb,1
no.hobby.diverse,no.musikk.gitar,1
no.hobby.diverse,no.spill,1
no.hobby.diverse,no.x,1
no.irc,no.alt.fan.de-lillos,1
no.irc,no.folklore.overtro,1
no.irc,no.mail.drift,1
no.it.diverse,no.audio,1
no.it.diverse,no.mac,1
no.it.emacs,no.folklore.overtro,1
no.it.emacs,no.typografi,1
no.it.os.os2,no.folklore.overtro,1
no.it.os.os2,no.general,1
no.jus,no.biz.annonser,1
no.jus,no.biz.diskusjoner,1
no.jus,no.biz.nettilbydere,1
no.jus,no.embnet,1
no.jus,no.eunet.diverse,1
no.jus,no.eunet.drift,1
no.jus,no.eunet.hjelp,1
no.jus,no.folklore.edb,1
no.jus,no.folklore.generelt,1
no.jus,no.folklore.overtro,1
no.jus,no.reiser,1
no.jus,no.uninett.skole,1
no.kjemi,no.alt.flame,1
no.kjemi,no.alt.sjokolade,1
no.kjemi,no.audio,1
no.kjemi,no.biz.diskusjoner,1
no.kjemi,no.biz.nettilbydere,1
no.kjemi,no.elektronikk,1
no.kjemi,no.folklore.overtro,1
no.kjemi,no.marked,1
no.kryptografi,no.norsk,1
no.kryptografi,no.prat.ufo,1
no.kryptografi,no.psykologi,1
no.kultur.fritid.friluftsliv,no.news.diverse,1
no.kultur.fritid.friluftsliv,no.speider,1
no.linux,no.biz.diskusjoner,1
no.linux,no.test,1
no.lisp,no.havforskning,1
no.lisp,no.news.diverse,1
no.litteratur,no.alt.katter,1
no.litteratur,no.biz.annonser,1
no.litteratur,no.marked.bolig,1
no.litteratur,no.marked.jobb,1
no.litteratur,no.pressemeldinger,1
no.litteratur,no.radio-tv,1
no.mac,no.alt.katter,1
no.mac,no.alt.mat.drikke,1
no.mac,no.film,1
no.mac,no.it.emacs,1
no.mac,no.marked.bolig,1
no.mac,no.marked.jobb,1
no.mac,no.spill,1
no.mail.diverse,no.alt.tegneserier,1
no.mail.diverse,no.marked.bolig,1
no.mail.diverse,no.musikk,1
no.mail.diverse,no.norsk,1
no.mail.diverse,no.slekt.programmer,1
no.mail.diverse,no.standard,1
no.mail.drift,no.havforskning,1
no.mail.drift,no.irc,1
no.mail.drift,no.marked.bolig,1
no.mail.drift,no.news.diverse,1
no.marked,no.alt.flame,1
no.marked,no.havforskning,1
no.marked,no.skole.diverse,1
no.marked,no.slekt.programmer,1
no.marked,no.test,1
no.marked,no.x,1
no.marked.bil,no.media,1
no.marked.bil,no.musikk.gitar,1
no.marked.bil,no.musikk.klassisk,1
no.marked.bil,no.net,1
no.marked.bil,no.unix,1
no.marked.bolig,no.media,1
no.marked.bolig,no.musikk.klassisk,1
no.marked.bolig,no.net,1
no.marked.data,no.alt.diskusjoner,1
no.marked.data,no.folklore.edb,1
no.marked.data,no.mail.drift,1
no.marked.data,no.musikk.gitar,1
no.marked.data,no.norsk,1
no.marked.data,no.prat.seksualitet,1
no.marked.data,no.slekt,1
no.marked.data,no.slekt.programmer,1
no.marked.data,no.student.nett,1
no.marked.data,no.uninett.diverse,1
no.marked.data,no.uninett.skole,1
no.marked.diskusjon,no.musikk.gitar,1
no.marked.diskusjon,no.musikk.klassisk,1
no.marked.diskusjon,no.net,1
no.marked.diskusjon,no.news.diverse,1
no.marked.diskusjon,no.reiser,1
no.marked.diskusjon,no.tele,1
no.marked.jobb,no.elektronikk,1
no.marked.jobb,no.film,1
no.marked.jobb,no.hobby.diverse,1
no.marked.jobb,no.litteratur,1
no.marked.jobb,no.mac,1
no.marked.jobb,no.skole.diverse,1
no.marked.jobb,no.spill,1
no.marked.jobb,no.video,1
no.media,no.marked.bil,1
no.media,no.marked.bolig,1
no.media,no.ms-windows,1
no.media,no.musikk.gitar,1
no.media,no.musikk.klassisk,1
no.media,no.test,1
no.medisin,no.alt.config,1
no.medisin,no.biz.annonser,1
no.medisin,no.embnet,1
no.ms-windows,no.alt.fan.de-lillos,1
no.ms-windows,no.biz.nettilbydere,1
no.ms-windows,no.media,1
no.ms-windows,no.org.efn.diskusjon,1
no.ms-windows,no.radio-tv,1
no.ms-windows,no.svar,1
no.ms-windows,no.video,1
no.ms-windows,no.x,1
no.multimedia,no.svar,1
no.multimedia,no.test,1
no.musikk,no.mail.diverse,1
no.musikk,no.slekt,1
no.musikk,no.slekt.programmer,1
no.musikk,no.vitser,1
no.musikk.gitar,no.hobby.diverse,1
no.musikk.gitar,no.marked.bil,1
no.musikk.gitar,no.marked.diskusjon,1
no.musikk.gitar,no.media,1
no.musikk.klassisk,no.marked.bil,1
no.musikk.klassisk,no.marked.bolig,1
no.musikk.klassisk,no.marked.diskusjon,1
no.musikk.klassisk,no.media,1
no.musikk.klassisk,no.net,1
no.musikk.klassisk,no.news.diverse,1
no.musikk.klassisk,no.religion,1
no.net,no.ef,1
no.net,no.eunet.diverse,1
no.net,no.kjemi,1
no.net,no.lisp,1
no.net,no.marked.bil,1
no.net,no.marked.bolig,1
no.net,no.marked.diskusjon,1
no.net,no.musikk.klassisk,1
no.net,no.pressemeldinger,1
no.net,no.radio-tv,1
no.net,no.slekt,1
no.news.diverse,no.eunet.diverse,1
no.news.diverse,no.eunet.hjelp,1
no.news.diverse,no.musikk.klassisk,1
no.news.diverse,no.uninett.hjelp,1
no.news.drift,no.alt.pompel-og-pilt,1
no.news.drift,no.amiga,1
no.news.drift,no.biz.diskusjoner,1
no.news.drift,no.c,1
no.news.drift,no.ef,1
no.news.drift,no.eunet.hjelp,1
no.norsk,no.folklore.overtro,1
no.norsk,no.kryptografi,1
no.norsk,no.mail.diverse,1
no.norsk,no.slekt.programmer,1
no.norsk,no.vit.diverse,1
no.norsk.fagord,no.general,1
no.nuug,no.alt.god.jul,1
no.nuug,no.www,1
no.pc,no.alt.god.jul,1
no.pc,no.marked.diskusjon,1
no.pc,no.x,1
no.perl,no.c,1
no.prat.narkotika,no.alt.flame,1
no.prat.narkotika,no.psykologi,1
no.prat.politikk,no.alt.gledesutbrudd,1
no.prat.politikk,no.alt.sjokolade,1
no.prat.politikk,no.marked.data,1
no.prat.politikk,no.marked.jobb,1
no.prat.politikk,no.slekt.etterlysning,1
no.prat.politikk,no.sport.diverse,1
no.prat.seksualitet,no.alt.flame,1
no.prat.seksualitet,no.prat.narkotika,1
no.prat.seksualitet,no.speider,1
no.pressemeldinger,no.film,1
no.pressemeldinger,no.litteratur,1
no.pressemeldinger,no.net,1
no.pressemeldinger,no.stortinget,1
no.pressemeldinger,no.test,1
no.pressemeldinger.diskusjon,no.news.diverse,1
no.psykologi,no.alt.flame,1
no.psykologi,no.kryptografi,1
no.psykologi,no.marked.jobb,1
no.psykologi,no.prat.narkotika,1
no.psykologi,no.prat.ufo,1
no.psykologi,no.student.nett,1
no.radio-tv,no.havforskning,1
no.radio-tv,no.ms-windows,1
no.radio-tv,no.net,1
no.radio-tv,no.tele,1
no.radio-tv,no.unix,1
no.reiser,no.alt.diskusjoner,1
no.reiser,no.alt.flame,1
no.reiser,no.alt.gledesutbrudd,1
no.reiser,no.biz.diskusjoner,1
no.reiser,no.eunet.diverse,1
no.reiser,no.jus,1
no.reiser,no.spill,1
no.religion,no.mac,1
no.religion,no.musikk.klassisk,1
no.skole.diverse,no.biz.annonser,1
no.skole.diverse,no.marked,1
no.skole.diverse,no.marked.jobb,1
no.slekt,no.marked.data,1
no.slekt,no.musikk,1
no.slekt,no.net,1
no.slekt.etterlysning,no.news.diverse,1
no.slekt.programmer,no.mail.diverse,1
no.slekt.programmer,no.marked,1
no.slekt.programmer,no.marked.data,1
no.slekt.programmer,no.musikk,1
no.slekt.programmer,no.norsk,1
no.speider,no.kultur.fritid.friluftsliv,1
no.speider,no.prat.seksualitet,1
no.spill,no.amiga,1
no.spill,no.hobby.diverse,1
no.spill,no.mac,1
no.spill,no.marked.jobb,1
no.spill.rollespill,no.marked,1
no.spill.sjakk,no.alt.diskusjoner,1
no.sport.diverse,no.test,1
no.sport.orientering,no.alt.tegneserier,1
no.sport.orientering,no.biz.annonser,1
no.sport.orientering,no.standard,1
no.stortinget,no.pressemeldinger,1
no.stortinget,no.www,1
no.student.nett,no.marked.data,1
no.student.nett,no.stortinget,1
no.student.nett,no.vitser,1
no.student.samfund,no.vitser,1
no.student.samfund,no.www,1
no.sykkel,no.alt.gledesutbrudd,1
no.tegnsett,no.net,1
no.tegnsett,no.norsk,1
no.tegnsett,no.sykkel,1
no.tegnsett,no.www,1
no.tele,no.radio-tv,1
no.telepost,no.biz.nettilbydere,1
no.test,no.alkohol,1
no.test,no.biz,1
no.test,no.biz.diskusjoner,1
no.test,no.news.drift,1
no.test,no.pressemeldinger,1
no.test,no.spill.rollespill,1
no.tex,no.kjemi,1
no.tex,no.news.diverse,1
no.tex,no.www,1
no.tungregning,unknown,1
no.typografi,no.elektronikk,1
no.typografi,no.media,1
no.typografi,no.norsk.fagord,1
no.typografi,no.pressemeldinger,1
no.typografi,no.test,1
no.uninett.diverse,no.marked.jobb,1
no.uninett.diverse,no.multimedia,1
no.uninett.diverse,no.uninett.drift,1
no.uninett.hjelp,no.eunet.hjelp,1
no.uninett.hjelp,no.news.diverse,1
no.uninett.skole,no.biz.annonser.data,1
no.uninett.skole,no.jus,1
no.uninett.skole,no.marked.data,1
no.unix,no.alt.diskusjoner,1
no.unix,no.alt.pompel-og-pilt,1
no.unix,no.biz.diskusjoner,1
no.unix,no.biz.nettilbydere,1
no.unix,no.ef,1
no.unix,no.eunet.hjelp,1
no.unix,no.it.emacs,1
no.video,no.alt.tegneserier,1
no.video,no.marked.jobb,1
no.video,no.ms-windows,1
no.vit.diverse,no.alt.sjokolade,1
no.vit.diverse,no.audio,1
no.vit.diverse,no.standard,1
no.vit.diverse,no.tungregning,1
no.vitser,no.mac,1
no.vitser,no.student.samfund,1
no.vitser,no.sykkel,1
no.vitser,no.tegnsett,1
no.vitser,no.telepost,1
no.www,no.musikk.gitar,1
no.www,no.norsk.fagord,1
no.www,no.stortinget,1
no.www,no.student.samfund,1
no.www,no.tex,1
no.x,no.folklore.generelt,1
no.x,no.hobby.diverse,1
no.x,no.marked,1
no.x,no.ms-windows,1
no.x,no.news.diverse,1
no.x,no.pc,1
no.x,no.www,1
