newsgroup_a,newsgroup_b,users_a,users_b,shared_users,jaccard
no.embnet,no.havforskning,260,397,173,0.3574380165289256
no.bibsys,no.embnet,235,260,127,0.3451086956521739
no.ef,no.embnet,567,260,209,0.33818770226537215
no.alt.frustrasjoner,no.alt.gledesutbrudd,3039,1753,1174,0.3244886677722499
no.alt.pompel-og-pilt,no.alt.radio-tv.irma-1000,329,309,151,0.31006160164271046
no.mail.diverse,no.mail.drift,993,430,324,0.2948134667879891
no.marked,no.marked.data,8430,7987,3575,0.2783834293723719
no.prat.politikk,no.stortinget,1150,665,383,0.2674581005586592
no.alt.radio-tv.irma-1000,no.bibsys,309,235,112,0.25925925925925924
no.biz.annonser,no.biz.annonser.data,2197,1548,761,0.2550268096514745
no.alt.diskusjoner,no.alt.frustrasjoner,2367,3039,1092,0.25312934631432543
no.ai,no.alt.arkiv,254,199,91,0.2513812154696133
no.lisp,no.mail.drift,302,430,146,0.24914675767918087
no.alt.arkiv,no.alt.config,199,407,120,0.24691358024691357
no.eunet.drift,no.eunet.hjelp,135,244,75,0.24671052631578946
no.alt.pompel-og-pilt,no.bibsys,329,235,110,0.2422907488986784
no.slekt,no.slekt.etterlysning,1836,1240,580,0.23237179487179488
no.alt.diskusjoner,no.prat.politikk,2367,1150,662,0.2318739054290718
no.bibsys,no.havforskning,235,397,117,0.22718446601941747
no.kjemi,no.mail.drift,745,430,216,0.22523461939520334
no.ms-windows,no.pc,3235,7028,1871,0.22295042897998094
no.embnet,no.lisp,260,302,102,0.2217391304347826
no.eunet.diverse,no.eunet.drift,141,135,50,0.22123893805309736
no.student.nett,no.student.samfund,452,255,128,0.22107081174438686
no.alt.diskusjoner,no.general,2367,7075,1666,0.21424897119341563
no.alt.radio-tv.irma-1000,no.embnet,309,260,100,0.21321961620469082
no.ef,no.havforskning,567,397,169,0.21257861635220127
no.marked.data,no.pc,7987,7028,2626,0.21196222455403987
no.alt.frustrasjoner,no.general,3039,7075,1756,0.21009810959559702
no.uninett.drift,no.uninett.katalog,112,68,31,0.2080536912751678
no.mail.diverse,no.net,993,1216,377,0.20578602620087336
no.alt.pompelog,no.alt.radio_tv.irma1000,143,209,60,0.2054794520547945
no.uninett.drift,no.uninett.hjelp,112,124,40,0.20408163265306123
no.c,no.ef,1036,567,270,0.20255063765941486
no.alt.diskusjoner,no.news.diverse,2367,1892,713,0.20107163000564016
no.alt.diskusjoner,no.alt.gledesutbrudd,2367,1753,688,0.20046620046620048
no.alt.god.jul,no.alt.pompel-og-pilt,570,329,150,0.20026702269692923
no.uninett.hjelp,no.uninett.katalog,124,68,32,0.2
no.bibsys,no.ef,235,567,133,0.19880418535127056
no.bibsys,no.lisp,235,302,88,0.19599109131403117
no.alt.pompel-og-pilt,no.embnet,329,260,96,0.1947261663286004
no.embnet,no.mail.drift,260,430,112,0.19377162629757785
no.embnet,no.eunet.diverse,260,141,65,0.19345238095238096
no.c,no.embnet,1036,260,209,0.1922723091076357
no.alt.mat,no.alt.mat.drikke,1286,659,309,0.18887530562347188
no.linux,no.unix,3019,1435,707,0.1886842807579397
no.biz.diskusjoner,no.biz.nettilbydere,431,686,175,0.18577494692144372
no.havforskning,no.kjemi,397,745,177,0.18341968911917098
no.ai,no.alt.config,254,407,102,0.18246869409660108
no.alt.pompel-og-pilt,no.alt.sjokolade,329,656,151,0.18105515587529977
no.alt.diskusjoner,no.norsk,2367,1962,662,0.1805290428142896
no.alt.god.jul,no.alt.radio-tv.irma-1000,570,309,133,0.17828418230563003
no.alt.diskusjoner,no.jus,2367,1851,638,0.1782122905027933
no.alt.frustrasjoner,no.news.diverse,3039,1892,745,0.17797419971333014
no.bil,no.marked.bil,2153,1423,540,0.17786561264822134
no.alt.pompel-og-pilt,no.lisp,329,302,95,0.17723880597014927
no.havforskning,no.mail.drift,397,430,124,0.1763869132290185
no.alt.radio-tv.irma-1000,no.lisp,309,302,91,0.175
no.marked,no.pc,8430,7028,2295,0.17435235128770038
no.alt.radio-tv.irma-1000,no.alt.sjokolade,309,656,143,0.17396593673965938
no.sources.list,no.uninett.katalog,101,68,25,0.1736111111111111
no.kjemi,no.mail.diverse,745,993,257,0.17353139770425388
no.jus,no.news.diverse,1851,1892,548,0.17151799687010955
no.alt.radio-tv.irma-1000,no.mail.drift,309,430,108,0.17115689381933438
no.kjemi,no.lisp,745,302,153,0.17114093959731544
no.general,no.www,7075,3452,1532,0.17031684269038355
no.news.diverse,no.norsk,1892,1962,558,0.16929611650485438
no.sources.list,no.sources.wanted,101,218,46,0.1684981684981685
no.lisp,no.mail.diverse,302,993,185,0.16666666666666666
no.ef,no.lisp,567,302,124,0.16644295302013423
no.pc,no.www,7028,3452,1492,0.16599910992434358
no.mail.drift,no.net,430,1216,234,0.16572237960339944
no.film,no.radio-tv,2587,2075,662,0.1655
no.bolig,no.marked.bolig,978,892,264,0.1643835616438356
no.alt.gledesutbrudd,no.news.diverse,1753,1892,510,0.16267942583732056
no.tungregning,no.uninett.katalog,118,68,26,0.1625
no.mail.diverse,no.news.diverse,993,1892,402,0.16190092629883207
no.uninett.diverse,no.uninett.drift,262,112,52,0.16149068322981366
no.net,no.news.diverse,1216,1892,432,0.16143497757847533
no.slekt.etterlysning,no.slekt.programmer,1240,589,254,0.16126984126984126
no.havforskning,no.lisp,397,302,97,0.1611295681063123
no.alt.frustrasjoner,no.www,3039,3452,900,0.16097299230906814
no.alt.pompel-og-pilt,no.ef,329,567,123,0.1591203104786546
no.mail.drift,no.news.drift,430,379,111,0.15902578796561603
no.multimedia,no.net,1383,1216,356,0.1587160053499777
no.slekt,no.slekt.programmer,1836,589,331,0.15807067812798473
no.alt.diskusjoner,no.religion,2367,1583,537,0.1573395839437445
no.news.diverse,no.www,1892,3452,723,0.156459640770396
no.news.drift,no.org.efn.diskusjon,379,446,111,0.15546218487394958
no.ef,no.mail.drift,567,430,134,0.1552723059096176
no.alt.god.jul,no.bibsys,570,235,108,0.15494978479196556
no.general,no.pc,7075,7028,1885,0.1542805696513341
no.kryptografi,no.lisp,359,302,88,0.15357766143106458
no.alt.diskusjoner,no.www,2367,3452,774,0.15341922695738355
no.alt.god.jul,no.alt.sjokolade,570,656,163,0.1533396048918156
no.alkohol,no.alt.diskusjoner,1192,2367,471,0.15252590673575128
no.uninett.diverse,no.uninett.hjelp,262,124,51,0.15223880597014924
no.nuug,no.sources.list,164,101,35,0.15217391304347827
no.jus,no.norsk,1851,1962,503,0.15196374622356495
no.alt.radio-tv.irma-1000,no.havforskning,309,397,93,0.15171288743882544
no.prat.politikk,no.religion,1150,1583,360,0.15170670037926676
no.ms-windows,no.www,3235,3452,880,0.15154124332701913
no.alt.frustrasjoner,no.norsk,3039,1962,658,0.15150817407322129
no.irc,no.jus,1472,1851,436,0.15102182196051264
no.general,no.news.diverse,7075,1892,1167,0.14961538461538462
no.alt.pompel-og-pilt,no.havforskning,329,397,94,0.14873417721518986
no.bibsys,no.mail.drift,235,430,86,0.14853195164075994
no.alt.sjokolade,no.bibsys,656,235,115,0.1481958762886598
no.ef,no.irc,567,1472,261,0.14679415073115862
no.sources.list,no.tungregning,101,118,28,0.14659685863874344
no.alt.sjokolade,no.alt.tegneserier,656,1043,217,0.14642375168690958
no.alt.god.jul,no.ef,570,567,145,0.1461693548387097
no.mail.diverse,no.multimedia,993,1383,303,0.14616497829232997
no.standard,no.uninett.katalog,129,68,25,0.14534883720930233
no.alt.frustrasjoner,no.jus,3039,1851,620,0.1451990632318501
no.jus,no.mail.diverse,1851,993,360,0.14492753623188406
no.org.nobug.diverse,no.uninett.katalog,90,68,20,0.14492753623188406
no.alt.pompel-og-pilt,no.mail.drift,329,430,96,0.14479638009049775
no.news.diverse,no.prat.politikk,1892,1150,384,0.14446952595936793
no.embnet,no.kjemi,260,745,126,0.14334470989761092
no.alt.god.jul,no.embnet,570,260,104,0.14325068870523416
no.alt.radio-tv.irma-1000,no.ef,309,567,109,0.1421121251629726
no.standard,no.tegnsett,129,249,47,0.1419939577039275
no.alt.tegneserier,no.ef,1043,567,200,0.14184397163120568
no.general,no.norsk,7075,1962,1121,0.14161192521475494
no.jus,no.prat.politikk,1851,1150,372,0.1414986686953214
no.net,no.news.drift,1216,379,197,0.14091559370529327
no.litteratur,no.norsk,1532,1962,431,0.1407117205354228
no.general,no.jus,7075,1851,1097,0.14012006641972155
no.norsk,no.prat.politikk,1962,1150,382,0.13992673992673993
no.alt.diskusjoner,no.irc,2367,1472,471,0.13984560570071258
no.news.drift,no.tegnsett,379,249,77,0.1397459165154265
no.pc,no.spill,7028,2992,1226,0.13941323629747554
no.it.emacs,no.lisp,394,302,85,0.13911620294599017
no.prat.politikk,no.vit.diverse,1150,473,198,0.13894736842105262
no.ef,no.kjemi,567,745,160,0.1388888888888889
no.standard,no.tungregning,129,118,30,0.1382488479262673
no.alt.diskusjoner,no.stortinget,2367,665,368,0.13813813813813813
no.c,no.unix,1036,1435,299,0.13766114180478822
no.c,no.havforskning,1036,397,173,0.1373015873015873
no.bibsys,no.biz,235,55,35,0.13725490196078433
no.ef,no.mail.diverse,567,993,188,0.13702623906705538
no.alkohol,no.prat.narkotika,1192,526,207,0.1369953673064196
no.jus,no.kjemi,1851,745,312,0.13660245183887915
no.tungregning,no.uninett.hjelp,118,124,29,0.13615023474178403
no.news.drift,no.nuug,379,164,65,0.13598326359832635
no.net,no.unix,1216,1435,317,0.13581833761782347
no.mail.diverse,no.news.drift,993,379,163,0.1348221670802316
no.biz.annonser.data,no.marked.data,1548,7987,1132,0.1347137926930858
no.audio,no.elektronikk,2492,2250,562,0.13444976076555024
no.alt.tegneserier,no.embnet,1043,260,154,0.134029590948651
no.alt.config,no.alt.god.jul,407,570,115,0.1334106728538283
no.jus,no.net,1851,1216,361,0.1334072431633407
no.alt.gledesutbrudd,no.alt.mat,1753,1286,357,0.1331096196868009
no.tungregning,no.uninett.drift,118,112,27,0.1330049261083744
no.ef,no.prat.politikk,567,1150,201,0.13258575197889183
no.film,no.musikk,2587,3667,729,0.13194570135746606
no.alt.arkiv,no.alt.radio-tv.irma-1000,199,309,59,0.13140311804008908
no.biz.annonser,no.marked,2197,8430,1234,0.13137442776535718
no.alt.god.jul,no.alt.tegneserier,570,1043,187,0.13113604488078542
no.ef,no.jus,567,1851,280,0.13096351730589337
no.irc,no.news.diverse,1472,1892,389,0.1307563025210084
no.net,no.www,1216,3452,539,0.13054008234439332
no.general,no.marked,7075,8430,1788,0.13034920172049283
no.sources.wanted,no.standard,218,129,40,0.13029315960912052
no.mail.drift,no.multimedia,430,1383,207,0.12889165628891655
no.alt.gledesutbrudd,no.general,1753,7075,1007,0.12875591356604016
no.alt.frustrasjoner,no.vitser,3039,3555,752,0.12872304005477575
no.news.diverse,no.unix,1892,1435,379,0.128561736770692
no.c,no.irc,1036,1472,284,0.12769784172661872
no.musikk,no.musikk.gitar,3667,1148,543,0.1271067415730337
no.alt.sjokolade,no.embnet,656,260,103,0.12669126691266913
no.alt.gledesutbrudd,no.jus,1753,1851,405,0.12660206314473274
no.prat.narkotika,no.prat.politikk,526,1150,188,0.12634408602150538
no.irc,no.mail.diverse,1472,993,276,0.12608497030607582
no.alt.frustrasjoner,no.irc,3039,1472,504,0.12577988520089842
no.skole.diverse,no.uninett.skole,563,522,121,0.12551867219917012
no.alt.frustrasjoner,no.radio-tv,3039,2075,569,0.1251925192519252
no.alt.gledesutbrudd,no.norsk,1753,1962,413,0.1250757116898849
no.kjemi,no.net,745,1216,218,0.12507171543316123
no.jus,no.litteratur,1851,1532,376,0.1250415696707682
no.kjemi,no.litteratur,745,1532,253,0.125
no.sources.list,no.uninett.hjelp,101,124,25,0.125
no.c,no.net,1036,1216,250,0.12487512487512488
no.alt.config,no.alt.pompelog,407,143,61,0.12474437627811862
no.alt.pompel-og-pilt,no.alt.tegneserier,329,1043,152,0.12459016393442623
no.c,no.lisp,1036,302,148,0.12436974789915967
no.media,no.prat.politikk,734,1150,208,0.12410501193317422
no.alt.radio-tv.irma-1000,no.alt.tegneserier,309,1043,149,0.12385702410640066
no.news.diverse,no.news.drift,1892,379,250,0.12370113805047006
no.perl,no.unix,564,1435,220,0.12366498032602585
no.biz.diskusjoner,no.embnet,431,260,76,0.12357723577235773
no.c,no.mail.diverse,1036,993,223,0.12347729789590255
no.alt.diskusjoner,no.radio-tv,2367,2075,488,0.12341932220536166
no.biz.annonser.data,no.biz.nettilbydere,1548,686,245,0.1231774761186526
no.bibsys,no.c,235,1036,139,0.12279151943462897
no.alt.sjokolade,no.ef,656,567,133,0.12201834862385322
no.kjemi,no.multimedia,745,1383,231,0.12177121771217712
no.alt.gledesutbrudd,no.irc,1753,1472,350,0.12173913043478261
no.alt.diskusjoner,no.prat.seksualitet,2367,883,351,0.1210762331838565
no.sources.list,no.uninett.drift,101,112,23,0.12105263157894737
no.nuug,no.uninett.katalog,164,68,25,0.12077294685990338
no.mail.drift,no.nuug,430,164,64,0.12075471698113208
no.litteratur,no.mail.diverse,1532,993,272,0.12072791833111407
no.alt.diskusjoner,no.media,2367,734,334,0.12070834839176003
no.alt.diskusjoner,no.ef,2367,567,316,0.12070282658517953
no.litteratur,no.mail.drift,1532,430,211,0.12050256996002284
no.irc,no.net,1472,1216,289,0.1204668611921634
no.linux,no.net,3019,1216,455,0.12037037037037036
no.alt.frustrasjoner,no.prat.politikk,3039,1150,450,0.1203530355710083
no.alt.radio-tv.irma-1000,no.kjemi,309,745,113,0.12008501594048884
no.jus,no.www,1851,3452,566,0.11948490605868693
no.havforskning,no.mail.diverse,397,993,148,0.11916264090177134
no.marked.data,no.ms-windows,7987,3235,1194,0.1190666134822497
no.alkohol,no.alt.config,1192,407,170,0.11896431070678797
no.linux,no.pc,3019,7028,1068,0.11894420314066155
no.biz.annonser,no.marked.data,2197,7987,1082,0.11887497253350912
no.biz.diskusjoner,no.ef,431,567,106,0.11883408071748879
no.ef,no.net,567,1216,189,0.11856963613550815
no.kjemi,no.medisin,745,1038,189,0.11856963613550815
no.tegnsett,no.uninett.diverse,249,262,54,0.11816192560175055
no.alt.diskusjoner,no.alt.mat,2367,1286,386,0.11815120906029997
no.kryptografi,no.org.efn.diskusjon,359,446,85,0.11805555555555555
no.alt.god.jul,no.havforskning,570,397,102,0.11791907514450867
no.alt.sjokolade,no.lisp,656,302,101,0.11785297549591599
no.alt.gledesutbrudd,no.prat.politikk,1753,1150,306,0.11782826338082403
no.tele,no.www,2097,3452,584,0.1176233635448137
no.bibsys,no.kjemi,235,745,103,0.11744583808437856
no.mail.diverse,no.unix,993,1435,255,0.11734928670041417
no.sources.wanted,no.tegnsett,218,249,49,0.11722488038277512
no.jus,no.org.efn.diskusjon,1851,446,241,0.11721789883268482
no.alt.frustrasjoner,no.film,3039,2587,590,0.11715647339158063
no.alt.config,no.ef,407,567,102,0.11697247706422019
no.general,no.prat.politikk,7075,1150,861,0.11692015209125475
no.norsk,no.www,1962,3452,565,0.1165188698700763
no.alt.god.jul,no.lisp,570,302,91,0.11651728553137004
no.sources.list,no.standard,101,129,24,0.11650485436893204
no.havforskning,no.irc,397,1472,195,0.11648745519713262
no.alt.config,no.news.drift,407,379,82,0.11647727272727272
no.ai,no.lisp,254,302,58,0.11646586345381527
no.kjemi,no.vit.diverse,745,473,127,0.11640696608615948
no.alt.diskusjoner,no.net,2367,1216,373,0.1161993769470405
no.marked,no.musikk,8430,3667,1259,0.11616534415943901
no.eunet.diverse,no.eunet.hjelp,141,244,40,0.11594202898550725
no.alt.diskusjoner,no.film,2367,2587,514,0.11576576576576576
no.alt.frustrasjoner,no.pc,3039,7028,1044,0.11570431120469911
no.news.diverse,no.radio-tv,1892,2075,411,0.11557930258717661
no.org.efn.diskusjon,no.tegnsett,446,249,72,0.11556982343499198
no.c,no.jus,1036,1851,299,0.11553323029366307
no.general,no.linux,7075,3019,1044,0.11535911602209944
no.embnet,no.irc,260,1472,179,0.11526078557630393
no.alt.tegneserier,no.film,1043,2587,375,0.1152073732718894
no.media,no.radio-tv,734,2075,290,0.11512504962286621
no.alt.diskusjoner,no.vitser,2367,3555,611,0.11504424778761062
no.org.efn.diskusjon,no.telepost,446,417,89,0.11498708010335917
no.uninett.diverse,no.uninett.katalog,262,68,34,0.11486486486486487
no.media,no.multimedia,734,1383,218,0.114797261716693
no.uninett.diverse,no.vr,262,166,44,0.11458333333333333
no.standard,no.uninett.hjelp,129,124,26,0.1145374449339207
no.ef,no.org.efn.diskusjon,567,446,104,0.11441144114411442
no.alt.sjokolade,no.havforskning,656,397,108,0.11428571428571428
no.alt.arkiv,no.alt.pompelog,199,143,35,0.11400651465798045
no.prat.politikk,no.prat.seksualitet,1150,883,208,0.11397260273972602
no.alkohol,no.alt.mat.drikke,1192,659,189,0.11371841155234658
no.bibsys,no.biz.diskusjoner,235,431,68,0.11371237458193979
no.media,no.news.diverse,734,1892,268,0.11365564037319763
no.alt.god.jul,no.mail.drift,570,430,102,0.11358574610244988
no.alt.tegneserier,no.c,1043,1036,212,0.11355115158007499
no.alt.frustrasjoner,no.musikk,3039,3667,681,0.11302904564315353
no.ef,no.news.drift,567,379,96,0.11294117647058824
no.kryptografi,no.mail.drift,359,430,80,0.11283497884344147
no.jus,no.mail.drift,1851,430,231,0.1126829268292683
no.radio-tv,no.radio_tv,2075,583,269,0.11259941398074508
no.prat.politikk,no.skole.diverse,1150,563,173,0.11233766233766233
no.jus,no.multimedia,1851,1383,326,0.11210453920220083
no.film,no.video,2587,942,355,0.11184625078764965
no.folklore.generelt,no.folklore.overtro,49,130,18,0.11180124223602485
no.linux,no.www,3019,3452,650,0.11166466242913589
no.c,no.mail.drift,1036,430,147,0.11144806671721001
no.net,no.tele,1216,2097,332,0.1113720228111372
no.linux,no.news.diverse,3019,1892,492,0.11133740665308893
no.it.emacs,no.unix,394,1435,183,0.11117861482381532
no.musikk,no.radio-tv,3667,2075,574,0.11106811145510836
no.linux,no.mail.diverse,3019,993,401,0.11104957075602326
no.irc,no.www,1472,3452,492,0.11101083032490974
no.c,no.linux,1036,3019,405,0.11095890410958904
no.tegnsett,no.uninett.drift,249,112,36,0.11076923076923077
no.nuug,no.sources.wanted,164,218,38,0.11046511627906977
no.alt.frustrasjoner,no.linux,3039,3019,602,0.11033724340175953
no.audio,no.musikk,2492,3667,612,0.11032990805840995
no.bil,no.elektronikk,2153,2250,437,0.11018658598083711
no.org.isoc-no,no.uninett.katalog,53,68,12,0.11009174311926606
no.tegnsett,no.telepost,249,417,66,0.11
no.audio,no.film,2492,2587,503,0.10992132867132867
no.news.diverse,no.religion,1892,1583,344,0.10986905142127117
no.nuug,no.standard,164,129,29,0.10984848484848485
no.radio-tv,no.www,2075,3452,547,0.10983935742971887
no.embnet,no.mail.diverse,260,993,124,0.10983170947741364
no.norsk,no.religion,1962,1583,350,0.10954616588419405
no.general,no.radio-tv,7075,2075,903,0.10949436158603128
no.alt.diskusjoner,no.litteratur,2367,1532,384,0.10924608819345662
no.elektronikk,no.tele,2250,2097,428,0.10921153355447819
no.film,no.general,2587,7075,950,0.10904499540863177
no.alt.config,no.alt.katter,407,774,116,0.10892018779342723
no.alt.pompelog,no.eunet.hjelp,143,244,38,0.10888252148997135
no.lisp,no.net,302,1216,149,0.10883856829802775
no.alkohol,no.alt.gledesutbrudd,1192,1753,288,0.10839292435077155
no.alt.gledesutbrudd,no.www,1753,3452,509,0.1083901192504259
no.alt.sjokolade,no.kjemi,656,745,137,0.10838607594936708
no.alt.pompel-og-pilt,no.kjemi,329,745,105,0.10835913312693499
no.audio,no.bil,2492,2153,454,0.10832736816988786
no.alt.katter,no.alt.mat.drikke,774,659,140,0.10827532869296211
no.mac,no.multimedia,2742,1383,403,0.10827512090274047
no.alt.config,no.alt.diskusjoner,407,2367,271,0.1082700759089093
no.net,no.norsk,1216,1962,310,0.10808926080892609
no.jus,no.linux,1851,3019,475,0.1080773606370876
no.ef,no.multimedia,567,1383,190,0.10795454545454546
no.pc,no.tele,7028,2097,888,0.10780624013597183
no.alkohol,no.alt.frustrasjoner,1192,3039,411,0.10759162303664921
no.news.diverse,no.tele,1892,2097,387,0.10744031093836758
no.sources.wanted,no.uninett.drift,218,112,32,0.10738255033557047
no.general,no.musikk,7075,3667,1040,0.10719439290867862
no.alt.mat.drikke,no.alt.sjokolade,659,656,127,0.1069023569023569
no.alt.diskusjoner,no.mail.diverse,2367,993,324,0.1067193675889328
no.alt.frustrasjoner,no.alt.mat,3039,1286,417,0.10670419651995906
no.it.emacs,no.x,394,301,67,0.10668789808917198
no.org.efn.diskusjon,no.psykologi,446,584,99,0.10633727175080558
no.biz.annonser,no.biz.nettilbydere,2197,686,277,0.10629316960859554
no.ef,no.stortinget,567,665,118,0.1059245960502693
no.nuug,no.tungregning,164,118,27,0.10588235294117647
no.ai,no.embnet,254,260,49,0.1053763440860215
no.media,no.norsk,734,1962,257,0.10537105371053711
no.ms-windows,no.tele,3235,2097,508,0.10530679933665009
no.irc,no.kjemi,1472,745,211,0.10518444666001994
no.alt.tegneserier,no.havforskning,1043,397,137,0.10514198004604758
no.unix,no.x,1435,301,165,0.10502864417568428
no.it.emacs,no.perl,394,564,91,0.104959630911188
no.unix,no.www,1435,3452,464,0.10490617228125707
no.alt.gledesutbrudd,no.film,1753,2587,412,0.10488798370672098
no.ms-windows,no.spill,3235,2992,591,0.10486160397444996
no.alt.config,no.alt.gledesutbrudd,407,1753,205,0.10485933503836317
no.c,no.kjemi,1036,745,169,0.10483870967741936
no.alt.frustrasjoner,no.prat.seksualitet,3039,883,372,0.1047887323943662
no.alt.gledesutbrudd,no.prat.seksualitet,1753,883,250,0.10477787091366303
no.alt.diskusjoner,no.pc,2367,7028,891,0.10477422389463782
no.alt.config,no.alt.mat.drikke,407,659,101,0.10466321243523316
no.alt.tegneserier,no.bibsys,1043,235,121,0.10458081244598098
no.jus,no.religion,1851,1583,325,0.10453522032807977
no.film,no.jus,2587,1851,420,0.10452961672473868
no.it.diverse,no.vit.diverse,605,473,102,0.10450819672131148
no.alt.gledesutbrudd,no.radio-tv,1753,2075,362,0.10444316214656665
no.folklore.edb,no.folklore.overtro,219,130,33,0.10443037974683544
no.alt.frustrasjoner,no.net,3039,1216,402,0.1043342849727485
no.sources.wanted,no.uninett.katalog,218,68,27,0.10424710424710425
no.alt.config,no.mail.drift,407,430,79,0.10422163588390501
no.it.emacs,no.kryptografi,394,359,71,0.10410557184750734
no.mail.drift,no.tegnsett,430,249,64,0.1040650406504065
no.jus,no.radio-tv,1851,2075,370,0.10404949381327334
no.nuug,no.uninett.drift,164,112,26,0.104
no.alt.diskusjoner,no.musikk,2367,3667,568,0.10391511159897548
no.alt.frustrasjoner,no.unix,3039,1435,421,0.10387367382186036
no.uninett.katalog,no.vr,68,166,22,0.10377358490566038
no.general,no.marked.data,7075,7987,1416,0.10376667155210317
no.tegnsett,no.uninett.hjelp,249,124,35,0.10355029585798817
no.alt.gledesutbrudd,no.vitser,1753,3555,497,0.10330492621076699
no.jus,no.media,1851,734,242,0.10328638497652583
no.news.drift,no.uninett.diverse,379,262,60,0.10327022375215146
no.general,no.vitser,7075,3555,995,0.10326933056564608
no.alt.config,no.alt.radio-tv.irma-1000,407,309,67,0.10323574730354391
no.alt.god.jul,no.kjemi,570,745,123,0.10318791946308725
no.nuug,no.org.efn.diskusjon,164,446,57,0.10307414104882459
no.norsk,no.radio-tv,1962,2075,377,0.10300546448087432
no.alkohol,no.jus,1192,1851,284,0.10293584632113084
no.alt.pompel-og-pilt,no.alt.pompelog,329,143,44,0.102803738317757
no.ai,no.alt.pompelog,254,143,37,0.10277777777777777
no.stortinget,no.vit.diverse,665,473,106,0.10271317829457365
no.news.drift,no.telepost,379,417,74,0.10249307479224377
no.eunet.diverse,no.havforskning,141,397,50,0.10245901639344263
no.alt.god.jul,no.mail.diverse,570,993,145,0.10225669957686882
no.tegnsett,no.tungregning,249,118,34,0.1021021021021021
no.irc,no.linux,1472,3019,416,0.10208588957055215
no.multimedia,no.news.diverse,1383,1892,303,0.10195154777927322
no.biz.annonser,no.biz.diskusjoner,2197,431,243,0.1018867924528302
no.mail.drift,no.org.efn.diskusjon,430,446,81,0.1018867924528302
no.mail.diverse,no.org.efn.diskusjon,993,446,133,0.10183767228177641
no.kjemi,no.kryptografi,745,359,102,0.10179640718562874
no.alt.frustrasjoner,no.religion,3039,1583,427,0.10178784266984506
no.lisp,no.perl,302,564,80,0.10178117048346055
no.sources.wanted,no.tungregning,218,118,31,0.10163934426229508
no.jus,no.stortinget,1851,665,232,0.10157618213660245
no.jus,no.tele,1851,2097,364,0.1015625
no.marked.data,no.spill,7987,2992,1012,0.10153506571686566
no.alt.config,no.alt.mat,407,1286,156,0.1014964216005205
no.tungregning,no.uninett.diverse,118,262,35,0.10144927536231885
no.marked,no.www,8430,3452,1094,0.10140897293288839
no.nuug,no.tegnsett,164,249,38,0.10133333333333333
no.litteratur,no.multimedia,1532,1383,268,0.10124669437098602
no.elektronikk,no.pc,2250,7028,853,0.10124629080118694
no.alt.config,no.news.diverse,407,1892,211,0.1010536398467433
no.audio,no.marked,2492,8430,1001,0.10089708698719888
no.film,no.irc,2587,1472,372,0.10089503661513426
no.lisp,no.litteratur,302,1532,168,0.10084033613445378
no.news.diverse,no.pc,1892,7028,817,0.10082685425151179
no.c,no.news.diverse,1036,1892,268,0.10075187969924812
no.film,no.litteratur,2587,1532,377,0.10074826296098344
no.it.emacs,no.tex,394,218,56,0.10071942446043165
no.sources.list,no.tegnsett,101,249,32,0.10062893081761007
no.psykologi,no.religion,584,1583,198,0.1005586592178771
no.ai,no.alkohol,254,1192,132,0.1004566210045662
no.standard,no.uninett.drift,129,112,22,0.1004566210045662
no.lisp,no.x,302,301,55,0.10036496350364964
no.radio-tv,no.video,2075,942,275,0.10029175784099198
no.general,no.irc,7075,1472,779,0.10028321318228631
no.embnet,no.eunet.drift,260,135,36,0.10027855153203342
no.mail.diverse,no.norsk,993,1962,269,0.10014892032762472
no.ef,no.litteratur,567,1532,191,0.100104821802935
no.irc,no.mail.drift,1472,430,173,0.10005783689994216
no.norsk.fagord,no.vit.diverse,243,473,65,0.09984639016897082
no.ms-windows,no.multimedia,3235,1383,419,0.09978566325315551
no.news.diverse,no.vit.diverse,1892,473,214,0.099488609948861
no.biz.nettilbydere,no.net,686,1216,172,0.09942196531791908
no.org.efn.diskusjon,no.uninett.diverse,446,262,64,0.09937888198757763
no.alt.sjokolade,no.mail.drift,656,430,98,0.09919028340080972
no.biz.annonser,no.marked.jobb,2197,2181,395,0.09917147878483555
no.norsk,no.stortinget,1962,665,237,0.099163179916318
no.kryptografi,no.uninett.diverse,359,262,56,0.09911504424778761
no.alt.irc-treff,no.alt.irctreff,296,82,34,0.09883720930232558
no.ef,no.media,567,734,117,0.09881756756756757
no.alkohol,no.ef,1192,567,158,0.09868831980012492
no.folklore.edb,no.it.emacs,219,394,55,0.0985663082437276
no.irc,no.norsk,1472,1962,308,0.09852847088931542
no.alt.config,no.alt.irc-treff,407,296,63,0.0984375
no.alt.diskusjoner,no.tele,2367,2097,400,0.0984251968503937
no.alkohol,no.alt.mat,1192,1286,222,0.09840425531914894
no.ef,no.psykologi,567,584,103,0.0982824427480916
no.marked.data,no.www,7987,3452,1023,0.09821428571428571
no.alt.pompel-og-pilt,no.c,329,1036,122,0.09814963797264682
no.nuug,no.uninett.diverse,164,262,38,0.0979381443298969
no.vitser,no.www,3555,3452,625,0.09793168285803823
no.tegnsett,no.x,249,301,49,0.09780439121756487
no.ef,no.news.diverse,567,1892,219,0.09776785714285714
no.general,no.religion,7075,1583,771,0.09775580068467098
no.alt.arkiv,no.alt.pompel-og-pilt,199,329,47,0.09771309771309772
no.ef,no.eunet.diverse,567,141,63,0.09767441860465116
no.alt.mat,no.jus,1286,1851,279,0.09762071378586425
no.alt.gledesutbrudd,no.media,1753,734,221,0.09752868490732568
no.skole.diverse,no.vit.diverse,563,473,92,0.09745762711864407
no.litteratur,no.news.diverse,1532,1892,304,0.09743589743589744
no.alt.diskusjoner,no.unix,2367,1435,337,0.09725829725829725
no.irc,no.multimedia,1472,1383,253,0.09723289777094543
no.multimedia,no.www,1383,3452,428,0.09711822101202632
no.spill,no.www,2992,3452,570,0.09703779366700716
no.alkohol,no.prat.politikk,1192,1150,207,0.09695550351288056
no.alt.radio-tv.irma-1000,no.mail.diverse,309,993,115,0.09688289806234204
no.org.efn.diskusjon,no.stortinget,446,665,98,0.09674234945705824
no.prat.narkotika,no.stortinget,526,665,105,0.09668508287292818
no.alt.mat,no.news.diverse,1286,1892,280,0.0966183574879227
no.elektronikk,no.radio-tv,2250,2075,381,0.09660243407707911
no.mac,no.mail.diverse,2742,993,329,0.09659424544920728
no.alt.gledesutbrudd,no.alt.tegneserier,1753,1043,246,0.09647058823529411
no.alt.gledesutbrudd,no.net,1753,1216,261,0.09638109305760709
no.folklore.overtro,no.vit.diverse,130,473,53,0.09636363636363636
no.sources.wanted,no.uninett.hjelp,218,124,30,0.09615384615384616
no.news.diverse,no.org.efn.diskusjon,1892,446,205,0.09610876699484294
no.biz.nettilbydere,no.tele,686,2097,244,0.09610082709728239
no.alt.diskusjoner,no.linux,2367,3019,472,0.09605209605209605
no.alt.gledesutbrudd,no.alt.mat.drikke,1753,659,211,0.09586551567469333
no.irc,no.lisp,1472,302,155,0.09573810994441014
no.lisp,no.multimedia,302,1383,147,0.09557867360208062
no.jus,no.medisin,1851,1038,252,0.09556313993174062
no.media,no.stortinget,734,665,122,0.09553641346906813
no.alt.gledesutbrudd,no.unix,1753,1435,278,0.09553264604810996
no.ms-windows,no.net,3235,1216,388,0.0954959389613586
no.standard,no.uninett.diverse,129,262,34,0.09523809523809523
no.alt.sjokolade,no.irc,656,1472,185,0.09521358723623263
no.musikk,no.news.diverse,3667,1892,483,0.09515366430260047
no.nuug,no.uninett.hjelp,164,124,25,0.09505703422053231
no.it.diverse,no.net,605,1216,158,0.09500901984365605
no.prat.politikk,no.www,1150,3452,399,0.09493219129193434
no.alt.frustrasjoner,no.media,3039,734,327,0.09489262913522925
no.media,no.net,734,1216,169,0.0948905109489051
no.net,no.org.efn.diskusjon,1216,446,144,0.09486166007905138
no.alt.gledesutbrudd,no.religion,1753,1583,289,0.09484739087627174
no.general,no.tele,7075,2097,793,0.09464136531805704
no.alt.motorsykler,no.bil,1688,2153,332,0.09461385009974352
no.biz.annonser.data,no.ms-windows,1548,3235,413,0.09450800915331808
no.prat.seksualitet,no.vit.diverse,883,473,117,0.09443099273607748
no.news.drift,no.psykologi,379,584,83,0.09431818181818181
no.mail.diverse,no.www,993,3452,383,0.09428852781880846
no.jus,no.unix,1851,1435,283,0.09423909423909424
no.alt.tegneserier,no.jus,1043,1851,249,0.0941398865784499
no.alt.gledesutbrudd,no.musikk,1753,3667,466,0.09406540169559952
no.elektronikk,no.marked,2250,8430,918,0.0940381069452981
no.alt.gledesutbrudd,no.alt.sjokolade,1753,656,207,0.09400544959128065
no.alt.tegneserier,no.litteratur,1043,1532,221,0.09388275276125743
no.biz,no.embnet,55,260,27,0.09375
no.it.diverse,no.news.diverse,605,1892,214,0.09373631187034603
no.alt.mat.drikke,no.vit.diverse,659,473,97,0.09371980676328502
no.biz.annonser.data,no.marked,1548,8430,854,0.09359929855326611
no.alt.diskusjoner,no.vit.diverse,2367,473,243,0.09356950327300731
no.alt.tegneserier,no.mail.drift,1043,430,126,0.0935412026726058
no.alt.tegneserier,no.lisp,1043,302,115,0.09349593495934959
no.audio,no.multimedia,2492,1383,331,0.09339729119638826
no.alt.diskusjoner,no.psykologi,2367,584,252,0.09336791404223786
no.marked.jobb,no.multimedia,2181,1383,304,0.09325153374233129
no.tegnsett,no.uninett.katalog,249,68,27,0.09310344827586207
no.lisp,no.news.drift,302,379,58,0.09309791332263243
no.radio-tv,no.tele,2075,2097,355,0.09300497773120252
no.alt.diskusjoner,no.multimedia,2367,1383,319,0.09297580880209852
no.film,no.news.diverse,2587,1892,381,0.09297218155197658
no.news.diverse,no.prat.seksualitet,1892,883,236,0.09294998030720757
no.kjemi,no.psykologi,745,584,113,0.09292763157894737
no.bil,no.marked,2153,8430,899,0.09283353985956216
no.embnet,no.nuug,260,164,36,0.09278350515463918
no.alt.irc-treff,no.irc,296,1472,150,0.09270704573547589
no.alt.gledesutbrudd,no.alt.god.jul,1753,570,197,0.09266227657572906
no.prat.politikk,no.psykologi,1150,584,147,0.09262759924385633
no.audio,no.video,2492,942,291,0.09258670060451797
no.multimedia,no.pc,1383,7028,712,0.09247954279776595
no.net,no.pc,1216,7028,697,0.0923545779780045
no.havforskning,no.jus,397,1851,190,0.0923226433430515
no.alt.gledesutbrudd,no.mail.diverse,1753,993,232,0.09228321400159109
no.folklore.edb,no.lisp,219,302,44,0.09224318658280922
no.elektronikk,no.jus,2250,1851,346,0.09214380825565913
no.it.emacs,no.mail.diverse,394,993,117,0.09212598425196851
no.biz.annonser,no.elektronikk,2197,2250,375,0.09209233791748526
no.alt.tegneserier,no.irc,1043,1472,212,0.09205384281372124
no.mail.drift,no.musikk.gitar,430,1148,133,0.09204152249134948
no.jus,no.mac,1851,2742,387,0.0920114122681883
no.lisp,no.org.efn.diskusjon,302,446,63,0.09197080291970802
no.uninett.diverse,no.uninett.skole,262,522,66,0.09192200557103064
no.pc,no.vitser,7028,3555,890,0.09181883833694418
no.jus,no.lisp,1851,302,181,0.09178498985801217
no.musikk,no.pc,3667,7028,899,0.09177215189873418
no.havforskning,no.net,397,1216,135,0.09133964817320704
no.media,no.vit.diverse,734,473,101,0.09132007233273057
no.biz.nettilbydere,no.it.diverse,686,605,108,0.09129332206255283
no.alt.config,no.mail.diverse,407,993,117,0.09119251753702261
no.alt.gledesutbrudd,no.alt.katter,1753,774,211,0.09110535405872193
no.alt.tegneserier,no.mail.diverse,1043,993,170,0.09110396570203644
no.alkohol,no.stortinget,1192,665,155,0.09106933019976499
no.irc,no.org.efn.diskusjon,1472,446,160,0.09101251422070535
no.media,no.www,734,3452,349,0.09095647641386499
no.c,no.film,1036,2587,302,0.09093646492020475
no.alt.frustrasjoner,no.mail.diverse,3039,993,336,0.09090909090909091
no.news.drift,no.sources.list,379,101,40,0.09090909090909091
no.marked,no.ms-windows,8430,3235,971,0.09079857864222929
no.it.diverse,no.mail.diverse,605,993,133,0.09078498293515358
no.alt.config,no.lisp,407,302,59,0.09076923076923077
no.alt.pompel-og-pilt,no.mail.diverse,329,993,110,0.09075907590759076
no.norsk,no.vitser,1962,3555,459,0.09074733096085409
no.alt.diskusjoner,no.elektronikk,2367,2250,384,0.09071580439404678
no.alt.diskusjoner,no.c,2367,1036,283,0.0907051282051282
no.film,no.norsk,2587,1962,378,0.09062574922081036
no.it.emacs,no.vit.diverse,394,473,72,0.09056603773584905
no.norsk,no.unix,1962,1435,282,0.09052969502407705
no.alt.katter,no.alt.mat,774,1286,171,0.09052408681842244
no.litteratur,no.net,1532,1216,228,0.09047619047619047
no.jus,no.psykologi,1851,584,202,0.09046126287505597
no.alt.mat,no.norsk,1286,1962,269,0.09029875797247398
no.alt.tegneserier,no.kjemi,1043,745,148,0.09024390243902439
no.alt.pompelog,no.eunet.drift,143,135,23,0.09019607843137255
no.radio-tv,no.spill,2075,2992,419,0.09014629948364888
no.ef,no.norsk,567,1962,209,0.09008620689655172
no.biz.annonser.data,no.pc,1548,7028,707,0.08984623204981573
no.alt.frustrasjoner,no.tele,3039,2097,423,0.08975175047740293
no.elektronikk,no.multimedia,2250,1383,299,0.08968206358728255
no.c,no.multimedia,1036,1383,199,0.08963963963963964
no.linux,no.multimedia,3019,1383,362,0.0896039603960396
no.alt.diskusjoner,no.sport.diverse,2367,1507,318,0.08942632170978627
no.radio_tv,no.telepost,583,417,82,0.08932461873638345
no.alt.diskusjoner,no.prat.narkotika,2367,526,237,0.08923192771084337
no.alt.mat,no.alt.sjokolade,1286,656,159,0.0891755468311834
no.eunet.hjelp,no.news.drift,244,379,51,0.08916083916083917
no.prat.politikk,no.radio-tv,1150,2075,264,0.08915906788247213
no.alt.diskusjoner,no.alt.tegneserier,2367,1043,279,0.0891089108910891
no.alt.god.jul,no.net,570,1216,146,0.08902439024390243
no.org.nobug.diverse,no.tungregning,90,118,17,0.08900523560209424
no.elektronikk,no.net,2250,1216,283,0.08890983349041784
no.musikk,no.www,3667,3452,581,0.08886509635974305
no.mail.diverse,no.marked.jobb,993,2181,259,0.0888507718696398
no.kjemi,no.stortinget,745,665,115,0.0888030888030888
no.lisp,no.uninett.diverse,302,262,46,0.0888030888030888
no.alt.config,no.alt.pompel-og-pilt,407,329,60,0.08875739644970414
no.mail.drift,no.news.diverse,430,1892,189,0.08860759493670886
no.it.emacs,no.mail.drift,394,430,67,0.08850726552179657
no.general,no.ms-windows,7075,3235,838,0.08847128378378379
no.sources.wanted,no.uninett.diverse,218,262,39,0.08843537414965986
no.jus,no.pc,1851,7028,721,0.08837950478058347
no.litteratur,no.media,1532,734,184,0.08837656099903939
no.litteratur,no.musikk,1532,3667,422,0.08833996231944735
no.bil,no.jus,2153,1851,325,0.08833922261484099
no.film,no.www,2587,3452,490,0.08830419895476663
no.biz.annonser,no.www,2197,3452,458,0.08822962820265845
no.general,no.net,7075,1216,672,0.08820055125344534
no.alt.pompelog,no.eunet.diverse,143,141,23,0.08812260536398467
no.alt.gledesutbrudd,no.litteratur,1753,1532,266,0.08810864524677045
no.alt.sjokolade,no.c,656,1036,137,0.08810289389067524
no.folklore.overtro,no.prat.ufo,130,327,37,0.0880952380952381
no.mail.diverse,no.perl,993,564,126,0.0880503144654088
no.mail.drift,no.uninett.diverse,430,262,56,0.0880503144654088
no.biz.diskusjoner,no.havforskning,431,397,67,0.08804204993429698
no.alt.config,no.org.efn.diskusjon,407,446,69,0.08801020408163265
no.alkohol,no.norsk,1192,1962,255,0.08796136598827181
no.alt.arkiv,no.alt.irc-treff,199,296,40,0.08791208791208792
no.alt.frustrasjoner,no.marked,3039,8430,926,0.08783078820070189
no.alt.diskusjoner,no.alt.flame,2367,2514,394,0.08780922665478047
no.kryptografi,no.mail.diverse,359,993,109,0.08769106999195495
no.hobby.diverse,no.vit.diverse,817,473,104,0.08768971332209106
no.alt.arkiv,no.embnet,199,260,37,0.08767772511848342
no.linux,no.marked.data,3019,7987,887,0.08765688309121454
no.alt.arkiv,no.alt.mat.drikke,199,659,69,0.08745247148288973
no.alt.katter,no.alt.sjokolade,774,656,115,0.08745247148288973
no.ai,no.ef,254,567,66,0.08741721854304636
no.irc,no.media,1472,734,177,0.08723509117792015
no.irc,no.litteratur,1472,1532,241,0.08722403184943901
no.news.diverse,no.stortinget,1892,665,205,0.08715986394557823
no.alkohol,no.news.diverse,1192,1892,247,0.08706379978850899
no.it.diverse,no.it.emacs,605,394,80,0.08705114254624592
no.psykologi,no.stortinget,584,665,100,0.08703220191470844
no.alt.sjokolade,no.mail.diverse,656,993,132,0.08701384311140409
no.c,no.x,1036,301,107,0.08699186991869919
no.elektronikk,no.marked.data,2250,7987,819,0.08696113824591209
no.alt.arkiv,no.alt.fan.de-lillos,199,176,30,0.08695652173913043
no.alt.mat.drikke,no.hobby.diverse,659,817,118,0.08689248895434462
no.embnet,no.net,260,1216,118,0.08689248895434462
no.alt.diskusjoner,no.spill,2367,2992,428,0.08679780977489353
no.jus,no.musikk,1851,3667,440,0.08664828672705789
no.linux,no.norsk,3019,1962,397,0.08660558464223386
no.alt.tegneserier,no.net,1043,1216,180,0.08658008658008658
no.alt.gledesutbrudd,no.linux,1753,3019,380,0.08652094717668488
no.alt.sjokolade,no.net,656,1216,149,0.08647707486941382
no.ef,no.film,567,2587,251,0.08646228039958663
no.alt.radio-tv.irma-1000,no.c,309,1036,107,0.0864297253634895
no.alt.tegneserier,no.radio-tv,1043,2075,248,0.08641114982578398
no.audio,no.radio-tv,2492,2075,363,0.08634633682207421
no.irc,no.unix,1472,1435,231,0.08632286995515695
no.musikk,no.norsk,3667,1962,447,0.08626013122346585
no.sources.list,no.speider,101,491,47,0.08623853211009175
no.mail.diverse,no.media,993,734,137,0.08616352201257861
no.kjemi,no.news.diverse,745,1892,209,0.08607907742998352
no.biz.nettilbydere,no.mail.diverse,686,993,133,0.08602846054333764
no.kjemi,no.news.drift,745,379,89,0.08599033816425121
no.news.diverse,no.psykologi,1892,584,196,0.08596491228070176
no.uninett.drift,no.vr,112,166,22,0.0859375
no.multimedia,no.musikk,1383,3667,399,0.0857880025800903
no.general,no.unix,7075,1435,672,0.08573615718295484
no.alt.mat.drikke,no.alt.pompel-og-pilt,659,329,78,0.08571428571428572
no.alt.diskusjoner,no.org.efn.diskusjon,2367,446,222,0.0856812041682748
no.medisin,no.psykologi,1038,584,128,0.0856760374832664
no.mail.diverse,no.tegnsett,993,249,98,0.08566433566433566
no.ai,no.alt.pompel-og-pilt,254,329,46,0.0856610800744879
no.nuug,no.psykologi,164,584,59,0.08563134978229318
no.news.drift,no.unix,379,1435,143,0.08557749850388989
no.general,no.test,7075,6386,1061,0.08556451612903226
no.ms-windows,no.news.diverse,3235,1892,404,0.08553885242430659
no.org.isoc-no,no.uninett.drift,53,112,13,0.08552631578947369
no.religion,no.stortinget,1583,665,177,0.08546595847416708
no.news.drift,no.sources.wanted,379,218,47,0.08545454545454545
no.alt.diskusjoner,no.alt.mat.drikke,2367,659,238,0.08536585365853659
no.havforskning,no.multimedia,397,1383,140,0.08536585365853659
no.biz.annonser,no.pc,2197,7028,725,0.08529411764705883
no.elektronikk,no.www,2250,3452,448,0.0852683669585078
no.news.diverse,no.sport.diverse,1892,1507,267,0.08524904214559387
no.alt.pompelog,no.news.drift,143,379,41,0.08523908523908524
no.film,no.spill,2587,2992,438,0.08519743240614666
no.jus,no.news.drift,1851,379,175,0.0851581508515815
no.alt.diskusjoner,no.marked,2367,8430,847,0.08512562814070351
no.alt.god.jul,no.irc,570,1472,160,0.08501594048884166
no.c,no.it.emacs,1036,394,112,0.08497723823975721
no.alt.pompel-og-pilt,no.net,329,1216,121,0.08497191011235955
no.multimedia,no.musikk.gitar,1383,1148,198,0.0848692670381483
no.alt.gledesutbrudd,no.c,1753,1036,218,0.08479190976273823
no.net,no.stortinget,1216,665,147,0.0847750865051903
no.alt.arkiv,no.alt.katter,199,774,76,0.08472686733556299
no.alt.frustrasjoner,no.litteratur,3039,1532,357,0.08471760797342193
no.norsk,no.org.efn.diskusjon,1962,446,188,0.08468468468468468
no.alt.diskusjoner,no.alt.katter,2367,774,245,0.08459944751381215
no.org.isoc-no,no.sources.list,53,101,12,0.08450704225352113
no.mac,no.news.diverse,2742,1892,361,0.08448396910835479
no.alt.arkiv,no.mail.drift,199,430,49,0.08448275862068966
no.kjemi,no.linux,745,3019,293,0.08441371362719677
no.alt.config,no.tegnsett,407,249,51,0.08429752066115702
no.ai,no.bibsys,254,235,38,0.08425720620842572
no.org.nobug.diverse,no.standard,90,129,17,0.08415841584158416
no.alt.mat,no.prat.politikk,1286,1150,189,0.08411214953271028
no.biz.nettilbydere,no.news.diverse,686,1892,200,0.08410428931875526
no.ai,no.psykologi,254,584,65,0.08408796895213454
no.mac,no.net,2742,1216,307,0.08408655162969049
no.biz.annonser.data,no.elektronikk,1548,2250,294,0.0839041095890411
no.mail.diverse,no.psykologi,993,584,122,0.0838487972508591
no.net,no.prat.politikk,1216,1150,183,0.08382959230416857
no.bil,no.bolig,2153,978,242,0.08376600899965386
no.alt.god.jul,no.c,570,1036,124,0.08367071524966262
no.media,no.org.efn.diskusjon,734,446,91,0.08356290174471992
no.c,no.news.drift,1036,379,109,0.08346094946401225
no.alt.radio_tv.irma1000,no.radio_tv,209,583,61,0.08344733242134063
no.alkohol,no.alt.arkiv,1192,199,107,0.08333333333333333
no.marked,no.spill,8430,2992,878,0.0832701062215478
no.media,no.religion,734,1583,178,0.08321645628798503
no.alt.diskusjoner,no.kjemi,2367,745,239,0.08318830490776193
no.org.efn.diskusjon,no.radio_tv,446,583,79,0.08315789473684211
no.elektronikk,no.ms-windows,2250,3235,421,0.08313586097946288
no.alt.frustrasjoner,no.alt.tegneserier,3039,1043,313,0.08304590076943487
no.kjemi,no.musikk.gitar,745,1148,145,0.08295194508009153
no.norsk,no.psykologi,1962,584,195,0.0829434283283709
no.marked.jobb,no.net,2181,1216,260,0.08288173414089894
no.biz.annonser.data,no.multimedia,1548,1383,224,0.08274842999630587
no.alt.tegneserier,no.audio,1043,2492,270,0.08269525267993874
no.radio-tv,no.vitser,2075,3555,430,0.08269230769230769
no.mac,no.www,2742,3452,473,0.08267785352211152
no.biz.diskusjoner,no.c,431,1036,112,0.08265682656826569
no.biz.annonser.data,no.biz.diskusjoner,1548,431,151,0.0826039387308534
no.ef,no.religion,567,1583,164,0.08257804632426989
no.it.emacs,no.org.efn.diskusjon,394,446,64,0.08247422680412371
no.marked.jobb,no.www,2181,3452,429,0.08243658724058417
no.bibsys,no.irc,235,1472,130,0.08243500317057705
no.alt.katter,no.alt.pompel-og-pilt,774,329,84,0.08243375858684986
no.it.emacs,no.news.diverse,394,1892,174,0.08238636363636363
no.litteratur,no.religion,1532,1583,237,0.0823488533703961
no.multimedia,no.news.drift,1383,379,134,0.08230958230958231
no.ef,no.folklore.overtro,567,130,53,0.08229813664596274
no.org.isoc-no,no.tungregning,53,118,13,0.08227848101265822
no.ef,no.tegnsett,567,249,62,0.08222811671087533
no.mail.drift,no.psykologi,430,584,77,0.08217716115261472
no.alt.gledesutbrudd,no.ef,1753,567,176,0.08208955223880597
no.net,no.perl,1216,564,135,0.08206686930091185
no.alt.frustrasjoner,no.c,3039,1036,309,0.08204992033988316
no.alt.god.jul,no.multimedia,570,1383,148,0.08199445983379501
no.nuug,no.vr,164,166,25,0.08196721311475409
no.skole.diverse,no.stortinget,563,665,93,0.08193832599118943
no.mail.drift,no.uninett.drift,430,112,41,0.08183632734530938
no.c,no.perl,1036,564,121,0.08181203515889114
no.norsk,no.vit.diverse,1962,473,184,0.08174144824522435
no.alt.diskusjoner,no.medisin,2367,1038,257,0.08163913595933926
no.news.diverse,no.vitser,1892,3555,411,0.08161239078633836
no.medisin,no.vit.diverse,1038,473,114,0.0816034359341446
no.alt.katter,no.alt.tegneserier,774,1043,137,0.08154761904761905
no.linux,no.mail.drift,3019,430,260,0.08153026026967701
no.news.drift,no.uninett.drift,379,112,37,0.08149779735682819
no.jus,no.prat.seksualitet,1851,883,206,0.0814873417721519
no.marked,no.marked.bil,8430,1423,741,0.08132133450395083
no.general,no.spill,7075,2992,757,0.08131041890440387
no.general,no.litteratur,7075,1532,647,0.08128140703517588
no.marked.bil,no.marked.bolig,1423,892,174,0.0812704343764596
no.perl,no.x,564,301,65,0.08125
no.lisp,no.nuug,302,164,35,0.08120649651972157
no.mac,no.mail.drift,2742,430,238,0.08111792774369461
no.prat.ufo,no.vit.diverse,327,473,60,0.08108108108108109
no.alt.sjokolade,no.litteratur,656,1532,164,0.08102766798418973
no.vr,no.x,166,301,35,0.08101851851851852
no.religion,no.vit.diverse,1583,473,154,0.08096740273396424
no.alt.frustrasjoner,no.elektronikk,3039,2250,396,0.0809319435928878
no.havforskning,no.nuug,397,164,42,0.08092485549132948
no.norsk,no.skole.diverse,1962,563,189,0.08090753424657535
no.linux,no.ms-windows,3019,3235,468,0.0808848945731075
no.org.nobug.diverse,no.uninett.hjelp,90,124,16,0.08080808080808081
no.alt.radio-tv.irma-1000,no.net,309,1216,114,0.08079376328844791
no.embnet,no.tegnsett,260,249,38,0.08067940552016985
no.alt.pompelog,no.ef,143,567,53,0.0806697108066971
no.uninett.diverse,no.x,262,301,42,0.08061420345489444
no.alt.sjokolade,no.jus,656,1851,187,0.08060344827586206
no.pc,no.radio-tv,7028,2075,679,0.08060303893637227
no.embnet,no.standard,260,129,29,0.08055555555555556
no.it.emacs,no.media,394,734,84,0.08045977011494253
no.lisp,no.tegnsett,302,249,41,0.0803921568627451
no.film,no.vitser,2587,3555,457,0.08038698328935796
no.embnet,no.jus,260,1851,157,0.08034800409416581
no.alkohol,no.irc,1192,1472,198,0.08029197080291971
no.lisp,no.media,302,734,77,0.08029197080291971
no.alt.frustrasjoner,no.ef,3039,567,268,0.08028759736369083
no.linux,no.marked,3019,8430,850,0.08019624492876687
no.litteratur,no.prat.politikk,1532,1150,199,0.0801449859041482
no.marked.data,no.tele,7987,2097,748,0.08011996572407884
no.marked.data,no.musikk,7987,3667,864,0.08007414272474514
no.bibsys,no.mail.diverse,235,993,91,0.08003518029903255
no.radio-tv,no.religion,2075,1583,271,0.08001180986123413
no.medisin,no.prat.politikk,1038,1150,162,0.07996051332675222
no.jus,no.vit.diverse,1851,473,172,0.07992565055762081
no.sport.diverse,no.sport.fotball,1507,629,158,0.07987866531850354
no.pc,no.test,7028,6386,992,0.07985831589116084
no.irc,no.musikk,1472,3667,380,0.07984870771170414
no.litteratur,no.medisin,1532,1038,190,0.07983193277310924
no.jus,no.marked.jobb,1851,2181,298,0.07980717728976969
no.mail.diverse,no.musikk.gitar,993,1148,158,0.07967725668179526
no.alt.config,no.kjemi,407,745,85,0.07966260543580131
no.alkohol,no.alt.god.jul,1192,570,130,0.07965686274509803
no.nuug,no.org.isoc-no,164,53,16,0.07960199004975124
no.jus,no.ms-windows,1851,3235,375,0.07960093398429208
no.alkohol,no.media,1192,734,142,0.0795964125560538
no.litteratur,no.psykologi,1532,584,156,0.07959183673469387
no.kjemi,no.nuug,745,164,67,0.07957244655581948
no.mac,no.musikk,2742,3667,472,0.07950143169951154
no.irc,no.prat.politikk,1472,1150,193,0.07945656648826678
no.multimedia,no.norsk,1383,1962,246,0.07938044530493708
no.multimedia,no.spill,1383,2992,321,0.07918105574740997
no.mac,no.marked.data,2742,7987,787,0.07915912291289479
no.org.efn.diskusjon,no.prat.politikk,446,1150,117,0.07910750507099391
no.norsk,no.pc,1962,7028,659,0.07910214860160845
no.alt.mat,no.media,1286,734,148,0.07905982905982906
no.audio,no.pc,2492,7028,697,0.0789980732177264
no.alt.arkiv,no.standard,199,129,24,0.07894736842105263
no.havforskning,no.musikk.gitar,397,1148,113,0.07891061452513966
no.alt.config,no.alt.radio_tv.irma1000,407,209,45,0.07880910683012259
no.tele,no.unix,2097,1435,258,0.07880268784361637
no.alt.frustrasjoner,no.ms-windows,3039,3235,458,0.07874828060522696
no.bil,no.biz.annonser,2153,2197,317,0.07860153731713365
no.marked,no.marked.jobb,8430,2181,773,0.0785728806668022
no.marked,no.vitser,8430,3555,873,0.07856371490280778
no.media,no.news.drift,734,379,81,0.07848837209302326
no.alt.diskusjoner,no.alt.sjokolade,2367,656,220,0.0784873349982162
no.mac,no.marked,2742,8430,813,0.07848247900376484
no.litteratur,no.musikk.gitar,1532,1148,195,0.07847082494969819
no.c,no.elektronikk,1036,2250,239,0.07843780767968493
no.jus,no.vitser,1851,3555,393,0.07839616995810891
no.jus,no.marked,1851,8430,747,0.07835116425424796
no.alt.diskusjoner,no.ms-windows,2367,3235,407,0.07834456207892204
no.havforskning,no.litteratur,397,1532,140,0.07825600894354388
no.kjemi,no.mac,745,2742,253,0.0782312925170068
no.litteratur,no.mac,1532,2742,310,0.07820383451059536
no.folklore.overtro,no.it.emacs,130,394,38,0.07818930041152264
no.embnet,no.multimedia,260,1383,119,0.07808398950131233
no.ef,no.uninett.diverse,567,262,60,0.07802340702210664
no.religion,no.www,1583,3452,364,0.07792763862128024
no.org.efn.diskusjon,no.perl,446,564,73,0.07790821771611527
no.alt.mat.drikke,no.alt.tegneserier,659,1043,123,0.077897403419886
no.alt.diskusjoner,no.alt.god.jul,2367,570,212,0.07779816513761467
no.mail.diverse,no.tele,993,2097,223,0.07778165329612836
no.it.diverse,no.ms-windows,605,3235,277,0.07774347460005614
no.alt.tegneserier,no.multimedia,1043,1383,175,0.07774322523322967
no.alt.mat,no.alt.tegneserier,1286,1043,168,0.07774178621008793
no.marked,no.tele,8430,2097,759,0.0777027027027027
no.media,no.pressemeldinger,734,334,77,0.07769929364278506
no.mac,no.pc,2742,7028,704,0.07765276858592543
no.general,no.mac,7075,2742,707,0.07760702524698133
no.musikk,no.vitser,3667,3555,520,0.07758877946881527
no.it.emacs,no.kjemi,394,745,82,0.07757805108798486
no.alt.tegneserier,no.bil,1043,2153,230,0.07754551584625759
no.alt.gledesutbrudd,no.stortinget,1753,665,174,0.07754010695187166
no.alt.sjokolade,no.media,656,734,100,0.07751937984496124
no.alt.frustrasjoner,no.multimedia,3039,1383,318,0.07748538011695906
no.musikk.gitar,no.net,1148,1216,170,0.07748404740200547
no.psykologi,no.vit.diverse,584,473,76,0.07747196738022426
no.irc,no.radio-tv,1472,2075,255,0.07746051032806804
no.bil,no.pc,2153,7028,659,0.07732926543065008
no.ai,no.nuug,254,164,30,0.07731958762886598
no.net,no.nuug,1216,164,99,0.07728337236533958
no.media,no.prat.seksualitet,734,883,116,0.07728181212524983
no.norsk,no.tele,1962,2097,291,0.07722929936305732
no.prat.seksualitet,no.radio-tv,883,2075,212,0.07720320466132556
no.biz.diskusjoner,no.news.drift,431,379,58,0.07712765957446809
no.student.samfund,no.uninett.diverse,255,262,37,0.07708333333333334
no.havforskning,no.stortinget,397,665,76,0.07707910750507099
no.biz.annonser.data,no.it.diverse,1548,605,154,0.07703851925962982
no.film,no.marked,2587,8430,788,0.07703587838498387
no.alt.arkiv,no.alt.god.jul,199,570,55,0.07703081232492998
no.alt.config,no.net,407,1216,116,0.07697412076974121
no.alt.gullkorn,no.alt.troll,7,7,1,0.07692307692307693
no.elektronikk,no.hobby.diverse,2250,817,219,0.07689606741573034
no.bolig,no.jus,978,1851,202,0.07689379520365436
no.mail.diverse,no.prat.politikk,993,1150,153,0.07688442211055277
no.prat.seksualitet,no.religion,883,1583,176,0.07685589519650655
no.alt.mat.drikke,no.prat.politikk,659,1150,129,0.07678571428571429
no.tex,no.x,218,301,37,0.07676348547717843
no.org.efn.diskusjon,no.uninett.skole,446,522,69,0.07675194660734148
no.alt.gledesutbrudd,no.it.emacs,1753,394,153,0.07673019057171515
no.alt.gledesutbrudd,no.alt.irc-treff,1753,296,146,0.0767209668943773
no.kjemi,no.prat.politikk,745,1150,135,0.07670454545454546
no.it.diverse,no.prat.politikk,605,1150,125,0.07668711656441718
no.alkohol,no.alt.katter,1192,774,140,0.07667031763417305
no.stortinget,no.telepost,665,417,77,0.07661691542288557
no.linux,no.tele,3019,2097,364,0.0765993265993266
no.ef,no.musikk.gitar,567,1148,122,0.07658505963590709
no.embnet,no.sources.wanted,260,218,34,0.07657657657657657
no.alt.pompel-og-pilt,no.biz.diskusjoner,329,431,54,0.0764872521246459
no.c,no.norsk,1036,1962,213,0.07648114901256732
no.net,no.uninett.diverse,1216,262,105,0.0764748725418791
no.linux,no.mac,3019,2742,409,0.07642002989536621
no.alt.diskusjoner,no.biz.annonser,2367,2197,324,0.07641509433962264
no.medisin,no.news.diverse,1038,1892,208,0.07641440117560618
no.alt.diskusjoner,no.hobby.diverse,2367,817,226,0.07640297498309669
no.prat.narkotika,no.prat.seksualitet,526,883,100,0.07639419404125286
no.alt.mat.drikke,no.ef,659,567,87,0.07638279192273925
no.hobby.diverse,no.news.diverse,817,1892,192,0.07628128724672228
no.c,no.litteratur,1036,1532,182,0.07627829002514669
no.news.drift,no.standard,379,129,36,0.07627118644067797
no.nuug,no.org.nobug.diverse,164,90,18,0.07627118644067797
no.c,no.org.efn.diskusjon,1036,446,105,0.07625272331154684
no.alkohol,no.www,1192,3452,329,0.07624565469293164
no.alkohol,no.alt.tegneserier,1192,1043,158,0.07607125662012518
no.alt.sjokolade,no.film,656,2587,229,0.07597876575978765
no.biz.annonser.data,no.hobby.diverse,1548,817,167,0.07597816196542312
no.bil,no.marked.data,2153,7987,716,0.07597623089983022
no.alt.gledesutbrudd,no.psykologi,1753,584,165,0.07596685082872928
no.news.drift,no.x,379,301,48,0.0759493670886076
no.alt.god.jul,no.alt.mat,570,1286,131,0.07594202898550724
no.alt.frustrasjoner,no.alt.mat.drikke,3039,659,261,0.07593831830084376
no.mail.diverse,no.stortinget,993,665,117,0.07592472420506165
no.alt.frustrasjoner,no.test,3039,6386,665,0.07591324200913242
no.alt.config,no.alt.sjokolade,407,656,75,0.07591093117408906
no.multimedia,no.org.efn.diskusjon,1383,446,129,0.07588235294117647
no.kjemi,no.org.efn.diskusjon,745,446,84,0.07588075880758807
no.news.drift,no.norsk,379,1962,165,0.07582720588235294
no.mail.drift,no.marked.jobb,430,2181,184,0.07581376184590029
no.mail.diverse,no.medisin,993,1038,143,0.07574152542372882
no.elektronikk,no.general,2250,7075,656,0.07567193447917868
no.embnet,no.musikk.gitar,260,1148,99,0.07563025210084033
no.pc,no.unix,7028,1435,595,0.07562277580071175
no.alt.mat,no.litteratur,1286,1532,198,0.07557251908396946
no.biz.diskusjoner,no.bolig,431,978,99,0.07557251908396946
no.alt.config,no.uninett.diverse,407,262,47,0.07556270096463022
no.bil,no.film,2153,2587,333,0.07556160653505786
no.alt.mat.drikke,no.alt.radio-tv.irma-1000,659,309,68,0.07555555555555556
no.alt.god.jul,no.jus,570,1851,170,0.07552199022656597
no.alt.frustrasjoner,no.spill,3039,2992,423,0.07542796005706134
no.test,no.www,6386,3452,690,0.07542632269348491
no.alt.config,no.media,407,734,80,0.07540056550424128
no.typografi,no.uninett.diverse,280,262,38,0.07539682539682539
no.alt.gledesutbrudd,no.vit.diverse,1753,473,156,0.07536231884057971
no.norsk,no.sport.diverse,1962,1507,243,0.07532548047117173
no.film,no.multimedia,2587,1383,278,0.07529794149512459
no.alt.config,no.jus,407,1851,158,0.07523809523809524
no.it.emacs,no.jus,394,1851,157,0.07519157088122605
no.bibsys,no.bil,235,2153,167,0.07519135524538496
no.org.isoc-no,no.org.nobug.diverse,53,90,10,0.07518796992481203
no.news.drift,no.stortinget,379,665,73,0.07518022657054584
no.alt.tegneserier,no.norsk,1043,1962,210,0.07513416815742398
no.news.diverse,no.spill,1892,2992,341,0.07506053268765134
no.kjemi,no.norsk,745,1962,189,0.07505957108816522
no.medisin,no.multimedia,1038,1383,169,0.07504440497335702
no.nuug,no.student.nett,164,452,43,0.07504363001745201
no.audio,no.jus,2492,1851,303,0.075
no.biz.annonser,no.news.diverse,2197,1892,285,0.0749211356466877
no.irc,no.news.drift,1472,379,129,0.07491289198606271
no.elektronikk,no.film,2250,2587,337,0.0748888888888889
no.havforskning,no.tegnsett,397,249,45,0.07487520798668885
no.org.efn.diskusjon,no.unix,446,1435,131,0.07485714285714286
no.psykologi,no.tegnsett,584,249,58,0.07483870967741936
no.alt.mat,no.irc,1286,1472,192,0.07482462977396727
no.it.diverse,no.unix,605,1435,142,0.07481559536354057
no.net,no.radio-tv,1216,2075,229,0.07478772044415415
no.eunet.drift,no.havforskning,135,397,37,0.07474747474747474
no.media,no.medisin,734,1038,123,0.07459066100667071
no.musikk,no.spill,3667,2992,462,0.07455220267871551
no.medisin,no.norsk,1038,1962,208,0.07449856733524356
no.alt.mat,no.mail.diverse,1286,993,158,0.07449316360207449
no.mail.diverse,no.uninett.diverse,993,262,87,0.07448630136986302
no.ai,no.alt.radio-tv.irma-1000,254,309,39,0.07442748091603053
no.kryptografi,no.net,359,1216,109,0.07435197817189632
no.prat.seksualitet,no.www,883,3452,300,0.07434944237918216
no.bil,no.tele,2153,2097,294,0.0743174924165824
no.alt.sjokolade,no.multimedia,656,1383,141,0.07428872497365648
no.ef,no.telepost,567,417,68,0.07423580786026202
no.alt.sjokolade,no.news.diverse,656,1892,176,0.07419898819561552
no.medisin,no.prat.narkotika,1038,526,108,0.07417582417582418
no.stortinget,no.uninett.diverse,665,262,64,0.07415990730011587
no.general,no.mail.diverse,7075,993,557,0.07415790174410863
no.c,no.general,1036,7075,559,0.07402012711864407
no.hobby.diverse,no.it.diverse,817,605,98,0.07401812688821752
no.alt.mat.drikke,no.media,659,734,96,0.07401696222050887
no.norsk,no.prat.seksualitet,1962,883,196,0.07399018497546243
no.audio,no.c,2492,1036,243,0.07397260273972603
no.eunet.diverse,no.nuug,141,164,21,0.07394366197183098
no.norsk.fagord,no.typografi,243,280,36,0.07392197125256673
no.alkohol,no.religion,1192,1583,191,0.07391640866873066
no.biz.diskusjoner,no.mail.diverse,431,993,98,0.07390648567119155
no.litteratur,no.www,1532,3452,343,0.07390648567119155
no.ef,no.pressemeldinger,567,334,62,0.07389749702026222
no.lisp,no.typografi,302,280,40,0.07380073800738007
no.alt.config,no.folklore.edb,407,219,43,0.07375643224699828
no.alt.config,no.it.emacs,407,394,55,0.07372654155495978
no.audio,no.ef,2492,567,210,0.07371007371007371
no.alt.arkiv,no.alt.radio_tv.irma1000,199,209,28,0.07368421052631578
no.alkohol,no.general,1192,7075,567,0.07363636363636364
no.alt.mat.drikke,no.jus,659,1851,172,0.07356715141146279
no.org.efn.diskusjon,no.religion,446,1583,139,0.07354497354497354
no.alt.tegneserier,no.news.diverse,1043,1892,201,0.07351865398683248
no.ms-windows,no.radio-tv,3235,2075,363,0.07337780473013948
no.bil,no.c,2153,1036,218,0.07337596768764726
no.hobby.diverse,no.media,817,734,106,0.07335640138408304
no.linux,no.litteratur,3019,1532,311,0.07334905660377358
no.elektronikk,no.linux,2250,3019,360,0.07333469138317376
no.stortinget,no.uninett.skole,665,522,81,0.07323688969258589
no.audio,no.marked.data,2492,7987,715,0.07322818517001228
no.biz.diskusjoner,no.lisp,431,302,50,0.07320644216691069
no.alt.mat.drikke,no.news.diverse,659,1892,174,0.07320151451409339
no.alt.katter,no.jus,774,1851,179,0.0731807031888798
no.alt.sjokolade,no.musikk.gitar,656,1148,123,0.07317073170731707
no.hobby.diverse,no.multimedia,817,1383,150,0.07317073170731707
no.film,no.mail.diverse,2587,993,244,0.07314148681055156
no.alkohol,no.kjemi,1192,745,132,0.07313019390581718
no.unix,no.vit.diverse,1435,473,130,0.07311586051743532
no.medisin,no.stortinget,1038,665,116,0.07309388783868935
no.film,no.net,2587,1216,259,0.07308126410835214
no.eunet.drift,no.news.drift,135,379,35,0.07306889352818371
no.mail.diverse,no.telepost,993,417,96,0.0730593607305936
no.embnet,no.litteratur,260,1532,122,0.07305389221556886
no.embnet,no.vr,260,166,29,0.07304785894206549
no.tegnsett,no.typografi,249,280,36,0.07302231237322515
no.biz.annonser,no.hobby.diverse,2197,817,205,0.07297970808116767
no.biz.diskusjoner,no.net,431,1216,112,0.07296416938110749
no.alt.amiga,no.alt.config,343,407,51,0.07296137339055794
no.biz.annonser.data,no.www,1548,3452,340,0.07296137339055794
no.biz.annonser.data,no.marked.bil,1548,1423,202,0.07295052365474901
no.embnet,no.org.efn.diskusjon,260,446,48,0.0729483282674772
no.org.efn.diskusjon,no.pressemeldinger,446,334,53,0.07290233837689133
no.lisp,no.unix,302,1435,118,0.07288449660284126
no.biz,no.biz.diskusjoner,55,431,33,0.0728476821192053
no.alt.katter,no.news.diverse,774,1892,181,0.07283702213279677
no.radio-tv,no.sport.diverse,2075,1507,243,0.07277628032345014
no.org.efn.diskusjon,no.standard,446,129,39,0.07276119402985075
no.org.isoc-no,no.uninett.hjelp,53,124,12,0.07272727272727272
no.perl,no.uninett.diverse,564,262,56,0.07272727272727272
no.c,no.www,1036,3452,304,0.07265774378585087
no.film,no.pc,2587,7028,651,0.07262382864792503
no.alt.config,no.alt.frustrasjoner,407,3039,233,0.07251789604730781
no.alt.config,no.irc,407,1472,127,0.07248858447488585
no.lisp,no.musikk.gitar,302,1148,98,0.07248520710059171
no.alt.flame,no.alt.frustrasjoner,2514,3039,375,0.07242178447276941
no.mail.diverse,no.vit.diverse,993,473,99,0.07242136064374542
no.irc,no.it.emacs,1472,394,126,0.07241379310344828
no.alkohol,no.film,1192,2587,255,0.07236095346197503
no.tegnsett,no.vr,249,166,28,0.07235142118863049
no.alt.config,no.embnet,407,260,45,0.07234726688102894
no.alt.frustrasjoner,no.mac,3039,2742,390,0.07234279354479689
no.film,no.media,2587,734,224,0.07232805941233451
no.mail.drift,no.medisin,430,1038,99,0.0723155588020453
no.irc,no.mac,1472,2742,284,0.07226463104325699
no.it.emacs,no.linux,394,3019,230,0.0722588752748979
no.musikk,no.net,3667,1216,329,0.07224418093983312
no.net,no.telepost,1216,417,110,0.07222586999343401
no.elektronikk,no.news.diverse,2250,1892,279,0.07222366036758995
no.alt.diskusjoner,no.mac,2367,2742,344,0.07219307450157397
no.alt.god.jul,no.alt.pompelog,570,143,48,0.07218045112781955
no.biz.annonser,no.multimedia,2197,1383,241,0.07217729859239293
no.bolig,no.ef,978,567,104,0.07217210270645386
no.folklore.edb,no.x,219,301,35,0.07216494845360824
no.biz.annonser.data,no.net,1548,1216,186,0.0721489526764934
no.alt.mat,no.radio-tv,1286,2075,226,0.07208931419457736
no.biz.annonser,no.ms-windows,2197,3235,365,0.07203473455693704
no.folklore.edb,no.folklore.generelt,219,49,18,0.072
no.folklore.overtro,no.lisp,130,302,29,0.07196029776674938
no.alt.frustrasjoner,no.alt.sjokolade,3039,656,248,0.07194662024949232
no.litteratur,no.radio-tv,1532,2075,242,0.07191679049034175
no.spill,no.vitser,2992,3555,439,0.07187295350360183
no.alt.frustrasjoner,no.marked.data,3039,7987,739,0.07183824244191699
no.havforskning,no.news.drift,397,379,52,0.0718232044198895
no.alt.pompelog,no.embnet,143,260,27,0.07180851063829788
no.norsk.fagord,no.skole.diverse,243,563,54,0.07180851063829788
no.biz.nettilbydere,no.prat.politikk,686,1150,123,0.07180385288966724
no.linux,no.perl,3019,564,240,0.0717918037690697
no.marked.data,no.marked.jobb,7987,2181,681,0.07178243912722673
no.ef,no.unix,567,1435,134,0.07173447537473233
no.elektronikk,no.musikk,2250,3667,396,0.07172613656946206
no.general,no.multimedia,7075,1383,566,0.0717181956411556
no.alt.mat,no.ef,1286,567,124,0.07171775592828225
no.folklore.edb,no.news.drift,219,379,40,0.07168458781362007
no.alt.gledesutbrudd,no.org.efn.diskusjon,1753,446,147,0.07163742690058479
no.ef,no.x,567,301,58,0.07160493827160494
no.alt.flame,no.alt.gledesutbrudd,2514,1753,285,0.07157207433450527
no.news.diverse,no.perl,1892,564,164,0.07155322862129145
no.folklore.edb,no.it.diverse,219,605,55,0.07152145643693109
no.embnet,no.film,260,2587,190,0.07150922092585622
no.perl,no.www,564,3452,268,0.07150480256136606
no.ai,no.vr,254,166,28,0.07142857142857142
no.c,no.kryptografi,1036,359,93,0.07142857142857142
no.it.diverse,no.mail.drift,605,430,69,0.07142857142857142
no.net,no.psykologi,1216,584,120,0.07142857142857142
no.marked,no.multimedia,8430,1383,654,0.07140517523747134
no.alt.gledesutbrudd,no.tele,1753,2097,256,0.07122982749026155
no.embnet,no.sources.list,260,101,24,0.0712166172106825
no.mail.drift,no.norsk,430,1962,159,0.07120465741155396
no.marked,no.news.diverse,8430,1892,686,0.07119136571191366
no.marked,no.radio-tv,8430,2075,698,0.07117365147343734
no.c,no.it.diverse,1036,605,109,0.07114882506527415
no.folklore.edb,no.perl,219,564,52,0.07113543091655267
no.org.nobug.diverse,no.vr,90,166,17,0.07112970711297072
no.alt.diskusjoner,no.bil,2367,2153,300,0.07109004739336493
no.biz.diskusjoner,no.marked.diskusjon,431,187,41,0.07105719237435008
no.mac,no.norsk,2742,1962,312,0.07103825136612021
no.sources.wanted,no.speider,218,491,47,0.07099697885196375
no.alt.diskusjoner,no.news.drift,2367,379,182,0.07098283931357255
no.alt.mat,no.medisin,1286,1038,154,0.07096774193548387
no.biz.annonser,no.net,2197,1216,226,0.07091308440539693
no.speider,no.tegnsett,491,249,49,0.07091172214182344
no.net,no.tegnsett,1216,249,97,0.07090643274853801
no.bil,no.biz.annonser.data,2153,1548,245,0.0708912037037037
no.psykologi,no.uninett.diverse,584,262,56,0.07088607594936709
no.mail.drift,no.standard,430,129,37,0.07088122605363985
no.bil,no.ef,2153,567,180,0.07086614173228346
no.alt.config,no.prat.politikk,407,1150,103,0.07083906464924347
no.ai,no.alt.katter,254,774,68,0.07083333333333333
no.sources.list,no.uninett.diverse,101,262,24,0.07079646017699115
no.elektronikk,no.irc,2250,1472,246,0.07077100115074798
no.spill,no.sport.diverse,2992,1507,297,0.07068062827225131
no.folklore.overtro,no.org.efn.diskusjon,130,446,38,0.07063197026022305
no.org.isoc-no,no.standard,53,129,12,0.07058823529411765
no.it.diverse,no.skole.diverse,605,563,77,0.07057745187901009
no.amiga,no.marked.data,1543,7987,628,0.07054594473152101
no.alt.god.jul,no.alt.irc-treff,570,296,57,0.07045735475896168
no.alt.tegneserier,no.musikk,1043,3667,310,0.07045454545454545
no.irc,no.prat.seksualitet,1472,883,155,0.07045454545454545
no.elektronikk,no.kjemi,2250,745,197,0.07040743388134382
no.alt.frustrasjoner,no.sport.diverse,3039,1507,299,0.07040263715563927
no.norsk,no.norsk.fagord,1962,243,145,0.0703883495145631
no.embnet,no.news.drift,260,379,42,0.07035175879396985
no.student.nett,no.uninett.skole,452,522,64,0.07032967032967033
no.marked.bil,no.marked.data,1423,7987,618,0.07029117379435851
no.alt.god.jul,no.litteratur,570,1532,138,0.07026476578411406
no.alt.gledesutbrudd,no.sport.diverse,1753,1507,214,0.07025607353906763
no.mac,no.marked.jobb,2742,2181,323,0.07021739130434783
no.org.efn.diskusjon,no.x,446,301,49,0.07020057306590258
no.alt.config,no.psykologi,407,584,65,0.07019438444924406
no.bil,no.kjemi,2153,745,190,0.07016248153618906
no.bibsys,no.net,235,1216,95,0.0700589970501475
no.prat.narkotika,no.religion,526,1583,138,0.0700152207001522
no.bolig,no.embnet,978,260,81,0.07000864304235091
no.ef,no.vit.diverse,567,473,68,0.06995884773662552
no.it.emacs,no.tegnsett,394,249,42,0.06988352745424292
no.alt.tegneserier,no.media,1043,734,116,0.06983744732089103
no.pressemeldinger,no.telepost,334,417,49,0.0698005698005698
no.media,no.prat.narkotika,734,526,82,0.06960950764006792
no.elektronikk,no.mail.diverse,2250,993,211,0.0695910290237467
no.general,no.media,7075,734,508,0.06957950965621147
no.biz.diskusjoner,no.mail.drift,431,430,56,0.06956521739130435
no.biz.nettilbydere,no.jus,686,1851,165,0.06956155143338955
no.folklore.edb,no.vit.diverse,219,473,45,0.0695517774343122
no.biz.annonser.data,no.tele,1548,2097,237,0.06954225352112677
no.biz.nettilbydere,no.www,686,3452,269,0.06952700956319463
no.bil,no.net,2153,1216,219,0.06952380952380953
no.linux,no.marked.jobb,3019,2181,338,0.06951871657754011
no.prat.politikk,no.tele,1150,2097,211,0.06949934123847168
no.alt.pompel-og-pilt,no.irc,329,1472,117,0.06947743467933491
no.irc,no.marked.jobb,1472,2181,237,0.06937939110070257
no.alt.katter,no.ef,774,567,87,0.06937799043062201
no.mail.drift,no.stortinget,430,665,71,0.0693359375
no.bil,no.irc,2153,1472,235,0.06932153392330384
no.mail.diverse,no.nuug,993,164,75,0.06931608133086876
no.alt.mat,no.film,1286,2587,251,0.06929872998343457
no.alt.mat,no.www,1286,3452,307,0.06928458587226359
no.ef,no.kryptografi,567,359,60,0.06928406466512702
no.alt.frustrasjoner,no.alt.katter,3039,774,247,0.06926528323051037
no.multimedia,no.radio-tv,1383,2075,224,0.06926406926406926
no.medisin,no.net,1038,1216,146,0.06925996204933586
no.media,no.perl,734,564,84,0.06919275123558484
no.jus,no.kryptografi,1851,359,143,0.06918238993710692
no.alt.mat,no.general,1286,7075,541,0.06918158567774936
no.folklore.edb,no.org.efn.diskusjon,219,446,43,0.06913183279742766
no.alkohol,no.c,1192,1036,144,0.0690978886756238
no.alt.god.jul,no.musikk.gitar,570,1148,111,0.06907280647168637
no.prat.seksualitet,no.stortinget,883,665,100,0.06906077348066299
no.bil,no.ms-windows,2153,3235,348,0.06904761904761905
no.alt.amiga,no.alt.arkiv,343,199,35,0.06903353057199212
no.biz.annonser,no.bolig,2197,978,205,0.06902356902356903
no.alkohol,no.mail.diverse,1192,993,141,0.06898238747553816
no.ef,no.it.emacs,567,394,62,0.06896551724137931
no.media,no.uninett.skole,734,522,81,0.06893617021276596
no.medisin,no.religion,1038,1583,169,0.06892332789559544
no.irc,no.pc,1472,7028,548,0.06891348088531186
no.marked.data,no.multimedia,7987,1383,604,0.06890257814282455
no.mail.drift,no.media,430,734,75,0.06887052341597796
no.bil,no.www,2153,3452,361,0.06884057971014493
no.mail.drift,no.perl,430,564,64,0.06881720430107527
no.org.nobug.diverse,no.uninett.drift,90,112,13,0.06878306878306878
no.alt.gledesutbrudd,no.pc,1753,7028,565,0.0687682570593963
no.alt.god.jul,no.alt.mat.drikke,570,659,79,0.06869565217391305
no.alt.god.jul,no.news.drift,570,379,61,0.0686936936936937
no.tex,no.typografi,218,280,32,0.06866952789699571
no.alt.frustrasjoner,no.stortinget,3039,665,238,0.06866705135603
no.ef,no.elektronikk,567,2250,181,0.06866464339908952
no.irc,no.religion,1472,1583,196,0.06855543896467296
no.stortinget,no.student.samfund,665,255,59,0.06852497096399536
no.folklore.edb,no.typografi,219,280,32,0.06852248394004283
no.alkohol,no.org.efn.diskusjon,1192,446,105,0.0684931506849315
no.prat.seksualitet,no.psykologi,883,584,94,0.06846321922796796
no.general,no.marked.jobb,7075,2181,593,0.06845203740043865
no.mail.diverse,no.uninett.skole,993,522,97,0.0684062059238364
no.audio,no.biz.annonser,2492,2197,300,0.0683526999316473
no.bil,no.mail.diverse,2153,993,201,0.06825127334465195
no.biz.nettilbydere,no.c,686,1036,110,0.06823821339950373
no.audio,no.general,2492,7075,611,0.06822242072353729
no.alt.radio-tv.irma-1000,no.multimedia,309,1383,108,0.06818181818181818
no.it.emacs,no.typografi,394,280,43,0.06814580031695722
no.alt.mat,no.reiser,1286,1050,149,0.06812985825331504
no.alt.sjokolade,no.bil,656,2153,179,0.06806083650190115
no.linux,no.musikk,3019,3667,426,0.06805111821086263
no.radio_tv,no.tegnsett,583,249,53,0.06803594351732992
no.sources.list,no.vr,101,166,17,0.068
no.alkohol,no.radio-tv,1192,2075,208,0.06799607714939522
no.news.drift,no.perl,379,564,60,0.06795016987542468
no.mail.diverse,no.ms-windows,993,3235,269,0.06794645112402121
no.alt.diskusjoner,no.audio,2367,2492,309,0.06791208791208792
no.marked.jobb,no.news.diverse,2181,1892,259,0.06790770844257997
no.biz.annonser,no.tele,2197,2097,273,0.06789355881621487
no.alt.pompel-og-pilt,no.news.drift,329,379,45,0.06787330316742081
no.linux,no.lisp,3019,302,211,0.06784565916398713
no.ai,no.alt.mat.drikke,254,659,58,0.06783625730994151
no.org.isoc-no,no.uninett.diverse,53,262,20,0.06779661016949153
no.biz.annonser.data,no.spill,1548,2992,288,0.06773283160865474
no.elektronikk,no.vitser,2250,3555,368,0.06768438477101342
no.it.emacs,no.news.drift,394,379,49,0.06767955801104972
no.alt.frustrasjoner,no.bil,3039,2153,329,0.06765371170059634
no.telepost,no.uninett.diverse,417,262,43,0.06761006289308176
no.alt.config,no.folklore.overtro,407,130,34,0.06759443339960239
no.alkohol,no.multimedia,1192,1383,163,0.0675787728026534
no.alt.arkiv,no.alt.mat,199,1286,94,0.06757728253055356
no.biz.annonser,no.marked.bil,2197,1423,229,0.06753170156296077
no.alt.god.jul,no.alt.katter,570,774,85,0.06751389992057188
no.biz.annonser,no.jus,2197,1851,256,0.06751054852320675
no.media,no.skole.diverse,734,563,82,0.06748971193415639
no.irc,no.stortinget,1472,665,135,0.06743256743256744
no.film,no.linux,2587,3019,354,0.06740289413556741
no.alt.radio-tv.irma-1000,no.musikk.gitar,309,1148,92,0.0673992673992674
no.news.diverse,no.uninett.diverse,1892,262,136,0.06739345887016848
no.it.diverse,no.jus,605,1851,155,0.06736201651455889
no.ai,no.alt.god.jul,254,570,52,0.06735751295336788
no.alt.frustrasjoner,no.audio,3039,2492,349,0.067348514087225
no.uninett.drift,no.uninett.skole,112,522,40,0.06734006734006734
no.irc,no.vitser,1472,3555,317,0.0673036093418259
no.biz.nettilbydere,no.ef,686,567,79,0.06729131175468483
no.ai,no.havforskning,254,397,41,0.06721311475409836
no.bibsys,no.biz.nettilbydere,235,686,58,0.06720741599073002
no.kjemi,no.marked.jobb,745,2181,184,0.06710430342815463
no.kjemi,no.media,745,734,93,0.0670995670995671
no.lisp,no.student.samfund,302,255,35,0.06704980842911877
no.org.nobug.diverse,no.sources.list,90,101,12,0.0670391061452514
no.film,no.radio_tv,2587,583,199,0.06698081454055874
no.folklore.edb,no.norsk.fagord,219,243,29,0.06697459584295612
no.biz.annonser,no.general,2197,7075,582,0.06697353279631761
no.alt.config,no.alt.tegneserier,407,1043,91,0.06696100073583518
no.alt.mat,no.net,1286,1216,157,0.06695095948827293
no.mail.drift,no.unix,430,1435,117,0.06693363844393593
no.biz.nettilbydere,no.mail.drift,686,430,70,0.06692160611854685
no.alt.mat.drikke,no.stortinget,659,665,83,0.06688154713940371
no.alt.arkiv,no.ef,199,567,48,0.06685236768802229
no.alt.frustrasjoner,no.alt.god.jul,3039,570,226,0.06680461129175289
no.mail.diverse,no.x,993,301,81,0.06677658697444352
no.nuug,no.speider,164,491,41,0.06677524429967427
no.ms-windows,no.musikk,3235,3667,432,0.06676970633693972
no.embnet,no.speider,260,491,47,0.06676136363636363
no.ef,no.mac,567,2742,207,0.06673114119922631
no.alt.pompel-og-pilt,no.multimedia,329,1383,107,0.06666666666666667
no.eunet.drift,no.tegnsett,135,249,24,0.06666666666666667
no.it.emacs,no.uninett.diverse,394,262,41,0.06666666666666667
no.ms-windows,no.vitser,3235,3555,424,0.0666038328620798
no.biz.annonser,no.spill,2197,2992,324,0.06659815005138746
no.bibsys,no.uninett.diverse,235,262,31,0.06652360515021459
no.stortinget,no.tegnsett,665,249,57,0.06651108518086347
no.litteratur,no.stortinget,1532,665,137,0.06650485436893204
no.alt.arkiv,no.sources.wanted,199,218,26,0.06649616368286446
no.kryptografi,no.news.drift,359,379,46,0.06647398843930635
no.folklore.edb,no.kryptografi,219,359,36,0.06642066420664207
no.alt.diskusjoner,no.biz.nettilbydere,2367,686,190,0.06636395389451624
no.havforskning,no.uninett.diverse,397,262,41,0.06634304207119741
no.it.emacs,no.prat.politikk,394,1150,96,0.06629834254143646
no.bil,no.embnet,2153,260,150,0.06628369421122404
no.mail.drift,no.sources.list,430,101,33,0.06626506024096386
no.alt.irc-treff,no.media,296,734,64,0.06625258799171843
no.org.efn.diskusjon,no.org.isoc-no,446,53,31,0.06623931623931624
no.alt.tegneserier,no.musikk.gitar,1043,1148,136,0.06618004866180048
no.uninett.hjelp,no.vr,124,166,18,0.0661764705882353
no.alt.gledesutbrudd,no.kjemi,1753,745,155,0.06615450277422108
no.alkohol,no.litteratur,1192,1532,169,0.06614481409001957
no.biz.diskusjoner,no.kryptografi,431,359,49,0.06612685560053981
no.alt.diskusjoner,no.marked.data,2367,7987,642,0.06610378912685337
no.eunet.diverse,no.sources.list,141,101,15,0.06607929515418502
no.uninett.hjelp,no.uninett.skole,124,522,40,0.066006600660066
no.musikk,no.religion,3667,1583,325,0.06598984771573604
no.prat.politikk,no.unix,1150,1435,160,0.06597938144329897
no.sport.orientering,no.sport.volleyball,143,164,19,0.06597222222222222
no.alt.arkiv,no.lisp,199,302,31,0.06595744680851064
no.alt.katter,no.alt.radio-tv.irma-1000,774,309,67,0.06594488188976377
no.litteratur,no.uninett.skole,1532,522,127,0.065905552672548
no.multimedia,no.tele,1383,2097,215,0.06584992343032159
no.media,no.unix,734,1435,134,0.06584766584766585
no.audio,no.net,2492,1216,229,0.06582351250359299
no.biz.annonser,no.mail.diverse,2197,993,197,0.06582024724356833
no.marked.data,no.vitser,7987,3555,712,0.0657433056325023
no.alt.config,no.c,407,1036,89,0.06573116691285082
no.litteratur,no.marked.jobb,1532,2181,229,0.06572904707233065
no.ef,no.eunet.hjelp,567,244,50,0.0657030223390276
no.news.drift,no.uninett.hjelp,379,124,31,0.06567796610169492
no.ai,no.news.drift,254,379,39,0.06565656565656566
no.eunet.diverse,no.news.drift,141,379,32,0.06557377049180328
no.eunet.diverse,no.tegnsett,141,249,24,0.06557377049180328
no.film,no.kjemi,2587,745,205,0.06555804285257436
no.embnet,no.folklore.generelt,260,49,19,0.06551724137931035
no.ai,no.org.efn.diskusjon,254,446,43,0.0654490106544901
no.alt.mat,no.unix,1286,1435,167,0.0653876272513704
no.it.diverse,no.multimedia,605,1383,122,0.06538049303322616
no.news.drift,no.radio_tv,379,583,59,0.06533776301218161
no.prat.seksualitet,no.vitser,883,3555,272,0.06529044647143543
no.amiga,no.c,1543,1036,158,0.06526228831061545
no.ai,no.x,254,301,34,0.06525911708253358
no.it.diverse,no.kryptografi,605,359,59,0.06519337016574586
no.alt.radio-tv.irma-1000,no.irc,309,1472,109,0.0651913875598086
no.biz.nettilbydere,no.irc,686,1472,132,0.06515301085883514
no.mail.diverse,no.musikk,993,3667,285,0.06514285714285714
no.alt.sjokolade,no.radio-tv,656,2075,167,0.06513260530421217
no.alkohol,no.alt.sjokolade,1192,656,113,0.06512968299711816
no.alt.mat.drikke,no.mail.diverse,659,993,101,0.06511927788523533
no.ef,no.general,567,7075,467,0.06508710801393729
no.prat.narkotika,no.vit.diverse,526,473,61,0.0650319829424307
no.alt.flame,no.news.diverse,2514,1892,269,0.06502296350012086
no.alt.god.jul,no.org.efn.diskusjon,570,446,62,0.0649895178197065
no.standard,no.vr,129,166,18,0.06498194945848375
no.alt.pompel-og-pilt,no.jus,329,1851,133,0.06497313141182218
no.alt.katter,no.media,774,734,92,0.06497175141242938
no.film,no.havforskning,2587,397,182,0.0649536045681656
no.net,no.vit.diverse,1216,473,103,0.06494325346784363
no.embnet,no.uninett.katalog,260,68,20,0.06493506493506493
no.folklore.overtro,no.typografi,130,280,25,0.06493506493506493
no.lisp,no.psykologi,302,584,54,0.06490384615384616
no.alt.pompel-og-pilt,no.musikk.gitar,329,1148,90,0.06488824801730353
no.alt.irc-treff,no.alt.sjokolade,296,656,58,0.06487695749440715
no.alt.pompel-og-pilt,no.uninett.diverse,329,262,36,0.06486486486486487
no.film,no.religion,2587,1583,254,0.06486210418794688
no.audio,no.biz.annonser.data,2492,1548,246,0.06483921982076964
no.alt.tegneserier,no.radio_tv,1043,583,99,0.06483300589390963
no.ef,no.radio_tv,567,583,70,0.06481481481481481
no.it.emacs,no.net,394,1216,98,0.06481481481481481
no.havforskning,no.standard,397,129,32,0.06477732793522267
no.alt.frustrasjoner,no.org.efn.diskusjon,3039,446,212,0.06477238007943782
no.irc,no.tele,1472,2097,217,0.06473747016706444
no.bil,no.radio-tv,2153,2075,257,0.06471921430370184
no.biz.annonser.data,no.news.diverse,1548,1892,209,0.06468585577220674
no.alt.god.jul,no.stortinget,570,665,75,0.06465517241379311
no.alt.sjokolade,no.biz.diskusjoner,656,431,66,0.06464250734573947
no.jus,no.musikk.gitar,1851,1148,182,0.06460773872914448
no.bil,no.general,2153,7075,560,0.06460544531610521
no.audio,no.embnet,2492,260,167,0.06460348162475822
no.alt.config,no.telepost,407,417,50,0.06459948320413436
no.audio,no.news.diverse,2492,1892,266,0.06459446333171442
no.litteratur,no.org.efn.diskusjon,1532,446,120,0.06458557588805167
no.alt.diskusjoner,no.test,2367,6386,531,0.06458282656288007
no.multimedia,no.video,1383,942,141,0.06456043956043957
no.it.diverse,no.lisp,605,302,55,0.06455399061032864
no.it.diverse,no.www,605,3452,246,0.06454998688008397
no.alt.arkiv,no.nuug,199,164,22,0.06451612903225806
no.alt.pompelog,no.radio_tv,143,583,44,0.06451612903225806
no.religion,no.skole.diverse,1583,563,130,0.06448412698412699
no.alt.diskusjoner,no.it.diverse,2367,605,180,0.06446991404011461
no.biz.nettilbydere,no.media,686,734,86,0.06446776611694154
no.mail.diverse,no.religion,993,1583,156,0.06446280991735537
no.embnet,no.folklore.edb,260,219,29,0.06444444444444444
no.bil,no.multimedia,2153,1383,214,0.06441902468392535
no.eunet.hjelp,no.telepost,244,417,40,0.0644122383252818
no.jus,no.spill,1851,2992,293,0.06439560439560439
no.student.samfund,no.uninett.skole,255,522,47,0.06438356164383562
no.alt.tegneserier,no.elektronikk,1043,2250,199,0.0643180349062702
no.alt.arkiv,no.havforskning,199,397,36,0.06428571428571428
no.multimedia,no.prat.politikk,1383,1150,153,0.06428571428571428
no.biz.nettilbydere,no.vit.diverse,686,473,70,0.0642791551882461
no.medisin,no.prat.seksualitet,1038,883,116,0.06426592797783934
no.alt.frustrasjoner,no.vit.diverse,3039,473,212,0.06424242424242424
no.prat.narkotika,no.psykologi,526,584,67,0.06423777564717162
no.alt.mat.drikke,no.lisp,659,302,58,0.06423034330011074
no.mail.diverse,no.pc,993,7028,484,0.06421653177656893
no.biz.annonser.data,no.marked.jobb,1548,2181,225,0.0642123287671233
no.lisp,no.standard,302,129,26,0.06419753086419754
no.perl,no.tegnsett,564,249,49,0.06413612565445026
no.alt.mat.drikke,no.litteratur,659,1532,132,0.06410879067508499
no.mail.drift,no.sources.wanted,430,218,39,0.06403940886699508
no.alt.diskusjoner,no.alt.motorsykler,2367,1688,244,0.06402519023878248
no.alt.tegneserier,no.general,1043,7075,488,0.06395806028833552
no.alkohol,no.medisin,1192,1038,134,0.06393129770992366
no.alt.mat,no.kjemi,1286,745,122,0.06390780513357779
no.audio,no.www,2492,3452,357,0.06389833542151423
no.multimedia,no.psykologi,1383,584,118,0.0638182801514332
no.media,no.radio_tv,734,583,79,0.06381260096930533
no.c,no.musikk.gitar,1036,1148,131,0.06380905991232343
no.mail.diverse,no.radio-tv,993,2075,184,0.0638002773925104
no.alt.mat,no.prat.seksualitet,1286,883,130,0.06375674350171653
no.news.drift,no.uninett.skole,379,522,54,0.06375442739079103
no.c,no.tegnsett,1036,249,77,0.06374172185430464
no.org.efn.diskusjon,no.student.samfund,446,255,42,0.0637329286798179
no.alt.mat.drikke,no.norsk,659,1962,157,0.06371753246753246
no.standard,no.student.samfund,129,255,23,0.06371191135734072
no.c,no.media,1036,734,106,0.06370192307692307
no.it.diverse,no.perl,605,564,70,0.06369426751592357
no.jus,no.marked.data,1851,7987,589,0.06368256027678668
no.film,no.marked.data,2587,7987,633,0.06367568655064883
no.tungregning,no.vr,118,166,17,0.06367041198501873
no.sources.wanted,no.telepost,218,417,38,0.06365159128978225
no.alt.sjokolade,no.stortinget,656,665,79,0.06360708534621579
no.eunet.drift,no.telepost,135,417,33,0.06358381502890173
no.embnet,no.kryptografi,260,359,37,0.06357388316151202
no.news.diverse,no.telepost,1892,417,138,0.06356517733763242
no.biz,no.havforskning,55,397,27,0.06352941176470588
no.ef,no.uninett.skole,567,522,65,0.0634765625
no.alkohol,no.psykologi,1192,584,106,0.06347305389221557
no.c,no.marked.jobb,1036,2181,192,0.06347107438016529
no.multimedia,no.unix,1383,1435,168,0.06339622641509433
no.bil,no.marked.jobb,2153,2181,258,0.06329735034347399
no.uninett.diverse,no.unix,262,1435,101,0.06328320802005012
no.folklore.edb,no.tex,219,218,26,0.06326034063260341
no.irc,no.ms-windows,1472,3235,280,0.06324824937881184
no.multimedia,no.nuug,1383,164,92,0.06323024054982818
no.lisp,no.mac,302,2742,181,0.06322039818372337
no.alt.frustrasjoner,no.alt.motorsykler,3039,1688,281,0.06320287899235268
no.bibsys,no.uninett.skole,235,522,45,0.06320224719101124
no.mail.drift,no.norsk.fagord,430,243,40,0.0631911532385466
no.alt.katter,no.mail.diverse,774,993,105,0.0631768953068592
no.folklore.edb,no.mail.diverse,219,993,72,0.06315789473684211
no.alt.diskusjoner,no.skole.diverse,2367,563,174,0.06313497822931785
no.alt.config,no.x,407,301,42,0.06306306306306306
no.alt.gledesutbrudd,no.multimedia,1753,1383,186,0.06305084745762712
no.audio,no.irc,2492,1472,235,0.06301957629391258
no.bil,no.musikk,2153,3667,345,0.06301369863013699
no.alkohol,no.musikk,1192,3667,288,0.06300590680376285
no.alt.katter,no.prat.politikk,774,1150,114,0.06298342541436464
no.org.efn.diskusjon,no.typografi,446,280,43,0.0629575402635432
no.prat.politikk,no.uninett.skole,1150,522,99,0.06293706293706294
no.lisp,no.marked.jobb,302,2181,147,0.06292808219178082
no.marked,no.net,8430,1216,571,0.06292011019283747
no.alkohol,no.vitser,1192,3555,281,0.06291983878190775
no.media,no.psykologi,734,584,78,0.06290322580645161
no.biz.diskusjoner,no.uninett.diverse,431,262,41,0.06288343558282208
no.irc,no.musikk.gitar,1472,1148,155,0.06288032454361055
no.havforskning,no.psykologi,397,584,58,0.0628385698808234
no.alt.pompel-og-pilt,no.litteratur,329,1532,110,0.0628212450028555
no.alt.sjokolade,no.audio,656,2492,186,0.06279540850776502
no.alt.katter,no.it.emacs,774,394,69,0.06278434940855324
no.c,no.prat.politikk,1036,1150,129,0.06271268838113758
no.alt.mat.drikke,no.c,659,1036,100,0.06269592476489028
no.it.diverse,no.norsk.fagord,605,243,50,0.06265664160401002
no.ef,no.marked.jobb,567,2181,162,0.06264501160092807
no.alt.pompelog,no.telepost,143,417,33,0.06261859582542695
no.alt.god.jul,no.psykologi,570,584,68,0.06261510128913444
no.norsk.fagord,no.prat.politikk,243,1150,82,0.06254767353165523
no.alt.arkiv,no.org.nobug.diverse,199,90,17,0.0625
no.alt.mat,no.tele,1286,2097,199,0.0625
no.news.diverse,no.uninett.skole,1892,522,142,0.0625
no.org.dnd,no.org.isoc-no,66,53,7,0.0625
no.news.diverse,no.reiser,1892,1050,173,0.06247742867461177
no.lisp,no.news.diverse,302,1892,129,0.06246973365617434
no.amiga,no.elektronikk,1543,2250,223,0.06246498599439776
no.c,no.stortinget,1036,665,100,0.06246096189881324
no.alt.gledesutbrudd,no.medisin,1753,1038,164,0.0624286258089075
no.biz.annonser,no.film,2197,2587,281,0.0624028425494115
no.org.efn.diskusjon,no.sources.wanted,446,218,39,0.0624
no.bibsys,no.multimedia,235,1383,95,0.0623768877216021
no.alt.config,no.perl,407,564,57,0.06236323851203501
no.net,no.spill,1216,2992,247,0.06235799040646301
no.audio,no.mac,2492,2742,307,0.0623097219403288
no.folklore.edb,no.unix,219,1435,97,0.06229929351316635
no.alt.tegneserier,no.religion,1043,1583,154,0.06229773462783172
no.media,no.tele,734,2097,166,0.06228893058161351
no.mail.diverse,no.prat.seksualitet,993,883,110,0.0622876557191393
no.alt.gledesutbrudd,no.news.drift,1753,379,125,0.0622820129546587
no.ai,no.alt.amiga,254,343,35,0.06227758007117438
no.media,no.musikk,734,3667,258,0.062273714699493124
no.jus,no.reiser,1851,1050,170,0.062248260710362505
no.net,no.prat.seksualitet,1216,883,123,0.062246963562753034
no.multimedia,no.stortinget,1383,665,120,0.06224066390041494
no.kjemi,no.uninett.diverse,745,262,59,0.06223628691983123
no.elektronikk,no.video,2250,942,187,0.062229617304492515
no.hobby.diverse,no.mail.diverse,817,993,106,0.062206572769953054
no.alt.tegneserier,no.stortinget,1043,665,100,0.06218905472636816
no.ms-windows,no.norsk,3235,1962,304,0.06212957285918659
no.alt.diskusjoner,no.marked.jobb,2367,2181,266,0.06212050443717889
no.alt.arkiv,no.alt.sjokolade,199,656,50,0.062111801242236024
no.news.diverse,no.test,1892,6386,484,0.06209905055170644
no.c,no.religion,1036,1583,153,0.06204379562043796
no.norsk,no.uninett.skole,1962,522,145,0.061992304403591277
no.media,no.norsk.fagord,734,243,57,0.06195652173913044
no.alt.config,no.alt.fan.de-lillos,407,176,34,0.061930783242258654
no.havforskning,no.tungregning,397,118,30,0.061855670103092786
no.news.diverse,no.skole.diverse,1892,563,143,0.06185121107266436
no.c,no.mac,1036,2742,220,0.061832490163012926
no.musikk.gitar,no.news.diverse,1148,1892,177,0.06182326231225987
no.folklore.edb,no.uninett.diverse,219,262,28,0.06181015452538632
no.marked.data,no.news.diverse,7987,1892,575,0.06180137575236457
no.tegnsett,no.unix,249,1435,98,0.0617906683480454
no.stortinget,no.student.nett,665,452,65,0.06178707224334601
no.media,no.typografi,734,280,59,0.061780104712041886
no.alt.katter,no.psykologi,774,584,79,0.0617670054730258
no.it.emacs,no.norsk,394,1962,137,0.061739522307345654
no.ai,no.uninett.diverse,254,262,30,0.06172839506172839
no.alt.mat,no.c,1286,1036,135,0.06172839506172839
no.biz.nettilbydere,no.embnet,686,260,55,0.06172839506172839
no.musikk,no.prat.politikk,3667,1150,280,0.06171478950848578
no.alt.flame,no.general,2514,7075,557,0.0616696191319752
no.alt.sjokolade,no.org.efn.diskusjon,656,446,64,0.06165703275529865
no.irc,no.sport.diverse,1472,1507,173,0.0616535994297933
no.jus,no.prat.narkotika,1851,526,138,0.06163465832961143
no.tele,no.vitser,2097,3555,328,0.061607813673929375
no.net,no.x,1216,301,88,0.0615815255423373
no.bibsys,no.jus,235,1851,121,0.06157760814249364
no.elektronikk,no.spill,2250,2992,304,0.06156338598622924
no.alt.mat,no.vit.diverse,1286,473,102,0.06155703077851539
no.hobby.diverse,no.video,817,942,102,0.06155703077851539
no.multimedia,no.radio_tv,1383,583,114,0.061555075593952485
no.ef,no.www,567,3452,233,0.06154252509244585
no.alt.irc-treff,no.it.emacs,296,394,40,0.06153846153846154
no.alt.diskusjoner,no.radio_tv,2367,583,171,0.06153292551277438
no.medisin,no.org.efn.diskusjon,1038,446,86,0.06151645207439199
no.amiga,no.biz.annonser.data,1543,1548,179,0.061469780219780217
no.audio,no.linux,2492,3019,319,0.0614406779661017
no.general,no.stortinget,7075,665,448,0.061437191442676904
no.mail.drift,no.telepost,430,417,49,0.06140350877192982
no.alt.mat,no.vitser,1286,3555,280,0.061390046042534535
no.alt.config,no.stortinget,407,665,62,0.061386138613861385
no.alt.sjokolade,no.prat.seksualitet,656,883,89,0.06137931034482759
no.bil,no.vitser,2153,3555,330,0.061361100780959466
no.biz.annonser,no.musikk,2197,3667,339,0.061357466063348416
no.c,no.eunet.diverse,1036,141,68,0.061316501352569885
no.alt.tegneserier,no.org.efn.diskusjon,1043,446,86,0.06129722024233785
no.audio,no.tele,2492,2097,265,0.06128584643848289
no.it.diverse,no.tele,605,2097,156,0.061272584446190104
no.folklore.edb,no.tegnsett,219,249,27,0.061224489795918366
no.lisp,no.tex,302,218,30,0.061224489795918366
no.sport.diverse,no.www,1507,3452,286,0.06120265354162208
no.alt.sjokolade,no.prat.politikk,656,1150,104,0.06110458284371328
no.net,no.student.nett,1216,452,96,0.061068702290076333
no.student.samfund,no.tegnsett,255,249,29,0.061052631578947365
no.film,no.prat.politikk,2587,1150,215,0.06104486087450312
no.norsk,no.spill,1962,2992,285,0.06104090811736989
no.embnet,no.uninett.diverse,260,262,30,0.06097560975609756
no.marked,no.test,8430,6386,851,0.060938059434300036
no.kryptografi,no.unix,359,1435,103,0.06091070372560615
no.alt.katter,no.norsk,774,1962,157,0.060876308646762314
no.bibsys,no.vr,235,166,23,0.06084656084656084
no.irc,no.spill,1472,2992,256,0.060836501901140684
no.kjemi,no.tegnsett,745,249,57,0.060832443970117396
no.kjemi,no.skole.diverse,745,563,75,0.06082725060827251
no.marked.jobb,no.pc,2181,7028,528,0.060822485888722494
no.elektronikk,no.marked.jobb,2250,2181,254,0.06080919320086186
no.alt.config,no.biz.diskusjoner,407,431,48,0.060759493670886074
no.biz.diskusjoner,no.irc,431,1472,109,0.06075808249721293
no.alt.gledesutbrudd,no.alt.motorsykler,1753,1688,197,0.060727496917385944
no.alt.mat.drikke,no.irc,659,1472,122,0.06072672971627675
no.biz.annonser,no.irc,2197,1472,210,0.060711188204683436
no.alt.mat,no.religion,1286,1583,164,0.06062846580406654
no.ef,no.radio-tv,567,2075,151,0.06061822561220393
no.alt.frustrasjoner,no.radio_tv,3039,583,207,0.06061493411420205
no.bibsys,no.musikk.gitar,235,1148,79,0.06058282208588957
no.bolig,no.c,978,1036,115,0.06055818852027383
no.alt.frustrasjoner,no.marked.jobb,3039,2181,298,0.06054449410808614
no.news.diverse,no.prat.narkotika,1892,526,138,0.060526315789473685
no.biz.diskusjoner,no.org.efn.diskusjon,431,446,50,0.060459492140266025
no.alt.katter,no.irc,774,1472,128,0.06043437204910293
no.marked.diskusjon,no.nuug,187,164,20,0.06042296072507553
no.psykologi,no.uninett.skole,584,522,63,0.06040268456375839
no.havforskning,no.sources.wanted,397,218,35,0.0603448275862069
no.radio-tv,no.vit.diverse,2075,473,145,0.06034124011652101
no.alt.frustrasjoner,no.medisin,3039,1038,232,0.06033810143042913
no.lisp,no.norsk.fagord,302,243,31,0.06031128404669261
no.jus,no.sport.diverse,1851,1507,191,0.06030944111146195
no.bil,no.news.diverse,2153,1892,230,0.06028833551769332
no.alt.irc-treff,no.lisp,296,302,34,0.06028368794326241
no.eunet.drift,no.nuug,135,164,17,0.06028368794326241
no.religion,no.vitser,1583,3555,292,0.06025588113908378
no.alt.config,no.vit.diverse,407,473,50,0.060240963855421686
no.org.efn.diskusjon,no.student.nett,446,452,51,0.0602125147579693
no.alt.arkiv,no.tungregning,199,118,18,0.06020066889632107
no.amiga,no.multimedia,1543,1383,166,0.060144927536231886
no.ef,no.prat.narkotika,567,526,62,0.06013579049466537
no.film,no.mac,2587,2742,302,0.06007559180425701
no.biz.annonser.data,no.mail.diverse,1548,993,144,0.060075093867334166
no.kryptografi,no.stortinget,359,665,58,0.060041407867494824
no.alt.gledesutbrudd,no.prat.narkotika,1753,526,129,0.06
no.bibsys,no.litteratur,235,1532,100,0.059988002399520096
no.ef,no.perl,567,564,64,0.05998125585754452
no.radio-tv,no.stortinget,2075,665,155,0.059961315280464215
no.alt.pompel-og-pilt,no.vr,329,166,28,0.059957173447537475
no.alt.katter,no.org.efn.diskusjon,774,446,69,0.05994787141615986
no.biz.nettilbydere,no.multimedia,686,1383,117,0.05993852459016393
no.audio,no.mail.diverse,2492,993,197,0.05991484184914842
no.alt.gledesutbrudd,no.spill,1753,2992,268,0.05986151440696895
no.alt.config,no.unix,407,1435,104,0.05983889528193326
no.alt.radio-tv.irma-1000,no.bil,309,2153,139,0.05983641842445114
no.it.diverse,no.prat.seksualitet,605,883,84,0.05982905982905983
no.tex,no.vit.diverse,218,473,39,0.0598159509202454
no.alt.tegneserier,no.video,1043,942,112,0.0597971169247197
no.alt.pompel-og-pilt,no.bil,329,2153,140,0.059777967549103334
no.alkohol,no.prat.seksualitet,1192,883,117,0.05975485188968335
no.alt.gledesutbrudd,no.mail.drift,1753,430,123,0.05970873786407767
no.kryptografi,no.perl,359,564,52,0.05970149253731343
no.kryptografi,no.typografi,359,280,36,0.05970149253731343
no.news.drift,no.vit.diverse,379,473,48,0.05970149253731343
no.musikk.gitar,no.news.drift,1148,379,86,0.05968077723802915
no.alt.irc-treff,no.folklore.edb,296,219,29,0.059670781893004114
no.tex,no.unix,218,1435,93,0.05961538461538462
no.amiga,no.audio,1543,2492,227,0.05961134453781513
no.biz.nettilbydere,no.stortinget,686,665,76,0.0596078431372549
no.linux,no.test,3019,6386,529,0.059598918431726
no.havforskning,no.sources.list,397,101,28,0.059574468085106386
no.alt.frustrasjoner,no.it.emacs,3039,394,193,0.0595679012345679
no.alt.arkiv,no.uninett.katalog,199,68,15,0.05952380952380952
no.amiga,no.net,1543,1216,155,0.05952380952380952
no.alt.god.jul,no.audio,570,2492,172,0.05951557093425606
no.ai,no.alt.radio_tv.irma1000,254,209,26,0.059496567505720827
no.news.drift,no.typografi,379,280,37,0.0594855305466238
no.folklore.overtro,no.uninett.diverse,130,262,22,0.05945945945945946
no.mail.drift,no.x,430,301,41,0.059420289855072465
no.bil,no.havforskning,2153,397,143,0.059410054009140005
no.alkohol,no.net,1192,1216,135,0.05939287285525737
no.kryptografi,no.x,359,301,37,0.0593900481540931
no.ef,no.linux,567,3019,201,0.059379615952732646
no.alt.pompelog,no.org.efn.diskusjon,143,446,33,0.05935251798561151
no.alt.radio-tv.irma-1000,no.jus,309,1851,121,0.05934281510544385
no.alt.mat,no.org.efn.diskusjon,1286,446,97,0.05932721712538226
no.alt.god.jul,no.media,570,734,73,0.059301380991064176
no.uninett.katalog,no.uninett.skole,68,522,33,0.059245960502693
no.news.diverse,no.sykkel,1892,1148,170,0.059233449477351915
no.it.diverse,no.stortinget,605,665,71,0.05921601334445371
no.prat.politikk,no.vitser,1150,3555,263,0.05920756416028816
no.amiga,no.biz.annonser,1543,2197,209,0.059190031152647975
no.standard,no.x,129,301,24,0.059113300492610835
no.elektronikk,no.marked.bil,2250,1423,205,0.0591118800461361
no.alt.mat.drikke,no.prat.seksualitet,659,883,86,0.059065934065934064
no.net,no.vitser,1216,3555,266,0.05904550499445061
no.net,no.religion,1216,1583,156,0.05902383654937571
no.linux,no.spill,3019,2992,335,0.05902043692741367
no.ms-windows,no.test,3235,6386,536,0.05899834892680242
no.folklore.overtro,no.x,130,301,24,0.05896805896805897
no.ai,no.tegnsett,254,249,28,0.05894736842105263
no.marked.data,no.net,7987,1216,512,0.058911517661949145
no.alt.irc-treff,no.ef,296,567,48,0.05889570552147239
no.audio,no.spill,2492,2992,305,0.05889167793010234
no.alt.mat.drikke,no.reiser,659,1050,95,0.05885997521685254
no.alt.gledesutbrudd,no.bil,1753,2153,217,0.058823529411764705
no.c,no.pc,1036,7028,448,0.058823529411764705
no.ef,no.eunet.drift,567,135,39,0.058823529411764705
no.embnet,no.tungregning,260,118,21,0.058823529411764705
no.alt.diskusjoner,no.uninett.diverse,2367,262,146,0.05879983890455095
no.folklore.edb,no.mail.drift,219,430,36,0.05872756933115824
no.marked.data,no.radio-tv,7987,2075,558,0.058712121212121215
no.biz.annonser,no.video,2197,942,174,0.058684654300168636
no.alt.sjokolade,no.elektronikk,656,2250,161,0.05865209471766849
no.alt.gledesutbrudd,no.mac,1753,2742,249,0.05864342910975035
no.alt.mat.drikke,no.medisin,659,1038,94,0.058640049906425455
no.stortinget,no.www,665,3452,228,0.0586268963743893
no.litteratur,no.skole.diverse,1532,563,116,0.05861546235472461
no.prat.politikk,no.sport.diverse,1150,1507,147,0.05856573705179283
no.alt.config,no.typografi,407,280,38,0.05855161787365177
no.alt.motorsykler,no.marked.bil,1688,1423,172,0.05852330724736305
no.tungregning,no.typografi,118,280,22,0.05851063829787234
no.uninett.skole,no.vit.diverse,522,473,55,0.05851063829787234
no.alt.diskusjoner,no.amiga,2367,1543,216,0.05847319978343259
no.bibsys,no.bolig,235,978,67,0.05846422338568935
no.alt.gledesutbrudd,no.radio_tv,1753,583,129,0.05845038513819665
no.media,no.uninett.diverse,734,262,55,0.05844845908607864
no.folklore.overtro,no.kryptografi,130,359,27,0.05844155844155844
no.alt.tegneserier,no.marked.jobb,1043,2181,178,0.058437294812869335
no.havforskning,no.speider,397,491,49,0.058402860548271755
no.alt.diskusjoner,no.biz.annonser.data,2367,1548,216,0.058394160583941604
no.prat.narkotika,no.prat.ufo,526,327,47,0.05831265508684864
no.hobby.diverse,no.jus,817,1851,147,0.058310194367314556
no.elektronikk,no.norsk,2250,1962,232,0.05829145728643216
no.typografi,no.x,280,301,32,0.058287795992714025
no.folklore.overtro,no.news.drift,130,379,28,0.058212058212058215
no.marked.bolig,no.marked.jobb,892,2181,169,0.058195592286501376
no.ef,no.sport.diverse,567,1507,114,0.058163265306122446
no.perl,no.vit.diverse,564,473,57,0.058163265306122446
no.it.emacs,no.norsk.fagord,394,243,35,0.05813953488372093
no.alt.mat.drikke,no.net,659,1216,103,0.05812641083521445
no.mail.drift,no.typografi,430,280,39,0.05812220566318927
no.alt.frustrasjoner,no.psykologi,3039,584,199,0.058119158878504676
no.alt.sjokolade,no.vit.diverse,656,473,62,0.05810684161199625
no.alt.config,no.biz.nettilbydere,407,686,60,0.05808325266214908
no.elektronikk,no.mac,2250,2742,274,0.05807545570156846
no.alkohol,no.lisp,1192,302,82,0.05807365439093484
no.alt.mat.drikke,no.radio-tv,659,2075,150,0.05804953560371517
no.audio,no.ms-windows,2492,3235,314,0.058008498060225386
no.bil,no.litteratur,2153,1532,202,0.05799598047660063
no.lisp,no.stortinget,302,665,53,0.05798687089715536
no.sport.diverse,no.stortinget,1507,665,119,0.05796395518753044
no.alt.config,no.multimedia,407,1383,98,0.057919621749408984
no.ef,no.student.samfund,567,255,45,0.05791505791505792
no.alt.gledesutbrudd,no.it.diverse,1753,605,129,0.05787348586810229
no.ef,no.folklore.edb,567,219,43,0.05787348586810229
no.hobby.diverse,no.prat.seksualitet,817,883,93,0.05787181082762912
no.sources.wanted,no.vr,218,166,21,0.05785123966942149
no.tungregning,no.uninett.skole,118,522,35,0.05785123966942149
no.org.efn.diskusjon,no.tele,446,2097,139,0.057820299500831944
no.jus,no.perl,1851,564,132,0.05781865965834428
no.alt.katter,no.kjemi,774,745,83,0.057799442896935935
no.alt.frustrasjoner,no.it.diverse,3039,605,199,0.05776487663280116
no.biz.annonser,no.media,2197,734,160,0.057740887766149405
no.havforskning,no.org.efn.diskusjon,397,446,46,0.05771643663739021
no.general,no.prat.seksualitet,7075,883,434,0.05768208399787347
no.film,no.marked.jobb,2587,2181,260,0.05767524401064774
no.alt.tegneserier,no.www,1043,3452,245,0.05764705882352941
no.alt.god.jul,no.norsk,570,1962,138,0.05764411027568922
no.alt.god.jul,no.nuug,570,164,40,0.05763688760806916
no.alt.sjokolade,no.religion,656,1583,122,0.05762871988663203
no.lisp,no.medisin,302,1038,73,0.05761641673243883
no.irc,no.psykologi,1472,584,112,0.05761316872427984
no.speider,no.uninett.diverse,491,262,41,0.05758426966292135
no.alt.frustrasjoner,no.kjemi,3039,745,206,0.05757406372275014
no.alt.config,no.alt.flame,407,2514,159,0.057566980448950034
no.general,no.sport.diverse,7075,1507,467,0.05754775107825015
no.marked.data,no.test,7987,6386,782,0.05753807666838349
no.alt.gledesutbrudd,no.perl,1753,564,126,0.05750798722044728
no.alt.mat,no.linux,1286,3019,234,0.05747973470891673
no.alt.god.jul,no.bil,570,2153,148,0.05747572815533981
no.jus,no.sykkel,1851,1148,163,0.057475317348378
no.medisin,no.www,1038,3452,244,0.0574658502119642
no.alt.diskusjoner,no.sykkel,2367,1148,191,0.05746089049338147
no.alt.mat,no.stortinget,1286,665,106,0.05745257452574526
no.alt.sjokolade,no.it.emacs,656,394,57,0.05740181268882175
no.marked,no.norsk,8430,1962,564,0.057387057387057384
no.mail.drift,no.vit.diverse,430,473,49,0.05737704918032787
no.mail.drift,no.uninett.katalog,430,68,27,0.05732484076433121
no.linux,no.prat.politikk,3019,1150,226,0.057316763885366474
no.alt.katter,no.litteratur,774,1532,125,0.05731315910132966
no.ef,no.medisin,567,1038,87,0.05731225296442688
no.news.diverse,no.radio_tv,1892,583,134,0.05724049551473729
no.alt.mat.drikke,no.it.emacs,659,394,57,0.0572289156626506
no.radio-tv,no.unix,2075,1435,190,0.0572289156626506
no.kjemi,no.religion,745,1583,126,0.05722070844686648
no.alt.mat.drikke,no.kryptografi,659,359,55,0.05711318795430945
no.alt.god.jul,no.news.diverse,570,1892,133,0.05710605410047231
no.media,no.sport.diverse,734,1507,121,0.05707547169811321
no.alt.diskusjoner,no.mail.drift,2367,430,151,0.057067271352985637
no.ms-windows,no.unix,3235,1435,252,0.057039384336803986
no.kryptografi,no.multimedia,359,1383,94,0.05703883495145631
no.norsk,no.uninett.diverse,1962,262,120,0.057034220532319393
no.sport.diverse,no.vitser,1507,3555,273,0.057005637920233866
no.alt.god.jul,no.alt.radio_tv.irma1000,570,209,42,0.05698778833107191
no.alt.katter,no.lisp,774,302,58,0.05697445972495088
no.biz.diskusjoner,no.jus,431,1851,123,0.05697081982399259
no.biz.nettilbydere,no.org.efn.diskusjon,686,446,61,0.05695611577964519
no.bibsys,no.kryptografi,235,359,32,0.05693950177935943
no.alt.diskusjoner,no.reiser,2367,1050,184,0.05691308382307454
no.ai,no.alt.sjokolade,254,656,49,0.056910569105691054
no.embnet,no.folklore.overtro,260,130,21,0.056910569105691054
no.biz.annonser.data,no.jus,1548,1851,183,0.05690298507462686
no.alt.frustrasjoner,no.news.drift,3039,379,184,0.05689548546691404
no.alkohol,no.tele,1192,2097,177,0.05687660668380463
no.amiga,no.pc,1543,7028,461,0.056843403205918616
no.elektronikk,no.embnet,2250,260,135,0.056842105263157895
no.alt.radio-tv.irma-1000,no.litteratur,309,1532,99,0.05683122847301952
no.alt.frustrasjoner,no.sykkel,3039,1148,225,0.056789500252397776
no.elektronikk,no.mail.drift,2250,430,144,0.056782334384858045
no.bil,no.mac,2153,2742,263,0.05677892918825561
no.alt.tegneserier,no.vitser,1043,3555,247,0.056768558951965066
no.alt.gledesutbrudd,no.elektronikk,1753,2250,215,0.05675818373812038
no.norsk.fagord,no.org.efn.diskusjon,243,446,37,0.05674846625766871
no.alt.frustrasjoner,no.biz.nettilbydere,3039,686,200,0.05673758865248227
no.spill,no.tele,2992,2097,273,0.056686046511627904
no.elektronikk,no.prat.seksualitet,2250,883,168,0.0566610455311973
no.psykologi,no.sources.wanted,584,218,43,0.05665349143610013
no.hobby.diverse,no.net,817,1216,109,0.056652806652806656
no.alt.config,no.norsk,407,1962,127,0.056645851917930416
no.alt.mat,no.multimedia,1286,1383,143,0.05661124307205067
no.embnet,no.eunet.hjelp,260,244,27,0.05660377358490566
no.mail.drift,no.uninett.skole,430,522,51,0.05660377358490566
no.typografi,no.uninett.drift,280,112,21,0.05660377358490566
no.biz.nettilbydere,no.prat.seksualitet,686,883,84,0.05656565656565657
no.alt.god.jul,no.film,570,2587,169,0.056559571619812586
no.marked.jobb,no.musikk,2181,3667,313,0.05654923215898826
no.org.efn.diskusjon,no.prat.narkotika,446,526,52,0.05652173913043478
no.multimedia,no.uninett.diverse,1383,262,88,0.056518946692357096
no.alt.sjokolade,no.uninett.skole,656,522,63,0.05650224215246637
no.alt.frustrasjoner,no.biz.annonser,3039,2197,280,0.05649717514124294
no.alt.sjokolade,no.norsk,656,1962,140,0.05649717514124294
no.alt.gledesutbrudd,no.test,1753,6386,435,0.05646417445482866
no.alt.mat.drikke,no.kjemi,659,745,75,0.056433408577878104
no.hobby.diverse,no.prat.politikk,817,1150,105,0.05639097744360902
no.litteratur,no.news.drift,1532,379,102,0.05638474295190713
no.biz.annonser,no.radio-tv,2197,2075,228,0.05637982195845697
no.hobby.diverse,no.sport.diverse,817,1507,124,0.056363636363636366
no.alt.arkiv,no.sources.list,199,101,16,0.056338028169014086
no.biz.diskusjoner,no.eunet.hjelp,431,244,36,0.056338028169014086
no.kryptografi,no.news.diverse,359,1892,120,0.05631159080244017
no.alt.god.jul,no.radio-tv,570,2075,141,0.056309904153354635
no.alt.gledesutbrudd,no.biz.nettilbydere,1753,686,130,0.056301429190125596
no.psykologi,no.standard,584,129,38,0.056296296296296296
no.havforskning,no.vr,397,166,30,0.05628517823639775
no.biz.nettilbydere,no.unix,686,1435,113,0.05627490039840637
no.uninett.drift,no.x,112,301,22,0.056265984654731455
no.kjemi,no.musikk,745,3667,235,0.056260474024419437
no.alt.diskusjoner,no.it.emacs,2367,394,147,0.056235654169854626
no.prat.politikk,no.pressemeldinger,1150,334,79,0.056227758007117434
no.sources.wanted,no.stortinget,218,665,47,0.056220095693779906
no.alt.sjokolade,no.marked.jobb,656,2181,151,0.056217423678332094
no.student.nett,no.uninett.diverse,452,262,38,0.05621301775147929
no.alkohol,no.bil,1192,2153,178,0.05620461004104831
no.alt.mat.drikke,no.biz.diskusjoner,659,431,58,0.0562015503875969
no.ef,no.vr,567,166,39,0.056195965417867436
no.tegnsett,no.uninett.skole,249,522,41,0.056164383561643834
no.musikk,no.sport.diverse,3667,1507,275,0.056133904878546644
no.ef,no.typografi,567,280,45,0.05610972568578554
no.standard,no.telepost,129,417,29,0.05609284332688588
no.alt.gledesutbrudd,no.musikk.gitar,1753,1148,154,0.056061157626501636
no.nuug,no.stortinget,164,665,44,0.05605095541401274
no.lisp,no.student.nett,302,452,40,0.056022408963585436
no.biz.nettilbydere,no.folklore.edb,686,219,48,0.056009334889148193
no.it.diverse,no.media,605,734,71,0.055993690851735015
no.c,no.vit.diverse,1036,473,80,0.05598320503848846
no.jus,no.radio_tv,1851,583,129,0.05596529284164859
no.alt.arkiv,no.bibsys,199,235,23,0.05596107055961071
no.alkohol,no.sport.diverse,1192,1507,143,0.05594679186228482
no.it.diverse,no.linux,605,3019,192,0.055944055944055944
no.irc,no.kryptografi,1472,359,97,0.05594002306805075
no.alt.arkiv,no.kjemi,199,745,50,0.05592841163310962
no.litteratur,no.prat.narkotika,1532,526,109,0.055926115956900974
no.alt.arkiv,no.eunet.diverse,199,141,18,0.055900621118012424
no.mail.drift,no.tungregning,430,118,29,0.055876685934489405
no.biz.nettilbydere,no.bolig,686,978,88,0.05583756345177665
no.alt.mat,no.news.drift,1286,379,88,0.05580215599239061
no.it.diverse,no.news.drift,605,379,52,0.055793991416309016
no.biz.annonser,no.mac,2197,2742,261,0.05579307396323215
no.audio,no.kjemi,2492,745,171,0.05577299412915851
no.prat.politikk,no.prat.ufo,1150,327,78,0.05575411007862759
no.alt.katter,no.alt.motorsykler,774,1688,130,0.05574614065180103
no.kjemi,no.unix,745,1435,115,0.05569007263922518
no.alt.radio-tv.irma-1000,no.biz.diskusjoner,309,431,39,0.05563480741797432
no.religion,no.spill,1583,2992,241,0.05560682971850484
no.jus,no.uninett.skole,1851,522,125,0.055604982206405695
no.norsk,no.radio_tv,1962,583,134,0.05557859809207798
no.alt.gullkorn,no.svar,7,12,1,0.05555555555555555
no.folklore.overtro,no.pressemeldinger.diskusjon,130,79,11,0.05555555555555555
no.irc,no.marked,1472,8430,521,0.055537789148278435
no.alt.arkiv,no.alt.diskusjoner,199,2367,135,0.05553270259152612
no.audio,no.hobby.diverse,2492,817,174,0.05550239234449761
no.media,no.student.samfund,734,255,52,0.05549626467449306
no.alt.tegneserier,no.mac,1043,2742,199,0.05549358616843279
no.biz.nettilbydere,no.hobby.diverse,686,817,79,0.05547752808988764
no.jus,no.uninett.diverse,1851,262,111,0.05544455544455545
no.alt.sjokolade,no.musikk,656,3667,227,0.055419921875
no.alt.irc-treff,no.alt.mat,296,1286,83,0.05537024683122081
no.alt.sjokolade,no.psykologi,656,584,65,0.05531914893617021
no.it.emacs,no.uninett.skole,394,522,48,0.055299539170506916
no.alt.config,no.it.diverse,407,605,53,0.05526590198123045
no.elektronikk,no.litteratur,2250,1532,198,0.05524553571428571
no.religion,no.unix,1583,1435,158,0.05524475524475524
no.it.diverse,no.org.efn.diskusjon,605,446,55,0.055220883534136546
no.linux,no.vitser,3019,3555,344,0.05521669341894061
no.news.drift,no.tungregning,379,118,26,0.055201698513800426
no.alt.tegneserier,no.spill,1043,2992,211,0.05517782426778243
no.hobby.diverse,no.medisin,817,1038,97,0.055176336746302616
no.prat.politikk,no.reiser,1150,1050,115,0.05515587529976019
no.bolig,no.mail.diverse,978,993,103,0.05513918629550321
no.kryptografi,no.medisin,359,1038,73,0.05513595166163142
no.org.efn.diskusjon,no.vit.diverse,446,473,48,0.05510907003444317
no.ai,no.standard,254,129,20,0.05509641873278237
no.hobby.diverse,no.radio-tv,817,2075,151,0.05508938343670193
no.film,no.musikk.gitar,2587,1148,195,0.05508474576271186
no.alt.sjokolade,no.news.drift,656,379,54,0.05504587155963303
no.stortinget,no.tele,665,2097,144,0.05500381970970206
no.alkohol,no.alt.motorsykler,1192,1688,150,0.054945054945054944
no.embnet,no.uninett.hjelp,260,124,20,0.054945054945054944
no.folklore.overtro,no.media,130,734,45,0.054945054945054944
no.tex,no.uninett.diverse,218,262,25,0.054945054945054944
no.org.efn.diskusjon,no.www,446,3452,203,0.05493910690121786
no.irc,no.radio_tv,1472,583,107,0.054928131416837785
no.alt.gledesutbrudd,no.audio,1753,2492,221,0.05492047713717694
no.alt.arkiv,no.uninett.diverse,199,262,24,0.05491990846681922
no.kryptografi,no.tex,359,218,30,0.054844606946983544
no.ef,no.nuug,567,164,38,0.05483405483405483
no.alt.radio-tv.irma-1000,no.elektronikk,309,2250,133,0.05482275350370981
no.eunet.diverse,no.telepost,141,417,29,0.054820415879017016
no.alt.god.jul,no.biz.diskusjoner,570,431,52,0.0547945205479452
no.folklore.overtro,no.student.samfund,130,255,20,0.0547945205479452
no.kjemi,no.prat.narkotika,745,526,66,0.054771784232365145
no.alt.mat.drikke,no.bolig,659,978,85,0.0547680412371134
no.hobby.diverse,no.uninett.diverse,817,262,56,0.05474095796676442
no.embnet,no.stortinget,260,665,48,0.05473204104903079
no.film,no.tele,2587,2097,243,0.05471740598964197
no.hobby.diverse,no.kjemi,817,745,81,0.054692775151924375
no.eunet.diverse,no.standard,141,129,14,0.0546875
no.radio-tv,no.sykkel,2075,1148,167,0.05464659685863874
no.net,no.uninett.skole,1216,522,90,0.05461165048543689
no.jus,no.skole.diverse,1851,563,125,0.054608999563128
no.biz.nettilbydere,no.ms-windows,686,3235,203,0.054599246906939215
no.alt.sjokolade,no.vitser,656,3555,218,0.054595542198847984
no.uninett.hjelp,no.x,124,301,22,0.05459057071960298
no.norsk.fagord,no.stortinget,243,665,47,0.0545876887340302
no.telepost,no.uninett.hjelp,417,124,28,0.05458089668615984
no.elektronikk,no.lisp,2250,302,132,0.05454545454545454
no.folklore.overtro,no.tex,130,218,18,0.05454545454545454
no.news.drift,no.speider,379,491,45,0.05454545454545454
no.biz.nettilbydere,no.havforskning,686,397,56,0.054527750730282376
no.uninett.diverse,no.vit.diverse,262,473,38,0.054519368723098996
no.alt.tegneserier,no.linux,1043,3019,210,0.05451713395638629
no.embnet,no.x,260,301,29,0.05451127819548872
no.alt.god.jul,no.uninett.diverse,570,262,43,0.05449936628643853
no.org.isoc-no,no.sources.wanted,53,218,14,0.054474708171206226
no.havforskning,no.uninett.katalog,397,68,24,0.05442176870748299
no.speider,no.standard,491,129,32,0.05442176870748299
no.mail.diverse,no.sport.diverse,993,1507,129,0.05440742302825812
no.havforskning,no.kryptografi,397,359,39,0.05439330543933055
no.alt.mat.drikke,no.org.efn.diskusjon,659,446,57,0.05438931297709924
no.alt.mat.drikke,no.unix,659,1435,108,0.054380664652567974
no.alt.diskusjoner,no.uninett.skole,2367,522,149,0.05437956204379562
no.alt.fan.de-lillos,no.alt.radio-tv.irma-1000,176,309,25,0.05434782608695652
no.news.diverse,no.x,1892,301,113,0.05432692307692308
no.musikk,no.tele,3667,2097,297,0.05432595573440644
no.ai,no.alt.diskusjoner,254,2367,135,0.05430410297666935
no.bil,no.sykkel,2153,1148,170,0.05429575215586075
no.mail.diverse,no.marked,993,8430,485,0.054262698590288656
no.marked.jobb,no.media,2181,734,150,0.054249547920433995
no.audio,no.media,2492,734,166,0.0542483660130719
no.mac,no.tele,2742,2097,249,0.0542483660130719
no.news.drift,no.uninett.katalog,379,68,23,0.054245283018867926
no.alt.arkiv,no.uninett.drift,199,112,16,0.05423728813559322
no.biz,no.ef,55,567,32,0.05423728813559322
no.bil,no.linux,2153,3019,266,0.05421932327761924
no.alt.motorsykler,no.jus,1688,1851,182,0.05421507298182902
no.alt.radio-tv.irma-1000,no.audio,309,2492,144,0.054196462175385776
no.speider,no.uninett.drift,491,112,31,0.05419580419580419
no.audio,no.marked.bil,2492,1423,201,0.05411954765751212
no.audio,no.bibsys,2492,235,140,0.05411673753382296
no.bil,no.lisp,2153,302,126,0.054100472305710606
no.alt.mat.drikke,no.biz.nettilbydere,659,686,69,0.054075235109717866
no.kryptografi,no.litteratur,359,1532,97,0.05406911928651059
no.alt.mat,no.musikk,1286,3667,254,0.05405405405405406
no.org.dnd,no.org.nobug.diverse,66,90,8,0.05405405405405406
no.psykologi,no.tungregning,584,118,36,0.05405405405405406
no.alkohol,no.radio_tv,1192,583,91,0.054038004750593824
no.mail.drift,no.prat.politikk,430,1150,81,0.054036024016010674
no.pressemeldinger,no.radio_tv,334,583,47,0.054022988505747126
no.biz.annonser.data,no.linux,1548,3019,234,0.05400415416570505
no.linux,no.radio-tv,3019,2075,261,0.054003724394785846
no.kryptografi,no.standard,359,129,25,0.05399568034557235
no.medisin,no.skole.diverse,1038,563,82,0.053982883475971036
no.alt.irc-treff,no.org.efn.diskusjon,296,446,38,0.05397727272727273
no.biz.annonser,no.linux,2197,3019,267,0.05395029298848252
no.alt.god.jul,no.prat.politikk,570,1150,88,0.05392156862745098
no.biz.annonser,no.marked.bolig,2197,892,158,0.053906516547253494
no.marked.jobb,no.ms-windows,2181,3235,277,0.053901537264059156
no.religion,no.sport.diverse,1583,1507,158,0.0538881309686221
no.musikk,no.test,3667,6386,514,0.05388405493238285
no.litteratur,no.vitser,1532,3555,260,0.05386368344727574
no.ai,no.biz.diskusjoner,254,431,35,0.05384615384615385
no.alt.gledesutbrudd,no.lisp,1753,302,105,0.05384615384615385
no.mail.drift,no.student.samfund,430,255,35,0.05384615384615385
no.religion,no.tele,1583,2097,188,0.053837342497136315
no.embnet,no.uninett.drift,260,112,19,0.053824362606232294
no.ef,no.prat.seksualitet,567,883,74,0.05377906976744186
no.alt.pompelog,no.tegnsett,143,249,20,0.053763440860215055
no.folklore.overtro,no.org.dnd,130,66,10,0.053763440860215055
no.medisin,no.student.nett,1038,452,76,0.05374823196605375
no.c,no.folklore.edb,1036,219,64,0.05373635600335852
no.irc,no.medisin,1472,1038,128,0.05373635600335852
no.biz.annonser.data,no.irc,1548,1472,154,0.05373342637822749
no.kryptografi,no.tegnsett,359,249,31,0.053726169844020795
no.alt.diskusjoner,no.lisp,2367,302,136,0.053691275167785234
no.stortinget,no.unix,665,1435,107,0.05368790767686904
no.alt.flame,no.norsk,2514,1962,228,0.05367231638418079
no.alkohol,no.news.drift,1192,379,80,0.05365526492287056
no.kryptografi,no.linux,359,3019,172,0.053649407361197755
no.news.diverse,no.tegnsett,1892,249,109,0.05364173228346457
no.ai,no.alt.irc-treff,254,296,28,0.05363984674329502
no.bolig,no.havforskning,978,397,70,0.05363984674329502
no.speider,no.tungregning,491,118,31,0.05363321799307959
no.alkohol,no.elektronikk,1192,2250,175,0.053565962656871746
no.alt.diskusjoner,no.perl,2367,564,149,0.053558590941768514
no.eunet.diverse,no.mail.drift,141,430,29,0.05350553505535055
no.c,no.radio-tv,1036,2075,158,0.05350491026075178
no.it.diverse,no.uninett.diverse,605,262,44,0.053462940461725394
no.elektronikk,no.unix,2250,1435,187,0.05345911949685535
no.alt.katter,no.stortinget,774,665,73,0.053440702781844804
no.film,no.unix,2587,1435,204,0.0534311157674175
no.medisin,no.tele,1038,2097,159,0.05342741935483871
no.vit.diverse,no.www,473,3452,199,0.05340848094471283
no.net,no.sport.diverse,1216,1507,138,0.053384912959381046
no.bibsys,no.film,235,2587,143,0.05337812616648003
no.norsk,no.tegnsett,1962,249,112,0.0533587422582182
no.alt.mat.drikke,no.prat.narkotika,659,526,60,0.05333333333333334
no.alt.tegneserier,no.prat.politikk,1043,1150,111,0.053314121037463975
no.linux,no.x,3019,301,168,0.0532994923857868
no.irc,no.perl,1472,564,103,0.05328504914640455
no.ai,no.kryptografi,254,359,31,0.05326460481099656
no.irc,no.it.diverse,1472,605,105,0.053245436105476676
no.mail.drift,no.uninett.hjelp,430,124,28,0.053231939163498096
no.prat.politikk,no.student.samfund,1150,255,71,0.05322338830584707
no.marked.jobb,no.tele,2181,2097,216,0.053175775480059084
no.kryptografi,no.vit.diverse,359,473,42,0.053164556962025315
no.typografi,no.vit.diverse,280,473,38,0.05314685314685315
no.audio,no.litteratur,2492,1532,203,0.0531274535461921
no.hobby.diverse,no.tele,817,2097,147,0.05312612938200217
no.folklore.edb,no.tungregning,219,118,17,0.053125
no.audio,no.vitser,2492,3555,305,0.053117380703587604
no.alt.gledesutbrudd,no.alt.pompel-og-pilt,1753,329,105,0.05311077389984825
no.norsk,no.test,1962,6386,421,0.053109625331146715
no.alt.tegneserier,no.psykologi,1043,584,82,0.05307443365695793
no.ai,no.c,254,1036,65,0.053061224489795916
no.alt.mat,no.alt.pompelog,1286,143,72,0.05305821665438467
no.alt.pompel-og-pilt,no.psykologi,329,584,46,0.0530565167243368
no.film,no.mail.drift,2587,430,152,0.05305410122164049
no.standard,no.stortinget,129,665,40,0.05305039787798409
no.litteratur,no.vit.diverse,1532,473,101,0.05304621848739496
no.it.diverse,no.kjemi,605,745,68,0.0530421216848674
no.lisp,no.norsk,302,1962,114,0.053023255813953486
no.alt.arkiv,no.mail.diverse,199,993,60,0.053003533568904596
no.mail.drift,no.vr,430,166,30,0.053003533568904596
no.marked.jobb,no.medisin,2181,1038,162,0.05299313052011776
no.alt.pompel-og-pilt,no.org.efn.diskusjon,329,446,39,0.05298913043478261
no.biz.annonser.data,no.film,1548,2587,208,0.05296664120193532
no.alt.mat,no.radio_tv,1286,583,94,0.05295774647887324
no.lisp,no.prat.politikk,302,1150,73,0.05293691080493111
no.audio,no.musikk.gitar,2492,1148,183,0.052936071738501594
no.alkohol,no.unix,1192,1435,132,0.05290581162324649
no.media,no.x,734,301,52,0.052899287894201424
no.norsk,no.prat.narkotika,1962,526,125,0.05289885738468049
no.alt.arkiv,no.alt.gledesutbrudd,199,1753,98,0.05285868392664509
no.alt.frustrasjoner,no.amiga,3039,1543,230,0.05284926470588235
no.film,no.lisp,2587,302,145,0.05284256559766764
no.alkohol,no.alt.pompelog,1192,143,67,0.0528391167192429
no.pressemeldinger,no.www,334,3452,190,0.052836484983314794
no.news.diverse,no.typografi,1892,280,109,0.052835676199709164
no.alt.irc-treff,no.uninett.diverse,296,262,28,0.052830188679245285
no.alt.pompel-og-pilt,no.tegnsett,329,249,29,0.052823315118397086
no.alt.flame,no.jus,2514,1851,219,0.052821997105643996
no.biz.diskusjoner,no.marked.jobb,431,2181,131,0.05280128980249899
no.org.nobug.diverse,no.tegnsett,90,249,17,0.052795031055900624
no.telepost,no.x,417,301,36,0.05278592375366569
no.norsk,no.reiser,1962,1050,151,0.05277874868926949
no.student.samfund,no.uninett.hjelp,255,124,19,0.05277777777777778
no.mail.diverse,no.skole.diverse,993,563,78,0.05277401894451962
no.bibsys,no.nuug,235,164,20,0.052770448548812667
no.amiga,no.film,1543,2587,207,0.05276574050471578
no.linux,no.media,3019,734,188,0.05273492286115007
no.alt.gledesutbrudd,no.marked,1753,8430,510,0.05272407732864675
no.uninett.skole,no.unix,522,1435,98,0.052716514254975796
no.alt.katter,no.religion,774,1583,118,0.052702099151406875
no.mac,no.radio-tv,2742,2075,241,0.05266608391608392
no.net,no.radio_tv,1216,583,90,0.0526623756582797
no.marked.bil,no.ms-windows,1423,3235,233,0.05265536723163842
no.bibsys,no.stortinget,235,665,45,0.05263157894736842
no.hobby.diverse,no.skole.diverse,817,563,69,0.05263157894736842
no.alt.flame,no.prat.politikk,2514,1150,183,0.052571100258546395
no.alt.katter,no.bil,774,2153,146,0.05249910104279036
no.bolig,no.elektronikk,978,2250,161,0.05249429409846756
no.it.diverse,no.norsk,605,1962,128,0.05248052480524805
no.alt.config,no.bibsys,407,235,32,0.05245901639344262
no.audio,no.havforskning,2492,397,144,0.05245901639344262
no.alt.tegneserier,no.eunet.diverse,1043,141,59,0.052444444444444446
no.medisin,no.radio-tv,1038,2075,155,0.05240027045300879
no.marked.jobb,no.unix,2181,1435,180,0.05238649592549476
no.biz.annonser,no.norsk,2197,1962,207,0.05237854251012146
no.mac,no.media,2742,734,173,0.052376627308507416
no.biz.nettilbydere,no.news.drift,686,379,53,0.05237154150197629
no.embnet,no.psykologi,260,584,42,0.05236907730673317
no.irc,no.telepost,1472,417,94,0.05236768802228412
no.media,no.student.nett,734,452,59,0.05235137533274179
no.litteratur,no.spill,1532,2992,225,0.052337752965806
no.alt.mat,no.psykologi,1286,584,93,0.05233539673607203
no.perl,no.uninett.skole,564,522,54,0.05232558139534884
no.alt.mat.drikke,no.tele,659,2097,137,0.05231004200076365
no.ai,no.mail.drift,254,430,34,0.052307692307692305
no.kryptografi,no.prat.politikk,359,1150,75,0.05230125523012552
no.ai,no.uninett.katalog,254,68,16,0.05228758169934641
no.litteratur,no.prat.seksualitet,1532,883,120,0.05228758169934641
no.hobby.diverse,no.norsk,817,1962,138,0.052252934494509656
no.alt.frustrasjoner,no.prat.narkotika,3039,526,177,0.052243211334120424
no.mac,no.musikk.gitar,2742,1148,193,0.052204490127130104
no.alt.arkiv,no.org.efn.diskusjon,199,446,32,0.052202283849918436
no.alt.config,no.kryptografi,407,359,38,0.0521978021978022
no.perl,no.tele,564,2097,132,0.05219454329774614
no.alt.mat.drikke,no.mail.drift,659,430,54,0.05217391304347826
no.film,no.sport.diverse,2587,1507,203,0.052171678231817016
no.nuug,no.uninett.skole,164,522,34,0.05214723926380368
no.musikk.gitar,no.nuug,1148,164,65,0.052125100240577385
no.alt.arkiv,no.uninett.hjelp,199,124,16,0.05211726384364821
no.alt.tegneserier,no.tegnsett,1043,249,64,0.05211726384364821
no.alt.mat,no.mail.drift,1286,430,85,0.05211526670754139
no.lisp,no.prat.narkotika,302,526,41,0.052096569250317665
no.biz.annonser,no.c,2197,1036,160,0.05206638464041653
no.ms-windows,no.prat.politikk,3235,1150,217,0.05206333973128599
no.folklore.edb,no.net,219,1216,71,0.05205278592375367
no.c,no.tele,1036,2097,155,0.052048354600402955
no.marked.diskusjon,no.news.drift,187,379,28,0.05204460966542751
no.bibsys,no.standard,235,129,18,0.05202312138728324
no.student.samfund,no.vit.diverse,255,473,36,0.05202312138728324
no.mail.diverse,no.spill,993,2992,197,0.052006335797254485
no.alt.mat,no.bil,1286,2153,170,0.05200367084735393
no.audio,no.marked.jobb,2492,2181,231,0.0520036019810896
no.amiga,no.irc,1543,1472,149,0.05198883461270063
no.alt.mat,no.sport.diverse,1286,1507,138,0.0519774011299435
no.eunet.diverse,no.org.efn.diskusjon,141,446,29,0.05197132616487455
no.biz.annonser.data,no.video,1548,942,123,0.051964512040557666
no.audio,no.norsk,2492,1962,220,0.051960321209258385
no.alt.amiga,no.alt.pompelog,343,143,24,0.05194805194805195
no.alt.katter,no.uninett.skole,774,522,64,0.05194805194805195
no.jus,no.telepost,1851,417,112,0.05194805194805195
no.kjemi,no.speider,745,491,61,0.05191489361702128
no.linux,no.org.efn.diskusjon,3019,446,171,0.05191256830601093
no.c,no.musikk,1036,3667,232,0.05188995750391411
no.biz.diskusjoner,no.kjemi,431,745,58,0.0518783542039356
no.biz.diskusjoner,no.uninett.skole,431,522,47,0.05187637969094923
no.folklore.edb,no.media,219,734,47,0.05187637969094923
no.alt.mat.drikke,no.film,659,2587,160,0.05184705119896306
no.alt.config,no.religion,407,1583,98,0.05179704016913319
no.alt.katter,no.prat.narkotika,774,526,64,0.05177993527508091
no.biz.diskusjoner,no.folklore.edb,431,219,32,0.05177993527508091
no.alt.diskusjoner,no.musikk.gitar,2367,1148,173,0.051765409934171155
no.alt.irc-treff,no.alt.mat.drikke,296,659,47,0.051762114537444934
no.musikk.gitar,no.norsk,1148,1962,153,0.051741630030436254
no.test,no.vitser,6386,3555,489,0.05173508252221752
no.alt.pompelog,no.sources.list,143,101,12,0.05172413793103448
no.standard,no.uninett.skole,129,522,32,0.051696284329563816
no.lisp,no.vr,302,166,23,0.051685393258426963
no.alt.mat.drikke,no.news.drift,659,379,51,0.05167173252279635
no.bolig,no.news.diverse,978,1892,141,0.05166727739098571
no.havforskning,no.uninett.drift,397,112,25,0.05165289256198347
no.alt.arkiv,no.alt.tegneserier,199,1043,61,0.05165114309906858
no.alt.arkiv,no.tegnsett,199,249,22,0.051643192488262914
no.news.drift,no.pressemeldinger,379,334,35,0.051622418879056046
no.biz.diskusjoner,no.news.diverse,431,1892,114,0.05160706201901313
no.alt.tegneserier,no.biz.annonser,1043,2197,159,0.05160662122687439
no.ai,no.kjemi,254,745,49,0.05157894736842105
no.student.samfund,no.uninett.drift,255,112,18,0.05157593123209169
no.litteratur,no.sport.diverse,1532,1507,149,0.051557093425605535
no.alt.motorsykler,no.elektronikk,1688,2250,193,0.051535380507343125
no.litteratur,no.marked,1532,8430,488,0.051509394131306736
no.alt.katter,no.biz.diskusjoner,774,431,59,0.05148342059336824
no.alt.gledesutbrudd,no.sykkel,1753,1148,142,0.05146792316056542
no.amiga,no.marked,1543,8430,488,0.05144965735371639
no.biz.diskusjoner,no.media,431,734,57,0.05144404332129964
no.media,no.video,734,942,82,0.05144291091593475
no.alt.pompel-og-pilt,no.audio,329,2492,138,0.05143496086470369
no.c,no.spill,1036,2992,197,0.05142260506395197
no.alt.irc-treff,no.news.drift,296,379,33,0.0514018691588785
no.alt.pompelog,no.nuug,143,164,15,0.05136986301369863
no.alt.irc-treff,no.kryptografi,296,359,32,0.051364365971107544
no.alt.diskusjoner,no.telepost,2367,417,136,0.0513595166163142
no.biz.annonser,no.ef,2197,567,135,0.051350323316850514
no.ai,no.alt.fan.de-lillos,254,176,21,0.05134474327628362
no.media,no.tegnsett,734,249,48,0.051336898395721926
no.alt.diskusjoner,no.alt.irc-treff,2367,296,130,0.051322542439794706
no.bil,no.spill,2153,2992,251,0.05128729055986923
no.film,no.ms-windows,2587,3235,284,0.05128205128205128
no.alt.mat,no.alt.motorsykler,1286,1688,145,0.0512548603746907
no.ai,no.alt.mat,254,1286,75,0.051194539249146756
no.alt.pompel-og-pilt,no.nuug,329,164,24,0.0511727078891258
no.prat.seksualitet,no.tele,883,2097,145,0.05114638447971781
no.alt.arkiv,no.folklore.overtro,199,130,16,0.051118210862619806
no.alt.radio-tv.irma-1000,no.nuug,309,164,23,0.051111111111111114
no.alt.katter,no.c,774,1036,88,0.05110336817653891
no.bil,no.biz.nettilbydere,2153,686,138,0.05109218807848945
no.mac,no.unix,2742,1435,203,0.05108203321590337
no.telepost,no.tungregning,417,118,26,0.05108055009823183
no.audio,no.mail.drift,2492,430,142,0.05107913669064748
no.biz,no.biz.nettilbydere,55,686,36,0.05106382978723404
no.biz.nettilbydere,no.lisp,686,302,48,0.05106382978723404
no.alt.katter,no.medisin,774,1038,88,0.05104408352668213
no.alt.katter,no.kryptografi,774,359,55,0.05102040816326531
no.alt.tegneserier,no.news.drift,1043,379,69,0.050997782705099776
no.radio_tv,no.uninett.diverse,583,262,41,0.05099502487562189
no.alt.gledesutbrudd,no.ms-windows,1753,3235,242,0.05099030762747577
no.alt.config,no.havforskning,407,397,39,0.050980392156862744
no.kryptografi,no.media,359,734,53,0.05096153846153846
no.alt.pompel-og-pilt,no.elektronikk,329,2250,125,0.05093724531377343
no.alt.arkiv,no.student.samfund,199,255,22,0.05092592592592592
no.mail.diverse,no.student.nett,993,452,70,0.05090909090909091
no.alt.config,no.uninett.skole,407,522,45,0.05090497737556561
no.bolig,no.lisp,978,302,62,0.05090311986863711
no.folklore.overtro,no.prat.politikk,130,1150,62,0.05090311986863711
no.alt.mat.drikke,no.www,659,3452,199,0.05086912065439673
no.alt.sjokolade,no.medisin,656,1038,82,0.05086848635235732
no.marked.jobb,no.musikk.gitar,2181,1148,161,0.05082070707070707
no.elektronikk,no.havforskning,2250,397,128,0.05081381500595474
no.alt.irc-treff,no.prat.seksualitet,296,883,57,0.05080213903743316
no.amiga,no.ef,1543,567,102,0.05079681274900399
no.irc,no.vit.diverse,1472,473,94,0.050783360345759046
no.general,no.medisin,7075,1038,392,0.050770625566636446
no.speider,no.uninett.katalog,491,68,27,0.05075187969924812
no.alt.mat.drikke,no.havforskning,659,397,51,0.050746268656716415
no.it.emacs,no.litteratur,394,1532,93,0.05073649754500818
no.havforskning,no.vit.diverse,397,473,42,0.050724637681159424
no.alt.mat.drikke,no.it.diverse,659,605,61,0.05070656691604322
no.amiga,no.www,1543,3452,241,0.050694152292806056
no.alt.frustrasjoner,no.musikk.gitar,3039,1148,202,0.0506900878293601
no.eunet.drift,no.org.efn.diskusjon,135,446,28,0.05063291139240506
no.it.emacs,no.medisin,394,1038,69,0.05062362435803375
no.psykologi,no.sources.list,584,101,33,0.05061349693251534
no.bil,no.hobby.diverse,2153,817,143,0.05058365758754864
no.kjemi,no.uninett.skole,745,522,61,0.0505804311774461
no.litteratur,no.pc,1532,7028,412,0.050564555719194895
no.tele,no.telepost,2097,417,121,0.05056414542415378
no.alt.diskusjoner,no.havforskning,2367,397,133,0.05055112124667427
no.alt.mat,no.pc,1286,7028,400,0.05054334091483447
no.alt.config,no.prat.seksualitet,407,883,62,0.050488599348534204
no.alkohol,no.audio,1192,2492,177,0.0504704875962361
no.alkohol,no.mac,1192,2742,189,0.05046728971962617
no.marked.jobb,no.norsk,2181,1962,199,0.050456389452332655
no.litteratur,no.reiser,1532,1050,124,0.05044751830756713
no.alt.tegneserier,no.unix,1043,1435,119,0.050445103857566766
no.alt.frustrasjoner,no.perl,3039,564,173,0.05043731778425656
no.bil,no.mail.drift,2153,430,124,0.050427002846685644
no.marked.bil,no.marked.jobb,1423,2181,173,0.05042261731273681
no.irc,no.marked.data,1472,7987,454,0.050416435313714605
no.religion,no.uninett.skole,1583,522,101,0.05039920159680639
no.psykologi,no.telepost,584,417,48,0.05036726128016789
no.alt.irc-treff,no.alt.radio-tv.irma-1000,296,309,29,0.050347222222222224
no.mail.diverse,no.typografi,993,280,61,0.05033003300330033
no.hobby.diverse,no.stortinget,817,665,71,0.050318922749822824
no.alt.mat.drikke,no.embnet,659,260,44,0.05028571428571429
no.multimedia,no.religion,1383,1583,142,0.05028328611898017
no.bil,no.norsk,2153,1962,197,0.05028075548749362
no.alt.god.jul,no.elektronikk,570,2250,135,0.05027932960893855
no.org.efn.diskusjon,no.tungregning,446,118,27,0.05027932960893855
no.musikk.gitar,no.vitser,1148,3555,225,0.05024564537740062
no.perl,no.prat.politikk,564,1150,82,0.05024509803921569
no.multimedia,no.perl,1383,564,93,0.05016181229773463
no.radio-tv,no.test,2075,6386,404,0.050142733027181335
no.lisp,no.vit.diverse,302,473,37,0.05013550135501355
no.norsk.fagord,no.tex,243,218,22,0.05011389521640091
no.prat.seksualitet,no.skole.diverse,883,563,69,0.05010893246187364
no.biz.annonser.data,no.prat.seksualitet,1548,883,116,0.05010799136069115
no.ef,no.musikk,567,3667,202,0.05009920634920635
no.c,no.vitser,1036,3555,219,0.05009149130832571
no.marked.bil,no.pc,1423,7028,403,0.05007455268389662
no.mac,no.org.efn.diskusjon,2742,446,152,0.05006587615283267
no.alt.mat,no.alt.pompel-og-pilt,1286,329,77,0.05006501950585176
no.alt.arkiv,no.biz.diskusjoner,199,431,30,0.05
no.alt.god.jul,no.tegnsett,570,249,39,0.05
no.alt.pompelog,no.folklore.overtro,143,130,13,0.05
no.news.diverse,no.pressemeldinger,1892,334,106,0.05
no.tex,no.tungregning,218,118,16,0.05
no.ms-windows,no.mswindow,3235,358,171,0.049970777323202806
no.reiser,no.www,1050,3452,214,0.049906716417910446
no.c,no.psykologi,1036,584,77,0.049902786779001944
no.alt.fan.de-lillos,no.alt.pompel-og-pilt,176,329,24,0.0498960498960499
no.alt.gledesutbrudd,no.hobby.diverse,1753,817,122,0.049836601307189546
no.amiga,no.news.diverse,1543,1892,163,0.049816625916870416
no.prat.politikk,no.uninett.diverse,1150,262,67,0.04981412639405204
no.alkohol,no.vit.diverse,1192,473,79,0.04981084489281211
no.ef,no.standard,567,129,33,0.049773755656108594
no.medisin,no.reiser,1038,1050,99,0.049773755656108594
no.biz.diskusjoner,no.multimedia,431,1383,86,0.04976851851851852
no.it.diverse,no.tex,605,218,39,0.04974489795918367
no.org.efn.diskusjon,no.vr,446,166,29,0.04974271012006861
no.elektronikk,no.musikk.gitar,2250,1148,161,0.049737411183194316
no.eunet.diverse,no.sources.wanted,141,218,17,0.049707602339181284
no.alkohol,no.alt.pompel-og-pilt,1192,329,72,0.049689440993788817
no.news.drift,no.student.samfund,379,255,30,0.04966887417218543
no.perl,no.tex,564,218,37,0.049664429530201344
no.alt.katter,no.uninett.diverse,774,262,49,0.04964539007092199
no.biz.diskusjoner,no.it.diverse,431,605,49,0.04964539007092199
no.telepost,no.uninett.drift,417,112,25,0.0496031746031746
no.musikk,no.unix,3667,1435,241,0.04957827607488171
no.jus,no.test,1851,6386,389,0.04956676860346585
no.alt.amiga,no.amiga,343,1543,89,0.04952698942682248
no.alt.motorsykler,no.marked,1688,8430,477,0.049476195415413336
no.biz.annonser.data,no.bolig,1548,978,119,0.04943913585375987
no.norsk,no.perl,1962,564,119,0.04943913585375987
no.biz.annonser,no.it.diverse,2197,605,132,0.04943820224719101
no.alt.diskusjoner,no.alt.pompel-og-pilt,2367,329,127,0.04943557804593227
no.ef,no.student.nett,567,452,48,0.04943357363542739
no.marked,no.marked.bolig,8430,892,439,0.04942024090960261
no.alt.pompelog,no.sources.wanted,143,218,17,0.04941860465116279
no.media,no.reiser,734,1050,84,0.04941176470588235
no.alt.config,no.uninett.hjelp,407,124,25,0.04940711462450593
no.psykologi,no.skole.diverse,584,563,54,0.04940530649588289
no.alt.gledesutbrudd,no.uninett.skole,1753,522,107,0.04935424354243542
no.alt.irc-treff,no.prat.politikk,296,1150,68,0.04934687953555878
no.spill,no.video,2992,942,185,0.04934649239797279
no.alt.mat,no.it.emacs,1286,394,79,0.04934415990006246
no.multimedia,no.vitser,1383,3555,232,0.04929876753081173
no.alt.sjokolade,no.www,656,3452,193,0.04929757343550447
no.alt.pompel-og-pilt,no.tungregning,329,118,21,0.04929577464788732
no.biz.annonser,no.sport.diverse,2197,1507,174,0.04929178470254957
no.telepost,no.unix,417,1435,87,0.04929178470254957
no.biz.annonser.data,no.radio-tv,1548,2075,170,0.04923255140457573
no.sport.diverse,no.uninett.diverse,1507,262,83,0.04922894424673784
no.alt.config,no.www,407,3452,181,0.04921152800435019
no.multimedia,no.typografi,1383,280,78,0.04921135646687697
no.folklore.edb,no.news.diverse,219,1892,99,0.04920477137176938
no.musikk,no.video,3667,942,216,0.049169132711131346
no.biz.annonser.data,no.c,1548,1036,121,0.04912708079577751
no.alt.god.jul,no.mac,570,2742,155,0.04909724421919544
no.medisin,no.uninett.skole,1038,522,73,0.04909213180901143
no.havforskning,no.uninett.skole,397,522,43,0.04908675799086758
no.alkohol,no.uninett.diverse,1192,262,68,0.049062049062049064
no.news.drift,no.prat.seksualitet,379,883,59,0.049044056525353284
no.folklore.edb,no.prat.politikk,219,1150,64,0.04904214559386973
no.it.emacs,no.prat.narkotika,394,526,43,0.04903078677309008
no.mac,no.vitser,2742,3555,294,0.04897551224387806
no.kjemi,no.prat.seksualitet,745,883,76,0.04896907216494845
no.alkohol,no.alt.flame,1192,2514,173,0.048966883668270594
no.folklore.edb,no.kjemi,219,745,45,0.04896626768226333
no.amiga,no.unix,1543,1435,139,0.04896090172595984
no.jus,no.tegnsett,1851,249,98,0.04895104895104895
no.multimedia,no.telepost,1383,417,84,0.04895104895104895
no.psykologi,no.vr,584,166,35,0.04895104895104895
no.biz.nettilbydere,no.elektronikk,686,2250,137,0.048946052161486245
no.alt.mat.drikke,no.psykologi,659,584,58,0.048945147679324896
no.ai,no.sources.wanted,254,218,22,0.04888888888888889
no.eunet.drift,no.sources.list,135,101,11,0.04888888888888889
no.embnet,no.student.samfund,260,255,24,0.048879837067209775
no.alt.mat,no.lisp,1286,302,74,0.0488771466314399
no.alt.radio-tv.irma-1000,no.tegnsett,309,249,26,0.04887218045112782
no.prat.seksualitet,no.unix,883,1435,108,0.048868778280542986
no.alt.mat.drikke,no.bil,659,2153,131,0.04886236478925774
no.kryptografi,no.uninett.skole,359,522,41,0.04880952380952381
no.alt.mat.drikke,no.multimedia,659,1383,95,0.04879301489470981
no.alt.gledesutbrudd,no.marked.jobb,1753,2181,183,0.04878699013596374
no.alt.mat,no.spill,1286,2992,199,0.04878646727139005
no.alt.pompel-og-pilt,no.kryptografi,329,359,32,0.04878048780487805
no.kryptografi,no.norsk.fagord,359,243,28,0.04878048780487805
no.marked.diskusjon,no.norsk.fagord,187,243,20,0.04878048780487805
no.sources.wanted,no.student.samfund,218,255,22,0.04878048780487805
no.mail.diverse,no.reiser,993,1050,95,0.048767967145790556
no.alt.config,no.sport.diverse,407,1507,89,0.04876712328767123
no.psykologi,no.student.samfund,584,255,39,0.04875
no.amiga,no.linux,1543,3019,212,0.04873563218390804
no.ai,no.uninett.drift,254,112,17,0.04871060171919771
no.prat.seksualitet,no.sport.diverse,883,1507,111,0.04870557261956999
no.alt.katter,no.embnet,774,260,48,0.0486815415821501
no.alt.frustrasjoner,no.mail.drift,3039,430,161,0.04866989117291415
no.alt.irc-treff,no.alt.pompel-og-pilt,296,329,29,0.04865771812080537
no.film,no.prat.seksualitet,2587,883,161,0.048655182834693264
no.folklore.edb,no.stortinget,219,665,41,0.04863582443653618
no.bolig,no.reiser,978,1050,94,0.04860392967942089
no.biz.diskusjoner,no.folklore.overtro,431,130,26,0.048598130841121495
no.marked.bolig,no.marked.diskusjon,892,187,50,0.04859086491739553
no.psykologi,no.student.nett,584,452,48,0.048582995951417005
no.alt.gledesutbrudd,no.biz.annonser,1753,2197,183,0.048579771701619326
no.it.diverse,no.typografi,605,280,41,0.0485781990521327
no.alt.mat,no.audio,1286,2492,175,0.048570635581459895
no.ai,no.it.emacs,254,394,30,0.04854368932038835
no.biz.nettilbydere,no.it.emacs,686,394,50,0.04854368932038835
no.bibsys,no.folklore.edb,235,219,21,0.04849884526558892
no.irc,no.x,1472,301,82,0.04849201655824956
no.it.diverse,no.pc,605,7028,353,0.04848901098901099
no.alkohol,no.mail.drift,1192,430,75,0.04848093083387201
no.general,no.vit.diverse,7075,473,349,0.04847895541047368
no.alt.sjokolade,no.sport.diverse,656,1507,100,0.048473097430925836
no.alt.pompel-og-pilt,no.marked.jobb,329,2181,116,0.04845446950710108
no.biz.annonser.data,no.musikk,1548,3667,241,0.04845195014073181
no.linux,no.news.drift,3019,379,157,0.0484418389385992
no.musikk.gitar,no.psykologi,1148,584,80,0.048426150121065374
no.alt.god.jul,no.speider,570,491,49,0.04841897233201581
no.alt.mat,no.mac,1286,2742,186,0.048412285268089536
no.audio,no.sykkel,2492,1148,168,0.04838709677419355
no.hobby.diverse,no.ms-windows,817,3235,187,0.048382923673997415
no.irc,no.uninett.skole,1472,522,92,0.048370136698212406
no.film,no.stortinget,2587,665,150,0.048355899419729204
no.biz.nettilbydere,no.kjemi,686,745,66,0.04835164835164835
no.lisp,no.uninett.skole,302,522,38,0.04834605597964377
no.alt.katter,no.havforskning,774,397,54,0.048343777976723366
no.medisin,no.ms-windows,1038,3235,197,0.048331697742885184
no.alt.config,no.prat.narkotika,407,526,43,0.048314606741573035
no.mail.diverse,no.prat.narkotika,993,526,70,0.04830917874396135
no.biz.diskusjoner,no.it.emacs,431,394,38,0.048284625158831
no.bil,no.musikk.gitar,2153,1148,152,0.048269291838678945
no.pressemeldinger,no.stortinget,334,665,46,0.048268625393494226
no.pc,no.sport.diverse,7028,1507,393,0.048268238761974946
no.general,no.kjemi,7075,745,360,0.04825737265415549
no.mac,no.medisin,2742,1038,174,0.048252911813643926
no.alt.mat.drikke,no.general,659,7075,356,0.048251558687991324
no.it.emacs,no.www,394,3452,177,0.0482420278004906
no.bibsys,no.biz.annonser.data,235,1548,82,0.048206937095825984
no.pc,no.religion,7028,1583,396,0.04820450395617772
no.kjemi,no.www,745,3452,193,0.0482017982017982
no.amiga,no.mac,1543,2742,197,0.04818982387475538
no.havforskning,no.linux,397,3019,157,0.048174286590978825
no.multimedia,no.tegnsett,1383,249,75,0.04816955684007707
no.lisp,no.uninett.katalog,302,68,17,0.04815864022662889
no.reiser,no.student.nett,1050,452,69,0.04815073272854152
no.musikk,no.prat.seksualitet,3667,883,209,0.048145588574061274
no.biz.nettilbydere,no.kryptografi,686,359,48,0.048144433299899696
no.alt.radio_tv.irma1000,no.news.drift,209,379,27,0.0481283422459893
no.irc,no.tegnsett,1472,249,79,0.04811205846528624
no.embnet,no.marked.jobb,260,2181,112,0.048089308716187204
no.amiga,no.radio-tv,1543,2075,166,0.04808806488991889
no.bil,no.video,2153,942,142,0.04808669150016932
no.general,no.org.efn.diskusjon,7075,446,345,0.04807692307692308
no.alt.tegneserier,no.tele,1043,2097,144,0.04806408544726302
no.bolig,no.kjemi,978,745,79,0.04805352798053528
no.litteratur,no.unix,1532,1435,136,0.0480395619922289
no.alt.god.jul,no.marked.jobb,570,2181,126,0.048
no.alt.sjokolade,no.folklore.overtro,656,130,36,0.048
no.news.drift,no.prat.politikk,379,1150,70,0.047978067169294036
no.havforskning,no.marked.jobb,397,2181,118,0.04796747967479675
no.alt.pompel-og-pilt,no.folklore.overtro,329,130,21,0.04794520547945205
no.norsk.fagord,no.uninett.skole,243,522,35,0.04794520547945205
no.marked.bil,no.tele,1423,2097,161,0.0479309318249479
no.alt.katter,no.unix,774,1435,101,0.04791271347248577
no.prat.narkotika,no.uninett.diverse,526,262,36,0.047872340425531915
no.hobby.diverse,no.www,817,3452,195,0.04786450662739323
no.alt.katter,no.bolig,774,978,80,0.04784688995215311
no.student.nett,no.tegnsett,452,249,32,0.04783258594917788
no.media,no.spill,734,2992,170,0.047806524184476944
no.mail.diverse,no.marked.bolig,993,892,86,0.04780433574207893
no.alt.config,no.eunet.diverse,407,141,25,0.04780114722753346
no.mail.drift,no.speider,430,491,42,0.04778156996587031
no.marked.diskusjon,no.media,187,734,42,0.04778156996587031
no.biz.nettilbydere,no.perl,686,564,57,0.04777870913663034
no.elektronikk,no.media,2250,734,136,0.047752808988764044
no.folklore.overtro,no.norsk.fagord,130,243,17,0.047752808988764044
no.student.samfund,no.tungregning,255,118,17,0.047752808988764044
no.perl,no.stortinget,564,665,56,0.04774083546462063
no.alt.mat.drikke,no.folklore.edb,659,219,40,0.0477326968973747
no.havforskning,no.mac,397,2742,143,0.04773030707610147
no.norsk.fagord,no.uninett.diverse,243,262,23,0.04771784232365145
no.alt.diskusjoner,no.pressemeldinger,2367,334,123,0.047711404189294024
no.alt.radio-tv.irma-1000,no.uninett.diverse,309,262,26,0.047706422018348627
no.speider,no.uninett.hjelp,491,124,28,0.04770017035775128
no.alt.tegneserier,no.vit.diverse,1043,473,69,0.04768486523842433
no.alt.tegneserier,no.sport.diverse,1043,1507,116,0.047658175842235
no.alt.frustrasjoner,no.reiser,3039,1050,186,0.04765564950038432
no.reiser,no.stortinget,1050,665,78,0.047648136835675016
no.mac,no.prat.politikk,2742,1150,177,0.047644683714670254
no.bibsys,no.elektronikk,235,2250,113,0.047639123102866776
no.alkohol,no.embnet,1192,260,66,0.047619047619047616
no.alt.mat.drikke,no.norsk.fagord,659,243,41,0.047619047619047616
no.bibsys,no.tegnsett,235,249,22,0.047619047619047616
no.c,no.tex,1036,218,57,0.047619047619047616
no.c,no.uninett.diverse,1036,262,59,0.047619047619047616
no.folklore.edb,no.havforskning,219,397,28,0.047619047619047616
no.org.isoc-no,no.pressemeldinger.diskusjon,53,79,6,0.047619047619047616
no.org.nobug.diverse,no.sources.wanted,90,218,14,0.047619047619047616
no.org.nobug.diverse,no.uninett.diverse,90,262,16,0.047619047619047616
no.radio-tv,no.reiser,2075,1050,142,0.04760308414347972
no.c,no.ms-windows,1036,3235,194,0.04758400784890851
no.tele,no.video,2097,942,138,0.047569803516028956
no.bolig,no.marked.bil,978,1423,109,0.047556719022687606
no.kjemi,no.radio-tv,745,2075,128,0.0475482912332838
no.alt.diskusjoner,no.biz.diskusjoner,2367,431,127,0.04754773493073755
no.alt.frustrasjoner,no.hobby.diverse,3039,817,175,0.04754142895952187
no.amiga,no.jus,1543,1851,154,0.047530864197530866
no.alt.gledesutbrudd,no.alt.pompelog,1753,143,86,0.04751381215469613
no.alt.config,no.alt.motorsykler,407,1688,95,0.0475
no.nuug,no.student.samfund,164,255,19,0.0475
no.it.emacs,no.stortinget,394,665,48,0.04747774480712166
no.alt.config,no.student.samfund,407,255,30,0.04746835443037975
no.mail.diverse,no.norsk.fagord,993,243,56,0.04745762711864407
no.bolig,no.irc,978,1472,111,0.04745617785378367
no.bil,no.biz.diskusjoner,2153,431,117,0.047426023510336444
no.alkohol,no.pressemeldinger,1192,334,69,0.04735758407687028
no.alt.mat,no.sykkel,1286,1148,110,0.047332185886402756
no.bolig,no.film,978,2587,161,0.0472972972972973
no.alt.flame,no.irc,2514,1472,180,0.047293746715712036
no.it.diverse,no.radio-tv,605,2075,121,0.047284095349745994
no.tele,no.vit.diverse,2097,473,116,0.04726976365118175
no.alt.radio-tv.irma-1000,no.uninett.katalog,309,68,17,0.04722222222222222
no.havforskning,no.media,397,734,51,0.04722222222222222
no.ai,no.sources.list,254,101,16,0.0471976401179941
no.alkohol,no.marked.jobb,1192,2181,152,0.04719031356721515
no.uninett.skole,no.vr,522,166,31,0.0471841704718417
no.alkohol,no.reiser,1192,1050,101,0.04717421765530126
no.net,no.reiser,1216,1050,102,0.04713493530499076
no.alt.flame,no.alt.mat,2514,1286,171,0.04712041884816754
no.alt.arkiv,no.news.drift,199,379,26,0.04710144927536232
no.speider,no.stortinget,491,665,52,0.04710144927536232
no.norsk,no.telepost,1962,417,107,0.04709507042253521
no.alt.gledesutbrudd,no.reiser,1753,1050,126,0.047067612999626446
no.slekt.programmer,no.sources.list,589,101,31,0.04704097116843703
no.film,no.test,2587,6386,403,0.047024504084014006
no.alt.mat,no.ms-windows,1286,3235,203,0.04701250578971746
no.folklore.overtro,no.it.diverse,130,605,33,0.04700854700854701
no.alt.irc-treff,no.alt.katter,296,774,48,0.046966731898238745
no.bolig,no.marked,978,8430,422,0.04696194079679501
no.alt.katter,no.mail.drift,774,430,54,0.04695652173913043
no.ai,no.alt.gledesutbrudd,254,1753,90,0.046948356807511735
no.alt.god.jul,no.musikk,570,3667,190,0.046948356807511735
no.news.drift,no.tele,379,2097,111,0.04693446088794926
no.org.efn.diskusjon,no.speider,446,491,42,0.04692737430167598
no.prat.politikk,no.sykkel,1150,1148,103,0.0469248291571754
no.film,no.reiser,2587,1050,163,0.04691997697179044
no.nuug,no.prat.ufo,164,327,22,0.046908315565031986
no.tele,no.test,2097,6386,380,0.04689621127977292
no.bibsys,no.x,235,301,24,0.046875
no.org.dnd,no.uninett.katalog,66,68,6,0.046875
no.nuug,no.telepost,164,417,26,0.04684684684684685
no.alkohol,no.telepost,1192,417,72,0.0468445022771633
no.alt.radio_tv.irma1000,no.telepost,209,417,28,0.046822742474916385
no.alt.mat,no.prat.narkotika,1286,526,81,0.04679376083188908
no.unix,no.vitser,1435,3555,223,0.046779945458359555
no.biz.annonser.data,no.marked.bolig,1548,892,109,0.04676104676104676
no.hobby.diverse,no.typografi,817,280,49,0.046755725190839696
no.alt.gledesutbrudd,no.uninett.diverse,1753,262,90,0.046753246753246755
no.eunet.diverse,no.uninett.diverse,141,262,18,0.046753246753246755
no.psykologi,no.speider,584,491,48,0.04673807205452775
no.biz.annonser.data,no.general,1548,7075,385,0.04673464433114834
no.mail.diverse,no.vitser,993,3555,203,0.04672036823935558
no.eunet.hjelp,no.tegnsett,244,249,22,0.04670912951167728
no.multimedia,no.uninett.skole,1383,522,85,0.046703296703296704
no.medisin,no.uninett.diverse,1038,262,58,0.04669887278582931
no.linux,no.medisin,3019,1038,181,0.04669762641898865
no.alt.mat.drikke,no.religion,659,1583,100,0.04668534080298786
no.alt.irc-treff,no.folklore.overtro,296,130,19,0.04668304668304668
no.ef,no.sources.wanted,567,218,35,0.04666666666666667
no.typografi,no.uninett.hjelp,280,124,18,0.046632124352331605
no.bolig,no.tele,978,2097,137,0.046630360789652825
no.biz.nettilbydere,no.radio-tv,686,2075,123,0.0466262319939348
no.speider,no.sport.diverse,491,1507,89,0.046621267679413304
no.alt.diskusjoner,no.bolig,2367,978,149,0.046620775969962454
no.marked.diskusjon,no.uninett.diverse,187,262,20,0.046620046620046623
no.alt.config,no.pressemeldinger,407,334,33,0.046610169491525424
no.alt.mat.drikke,no.uninett.diverse,659,262,41,0.04659090909090909
no.biz.annonser,no.litteratur,2197,1532,166,0.04658995228739826
no.biz.annonser,no.medisin,2197,1038,144,0.046586865092203174
no.havforskning,no.norsk,397,1962,105,0.046583850931677016
no.mac,no.ms-windows,2742,3235,266,0.04657678164944843
no.news.diverse,no.norsk.fagord,1892,243,95,0.04656862745098039
no.marked,no.video,8430,942,417,0.046566164154103855
no.prat.seksualitet,no.reiser,883,1050,86,0.046561992420140766
no.c,no.radio_tv,1036,583,72,0.04654169360051713
no.alt.katter,no.general,774,7075,349,0.046533333333333336
no.alt.gledesutbrudd,no.tegnsett,1753,249,89,0.0465237846314689
no.alt.pompelog,no.havforskning,143,397,24,0.046511627906976744
no.mail.diverse,no.radio_tv,993,583,70,0.04648074369189907
no.irc,no.reiser,1472,1050,112,0.046473029045643155
no.irc,no.uninett.diverse,1472,262,77,0.04646952323476162
no.alt.diskusjoner,no.kryptografi,2367,359,121,0.04644913627639156
no.audio,no.bolig,2492,978,154,0.046441495778045835
no.norsk,no.sykkel,1962,1148,138,0.046433378196500674
no.ef,no.it.diverse,567,605,52,0.04642857142857143
no.c,no.medisin,1036,1038,92,0.04641775983854692
no.folklore.overtro,no.tungregning,130,118,11,0.046413502109704644
no.prat.ufo,no.stortinget,327,665,44,0.046413502109704644
no.alt.config,no.litteratur,407,1532,86,0.04641122504047491
no.folklore.edb,no.irc,219,1472,75,0.04641089108910891
no.media,no.ms-windows,734,3235,176,0.04640126548905879
no.skole.diverse,no.student.nett,563,452,45,0.04639175257731959
no.linux,no.religion,3019,1583,204,0.04638472032742155
no.alt.radio-tv.irma-1000,no.student.samfund,309,255,25,0.04638218923933209
no.amiga,no.general,1543,7075,382,0.046381738708110735
no.student.nett,no.vit.diverse,452,473,41,0.04638009049773756
no.mail.drift,no.skole.diverse,430,563,44,0.04636459430979979
no.alt.god.jul,no.sport.diverse,570,1507,92,0.04634760705289673
no.biz.annonser.data,no.mac,1548,2742,190,0.046341463414634146
no.ai,no.folklore.overtro,254,130,17,0.04632152588555858
no.alt.pompel-og-pilt,no.stortinget,329,665,44,0.04631578947368421
no.alt.katter,no.radio-tv,774,2075,126,0.04627249357326478
no.alt.katter,no.net,774,1216,88,0.046267087276550996
no.alkohol,no.spill,1192,2992,185,0.046261565391347834
no.it.diverse,no.marked.diskusjon,605,187,35,0.046235138705416116
no.alt.pompel-og-pilt,no.sources.list,329,101,19,0.046228710462287104
no.multimedia,no.vit.diverse,1383,473,82,0.046223224351747465
no.mail.drift,no.musikk,430,3667,181,0.04622063329928498
no.alt.radio-tv.irma-1000,no.marked.jobb,309,2181,110,0.046218487394957986
no.alkohol,no.linux,1192,3019,186,0.0462111801242236
no.alt.mat,no.bolig,1286,978,100,0.04621072088724584
no.jus,no.student.samfund,1851,255,93,0.046199701937406856
no.alt.pompel-og-pilt,no.uninett.hjelp,329,124,20,0.046189376443418015
no.alt.radio_tv.irma1000,no.eunet.hjelp,209,244,20,0.046189376443418015
no.amiga,no.bil,1543,2153,163,0.046136427964902346
no.prat.narkotika,no.skole.diverse,526,563,48,0.04610951008645533
no.mail.diverse,no.marked.diskusjon,993,187,52,0.04609929078014184
no.media,no.vitser,734,3555,189,0.046097560975609755
no.alt.god.jul,no.prat.seksualitet,570,883,64,0.04607631389488841
no.c,no.telepost,1036,417,64,0.04607631389488841
no.audio,no.lisp,2492,302,123,0.04605016847622613
no.alt.mat.drikke,no.elektronikk,659,2250,128,0.04602660913340525
no.bolig,no.marked.jobb,978,2181,139,0.04602649006622517
no.prat.ufo,no.religion,327,1583,84,0.04600219058050383
no.biz.annonser.data,no.ef,1548,567,93,0.04599406528189911
no.folklore.edb,no.prat.ufo,219,327,24,0.04597701149425287
no.news.diverse,no.student.nett,1892,452,103,0.04596162427487729
no.alkohol,no.pc,1192,7028,361,0.04593459727700725
no.prat.ufo,no.psykologi,327,584,40,0.045924225028702644
no.alt.radio-tv.irma-1000,no.uninett.hjelp,309,124,19,0.04589371980676329
no.alt.pompel-og-pilt,no.sources.wanted,329,218,24,0.045889101338432124
no.mswindow,no.telepost,358,417,34,0.04588394062078273
no.alt.radio-tv.irma-1000,no.film,309,2587,127,0.04586493318887685
no.perl,no.typografi,564,280,37,0.04584882280049566
no.alt.arkiv,no.vr,199,166,16,0.045845272206303724
no.alt.mat,no.elektronikk,1286,2250,155,0.04584442472641231
no.alt.arkiv,no.net,199,1216,62,0.04582409460458241
no.prat.seksualitet,no.prat.ufo,883,327,53,0.045808124459809856
no.mail.diverse,no.speider,993,491,65,0.04580690627202255
no.prat.narkotika,no.reiser,526,1050,69,0.0457863304578633
no.alt.katter,no.www,774,3452,185,0.045780747339767384
no.alt.tegneserier,no.marked,1043,8430,414,0.045700408433601944
no.prat.politikk,no.spill,1150,2992,181,0.0456955314314567
no.alt.tegneserier,no.amiga,1043,1543,113,0.04569348968863728
no.alt.gledesutbrudd,no.amiga,1753,1543,144,0.04568527918781726
no.hobby.diverse,no.irc,817,1472,100,0.04568296025582458
no.amiga,no.tele,1543,2097,159,0.04567652973283539
no.reiser,no.religion,1050,1583,115,0.04567116759332804
no.alt.radio_tv.irma1000,no.tegnsett,209,249,20,0.045662100456621
no.pc,no.prat.politikk,7028,1150,357,0.04564633678557729
no.film,no.sykkel,2587,1148,163,0.04563269876819709
no.alt.gledesutbrudd,no.marked.data,1753,7987,425,0.045625335480407946
no.bolig,no.multimedia,978,1383,103,0.04561558901682905
no.media,no.musikk.klassisk,734,229,42,0.04560260586319218
no.psykologi,no.unix,584,1435,88,0.04557224236147074
no.media,no.musikk.gitar,734,1148,82,0.04555555555555556
no.amiga,no.biz.diskusjoner,1543,431,86,0.045550847457627115
no.net,no.video,1216,942,94,0.045542635658914726
no.alt.pompelog,no.biz.diskusjoner,143,431,25,0.04553734061930783
no.alt.pompel-og-pilt,no.film,329,2587,127,0.045536034420939404
no.reiser,no.tele,1050,2097,137,0.045514950166112955
no.biz.nettilbydere,no.marked.diskusjon,686,187,38,0.045508982035928146
no.it.emacs,no.religion,394,1583,86,0.04547858276044421
no.elektronikk,no.medisin,2250,1038,143,0.045468998410174884
no.alt.pompel-og-pilt,no.uninett.skole,329,522,37,0.045454545454545456
no.folklore.generelt,no.org.dnd,49,66,5,0.045454545454545456
no.kryptografi,no.psykologi,359,584,41,0.045454545454545456
no.lisp,no.uninett.drift,302,112,18,0.045454545454545456
no.folklore.overtro,no.psykologi,130,584,31,0.04538799414348463
no.news.drift,no.norsk.fagord,379,243,27,0.0453781512605042
no.student.nett,no.uninett.hjelp,452,124,25,0.045372050816696916
no.alt.mat.drikke,no.sport.diverse,659,1507,94,0.045366795366795366
no.alt.katter,no.news.drift,774,379,50,0.04533091568449683
no.uninett.katalog,no.x,68,301,16,0.0453257790368272
no.jus,no.video,1851,942,121,0.045284431137724554
no.ai,no.mail.diverse,254,993,54,0.04526404023470243
no.alt.katter,no.vit.diverse,774,473,54,0.04526404023470243
no.alt.config,no.hobby.diverse,407,817,53,0.04526046114432109
no.biz.annonser,no.vitser,2197,3555,249,0.04524804652007996
no.medisin,no.nuug,1038,164,52,0.04521739130434783
no.mac,no.religion,2742,1583,187,0.045190913484775254
no.marked.jobb,no.radio-tv,2181,2075,184,0.04518664047151277
no.pressemeldinger,no.uninett.skole,334,522,37,0.045177045177045176
no.alt.god.jul,no.religion,570,1583,93,0.04514563106796116
no.spill,no.test,2992,6386,405,0.04513540621865597
no.folklore.generelt,no.org.nobug.diverse,49,90,6,0.045112781954887216
no.student.samfund,no.x,255,301,24,0.045112781954887216
no.alkohol,no.musikk.gitar,1192,1148,101,0.04510942384993301
no.mail.drift,no.marked.bolig,430,892,57,0.045059288537549404
no.alt.config,no.radio-tv,407,2075,107,0.045052631578947365
no.alt.pompel-og-pilt,no.uninett.drift,329,112,19,0.045023696682464455
no.it.emacs,no.prat.seksualitet,394,883,55,0.045008183306055646
no.alt.mat.drikke,no.biz.annonser,659,2197,123,0.04500548847420417
no.jus,no.marked.bil,1851,1423,141,0.045004787743376955
no.multimedia,no.student.nett,1383,452,79,0.044988610478359906
no.it.diverse,no.x,605,301,39,0.04498269896193772
no.org.isoc-no,no.tegnsett,53,249,13,0.04498269896193772
no.amiga,no.media,1543,734,98,0.04497475906379073
no.ai,no.eunet.diverse,254,141,17,0.04497354497354497
no.alt.config,no.eunet.hjelp,407,244,28,0.0449438202247191
no.nuug,no.x,164,301,20,0.0449438202247191
no.alkohol,no.alt.amiga,1192,343,66,0.044928522804629
no.folklore.edb,no.jus,219,1851,89,0.044926804644119134
no.sykkel,no.unix,1148,1435,111,0.044902912621359224
no.lisp,no.religion,302,1583,81,0.04490022172949002
no.c,no.eunet.hjelp,1036,244,55,0.044897959183673466
no.alt.irc-treff,no.news.diverse,296,1892,94,0.044890162368672396
no.lisp,no.marked.diskusjon,302,187,21,0.04487179487179487
no.litteratur,no.uninett.diverse,1532,262,77,0.0448456610366919
no.marked.jobb,no.spill,2181,2992,222,0.04483942637850939
no.alt.config,no.standard,407,129,23,0.04483430799220273
no.org.efn.diskusjon,no.org.nobug.diverse,446,90,23,0.04483430799220273
no.bibsys,no.uninett.katalog,235,68,13,0.04482758620689655
no.mail.diverse,no.marked.data,993,7987,385,0.0447934845840605
no.alt.pompel-og-pilt,no.x,329,301,27,0.04477611940298507
no.alt.radio_tv.irma1000,no.eunet.diverse,209,141,15,0.04477611940298507
no.perl,no.prat.seksualitet,564,883,62,0.044765342960288806
no.alt.mat,no.it.diverse,1286,605,81,0.044751381215469614
no.test,no.unix,6386,1435,335,0.044750200374031525
no.psykologi,no.typografi,584,280,37,0.044740024183796856
no.alt.motorsykler,no.audio,1688,2492,179,0.04473881529617595
no.alt.pompel-og-pilt,no.uninett.katalog,329,68,17,0.04473684210526316
no.havforskning,no.news.diverse,397,1892,98,0.04472843450479233
no.perl,no.telepost,564,417,42,0.04472843450479233
no.alt.pompel-og-pilt,no.student.samfund,329,255,25,0.044722719141323794
no.ef,no.tele,567,2097,114,0.04470588235294118
no.ai,no.perl,254,564,35,0.04469987228607918
no.biz.nettilbydere,no.general,686,7075,332,0.04468972943868623
no.reiser,no.skole.diverse,1050,563,69,0.044689119170984455
no.alt.tegneserier,no.medisin,1043,1038,89,0.04467871485943775
no.folklore.overtro,no.stortinget,130,665,34,0.04467805519053877
no.alt.god.jul,no.www,570,3452,172,0.044675324675324674
no.mail.drift,no.www,430,3452,166,0.044671689989235736
no.folklore.generelt,no.lisp,49,302,15,0.044642857142857144
no.folklore.generelt,no.uninett.katalog,49,68,5,0.044642857142857144
no.elektronikk,no.it.diverse,2250,605,122,0.04463959019392609
no.alt.irc-treff,no.mail.drift,296,430,31,0.04460431654676259
no.ef,no.vitser,567,3555,176,0.044602128737962494
no.folklore.overtro,no.prat.narkotika,130,526,28,0.044585987261146494
no.perl,no.psykologi,564,584,49,0.044585987261146494
no.jus,no.marked.bolig,1851,892,117,0.04455445544554455
no.stortinget,no.vitser,665,3555,180,0.04455445544554455
no.news.drift,no.org.nobug.diverse,379,90,20,0.044543429844097995
no.embnet,no.mac,260,2742,128,0.04453723034098817
no.ef,no.hobby.diverse,567,817,59,0.04452830188679245
no.alt.flame,no.net,2514,1216,159,0.04452534304116494
no.mac,no.news.drift,2742,379,133,0.044511378848728245
no.amiga,no.musikk,1543,3667,222,0.04450681635926223
no.alt.mat,no.marked,1286,8430,414,0.044506557729520536
no.folklore.generelt,no.havforskning,49,397,19,0.04449648711943794
no.typografi,no.vr,280,166,19,0.04449648711943794
no.kjemi,no.sources.wanted,745,218,41,0.044468546637744036
no.hobby.diverse,no.litteratur,817,1532,100,0.044464206313917294
no.biz.nettilbydere,no.pc,686,7028,328,0.044408340102897376
no.alkohol,no.biz.annonser,1192,2197,144,0.044375963020030815
no.alt.sjokolade,no.uninett.diverse,656,262,39,0.04436860068259386
no.linux,no.musikk.gitar,3019,1148,177,0.0443609022556391
no.folklore.overtro,no.standard,130,129,11,0.04435483870967742
no.radio_tv,no.stortinget,583,665,53,0.04435146443514645
no.litteratur,no.nuug,1532,164,72,0.04433497536945813
no.alt.tegneserier,no.it.emacs,1043,394,61,0.04433139534883721
no.speider,no.uninett.skole,491,522,43,0.0443298969072165
no.stortinget,no.x,665,301,41,0.04432432432432432
no.marked.bil,no.net,1423,1216,112,0.0443213296398892
no.biz.nettilbydere,no.skole.diverse,686,563,53,0.04431438127090301
no.marked.diskusjon,no.vit.diverse,187,473,28,0.04430379746835443
no.media,no.prat.ufo,734,327,45,0.04429133858267716
no.alt.gledesutbrudd,no.telepost,1753,417,92,0.04427333974975938
no.hobby.diverse,no.marked,817,8430,392,0.04426877470355731
no.marked,no.musikk.gitar,8430,1148,406,0.04426515481901439
no.hobby.diverse,no.musikk,817,3667,190,0.04424778761061947
no.biz.diskusjoner,no.uninett.drift,431,112,23,0.04423076923076923
no.kryptografi,no.student.samfund,359,255,26,0.04421768707482993
no.alt.motorsykler,no.general,1688,7075,371,0.04420877025738799
no.video,no.www,942,3452,186,0.04420152091254753
no.stortinget,no.typografi,665,280,40,0.04419889502762431
no.alt.diskusjoner,no.video,2367,942,140,0.044177974124329444
no.alt.mat.drikke,no.student.nett,659,452,47,0.044172932330827065
no.alt.frustrasjoner,no.biz.annonser.data,3039,1548,194,0.044161165490553156
no.bolig,no.prat.politikk,978,1150,90,0.04416094210009813
no.irc,no.speider,1472,491,83,0.04414893617021277
no.bibsys,no.folklore.generelt,235,49,12,0.04411764705882353
no.embnet,no.media,260,734,42,0.04411764705882353
no.lisp,no.uninett.hjelp,302,124,18,0.04411764705882353
no.ms-windows,no.prat.seksualitet,3235,883,174,0.04411764705882353
no.prat.narkotika,no.student.samfund,526,255,33,0.04411764705882353
no.alt.katter,no.film,774,2587,142,0.04411307859583722
no.havforskning,no.uninett.hjelp,397,124,22,0.04408817635270541
no.alt.flame,no.religion,2514,1583,173,0.04408766564729868
no.folklore.overtro,no.tegnsett,130,249,16,0.0440771349862259
no.multimedia,no.sport.diverse,1383,1507,122,0.04407514450867052
no.c,no.prat.seksualitet,1036,883,81,0.044069640914037
no.org.isoc-no,no.student.samfund,53,255,13,0.04406779661016949
no.biz.nettilbydere,no.marked.jobb,686,2181,121,0.04406409322651129
no.embnet,no.uninett.skole,260,522,33,0.044058744993324434
no.alt.flame,no.ef,2514,567,130,0.04405286343612335
no.net,no.speider,1216,491,72,0.044036697247706424
no.alt.sjokolade,no.linux,656,3019,155,0.04403409090909091
no.bil,no.reiser,2153,1050,135,0.0440026075619296
no.alt.arkiv,no.psykologi,199,584,33,0.044
no.org.efn.diskusjon,no.prat.seksualitet,446,883,56,0.04399057344854674
no.eunet.hjelp,no.havforskning,244,397,27,0.043973941368078175
no.psykologi,no.radio-tv,584,2075,112,0.04397330192383196
no.news.drift,no.student.nett,379,452,35,0.04396984924623116
no.alkohol,no.alt.radio_tv.irma1000,1192,209,59,0.043964232488822655
no.alt.radio-tv.irma-1000,no.vr,309,166,20,0.04395604395604396
no.alt.gledesutbrudd,no.folklore.edb,1753,219,83,0.04393859184753838
no.irc,no.pressemeldinger,1472,334,76,0.04393063583815029
no.alt.katter,no.biz.annonser,774,2197,125,0.04392129304286718
no.marked,no.unix,8430,1435,415,0.043915343915343914
no.ef,no.reiser,567,1050,68,0.04389928986442866
no.irc,no.prat.narkotika,1472,526,84,0.0438871473354232
no.musikk.gitar,no.org.efn.diskusjon,1148,446,67,0.04387688277668631
no.eunet.hjelp,no.org.efn.diskusjon,244,446,29,0.04387291981845688
no.it.diverse,no.video,605,942,65,0.043859649122807015
no.org.decus,no.sources.list,18,101,5,0.043859649122807015
no.lisp,no.pressemeldinger.diskusjon,302,79,16,0.043835616438356165
no.news.diverse,no.video,1892,942,119,0.04383057090239411
no.biz.diskusjoner,no.stortinget,431,665,46,0.04380952380952381
no.alt.frustrasjoner,no.telepost,3039,417,145,0.04379341588643914
no.alt.mat,no.kryptografi,1286,359,69,0.04378172588832487
no.bolig,no.net,978,1216,92,0.04376784015223597
no.norsk,no.typografi,1962,280,94,0.043761638733705775
no.perl,no.religion,564,1583,90,0.043753038405444825
no.biz.nettilbydere,no.norsk,686,1962,111,0.04375246353961372
no.alt.arkiv,no.eunet.drift,199,135,14,0.04375
no.sources.wanted,no.uninett.skole,218,522,31,0.04372355430183357
no.alt.config,no.vr,407,166,24,0.04371584699453552
no.bolig,no.kryptografi,978,359,56,0.04371584699453552
no.alkohol,no.sykkel,1192,1148,98,0.043710972346119537
no.mac,no.spill,2742,2992,240,0.04368401892974154
no.general,no.reiser,7075,1050,340,0.04367373153500321
no.jus,no.speider,1851,491,98,0.04367201426024955
no.bibsys,no.norsk.fagord,235,243,20,0.043668122270742356
no.norsk,no.student.nett,1962,452,101,0.043666234327712924
no.bolig,no.norsk,978,1962,123,0.043663471778487756
no.biz.nettilbydere,no.linux,686,3019,155,0.04366197183098591
no.folklore.edb,no.uninett.skole,219,522,31,0.04366197183098591
no.bolig,no.litteratur,978,1532,105,0.04365904365904366
no.folklore.overtro,no.perl,130,564,29,0.04360902255639098
no.bibsys,no.uninett.hjelp,235,124,15,0.0436046511627907
no.kjemi,no.reiser,745,1050,75,0.0436046511627907
no.pressemeldinger.diskusjon,no.typografi,79,280,15,0.0436046511627907
no.musikk,no.stortinget,3667,665,181,0.04360395085521561
no.havforskning,no.telepost,397,417,34,0.04358974358974359
no.biz.nettilbydere,no.medisin,686,1038,72,0.043583535108958835
no.alt.radio-tv.irma-1000,no.sources.wanted,309,218,22,0.04356435643564356
no.alt.sjokolade,no.biz.nettilbydere,656,686,56,0.04354587869362364
no.lisp,no.telepost,302,417,30,0.04354136429608128
no.havforskning,no.it.emacs,397,394,33,0.04353562005277045
no.ai,no.irc,254,1472,72,0.04353083434099154
no.alt.sjokolade,no.prat.ufo,656,327,41,0.0435244161358811
no.bil,no.medisin,2153,1038,133,0.04349247874427731
no.mail.diverse,no.student.samfund,993,255,52,0.043478260869565216
no.news.drift,no.org.isoc-no,379,53,18,0.043478260869565216
no.pressemeldinger.diskusjon,no.vit.diverse,79,473,23,0.043478260869565216
no.alt.flame,no.alt.sjokolade,2514,656,132,0.043449637919684
no.ai,no.alt.tegneserier,254,1043,54,0.04344328238133548
no.psykologi,no.reiser,584,1050,68,0.04342273307790549
no.telepost,no.typografi,417,280,29,0.04341317365269461
no.alt.config,no.sources.wanted,407,218,26,0.04340567612687813
no.biz.annonser,no.unix,2197,1435,151,0.04337833955759839
no.mail.diverse,no.sykkel,993,1148,89,0.04337231968810916
no.standard,no.typografi,129,280,17,0.04336734693877551
no.marked,no.sport.diverse,8430,1507,413,0.043364132717345655
no.alt.config,no.norsk.fagord,407,243,27,0.04333868378812199
no.bolig,no.ms-windows,978,3235,175,0.0433382862803368
no.alkohol,no.havforskning,1192,397,66,0.04333552199606041
no.litteratur,no.ms-windows,1532,3235,198,0.04333552199606041
no.alt.mat.drikke,no.typografi,659,280,39,0.043333333333333335
no.alt.radio-tv.irma-1000,no.radio-tv,309,2075,99,0.043326039387308536
no.sources.list,no.sport.volleyball,101,164,11,0.04330708661417323
no.kjemi,no.norsk.fagord,745,243,41,0.04329461457233368
no.alt.sjokolade,no.mac,656,2742,141,0.04329137242861529
no.alt.pompel-og-pilt,no.it.emacs,329,394,30,0.04329004329004329
no.alt.pompel-og-pilt,no.standard,329,129,19,0.04328018223234624
no.alt.mat,no.uninett.skole,1286,522,75,0.04327755337564916
no.alt.diskusjoner,no.alt.radio-tv.irma-1000,2367,309,111,0.04327485380116959
no.amiga,no.spill,1543,2992,188,0.04324821716126064
no.alt.katter,no.alt.pompelog,774,143,38,0.04323094425483504
no.general,no.hobby.diverse,7075,817,327,0.043225380039656314
no.typografi,no.unix,280,1435,71,0.04318734793187348
no.alt.pompel-og-pilt,no.media,329,734,44,0.04317958783120707
no.alt.sjokolade,no.amiga,656,1543,91,0.04316888045540797
no.alt.irc-treff,no.embnet,296,260,23,0.043151969981238276
no.embnet,no.telepost,260,417,28,0.04314329738058552
no.litteratur,no.tele,1532,2097,150,0.04311583788444955
no.ai,no.jus,254,1851,87,0.04311199207135778
no.marked.jobb,no.vitser,2181,3555,237,0.0430987452264048
no.marked.data,no.norsk,7987,1962,411,0.04309079471587335
no.alkohol,no.alt.radio-tv.irma-1000,1192,309,62,0.043085476025017375
no.sykkel,no.www,1148,3452,190,0.04308390022675737
no.news.drift,no.religion,379,1583,81,0.0430622009569378
no.bibsys,no.media,235,734,40,0.04305705059203445
no.biz.annonser,no.reiser,2197,1050,134,0.043045293928686154
no.musikk.gitar,no.radio-tv,1148,2075,133,0.043042071197411005
no.alt.pompelog,no.psykologi,143,584,30,0.043041606886657105
no.biz.diskusjoner,no.unix,431,1435,77,0.043040804918949134
no.prat.politikk,no.typografi,1150,280,59,0.043034281546316555
no.biz.nettilbydere,no.prat.narkotika,686,526,50,0.043029259896729774
no.bil,no.unix,2153,1435,148,0.04302325581395349
no.alt.flame,no.www,2514,3452,246,0.043006993006993004
no.biz.annonser.data,no.media,1548,734,94,0.04296160877513711
no.havforskning,no.hobby.diverse,397,817,50,0.0429553264604811
no.student.nett,no.x,452,301,31,0.04293628808864266
no.alt.config,no.pressemeldinger.diskusjon,407,79,20,0.04291845493562232
no.typografi,no.uninett.skole,280,522,33,0.04291287386215865
no.biz.nettilbydere,no.uninett.diverse,686,262,39,0.0429042904290429
no.alt.sjokolade,no.general,656,7075,318,0.042897612302711455
no.kjemi,no.x,745,301,43,0.04287138584247258
no.hobby.diverse,no.lisp,817,302,46,0.04287045666356011
no.alt.radio-tv.irma-1000,no.standard,309,129,18,0.04285714285714286
no.bibsys,no.folklore.overtro,235,130,15,0.04285714285714286
no.org.isoc-no,no.vr,53,166,9,0.04285714285714286
no.bolig,no.www,978,3452,182,0.0428436911487759
no.norsk,no.slekt,1962,1836,156,0.042833607907743
no.alt.god.jul,no.prat.narkotika,570,526,45,0.04281636536631779
no.alt.mat,no.biz.annonser,1286,2197,143,0.04281437125748503
no.alt.katter,no.prat.seksualitet,774,883,68,0.042794210195091255
no.alt.tegneserier,no.pc,1043,7028,331,0.04276485788113695
no.alt.mat,no.havforskning,1286,397,69,0.04275092936802974
no.alt.irc-treff,no.jus,296,1851,88,0.042739193783389993
no.bibsys,no.marked.jobb,235,2181,99,0.04272766508416055
no.multimedia,no.x,1383,301,69,0.04272445820433437
no.hobby.diverse,no.news.drift,817,379,49,0.042720139494333044
no.linux,no.vit.diverse,3019,473,143,0.0426993132278292
no.biz.annonser.data,no.mail.drift,1548,430,81,0.042698998418555616
no.amiga,no.religion,1543,1583,128,0.04269513008672448
no.alkohol,no.tegnsett,1192,249,59,0.0426917510853835
no.alt.katter,no.folklore.overtro,774,130,37,0.04267589388696655
no.biz.annonser.data,no.marked.diskusjon,1548,187,71,0.04266826923076923
no.c,no.sport.diverse,1036,1507,104,0.04264042640426404
no.norsk.fagord,no.perl,243,564,33,0.04263565891472868
no.spill,no.unix,2992,1435,181,0.04262835609985869
no.embnet,no.linux,260,3019,134,0.04260731319554849
no.org.efn.diskusjon,no.radio-tv,446,2075,103,0.04259718775847808
no.alt.katter,no.hobby.diverse,774,817,65,0.04259501965923984
no.kjemi,no.sport.diverse,745,1507,92,0.04259259259259259
no.bolig,no.prat.seksualitet,978,883,76,0.04257703081232493
no.film,no.medisin,2587,1038,148,0.04256542996836353
no.news.drift,no.sport.diverse,379,1507,77,0.04256495301271421
no.marked.bil,no.www,1423,3452,199,0.042557741659538066
no.bibsys,no.student.samfund,235,255,20,0.0425531914893617
no.alt.diskusjoner,no.student.nett,2367,452,115,0.04252958579881657
no.alt.frustrasjoner,no.alt.irc-treff,3039,296,136,0.04251328540168803
no.it.diverse,no.medisin,605,1038,67,0.04251269035532995
no.biz.diskusjoner,no.student.nett,431,452,36,0.04250295159386069
no.jus,no.prat.aksjer,1851,480,95,0.042486583184257604
no.news.drift,no.radio-tv,379,2075,100,0.04248088360237893
no.audio,no.unix,2492,1435,160,0.04247411733474914
no.alt.irc-treff,no.biz.nettilbydere,296,686,40,0.04246284501061571
no.pressemeldinger,no.typografi,334,280,25,0.042444821731748725
no.alt.tegneserier,no.biz.diskusjoner,1043,431,60,0.042432814710042434
no.ai,no.org.nobug.diverse,254,90,14,0.04242424242424243
no.alt.irc-treff,no.perl,296,564,35,0.04242424242424243
no.alt.radio-tv.irma-1000,no.news.drift,309,379,28,0.04242424242424243
no.alt.mat.drikke,no.musikk,659,3667,176,0.042409638554216866
no.marked.jobb,no.religion,2181,1583,153,0.04237053447798394
no.net,no.pressemeldinger,1216,334,63,0.04236718224613315
no.ef,no.speider,567,491,43,0.042364532019704436
no.biz.nettilbydere,no.film,686,2587,133,0.04235668789808917
no.alt.arkiv,no.eunet.hjelp,199,244,18,0.042352941176470586
no.bolig,no.video,978,942,78,0.04234527687296417
no.hobby.diverse,no.marked.bil,817,1423,91,0.04234527687296417
no.alt.god.jul,no.sources.wanted,570,218,32,0.042328042328042326
no.alt.sjokolade,no.prat.narkotika,656,526,48,0.042328042328042326
no.skole.diverse,no.www,563,3452,163,0.04231568016614746
no.org.isoc-no,no.tex,53,218,11,0.04230769230769231
no.alt.gledesutbrudd,no.skole.diverse,1753,563,94,0.0423042304230423
no.prat.politikk,no.student.nett,1150,452,65,0.04229017566688354
no.alt.katter,no.reiser,774,1050,74,0.04228571428571429
no.bil,no.prat.politikk,2153,1150,134,0.042284632376143896
no.film,no.org.efn.diskusjon,2587,446,123,0.042268041237113405
no.alkohol,no.bolig,1192,978,88,0.04226705091258405
no.marked.data,no.unix,7987,1435,382,0.04225663716814159
no.sources.list,no.telepost,101,417,21,0.04225352112676056
no.mail.drift,no.marked.diskusjon,430,187,25,0.04222972972972973
no.alt.arkiv,no.stortinget,199,665,35,0.04221954161640531
no.lisp,no.prat.seksualitet,302,883,48,0.04221635883905013
no.kjemi,no.perl,745,564,53,0.04219745222929936
no.lisp,no.tungregning,302,118,17,0.04218362282878412
no.telepost,no.uninett.skole,417,522,38,0.042175360710321866
no.alt.config,no.uninett.drift,407,112,21,0.04216867469879518
no.bolig,no.sykkel,978,1148,86,0.04215686274509804
no.alt.tegneserier,no.perl,1043,564,65,0.04215304798962387
no.marked.bolig,no.marked.data,892,7987,359,0.042136150234741786
no.alt.mat,no.hobby.diverse,1286,817,85,0.042120911793855305
no.alt.katter,no.biz.nettilbydere,774,686,59,0.042112776588151324
no.alt.config,no.radio_tv,407,583,40,0.042105263157894736
no.perl,no.standard,564,129,28,0.042105263157894736
no.bil,no.marked.bolig,2153,892,123,0.04209445585215606
no.psykologi,no.www,584,3452,163,0.042086238058352696
no.alt.radio-tv.irma-1000,no.uninett.drift,309,112,17,0.04207920792079208
no.sykkel,no.tele,1148,2097,131,0.042068079640333975
no.alt.flame,no.vitser,2514,3555,245,0.042067307692307696
no.news.drift,no.vr,379,166,22,0.04206500956022945
no.norsk.fagord,no.prat.ufo,243,327,23,0.04204753199268738
no.org.efn.diskusjon,no.uninett.hjelp,446,124,23,0.04204753199268738
no.alt.irc-treff,no.mail.diverse,296,993,52,0.04203718674211803
no.ai,no.tungregning,254,118,15,0.04201680672268908
no.perl,no.student.samfund,564,255,33,0.04198473282442748
no.mac,no.psykologi,2742,584,134,0.041979949874686714
no.alt.config,no.nuug,407,164,23,0.041970802919708027
no.alt.mat.drikke,no.bibsys,659,235,36,0.04195804195804196
no.alt.radio-tv.irma-1000,no.media,309,734,42,0.04195804195804196
no.alt.tegneserier,no.spill.rollespill,1043,447,60,0.04195804195804196
no.folklore.edb,no.pressemeldinger.diskusjon,219,79,12,0.04195804195804196
no.alkohol,no.uninett.skole,1192,522,69,0.041945288753799395
no.alt.fan.de-lillos,no.alt.irc-treff,176,296,19,0.04194260485651214
no.student.samfund,no.uninett.katalog,255,68,13,0.041935483870967745
no.folklore.overtro,no.medisin,130,1038,47,0.04192685102586976
no.amiga,no.norsk,1543,1962,141,0.04191438763376932
no.alkohol,no.marked,1192,8430,387,0.04190579317812669
no.org.efn.diskusjon,no.sources.list,446,101,22,0.0419047619047619
no.kjemi,no.ms-windows,745,3235,160,0.041884816753926704
no.news.drift,no.tex,379,218,24,0.041884816753926704
no.news.drift,no.www,379,3452,154,0.04188196899646451
no.media,no.pc,734,7028,312,0.04187919463087248
no.it.emacs,no.student.nett,394,452,34,0.04187192118226601
no.kjemi,no.sources.list,745,101,34,0.04187192118226601
no.net,no.prat.narkotika,1216,526,70,0.041866028708133975
no.medisin,no.musikk,1038,3667,189,0.041851195748449956
no.student.samfund,no.tex,255,218,19,0.04185022026431718
no.perl,no.radio-tv,564,2075,106,0.04184761152783261
no.it.emacs,no.standard,394,129,21,0.04183266932270916
no.net,no.standard,1216,129,54,0.041828040278853604
no.alt.pompel-og-pilt,no.folklore.edb,329,219,22,0.04182509505703422
no.alt.mat,no.alt.radio-tv.irma-1000,1286,309,64,0.041802743305029394
no.biz.annonser,no.kjemi,2197,745,118,0.04178470254957507
no.net,no.typografi,1216,280,60,0.04178272980501393
no.uninett.skole,no.x,522,301,33,0.04177215189873418
no.general,no.radio_tv,7075,583,307,0.04176302543871582
no.folklore.edb,no.student.samfund,219,255,19,0.041758241758241756
no.folklore.overtro,no.mail.diverse,130,993,45,0.041743970315398886
no.kryptografi,no.norsk,359,1962,93,0.041741472172351884
no.alt.katter,no.tele,774,2097,115,0.04172714078374456
no.alt.mat,no.uninett.diverse,1286,262,62,0.04172274562584118
no.vit.diverse,no.x,473,301,31,0.04172274562584118
no.medisin,no.unix,1038,1435,99,0.04170176916596462
no.multimedia,no.vr,1383,166,62,0.04169468728984533
no.embnet,no.org.nobug.diverse,260,90,14,0.041666666666666664
no.folklore.generelt,no.sources.list,49,101,6,0.041666666666666664
no.folklore.overtro,no.kjemi,130,745,35,0.041666666666666664
no.hobby.diverse,no.religion,817,1583,96,0.041666666666666664
no.prat.narkotika,no.radio-tv,526,2075,104,0.04164997997597117
no.general,no.it.diverse,7075,605,307,0.0416384104163841
no.bolig,no.radio-tv,978,2075,122,0.04162401910610713
no.ai,no.uninett.skole,254,522,31,0.04161073825503356
no.norsk,no.video,1962,942,116,0.04160688665710186
no.alt.motorsykler,no.biz.annonser,1688,2197,155,0.04155495978552279
no.havforskning,no.student.samfund,397,255,26,0.04153354632587859
no.musikk,no.sykkel,3667,1148,192,0.04153147306943543
no.ms-windows,no.religion,3235,1583,192,0.041504539559014265
no.folklore.overtro,no.havforskning,130,397,21,0.041501976284584984
no.biz.diskusjoner,no.vit.diverse,431,473,36,0.041474654377880185
no.c,no.uninett.skole,1036,522,62,0.04144385026737968
no.alt.tegneserier,no.hobby.diverse,1043,817,74,0.04143337066069429
no.norsk,no.x,1962,301,90,0.04141739530602853
no.it.diverse,no.religion,605,1583,87,0.04140885292717753
no.alt.gledesutbrudd,no.alt.radio_tv.irma1000,1753,209,78,0.041401273885350316
no.net,no.norsk.fagord,1216,243,58,0.04139900071377588
no.alt.tegneserier,no.biz.annonser.data,1043,1548,103,0.04139871382636656
no.alt.sjokolade,no.spill,656,2992,145,0.04139309163574079
no.bolig,no.media,978,734,68,0.0413625304136253
no.multimedia,no.prat.seksualitet,1383,883,90,0.04136029411764706
no.religion,no.student.samfund,1583,255,73,0.041359773371104816
no.stortinget,no.sykkel,665,1148,72,0.04135554279149914
no.alt.radio_tv.irma1000,no.org.efn.diskusjon,209,446,26,0.04133545310015898
no.alt.pompel-og-pilt,no.student.nett,329,452,31,0.04133333333333333
no.general,no.psykologi,7075,584,304,0.04133242692046227
no.ai,no.uninett.hjelp,254,124,15,0.04132231404958678
no.alt.god.jul,no.perl,570,564,45,0.04132231404958678
no.eunet.drift,no.sources.wanted,135,218,14,0.04129793510324484
no.film,no.hobby.diverse,2587,817,135,0.041297032731722236
no.ef,no.sykkel,567,1148,68,0.041287188828172436
no.alt.mat.drikke,no.vitser,659,3555,167,0.04126513466765505
no.alt.pompelog,no.alt.tegneserier,143,1043,47,0.041264266900790166
no.alt.mat.drikke,no.alt.motorsykler,659,1688,93,0.041259982253771074
no.mac,no.stortinget,2742,665,135,0.04125916870415648
no.biz.annonser,no.prat.seksualitet,2197,883,122,0.041244083840432724
no.mail.drift,no.prat.seksualitet,430,883,52,0.041237113402061855
no.jus,no.slekt,1851,1836,146,0.04123129059587687
no.reiser,no.speider,1050,491,61,0.04121621621621622
no.alt.config,no.student.nett,407,452,34,0.041212121212121214
no.alt.mat,no.biz.nettilbydere,1286,686,78,0.04118268215417107
no.kryptografi,no.prat.narkotika,359,526,35,0.041176470588235294
no.psykologi,no.uninett.hjelp,584,124,28,0.041176470588235294
no.psykologi,no.x,584,301,35,0.041176470588235294
no.sport.diverse,no.sykkel,1507,1148,105,0.041176470588235294
no.alt.motorsykler,no.alt.tegneserier,1688,1043,108,0.041174227983225314
no.general,no.sykkel,7075,1148,325,0.041149658141301594
no.kjemi,no.vr,745,166,36,0.04114285714285714
no.norsk,no.nuug,1962,164,84,0.04113614103819784
no.uninett.skole,no.www,522,3452,157,0.04113177888394027
no.ai,no.media,254,734,39,0.0410958904109589
no.biz.annonser,no.prat.politikk,2197,1150,132,0.04105754276827372
no.alt.arkiv,no.kryptografi,199,359,22,0.041044776119402986
no.org.efn.diskusjon,no.uninett.drift,446,112,22,0.041044776119402986
no.jus,no.typografi,1851,280,84,0.04103566194430874
no.biz.diskusjoner,no.psykologi,431,584,40,0.041025641025641026
no.alkohol,no.biz.nettilbydere,1192,686,74,0.041019955654102
no.nuug,no.unix,164,1435,63,0.041015625
no.alt.mat.drikke,no.student.samfund,659,255,36,0.04100227790432802
no.alt.motorsykler,no.news.diverse,1688,1892,141,0.04100029078220413
no.biz.diskusjoner,no.typografi,431,280,28,0.040995607613469986
no.perl,no.student.nett,564,452,40,0.040983606557377046
no.bil,no.sport.diverse,2153,1507,144,0.040955631399317405
no.net,no.sykkel,1216,1148,93,0.04095112285336856
no.ai,no.typografi,254,280,21,0.04093567251461988
no.pc,no.prat.seksualitet,7028,883,311,0.04092105263157895
no.news.drift,no.pressemeldinger.diskusjon,379,79,18,0.04090909090909091
no.prat.seksualitet,no.uninett.diverse,883,262,45,0.04090909090909091
no.hobby.diverse,no.mail.drift,817,430,49,0.040901502504173626
no.alt.mat.drikke,no.sykkel,659,1148,71,0.04089861751152074
no.alt.god.jul,no.linux,570,3019,141,0.04089327146171694
no.folklore.overtro,no.mail.drift,130,430,22,0.040892193308550186
no.mail.diverse,no.video,993,942,76,0.04088219472834857
no.folklore.edb,no.uninett.drift,219,112,13,0.040880503144654086
no.alt.pompel-og-pilt,no.org.isoc-no,329,53,15,0.04087193460490463
no.student.samfund,no.typografi,255,280,21,0.04085603112840467
no.biz.annonser.data,no.kjemi,1548,745,90,0.04085338175215615
no.alkohol,no.bibsys,1192,235,56,0.040846097738876735
no.alt.sjokolade,no.unix,656,1435,82,0.04081632653061224
no.pressemeldinger,no.psykologi,334,584,36,0.04081632653061224
no.alt.frustrasjoner,no.lisp,3039,302,131,0.040809968847352024
no.alt.god.jul,no.medisin,570,1038,63,0.040776699029126215
no.alt.sjokolade,no.bolig,656,978,64,0.04076433121019108
no.radio_tv,no.vitser,583,3555,162,0.04074446680080483
no.alkohol,no.amiga,1192,1543,107,0.04071537290715373
no.elektronikk,no.prat.politikk,2250,1150,133,0.04071013161922253
no.alt.tegneserier,no.speider,1043,491,60,0.0407055630936228
no.folklore.overtro,no.religion,130,1583,67,0.04070473876063183
no.ms-windows,no.vit.diverse,3235,473,145,0.0406960426606792
no.alt.flame,no.media,2514,734,127,0.04069208586991349
no.alt.katter,no.tegnsett,774,249,40,0.04069175991861648
no.jus,no.student.nett,1851,452,90,0.04066877541798464
no.bibsys,no.biz.annonser,235,2197,95,0.04065040650406504
no.bolig,no.mail.drift,978,430,55,0.04065040650406504
no.alt.diskusjoner,no.folklore.edb,2367,219,101,0.040643863179074445
no.amiga,no.mail.diverse,1543,993,99,0.040623717685679114
no.havforskning,no.medisin,397,1038,56,0.04060913705583756
no.ms-windows,no.video,3235,942,163,0.04060787244643747
no.alt.katter,no.sykkel,774,1148,75,0.040606388738494856
no.alt.pompelog,no.c,143,1036,46,0.04060017652250662
no.bolig,no.hobby.diverse,978,817,70,0.04057971014492753
no.alt.mat.drikke,no.uninett.skole,659,522,46,0.04052863436123348
no.alt.katter,no.multimedia,774,1383,84,0.04052098408104197
no.pressemeldinger.diskusjon,no.skole.diverse,79,563,25,0.04051863857374392
no.alt.god.jul,no.hobby.diverse,570,817,54,0.04051012753188297
no.alt.sjokolade,no.vr,656,166,32,0.04050632911392405
no.alt.radio-tv.irma-1000,no.kryptografi,309,359,26,0.040498442367601244
no.alt.gledesutbrudd,no.biz.diskusjoner,1753,431,85,0.040495474035254886
no.alt.motorsykler,no.net,1688,1216,113,0.040487280544607665
no.marked.diskusjon,no.prat.ufo,187,327,20,0.04048582995951417
no.alt.katter,no.typografi,774,280,41,0.040473840078973346
no.biz.annonser,no.religion,2197,1583,147,0.04046242774566474
no.sport.diverse,no.vit.diverse,1507,473,77,0.04046242774566474
no.it.emacs,no.radio-tv,394,2075,96,0.040455120101137804
no.alt.tegneserier,no.prat.narkotika,1043,526,61,0.04045092838196287
no.alt.sjokolade,no.it.diverse,656,605,49,0.040429042904290426
no.hobby.diverse,no.spill,817,2992,148,0.04042611308385687
no.alt.irc-treff,no.alt.tegneserier,296,1043,52,0.04040404040404041
no.kryptografi,no.org.isoc-no,359,53,16,0.04040404040404041
no.it.emacs,no.multimedia,394,1383,69,0.04039812646370024
no.alt.gledesutbrudd,no.kryptografi,1753,359,82,0.04039408866995074
no.alkohol,no.hobby.diverse,1192,817,78,0.04039357845675816
no.alt.gledesutbrudd,no.bolig,1753,978,106,0.04038095238095238
no.hobby.diverse,no.it.emacs,817,394,47,0.040378006872852236
no.alt.sjokolade,no.sykkel,656,1148,70,0.040369088811995385
no.alt.sjokolade,no.video,656,942,62,0.040364583333333336
no.alt.mat,no.alt.radio_tv.irma1000,1286,209,58,0.04036186499652053
no.havforskning,no.prat.politikk,397,1150,60,0.04034969737726967
no.net,no.student.samfund,1216,255,57,0.04031117397454031
no.prat.politikk,no.test,1150,6386,292,0.04030922142462728
no.alt.sjokolade,no.radio_tv,656,583,48,0.04030226700251889
no.hobby.diverse,no.prat.narkotika,817,526,52,0.040278853601859024
no.biz.annonser.data,no.embnet,1548,260,70,0.04027617951668585
no.prat.narkotika,no.www,526,3452,154,0.040271966527196654
no.alt.radio_tv.irma1000,no.sources.list,209,101,12,0.040268456375838924
no.alt.arkiv,no.alt.flame,199,2514,105,0.040260736196319015
no.alt.sjokolade,no.hobby.diverse,656,817,57,0.04025423728813559
no.irc,no.test,1472,6386,304,0.04024357956049775
no.alt.motorsykler,no.pc,1688,7028,337,0.04021959661057405
no.alt.sjokolade,no.x,656,301,37,0.04021739130434782
no.alt.mat.drikke,no.alt.pompelog,659,143,31,0.040207522697795074
no.alt.mat,no.marked.jobb,1286,2181,134,0.04020402040204021
no.musikk.gitar,no.spill,1148,2992,160,0.04020100502512563
no.amiga,no.video,1543,942,96,0.040184177480117204
no.c,no.standard,1036,129,45,0.04017857142857143
no.hobby.diverse,no.pc,817,7028,303,0.04017501988862371
no.mail.diverse,no.test,993,6386,285,0.04017479560191711
no.norsk.fagord,no.tegnsett,243,249,19,0.040169133192389
no.elektronikk,no.religion,2250,1583,148,0.04016282225237449
no.folklore.edb,no.hobby.diverse,219,817,40,0.040160642570281124
no.alt.gledesutbrudd,no.havforskning,1753,397,83,0.0401548137397194
no.c,no.folklore.overtro,1036,130,45,0.04014272970561998
no.pressemeldinger,no.uninett.diverse,334,262,23,0.04013961605584642
no.psykologi,no.radio_tv,584,583,45,0.040106951871657755
no.alt.sjokolade,no.biz.annonser,656,2197,110,0.04010207801676996
no.biz.annonser.data,no.unix,1548,1435,115,0.0400976290097629
no.mail.drift,no.student.nett,430,452,34,0.04009433962264151
no.hobby.diverse,no.psykologi,817,584,54,0.0400890868596882
no.bolig,no.unix,978,1435,93,0.04008620689655172
no.it.emacs,no.tele,394,2097,96,0.04008350730688935
no.sources.wanted,no.x,218,301,20,0.04008016032064128
no.alt.motorsykler,no.vitser,1688,3555,202,0.040071414401904384
no.alt.irc-treff,no.x,296,301,23,0.04006968641114982
no.alt.irc-treff,no.biz.diskusjoner,296,431,28,0.04005722460658083
no.folklore.edb,no.norsk,219,1962,84,0.04005722460658083
no.alt.radio-tv.irma-1000,no.uninett.skole,309,522,32,0.04005006257822278
no.marked.diskusjon,no.net,187,1216,54,0.04002965159377316
no.alt.gledesutbrudd,no.x,1753,301,79,0.04
no.alt.god.jul,no.uninett.skole,570,522,42,0.04
no.biz.annonser.data,no.norsk,1548,1962,135,0.04
no.nuug,no.perl,164,564,28,0.04
no.jus,no.pressemeldinger,1851,334,84,0.03998096144693003
no.marked.jobb,no.prat.politikk,2181,1150,128,0.03996253512332189
no.marked.bolig,no.net,892,1216,81,0.03996053280710409
no.alt.sjokolade,no.kryptografi,656,359,39,0.039959016393442626
no.bolig,no.general,978,7075,309,0.039901859504132234
no.eunet.hjelp,no.net,244,1216,56,0.039886039886039885
no.net,no.sources.wanted,1216,218,55,0.03988397389412618
no.kjemi,no.tele,745,2097,109,0.03988291255031101
no.folklore.overtro,no.uninett.skole,130,522,25,0.03987240829346093
no.psykologi,no.uninett.katalog,584,68,25,0.03987240829346093
no.alt.gledesutbrudd,no.alt.radio-tv.irma-1000,1753,309,79,0.03983862834089763
no.alkohol,no.alt.irc-treff,1192,296,57,0.039832285115303984
no.biz.annonser.data,no.medisin,1548,1038,99,0.039806996381182146
no.net,no.test,1216,6386,291,0.039803036520311856
no.alt.arkiv,no.folklore.edb,199,219,16,0.03980099502487562
no.linux,no.stortinget,3019,665,141,0.03979678238780694
no.mswindow,no.radio_tv,358,583,36,0.039779005524861875
no.amiga,no.prat.politikk,1543,1150,103,0.03976833976833977
no.prat.politikk,no.pressemeldinger.diskusjon,1150,79,47,0.03976311336717428
no.kryptografi,no.nuug,359,164,20,0.039761431411530816
no.kjemi,no.tungregning,745,118,33,0.03975903614457831
no.embnet,no.it.emacs,260,394,25,0.0397456279809221
no.biz.diskusjoner,no.perl,431,564,38,0.03970741901776385
no.alt.pompel-og-pilt,no.org.nobug.diverse,329,90,16,0.03970223325062035
no.linux,no.prat.seksualitet,3019,883,149,0.03970157207567279
no.bibsys,no.org.efn.diskusjon,235,446,26,0.03969465648854962
no.bil,no.test,2153,6386,326,0.03969316936563984
no.alt.mat,no.telepost,1286,417,65,0.03968253968253968
no.perl,no.prat.ufo,564,327,34,0.039673278879813305
no.medisin,no.sport.diverse,1038,1507,97,0.039624183006535946
no.folklore.edb,no.prat.seksualitet,219,883,42,0.03962264150943396
no.marked,no.sykkel,8430,1148,365,0.039617931184196244
no.alt.sjokolade,no.reiser,656,1050,65,0.039609993906154786
no.org.efn.diskusjon,no.pressemeldinger.diskusjon,446,79,20,0.039603960396039604
no.uninett.fik,no.uninett.katalog,37,68,4,0.039603960396039604
no.folklore.overtro,no.irc,130,1472,61,0.03958468526930565
no.marked.bolig,no.news.diverse,892,1892,106,0.039581777445855115
no.alt.radio-tv.irma-1000,no.psykologi,309,584,34,0.03958090803259604
no.sport.diverse,no.unix,1507,1435,112,0.039575971731448764
no.musikk.gitar,no.stortinget,1148,665,69,0.03956422018348624
no.kryptografi,no.mac,359,2742,118,0.039557492457257794
no.alkohol,no.kryptografi,1192,359,59,0.039544235924932974
no.alt.mat.drikke,no.folklore.overtro,659,130,30,0.039525691699604744
no.it.diverse,no.prat.narkotika,605,526,43,0.03952205882352941
no.mail.diverse,no.uninett.drift,993,112,42,0.03951081843838194
no.student.samfund,no.vr,255,166,16,0.03950617283950617
no.mail.drift,no.tele,430,2097,96,0.03948992184286302
no.biz.diskusjoner,no.prat.politikk,431,1150,60,0.03944773175542406
no.alt.config,no.tele,407,2097,95,0.039435450394354504
no.medisin,no.pc,1038,7028,306,0.03943298969072165
no.alt.katter,no.student.samfund,774,255,39,0.03939393939393939
no.biz.diskusjoner,no.student.samfund,431,255,26,0.03939393939393939
no.marked.jobb,no.perl,2181,564,104,0.03937902309731162
no.amiga,no.ms-windows,1543,3235,181,0.03937350445943006
no.kjemi,no.telepost,745,417,44,0.03935599284436494
no.standard,no.student.nett,129,452,22,0.03935599284436494
no.alt.diskusjoner,no.tegnsett,2367,249,99,0.03933253873659118
no.multimedia,no.reiser,1383,1050,92,0.03929944468175993
no.biz.annonser.data,no.prat.politikk,1548,1150,102,0.039291217257318954
no.prat.ufo,no.student.samfund,327,255,22,0.039285714285714285
no.radio_tv,no.sport.diverse,583,1507,79,0.03928393833913476
no.alt.radio_tv.irma1000,no.eunet.drift,209,135,13,0.03927492447129909
no.alt.pompel-og-pilt,no.typografi,329,280,23,0.03924914675767918
no.musikk.gitar,no.musikk.klassisk,1148,229,52,0.03924528301886793
no.bil,no.media,2153,734,109,0.03923686105111591
no.alt.gledesutbrudd,no.embnet,1753,260,76,0.03923593185338152
no.alt.pompelog,no.pressemeldinger,143,334,18,0.0392156862745098
no.telepost,no.www,417,3452,146,0.0392156862745098
no.alt.motorsykler,no.sykkel,1688,1148,107,0.03920850128252107
no.media,no.sykkel,734,1148,71,0.03920485919381557
no.alt.irc-treff,no.vit.diverse,296,473,29,0.03918918918918919
no.biz.nettilbydere,no.norsk.fagord,686,243,35,0.039149888143176735
no.net,no.skole.diverse,1216,563,67,0.039135514018691586
no.radio_tv,no.unix,583,1435,76,0.03913491246138002
no.biz.diskusjoner,no.hobby.diverse,431,817,47,0.03913405495420483
no.mail.drift,no.prat.narkotika,430,526,36,0.0391304347826087
no.alt.flame,no.mail.diverse,2514,993,132,0.03911111111111111
no.eunet.drift,no.radio_tv,135,583,27,0.03907380607814761
no.marked.bil,no.spill,1423,2992,166,0.03906801600376559
no.kjemi,no.student.nett,745,452,45,0.0390625
no.ai,no.speider,254,491,28,0.03905160390516039
no.alt.arkiv,no.typografi,199,280,18,0.039045553145336226
no.c,no.eunet.drift,1036,135,44,0.03904170363797693
no.spill,no.sport.fotball,2992,629,136,0.03902439024390244
no.news.diverse,no.slekt,1892,1836,140,0.03901895206243032
no.alt.motorsykler,no.www,1688,3452,193,0.0390135435617546
no.alt.tegneserier,no.uninett.diverse,1043,262,49,0.03901273885350318
no.alt.fan.de-lillos,no.alt.god.jul,176,570,28,0.03899721448467967
no.reiser,no.uninett.skole,1050,522,59,0.038995373430270985
no.mail.drift,no.radio-tv,430,2075,94,0.03898797179593529
no.musikk,no.reiser,3667,1050,177,0.03898678414096916
no.norsk,no.speider,1962,491,92,0.038966539601863616
no.litteratur,no.marked.data,1532,7987,357,0.0389652914210871
no.c,no.nuug,1036,164,45,0.03896103896103896
no.norsk.fagord,no.psykologi,243,584,31,0.038944723618090454
no.unix,no.vr,1435,166,60,0.03893575600259572
no.medisin,no.norsk.fagord,1038,243,48,0.038929440389294405
no.bibsys,no.uninett.drift,235,112,13,0.038922155688622756
no.standard,no.tex,129,218,13,0.038922155688622756
no.biz.nettilbydere,no.religion,686,1583,85,0.03891941391941392
no.bibsys,no.news.drift,235,379,23,0.038917089678511
no.medisin,no.perl,1038,564,60,0.038910505836575876
no.news.diverse,no.nuug,1892,164,77,0.03890853966649823
no.biz.annonser,no.embnet,2197,260,92,0.03890063424947146
no.mail.diverse,no.standard,993,129,42,0.03888888888888889
no.alt.tegneserier,no.sykkel,1043,1148,82,0.0388809862494073
no.prat.seksualitet,no.spill,883,2992,145,0.0388739946380697
no.hobby.diverse,no.kryptografi,817,359,44,0.038869257950530034
no.alt.sjokolade,no.tele,656,2097,103,0.038867924528301886
no.alt.config,no.sources.list,407,101,19,0.03885480572597137
no.c,no.marked,1036,8430,354,0.038849868305531166
no.slekt,no.speider,1836,491,87,0.038839285714285715
no.alt.mat,no.musikk.gitar,1286,1148,91,0.03883909517712335
no.alt.flame,no.musikk,2514,3667,231,0.03882352941176471
no.alt.katter,no.perl,774,564,50,0.03881987577639751
no.alt.katter,no.elektronikk,774,2250,113,0.03881827550669873
no.folklore.edb,no.standard,219,129,13,0.03880597014925373
no.psykologi,no.uninett.drift,584,112,26,0.03880597014925373
no.typografi,no.uninett.katalog,280,68,13,0.03880597014925373
no.news.diverse,no.speider,1892,491,89,0.03879686137750654
no.alt.god.jul,no.vitser,570,3555,154,0.038781163434903045
no.alt.motorsykler,no.mail.diverse,1688,993,100,0.03874467260751647
no.litteratur,no.student.nett,1532,452,74,0.0387434554973822
no.alt.god.jul,no.radio_tv,570,583,43,0.03873873873873874
no.lisp,no.www,302,3452,140,0.0387382401770891
no.alt.flame,no.alt.god.jul,2514,570,115,0.03873358033007747
no.lisp,no.musikk,302,3667,148,0.038733315885893745
no.multimedia,no.pressemeldinger,1383,334,64,0.03871748336358137
no.religion,no.test,1583,6386,297,0.038712200208550575
no.biz.nettilbydere,no.typografi,686,280,36,0.03870967741935484
no.norsk.fagord,no.pressemeldinger.diskusjon,243,79,12,0.03870967741935484
no.alt.katter,no.sport.diverse,774,1507,85,0.038706739526411654
no.alt.katter,no.folklore.edb,774,219,37,0.038702928870292884
no.mail.drift,no.religion,430,1583,75,0.03869969040247678
no.student.nett,no.uninett.drift,452,112,21,0.03867403314917127
no.prat.narkotika,no.uninett.skole,526,522,39,0.03865213082259663
no.bibsys,no.speider,235,491,27,0.03862660944206009
no.folklore.overtro,no.uninett.drift,130,112,9,0.03862660944206009
no.eunet.hjelp,no.mail.diverse,244,993,46,0.038623005877413935
no.biz.diskusjoner,no.tele,431,2097,94,0.038619556285949055
no.alt.god.jul,no.student.nett,570,452,38,0.03861788617886179
no.marked,no.medisin,8430,1038,352,0.03861342694164107
no.alt.frustrasjoner,no.video,3039,942,148,0.038612053222019306
no.jus,no.x,1851,301,80,0.03861003861003861
no.elektronikk,no.test,2250,6386,321,0.0386049308478653
no.mail.diverse,no.sources.wanted,993,218,45,0.038593481989708404
no.alt.fan.de-lillos,no.student.samfund,176,255,16,0.03855421686746988
no.alt.katter,no.amiga,774,1543,86,0.03854773644105782
no.alkohol,no.student.nett,1192,452,61,0.03853442830069488
no.perl,no.sources.wanted,564,218,29,0.03851261620185923
no.elektronikk,no.sykkel,2250,1148,126,0.03850855745721271
no.marked.bil,no.multimedia,1423,1383,104,0.0384900074019245
no.embnet,no.typografi,260,280,20,0.038461538461538464
no.eunet.diverse,no.mail.diverse,141,993,42,0.038461538461538464
no.pressemeldinger,no.religion,334,1583,71,0.038461538461538464
no.alt.sjokolade,no.student.nett,656,452,41,0.038425492033739454
no.kryptografi,no.student.nett,359,452,30,0.03841229193341869
no.alt.katter,no.it.diverse,774,605,51,0.038403614457831324
no.litteratur,no.typografi,1532,280,67,0.038395415472779366
no.alt.mat.drikke,no.marked.jobb,659,2181,105,0.038391224862888484
no.org.efn.diskusjon,no.uninett.katalog,446,68,19,0.03838383838383838
no.alt.radio-tv.irma-1000,no.stortinget,309,665,36,0.03837953091684435
no.prat.politikk,no.spill.rollespill,1150,447,59,0.03836150845253576
no.bibsys,no.org.nobug.diverse,235,90,12,0.038338658146964855
no.bil,no.stortinget,2153,665,104,0.03831982313927782
no.alt.config,no.eunet.drift,407,135,20,0.038314176245210725
no.it.diverse,no.student.nett,605,452,39,0.03831041257367387
no.bil,no.prat.seksualitet,2153,883,112,0.038303693570451436
no.alt.mat,no.embnet,1286,260,57,0.038280725319006045
no.alt.arkiv,no.student.nett,199,452,24,0.03827751196172249
no.alt.mat.drikke,no.alt.radio_tv.irma1000,659,209,32,0.03827751196172249
no.org.efn.diskusjon,no.sport.diverse,446,1507,72,0.03827751196172249
no.alt.tegneserier,no.prat.seksualitet,1043,883,71,0.03827493261455526
no.religion,no.uninett.diverse,1583,262,68,0.038266741699493526
no.norsk.fagord,no.nuug,243,164,15,0.03826530612244898
no.religion,no.student.nett,1583,452,75,0.03826530612244898
no.marked.jobb,no.reiser,2181,1050,119,0.03823907455012854
no.bibsys,no.tungregning,235,118,13,0.03823529411764706
no.alt.pompel-og-pilt,no.marked.diskusjon,329,187,19,0.03822937625754527
no.litteratur,no.slekt,1532,1836,124,0.03822441430332922
no.alt.pompel-og-pilt,no.mac,329,2742,113,0.03820148749154834
no.medisin,no.vitser,1038,3555,169,0.038200723327305605
no.alt.mat.drikke,no.perl,659,564,45,0.038200339558573854
no.sykkel,no.vitser,1148,3555,173,0.03818984547461369
no.alt.pompelog,no.standard,143,129,10,0.03816793893129771
no.reiser,no.sport.diverse,1050,1507,94,0.03816483962647178
no.stortinget,no.uninett.hjelp,665,124,29,0.038157894736842106
no.ai,no.net,254,1216,54,0.038135593220338986
no.alt.katter,no.vitser,774,3555,159,0.038129496402877695
no.jus,no.nuug,1851,164,74,0.0381246780010304
no.stortinget,no.video,665,942,59,0.03811369509043928
no.bolig,no.medisin,978,1038,74,0.03810504634397528
no.alt.mat.drikke,no.linux,659,3019,135,0.03810330228619814
no.folklore.edb,no.tele,219,2097,85,0.03809950694755715
no.c,no.sources.wanted,1036,218,46,0.0380794701986755
no.alt.radio-tv.irma-1000,no.alt.radio_tv.irma1000,309,209,19,0.03807615230460922
no.alt.katter,no.bibsys,774,235,37,0.03806584362139918
no.alt.fan.de-lillos,no.uninett.hjelp,176,124,11,0.03806228373702422
no.alt.pompel-og-pilt,no.eunet.hjelp,329,244,21,0.03804347826086957
no.sport.diverse,no.tele,1507,2097,132,0.038018433179723504
no.alt.god.jul,no.biz.nettilbydere,570,686,46,0.03801652892561983
no.biz.annonser,no.havforskning,2197,397,95,0.03801520608243297
no.lisp,no.org.isoc-no,302,53,13,0.038011695906432746
no.film,no.vit.diverse,2587,473,112,0.037991858887381276
no.folklore.overtro,no.news.diverse,130,1892,74,0.037987679671457907
no.alt.sjokolade,no.nuug,656,164,30,0.0379746835443038
no.pressemeldinger.diskusjon,no.tegnsett,79,249,12,0.0379746835443038
no.sport.fotball,no.sport.volleyball,629,164,29,0.03795811518324607
no.biz.diskusjoner,no.elektronikk,431,2250,98,0.037940379403794036
no.marked.bil,no.musikk,1423,3667,186,0.03792822185970636
no.lisp,no.sources.wanted,302,218,19,0.03792415169660679
no.biz.diskusjoner,no.prat.seksualitet,431,883,48,0.037914691943127965
no.org.isoc-no,no.uninett.skole,53,522,21,0.03790613718411552
no.bolig,no.org.efn.diskusjon,978,446,52,0.037900874635568516
no.kjemi,no.marked,745,8430,335,0.03789592760180995
no.alt.motorsykler,no.film,1688,2587,156,0.037873270211216316
no.medisin,no.spill,1038,2992,147,0.03785732680916817
no.c,no.typografi,1036,280,48,0.03785488958990536
no.marked.diskusjon,no.prat.narkotika,187,526,26,0.03784570596797671
no.alt.sjokolade,no.tegnsett,656,249,33,0.03784403669724771
no.alt.irc-treff,no.typografi,296,280,21,0.03783783783783784
no.alt.mat.drikke,no.x,659,301,35,0.03783783783783784
no.prat.politikk,no.tegnsett,1150,249,51,0.037833827893175076
no.bolig,no.it.emacs,978,394,50,0.037821482602118005
no.alt.katter,no.audio,774,2492,119,0.037813790911979665
no.mail.diverse,no.marked.bil,993,1423,88,0.037800687285223365
no.amiga,no.litteratur,1543,1532,112,0.03779952750590618
no.alt.radio-tv.irma-1000,no.hobby.diverse,309,817,41,0.03778801843317972
no.alt.gledesutbrudd,no.typografi,1753,280,74,0.03777437468095967
no.alt.flame,no.radio-tv,2514,2075,167,0.037765716870194484
no.it.diverse,no.uninett.skole,605,522,41,0.037753222836095765
no.alt.tegneserier,no.kryptografi,1043,359,51,0.03774981495188749
no.folklore.edb,no.vr,219,166,14,0.03773584905660377
no.alt.gledesutbrudd,no.biz.annonser.data,1753,1548,120,0.03772398616787174
no.marked.bolig,no.ms-windows,892,3235,150,0.037716872014080964
no.alt.sjokolade,no.typografi,656,280,34,0.037694013303769404
no.general,no.prat.narkotika,7075,526,276,0.037679180887372016
no.alt.god.jul,no.it.emacs,570,394,35,0.03767491926803014
no.film,no.prat.narkotika,2587,526,113,0.03766666666666667
no.ef,no.skole.diverse,567,563,41,0.03764921946740129
no.kjemi,no.vitser,745,3555,156,0.037644787644787646
no.film,no.psykologi,2587,584,115,0.03763089005235602
no.alt.radio-tv.irma-1000,no.speider,309,491,29,0.03761348897535668
no.musikk.gitar,no.student.nett,1148,452,58,0.03761348897535668
no.alt.radio_tv.irma1000,no.embnet,209,260,17,0.03761061946902655
no.embnet,no.news.diverse,260,1892,78,0.037608486017357765
no.alt.arkiv,no.speider,199,491,25,0.03759398496240601
no.alt.mat.drikke,no.video,659,942,58,0.037589112119248216
no.alt.sjokolade,no.student.samfund,656,255,33,0.03758542141230068
no.alt.flame,no.alt.katter,2514,774,119,0.037551278005680026
no.alt.config,no.tungregning,407,118,19,0.037549407114624504
no.mail.diverse,no.pressemeldinger,993,334,48,0.03752931978107897
no.lisp,no.pressemeldinger,302,334,23,0.037520391517128875
no.kjemi,no.video,745,942,61,0.037515375153751536
no.c,no.hobby.diverse,1036,817,67,0.037513997760358346
no.audio,no.test,2492,6386,321,0.03751314713100386
no.slekt.programmer,no.speider,589,491,39,0.037463976945244955
no.kjemi,no.typografi,745,280,37,0.03744939271255061
no.org.efn.diskusjon,no.reiser,446,1050,54,0.03744798890429958
no.alt.config,no.skole.diverse,407,563,35,0.0374331550802139
no.alt.sjokolade,no.perl,656,564,44,0.03741496598639456
no.ms-windows,no.sport.diverse,3235,1507,171,0.03740975716473419
no.biz.annonser.data,no.vitser,1548,3555,184,0.03740597682455784
no.alt.irc-treff,no.c,296,1036,48,0.037383177570093455
no.prat.seksualitet,no.student.samfund,883,255,41,0.037374658158614404
no.perl,no.speider,564,491,38,0.03736479842674533
no.alt.katter,no.marked.bolig,774,892,60,0.037359900373599
no.alt.arkiv,no.x,199,301,18,0.03734439834024896
no.marked.bolig,no.video,892,942,66,0.03733031674208145
no.alt.config,no.medisin,407,1038,52,0.03732950466618808
no.multimedia,no.skole.diverse,1383,563,70,0.03731343283582089
no.prat.narkotika,no.spill.rollespill,526,447,35,0.03731343283582089
no.marked.data,no.video,7987,942,321,0.03729089219330855
no.kryptografi,no.www,359,3452,137,0.03728905824714208
no.alkohol,no.it.emacs,1192,394,57,0.03727926749509483
no.kjemi,no.sykkel,745,1148,68,0.03726027397260274
no.hobby.diverse,no.reiser,817,1050,67,0.03722222222222222
no.alt.config,no.mac,407,2742,113,0.037220026350461136
no.alt.diskusjoner,no.marked.bil,2367,1423,136,0.037219485495347565
no.audio,no.biz.nettilbydere,2492,686,114,0.03720626631853786
no.psykologi,no.sport.diverse,584,1507,75,0.03720238095238095
no.hobby.diverse,no.norsk.fagord,817,243,38,0.03718199608610567
no.alt.pompel-og-pilt,no.medisin,329,1038,49,0.03717754172989378
no.folklore.overtro,no.jus,130,1851,71,0.03717277486910995
no.alt.pompel-og-pilt,no.perl,329,564,32,0.03716608594657375
no.ai,no.org.isoc-no,254,53,11,0.037162162162162164
no.alt.mat,no.tegnsett,1286,249,55,0.037162162162162164
no.kryptografi,no.tele,359,2097,88,0.037162162162162164
no.biz.annonser,no.mail.drift,2197,430,94,0.037110146071851556
no.litteratur,no.musikk.klassisk,1532,229,63,0.037102473498233215
no.perl,no.pressemeldinger.diskusjon,564,79,23,0.037096774193548385
no.alt.tegneserier,no.marked.data,1043,7987,323,0.0370965889514184
no.musikk,no.radio_tv,3667,583,152,0.03709126403123475
no.alt.radio-tv.irma-1000,no.org.efn.diskusjon,309,446,27,0.03708791208791209
no.norsk.fagord,no.unix,243,1435,60,0.037082818294190356
no.marked.bolig,no.medisin,892,1038,69,0.03707684040838259
no.general,no.perl,7075,564,273,0.03706217757263101
no.alkohol,no.biz.diskusjoner,1192,431,58,0.03706070287539936
no.alt.radio-tv.irma-1000,no.mac,309,2742,109,0.03704962610469069
no.alt.irc-treff,no.net,296,1216,54,0.037037037037037035
no.biz.diskusjoner,no.standard,431,129,20,0.037037037037037035
no.lisp,no.org.nobug.diverse,302,90,14,0.037037037037037035
no.prat.seksualitet,no.sport.fotball,883,629,54,0.037037037037037035
no.pressemeldinger.diskusjon,no.spill.sjakk,79,145,8,0.037037037037037035
no.radio_tv,no.www,583,3452,144,0.03700848111025443
no.c,no.marked.data,1036,7987,322,0.03700724054706356
no.elektronikk,no.stortinget,2250,665,104,0.036997509782995375
no.alt.mat,no.perl,1286,564,66,0.03699551569506727
no.musikk.gitar,no.www,1148,3452,164,0.0369702434625789
no.org.isoc-no,no.student.nett,53,452,18,0.03696098562628337
no.kryptografi,no.tungregning,359,118,17,0.03695652173913044
no.perl,no.pressemeldinger,564,334,32,0.03695150115473441
no.alt.arkiv,no.c,199,1036,44,0.036943744752308987
no.pressemeldinger,no.student.nett,334,452,28,0.036939313984168866
no.alt.gledesutbrudd,no.video,1753,942,96,0.03693728357060408
no.media,no.telepost,734,417,41,0.036936936936936934
no.prat.seksualitet,no.video,883,942,65,0.036931818181818184
no.alt.diskusjoner,no.x,2367,301,95,0.036921881072677805
no.marked.bolig,no.multimedia,892,1383,81,0.03691886964448496
no.marked.bil,no.reiser,1423,1050,88,0.03689727463312369
no.alt.katter,no.musikk,774,3667,158,0.03689003035255662
no.it.emacs,no.uninett.drift,394,112,18,0.036885245901639344
no.litteratur,no.video,1532,942,88,0.036881810561609385
no.alt.pompel-og-pilt,no.news.diverse,329,1892,79,0.03688141923436041
no.bibsys,no.marked.diskusjon,235,187,15,0.036855036855036855
no.mail.drift,no.radio_tv,430,583,36,0.0368474923234391
no.it.diverse,no.marked.jobb,605,2181,99,0.03684406401190919
no.alt.mat,no.biz.diskusjoner,1286,431,61,0.03683574879227053
no.alt.tegneserier,no.typografi,1043,280,47,0.03683385579937304
no.musikk,no.psykologi,3667,584,151,0.036829268292682925
no.biz.diskusjoner,no.x,431,301,26,0.036827195467422094
no.religion,no.sykkel,1583,1148,97,0.036826119969627945
no.pc,no.video,7028,942,283,0.036815402627813194
no.student.nett,no.unix,452,1435,67,0.036813186813186814
no.irc,no.sykkel,1472,1148,93,0.036802532647407994
no.mac,no.test,2742,6386,324,0.03680145388459791
no.alt.motorsykler,no.multimedia,1688,1383,109,0.036799459824442944
no.alt.god.jul,no.vit.diverse,570,473,37,0.036779324055666
no.kjemi,no.standard,745,129,31,0.036773428232502965
no.marked,no.media,8430,734,325,0.036768865256250706
no.skole.diverse,no.student.samfund,563,255,29,0.036755386565272496
no.hobby.diverse,no.marked.data,817,7987,312,0.036740461610927935
no.havforskning,no.musikk,397,3667,144,0.036734693877551024
no.bibsys,no.psykologi,235,584,29,0.03670886075949367
no.ef,no.spill,567,2992,126,0.03670259248470725
no.biz.annonser.data,no.litteratur,1548,1532,109,0.03668798384382363
no.alt.config,no.elektronikk,407,2250,94,0.03667577058134998
no.c,no.speider,1036,491,54,0.03665987780040733
no.alt.pompel-og-pilt,no.radio-tv,329,2075,85,0.036653730056058646
no.alt.tegneserier,no.reiser,1043,1050,74,0.03665180782565627
no.alt.frustrasjoner,no.bolig,3039,978,142,0.03664516129032258
no.jus,no.norsk.fagord,1851,243,74,0.03663366336633663
no.lisp,no.radio-tv,302,2075,84,0.03663323157435674
no.havforskning,no.student.nett,397,452,30,0.03663003663003663
no.bil,no.religion,2153,1583,132,0.03662597114317425
no.bibsys,no.sources.wanted,235,218,16,0.036613272311212815
no.alt.config,no.linux,407,3019,121,0.036611195158850224
no.alt.god.jul,no.general,570,7075,270,0.03661016949152542
no.bibsys,no.vit.diverse,235,473,25,0.036603221083455345
no.bolig,no.stortinget,978,665,58,0.03659305993690852
no.alt.god.jul,no.typografi,570,280,30,0.036585365853658534
no.alt.irc-treff,no.standard,296,129,15,0.036585365853658534
no.biz.annonser,no.stortinget,2197,665,101,0.03658094893154654
no.medisin,no.news.drift,1038,379,50,0.036576444769568395
no.alt.pompel-og-pilt,no.amiga,329,1543,66,0.036544850498338874
no.marked.jobb,no.sport.diverse,2181,1507,130,0.03653738055087127
no.sources.list,no.stortinget,101,665,27,0.036535859269282815
no.alt.motorsykler,no.marked.data,1688,7987,341,0.03653310477823012
no.speider,no.telepost,491,417,32,0.0365296803652968
no.ms-windows,no.reiser,3235,1050,151,0.03652636671504596
no.alkohol,no.ms-windows,1192,3235,156,0.03652540388667759
no.alt.flame,no.stortinget,2514,665,112,0.03651776980762961
no.film,no.it.emacs,2587,394,105,0.03650904033379694
no.bolig,no.psykologi,978,584,55,0.0364963503649635
no.alt.gledesutbrudd,no.speider,1753,491,79,0.03648960739030023
no.video,no.vr,942,166,39,0.03648269410664172
no.kryptografi,no.uninett.hjelp,359,124,17,0.03648068669527897
no.alt.tegneserier,no.it.diverse,1043,605,58,0.03647798742138365
no.amiga,no.hobby.diverse,1543,817,83,0.03645147123407993
no.medisin,no.prat.ufo,1038,327,48,0.03644646924829157
no.sykkel,no.vit.diverse,1148,473,57,0.03644501278772379
no.org.dnd,no.org.efn.diskusjon,66,446,18,0.03643724696356275
no.musikk.gitar,no.religion,1148,1583,96,0.03643263757115749
no.marked.jobb,no.stortinget,2181,665,100,0.03641660597232338
no.linux,no.sport.diverse,3019,1507,159,0.036409434394321046
no.alt.radio-tv.irma-1000,no.tungregning,309,118,15,0.03640776699029126
no.norsk.fagord,no.prat.narkotika,243,526,27,0.03638814016172507
no.general,no.telepost,7075,417,263,0.03638124221884078
no.alt.flame,no.litteratur,2514,1532,142,0.03637295081967213
no.alt.pompel-og-pilt,no.prat.narkotika,329,526,30,0.03636363636363636
no.student.nett,no.tungregning,452,118,20,0.03636363636363636
no.eunet.hjelp,no.radio_tv,244,583,29,0.03634085213032581
no.kryptografi,no.marked.jobb,359,2181,89,0.03631170950632395
no.musikk.gitar,no.sport.diverse,1148,1507,93,0.03629976580796253
no.alt.mat,no.video,1286,942,78,0.03627906976744186
no.speider,no.vr,491,166,23,0.03627760252365931
no.biz.nettilbydere,no.mac,686,2742,120,0.036275695284159616
no.kjemi,no.student.samfund,745,255,35,0.03626943005181347
no.folklore.edb,no.uninett.hjelp,219,124,12,0.03625377643504532
no.bibsys,no.it.emacs,235,394,22,0.036243822075782535
no.amiga,no.kjemi,1543,745,80,0.036231884057971016
no.marked,no.religion,8430,1583,350,0.03622063541343268
no.norsk.fagord,no.x,243,301,19,0.03619047619047619
no.org.dnd,no.tegnsett,66,249,11,0.03618421052631579
no.unix,no.video,1435,942,83,0.036181342632955533
no.alt.god.jul,no.unix,570,1435,70,0.03617571059431524
no.alt.pompelog,no.mail.drift,143,430,20,0.03616636528028933
no.medisin,no.typografi,1038,280,46,0.036163522012578615
no.stortinget,no.vr,665,166,29,0.03615960099750624
no.irc,no.skole.diverse,1472,563,71,0.03615071283095723
no.perl,no.uninett.hjelp,564,124,24,0.03614457831325301
no.uninett.diverse,no.video,262,942,42,0.03614457831325301
no.perl,no.prat.narkotika,564,526,38,0.03612167300380228
no.amiga,no.news.drift,1543,379,67,0.03611859838274933
no.alt.radio_tv.irma1000,no.nuug,209,164,13,0.03611111111111111
no.prat.politikk,no.sport.fotball,1150,629,62,0.0361094933022714
no.ai,no.stortinget,254,665,32,0.036076662908680945
no.litteratur,no.tegnsett,1532,249,62,0.03606748109365911
no.audio,no.radio_tv,2492,583,107,0.03605121293800539
no.alt.motorsykler,no.norsk,1688,1962,127,0.036048822026681804
no.marked,no.prat.seksualitet,8430,883,324,0.0360440538435866
no.kjemi,no.spill,745,2992,130,0.036041031327973386
no.mac,no.perl,2742,564,115,0.03603885929175807
no.alt.irc-treff,no.nuug,296,164,16,0.036036036036036036
no.it.os.os2,no.kryptografi,331,359,24,0.036036036036036036
no.general,no.mail.drift,7075,430,261,0.03602981778023192
no.medisin,no.musikk.gitar,1038,1148,76,0.03601895734597156
no.it.emacs,no.psykologi,394,584,34,0.036016949152542374
no.mac,no.typografi,2742,280,105,0.03599588618443606
no.net,no.vr,1216,166,48,0.035982008995502246
no.alt.fan.de-lillos,no.uninett.drift,176,112,10,0.03597122302158273
no.lisp,no.spill.rollespill,302,447,26,0.035961272475795295
no.news.drift,no.sykkel,379,1148,53,0.03595658073270014
no.alt.tegneserier,no.biz.nettilbydere,1043,686,60,0.035949670461354104
no.slekt.programmer,no.sources.wanted,589,218,28,0.03594351732991014
no.havforskning,no.radio_tv,397,583,34,0.035940803382663845
no.marked.bil,no.news.diverse,1423,1892,115,0.0359375
no.marked.bil,no.video,1423,942,82,0.03591765221200175
no.general,no.musikk.gitar,7075,1148,285,0.035903250188964474
no.pressemeldinger,no.x,334,301,22,0.03588907014681892
no.alt.diskusjoner,no.embnet,2367,260,91,0.03588328075709779
no.amiga,no.marked.jobb,1543,2181,129,0.03588317107093185
no.biz.annonser.data,no.vit.diverse,1548,473,70,0.03587903639159405
no.kryptografi,no.pressemeldinger,359,334,24,0.03587443946188341
no.ai,no.prat.narkotika,254,526,27,0.035856573705179286
no.mail.drift,no.org.nobug.diverse,430,90,18,0.035856573705179286
no.bolig,no.sport.diverse,978,1507,86,0.0358482701125469
no.litteratur,no.test,1532,6386,274,0.0358451072736787
no.elektronikk,no.sport.diverse,2250,1507,130,0.035842293906810034
no.eunet.hjelp,no.pressemeldinger,244,334,20,0.035842293906810034
no.musikk,no.news.drift,3667,379,140,0.035842293906810034
no.audio,no.prat.politikk,2492,1150,126,0.03583617747440273
no.alt.irc-treff,no.religion,296,1583,65,0.03583241455347299
no.marked.bil,no.radio-tv,1423,2075,121,0.035830618892508145
no.alt.motorsykler,no.ef,1688,567,78,0.035829122645842905
no.mail.drift,no.sport.diverse,430,1507,67,0.03582887700534759
no.alt.katter,no.alt.radio_tv.irma1000,774,209,34,0.03582718651211802
no.alt.irc-treff,no.kjemi,296,745,36,0.03582089552238806
no.musikk,no.prat.narkotika,3667,526,145,0.0358201581027668
no.eunet.drift,no.mail.diverse,135,993,39,0.03581267217630854
no.ef,no.norsk.fagord,567,243,28,0.03580562659846547
no.biz.annonser,no.uninett.diverse,2197,262,85,0.03580454928390901
no.alt.god.jul,no.prat.ufo,570,327,31,0.03579676674364896
no.eunet.hjelp,no.folklore.edb,244,219,16,0.035794183445190156
no.havforskning,no.reiser,397,1050,50,0.03579098067287044
no.alt.god.jul,no.alt.motorsykler,570,1688,78,0.03577981651376147
no.eunet.diverse,no.radio_tv,141,583,25,0.0357653791130186
no.marked.bolig,no.www,892,3452,150,0.0357653791130186
no.reiser,no.vitser,1050,3555,159,0.03576248313090418
no.kjemi,no.uninett.hjelp,745,124,30,0.03575685339690107
no.alt.config,no.speider,407,491,31,0.03575547866205306
no.elektronikk,no.vit.diverse,2250,473,94,0.03575503993914036
no.alt.katter,no.marked.jobb,774,2181,102,0.035751840168243953
no.alt.tegneserier,no.uninett.skole,1043,522,54,0.0357379219060225
no.kryptografi,no.religion,359,1583,67,0.03573333333333333
no.alt.config,no.general,407,7075,258,0.03571428571428571
no.alt.sjokolade,no.norsk.fagord,656,243,31,0.03571428571428571
no.folklore.edb,no.marked.diskusjon,219,187,14,0.03571428571428571
no.folklore.overtro,no.pressemeldinger,130,334,16,0.03571428571428571
no.it.emacs,no.it.os.os2,394,331,25,0.03571428571428571
no.it.emacs,no.skole.diverse,394,563,33,0.03571428571428571
no.stortinget,no.tungregning,665,118,27,0.03571428571428571
no.kjemi,no.pc,745,7028,268,0.03570952698201199
no.biz.nettilbydere,no.marked.data,686,7987,299,0.03570575591115357
no.biz.diskusjoner,no.film,431,2587,104,0.03568977350720659
no.alt.sjokolade,no.skole.diverse,656,563,42,0.0356839422259983
no.alt.god.jul,no.telepost,570,417,34,0.035676810073452254
no.alt.mat,no.marked.bolig,1286,892,75,0.03566333808844508
no.ef,no.sources.list,567,101,23,0.03565891472868217
no.alt.radio-tv.irma-1000,no.x,309,301,21,0.035653650254668934
no.alt.amiga,no.alt.radio_tv.irma1000,343,209,19,0.03564727954971857
no.embnet,no.radio_tv,260,583,29,0.03562653562653563
no.havforskning,no.x,397,301,24,0.03560830860534125
no.alt.diskusjoner,no.typografi,2367,280,91,0.03560250391236307
no.multimedia,no.sykkel,1383,1148,87,0.035597381342062195
no.litteratur,no.norsk.fagord,1532,243,61,0.03558926487747958
no.folklore.edb,no.pressemeldinger,219,334,19,0.035580524344569285
no.alt.irc-treff,no.stortinget,296,665,33,0.03556034482758621
no.lisp,no.marked.bolig,302,892,41,0.03555941023417172
no.sources.wanted,no.student.nett,218,452,23,0.03554868624420402
no.folklore.edb,no.sources.wanted,219,218,15,0.035545023696682464
no.biz.nettilbydere,no.folklore.overtro,686,130,28,0.03553299492385787
no.eunet.hjelp,no.nuug,244,164,14,0.03553299492385787
no.alt.irc-treff,no.speider,296,491,27,0.035526315789473684
no.alt.flame,no.film,2514,2587,175,0.03552578156719448
no.pressemeldinger,no.tegnsett,334,249,20,0.035523978685612786
no.alt.motorsykler,no.biz.annonser.data,1688,1548,111,0.03552
no.alt.flame,no.alt.tegneserier,2514,1043,122,0.03551673944687045
no.musikk,no.org.efn.diskusjon,3667,446,141,0.035498489425981876
no.alt.god.jul,no.sources.list,570,101,23,0.035493827160493825
no.radio-tv,no.uninett.skole,2075,522,89,0.035486443381180226
no.tegnsett,no.tex,249,218,16,0.03547671840354767
no.vit.diverse,no.vitser,473,3555,138,0.03547557840616967
no.news.drift,no.prat.narkotika,379,526,31,0.03546910755148741
no.elektronikk,no.reiser,2250,1050,113,0.03545654220269846
no.ms-windows,no.skole.diverse,3235,563,130,0.03544165757906216
no.alt.motorsykler,no.prat.politikk,1688,1150,97,0.035388544326888
no.musikk.gitar,no.speider,1148,491,56,0.035375868603916616
no.alkohol,no.x,1192,301,51,0.03536754507628294
no.student.nett,no.typografi,452,280,25,0.03536067892503536
no.multimedia,no.speider,1383,491,64,0.03535911602209945
no.alt.frustrasjoner,no.skole.diverse,3039,563,123,0.03535498706524864
no.alt.pompel-og-pilt,no.speider,329,491,28,0.03535353535353535
no.alt.radio-tv.irma-1000,no.sources.list,309,101,14,0.03535353535353535
no.alt.radio-tv.irma-1000,no.it.emacs,309,394,24,0.035346097201767304
no.radio-tv,no.skole.diverse,2075,563,90,0.03532182103610675
no.alt.diskusjoner,no.norsk.fagord,2367,243,89,0.035303451011503374
no.hobby.diverse,no.musikk.gitar,817,1148,67,0.03530031612223393
no.hobby.diverse,no.sykkel,817,1148,67,0.03530031612223393
no.hobby.diverse,no.prat.ufo,817,327,39,0.03529411764705882
no.it.diverse,no.sport.diverse,605,1507,72,0.03529411764705882
no.alt.motorsykler,no.tele,1688,2097,129,0.03528446389496718
no.alt.config,no.film,407,2587,102,0.035269709543568464
no.prat.aksjer,no.stortinget,480,665,39,0.0352622061482821
no.alt.pompel-og-pilt,no.linux,329,3019,114,0.03525046382189239
no.it.emacs,no.nuug,394,164,19,0.03525046382189239
no.lisp,no.speider,302,491,27,0.03524804177545692
no.litteratur,no.radio_tv,1532,583,72,0.03524229074889868
no.alt.flame,no.alt.mat.drikke,2514,659,108,0.035236541598694944
no.biz.diskusjoner,no.medisin,431,1038,50,0.035236081747709654
no.c,no.reiser,1036,1050,71,0.03523573200992556
no.alt.sjokolade,no.biz.annonser.data,656,1548,75,0.035227806481916396
no.alt.gledesutbrudd,no.pressemeldinger,1753,334,71,0.03521825396825397
no.bolig,no.musikk,978,3667,158,0.03521283708491197
no.biz.annonser,no.lisp,2197,302,85,0.035211267605633804
no.alt.katter,no.linux,774,3019,129,0.035207423580786025
no.alt.frustrasjoner,no.biz.diskusjoner,3039,431,118,0.035202863961813845
no.musikk.gitar,no.pc,1148,7028,278,0.03519878450240567
no.news.diverse,no.student.samfund,1892,255,73,0.0351976856316297
no.alt.gledesutbrudd,no.folklore.overtro,1753,130,64,0.035184167124793844
no.student.nett,no.vr,452,166,21,0.035175879396984924
no.bolig,no.pc,978,7028,272,0.035169381949831914
no.alkohol,no.typografi,1192,280,50,0.035161744022503515
no.alt.god.jul,no.vr,570,166,25,0.035161744022503515
no.alt.diskusjoner,no.student.samfund,2367,255,89,0.03513620213185945
no.folklore.edb,no.nuug,219,164,13,0.03513513513513514
no.psykologi,no.tele,584,2097,91,0.03513513513513514
no.mail.diverse,no.slekt,993,1836,96,0.03512623490669594
no.biz.annonser.data,no.havforskning,1548,397,66,0.03512506652474721
no.it.diverse,no.spill,605,2992,122,0.035107913669064746
no.alt.irc-treff,no.bibsys,296,235,18,0.03508771929824561
no.eunet.drift,no.folklore.edb,135,219,12,0.03508771929824561
no.it.emacs,no.student.samfund,394,255,22,0.03508771929824561
no.biz.annonser.data,no.stortinget,1548,665,75,0.035079513564078575
no.kjemi,no.radio_tv,745,583,45,0.03507404520654715
no.alt.sjokolade,no.uninett.drift,656,112,26,0.03504043126684636
no.alt.mat,no.typografi,1286,280,53,0.03502974223397224
no.kjemi,no.uninett.drift,745,112,29,0.035024154589371984
no.it.diverse,no.reiser,605,1050,56,0.035021888680425266
no.litteratur,no.marked.bolig,1532,892,82,0.035012809564474806
no.it.emacs,no.pressemeldinger.diskusjon,394,79,16,0.0350109409190372
no.biz.diskusjoner,no.tegnsett,431,249,23,0.0350076103500761
no.biz.nettilbydere,no.litteratur,686,1532,75,0.03499766682221185
no.alt.pompel-og-pilt,no.prat.politikk,329,1150,50,0.03498950314905528
no.folklore.overtro,no.hobby.diverse,130,817,32,0.034972677595628415
no.general,no.skole.diverse,7075,563,258,0.034959349593495934
no.tele,no.x,2097,301,81,0.03495899870522227
no.bolig,no.vit.diverse,978,473,49,0.03495007132667618
no.marked.bil,no.vitser,1423,3555,168,0.03492723492723493
no.prat.aksjer,no.prat.politikk,480,1150,55,0.03492063492063492
no.biz.diskusjoner,no.www,431,3452,131,0.03491471215351812
no.marked.bil,no.medisin,1423,1038,83,0.03490328006728343
no.org.dnd,no.uninett.drift,66,112,6,0.03488372093023256
no.prat.seksualitet,no.student.nett,883,452,45,0.03488372093023256
no.prat.ufo,no.tungregning,327,118,15,0.03488372093023256
no.radio_tv,no.sources.wanted,583,218,27,0.03488372093023256
no.sources.list,no.uninett.skole,101,522,21,0.03488372093023256
no.folklore.overtro,no.litteratur,130,1532,56,0.034869240348692404
no.alt.pompel-og-pilt,no.bolig,329,978,44,0.03483768804433888
no.alt.fan.de-lillos,no.alt.sjokolade,176,656,28,0.03482587064676617
no.alt.irctreff,no.pressemeldinger,82,334,14,0.03482587064676617
no.amiga,no.kryptografi,1543,359,64,0.03482045701849837
no.alt.mat.drikke,no.audio,659,2492,106,0.034811165845648605
no.biz.diskusjoner,no.litteratur,431,1532,66,0.03479177648919346
no.bolig,no.mac,978,2742,125,0.03477051460361613
no.c,no.student.nett,1036,452,50,0.03477051460361613
no.pressemeldinger.diskusjon,no.stortinget,79,665,25,0.03477051460361613
no.alkohol,no.perl,1192,564,59,0.0347672362993518
no.alt.sjokolade,no.marked.bolig,656,892,52,0.034759358288770054
no.bibsys,no.mac,235,2742,100,0.03475842891901286
no.linux,no.psykologi,3019,584,121,0.03475014359563469
no.bolig,no.religion,978,1583,86,0.03474747474747475
no.ef,no.tungregning,567,118,23,0.03474320241691843
no.spill,no.sykkel,2992,1148,139,0.034741314671332166
no.multimedia,no.slekt,1383,1836,108,0.03471552555448409
no.alt.motorsykler,no.irc,1688,1472,106,0.03470857891290111
no.marked.bil,no.marked.diskusjon,1423,187,54,0.03470437017994859
no.alt.fan.de-lillos,no.alt.mat.drikke,176,659,28,0.03469640644361834
no.musikk.gitar,no.prat.politikk,1148,1150,77,0.03466906798739307
no.kryptografi,no.telepost,359,417,26,0.034666666666666665
no.biz.diskusjoner,no.vr,431,166,20,0.03466204506065858
no.eunet.diverse,no.uninett.katalog,141,68,7,0.034653465346534656
no.tele,no.uninett.diverse,2097,262,79,0.03464912280701754
no.alt.katter,no.x,774,301,36,0.03464870067372473
no.marked.bolig,no.student.nett,892,452,45,0.03464203233256351
no.general,no.it.emacs,7075,394,250,0.034630835295747335
no.marked.bolig,no.reiser,892,1050,65,0.03462972828982419
no.alt.diskusjoner,no.alt.pompelog,2367,143,84,0.03462489694971146
no.alt.flame,no.org.efn.diskusjon,2514,446,99,0.03460328556448794
no.biz.diskusjoner,no.norsk,431,1962,80,0.03458711629917856
no.film,no.marked.bil,2587,1423,134,0.03457172342621259
no.alt.mat.drikke,no.spill,659,2992,122,0.03457069991499008
no.tungregning,no.x,118,301,14,0.0345679012345679
no.alt.mat,no.x,1286,301,53,0.03455019556714472
no.marked.data,no.musikk.gitar,7987,1148,305,0.03454133635334088
no.bolig,no.typografi,978,280,42,0.03453947368421053
no.film,no.news.drift,2587,379,99,0.03453086850366237
no.amiga,no.vitser,1543,3555,170,0.03449675324675325
no.marked.bolig,no.musikk,892,3667,152,0.034490583163149534
no.bibsys,no.it.diverse,235,605,28,0.034482758620689655
no.medisin,no.video,1038,942,66,0.034482758620689655
no.tex,no.uninett.drift,218,112,11,0.034482758620689655
no.prat.ufo,no.radio-tv,327,2075,80,0.034453057708871665
no.student.nett,no.www,452,3452,130,0.034446210916799155
no.it.emacs,no.telepost,394,417,27,0.03443877551020408
no.ai,no.bolig,254,978,41,0.03442485306465155
no.c,no.vr,1036,166,40,0.03442340791738382
no.alt.tegneserier,no.marked.bil,1043,1423,82,0.034395973154362415
no.alt.arkiv,no.media,199,734,31,0.03436807095343681
no.alt.sjokolade,no.marked.diskusjon,656,187,28,0.0343558282208589
no.bibsys,no.prat.politikk,235,1150,46,0.03435399551904406
no.reiser,no.sykkel,1050,1148,73,0.034352941176470586
no.alt.katter,no.spill,774,2992,125,0.034331227684702
no.alt.pompel-og-pilt,no.pressemeldinger,329,334,22,0.0343213728549142
no.alt.arkiv,no.jus,199,1851,68,0.034308779011099896
no.alt.radio-tv.irma-1000,no.news.diverse,309,1892,73,0.03430451127819549
no.alt.mat.drikke,no.amiga,659,1543,73,0.03428839830906529
no.pc,no.sykkel,7028,1148,271,0.03428209993674889
no.alt.diskusjoner,no.marked.bolig,2367,892,108,0.0342748333862266
no.alt.frustrasjoner,no.uninett.skole,3039,522,118,0.03427243682834737
no.org.efn.diskusjon,no.tex,446,218,22,0.03426791277258567
no.alt.sjokolade,no.speider,656,491,38,0.034265103697024346
no.audio,no.religion,2492,1583,135,0.03426395939086294
no.bolig,no.marked.data,978,7987,297,0.03426395939086294
no.alt.motorsykler,no.spill,1688,2992,155,0.03425414364640884
no.marked.jobb,no.org.efn.diskusjon,2181,446,87,0.03425196850393701
no.alt.flame,no.pc,2514,7028,316,0.03425102969867765
no.musikk.klassisk,no.prat.narkotika,229,526,25,0.03424657534246575
no.mac,no.prat.seksualitet,2742,883,120,0.034236804564907276
no.prat.seksualitet,no.spill.rollespill,883,447,44,0.03421461897356143
no.bolig,no.uninett.diverse,978,262,41,0.03419516263552961
no.alt.amiga,no.eunet.diverse,343,141,16,0.03418803418803419
no.linux,no.tex,3019,218,107,0.034185303514377
no.alt.mat.drikke,no.tegnsett,659,249,30,0.03416856492027335
no.alt.irc-treff,no.tegnsett,296,249,18,0.03415559772296015
no.alt.god.jul,no.marked.diskusjon,570,187,25,0.03415300546448088
no.mail.drift,no.prat.ufo,430,327,25,0.03415300546448088
no.bolig,no.linux,978,3019,132,0.034152652005174644
no.alt.mat.drikke,no.radio_tv,659,583,41,0.03413821815154038
no.kryptografi,no.prat.seksualitet,359,883,41,0.03413821815154038
no.religion,no.spill.rollespill,1583,447,67,0.03413143148242486
no.multimedia,no.prat.narkotika,1383,526,63,0.03412784398699892
no.irc,no.marked.bolig,1472,892,78,0.03412073490813648
no.kjemi,no.marked.bolig,745,892,54,0.034112444725205304
no.marked,no.prat.politikk,8430,1150,316,0.034110535405872194
no.alt.irc-treff,no.medisin,296,1038,44,0.034108527131782945
no.prat.politikk,no.video,1150,942,69,0.034107760751359364
no.kryptografi,no.marked.diskusjon,359,187,18,0.03409090909090909
no.marked.jobb,no.prat.seksualitet,2181,883,101,0.03408707391157611
no.alt.frustrasjoner,no.kryptografi,3039,359,112,0.03408399269628728
no.alt.god.jul,no.folklore.edb,570,219,26,0.03407601572739188
no.alt.motorsykler,no.radio-tv,1688,2075,124,0.03407529541082715
no.alt.config,no.reiser,407,1050,48,0.034066713981547196
no.medisin,no.sykkel,1038,1148,72,0.03405865657521287
no.lisp,no.tele,302,2097,79,0.03405172413793103
no.alt.god.jul,no.standard,570,129,23,0.034023668639053255
no.news.drift,no.reiser,379,1050,47,0.03400868306801737
no.perl,no.vr,564,166,24,0.0339943342776204
no.alt.gledesutbrudd,no.student.samfund,1753,255,66,0.03398558187435633
no.marked.diskusjon,no.stortinget,187,665,28,0.03398058252427184
no.norsk.fagord,no.religion,243,1583,60,0.03397508493771234
no.embnet,no.norsk,260,1962,73,0.03396928804094928
no.alt.radio-tv.irma-1000,no.student.nett,309,452,25,0.033967391304347824
no.bibsys,no.prat.narkotika,235,526,25,0.033967391304347824
no.alt.config,no.marked.jobb,407,2181,85,0.03395924890131842
no.reiser,no.vit.diverse,1050,473,50,0.03394433129667346
no.ms-windows,no.stortinget,3235,665,128,0.033934252386002124
no.spill,no.stortinget,2992,665,120,0.033927056827820185
no.marked,no.reiser,8430,1050,311,0.03391863889191842
no.prat.aksjer,no.prat.narkotika,480,526,33,0.03391572456320658
no.alkohol,no.video,1192,942,70,0.03391472868217054
no.ef,no.pc,567,7028,249,0.03389599782194391
no.elektronikk,no.marked.bolig,2250,892,103,0.0338927278710102
no.folklore.edb,no.linux,219,3019,106,0.03384418901660281
no.eunet.diverse,no.kjemi,141,745,29,0.0338389731621937
no.alt.god.jul,no.student.samfund,570,255,27,0.03383458646616541
no.folklore.overtro,no.spill.sjakk,130,145,9,0.03383458646616541
no.alt.tegneserier,no.ms-windows,1043,3235,140,0.033832769453842435
no.org.efn.diskusjon,no.skole.diverse,446,563,33,0.03381147540983607
no.alt.config,no.prat.ufo,407,327,24,0.03380281690140845
no.typografi,no.www,280,3452,122,0.033795013850415515
no.linux,no.nuug,3019,164,104,0.03377720038973693
no.alt.irc-treff,no.student.samfund,296,255,18,0.03377110694183865
no.eunet.hjelp,no.mail.drift,244,430,22,0.03374233128834356
no.alt.mat.drikke,no.mac,659,2742,111,0.033738601823708206
no.alt.frustrasjoner,no.x,3039,301,109,0.0337356855462705
no.alt.katter,no.student.nett,774,452,40,0.03372681281618887
no.org.efn.diskusjon,no.sykkel,446,1148,52,0.03372243839169909
no.amiga,no.bibsys,1543,235,58,0.03372093023255814
no.alt.mat.drikke,no.ms-windows,659,3235,127,0.033713830634457126
no.slekt,no.sport.diverse,1836,1507,109,0.03370439084724799
no.general,no.news.drift,7075,379,243,0.03369851615587297
no.marked.bolig,no.media,892,734,53,0.033693579148124604
no.alt.radio-tv.irma-1000,no.org.nobug.diverse,309,90,13,0.03367875647668394
no.bibsys,no.skole.diverse,235,563,26,0.03367875647668394
no.film,no.it.diverse,2587,605,104,0.03367875647668394
no.alt.god.jul,no.spill,570,2992,116,0.03366221706326175
no.alt.gledesutbrudd,no.norsk.fagord,1753,243,65,0.033661315380631794
no.folklore.generelt,no.vr,49,166,7,0.03365384615384615
no.alt.mat.drikke,no.spill.rollespill,659,447,36,0.03364485981308411
no.it.emacs,no.reiser,394,1050,47,0.03364352183249821
no.radio-tv,no.sport.fotball,2075,629,88,0.03363914373088685
no.alt.frustrasjoner,no.tegnsett,3039,249,107,0.033637220999685635
no.irc,no.typografi,1472,280,57,0.033628318584070796
no.c,no.student.samfund,1036,255,42,0.03362690152121697
no.alt.pompel-og-pilt,no.musikk,329,3667,130,0.03362648732540093
no.alt.god.jul,no.biz.annonser,570,2197,90,0.03361972357116175
no.folklore.overtro,no.norsk,130,1962,68,0.03359683794466403
no.biz.diskusjoner,no.marked.bolig,431,892,43,0.03359375
no.havforskning,no.typografi,397,280,22,0.03358778625954199
no.multimedia,no.sources.wanted,1383,218,52,0.03357004519044545
no.mac,no.sport.diverse,2742,1507,138,0.03356847482364388
no.ai,no.litteratur,254,1532,58,0.03356481481481482
no.eunet.hjelp,no.sources.wanted,244,218,15,0.03355704697986577
no.radio_tv,no.tele,583,2097,87,0.03355187042036251
no.litteratur,no.student.samfund,1532,255,58,0.0335454019664546
no.alt.mat,no.test,1286,6386,249,0.03354438906102654
no.alt.radio-tv.irma-1000,no.musikk,309,3667,129,0.03353262282297895
no.musikk.klassisk,no.stortinget,229,665,29,0.03352601156069364
no.alt.god.jul,no.video,570,942,49,0.03349282296650718
no.mail.drift,no.tex,430,218,21,0.03349282296650718
no.ef,no.uninett.drift,567,112,22,0.0334855403348554
no.alt.amiga,no.radio_tv,343,583,30,0.033482142857142856
no.alt.tegneserier,no.folklore.overtro,1043,130,38,0.033480176211453744
no.mac,no.sykkel,2742,1148,126,0.0334750265674814
no.eunet.drift,no.uninett.drift,135,112,8,0.03347280334728033
no.kryptografi,no.vr,359,166,17,0.03346456692913386
no.litteratur,no.spill.rollespill,1532,447,64,0.03342036553524804
no.sykkel,no.uninett.skole,1148,522,54,0.03341584158415842
no.alt.pompel-og-pilt,no.unix,329,1435,57,0.033391915641476276
no.alt.tegneserier,no.nuug,1043,164,39,0.03339041095890411
no.alt.motorsykler,no.c,1688,1036,88,0.03338391502276176
no.alt.irc-treff,no.www,296,3452,121,0.03336090432864627
no.biz.diskusjoner,no.religion,431,1583,65,0.033350436121087734
no.alt.arkiv,no.folklore.generelt,199,49,8,0.03333333333333333
no.biz.nettilbydere,no.reiser,686,1050,56,0.03333333333333333
no.prat.narkotika,no.typografi,526,280,26,0.03333333333333333
no.prat.ufo,no.uninett.diverse,327,262,19,0.03333333333333333
no.pressemeldinger,no.student.samfund,334,255,19,0.03333333333333333
no.pressemeldinger.diskusjon,no.uninett.diverse,79,262,11,0.03333333333333333
no.student.nett,no.telepost,452,417,28,0.03329369797859691
no.alt.radio_tv.irma1000,no.ef,209,567,25,0.033288948069241014
no.audio,no.marked.bolig,2492,892,109,0.033282442748091605
no.havforskning,no.unix,397,1435,59,0.03327693175408911
no.alt.radio-tv.irma-1000,no.folklore.edb,309,219,17,0.033268101761252444
no.reiser,no.unix,1050,1435,80,0.033264033264033266
no.alt.pompelog,no.stortinget,143,665,26,0.03324808184143223
no.stortinget,no.uninett.drift,665,112,25,0.03324468085106383
no.ms-windows,no.musikk.gitar,3235,1148,141,0.03323903818953324
no.amiga,no.embnet,1543,260,58,0.0332378223495702
no.alkohol,no.alt.fan.de-lillos,1192,176,44,0.03323262839879154
no.tex,no.uninett.hjelp,218,124,11,0.03323262839879154
no.alt.tegneserier,no.bolig,1043,978,65,0.033231083844580775
no.audio,no.biz.diskusjoner,2492,431,94,0.03322728879462708
no.ai,no.news.diverse,254,1892,69,0.03322099181511796
no.litteratur,no.marked.bil,1532,1423,95,0.033216783216783216
no.alt.motorsykler,no.reiser,1688,1050,88,0.03320754716981132
no.litteratur,no.speider,1532,491,65,0.03319713993871297
no.amiga,no.bolig,1543,978,81,0.033196721311475406
no.ai,no.eunet.hjelp,254,244,16,0.03319502074688797
no.sources.wanted,no.typografi,218,280,16,0.03319502074688797
no.alt.fan.de-lillos,no.embnet,176,260,14,0.03317535545023697
no.alt.tegneserier,no.student.nett,1043,452,48,0.0331720801658604
no.alt.mat.drikke,no.musikk.gitar,659,1148,58,0.03316180674671241
no.biz.annonser,no.student.nett,2197,452,85,0.03315132605304212
no.alkohol,no.speider,1192,491,54,0.03314917127071823
no.alt.irc-treff,no.student.nett,296,452,24,0.03314917127071823
no.tele,no.uninett.skole,2097,522,84,0.033136094674556214
no.mail.drift,no.video,430,942,44,0.03313253012048193
no.general,no.video,7075,942,257,0.03311855670103093
no.c,no.norsk.fagord,1036,243,41,0.033117932148626815
no.alt.arkiv,no.it.emacs,199,394,19,0.033101045296167246
no.biz.annonser,no.test,2197,6386,275,0.033100625902744346
no.havforskning,no.sport.diverse,397,1507,61,0.033098209441128595
no.alt.sjokolade,no.sources.wanted,656,218,28,0.03309692671394799
no.marked.jobb,no.news.drift,2181,379,82,0.033091202582728005
no.mac,no.video,2742,942,118,0.03309029725182277
no.alt.mat,no.marked.data,1286,7987,297,0.03308823529411765
no.hobby.diverse,no.marked.jobb,817,2181,96,0.03308063404548587
no.audio,no.prat.seksualitet,2492,883,108,0.03305785123966942
no.news.diverse,no.prat.ufo,1892,327,71,0.033054003724394786
no.bolig,no.vitser,978,3555,145,0.03304466727438469
no.alt.config,no.marked.diskusjon,407,187,19,0.03304347826086956
no.spill,no.spill.rollespill,2992,447,110,0.033042955842595374
no.marked.jobb,no.test,2181,6386,274,0.03303991317979019
no.kjemi,no.uninett.katalog,745,68,26,0.03303684879288437
no.amiga,no.lisp,1543,302,59,0.03303471444568869
no.alt.god.jul,no.tungregning,570,118,22,0.03303303303303303
no.alt.radio-tv.irma-1000,no.video,309,942,40,0.03303055326176713
no.embnet,no.org.isoc-no,260,53,10,0.033003300330033
no.biz,no.bolig,55,978,33,0.033
no.alt.mat.drikke,no.skole.diverse,659,563,39,0.03296703296703297
no.bibsys,no.eunet.diverse,235,141,12,0.03296703296703297
no.folklore.generelt,no.prat.ufo,49,327,12,0.03296703296703297
no.film,no.marked.bolig,2587,892,111,0.032957244655581946
no.alt.arkiv,no.uninett.skole,199,522,23,0.0329512893982808
no.irc,no.video,1472,942,77,0.0329482242190843
no.alt.mat,no.folklore.edb,1286,219,48,0.032944406314344546
no.sources.wanted,no.sport.diverse,218,1507,55,0.03293413173652695
no.hobby.diverse,no.marked.diskusjon,817,187,32,0.03292181069958848
no.speider,no.spill,491,2992,111,0.03291814946619217
no.alt.amiga,no.ef,343,567,29,0.032917139614074914
no.eunet.drift,no.mail.drift,135,430,18,0.03290676416819013
no.tegnsett,no.vit.diverse,249,473,23,0.032904148783977114
no.c,no.video,1036,942,63,0.03289817232375979
no.ef,no.tex,567,218,25,0.03289473684210526
no.radio-tv,no.typografi,2075,280,75,0.03289473684210526
no.musikk,no.musikk.klassisk,3667,229,124,0.032873806998939555
no.kjemi,no.marked.bil,745,1423,69,0.03287279656979514
no.linux,no.tegnsett,3019,249,104,0.03286978508217446
no.alt.irc-treff,no.psykologi,296,584,28,0.03286384976525822
no.folklore.overtro,no.org.nobug.diverse,130,90,7,0.03286384976525822
no.lisp,no.prat.ufo,302,327,20,0.03284072249589491
no.alkohol,no.student.samfund,1192,255,46,0.03283369022127052
no.alt.irc-treff,no.uninett.skole,296,522,26,0.03282828282828283
no.musikk.klassisk,no.norsk.fagord,229,243,15,0.03282275711159737
no.alt.irc-treff,no.unix,296,1435,55,0.03281622911694511
no.alt.frustrasjoner,no.alt.pompel-og-pilt,3039,329,107,0.032812020852499235
no.alkohol,no.biz.annonser.data,1192,1548,87,0.03279306445533359
no.alt.arkiv,no.org.isoc-no,199,53,8,0.03278688524590164
no.bolig,no.folklore.edb,978,219,38,0.03278688524590164
no.alt.mat.drikke,no.pc,659,7028,244,0.03278248018272202
no.amiga,no.prat.seksualitet,1543,883,77,0.032779906343124735
no.alt.frustrasjoner,no.havforskning,3039,397,109,0.03276224827171626
no.linux,no.telepost,3019,417,109,0.03276224827171626
no.alt.tegneserier,no.sources.wanted,1043,218,40,0.03276003276003276
no.alkohol,no.it.diverse,1192,605,57,0.032758620689655175
no.kjemi,no.prat.ufo,745,327,34,0.03275529865125241
no.alt.motorsykler,no.unix,1688,1435,99,0.03273809523809524
no.amiga,no.marked.bil,1543,1423,94,0.032729805013927575
no.pc,no.reiser,7028,1050,256,0.03272820250575301
no.alt.motorsykler,no.litteratur,1688,1532,102,0.0327132777421424
no.uninett.drift,no.unix,112,1435,49,0.03271028037383177
no.religion,no.typografi,1583,280,59,0.03270509977827051
no.alt.config,no.musikk,407,3667,129,0.03269961977186312
no.alt.motorsykler,no.linux,1688,3019,149,0.03268977621763931
no.psykologi,no.vitser,584,3555,131,0.03268463073852296
no.alt.motorsykler,no.kjemi,1688,745,77,0.03268251273344652
no.alt.arkiv,no.biz.nettilbydere,199,686,28,0.03267211201866978
no.alt.diskusjoner,no.folklore.overtro,2367,130,79,0.032671629445823
no.net,no.uninett.drift,1216,112,42,0.03265940902021773
no.eunet.diverse,no.uninett.drift,141,112,8,0.0326530612244898
no.eunet.drift,no.tungregning,135,118,8,0.0326530612244898
no.alt.motorsykler,no.sport.diverse,1688,1507,101,0.03264382676147382
no.hobby.diverse,no.marked.bolig,817,892,54,0.03262839879154079
no.alkohol,no.marked.data,1192,7987,290,0.03262459219259759
no.alt.tegneserier,no.student.samfund,1043,255,41,0.03261734287987271
no.embnet,no.medisin,260,1038,41,0.03261734287987271
no.general,no.havforskning,7075,397,236,0.0326147042564953
no.ai,no.religion,254,1583,58,0.032602585722315905
no.elektronikk,no.news.drift,2250,379,83,0.03260015710919089
no.alt.katter,no.mac,774,2742,111,0.03259911894273128
no.alt.flame,no.multimedia,2514,1383,123,0.03259141494435612
no.alt.motorsykler,no.musikk,1688,3667,169,0.03258773621288083
no.alt.radio-tv.irma-1000,no.linux,309,3019,105,0.032578343158547934
no.folklore.overtro,no.marked.diskusjon,130,187,10,0.03257328990228013
no.hobby.diverse,no.linux,817,3019,121,0.032570659488559896
no.biz.nettilbydere,no.spill,686,2992,116,0.03256597417181359
no.nuug,no.typografi,164,280,14,0.03255813953488372
no.marked.jobb,no.student.nett,2181,452,83,0.032549019607843135
no.alt.amiga,no.embnet,343,260,19,0.032534246575342464
no.mail.diverse,no.tungregning,993,118,35,0.032527881040892194
no.alt.arkiv,no.hobby.diverse,199,817,32,0.032520325203252036
no.litteratur,no.perl,1532,564,66,0.03251231527093596
no.ms-windows,no.sykkel,3235,1148,138,0.03250883392226148
no.alt.motorsykler,no.ms-windows,1688,3235,155,0.032508389261744965
no.alt.mat,no.pressemeldinger,1286,334,51,0.032504780114722756
no.alt.katter,no.video,774,942,54,0.032490974729241874
no.media,no.test,734,6386,224,0.03248259860788863
no.news.drift,no.org.dnd,379,66,14,0.03248259860788863
no.biz.nettilbydere,no.uninett.skole,686,522,38,0.03247863247863248
no.mac,no.marked.bil,2742,1423,131,0.03247397124442241
no.ai,no.student.samfund,254,255,16,0.032454361054766734
no.prat.politikk,no.tex,1150,218,43,0.03245283018867925
no.alt.frustrasjoner,no.pressemeldinger,3039,334,106,0.032445668809305175
no.biz.annonser.data,no.sport.diverse,1548,1507,96,0.03244339303818858
no.bibsys,no.medisin,235,1038,40,0.032441200324412
no.havforskning,no.prat.narkotika,397,526,29,0.03243847874720358
no.film,no.perl,2587,564,99,0.032437745740498035
no.biz.nettilbydere,no.x,686,301,31,0.032426778242677826
no.ef,no.musikk.klassisk,567,229,25,0.0324254215304799
no.prat.narkotika,no.pressemeldinger.diskusjon,526,79,19,0.032423208191126277
no.amiga,no.biz.nettilbydere,1543,686,70,0.03242241778601204
no.prat.narkotika,no.pressemeldinger,526,334,27,0.03241296518607443
no.linux,no.uninett.diverse,3019,262,103,0.03241032095657646
no.marked.jobb,no.video,2181,942,98,0.03239669421487603
no.stortinget,no.uninett.katalog,665,68,23,0.0323943661971831
no.alt.motorsykler,no.mac,1688,2742,139,0.03239338149615474
no.video,no.x,942,301,39,0.03239202657807309
no.c,no.prat.narkotika,1036,526,49,0.03238598810310641
no.audio,no.stortinget,2492,665,99,0.03237410071942446
no.alt.sjokolade,no.ms-windows,656,3235,122,0.03236932873441231
no.radio_tv,no.spill,583,2992,112,0.03234190008663009
no.biz.nettilbydere,no.video,686,942,51,0.032339885859226376
no.ef,no.prat.ufo,567,327,28,0.03233256351039261
no.embnet,no.marked.diskusjon,260,187,14,0.03233256351039261
no.prat.seksualitet,no.uninett.skole,883,522,44,0.03232916972814107
no.mail.drift,no.marked.bil,430,1423,58,0.03231197771587744
no.litteratur,no.telepost,1532,417,61,0.0323093220338983
no.folklore.edb,no.student.nett,219,452,21,0.03230769230769231
no.alt.arkiv,no.alt.motorsykler,199,1688,59,0.032275711159737416
no.marked.diskusjon,no.news.diverse,187,1892,65,0.03227408142999007
no.folklore.generelt,no.pressemeldinger.diskusjon,49,79,4,0.03225806451612903
no.tex,no.vr,218,166,12,0.03225806451612903
no.alt.flame,no.spill,2514,2992,172,0.03224596925384327
no.radio-tv,no.uninett.diverse,2075,262,73,0.03224381625441696
no.alt.radio-tv.irma-1000,no.biz.annonser.data,309,1548,58,0.032240133407448586
no.lisp,no.skole.diverse,302,563,27,0.032219570405727926
no.sykkel,no.uninett.diverse,1148,262,44,0.032210834553440704
no.alt.frustrasjoner,no.uninett.diverse,3039,262,103,0.032207629768605375
no.linux,no.sykkel,3019,1148,130,0.03220213029477335
no.kryptografi,no.sources.wanted,359,218,18,0.03220035778175313
no.marked.bolig,no.norsk,892,1962,89,0.03218806509945751
no.psykologi,no.sykkel,584,1148,54,0.03218116805721097
no.radio-tv,no.speider,2075,491,80,0.032180209171359615
no.news.drift,no.prat.ufo,379,327,22,0.03216374269005848
no.musikk,no.vit.diverse,3667,473,129,0.03216155572176515
no.kjemi,no.tex,745,218,30,0.03215434083601286
no.ef,no.video,567,942,47,0.032147742818057455
no.musikk.gitar,no.uninett.skole,1148,522,52,0.032138442521631644
no.alt.arkiv,no.prat.politikk,199,1150,42,0.032134659525631215
no.folklore.edb,no.psykologi,219,584,25,0.032133676092544985
no.net,no.slekt,1216,1836,95,0.032127155901251266
no.org.efn.diskusjon,no.spill,446,2992,107,0.03212248574001801
no.alt.pompel-og-pilt,no.marked.bolig,329,892,38,0.032121724429416736
no.alt.god.jul,no.tele,570,2097,83,0.03212074303405573
no.it.diverse,no.psykologi,605,584,37,0.03211805555555555
no.alt.config,no.biz.annonser,407,2197,81,0.03210463733650416
no.alt.motorsykler,no.alt.radio_tv.irma1000,1688,209,59,0.032100108813928184
no.biz.annonser,no.musikk.gitar,2197,1148,104,0.032088861462511574
no.mail.diverse,no.mswindow,993,358,42,0.03208556149732621
no.biz.annonser,no.vit.diverse,2197,473,83,0.03208349439505218
no.norsk.fagord,no.prat.seksualitet,243,883,35,0.032080659945004586
no.folklore.overtro,no.telepost,130,417,17,0.03207547169811321
no.alt.irc-treff,no.it.diverse,296,605,28,0.032073310423825885
no.marked.jobb,no.uninett.skole,2181,522,84,0.032073310423825885
no.alt.mat,no.folklore.overtro,1286,130,44,0.03206997084548105
no.ai,no.alt.flame,254,2514,86,0.03206562266964952
no.perl,no.uninett.drift,564,112,21,0.03206106870229008
no.elektronikk,no.radio_tv,2250,583,88,0.032058287795992714
no.org.decus,no.sport.orientering,18,143,5,0.03205128205128205
no.alt.mat,no.biz.annonser.data,1286,1548,88,0.032046613255644577
no.org.efn.diskusjon,no.prat.ufo,446,327,24,0.03204272363150868
no.elektronikk,no.kryptografi,2250,359,81,0.032041139240506326
no.org.nobug.diverse,no.uninett.skole,90,522,19,0.03204047217537943
no.mac,no.telepost,2742,417,98,0.03201568114995099
no.alt.motorsykler,no.marked.jobb,1688,2181,120,0.03200853560949587
no.prat.politikk,no.x,1150,301,45,0.032005689900426744
no.alt.irc-treff,no.norsk,296,1962,70,0.031992687385740404
no.alt.frustrasjoner,no.folklore.edb,3039,219,101,0.031992397846056383
no.alt.god.jul,no.x,570,301,27,0.031990521327014215
no.eunet.diverse,no.irc,141,1472,50,0.03198976327575176
no.biz.diskusjoner,no.org.isoc-no,431,53,15,0.031982942430703626
no.musikk.klassisk,no.student.samfund,229,255,15,0.031982942430703626
no.alt.flame,no.kjemi,2514,745,101,0.031982267257758074
no.it.emacs,no.marked.diskusjon,394,187,18,0.03197158081705151
no.musikk.gitar,no.unix,1148,1435,80,0.03196164602477027
no.litteratur,no.sykkel,1532,1148,83,0.03195995379283789
no.perl,no.sykkel,564,1148,53,0.031946955997588906
no.bolig,no.news.drift,978,379,42,0.03193916349809886
no.alt.mat.drikke,no.marked.bolig,659,892,48,0.031936127744510975
no.amiga,no.prat.narkotika,1543,526,64,0.03192019950124688
no.folklore.overtro,no.student.nett,130,452,18,0.031914893617021274
no.mail.drift,no.marked,430,8430,274,0.031912415560214305
no.alt.tegneserier,no.folklore.edb,1043,219,39,0.03188879803761243
no.embnet,no.student.nett,260,452,22,0.03188405797101449
no.eunet.diverse,no.tungregning,141,118,8,0.03187250996015936
no.it.emacs,no.uninett.hjelp,394,124,16,0.03187250996015936
no.hobby.diverse,no.vitser,817,3555,135,0.03186216662733066
no.pc,no.radio_tv,7028,583,235,0.03186008676789588
no.biz.annonser.data,no.prat.narkotika,1548,526,64,0.031840796019900496
no.litteratur,no.sources.wanted,1532,218,54,0.031839622641509434
no.alt.arkiv,no.telepost,199,417,19,0.031825795644891124
no.speider,no.student.samfund,491,255,23,0.0318118948824343
no.marked.data,no.religion,7987,1583,295,0.031805929919137464
no.alt.sjokolade,no.spill.rollespill,656,447,34,0.031805425631431246
no.alt.tegneserier,no.telepost,1043,417,45,0.03180212014134275
no.mac,no.marked.bolig,2742,892,112,0.03180011357183418
no.biz.diskusjoner,no.sources.wanted,431,218,20,0.03179650238473768
no.havforskning,no.org.nobug.diverse,397,90,15,0.03177966101694915
no.alt.frustrasjoner,no.alt.pompelog,3039,143,98,0.031776913099870296
no.ms-windows,no.perl,3235,564,117,0.031776208582292235
no.biz.annonser.data,no.reiser,1548,1050,80,0.03177124702144559
no.news.drift,no.skole.diverse,379,563,29,0.03176341730558598
no.it.diverse,no.mac,605,2742,103,0.03175092478421702
no.alt.god.jul,no.norsk.fagord,570,243,25,0.031725888324873094
no.sources.list,no.student.nett,101,452,17,0.03171641791044776
no.marked.bil,no.sport.diverse,1423,1507,90,0.03169014084507042
no.alt.frustrasjoner,no.marked.bil,3039,1423,137,0.03167630057803468
no.uninett.diverse,no.www,262,3452,114,0.03166666666666667
no.alt.diskusjoner,no.slekt,2367,1836,129,0.03166421207658321
no.alt.god.jul,no.biz.annonser.data,570,1548,65,0.031660983925962005
no.c,no.sykkel,1036,1148,67,0.03164855928200284
no.prat.narkotika,no.student.nett,526,452,30,0.03164556962025317
no.alt.mat.drikke,no.telepost,659,417,33,0.031639501438159155
no.bolig,no.uninett.skole,978,522,46,0.03163686382393398
no.c,no.pressemeldinger,1036,334,42,0.03162650602409638
no.www,no.x,3452,301,115,0.03161077515118197
no.biz.diskusjoner,no.uninett.hjelp,431,124,17,0.031598513011152414
no.student.nett,no.sykkel,452,1148,49,0.03159252095422308
no.radio_tv,no.sykkel,583,1148,53,0.03158522050059595
no.marked.jobb,no.pressemeldinger,2181,334,77,0.03158326497128794
no.marked.data,no.media,7987,734,267,0.03158268275372605
no.folklore.overtro,no.nuug,130,164,9,0.031578947368421054
no.alt.arkiv,no.news.diverse,199,1892,64,0.031573754316724226
no.bibsys,no.video,235,942,36,0.03155127081507449
no.musikk.klassisk,no.prat.seksualitet,229,883,34,0.03153988868274583
no.bibsys,no.student.nett,235,452,21,0.03153153153153153
no.alt.radio-tv.irma-1000,no.typografi,309,280,18,0.03152364273204904
no.sport.diverse,no.uninett.skole,1507,522,62,0.0315200813421454
no.litteratur,no.x,1532,301,56,0.031513787281935844
no.musikk.klassisk,no.uninett.diverse,229,262,15,0.031512605042016806
no.alt.gledesutbrudd,no.marked.bil,1753,1423,97,0.03150373497888925
no.alt.pompel-og-pilt,no.hobby.diverse,329,817,35,0.0315031503150315
no.general,no.uninett.skole,7075,522,232,0.031500339443312965
no.alt.fan.de-lillos,no.alt.katter,176,774,29,0.031487513572204126
no.kryptografi,no.reiser,359,1050,43,0.0314787701317716
no.biz.annonser,no.kryptografi,2197,359,78,0.031476997578692496
no.alt.sjokolade,no.musikk.klassisk,656,229,27,0.03146853146853147
no.audio,no.sport.diverse,2492,1507,122,0.0314676296105236
no.multimedia,no.test,1383,6386,237,0.03146574614976102
no.ef,no.marked.diskusjon,567,187,23,0.03146374829001368
no.musikk.gitar,no.uninett.diverse,1148,262,43,0.03145574250182882
no.alt.mat,no.student.nett,1286,452,53,0.0314540059347181
no.norsk,no.pressemeldinger,1962,334,70,0.031446540880503145
no.psykologi,no.spill,584,2992,109,0.031439284684164986
no.musikk.gitar,no.prat.narkotika,1148,526,51,0.031423290203327174
no.video,no.vitser,942,3555,137,0.031422018348623855
no.bil,no.it.diverse,2153,605,84,0.031413612565445025
no.ef,no.marked,567,8430,274,0.03141121173908059
no.alt.radio_tv.irma1000,no.sources.wanted,209,218,13,0.03140096618357488
no.mail.diverse,no.uninett.hjelp,993,124,34,0.03139427516158818
no.alt.diskusjoner,no.prat.ufo,2367,327,82,0.03139356814701378
no.kryptografi,no.sources.list,359,101,14,0.03139013452914798
no.prat.aksjer,no.vit.diverse,480,473,29,0.031385281385281384
no.perl,no.sport.diverse,564,1507,63,0.03137450199203187
no.alt.arkiv,no.prat.ufo,199,327,16,0.03137254901960784
no.mail.drift,no.reiser,430,1050,45,0.0313588850174216
no.alt.config,no.tex,407,218,19,0.03135313531353135
no.marked.bolig,no.musikk.gitar,892,1148,62,0.03134479271991911
no.video,no.vit.diverse,942,473,43,0.03134110787172012
no.alt.radio-tv.irma-1000,no.org.isoc-no,309,53,11,0.03133903133903134
no.biz.nettilbydere,no.marked,686,8430,277,0.03133838669532753
no.alt.gledesutbrudd,no.student.nett,1753,452,67,0.0313376987839102
no.embnet,no.religion,260,1583,56,0.03133743704532736
no.biz.diskusjoner,no.reiser,431,1050,45,0.031337047353760444
no.it.diverse,no.marked.data,605,7987,261,0.03132877205617573
no.alt.arkiv,no.musikk.klassisk,199,229,13,0.03132530120481928
no.alt.mat.drikke,no.biz.annonser.data,659,1548,67,0.03130841121495327
no.hobby.diverse,no.mac,817,2742,108,0.03129527673138221
no.it.emacs,no.marked.bolig,394,892,39,0.03127506014434643
no.alt.config,no.bolig,407,978,42,0.03127326880119136
no.alt.motorsykler,no.musikk.gitar,1688,1148,86,0.03127272727272727
no.biz.annonser.data,no.skole.diverse,1548,563,64,0.03126526624328285
no.alt.fan.de-lillos,no.biz,176,55,7,0.03125
no.alt.irc-treff,no.havforskning,296,397,21,0.03125
no.it.emacs,no.marked.jobb,394,2181,78,0.031237484981978373
no.tele,no.typografi,2097,280,72,0.031236442516268982
no.mail.drift,no.ms-windows,430,3235,111,0.031232414181204277
no.alt.mat,no.marked.bil,1286,1423,82,0.03121431290445375
no.alt.amiga,no.telepost,343,417,23,0.031207598371777476
no.news.drift,no.spill,379,2992,102,0.03120220250841236
no.alkohol,no.folklore.overtro,1192,130,40,0.031201248049921998
no.havforskning,no.marked.bolig,397,892,39,0.0312
no.bil,no.kryptografi,2153,359,76,0.031198686371100164
no.religion,no.x,1583,301,57,0.031198686371100164
no.biz.diskusjoner,no.nuug,431,164,18,0.03119584055459272
no.biz,no.c,55,1036,33,0.031190926275992438
no.alt.radio-tv.irma-1000,no.marked.diskusjon,309,187,15,0.031185031185031187
no.org.efn.diskusjon,no.spill.rollespill,446,447,27,0.03117782909930716
no.it.diverse,no.student.samfund,605,255,26,0.03117505995203837
no.elektronikk,no.perl,2250,564,85,0.031146940271161598
no.biz.annonser,no.marked.diskusjon,2197,187,72,0.031141868512110725
no.ai,no.unix,254,1435,51,0.031135531135531136
no.eunet.hjelp,no.psykologi,244,584,25,0.031133250311332503
no.eunet.diverse,no.uninett.hjelp,141,124,8,0.0311284046692607
no.mswindow,no.www,358,3452,115,0.03112313937753721
no.alt.flame,no.linux,2514,3019,167,0.031121878494222883
no.alt.katter,no.ms-windows,774,3235,121,0.031121399176954733
no.alt.frustrasjoner,no.alt.radio_tv.irma1000,3039,209,98,0.03111111111111111
no.alt.radio_tv.irma1000,no.student.samfund,209,255,14,0.03111111111111111
no.org.dnd,no.vr,66,166,7,0.03111111111111111
no.alt.pompelog,no.net,143,1216,41,0.03110773899848255
no.psykologi,no.slekt,584,1836,73,0.03110353642948445
no.ef,no.marked.bolig,567,892,44,0.03109540636042403
no.irc,no.student.nett,1472,452,58,0.031082529474812434
no.marked.data,no.medisin,7987,1038,272,0.03107505997943562
no.bibsys,no.linux,235,3019,98,0.031051964512040557
no.marked.diskusjon,no.video,187,942,34,0.031050228310502283
no.alt.diskusjoner,no.speider,2367,491,86,0.031024531024531024
no.bibsys,no.news.diverse,235,1892,64,0.031022782355792537
no.embnet,no.unix,260,1435,51,0.03102189781021898
no.alt.mat,no.norsk.fagord,1286,243,46,0.031018206338503034
no.alt.config,no.bil,407,2153,77,0.031010873942811115
no.embnet,no.it.diverse,260,605,26,0.03098927294398093
no.irc,no.marked.bil,1472,1423,87,0.030982905982905984
no.standard,no.unix,129,1435,47,0.03098220171390903
no.embnet,no.musikk,260,3667,118,0.030979259648201626
no.musikk.gitar,no.radio_tv,1148,583,52,0.030970815961882073
no.audio,no.it.diverse,2492,605,93,0.030958721704394142
no.marked.diskusjon,no.org.efn.diskusjon,187,446,19,0.030944625407166124
no.bolig,no.student.samfund,978,255,37,0.030936454849498328
no.prat.narkotika,no.sport.diverse,526,1507,61,0.030933062880324543
no.embnet,no.sport.diverse,260,1507,53,0.030921820303383897
no.prat.politikk,no.telepost,1150,417,47,0.030921052631578946
no.alt.fan.de-lillos,no.speider,176,491,20,0.030911901081916538
no.marked.diskusjon,no.typografi,187,280,14,0.03090507726269316
no.folklore.edb,no.multimedia,219,1383,48,0.03088803088803089
no.it.diverse,no.musikk,605,3667,128,0.03088803088803089
no.pressemeldinger,no.unix,334,1435,53,0.030885780885780884
no.it.diverse,no.litteratur,605,1532,64,0.03087313072841293
no.folklore.generelt,no.tungregning,49,118,5,0.030864197530864196
no.reiser,no.spill,1050,2992,121,0.030859474623820455
no.alt.flame,no.tele,2514,2097,138,0.03085177733065057
no.marked.bil,no.prat.seksualitet,1423,883,69,0.030844881537773806
no.musikk.klassisk,no.vit.diverse,229,473,21,0.030837004405286344
no.spill.rollespill,no.student.samfund,447,255,21,0.030837004405286344
no.amiga,no.mail.drift,1543,430,59,0.03082549634273772
no.reiser,no.student.samfund,1050,255,39,0.030805687203791468
no.marked.jobb,no.uninett.diverse,2181,262,73,0.03080168776371308
no.marked.data,no.prat.seksualitet,7987,883,265,0.030796048808832074
no.biz.nettilbydere,no.musikk,686,3667,130,0.030783802983660905
no.radio_tv,no.uninett.skole,583,522,33,0.030783582089552237
no.eunet.drift,no.pressemeldinger,135,334,14,0.03076923076923077
no.sources.list,no.x,101,301,12,0.03076923076923077
no.amiga,no.medisin,1543,1038,77,0.03075079872204473
no.news.diverse,no.slekt.programmer,1892,589,74,0.030743664312422102
no.mail.drift,no.spill,430,2992,102,0.03072289156626506
no.marked.bolig,no.pc,892,7028,236,0.03071317022384175
no.alt.god.jul,no.it.diverse,570,605,35,0.03070175438596491
no.ai,no.norsk,254,1962,66,0.030697674418604652
no.alt.radio-tv.irma-1000,no.perl,309,564,26,0.030696576151121605
no.mac,no.radio_tv,2742,583,99,0.03068815871047737
no.pc,no.stortinget,7028,665,229,0.030680600214362273
no.alkohol,no.folklore.edb,1192,219,42,0.030679327976625273
no.alt.tegneserier,no.x,1043,301,40,0.03067484662576687
no.bibsys,no.sources.list,235,101,10,0.03067484662576687
no.ai,no.alt.frustrasjoner,254,3039,98,0.030672926447574335
no.org.efn.diskusjon,no.vitser,446,3555,119,0.0306543019062339
no.hobby.diverse,no.sport.fotball,817,629,43,0.030648610121168925
no.mail.diverse,no.tex,993,218,36,0.030638297872340424
no.kryptografi,no.uninett.drift,359,112,14,0.030634573304157548
no.alt.sjokolade,no.folklore.edb,656,219,26,0.030624263839811542
no.alt.tegneserier,no.eunet.drift,1043,135,35,0.03062117235345582
no.bolig,no.x,978,301,38,0.030620467365028204
no.alt.arkiv,no.multimedia,199,1383,47,0.03061889250814332
no.alt.flame,no.psykologi,2514,584,92,0.030605455755156354
no.alt.pompel-og-pilt,no.norsk,329,1962,68,0.030589293747188485
no.elektronikk,no.org.efn.diskusjon,2250,446,80,0.03058103975535168
no.elektronikk,no.psykologi,2250,584,84,0.030545454545454546
no.alt.pompel-og-pilt,no.spill.rollespill,329,447,23,0.03054448871181939
no.pc,no.perl,7028,564,225,0.03054160445228723
no.media,no.spill.rollespill,734,447,35,0.030541012216404886
no.alt.fan.de-lillos,no.musikk.klassisk,176,229,12,0.030534351145038167
no.alt.pompelog,no.uninett.diverse,143,262,12,0.030534351145038167
no.alt.flame,no.unix,2514,1435,117,0.030532359081419623
no.alt.radio-tv.irma-1000,no.folklore.overtro,309,130,13,0.03051643192488263
no.alt.katter,no.pc,774,7028,231,0.030511161009113722
no.alt.irctreff,no.irc,82,1472,46,0.03050397877984085
no.alt.diskusjoner,no.bibsys,2367,235,77,0.030495049504950494
no.kryptografi,no.marked.bolig,359,892,37,0.030477759472817133
no.alt.amiga,no.alt.god.jul,343,570,27,0.030474040632054177
no.alt.sjokolade,no.sport.fotball,656,629,38,0.030473135525260625
no.alt.motorsykler,no.prat.seksualitet,1688,883,76,0.030460921843687375
no.prat.ufo,no.pressemeldinger.diskusjon,327,79,12,0.030456852791878174
no.radio_tv,no.religion,583,1583,64,0.030447193149381543
no.prat.seksualitet,no.sykkel,883,1148,60,0.030441400304414
no.org.efn.diskusjon,no.video,446,942,41,0.030438010393466965
no.norsk.fagord,no.video,243,942,35,0.030434782608695653
no.alt.fan.de-lillos,no.alt.tegneserier,176,1043,36,0.030431107354184278
no.biz.diskusjoner,no.radio-tv,431,2075,74,0.03042763157894737
no.news.diverse,no.prat.aksjer,1892,480,70,0.030408340573414423
no.news.diverse,no.spill.rollespill,1892,447,69,0.03039647577092511
no.alt.motorsykler,no.alt.pompelog,1688,143,54,0.030388294879009566
no.psykologi,no.video,584,942,45,0.03038487508440243
no.ai,no.marked.diskusjon,254,187,13,0.030373831775700934
no.pc,no.vit.diverse,7028,473,221,0.030357142857142857
no.alt.tegneserier,no.marked.bolig,1043,892,57,0.03035143769968051
no.nuug,no.radio_tv,164,583,22,0.030344827586206897
no.jus,no.marked.diskusjon,1851,187,60,0.030333670374115267
no.org.efn.diskusjon,no.pc,446,7028,220,0.030328094844223878
no.general,no.lisp,7075,302,217,0.0303072625698324
no.folklore.edb,no.org.isoc-no,219,53,8,0.030303030303030304
no.folklore.edb,no.religion,219,1583,53,0.030303030303030304
no.marked.bolig,no.sykkel,892,1148,60,0.030303030303030304
no.religion,no.speider,1583,491,61,0.030303030303030304
no.skole.diverse,no.speider,563,491,31,0.030303030303030304
no.uninett.drift,no.video,112,942,31,0.030303030303030304
no.sport.diverse,no.video,1507,942,72,0.030290281867900715
no.news.diverse,no.tex,1892,218,62,0.0302734375
no.biz.annonser.data,no.religion,1548,1583,92,0.03027311615663047
no.eunet.hjelp,no.x,244,301,16,0.030245746691871456
no.media,no.sport.fotball,734,629,40,0.030234315948601664
no.alt.flame,no.sport.diverse,2514,1507,118,0.030233153984114785
no.alt.katter,no.uninett.drift,774,112,26,0.030232558139534883
no.alt.sjokolade,no.marked.bil,656,1423,61,0.03022794846382557
no.bolig,no.tegnsett,978,249,36,0.030226700251889168
no.mail.diverse,no.vr,993,166,34,0.030222222222222223
no.alt.god.jul,no.uninett.drift,570,112,20,0.030211480362537766
no.norsk,no.student.samfund,1962,255,65,0.03020446096654275
no.alt.motorsykler,no.media,1688,734,71,0.0301999149298171
no.hobby.diverse,no.unix,817,1435,66,0.03019213174748399
no.it.emacs,no.musikk,394,3667,119,0.030187721968543885
no.marked.diskusjon,no.multimedia,187,1383,46,0.030183727034120734
no.havforskning,no.religion,397,1583,58,0.030176899063475548
no.speider,no.sykkel,491,1148,48,0.03016970458830924
no.alt.sjokolade,no.pc,656,7028,225,0.03016490146132189
no.alt.pompelog,no.x,143,301,13,0.030162412993039442
no.ms-windows,no.uninett.skole,3235,522,110,0.030161776802851658
no.biz.diskusjoner,no.prat.narkotika,431,526,28,0.030139935414424113
no.mail.diverse,no.sources.list,993,101,32,0.030131826741996232
no.alt.katter,no.tex,774,218,29,0.030114226375908618
no.alt.pompelog,no.lisp,143,302,13,0.03009259259259259
no.alt.mat,no.skole.diverse,1286,563,54,0.030083565459610027
no.alt.mat.drikke,no.pressemeldinger,659,334,29,0.03008298755186722
no.alt.fan.de-lillos,no.bibsys,176,235,12,0.03007518796992481
no.alt.irc-treff,no.prat.narkotika,296,526,24,0.03007518796992481
no.alt.irc-treff,no.sources.wanted,296,218,15,0.03006012024048096
no.bolig,no.perl,978,564,45,0.03006012024048096
no.it.emacs,no.sykkel,394,1148,45,0.03006012024048096
no.audio,no.medisin,2492,1038,103,0.03005544207761891
no.alt.katter,no.skole.diverse,774,563,39,0.030046224961479198
no.marked.diskusjon,no.org.isoc-no,187,53,7,0.030042918454935622
no.bolig,no.musikk.gitar,978,1148,62,0.030038759689922482
no.alt.radio-tv.irma-1000,no.amiga,309,1543,54,0.030033370411568408
no.mail.drift,no.sykkel,430,1148,46,0.030026109660574413
no.alt.motorsykler,no.hobby.diverse,1688,817,73,0.030016447368421052
no.alt.diskusjoner,no.spill.rollespill,2367,447,82,0.030014641288433383
no.marked.jobb,no.sykkel,2181,1148,97,0.03001237623762376
no.biz.diskusjoner,no.video,431,942,40,0.030007501875468866
no.bibsys,no.typografi,235,280,15,0.03
no.embnet,no.perl,260,564,24,0.03
no.folklore.edb,no.org.nobug.diverse,219,90,9,0.03
no.hobby.diverse,no.uninett.skole,817,522,39,0.03
no.norsk.fagord,no.org.dnd,243,66,9,0.03
no.perl,no.reiser,564,1050,47,0.029993618379068283
no.embnet,no.video,260,942,35,0.029991431019708654
no.biz.annonser,no.news.drift,2197,379,75,0.029988004798080767
no.alt.gledesutbrudd,no.marked.bolig,1753,892,77,0.02998442367601246
no.alt.god.jul,no.sykkel,570,1148,50,0.02997601918465228
no.skole.diverse,no.uninett.diverse,563,262,24,0.0299625468164794
no.alt.pompelog,no.jus,143,1851,58,0.029958677685950414
no.general,no.marked.bil,7075,1423,247,0.02993576536177433
no.alt.god.jul,no.kryptografi,570,359,27,0.02993348115299335
no.pressemeldinger,no.pressemeldinger.diskusjon,334,79,12,0.029925187032418952
no.biz.annonser,no.uninett.skole,2197,522,79,0.029924242424242423
no.alt.pompelog,no.mail.diverse,143,993,33,0.029918404351767906
no.c,no.marked.bolig,1036,892,56,0.029914529914529916
no.sport.diverse,no.tegnsett,1507,249,51,0.029912023460410556
no.irc,no.slekt,1472,1836,96,0.029887920298879204
no.alt.sjokolade,no.uninett.katalog,656,68,21,0.029871977240398292
no.biz.annonser,no.sykkel,2197,1148,97,0.029864532019704435
no.slekt,no.spill,1836,2992,140,0.029863481228668942
no.alt.irc-treff,no.tungregning,296,118,12,0.029850746268656716
no.amiga,no.stortinget,1543,665,64,0.029850746268656716
no.eunet.hjelp,no.sources.list,244,101,10,0.029850746268656716
no.nuug,no.prat.narkotika,164,526,20,0.029850746268656716
no.radio_tv,no.student.nett,583,452,30,0.029850746268656716
no.sources.list,no.uninett.fik,101,37,4,0.029850746268656716
no.folklore.overtro,no.net,130,1216,39,0.029839326702371844
no.alt.flame,no.marked.jobb,2514,2181,136,0.029831103312129854
no.lisp,no.sykkel,302,1148,42,0.029829545454545456
no.alt.amiga,no.eunet.hjelp,343,244,17,0.02982456140350877
no.havforskning,no.it.diverse,397,605,29,0.029804727646454265
no.alt.config,no.sykkel,407,1148,45,0.029801324503311258
no.ef,no.ms-windows,567,3235,110,0.029794149512459372
no.news.drift,no.slekt.programmer,379,589,28,0.029787234042553193
no.ai,no.pressemeldinger,254,334,17,0.0297723292469352
no.alt.pompel-og-pilt,no.it.diverse,329,605,27,0.029768467475192944
no.telepost,no.uninett.katalog,417,68,14,0.029723991507430998
no.marked.data,no.sport.diverse,7987,1507,274,0.029718004338394794
no.mswindow,no.pc,358,7028,213,0.02969468841488917
no.alt.irc-treff,no.tele,296,2097,69,0.029690189328743545
no.alt.arkiv,no.perl,199,564,22,0.029689608636977057
no.norsk,no.prat.ufo,1962,327,66,0.029689608636977057
no.it.os.os2,no.kjemi,331,745,31,0.02966507177033493
no.sources.wanted,no.sport.volleyball,218,164,11,0.029649595687331536
no.alt.god.jul,no.pressemeldinger,570,334,26,0.029612756264236904
no.biz.diskusjoner,no.pressemeldinger,431,334,22,0.029609690444145357
no.alt.frustrasjoner,no.marked.bolig,3039,892,113,0.02959664745940283
no.mac,no.reiser,2742,1050,109,0.02959543850122183
no.slekt,no.www,1836,3452,152,0.029595015576323987
no.alt.katter,no.radio_tv,774,583,39,0.02959028831562974
no.eunet.diverse,no.net,141,1216,39,0.02959028831562974
no.sykkel,no.typografi,1148,280,41,0.029560201874549386
no.alt.fan.de-lillos,no.musikk.gitar,176,1148,38,0.029548989113530325
no.it.emacs,no.mac,394,2742,90,0.02954694681549573
no.bolig,no.student.nett,978,452,41,0.029517638588912886
no.norsk,no.prat.aksjer,1962,480,70,0.02951096121416526
no.biz.annonser.data,no.lisp,1548,302,53,0.02949360044518642
no.alt.config,no.biz.annonser.data,407,1548,56,0.02948920484465508
no.alt.frustrasjoner,no.norsk.fagord,3039,243,94,0.029485570890840654
no.alt.gledesutbrudd,no.spill.rollespill,1753,447,63,0.029480580252690687
no.musikk.gitar,no.tegnsett,1148,249,40,0.029476787030213707
no.medisin,no.student.samfund,1038,255,37,0.02945859872611465
no.sources.list,no.sport.diverse,101,1507,46,0.029449423815621
no.alt.pompel-og-pilt,no.biz.nettilbydere,329,686,29,0.029411764705882353
no.folklore.generelt,no.x,49,301,10,0.029411764705882353
no.audio,no.news.drift,2492,379,82,0.029401219074937254
no.bil,no.vit.diverse,2153,473,75,0.029400235201881616
no.tegnsett,no.tele,249,2097,67,0.029398859148749453
no.speider,no.unix,491,1435,55,0.02939604489577766
no.radio-tv,no.spill.rollespill,2075,447,72,0.029387755102040815
no.prat.narkotika,no.speider,526,491,29,0.029352226720647773
no.religion,no.video,1583,942,72,0.029351814105177332
no.mail.drift,no.spill.rollespill,430,447,25,0.029342723004694836
no.biz.diskusjoner,no.musikk.gitar,431,1148,45,0.029335071707953065
no.alt.arkiv,no.marked.diskusjon,199,187,11,0.029333333333333333
no.alt.irc-treff,no.org.nobug.diverse,296,90,11,0.029333333333333333
no.radio-tv,no.student.nett,2075,452,72,0.029327902240325866
no.linux,no.prat.narkotika,3019,526,101,0.02932636469221835
no.alkohol,no.skole.diverse,1192,563,50,0.02932551319648094
no.alt.fan.de-lillos,no.prat.narkotika,176,526,20,0.02932551319648094
no.eunet.diverse,no.speider,141,491,18,0.029315960912052116
no.mail.diverse,no.spill.rollespill,993,447,41,0.029306647605432452
no.skole.diverse,no.typografi,563,280,24,0.029304029304029304
no.sources.wanted,no.unix,218,1435,47,0.029265255292652552
no.bolig,no.it.diverse,978,605,45,0.029258777633289986
no.alt.katter,no.biz.annonser.data,774,1548,66,0.02925531914893617
no.alt.sjokolade,no.tungregning,656,118,22,0.02925531914893617
no.alt.irctreff,no.org.efn.diskusjon,82,446,15,0.029239766081871343
no.velkommen,no.vit.diverse,55,473,15,0.029239766081871343
no.prat.ufo,no.vr,327,166,14,0.029227557411273485
no.alt.god.jul,no.reiser,570,1050,46,0.029224904701397714
no.slekt,no.stortinget,1836,665,71,0.029218106995884775
no.religion,no.tegnsett,1583,249,52,0.029213483146067417
no.radio-tv,no.slekt,2075,1836,111,0.029210526315789475
no.havforskning,no.video,397,942,38,0.029208301306687164
no.tex,no.uninett.skole,218,522,21,0.02920723226703755
no.irc,no.student.samfund,1472,255,49,0.029201430274135878
no.media,no.tex,734,218,27,0.02918918918918919
no.alt.pompel-og-pilt,no.video,329,942,36,0.029149797570850202
no.alt.tegneserier,no.pressemeldinger,1043,334,39,0.02914798206278027
no.folklore.edb,no.telepost,219,417,18,0.02912621359223301
no.prat.aksjer,no.uninett.diverse,480,262,21,0.02912621359223301
no.mail.drift,no.pc,430,7028,211,0.02911549606733821
no.ai,no.eunet.drift,254,135,11,0.0291005291005291
no.alt.config,no.org.isoc-no,407,53,13,0.029082774049217
no.alt.flame,no.prat.seksualitet,2514,883,96,0.02908209633444411
no.org.isoc-no,no.x,53,301,10,0.029069767441860465
no.pressemeldinger,no.radio-tv,334,2075,68,0.029047415634344296
no.marked.bolig,no.prat.narkotika,892,526,40,0.02902757619738752
no.kryptografi,no.skole.diverse,359,563,26,0.029017857142857144
no.folklore.edb,no.prat.narkotika,219,526,21,0.029005524861878452
no.alt.config,no.org.nobug.diverse,407,90,14,0.028985507246376812
no.folklore.generelt,no.nuug,49,164,6,0.028985507246376812
no.marked.bolig,no.prat.seksualitet,892,883,50,0.028985507246376812
no.alt.tegneserier,no.standard,1043,129,33,0.02897278314310799
no.alt.katter,no.prat.ufo,774,327,31,0.02897196261682243
no.amiga,no.org.efn.diskusjon,1543,446,56,0.028970512157268494
no.alt.mat.drikke,no.musikk.klassisk,659,229,25,0.028968713789107765
no.alt.radio-tv.irma-1000,no.vit.diverse,309,473,22,0.02894736842105263
no.alt.arkiv,no.irc,199,1472,47,0.02894088669950739
no.ai,no.org.dnd,254,66,9,0.028938906752411574
no.folklore.edb,no.sources.list,219,101,9,0.028938906752411574
no.norsk.fagord,no.student.samfund,243,255,14,0.028925619834710745
no.alkohol,no.test,1192,6386,213,0.028920570264765785
no.prat.aksjer,no.reiser,480,1050,43,0.028917283120376596
no.marked.bolig,no.tele,892,2097,84,0.02891566265060241
no.alt.katter,no.musikk.gitar,774,1148,54,0.028907922912205567
no.havforskning,no.perl,397,564,27,0.028907922912205567
no.pc,no.slekt,7028,1836,249,0.028903076030179917
no.prat.ufo,no.skole.diverse,327,563,25,0.028901734104046242
no.sources.list,no.student.samfund,101,255,10,0.028901734104046242
no.folklore.edb,no.org.dnd,219,66,8,0.02888086642599278
no.alt.motorsykler,no.stortinget,1688,665,66,0.028858766943594228
no.alt.god.jul,no.marked.bolig,570,892,41,0.028852920478536243
no.alt.flame,no.biz.annonser,2514,2197,132,0.02882725485913955
no.skole.diverse,no.sport.diverse,563,1507,58,0.02882703777335984
no.marked.bil,no.sykkel,1423,1148,72,0.028811524609843937
no.embnet,no.prat.narkotika,260,526,22,0.028795811518324606
no.alt.katter,no.pressemeldinger,774,334,31,0.028783658310120707
no.marked.bolig,no.radio-tv,892,2075,83,0.028779472954230237
no.alt.pompel-og-pilt,no.norsk.fagord,329,243,16,0.02877697841726619
no.biz.diskusjoner,no.eunet.diverse,431,141,16,0.02877697841726619
no.it.diverse,no.sykkel,605,1148,49,0.028755868544600938
no.elektronikk,no.folklore.edb,2250,219,69,0.02875
no.news.drift,no.pc,379,7028,207,0.02875
no.pc,no.telepost,7028,417,208,0.028741191101285063
no.alt.fan.de-lillos,no.havforskning,176,397,16,0.02872531418312388
no.alt.fan.de-lillos,no.sources.wanted,176,218,11,0.028720626631853787
no.alt.flame,no.elektronikk,2514,2250,133,0.028719499028287628
no.slekt.programmer,no.uninett.skole,589,522,31,0.028703703703703703
no.folklore.edb,no.radio-tv,219,2075,64,0.028699551569506727
no.marked.bolig,no.student.samfund,892,255,32,0.028699551569506727
no.musikk,no.perl,3667,564,118,0.028689521030877706
no.biz.annonser,no.perl,2197,564,77,0.028688524590163935
no.spill.rollespill,no.stortinget,447,665,31,0.028677150786308975
no.folklore.edb,no.uninett.katalog,219,68,8,0.02867383512544803
no.perl,no.tungregning,564,118,19,0.02865761689291101
no.embnet,no.hobby.diverse,260,817,30,0.02865329512893983
no.alt.flame,no.mail.drift,2514,430,82,0.0286512928022362
no.mac,no.prat.narkotika,2742,526,91,0.02864337425243941
no.folklore.edb,no.medisin,219,1038,35,0.028641571194762683
no.media,no.nuug,734,164,25,0.0286368843069874
no.alt.mat.drikke,no.speider,659,491,32,0.028622540250447227
no.typografi,no.video,280,942,34,0.02861952861952862
no.skole.diverse,no.tele,563,2097,74,0.028615622583139984
no.marked.bil,no.media,1423,734,60,0.02861230329041488
no.norsk,no.spill.rollespill,1962,447,67,0.02860802732707088
no.radio_tv,no.typografi,583,280,24,0.028605482717520857
no.prat.aksjer,no.skole.diverse,480,563,29,0.028599605522682446
no.folklore.edb,no.www,219,3452,102,0.02857943401513029
no.bibsys,no.org.isoc-no,235,53,8,0.02857142857142857
no.eunet.diverse,no.folklore.edb,141,219,10,0.02857142857142857
no.it.diverse,no.pressemeldinger.diskusjon,605,79,19,0.02857142857142857
no.news.diverse,no.sport.fotball,1892,629,70,0.028559771521827825
no.alt.config,no.vitser,407,3555,110,0.028556593977154723
no.media,no.speider,734,491,34,0.028547439126784216
no.alt.radio_tv.irma1000,no.psykologi,209,584,22,0.028534370946822308
no.skole.diverse,no.spill.rollespill,563,447,28,0.028513238289205704
no.kjemi,no.marked.data,745,7987,242,0.02850412249705536
no.eunet.drift,no.uninett.diverse,135,262,11,0.02849740932642487
no.marked.jobb,no.prat.narkotika,2181,526,75,0.028495440729483283
no.biz.diskusjoner,no.prat.ufo,431,327,21,0.028493894165535955
no.alt.diskusjoner,no.sport.fotball,2367,629,83,0.028492962581531067
no.alt.amiga,no.news.drift,343,379,20,0.02849002849002849
no.kryptografi,no.prat.ufo,359,327,19,0.02848575712143928
no.marked.data,no.prat.politikk,7987,1150,253,0.028478162989644305
no.biz.annonser,no.psykologi,2197,584,77,0.028476331360946745
no.film,no.spill.rollespill,2587,447,84,0.02847457627118644
no.alt.radio-tv.irma-1000,no.prat.seksualitet,309,883,33,0.028472821397756688
no.slekt.programmer,no.sport.diverse,589,1507,58,0.02845927379784102
no.alt.pompel-og-pilt,no.eunet.diverse,329,141,13,0.028446389496717725
no.alt.config,no.musikk.gitar,407,1148,43,0.028439153439153438
no.alt.pompelog,no.folklore.edb,143,219,10,0.028409090909090908
no.ef,no.spill.rollespill,567,447,28,0.028397565922920892
no.spill,no.uninett.skole,2992,522,97,0.02838747439274217
no.ef,no.folklore.generelt,567,49,17,0.028380634390651086
no.alt.arkiv,no.prat.narkotika,199,526,20,0.028368794326241134
no.eunet.diverse,no.psykologi,141,584,20,0.028368794326241134
no.org.dnd,no.pressemeldinger.diskusjon,66,79,4,0.028368794326241134
no.musikk.gitar,no.prat.seksualitet,1148,883,56,0.028354430379746835
no.musikk.klassisk,no.prat.politikk,229,1150,38,0.028337061894108874
no.hobby.diverse,no.speider,817,491,36,0.02830188679245283
no.linux,no.video,3019,942,109,0.02829698857736241
no.marked.bolig,no.sport.diverse,892,1507,66,0.02828975567938277
no.reiser,no.slekt.etterlysning,1050,1240,63,0.02828917826672654
no.alt.frustrasjoner,no.student.nett,3039,452,96,0.028276877761413844
no.ef,no.uninett.hjelp,567,124,19,0.028273809523809524
no.ai,no.multimedia,254,1383,45,0.028266331658291458
no.alt.katter,no.marked,774,8430,253,0.028264998324209586
no.marked.jobb,no.psykologi,2181,584,76,0.028263294905169208
no.multimedia,no.prat.ufo,1383,327,47,0.02826217678893566
no.prat.narkotika,no.sykkel,526,1148,46,0.028255528255528257
no.folklore.overtro,no.unix,130,1435,43,0.028252299605781867
no.it.emacs,no.pressemeldinger,394,334,20,0.02824858757062147
no.multimedia,no.student.samfund,1383,255,45,0.02824858757062147
no.org.decus,no.sport.volleyball,18,164,5,0.02824858757062147
no.alt.arkiv,no.musikk.gitar,199,1148,37,0.028244274809160305
no.elektronikk,no.uninett.diverse,2250,262,69,0.028243962341383544
no.amiga,no.it.diverse,1543,605,59,0.028243178554332216
no.alt.config,no.ms-windows,407,3235,100,0.028232636928289104
no.alt.god.jul,no.amiga,570,1543,58,0.028223844282238442
no.radio_tv,no.student.samfund,583,255,23,0.02822085889570552
no.musikk.gitar,no.sykkel,1148,1148,63,0.02821316614420063
no.bolig,no.prat.aksjer,978,480,40,0.028208744710860368
no.biz.diskusjoner,no.mac,431,2742,87,0.028191834089436162
no.alt.radio-tv.irma-1000,no.prat.politikk,309,1150,40,0.028188865398167725
no.alt.fan.de-lillos,no.uninett.diverse,176,262,12,0.028169014084507043
no.eunet.hjelp,no.unix,244,1435,46,0.028169014084507043
no.havforskning,no.marked.diskusjon,397,187,16,0.028169014084507043
no.eunet.drift,no.net,135,1216,37,0.02815829528158295
no.alt.mat.drikke,no.prat.ufo,659,327,27,0.028154327424400417
no.eunet.drift,no.irc,135,1472,44,0.02815099168266155
no.alt.motorsykler,no.biz.nettilbydere,1688,686,65,0.028150714595062798
no.alt.god.jul,no.uninett.hjelp,570,124,19,0.028148148148148148
no.alt.config,no.uninett.katalog,407,68,13,0.02813852813852814
no.marked.data,no.sykkel,7987,1148,250,0.028137310073157007
no.lisp,no.reiser,302,1050,37,0.028136882129277566
no.alt.mat.drikke,no.sources.wanted,659,218,24,0.02813599062133646
no.alt.config,no.spill,407,2992,93,0.028130671506352088
no.alt.god.jul,no.skole.diverse,570,563,31,0.028130671506352088
no.norsk.fagord,no.tele,243,2097,64,0.028119507908611598
no.litteratur,no.pressemeldinger,1532,334,51,0.02809917355371901
no.biz.diskusjoner,no.tungregning,431,118,15,0.028089887640449437
no.folklore.overtro,no.org.isoc-no,130,53,5,0.028089887640449437
no.uninett.skole,no.video,522,942,40,0.028089887640449437
no.mail.drift,no.musikk.klassisk,430,229,18,0.028081123244929798
no.film,no.student.nett,2587,452,83,0.02807848443843031
no.alt.tegneserier,no.vr,1043,166,33,0.02806122448979592
no.lisp,no.sources.list,302,101,11,0.02806122448979592
no.ai,no.alt.motorsykler,254,1688,53,0.028057173107464268
no.havforskning,no.www,397,3452,105,0.028044871794871796
no.linux,no.reiser,3019,1050,111,0.028044466902475997
no.amiga,no.psykologi,1543,584,58,0.02803286611889802
no.prat.aksjer,no.prat.ufo,480,327,22,0.02802547770700637
no.bolig,no.prat.narkotika,978,526,41,0.028024606971975393
no.news.drift,no.video,379,942,36,0.02801556420233463
no.alt.config,no.audio,407,2492,79,0.02801418439716312
no.biz.diskusjoner,no.linux,431,3019,94,0.02800953516090584
no.alkohol,no.vr,1192,166,37,0.028009084027252083
no.alt.irc-treff,no.tex,296,218,14,0.028
no.speider,no.typografi,491,280,21,0.028
no.uninett.skole,no.vitser,522,3555,111,0.02798789712556732
no.prat.aksjer,no.sources.wanted,480,218,19,0.027982326951399118
no.sport.fotball,no.sport.orientering,629,143,21,0.02796271637816245
no.sykkel,no.tegnsett,1148,249,38,0.027961736571008096
no.alt.fan.de-lillos,no.lisp,176,302,13,0.02795698924731183
no.net,no.tex,1216,218,39,0.02795698924731183
no.alt.radio-tv.irma-1000,no.bolig,309,978,35,0.027955271565495207
no.alt.arkiv,no.bolig,199,978,32,0.02794759825327511
no.mail.diverse,no.slekt.programmer,993,589,43,0.02794022092267706
no.stortinget,no.tex,665,218,24,0.027939464493597205
no.alt.config,no.amiga,407,1543,53,0.0279388508170796
no.alt.irc-treff,no.sport.diverse,296,1507,49,0.027936145952109463
no.eunet.hjelp,no.uninett.hjelp,244,124,10,0.027932960893854747
no.alt.radio_tv.irma1000,no.alt.tegneserier,209,1043,34,0.027914614121510674
no.pressemeldinger.diskusjon,no.psykologi,79,584,18,0.027906976744186046
no.radio_tv,no.x,583,301,24,0.027906976744186046
no.prat.aksjer,no.prat.seksualitet,480,883,37,0.02790346907993967
no.prat.ufo,no.spill.rollespill,327,447,21,0.027888446215139442
no.general,no.pressemeldinger,7075,334,201,0.02788568257491676
no.marked.jobb,no.vit.diverse,2181,473,72,0.027885360185902403
no.biz.diskusjoner,no.telepost,431,417,23,0.027878787878787878
no.kjemi,no.slekt,745,1836,70,0.027877339705296694
no.biz.nettilbydere,no.vitser,686,3555,115,0.027872031022782354
no.kryptografi,no.radio-tv,359,2075,66,0.02787162162162162
no.eunet.diverse,no.jus,141,1851,54,0.02786377708978328
no.havforskning,no.radio-tv,397,2075,67,0.02785862785862786
no.audio,no.reiser,2492,1050,96,0.027858386535113175
no.marked.diskusjon,no.prat.seksualitet,187,883,29,0.027857829010566763
no.prat.narkotika,no.tegnsett,526,249,21,0.027851458885941646
no.jus,no.prat.ufo,1851,327,59,0.02784332232184993
no.eunet.diverse,no.lisp,141,302,12,0.027842227378190254
no.biz.annonser.data,no.musikk.gitar,1548,1148,73,0.02783072817384674
no.biz.annonser.data,no.sykkel,1548,1148,73,0.02783072817384674
no.marked,no.radio_tv,8430,583,244,0.02782529364807846
no.jus,no.tex,1851,218,56,0.027819175360158967
no.media,no.pressemeldinger.diskusjon,734,79,22,0.02781289506953224
no.multimedia,no.norsk.fagord,1383,243,44,0.02781289506953224
no.alt.flame,no.c,2514,1036,96,0.027793862188766647
no.ai,no.pressemeldinger.diskusjon,254,79,9,0.027777777777777776
no.alt.pompelog,no.kjemi,143,745,24,0.027777777777777776
no.folklore.edb,no.spill.rollespill,219,447,18,0.027777777777777776
no.folklore.overtro,no.vr,130,166,8,0.027777777777777776
no.marked.diskusjon,no.marked.jobb,187,2181,64,0.027777777777777776
no.norsk.fagord,no.org.isoc-no,243,53,8,0.027777777777777776
no.slekt.programmer,no.uninett.diverse,589,262,23,0.027777777777777776
no.tegnsett,no.www,249,3452,100,0.027770063871146902
no.film,no.uninett.skole,2587,522,84,0.027768595041322314
no.ms-windows,no.slekt,3235,1836,137,0.02776651803810296
no.alt.mat,no.speider,1286,491,48,0.027761711972238288
no.biz.diskusjoner,no.ms-windows,431,3235,99,0.027754415475189236
no.musikk,no.sport.fotball,3667,629,116,0.027751196172248804
no.alt.motorsykler,no.test,1688,6386,218,0.02774949083503055
no.religion,no.telepost,1583,417,54,0.02774922918807811
no.alt.irc-treff,no.radio-tv,296,2075,64,0.027741655830082357
no.sport.diverse,no.test,1507,6386,213,0.027734375
no.alt.irc-treff,no.pressemeldinger,296,334,17,0.02773246329526917
no.alt.pompel-og-pilt,no.www,329,3452,102,0.02772492525142702
no.alt.irc-treff,no.uninett.drift,296,112,11,0.027707808564231738
no.alt.sjokolade,no.marked.data,656,7987,233,0.027705112960761
no.prat.ufo,no.student.nett,327,452,21,0.027704485488126648
no.alt.irc-treff,no.hobby.diverse,296,817,30,0.027700831024930747
no.uninett.hjelp,no.unix,124,1435,42,0.027686222808174028
no.marked.diskusjon,no.medisin,187,1038,33,0.027684563758389263
no.alt.gledesutbrudd,no.prat.ufo,1753,327,56,0.02766798418972332
no.student.nett,no.uninett.katalog,452,68,14,0.02766798418972332
no.elektronikk,no.slekt,2250,1836,110,0.02766599597585513
no.hobby.diverse,no.org.efn.diskusjon,817,446,34,0.027664768104149716
no.mail.drift,no.org.isoc-no,430,53,13,0.027659574468085105
no.ai,no.student.nett,254,452,19,0.027656477438136828
no.alt.motorsykler,no.mail.drift,1688,430,57,0.027656477438136828
no.bibsys,no.musikk,235,3667,105,0.027653410587305766
no.alt.katter,no.tungregning,774,118,24,0.027649769585253458
no.norsk.fagord,no.standard,243,129,10,0.027624309392265192
no.alt.katter,no.telepost,774,417,32,0.027610008628127698
no.net,no.uninett.hjelp,1216,124,36,0.027607361963190184
no.alt.mat,no.amiga,1286,1543,76,0.027606247729749366
no.biz.annonser,no.org.efn.diskusjon,2197,446,71,0.0276049766718507
no.it.emacs,no.org.isoc-no,394,53,12,0.027586206896551724
no.kjemi,no.spill.rollespill,745,447,32,0.027586206896551724
no.uninett.drift,no.uninett.fik,112,37,4,0.027586206896551724
no.it.diverse,no.prat.ufo,605,327,25,0.027563395810363836
no.news.diverse,no.slekt.etterlysning,1892,1240,84,0.027559055118110236
no.eunet.hjelp,no.standard,244,129,10,0.027548209366391185
no.folklore.edb,no.reiser,219,1050,34,0.027530364372469637
no.student.samfund,no.telepost,255,417,18,0.027522935779816515
no.biz.annonser.data,no.it.emacs,1548,394,52,0.027513227513227514
no.news.drift,no.prat.aksjer,379,480,23,0.02751196172248804
no.alt.sjokolade,no.standard,656,129,21,0.0274869109947644
no.biz.annonser.data,no.kryptografi,1548,359,51,0.02747844827586207
no.alt.mat.drikke,no.marked,659,8430,243,0.027470042957268823
no.eunet.hjelp,no.jus,244,1851,56,0.02746444335458558
no.it.emacs,no.ms-windows,394,3235,97,0.027463193657984147
no.alt.radio-tv.irma-1000,no.medisin,309,1038,36,0.02745995423340961
no.alt.god.jul,no.eunet.diverse,570,141,19,0.02745664739884393
no.slekt,no.uninett.skole,1836,522,63,0.027450980392156862
no.spill,no.student.nett,2992,452,92,0.027446300715990454
no.radio_tv,no.vr,583,166,20,0.027434842249657063
no.bibsys,no.prat.ufo,235,327,15,0.027422303473491772
no.alt.frustrasjoner,no.embnet,3039,260,88,0.027405792587978824
no.alt.radio-tv.irma-1000,no.eunet.diverse,309,141,12,0.0273972602739726
no.lisp,no.marked.bil,302,1423,46,0.0273972602739726
no.elektronikk,no.prat.narkotika,2250,526,74,0.027387120651369355
no.prat.seksualitet,no.typografi,883,280,31,0.027385159010600707
no.speider,no.spill.rollespill,491,447,25,0.027382256297918947
no.prat.narkotika,no.uninett.drift,526,112,17,0.027375201288244767
no.alt.irc-treff,no.amiga,296,1543,49,0.027374301675977653
no.alt.flame,no.mac,2514,2742,140,0.027365129007036748
no.ef,no.slekt,567,1836,64,0.027362120564343735
no.musikk.klassisk,no.uninett.skole,229,522,20,0.027359781121751026
no.pressemeldinger.diskusjon,no.uninett.skole,79,522,16,0.02735042735042735
no.perl,no.skole.diverse,564,563,30,0.027347310847766638
no.alt.flame,no.news.drift,2514,379,77,0.02734375
no.biz.nettilbydere,no.marked.bolig,686,892,42,0.02734375
no.norsk,no.sources.wanted,1962,218,58,0.027332704995287466
no.norsk,no.tex,1962,218,58,0.027332704995287466
no.alt.radio_tv.irma1000,no.mail.drift,209,430,17,0.027331189710610933
no.marked.diskusjon,no.student.nett,187,452,17,0.027331189710610933
no.alt.motorsykler,no.religion,1688,1583,87,0.027324120603015076
no.biz.nettilbydere,no.prat.aksjer,686,480,31,0.027312775330396475
no.alt.config,no.alt.irctreff,407,82,13,0.0273109243697479
no.alt.frustrasjoner,no.alt.radio-tv.irma-1000,3039,309,89,0.027308990487879718
no.net,no.prat.ufo,1216,327,41,0.02729693741677763
no.alt.arkiv,no.alt.frustrasjoner,199,3039,86,0.02728426395939086
no.embnet,no.radio-tv,260,2075,62,0.027276726792784867
no.alkohol,no.nuug,1192,164,36,0.02727272727272727
no.audio,no.org.efn.diskusjon,2492,446,78,0.02727272727272727
no.bolig,no.speider,978,491,39,0.02727272727272727
no.linux,no.uninett.skole,3019,522,94,0.027270089933275312
no.sport.diverse,no.student.nett,1507,452,52,0.027267960146827478
no.c,no.test,1036,6386,197,0.02726643598615917
no.medisin,no.test,1038,6386,197,0.027258890272588904
no.eunet.drift,no.standard,135,129,7,0.027237354085603113
no.mail.diverse,no.prat.ufo,993,327,35,0.027237354085603113
no.speider,no.x,491,301,21,0.027237354085603113
no.speider,no.student.nett,491,452,25,0.027233115468409588
no.eunet.drift,no.typografi,135,280,11,0.027227722772277228
no.alt.god.jul,no.bolig,570,978,41,0.027206370272063702
no.film,no.kryptografi,2587,359,78,0.027196652719665274
no.prat.narkotika,no.vitser,526,3555,108,0.027183488547696956
no.perl,no.vitser,564,3555,109,0.02718204488778055
no.multimedia,no.standard,1383,129,40,0.02717391304347826
no.mac,no.vit.diverse,2742,473,85,0.027156549520766772
no.folklore.overtro,no.multimedia,130,1383,40,0.027155465037338764
no.alt.arkiv,no.it.os.os2,199,331,14,0.027131782945736434
no.alt.sjokolade,no.marked,656,8430,240,0.027130906624463033
no.alt.katter,no.marked.bil,774,1423,58,0.027115474520804116
no.alt.diskusjoner,no.alt.radio_tv.irma1000,2367,209,68,0.02711323763955343
no.org.nobug.diverse,no.prat.ufo,90,327,11,0.027093596059113302
no.musikk.gitar,no.sources.wanted,1148,218,36,0.02706766917293233
no.ai,no.prat.politikk,254,1150,37,0.027066569129480616
no.mail.drift,no.vitser,430,3555,105,0.027061855670103094
no.litteratur,no.prat.aksjer,1532,480,53,0.027054619703930576
no.slekt,no.vitser,1836,3555,142,0.027052771956563155
no.linux,no.marked.bil,3019,1423,117,0.027052023121387284
no.alt.radio-tv.irma-1000,no.biz.annonser,309,2197,66,0.027049180327868853
no.ai,no.medisin,254,1038,34,0.02702702702702703
no.alt.radio_tv.irma1000,no.stortinget,209,665,23,0.02702702702702703
no.eunet.diverse,no.folklore.generelt,141,49,5,0.02702702702702703
no.ms-windows,no.student.nett,3235,452,97,0.02701949860724234
no.elektronikk,no.skole.diverse,2250,563,74,0.02701715954728003
no.mac,no.uninett.diverse,2742,262,79,0.027008547008547008
no.amiga,no.havforskning,1543,397,51,0.026998411858125994
no.student.nett,no.tele,452,2097,67,0.026994359387590653
no.bibsys,no.perl,235,564,21,0.02699228791773779
no.alt.god.jul,no.ms-windows,570,3235,100,0.02699055330634278
no.alt.irc-treff,no.litteratur,296,1532,48,0.02696629213483146
no.alt.motorsykler,no.bolig,1688,978,70,0.026964560862865947
no.irc,no.vr,1472,166,43,0.026959247648902823
no.alt.diskusjoner,no.marked.diskusjon,2367,187,67,0.02694008845999196
no.hobby.diverse,no.prat.aksjer,817,480,34,0.026920031670625493
no.alt.irc-treff,no.multimedia,296,1383,44,0.02691131498470948
no.prat.politikk,no.speider,1150,491,43,0.02690863579474343
no.it.emacs,no.video,394,942,35,0.026902382782475018
no.alt.irc-treff,no.uninett.hjelp,296,124,11,0.02689486552567237
no.alt.pompel-og-pilt,no.vit.diverse,329,473,21,0.026888604353393086
no.psykologi,no.tex,584,218,21,0.026888604353393086
no.marked.bolig,no.uninett.skole,892,522,37,0.026870007262164125
no.biz.diskusjoner,no.skole.diverse,431,563,26,0.026859504132231406
no.general,no.slekt,7075,1836,233,0.02684950449412307
no.kryptografi,no.video,359,942,34,0.026835043409629045
no.c,no.uninett.drift,1036,112,30,0.026833631484794274
no.alt.radio-tv.irma-1000,no.biz.nettilbydere,309,686,26,0.026831785345717233
no.amiga,no.folklore.edb,1543,219,46,0.026806526806526808
no.amiga,no.perl,1543,564,55,0.026803118908382065
no.elektronikk,no.it.emacs,2250,394,69,0.02679611650485437
no.linux,no.radio_tv,3019,583,94,0.026795895096921322
no.org.nobug.diverse,no.student.samfund,90,255,9,0.026785714285714284
no.mac,no.tegnsett,2742,249,78,0.026776519052523172
no.radio_tv,no.speider,583,491,28,0.02676864244741874
no.linux,no.norsk.fagord,3019,243,85,0.02675480012590494
no.eunet.diverse,no.stortinget,141,665,21,0.0267515923566879
no.embnet,no.marked.bolig,260,892,30,0.026737967914438502
no.alt.irctreff,no.news.drift,82,379,12,0.026726057906458798
no.prat.narkotika,no.unix,526,1435,51,0.026701570680628273
no.marked.data,no.reiser,7987,1050,235,0.02669847761872302
no.prat.seksualitet,no.test,883,6386,189,0.026694915254237287
no.alt.god.jul,no.marked,570,8430,234,0.026694045174537988
no.alt.arkiv,no.litteratur,199,1532,45,0.026690391459074734
no.lisp,no.radio_tv,302,583,23,0.02668213457076566
no.sport.diverse,no.telepost,1507,417,50,0.026680896478121666
no.alt.irc-treff,no.vr,296,166,12,0.02666666666666667
no.eunet.diverse,no.org.nobug.diverse,141,90,6,0.02666666666666667
no.folklore.overtro,no.sources.list,130,101,6,0.02666666666666667
no.org.nobug.diverse,no.tex,90,218,8,0.02666666666666667
no.prat.narkotika,no.sport.fotball,526,629,30,0.02666666666666667
no.biz.annonser.data,no.test,1548,6386,206,0.02665631469979296
no.general,no.kryptografi,7075,359,193,0.026653777102610136
no.alt.mat,no.student.samfund,1286,255,40,0.02664890073284477
no.bibsys,no.norsk,235,1962,57,0.02663551401869159
no.bibsys,no.prat.seksualitet,235,883,29,0.02662993572084481
no.alt.mat.drikke,no.marked.bil,659,1423,54,0.026627218934911243
no.musikk.klassisk,no.tungregning,229,118,9,0.026627218934911243
no.org.isoc-no,no.perl,53,564,16,0.026622296173044926
no.prat.narkotika,no.tele,526,2097,68,0.026614481409001956
no.embnet,no.vit.diverse,260,473,19,0.02661064425770308
no.org.efn.diskusjon,no.prat.aksjer,446,480,24,0.026607538802660754
no.prat.ufo,no.uninett.skole,327,522,22,0.026602176541717048
no.elektronikk,no.student.nett,2250,452,70,0.026595744680851064
no.radio_tv,no.uninett.drift,583,112,18,0.026587887740029542
no.alt.gledesutbrudd,no.tex,1753,218,51,0.0265625
no.alt.amiga,no.mail.drift,343,430,20,0.02656042496679947
no.prat.narkotika,no.spill,526,2992,91,0.026553837175372047
no.spill.rollespill,no.tegnsett,447,249,18,0.02654867256637168
no.musikk.gitar,no.video,1148,942,54,0.026522593320235755
no.ai,no.prat.ufo,254,327,15,0.026501766784452298
no.org.nobug.diverse,no.speider,90,491,15,0.026501766784452298
no.lisp,no.slekt.programmer,302,589,23,0.026497695852534562
no.slekt,no.sources.list,1836,101,50,0.026497085320614733
no.alt.radio-tv.irma-1000,no.marked.bolig,309,892,31,0.026495726495726495
no.tungregning,no.uninett.fik,118,37,4,0.026490066225165563
no.mail.diverse,no.prat.aksjer,993,480,38,0.0264808362369338
no.alt.pompel-og-pilt,no.general,329,7075,191,0.02647996672674338
no.alt.god.jul,no.pc,570,7028,196,0.02647932991083491
no.bil,no.uninett.skole,2153,522,69,0.026477359938603222
no.alt.radio-tv.irma-1000,no.www,309,3452,97,0.026473799126637554
no.jus,no.vr,1851,166,52,0.026463104325699746
no.mswindow,no.news.drift,358,379,19,0.026462395543175487
no.embnet,no.general,260,7075,189,0.02644836272040302
no.multimedia,no.prat.aksjer,1383,480,48,0.026446280991735537
no.radio-tv,no.student.samfund,2075,255,60,0.02643171806167401
no.film,no.tegnsett,2587,249,73,0.026420557365182774
no.mac,no.uninett.skole,2742,522,84,0.026415094339622643
no.news.drift,no.slekt,379,1836,57,0.026413345690454126
no.general,no.marked.bolig,7075,892,205,0.026410718886884822
no.telepost,no.vr,417,166,15,0.02640845070422535
no.biz.annonser,no.skole.diverse,2197,563,71,0.026403867608776495
no.lisp,no.video,302,942,32,0.026402640264026403
no.alt.god.jul,no.folklore.overtro,570,130,18,0.026392961876832845
no.norsk.fagord,no.www,243,3452,95,0.02638888888888889
no.biz.annonser,no.prat.narkotika,2197,526,70,0.026385224274406333
no.speider,no.vitser,491,3555,104,0.026382546930492135
no.prat.ufo,no.sources.list,327,101,11,0.026378896882494004
no.eunet.hjelp,no.uninett.diverse,244,262,13,0.02636916835699797
no.radio-tv,no.telepost,2075,417,64,0.026359143327841845
no.jus,no.spill.rollespill,1851,447,59,0.026351049575703438
no.news.drift,no.vitser,379,3555,101,0.026350117401513176
no.irc,no.nuug,1472,164,42,0.026348808030112924
no.prat.ufo,no.speider,327,491,21,0.026348808030112924
no.alt.flame,no.musikk.gitar,2514,1148,94,0.026345291479820628
no.biz.nettilbydere,no.prat.ufo,686,327,26,0.02634245187436677
no.alt.gledesutbrudd,no.bibsys,1753,235,51,0.02632937532266391
no.amiga,no.sykkel,1543,1148,69,0.02631578947368421
no.c,no.skole.diverse,1036,563,41,0.02631578947368421
no.eunet.hjelp,no.irc,244,1472,44,0.02631578947368421
no.it.diverse,no.it.os.os2,605,331,24,0.02631578947368421
no.reiser,no.slekt,1050,1836,74,0.02631578947368421
no.alt.pompel-og-pilt,no.religion,329,1583,49,0.026301663982823402
no.reiser,no.slekt.programmer,1050,589,42,0.026299311208515967
no.film,no.x,2587,301,74,0.026297085998578537
no.film,no.uninett.diverse,2587,262,73,0.026296829971181556
no.alt.frustrasjoner,no.typografi,3039,280,85,0.026283240568954855
no.reiser,no.video,1050,942,51,0.02627511591962906
no.alt.motorsykler,no.alt.sjokolade,1688,656,60,0.02626970227670753
no.perl,no.spill,564,2992,91,0.026262626262626262
no.biz,no.biz.annonser.data,55,1548,41,0.026248399487836107
no.alt.irc-treff,no.spill.rollespill,296,447,19,0.026243093922651933
no.alt.god.jul,no.spill.rollespill,570,447,26,0.026236125126135216
no.alt.katter,no.norsk.fagord,774,243,26,0.026236125126135216
no.alt.diskusjoner,no.alt.fan.de-lillos,2367,176,65,0.026230831315577078
no.media,no.vr,734,166,23,0.026225769669327253
no.embnet,no.prat.ufo,260,327,15,0.026223776223776224
no.alt.tegneserier,no.prat.ufo,1043,327,35,0.026217228464419477
no.it.diverse,no.speider,605,491,28,0.026217228464419477
no.mail.drift,no.pressemeldinger.diskusjon,430,79,13,0.02620967741935484
no.biz.nettilbydere,no.sport.diverse,686,1507,56,0.026204960224613945
no.alt.katter,no.vr,774,166,24,0.026200873362445413
no.alt.frustrasjoner,no.spill.rollespill,3039,447,89,0.026199587871651456
no.ms-windows,no.prat.narkotika,3235,526,96,0.026193724420190995
no.spill,no.telepost,2992,417,87,0.026189042745334137
no.media,no.standard,734,129,22,0.026159334126040427
no.biz.diskusjoner,no.pressemeldinger.diskusjon,431,79,13,0.026156941649899398
no.marked.bolig,no.spill,892,2992,99,0.026155878467635403
no.net,no.tungregning,1216,118,34,0.026153846153846153
no.elektronikk,no.x,2250,301,65,0.026146419951729685
no.bibsys,no.pressemeldinger.diskusjon,235,79,8,0.026143790849673203
no.norsk,no.sport.fotball,1962,629,66,0.026138613861386138
no.biz.annonser.data,no.folklore.edb,1548,219,45,0.02613240418118467
no.amiga,no.marked.bolig,1543,892,62,0.026127265065318164
no.alt.amiga,no.alt.diskusjoner,343,2367,69,0.026126467247254828
no.radio_tv,no.uninett.hjelp,583,124,18,0.026124818577648767
no.religion,no.slekt,1583,1836,87,0.02611044417767107
no.alt.tegneserier,no.test,1043,6386,189,0.026104972375690608
no.prat.aksjer,no.radio-tv,480,2075,65,0.02610441767068273
no.marked.diskusjon,no.prat.politikk,187,1150,34,0.026093630084420567
no.lisp,no.sport.diverse,302,1507,46,0.026091888825865002
no.folklore.generelt,no.marked.diskusjon,49,187,6,0.02608695652173913
no.prat.ufo,no.spill.sjakk,327,145,12,0.02608695652173913
no.alt.config,no.pc,407,7028,189,0.026083356334529396
no.mswindow,no.net,358,1216,40,0.02607561929595828
no.marked.bil,no.norsk,1423,1962,86,0.026068505607759928
no.marked.jobb,no.telepost,2181,417,66,0.026066350710900472
no.it.emacs,no.tungregning,394,118,13,0.026052104208416832
no.alt.katter,no.spill.rollespill,774,447,31,0.026050420168067228
no.embnet,no.prat.seksualitet,260,883,29,0.026032315978456014
no.sykkel,no.video,1148,942,53,0.026018654884634267
no.folklore.edb,no.speider,219,491,18,0.02601156069364162
no.hobby.diverse,no.perl,817,564,35,0.02600297176820208
no.ai,no.bil,254,2153,61,0.02600170502983802
no.film,no.speider,2587,491,78,0.026
no.spill.rollespill,no.spill.sjakk,447,145,15,0.025996533795493933
no.ai,no.telepost,254,417,17,0.02599388379204893
no.it.diverse,no.org.dnd,605,66,17,0.02599388379204893
no.uninett.hjelp,no.video,124,942,27,0.02598652550529355
no.alt.pompel-og-pilt,no.org.dnd,329,66,10,0.025974025974025976
no.perl,no.uninett.katalog,564,68,16,0.025974025974025976
no.slekt.programmer,no.typografi,589,280,22,0.025974025974025976
no.alt.fan.de-lillos,no.alt.mat,176,1286,37,0.025964912280701753
no.audio,no.vit.diverse,2492,473,75,0.025951557093425604
no.biz.annonser,no.pressemeldinger,2197,334,64,0.025942440210782326
no.bil,no.news.drift,2153,379,64,0.02593192868719611
no.mail.drift,no.prat.aksjer,430,480,23,0.02593010146561443
no.elektronikk,no.uninett.skole,2250,522,70,0.025906735751295335
no.folklore.overtro,no.uninett.katalog,130,68,5,0.025906735751295335
no.biz.diskusjoner,no.prat.aksjer,431,480,23,0.0259009009009009
no.eunet.drift,no.x,135,301,11,0.02588235294117647
no.sources.wanted,no.tex,218,218,11,0.02588235294117647
no.alt.mat,no.eunet.diverse,1286,141,36,0.025880661394680086
no.psykologi,no.spill.rollespill,584,447,26,0.025870646766169153
no.student.nett,no.vitser,452,3555,101,0.025857654889912953
no.ef,no.uninett.katalog,567,68,16,0.025848142164781908
no.embnet,no.reiser,260,1050,33,0.025841816758026624
no.mail.diverse,no.pressemeldinger.diskusjon,993,79,27,0.02583732057416268
no.alt.arkiv,no.pressemeldinger.diskusjon,199,79,7,0.025830258302583026
no.musikk.klassisk,no.prat.ufo,229,327,14,0.025830258302583026
no.skole.diverse,no.slekt.programmer,563,589,29,0.025823686553873553
no.pc,no.uninett.skole,7028,522,190,0.025815217391304348
no.alt.config,no.musikk.klassisk,407,229,16,0.025806451612903226
no.alt.motorsykler,no.news.drift,1688,379,52,0.025806451612903226
no.alt.radio-tv.irma-1000,no.prat.narkotika,309,526,21,0.025798525798525797
no.nuug,no.sport.diverse,164,1507,42,0.02578268876611418
no.jus,no.sources.wanted,1851,218,52,0.025780862667327716
no.alt.flame,no.marked,2514,8430,275,0.025775611584965788
no.it.diverse,no.marked,605,8430,227,0.025772025431425975
no.kryptografi,no.pressemeldinger.diskusjon,359,79,11,0.02576112412177986
no.sykkel,no.test,1148,6386,189,0.025731790333560246
no.alt.god.jul,no.uninett.katalog,570,68,16,0.02572347266881029
no.folklore.overtro,no.musikk.klassisk,130,229,9,0.025714285714285714
no.prat.ufo,no.uninett.drift,327,112,11,0.02570093457943925
no.ai,no.marked.jobb,254,2181,61,0.025695029486099412
no.alt.irc-treff,no.linux,296,3019,83,0.02568069306930693
no.eunet.drift,no.psykologi,135,584,18,0.025677603423680456
no.alt.pompelog,no.alt.sjokolade,143,656,20,0.025673940949935817
no.musikk,no.student.nett,3667,452,103,0.02564741035856574
no.irc,no.standard,1472,129,40,0.025624599615631006
no.alt.mat,no.slekt,1286,1836,78,0.025624178712220762
no.marked.jobb,no.x,2181,301,62,0.0256198347107438
no.general,no.student.nett,7075,452,188,0.02561656901485216
no.marked.bolig,no.prat.politikk,892,1150,51,0.025615268709191362
no.sport.diverse,no.student.samfund,1507,255,44,0.025611175785797437
no.skole.diverse,no.slekt.etterlysning,563,1240,45,0.025597269624573378
no.c,no.spill.rollespill,1036,447,37,0.025587828492392807
no.student.samfund,no.sykkel,255,1148,35,0.025584795321637425
no.biz.diskusjoner,no.speider,431,491,23,0.025583982202447165
no.folklore.overtro,no.radio-tv,130,2075,55,0.02558139534883721
no.marked.bolig,no.unix,892,1435,58,0.025561921551344204
no.ms-windows,no.news.drift,3235,379,90,0.02553916004540295
no.ef,no.marked.data,567,7987,213,0.02553650641409903
no.marked.bil,no.musikk.gitar,1423,1148,64,0.025528520143597924
no.alt.diskusjoner,no.nuug,2367,164,63,0.025526742301458672
no.alt.tegneserier,no.norsk.fagord,1043,243,32,0.025518341307814992
no.mail.drift,no.pressemeldinger,430,334,19,0.025503355704697986
no.medisin,no.tegnsett,1038,249,32,0.02549800796812749
no.alt.irc-treff,no.org.dnd,296,66,9,0.025495750708215296
no.radio_tv,no.sources.list,583,101,17,0.025487256371814093
no.student.samfund,no.unix,255,1435,42,0.025485436893203883
no.folklore.generelt,no.uninett.drift,49,112,4,0.025477707006369428
no.prat.narkotika,no.tungregning,526,118,16,0.025477707006369428
no.uninett.fik,no.uninett.hjelp,37,124,4,0.025477707006369428
no.slekt,no.sources.wanted,1836,218,51,0.0254618072890664
no.alkohol,no.sources.wanted,1192,218,35,0.025454545454545455
no.alt.mat.drikke,no.marked.diskusjon,659,187,21,0.025454545454545455
no.embnet,no.prat.politikk,260,1150,35,0.025454545454545455
no.media,no.uninett.drift,734,112,21,0.025454545454545455
no.kryptografi,no.spill.rollespill,359,447,20,0.02544529262086514
no.prat.politikk,no.radio_tv,1150,583,43,0.02544378698224852
no.skole.diverse,no.vitser,563,3555,102,0.025398406374501994
no.it.diverse,no.vitser,605,3555,103,0.025388217894996304
no.alt.fan.de-lillos,no.mail.drift,176,430,15,0.025380710659898477
no.alt.radio_tv.irma1000,no.havforskning,209,397,15,0.025380710659898477
no.multimedia,no.uninett.drift,1383,112,37,0.025377229080932786
no.jus,no.standard,1851,129,49,0.025375453133091662
no.marked.bolig,no.vitser,892,3555,110,0.02536315425409269
no.speider,no.tele,491,2097,64,0.025356576862123614
no.it.emacs,no.sport.diverse,394,1507,47,0.02535059331175836
no.alt.gledesutbrudd,no.musikk.klassisk,1753,229,49,0.025349198137609934
no.bibsys,no.hobby.diverse,235,817,26,0.025341130604288498
no.alt.fan.de-lillos,no.biz.diskusjoner,176,431,15,0.02533783783783784
no.prat.ufo,no.typografi,327,280,15,0.02533783783783784
no.alt.radio_tv.irma1000,no.mswindow,209,358,14,0.02531645569620253
no.nuug,no.pressemeldinger.diskusjon,164,79,6,0.02531645569620253
no.bibsys,no.www,235,3452,91,0.025305895439377085
no.kjemi,no.marked.diskusjon,745,187,23,0.025302530253025302
no.musikk.klassisk,no.news.drift,229,379,15,0.025295109612141653
no.bolig,no.skole.diverse,978,563,38,0.025282767797737856
no.alt.radio-tv.irma-1000,no.norsk,309,1962,56,0.02528216704288939
no.biz.nettilbydere,no.marked.bil,686,1423,52,0.025279533300923675
no.alt.amiga,no.c,343,1036,34,0.025278810408921933
no.biz.annonser.data,no.prat.aksjer,1548,480,50,0.025278058645096056
no.alt.motorsykler,no.psykologi,1688,584,56,0.02527075812274368
no.medisin,no.x,1038,301,33,0.02526799387442573
no.alt.mat.drikke,no.uninett.drift,659,112,19,0.02526595744680851
no.havforskning,no.slekt,397,1836,55,0.025252525252525252
no.havforskning,no.pressemeldinger,397,334,18,0.025245441795231416
no.biz.annonser.data,no.perl,1548,564,52,0.02524271844660194
no.biz.nettilbydere,no.tegnsett,686,249,23,0.025219298245614034
no.havforskning,no.sykkel,397,1148,38,0.025215660252156602
no.alt.config,no.spill.rollespill,407,447,21,0.025210084033613446
no.sources.list,no.sport.orientering,101,143,6,0.025210084033613446
no.spill,no.uninett.diverse,2992,262,80,0.02520478890989288
no.spill.sjakk,no.uninett.diverse,145,262,10,0.02518891687657431
no.pc,no.psykologi,7028,584,187,0.025185185185185185
no.pressemeldinger,no.reiser,334,1050,34,0.025185185185185185
no.alt.amiga,no.alt.mat,343,1286,40,0.025173064820641914
no.alt.pompel-og-pilt,no.biz.annonser,329,2197,62,0.025162337662337664
no.general,no.uninett.diverse,7075,262,180,0.025150202598854268
no.folklore.overtro,no.skole.diverse,130,563,17,0.02514792899408284
no.spill,no.vit.diverse,2992,473,85,0.02514792899408284
no.alt.arkiv,no.norsk,199,1962,53,0.025142314990512334
no.litteratur,no.sport.fotball,1532,629,53,0.025142314990512334
no.jus,no.musikk.klassisk,1851,229,51,0.025135534746180386
no.alt.pompel-og-pilt,no.sport.diverse,329,1507,45,0.02512562814070352
no.it.emacs,no.sources.wanted,394,218,15,0.02512562814070352
no.alt.katter,no.speider,774,491,31,0.025121555915721232
no.elektronikk,no.typografi,2250,280,62,0.025121555915721232
no.kryptografi,no.org.nobug.diverse,359,90,11,0.02511415525114155
no.kjemi,no.prat.aksjer,745,480,30,0.02510460251046025
no.linux,no.student.nett,3019,452,85,0.02510336680448907
no.tex,no.uninett.katalog,218,68,7,0.025089605734767026
no.mac,no.slekt,2742,1836,112,0.025078369905956112
no.news.diverse,no.uninett.drift,1892,112,49,0.02506393861892583
no.jus,no.mswindow,1851,358,54,0.02505800464037123
no.mswindow,no.news.diverse,358,1892,55,0.025056947608200455
no.litteratur,no.marked.diskusjon,1532,187,42,0.025044722719141325
no.mac,no.nuug,2742,164,71,0.025044091710758377
no.prat.ufo,no.video,327,942,31,0.025040387722132473
no.alt.motorsykler,no.marked.bolig,1688,892,63,0.025029797377830752
no.marked.bolig,no.stortinget,892,665,38,0.025016458196181698
no.alt.motorsykler,no.prat.narkotika,1688,526,54,0.025
no.student.nett,no.video,452,942,34,0.025
no.mac,no.pressemeldinger,2742,334,75,0.024991669443518827
no.spill,no.tegnsett,2992,249,79,0.024984187223276406
no.alt.frustrasjoner,no.speider,3039,491,86,0.02497096399535424
no.alt.sjokolade,no.uninett.hjelp,656,124,19,0.024967148488830485
no.ef,no.org.nobug.diverse,567,90,16,0.0249609984399376
no.musikk,no.slekt,3667,1836,134,0.024958092754702923
no.musikk,no.uninett.skole,3667,522,102,0.024957181306581845
no.musikk.gitar,no.tele,1148,2097,79,0.024952621604548326
no.eunet.hjelp,no.news.diverse,244,1892,52,0.02495201535508637
no.bil,no.it.emacs,2153,394,62,0.024949698189134808
no.biz.annonser,no.it.emacs,2197,394,63,0.024920886075949368
no.alt.radio-tv.irma-1000,no.religion,309,1583,46,0.024918743228602384
no.alt.gledesutbrudd,no.eunet.diverse,1753,141,46,0.024891774891774892
no.alt.radio_tv.irma1000,no.speider,209,491,17,0.024890190336749635
no.alt.flame,no.alt.motorsykler,2514,1688,102,0.024878048780487806
no.mail.drift,no.slekt,430,1836,55,0.024875621890547265
no.spill.sjakk,no.vit.diverse,145,473,15,0.024875621890547265
no.pressemeldinger,no.tele,334,2097,59,0.024873524451939293
no.alt.mat.drikke,no.uninett.hjelp,659,124,19,0.024869109947643978
no.marked.bolig,no.uninett.diverse,892,262,28,0.02486678507992895
no.bil,no.prat.narkotika,2153,526,65,0.02486610558530987
no.bibsys,no.radio-tv,235,2075,56,0.024844720496894408
no.alt.fan.de-lillos,no.ef,176,567,18,0.02482758620689655
no.alt.flame,no.telepost,2514,417,71,0.024825174825174826
no.alt.diskusjoner,no.mswindow,2367,358,66,0.02482136141406544
no.marked.jobb,no.student.samfund,2181,255,59,0.02482120319730753
no.amiga,no.uninett.skole,1543,522,50,0.02481389578163772
no.litteratur,no.prat.ufo,1532,327,45,0.024807056229327454
no.eunet.hjelp,no.stortinget,244,665,22,0.02480270574971815
no.prat.narkotika,no.tex,526,218,18,0.024793388429752067
no.marked,no.stortinget,8430,665,220,0.024788732394366197
no.bolig,no.spill,978,2992,96,0.0247805885389778
no.alt.fan.de-lillos,no.media,176,734,22,0.024774774774774775
no.sykkel,no.x,1148,301,35,0.024752475247524754
no.alt.diskusjoner,no.eunet.hjelp,2367,244,63,0.024725274725274724
no.alt.sjokolade,no.org.nobug.diverse,656,90,18,0.024725274725274724
no.film,no.skole.diverse,2587,563,76,0.0247234873129473
no.mswindow,no.multimedia,358,1383,42,0.024720423778693348
no.musikk.gitar,no.reiser,1148,1050,53,0.02470862470862471
no.alt.mat.drikke,no.standard,659,129,19,0.0247074122236671
no.alt.radio_tv.irma1000,no.kjemi,209,745,23,0.024704618689581095
no.mac,no.student.nett,2742,452,77,0.0247032402951556
no.marked.diskusjon,no.spill.sjakk,187,145,8,0.024691358024691357
no.standard,no.uninett.fik,129,37,4,0.024691358024691357
no.alt.arkiv,no.elektronikk,199,2250,59,0.024686192468619247
no.biz,no.media,55,734,19,0.024675324675324677
no.it.emacs,no.musikk.klassisk,394,229,15,0.024671052631578948
no.alt.radio-tv.irma-1000,no.it.diverse,309,605,22,0.02466367713004484
no.audio,no.psykologi,2492,584,74,0.02465023317788141
no.net,no.spill.rollespill,1216,447,40,0.024645717806531114
no.marked.bolig,no.prat.aksjer,892,480,33,0.024645257654966394
no.musikk.klassisk,no.news.diverse,229,1892,51,0.02463768115942029
no.irc,no.mswindow,1472,358,44,0.02463605823068309
no.marked.diskusjon,no.musikk.klassisk,187,229,10,0.024630541871921183
no.pressemeldinger.diskusjon,no.standard,79,129,5,0.024630541871921183
no.bolig,no.marked.diskusjon,978,187,28,0.024626209322779244
no.c,no.slekt,1036,1836,69,0.024616482340349626
no.org.isoc-no,no.typografi,53,280,8,0.024615384615384615
no.musikk.gitar,no.sources.list,1148,101,30,0.02461033634126333
no.alkohol,no.eunet.diverse,1192,141,32,0.024596464258262875
no.alt.flame,no.ms-windows,2514,3235,138,0.024594546426661913
no.alt.irc-treff,no.pressemeldinger.diskusjon,296,79,9,0.02459016393442623
no.irc,no.uninett.drift,1472,112,38,0.02457956015523933
no.radio-tv,no.x,2075,301,57,0.02457956015523933
no.marked.diskusjon,no.prat.aksjer,187,480,16,0.02457757296466974
no.org.nobug.diverse,no.student.nett,90,452,13,0.024574669187145556
no.spill.rollespill,no.uninett.diverse,447,262,17,0.024566473988439308
no.alt.pompel-og-pilt,no.marked.bil,329,1423,42,0.02456140350877193
no.alt.flame,no.audio,2514,2492,120,0.024559967253376995
no.eunet.drift,no.speider,135,491,15,0.024549918166939442
no.bibsys,no.unix,235,1435,40,0.024539877300613498
no.org.dnd,no.sources.list,66,101,4,0.024539877300613498
no.alt.mat.drikke,no.tex,659,218,21,0.02453271028037383
no.alt.pompelog,no.media,143,734,21,0.02453271028037383
no.religion,no.slekt.programmer,1583,589,52,0.024528301886792454
no.alt.mat,no.sources.wanted,1286,218,36,0.02452316076294278
no.amiga,no.sport.diverse,1543,1507,73,0.024521330198186093
no.alt.irc-treff,no.film,296,2587,69,0.024520255863539446
no.bil,no.skole.diverse,2153,563,65,0.024519049415314974
no.alt.flame,no.medisin,2514,1038,85,0.02451687337755985
no.kryptografi,no.ms-windows,359,3235,86,0.02451539338654504
no.alt.pompel-og-pilt,no.prat.seksualitet,329,883,29,0.024513947590870666
no.film,no.student.samfund,2587,255,68,0.024513338139870222
no.spill.rollespill,no.vit.diverse,447,473,22,0.024498886414253896
no.nuug,no.slekt.programmer,164,589,18,0.024489795918367346
no.hobby.diverse,no.musikk.klassisk,817,229,25,0.024485798237022526
no.kryptografi,no.sykkel,359,1148,36,0.024473147518694765
no.media,no.prat.aksjer,734,480,29,0.024472573839662448
no.medisin,no.tex,1038,218,30,0.024469820554649267
no.radio_tv,no.standard,583,129,17,0.02446043165467626
no.biz.annonser.data,no.news.drift,1548,379,46,0.024455077086656035
no.reiser,no.tegnsett,1050,249,31,0.02444794952681388
no.alt.motorsykler,no.medisin,1688,1038,65,0.024426907177752723
no.pc,no.skole.diverse,7028,563,181,0.024426450742240216
no.alt.flame,no.alt.irc-treff,2514,296,67,0.024425811155668976
no.speider,no.www,491,3452,94,0.02442192777344765
no.alt.amiga,no.alt.tegneserier,343,1043,33,0.024390243902439025
no.alt.pompel-og-pilt,no.folklore.generelt,329,49,9,0.024390243902439025
no.eunet.hjelp,no.lisp,244,302,13,0.024390243902439025
no.alt.sjokolade,no.prat.aksjer,656,480,27,0.024346257889990983
no.news.diverse,no.standard,1892,129,48,0.024328433857070453
no.eunet.drift,no.stortinget,135,665,19,0.024327784891165175
no.amiga,no.it.emacs,1543,394,46,0.024325753569539928
no.c,no.sources.list,1036,101,27,0.024324324324324326
no.org.nobug.diverse,no.psykologi,90,584,16,0.0243161094224924
no.perl,no.spill.rollespill,564,447,24,0.0243161094224924
no.spill.rollespill,no.uninett.skole,447,522,23,0.024312896405919663
no.biz.diskusjoner,no.marked.bil,431,1423,44,0.02430939226519337
no.it.emacs,no.speider,394,491,21,0.024305555555555556
no.biz.nettilbydere,no.student.nett,686,452,27,0.024302430243024302
no.elektronikk,no.speider,2250,491,65,0.02428998505231689
no.it.os.os2,no.lisp,331,302,15,0.024271844660194174
no.org.isoc-no,no.prat.ufo,53,327,9,0.02425876010781671
no.marked.bolig,no.nuug,892,164,25,0.02424830261881668
no.prat.aksjer,no.tele,480,2097,61,0.02424483306836248
no.alt.radio_tv.irma1000,no.standard,209,129,8,0.024242424242424242
no.radio-tv,no.tegnsett,2075,249,55,0.024239753195240195
no.eunet.drift,no.jus,135,1851,47,0.024239298607529654
no.alt.pompelog,no.speider,143,491,15,0.024232633279483037
no.it.os.os2,no.mail.drift,331,430,18,0.024226110363391656
no.linux,no.speider,3019,491,83,0.02421943390720747
no.linux,no.typografi,3019,280,78,0.024216081962123565
no.musikk.gitar,no.telepost,1148,417,37,0.024214659685863876
no.sykkel,no.telepost,1148,417,37,0.024214659685863876
no.hobby.diverse,no.student.nett,817,452,30,0.024213075060532687
no.musikk,no.skole.diverse,3667,563,100,0.024213075060532687
no.alt.arkiv,no.it.diverse,199,605,19,0.024203821656050957
no.alt.tegneserier,no.slekt,1043,1836,68,0.024190679473496977
no.biz.nettilbydere,no.it.os.os2,686,331,24,0.02416918429003021
no.alt.frustrasjoner,no.slekt,3039,1836,115,0.02415966386554622
no.alt.irctreff,no.folklore.overtro,82,130,5,0.024154589371980676
no.alt.tegneserier,no.musikk.klassisk,1043,229,30,0.024154589371980676
no.litteratur,no.slekt.programmer,1532,589,50,0.024142926122646065
no.alt.flame,no.radio_tv,2514,583,73,0.02414021164021164
no.alt.arkiv,no.religion,199,1583,42,0.02413793103448276
no.pressemeldinger.diskusjon,no.tex,79,218,7,0.02413793103448276
no.marked.jobb,no.typografi,2181,280,58,0.024136496046608405
no.org.nobug.diverse,no.slekt.programmer,90,589,16,0.024132730015082957
no.mail.diverse,no.uninett.katalog,993,68,25,0.02413127413127413
no.audio,no.perl,2492,564,72,0.024128686327077747
no.nuug,no.tex,164,218,9,0.024128686327077747
no.alt.radio-tv.irma-1000,no.norsk.fagord,309,243,13,0.02411873840445269
no.nuug,no.vit.diverse,164,473,15,0.024115755627009645
no.perl,no.radio_tv,564,583,27,0.024107142857142858
no.net,no.sources.list,1216,101,31,0.02410575427682737
no.ai,no.musikk.gitar,254,1148,33,0.02410518626734843
no.havforskning,no.vitser,397,3555,93,0.02409950764446748
no.alt.arkiv,no.marked.jobb,199,2181,56,0.024096385542168676
no.alt.radio_tv.irma1000,no.x,209,301,12,0.024096385542168676
no.biz.nettilbydere,no.pressemeldinger,686,334,24,0.024096385542168676
no.kryptografi,no.org.dnd,359,66,10,0.024096385542168676
no.skole.diverse,no.unix,563,1435,47,0.02409021014864172
no.linux,no.marked.bolig,3019,892,92,0.02409007593610893
no.alkohol,no.marked.bolig,1192,892,49,0.02407862407862408
no.nuug,no.video,164,942,26,0.024074074074074074
no.alt.mat,no.sport.fotball,1286,629,45,0.02406417112299465
no.alt.pompel-og-pilt,no.tele,329,2097,57,0.024060785141409878
no.musikk.gitar,no.standard,1148,129,30,0.024057738572574178
no.biz,no.norsk.fagord,55,243,7,0.024054982817869417
no.alt.gledesutbrudd,no.nuug,1753,164,45,0.02403846153846154
no.alkohol,no.standard,1192,129,31,0.024031007751937984
no.musikk.klassisk,no.uninett.drift,229,112,8,0.024024024024024024
no.biz.diskusjoner,no.general,431,7075,176,0.024010914051841747
no.alt.katter,no.pressemeldinger.diskusjon,774,79,20,0.024009603841536616
no.biz.nettilbydere,no.sykkel,686,1148,43,0.02400893355667225
no.marked.bolig,no.vit.diverse,892,473,32,0.024006001500375095
no.alt.flame,no.biz.nettilbydere,2514,686,75,0.024
no.embnet,no.www,260,3452,87,0.024
no.alt.pompel-og-pilt,no.vitser,329,3555,91,0.023991563406274716
no.alt.fan.de-lillos,no.news.drift,176,379,13,0.023985239852398525
no.kryptografi,no.uninett.katalog,359,68,10,0.023980815347721823
no.ai,no.video,254,942,28,0.023972602739726026
no.marked.diskusjon,no.uninett.drift,187,112,7,0.023972602739726026
no.student.samfund,no.tele,255,2097,55,0.023944275141488898
no.ai,no.vit.diverse,254,473,17,0.023943661971830985
no.alt.flame,no.alt.radio-tv.irma-1000,2514,309,66,0.023939064200217627
no.biz.nettilbydere,no.student.samfund,686,255,22,0.023939064200217627
no.alt.amiga,no.alt.gledesutbrudd,343,1753,49,0.023937469467513434
no.irc,no.prat.ufo,1472,327,42,0.02390438247011952
no.alt.gledesutbrudd,no.sources.wanted,1753,218,46,0.023896103896103898
no.alkohol,no.prat.aksjer,1192,480,39,0.023882424984690752
no.medisin,no.pressemeldinger,1038,334,32,0.023880597014925373
no.hobby.diverse,no.student.samfund,817,255,25,0.02387774594078319
no.havforskning,no.spill,397,2992,79,0.023867069486404834
no.alt.tegneserier,no.eunet.hjelp,1043,244,30,0.02386634844868735
no.marked,no.psykologi,8430,584,210,0.02385279418446161
no.musikk.klassisk,no.norsk,229,1962,51,0.02383177570093458
no.alt.amiga,no.biz.diskusjoner,343,431,18,0.023809523809523808
no.medisin,no.vr,1038,166,28,0.023809523809523808
no.prat.ufo,no.reiser,327,1050,32,0.02379182156133829
no.ai,no.film,254,2587,66,0.023783783783783784
no.news.diverse,no.sources.wanted,1892,218,49,0.023774866569626393
no.ef,no.pressemeldinger.diskusjon,567,79,15,0.02377179080824089
no.alt.diskusjoner,no.tex,2367,218,60,0.023762376237623763
no.marked.diskusjon,no.tele,187,2097,53,0.023756163155535633
no.alt.irc-treff,no.general,296,7075,171,0.02375
no.mac,no.speider,2742,491,75,0.023749208359721344
no.biz.annonser.data,no.uninett.skole,1548,522,48,0.02373887240356083
no.alt.katter,no.sources.wanted,774,218,23,0.023735810113519093
no.alkohol,no.spill.rollespill,1192,447,38,0.023735165521549032
no.audio,no.eunet.diverse,2492,141,61,0.023716951788491446
no.alt.mat.drikke,no.tungregning,659,118,18,0.023715415019762844
no.eunet.drift,no.uninett.hjelp,135,124,6,0.023715415019762844
no.medisin,no.standard,1038,129,27,0.02368421052631579
no.alt.motorsykler,no.biz.diskusjoner,1688,431,49,0.023671497584541065
no.folklore.generelt,no.uninett.hjelp,49,124,4,0.023668639053254437
no.litteratur,no.uninett.drift,1532,112,38,0.023661270236612703
no.media,no.sources.wanted,734,218,22,0.023655913978494623
no.prat.politikk,no.slekt,1150,1836,69,0.023654439492629412
no.ai,no.folklore.generelt,254,49,7,0.02364864864864865
no.alt.flame,no.lisp,2514,302,65,0.023627771719374774
no.alt.mat,no.spill.rollespill,1286,447,40,0.02362669816893089
no.irc,no.sources.wanted,1472,218,39,0.023622047244094488
no.alt.frustrasjoner,no.student.samfund,3039,255,76,0.023617153511497825
no.skole.diverse,no.spill,563,2992,82,0.023610711200691047
no.alt.motorsykler,no.it.emacs,1688,394,48,0.02359882005899705
no.org.isoc-no,no.sport.volleyball,53,164,5,0.02358490566037736
no.biz.diskusjoner,no.org.nobug.diverse,431,90,12,0.023575638506876228
no.alt.irc-treff,no.reiser,296,1050,31,0.023574144486692015
no.alt.pompel-og-pilt,no.radio_tv,329,583,21,0.02356902356902357
no.alt.pompel-og-pilt,no.sykkel,329,1148,34,0.02356202356202356
no.bil,no.psykologi,2153,584,63,0.02356020942408377
no.folklore.edb,no.skole.diverse,219,563,18,0.02356020942408377
no.lisp,no.prat.aksjer,302,480,18,0.02356020942408377
no.org.nobug.diverse,no.x,90,301,9,0.02356020942408377
no.alt.amiga,no.eunet.drift,343,135,11,0.023554603854389723
no.alt.mat,no.bibsys,1286,235,35,0.023553162853297442
no.alt.god.jul,no.alt.irctreff,570,82,15,0.023547880690737835
no.musikk.klassisk,no.radio-tv,229,2075,53,0.023545091070635273
no.reiser,no.test,1050,6386,171,0.023537508602890573
no.alt.pompelog,no.tungregning,143,118,6,0.023529411764705882
no.folklore.overtro,no.sources.wanted,130,218,8,0.023529411764705882
no.alkohol,no.eunet.hjelp,1192,244,33,0.023521026372059873
no.alt.config,no.video,407,942,31,0.023520485584218515
no.elektronikk,no.marked.diskusjon,2250,187,56,0.023519529609407813
no.folklore.generelt,no.mail.drift,49,430,11,0.023504273504273504
no.alt.arkiv,no.biz.annonser,199,2197,55,0.02349423323366083
no.alt.mat,no.slekt.programmer,1286,589,43,0.023471615720524017
no.biz.annonser.data,no.prat.ufo,1548,327,43,0.023471615720524017
no.alt.irc-treff,no.org.isoc-no,296,53,8,0.02346041055718475
no.marked.bil,no.test,1423,6386,179,0.02346002621231979
no.havforskning,no.skole.diverse,397,563,22,0.023454157782515993
no.ai,no.linux,254,3019,75,0.02345215759849906
no.telepost,no.vitser,417,3555,91,0.023447565060551404
no.alt.pompel-og-pilt,no.biz.annonser.data,329,1548,43,0.023446019629225736
no.alt.diskusjoner,no.vr,2367,166,58,0.023434343434343436
no.it.emacs,no.prat.aksjer,394,480,20,0.0234192037470726
no.alt.fan.de-lillos,no.folklore.overtro,176,130,7,0.023411371237458192
no.alt.mat,no.eunet.hjelp,1286,244,35,0.023411371237458192
no.prat.seksualitet,no.pressemeldinger.diskusjon,883,79,22,0.023404255319148935
no.havforskning,no.tele,397,2097,57,0.023389413212966764
no.biz.nettilbydere,no.psykologi,686,584,29,0.023368251410153102
no.radio_tv,no.tungregning,583,118,16,0.02335766423357664
no.bil,no.perl,2153,564,62,0.023352165725047083
no.ai,no.amiga,254,1543,41,0.02334851936218679
no.alt.amiga,no.org.efn.diskusjon,343,446,18,0.023346303501945526
no.mswindow,no.tele,358,2097,56,0.02334305960817007
no.alt.fan.de-lillos,no.alt.gledesutbrudd,176,1753,44,0.023342175066312996
no.marked.diskusjon,no.ms-windows,187,3235,78,0.02332535885167464
no.alt.pompel-og-pilt,no.telepost,329,417,17,0.023319615912208505
no.amiga,no.x,1543,301,42,0.023307436182019976
no.c,no.marked.bil,1036,1423,56,0.023304203079483977
no.alt.flame,no.vit.diverse,2514,473,68,0.023295649194929772
no.kjemi,no.org.nobug.diverse,745,90,19,0.023284313725490197
no.c,no.prat.ufo,1036,327,31,0.023273273273273273
no.medisin,no.slekt.programmer,1038,589,37,0.023270440251572325
no.sport.diverse,no.sport.volleyball,1507,164,38,0.023270055113288425
no.norsk,no.slekt.programmer,1962,589,58,0.023265142398716406
no.bolig,no.vr,978,166,26,0.023255813953488372
no.it.emacs,no.org.nobug.diverse,394,90,11,0.023255813953488372
no.org.nobug.diverse,no.prat.narkotika,90,526,14,0.023255813953488372
no.alt.sjokolade,no.test,656,6386,160,0.023249055507120024
no.folklore.overtro,no.prat.seksualitet,130,883,23,0.023232323232323233
no.eunet.drift,no.it.emacs,135,394,12,0.02321083172147002
no.alt.motorsykler,no.vit.diverse,1688,473,49,0.023200757575757576
no.marked.diskusjon,no.skole.diverse,187,563,17,0.023192360163710776
no.biz.nettilbydere,no.telepost,686,417,25,0.023191094619666047
no.marked.bil,no.skole.diverse,1423,563,45,0.023183925811437404
no.havforskning,no.prat.seksualitet,397,883,29,0.023181454836131096
no.musikk,no.uninett.diverse,3667,262,89,0.023177083333333334
no.film,no.telepost,2587,417,68,0.02316076294277929
no.alt.arkiv,no.medisin,199,1038,28,0.02315963606286187
no.lisp,no.ms-windows,302,3235,80,0.023141452126120916
no.sport.diverse,no.standard,1507,129,37,0.023139462163852407
no.lisp,no.musikk.klassisk,302,229,12,0.023121387283236993
no.it.emacs,no.spill.rollespill,394,447,19,0.023114355231143552
no.skole.diverse,no.sources.list,563,101,15,0.023112480739599383
no.alt.flame,no.test,2514,6386,201,0.023106104149902287
no.folklore.generelt,no.it.emacs,49,394,10,0.023094688221709007
no.prat.ufo,no.tegnsett,327,249,13,0.023090586145648313
no.spill.rollespill,no.standard,447,129,13,0.023090586145648313
no.alt.flame,no.marked.data,2514,7987,237,0.02309041309431021
no.alt.gledesutbrudd,no.slekt,1753,1836,81,0.023090079817559863
no.perl,no.spill.sjakk,564,145,16,0.023088023088023088
no.biz.diskusjoner,no.sources.list,431,101,12,0.023076923076923078
no.norsk,no.vr,1962,166,48,0.023076923076923078
no.ai,no.tele,254,2097,53,0.023063533507397736
no.slekt,no.tegnsett,1836,249,47,0.023061825318940136
no.jus,no.slekt.programmer,1851,589,55,0.023060796645702306
no.marked.diskusjon,no.x,187,301,11,0.023060796645702306
no.alt.arkiv,no.bil,199,2153,53,0.023053501522401043
no.alt.pompelog,no.pressemeldinger.diskusjon,143,79,5,0.02304147465437788
no.alt.radio-tv.irma-1000,no.marked.bil,309,1423,39,0.02303603071470762
no.org.nobug.diverse,no.stortinget,90,665,17,0.023035230352303523
no.alt.arkiv,no.pressemeldinger,199,334,12,0.023032629558541268
no.folklore.generelt,no.uninett.diverse,49,262,7,0.023026315789473683
no.alt.radio_tv.irma1000,no.c,209,1036,28,0.023007395234182416
no.alt.pompel-og-pilt,no.reiser,329,1050,31,0.022997032640949554
no.alt.diskusjoner,no.prat.aksjer,2367,480,64,0.022996766079770033
no.marked,no.news.drift,8430,379,198,0.022993845081872025
no.alt.pompelog,no.uninett.hjelp,143,124,6,0.022988505747126436
no.folklore.generelt,no.standard,49,129,4,0.022988505747126436
no.alt.radio_tv.irma1000,no.mail.diverse,209,993,27,0.02297872340425532
no.alkohol,no.slekt.programmer,1192,589,40,0.022975301550832855
no.alt.radio_tv.irma1000,no.net,209,1216,32,0.02297200287150036
no.biz.diskusjoner,no.musikk,431,3667,92,0.022965551672491265
no.biz.annonser,no.student.samfund,2197,255,55,0.0229453483521068
no.alt.radio-tv.irma-1000,no.radio_tv,309,583,20,0.022935779816513763
no.marked.bolig,no.org.efn.diskusjon,892,446,30,0.022935779816513763
no.irc,no.spill.rollespill,1472,447,43,0.022921108742004266
no.marked,no.slekt,8430,1836,230,0.02291749701076126
no.biz.diskusjoner,no.pc,431,7028,167,0.02290181020296215
no.alt.katter,no.nuug,774,164,21,0.022900763358778626
no.mswindow,no.org.efn.diskusjon,358,446,18,0.022900763358778626
no.student.nett,no.tex,452,218,15,0.022900763358778626
no.embnet,no.slekt.programmer,260,589,19,0.02289156626506024
no.litteratur,no.vr,1532,166,38,0.02289156626506024
no.prat.aksjer,no.sources.list,480,101,13,0.022887323943661973
no.lisp,no.spill.sjakk,302,145,10,0.02288329519450801
no.litteratur,no.slekt.etterlysning,1532,1240,62,0.022878228782287822
no.ai,no.elektronikk,254,2250,56,0.02287581699346405
no.alt.radio-tv.irma-1000,no.unix,309,1435,39,0.02287390029325513
no.biz.nettilbydere,no.nuug,686,164,19,0.02286401925391095
no.kryptografi,no.speider,359,491,19,0.02286401925391095
no.alt.radio-tv.irma-1000,no.folklore.generelt,309,49,8,0.022857142857142857
no.elektronikk,no.prat.aksjer,2250,480,61,0.02285500187336081
no.ai,no.biz.nettilbydere,254,686,21,0.022850924918389554
no.linux,no.skole.diverse,3019,563,80,0.022844089091947458
no.alt.radio_tv.irma1000,no.jus,209,1851,46,0.022840119165839126
no.amiga,no.vit.diverse,1543,473,45,0.0228310502283105
no.news.diverse,no.uninett.hjelp,1892,124,45,0.0228310502283105
no.slekt,no.unix,1836,1435,73,0.022826766729205753
no.bil,no.org.efn.diskusjon,2153,446,58,0.022825659189295553
no.mswindow,no.unix,358,1435,40,0.022818026240730177
no.ms-windows,no.org.efn.diskusjon,3235,446,82,0.02278410669630453
no.folklore.edb,no.litteratur,219,1532,39,0.0227803738317757
no.alt.radio-tv.irma-1000,no.slekt.programmer,309,589,20,0.022779043280182234
no.stortinget,no.test,665,6386,157,0.02277342616768204
no.alt.irc-treff,no.norsk.fagord,296,243,12,0.022770398481973434
no.ms-windows,no.sport.fotball,3235,629,86,0.022763366860772894
no.biz.diskusjoner,no.norsk.fagord,431,243,15,0.02276176024279211
no.film,no.pressemeldinger,2587,334,65,0.02275910364145658
no.it.diverse,no.tegnsett,605,249,19,0.022754491017964073
no.linux,no.slekt,3019,1836,108,0.0227512112913419
no.kjemi,no.pressemeldinger,745,334,24,0.022748815165876776
no.multimedia,no.sources.list,1383,101,33,0.022742935906271536
no.medisin,no.speider,1038,491,34,0.02274247491638796
no.amiga,no.vr,1543,166,38,0.022740873728306403
no.general,no.x,7075,301,164,0.02273987798114254
no.eunet.drift,no.news.diverse,135,1892,45,0.022704339051463168
no.musikk.gitar,no.perl,1148,564,38,0.022700119474313024
no.it.emacs,no.prat.ufo,394,327,16,0.02269503546099291
no.bibsys,no.marked.bolig,235,892,25,0.022686025408348458
no.audio,no.it.emacs,2492,394,64,0.022678951098511695
no.psykologi,no.slekt.programmer,584,589,26,0.022667829119442023
no.amiga,no.uninett.diverse,1543,262,40,0.0226628895184136
no.sources.wanted,no.sport.orientering,218,143,8,0.0226628895184136
no.hobby.diverse,no.spill.rollespill,817,447,28,0.022653721682847898
no.ai,no.sport.diverse,254,1507,39,0.02264808362369338
no.embnet,no.spill,260,2992,72,0.022641509433962263
no.norsk.fagord,no.prat.aksjer,243,480,16,0.02263083451202263
no.biz.nettilbydere,no.tex,686,218,20,0.02262443438914027
no.ai,no.it.diverse,254,605,19,0.02261904761904762
no.alt.irc-treff,no.skole.diverse,296,563,19,0.02261904761904762
no.musikk.gitar,no.slekt,1148,1836,66,0.022618231665524333
no.musikk.gitar,no.tungregning,1148,118,28,0.022617124394184167
no.alt.god.jul,no.eunet.hjelp,570,244,18,0.022613065326633167
no.bolig,no.norsk.fagord,978,243,27,0.022613065326633167
no.kryptografi,no.musikk,359,3667,89,0.022606045212090423
no.eunet.hjelp,no.tungregning,244,118,8,0.022598870056497175
no.havforskning,no.prat.ufo,397,327,16,0.022598870056497175
no.havforskning,no.marked,397,8430,195,0.022590361445783132
no.alt.frustrasjoner,no.folklore.overtro,3039,130,70,0.022587931590835754
no.marked,no.org.efn.diskusjon,8430,446,196,0.02258064516129032
no.bibsys,no.tex,235,218,10,0.022573363431151242
no.musikk.klassisk,no.religion,229,1583,40,0.022573363431151242
no.alt.motorsykler,no.embnet,1688,260,43,0.02257217847769029
no.alt.flame,no.bil,2514,2153,103,0.02256792287467134
no.alt.motorsykler,no.havforskning,1688,397,46,0.022560078469838155
no.alt.pompel-og-pilt,no.pressemeldinger.diskusjon,329,79,9,0.022556390977443608
no.hobby.diverse,no.slekt.programmer,817,589,31,0.022545454545454546
no.biz.diskusjoner,no.uninett.katalog,431,68,11,0.022540983606557378
no.it.diverse,no.marked.bolig,605,892,33,0.022540983606557378
no.marked.bil,no.unix,1423,1435,63,0.02254025044722719
no.slekt.programmer,no.www,589,3452,89,0.022520242914979758
no.bolig,no.uninett.drift,978,112,24,0.0225140712945591
no.alt.radio-tv.irma-1000,no.prat.ufo,309,327,14,0.022508038585209004
no.bibsys,no.religion,235,1583,40,0.02249718785151856
no.norsk.fagord,no.radio-tv,243,2075,51,0.022496691662990738
no.jus,no.slekt.etterlysning,1851,1240,68,0.022494211048627193
no.tungregning,no.vit.diverse,118,473,13,0.02249134948096886
no.mail.drift,no.marked.data,430,7987,185,0.02247327502429543
no.alt.irc-treff,no.uninett.katalog,296,68,8,0.02247191011235955
no.havforskning,no.it.os.os2,397,331,16,0.02247191011235955
no.havforskning,no.marked.bil,397,1423,40,0.02247191011235955
no.ef,no.prat.aksjer,567,480,23,0.0224609375
no.prat.ufo,no.sport.fotball,327,629,21,0.022459893048128343
no.slekt.programmer,no.tele,589,2097,59,0.022459078797106968
no.alt.amiga,no.tegnsett,343,249,13,0.022452504317789293
no.prat.aksjer,no.uninett.drift,480,112,13,0.022452504317789293
no.alt.pompelog,no.mswindow,143,358,11,0.022448979591836733
no.amiga,no.test,1543,6386,174,0.02243713733075435
no.alt.mat,no.tex,1286,218,33,0.022433718558803536
no.alt.pompel-og-pilt,no.tex,329,218,12,0.022429906542056073
no.bil,no.folklore.edb,2153,219,52,0.022413793103448276
no.medisin,no.slekt,1038,1836,63,0.022411953041622197
no.alt.flame,no.biz.annonser.data,2514,1548,89,0.022401208155046565
no.jus,no.uninett.drift,1851,112,43,0.022395833333333334
no.multimedia,no.uninett.hjelp,1383,124,33,0.022388059701492536
no.irc,no.sport.fotball,1472,629,46,0.02238442822384428
no.bolig,no.nuug,978,164,25,0.022381378692927483
no.alt.irc-treff,no.marked.bolig,296,892,26,0.022375215146299483
no.alt.mat.drikke,no.nuug,659,164,18,0.02236024844720497
no.marked.diskusjon,no.norsk,187,1962,47,0.02235965746907707
no.test,no.vit.diverse,6386,473,150,0.022358026531524817
no.alt.fan.de-lillos,no.prat.ufo,176,327,11,0.022357723577235773
no.marked.jobb,no.skole.diverse,2181,563,60,0.022354694485842028
no.lisp,no.spill,302,2992,72,0.0223463687150838
no.alt.katter,no.marked.diskusjon,774,187,21,0.022340425531914895
no.alt.gledesutbrudd,no.sport.fotball,1753,629,52,0.022317596566523604
no.it.emacs,no.test,394,6386,148,0.022316043425814235
no.folklore.edb,no.it.os.os2,219,331,12,0.022304832713754646
no.news.diverse,no.pressemeldinger.diskusjon,1892,79,43,0.022302904564315353
no.net,no.prat.aksjer,1216,480,37,0.02230259192284509
no.bil,no.slekt,2153,1836,87,0.02229625832906202
no.multimedia,no.slekt.programmer,1383,589,43,0.022291342664593053
no.org.dnd,no.x,66,301,8,0.022284122562674095
no.alkohol,no.slekt,1192,1836,66,0.02228224172856178
no.alt.katter,no.test,774,6386,156,0.02227298686464877
no.film,no.sport.fotball,2587,629,70,0.02225047679593134
no.alt.amiga,no.x,343,301,14,0.022222222222222223
no.alt.sjokolade,no.tex,656,218,19,0.022222222222222223
no.biz,no.standard,55,129,4,0.022222222222222223
no.eunet.drift,no.folklore.generelt,135,49,4,0.022222222222222223
no.film,no.folklore.edb,2587,219,61,0.022222222222222223
no.lisp,no.org.dnd,302,66,8,0.022222222222222223
no.nuug,no.org.dnd,164,66,5,0.022222222222222223
no.org.dnd,no.tungregning,66,118,4,0.022222222222222223
no.org.nobug.diverse,no.org.nobug.nytt,90,2,2,0.022222222222222223
no.kjemi,no.test,745,6386,155,0.022219036697247705
no.elektronikk,no.prat.ufo,2250,327,56,0.022213407378024592
no.pressemeldinger,no.sport.diverse,334,1507,40,0.02220988339811216
no.religion,no.vr,1583,166,38,0.022209234365867914
no.alkohol,no.prat.ufo,1192,327,33,0.02220726783310902
no.alt.fan.de-lillos,no.kjemi,176,745,20,0.022197558268590455
no.it.diverse,no.marked.bil,605,1423,44,0.02217741935483871
no.alt.config,no.it.os.os2,407,331,16,0.0221606648199446
no.alt.mat.drikke,no.pressemeldinger.diskusjon,659,79,16,0.0221606648199446
no.bolig,no.standard,978,129,24,0.0221606648199446
no.prat.narkotika,no.vr,526,166,15,0.022156573116691284
no.litteratur,no.standard,1532,129,36,0.022153846153846152
no.prat.aksjer,no.vr,480,166,14,0.022151898734177215
no.c,no.tungregning,1036,118,25,0.022143489813994686
no.alt.irc-treff,no.biz.annonser,296,2197,54,0.02214022140221402
no.religion,no.tex,1583,218,39,0.02213393870601589
no.alt.mat.drikke,no.marked.data,659,7987,187,0.022106631989596878
no.skole.diverse,no.sykkel,563,1148,37,0.022102747909199524
no.alt.amiga,no.havforskning,343,397,16,0.022099447513812154
no.biz,no.folklore.overtro,55,130,4,0.022099447513812154
no.ef,no.mswindow,567,358,20,0.022099447513812154
no.net,no.pressemeldinger.diskusjon,1216,79,28,0.022099447513812154
no.org.nobug.diverse,no.typografi,90,280,8,0.022099447513812154
no.prat.politikk,no.spill.sjakk,1150,145,28,0.022099447513812154
no.musikk.gitar,no.vit.diverse,1148,473,35,0.022068095838587643
no.irc,no.norsk.fagord,1472,243,37,0.02205005959475566
no.ef,no.test,567,6386,150,0.022049095987064532
no.sport.diverse,no.x,1507,301,39,0.022046353872244205
no.alt.motorsykler,no.org.efn.diskusjon,1688,446,46,0.022030651340996167
no.alt.config,no.marked.bolig,407,892,28,0.022029897718332022
no.amiga,no.musikk.gitar,1543,1148,58,0.022028104823395366
no.norsk,no.slekt.etterlysning,1962,1240,69,0.02202361953399298
no.biz.annonser.data,no.uninett.diverse,1548,262,39,0.0220214568040655
no.it.os.os2,no.jus,331,1851,47,0.022014051522248244
no.audio,no.prat.narkotika,2492,526,65,0.02201151371486624
no.alt.gledesutbrudd,no.eunet.hjelp,1753,244,43,0.022006141248720572
no.lisp,no.vitser,302,3555,83,0.02199258081611023
no.medisin,no.slekt.etterlysning,1038,1240,49,0.021982951996410947
no.alt.pompel-og-pilt,no.musikk.klassisk,329,229,12,0.02197802197802198
no.medisin,no.sources.wanted,1038,218,27,0.021969080553295363
no.alt.amiga,no.uninett.diverse,343,262,13,0.02195945945945946
no.slekt.programmer,no.tegnsett,589,249,18,0.02195121951219512
no.alt.radio-tv.irma-1000,no.sport.diverse,309,1507,39,0.021947101857062466
no.alkohol,no.uninett.drift,1192,112,28,0.0219435736677116
no.ms-windows,no.psykologi,3235,584,82,0.021942734814021942
no.ms-windows,no.speider,3235,491,80,0.021941854086670324
no.alt.flame,no.alt.pompel-og-pilt,2514,329,61,0.02192667145938174
no.slekt,no.uninett.diverse,1836,262,45,0.021919142717973697
no.alt.irc-treff,no.musikk,296,3667,85,0.021918514698298093
no.alt.sjokolade,no.telepost,656,417,23,0.021904761904761906
no.it.emacs,no.vr,394,166,12,0.021897810218978103
no.alt.radio_tv.irma1000,no.irc,209,1472,36,0.02188449848024316
no.lisp,no.marked,302,8430,187,0.021884142773551784
no.alkohol,no.marked.bil,1192,1423,56,0.021883548261039467
no.marked.bolig,no.religion,892,1583,53,0.021882741535920725
no.hobby.diverse,no.nuug,817,164,21,0.021875
no.ai,no.sykkel,254,1148,30,0.021865889212827987
no.slekt.programmer,no.uninett.drift,589,112,15,0.021865889212827987
no.alt.irc-treff,no.marked.jobb,296,2181,53,0.021864686468646866
no.biz.annonser,no.typografi,2197,280,53,0.021864686468646866
no.audio,no.kryptografi,2492,359,61,0.02186379928315412
no.alt.god.jul,no.marked.data,570,7987,183,0.021853355624552186
no.irc,no.tungregning,1472,118,34,0.021850899742930592
no.folklore.overtro,no.sport.diverse,130,1507,35,0.02184769038701623
no.slekt.etterlysning,no.speider,1240,491,37,0.021841794569067298
no.alt.motorsykler,no.it.diverse,1688,605,49,0.021836007130124777
no.biz.nettilbydere,no.test,686,6386,151,0.02181765640803352
no.general,no.typografi,7075,280,157,0.02181161433731592
no.alt.pompel-og-pilt,no.prat.ufo,329,327,14,0.021806853582554516
no.org.dnd,no.uninett.diverse,66,262,7,0.021806853582554516
no.havforskning,no.spill.rollespill,397,447,18,0.021791767554479417
no.kryptografi,no.marked.bil,359,1423,38,0.021788990825688075
no.multimedia,no.tungregning,1383,118,32,0.021783526208304968
no.multimedia,no.spill.rollespill,1383,447,39,0.021775544388609715
no.musikk.gitar,no.vr,1148,166,28,0.02177293934681182
no.marked.bolig,no.skole.diverse,892,563,31,0.021769662921348316
no.marked.diskusjon,no.perl,187,564,16,0.021768707482993196
no.alt.gledesutbrudd,no.pressemeldinger.diskusjon,1753,79,39,0.021751254880089235
no.it.emacs,no.pc,394,7028,158,0.021751101321585902
no.audio,no.typografi,2492,280,59,0.021747143383708072
no.alkohol,no.uninett.hjelp,1192,124,28,0.021739130434782608
no.alt.diskusjoner,no.sources.wanted,2367,218,55,0.021739130434782608
no.alt.god.jul,no.eunet.drift,570,135,15,0.021739130434782608
no.alt.katter,no.slekt.programmer,774,589,29,0.021739130434782608
no.alt.pompelog,no.typografi,143,280,9,0.021739130434782608
no.nuug,no.spill.rollespill,164,447,13,0.021739130434782608
no.org.nobug.diverse,no.spill.sjakk,90,145,5,0.021739130434782608
no.c,no.marked.diskusjon,1036,187,26,0.02172096908939014
no.skole.diverse,no.slekt,563,1836,51,0.0217206132879046
no.org.efn.diskusjon,no.slekt.programmer,446,589,22,0.02171767028627838
no.mswindow,no.x,358,301,14,0.021705426356589147
no.jus,no.pressemeldinger.diskusjon,1851,79,41,0.02170460561143462
no.marked.bolig,no.news.drift,892,379,27,0.021704180064308683
no.bibsys,no.sport.diverse,235,1507,37,0.021700879765395895
no.spill.rollespill,no.tungregning,447,118,12,0.0216998191681736
no.eunet.hjelp,no.kjemi,244,745,21,0.02169421487603306
no.folklore.edb,no.sykkel,219,1148,29,0.021674140508221227
no.alt.mat,no.standard,1286,129,30,0.021660649819494584
no.alt.irc-treff,no.bolig,296,978,27,0.02165196471531676
no.slekt.programmer,no.vr,589,166,16,0.02165087956698241
no.ai,no.tex,254,218,10,0.021645021645021644
no.org.decus,no.sources.wanted,18,218,5,0.021645021645021644
no.alt.arkiv,no.biz.annonser.data,199,1548,37,0.021637426900584796
no.biz.diskusjoner,no.sport.diverse,431,1507,41,0.02161307327358988
no.eunet.diverse,no.news.diverse,141,1892,43,0.021608040201005024
no.ai,no.folklore.edb,254,219,10,0.02159827213822894
no.alt.config,no.org.dnd,407,66,10,0.02159827213822894
no.alt.diskusjoner,no.eunet.diverse,2367,141,53,0.021588594704684317
no.ai,no.audio,254,2492,58,0.021577380952380952
no.bil,no.uninett.diverse,2153,262,51,0.021573604060913704
no.alt.mat,no.eunet.drift,1286,135,30,0.021567217828900073
no.prat.politikk,no.standard,1150,129,27,0.02156549520766773
no.prat.aksjer,no.www,480,3452,83,0.02156404260846973
no.ef,no.marked.bil,567,1423,42,0.021560574948665298
no.kryptografi,no.slekt.programmer,359,589,20,0.021551724137931036
no.alt.flame,no.uninett.skole,2514,522,64,0.021534320323014805
no.alt.mat.drikke,no.prat.aksjer,659,480,24,0.021524663677130046
no.bolig,no.slekt.programmer,978,589,33,0.02151238591916558
no.alt.irctreff,no.radio_tv,82,583,14,0.021505376344086023
no.amiga,no.student.nett,1543,452,42,0.021505376344086023
no.eunet.diverse,no.pressemeldinger,141,334,10,0.021505376344086023
no.org.dnd,no.uninett.hjelp,66,124,4,0.021505376344086023
no.alt.gledesutbrudd,no.prat.aksjer,1753,480,47,0.021500457456541628
no.norsk,no.standard,1962,129,44,0.02149487054225696
no.biz.diskusjoner,no.spill,431,2992,72,0.021486123545210387
no.marked.bolig,no.tegnsett,892,249,24,0.021486123545210387
no.net,no.uninett.katalog,1216,68,27,0.021479713603818614
no.marked.bil,no.prat.aksjer,1423,480,40,0.02147074610842727
no.it.emacs,no.vitser,394,3555,83,0.0214692188308329
no.nuug,no.prat.seksualitet,164,883,22,0.021463414634146343
no.vitser,no.x,3555,301,81,0.021456953642384105
no.alt.god.jul,no.folklore.generelt,570,49,13,0.02145214521452145
no.nuug,no.slekt,164,1836,42,0.021450459652706845
no.sources.list,no.typografi,101,280,8,0.021447721179624665
no.alt.frustrasjoner,no.sport.fotball,3039,629,77,0.021442495126705652
no.eunet.hjelp,no.typografi,244,280,11,0.021442495126705652
no.tegnsett,no.video,249,942,25,0.02144082332761578
no.prat.aksjer,no.uninett.skole,480,522,21,0.021406727828746176
no.pressemeldinger.diskusjon,no.student.samfund,79,255,7,0.021406727828746176
no.spill,no.x,2992,301,69,0.021401985111662532
no.folklore.overtro,no.speider,130,491,13,0.02138157894736842
no.biz.nettilbydere,no.pressemeldinger.diskusjon,686,79,16,0.021361815754339118
no.hobby.diverse,no.it.os.os2,817,331,24,0.021352313167259787
no.hobby.diverse,no.slekt.etterlysning,817,1240,43,0.02135054617676266
no.kryptografi,no.sport.diverse,359,1507,39,0.021346469622331693
no.eunet.hjelp,no.multimedia,244,1383,34,0.021343377275580666
no.eunet.diverse,no.film,141,2587,57,0.02134032197678772
no.org.isoc-no,no.stortinget,53,665,15,0.021337126600284494
no.prat.seksualitet,no.tex,883,218,23,0.021335807050092765
no.alt.irctreff,no.x,82,301,8,0.021333333333333333
no.student.samfund,no.video,255,942,25,0.021331058020477817
no.prat.aksjer,no.sykkel,480,1148,34,0.02132998745294856
no.medisin,no.spill.rollespill,1038,447,31,0.021320495185694635
no.alkohol,no.sport.fotball,1192,629,38,0.02131239484015704
no.prat.narkotika,no.spill.sjakk,526,145,14,0.0213089802130898
no.biz.nettilbydere,no.standard,686,129,17,0.021303258145363407
no.alt.god.jul,no.sport.fotball,570,629,25,0.02129471890971039
no.slekt,no.tele,1836,2097,82,0.021293170605037652
no.bil,no.sport.fotball,2153,629,58,0.021292217327459617
no.amiga,no.typografi,1543,280,38,0.021288515406162466
no.alt.amiga,no.alt.pompel-og-pilt,343,329,14,0.02127659574468085
no.alt.arkiv,no.vit.diverse,199,473,14,0.02127659574468085
no.alt.mat.drikke,no.slekt.programmer,659,589,26,0.02127659574468085
no.biz.diskusjoner,no.folklore.generelt,431,49,10,0.02127659574468085
no.alt.motorsykler,no.alt.pompel-og-pilt,1688,329,42,0.021265822784810127
no.bil,no.tegnsett,2153,249,50,0.021258503401360544
no.elektronikk,no.tegnsett,2250,249,52,0.02125051082958725
no.ai,no.biz.annonser,254,2197,51,0.02125
no.bolig,no.telepost,978,417,29,0.0212298682284041
no.pc,no.prat.narkotika,7028,526,157,0.021224820873327024
no.ms-windows,no.slekt.etterlysning,3235,1240,93,0.021223185759926974
no.ai,no.www,254,3452,77,0.021217966381923394
no.alt.katter,no.marked.data,774,7987,182,0.02121459377549831
no.bolig,no.folklore.overtro,978,130,23,0.02119815668202765
no.general,no.tegnsett,7075,249,152,0.021193530395984383
no.it.emacs,no.musikk.gitar,394,1148,32,0.02119205298013245
no.bibsys,no.ms-windows,235,3235,72,0.02118893466745144
no.alt.flame,no.prat.narkotika,2514,526,63,0.02116224386966745
no.prat.ufo,no.sport.diverse,327,1507,38,0.021158129175946547
no.alt.flame,no.hobby.diverse,2514,817,69,0.021152667075413856
no.eunet.drift,no.media,135,734,18,0.021151586368977675
no.alt.frustrasjoner,no.eunet.hjelp,3039,244,68,0.021150855365474338
no.kryptografi,no.pc,359,7028,153,0.021150124412496543
no.embnet,no.vitser,260,3555,79,0.02114561027837259
no.ai,no.musikk.klassisk,254,229,10,0.021141649048625793
no.folklore.edb,no.general,219,7075,151,0.021139577208455832
no.alt.pompel-og-pilt,no.slekt.programmer,329,589,19,0.021134593993325918
no.alt.mat,no.nuug,1286,164,30,0.02112676056338028
no.it.os.os2,no.tegnsett,331,249,12,0.02112676056338028
no.musikk.gitar,no.student.samfund,1148,255,29,0.021106259097525473
no.musikk,no.spill.rollespill,3667,447,85,0.02109704641350211
no.embnet,no.pressemeldinger.diskusjon,260,79,7,0.02108433734939759
no.radio-tv,no.slekt.programmer,2075,589,55,0.02108087389804523
no.alt.radio-tv.irma-1000,no.skole.diverse,309,563,18,0.02107728337236534
no.marked.diskusjon,no.tegnsett,187,249,9,0.02107728337236534
no.bolig,no.test,978,6386,152,0.02107598447032723
no.general,no.norsk.fagord,7075,243,151,0.021068787498255893
no.alt.radio_tv.irma1000,no.musikk.gitar,209,1148,28,0.021068472535741158
no.audio,no.telepost,2492,417,60,0.02106002106002106
no.uninett.katalog,no.unix,68,1435,31,0.021059782608695652
no.elektronikk,no.telepost,2250,417,55,0.02105666156202144
no.folklore.generelt,no.spill.sjakk,49,145,4,0.021052631578947368
no.alkohol,no.tungregning,1192,118,27,0.021044427123928292
no.mail.drift,no.slekt.programmer,430,589,21,0.021042084168336674
no.tungregning,no.unix,118,1435,32,0.0210387902695595
no.alt.motorsykler,no.lisp,1688,302,41,0.02103642893791688
no.amiga,no.spill.rollespill,1543,447,41,0.02103642893791688
no.embnet,no.sykkel,260,1148,29,0.02102973168963017
no.alt.fan.de-lillos,no.nuug,176,164,7,0.021021021021021023
no.biz.diskusjoner,no.slekt.programmer,431,589,21,0.021021021021021023
no.alt.mat,no.slekt.etterlysning,1286,1240,52,0.021018593371059015
no.perl,no.video,564,942,31,0.021016949152542375
no.bolig,no.pressemeldinger,978,334,27,0.021011673151750974
no.reiser,no.uninett.diverse,1050,262,27,0.021011673151750974
no.prat.aksjer,no.tegnsett,480,249,15,0.02100840336134454
no.biz.diskusjoner,no.vitser,431,3555,82,0.021004098360655737
no.eunet.diverse,no.media,141,734,18,0.021003500583430573
no.kryptografi,no.musikk.gitar,359,1148,31,0.02100271002710027
no.sport.fotball,no.vitser,629,3555,86,0.020985846754514398
no.alt.tegneserier,no.skole.diverse,1043,563,33,0.02097902097902098
no.sykkel,no.vr,1148,166,27,0.02097902097902098
no.standard,no.video,129,942,22,0.020972354623450904
no.alt.motorsykler,no.video,1688,942,54,0.02096273291925466
no.havforskning,no.prat.aksjer,397,480,18,0.020954598370197905
no.alt.arkiv,no.sport.diverse,199,1507,35,0.020945541591861162
no.embnet,no.slekt,260,1836,43,0.020944958597174865
no.org.dnd,no.standard,66,129,4,0.020942408376963352
no.uninett.drift,no.vit.diverse,112,473,12,0.020942408376963352
no.skole.diverse,no.tex,563,218,16,0.02091503267973856
no.ms-windows,no.typografi,3235,280,72,0.02091199535288992
no.sport.volleyball,no.standard,164,129,6,0.020905923344947737
no.alt.flame,no.perl,2514,564,63,0.020895522388059702
no.lisp,no.pc,302,7028,150,0.020891364902506964
no.pressemeldinger.diskusjon,no.religion,79,1583,34,0.020884520884520884
no.mswindow,no.uninett.skole,358,522,18,0.02088167053364269
no.eunet.hjelp,no.media,244,734,20,0.020876826722338204
no.alt.radio-tv.irma-1000,no.general,309,7075,151,0.020876538089312873
no.alt.radio-tv.irma-1000,no.musikk.klassisk,309,229,11,0.020872865275142316
no.alt.radio-tv.irma-1000,no.vitser,309,3555,79,0.020871862615587846
no.musikk.gitar,no.uninett.hjelp,1148,124,26,0.02086677367576244
no.prat.narkotika,no.video,526,942,30,0.02086230876216968
no.alt.pompelog,no.irc,143,1472,33,0.020859671302149177
no.biz,no.biz.annonser,55,2197,46,0.02085222121486854
no.bil,no.speider,2153,491,54,0.02084942084942085
no.medisin,no.prat.aksjer,1038,480,31,0.020847343644922665
no.alt.fan.de-lillos,no.tungregning,176,118,6,0.020833333333333332
no.alt.sjokolade,no.pressemeldinger.diskusjon,656,79,15,0.020833333333333332
no.audio,no.x,2492,301,57,0.020833333333333332
no.eunet.hjelp,no.speider,244,491,15,0.020833333333333332
no.it.emacs,no.spill.sjakk,394,145,11,0.020833333333333332
no.pressemeldinger.diskusjon,no.uninett.katalog,79,68,3,0.020833333333333332
no.it.os.os2,no.mail.diverse,331,993,27,0.02081727062451812
no.prat.aksjer,no.student.nett,480,452,19,0.0208105147864184
no.slekt.etterlysning,no.sport.diverse,1240,1507,56,0.020810107766629504
no.marked.bolig,no.sport.fotball,892,629,31,0.02080536912751678
no.alt.arkiv,no.norsk.fagord,199,243,9,0.020785219399538105
no.marked.diskusjon,no.student.samfund,187,255,9,0.020785219399538105
no.ai,no.mac,254,2742,61,0.020783645655877342
no.elektronikk,no.student.samfund,2250,255,51,0.02078239608801956
no.bil,no.student.nett,2153,452,53,0.020768025078369907
no.alt.tegneserier,no.sport.fotball,1043,629,34,0.020757020757020756
no.audio,no.uninett.diverse,2492,262,56,0.020756115641215715
no.biz.annonser,no.slekt,2197,1836,82,0.020754239433054922
no.alt.tegneserier,no.marked.diskusjon,1043,187,25,0.02074688796680498
no.eunet.diverse,no.litteratur,141,1532,34,0.020744356314826115
no.it.diverse,no.test,605,6386,142,0.02073295371587093
no.ai,no.radio_tv,254,583,17,0.020731707317073172
no.musikk.gitar,no.typografi,1148,280,29,0.020729092208720514
no.alt.god.jul,no.tex,570,218,16,0.02072538860103627
no.reiser,no.typografi,1050,280,27,0.02072141212586339
no.alt.mat.drikke,no.test,659,6386,143,0.020718632280498406
no.norsk.fagord,no.spill.rollespill,243,447,14,0.020710059171597635
no.biz.annonser,no.folklore.edb,2197,219,49,0.020701309674693705
no.folklore.edb,no.sport.diverse,219,1507,35,0.02069781194559432
no.alt.irctreff,no.org.dnd,82,66,3,0.020689655172413793
no.alt.flame,no.havforskning,2514,397,59,0.020687237026647966
no.alt.fan.de-lillos,no.film,176,2587,56,0.020687107499076467
no.biz.diskusjoner,no.sykkel,431,1148,32,0.02068519715578539
no.it.diverse,no.sport.fotball,605,629,25,0.0206782464846981
no.alt.radio_tv.irma1000,no.pressemeldinger,209,334,11,0.020676691729323307
no.alt.config,no.marked,407,8430,179,0.020674520674520674
no.alt.irc-treff,no.vitser,296,3555,78,0.020673204346673735
no.musikk.klassisk,no.vr,229,166,8,0.020671834625323
no.prat.ufo,no.uninett.katalog,327,68,8,0.020671834625323
no.film,no.prat.ufo,2587,327,59,0.02066549912434326
no.mswindow,no.pressemeldinger,358,334,14,0.02064896755162242
no.ai,no.prat.seksualitet,254,883,23,0.02064631956912029
no.org.isoc-no,no.speider,53,491,11,0.020637898686679174
no.standard,no.tele,129,2097,45,0.02063273727647868
no.alkohol,no.norsk.fagord,1192,243,29,0.020625889046941678
no.alt.sjokolade,no.pressemeldinger,656,334,20,0.020618556701030927
no.org.isoc-no,no.spill.sjakk,53,145,4,0.020618556701030927
no.alt.arkiv,no.unix,199,1435,33,0.02061211742660837
no.alt.irc-treff,no.video,296,942,25,0.020610057708161583
no.audio,no.prat.aksjer,2492,480,60,0.020604395604395604
no.ai,no.radio-tv,254,2075,47,0.020595968448729185
no.alt.flame,no.uninett.diverse,2514,262,56,0.020588235294117647
no.ai,no.slekt.programmer,254,589,17,0.020581113801452784
no.marked.jobb,no.tegnsett,2181,249,49,0.020579588408231837
no.prat.narkotika,no.sources.wanted,526,218,15,0.0205761316872428
no.alt.amiga,no.lisp,343,302,13,0.020569620253164556
no.alt.irc-treff,no.sources.list,296,101,8,0.02056555269922879
no.folklore.generelt,no.kjemi,49,745,16,0.02056555269922879
no.alt.pompelog,no.news.diverse,143,1892,41,0.020561685055165497
no.musikk.klassisk,no.tex,229,218,9,0.02054794520547945
no.perl,no.prat.aksjer,564,480,21,0.020527859237536656
no.alt.tegneserier,no.sources.list,1043,101,23,0.020517395182872437
no.biz.annonser.data,no.norsk.fagord,1548,243,36,0.020512820512820513
no.havforskning,no.ms-windows,397,3235,73,0.02051137960101152
no.sport.fotball,no.www,629,3452,82,0.020505126281570394
no.norsk,no.pressemeldinger.diskusjon,1962,79,41,0.0205
no.bil,no.marked.diskusjon,2153,187,47,0.020497165285651986
no.it.os.os2,no.stortinget,331,665,20,0.020491803278688523
no.ms-windows,no.x,3235,301,71,0.02049062049062049
no.bolig,no.tungregning,978,118,22,0.020484171322160148
no.alt.god.jul,no.marked.bil,570,1423,40,0.02048131080389145
no.audio,no.tegnsett,2492,249,55,0.020476545048399106
no.spill.rollespill,no.x,447,301,15,0.020463847203274217
no.mac,no.x,2742,301,61,0.0204560697518444
no.alt.irctreff,no.telepost,82,417,10,0.02044989775051125
no.reiser,no.spill.rollespill,1050,447,30,0.02044989775051125
no.nuug,no.religion,164,1583,35,0.02044392523364486
no.folklore.edb,no.prat.aksjer,219,480,14,0.020437956204379562
no.spill.rollespill,no.student.nett,447,452,18,0.02043132803632236
no.alt.frustrasjoner,no.mswindow,3039,358,68,0.02042655452087714
no.musikk,no.typografi,3667,280,79,0.020423991726990692
no.marked,no.perl,8430,564,180,0.02042205582028591
no.biz.annonser.data,no.student.nett,1548,452,40,0.02040816326530612
no.eunet.diverse,no.kryptografi,141,359,10,0.02040816326530612
no.havforskning,no.org.isoc-no,397,53,9,0.02040816326530612
no.kultur.fritid.friluftsliv,no.velkommen,95,55,3,0.02040816326530612
no.ai,no.spill.rollespill,254,447,14,0.020378457059679767
no.student.samfund,no.www,255,3452,74,0.020368841178089733
no.biz.diskusjoner,no.marked.data,431,7987,168,0.020363636363636365
no.alt.frustrasjoner,no.tex,3039,218,65,0.020363408521303257
no.alt.pompelog,no.norsk,143,1962,42,0.02035870092098885
no.net,no.slekt.programmer,1216,589,36,0.02035048049745619
no.alt.katter,no.musikk.klassisk,774,229,20,0.02034587995930824
no.slekt.programmer,no.stortinget,589,665,25,0.02034174125305126
no.alt.config,no.spill.sjakk,407,145,11,0.02033271719038817
no.bolig,no.prat.ufo,978,327,26,0.020328381548084442
no.news.diverse,no.vr,1892,166,41,0.02032721864154685
no.marked.bolig,no.perl,892,564,29,0.020322354590049056
no.alt.flame,no.tegnsett,2514,249,55,0.02031019202363368
no.eunet.hjelp,no.kryptografi,244,359,12,0.02030456852791878
no.irc,no.marked.diskusjon,1472,187,33,0.02029520295202952
no.religion,no.sport.fotball,1583,629,44,0.02029520295202952
no.org.nobug.diverse,no.perl,90,564,13,0.0202808112324493
no.alkohol,no.tex,1192,218,28,0.020260492040520984
no.prat.ufo,no.www,327,3452,75,0.020248380129589634
no.musikk.klassisk,no.uninett.hjelp,229,124,7,0.02023121387283237
no.c,no.uninett.hjelp,1036,124,23,0.020228671943711522
no.sources.wanted,no.video,218,942,23,0.020228671943711522
no.alt.mat,no.prat.aksjer,1286,480,35,0.020219526285384173
no.nuug,no.sykkel,164,1148,26,0.02021772939346812
no.media,no.uninett.hjelp,734,124,17,0.020214030915576695
no.it.emacs,no.marked.bil,394,1423,36,0.02021336327905671
no.folklore.edb,no.video,219,942,23,0.020210896309314587
no.alt.mat,no.musikk.klassisk,1286,229,30,0.020202020202020204
no.slekt.programmer,no.tungregning,589,118,14,0.020202020202020204
no.medisin,no.uninett.hjelp,1038,124,23,0.02019315188762072
no.nuug,no.prat.politikk,164,1150,26,0.020186335403726708
no.slekt.programmer,no.uninett.katalog,589,68,13,0.020186335403726708
no.pc,no.student.nett,7028,452,148,0.020185488270594652
no.biz.nettilbydere,no.sport.fotball,686,629,26,0.02017067494181536
no.reiser,no.telepost,1050,417,29,0.020166898470097356
no.sykkel,no.tex,1148,218,27,0.020164301717699777
no.news.drift,no.slekt.etterlysning,379,1240,32,0.020163831127914304
no.marked.data,no.stortinget,7987,665,171,0.020162716660771136
no.marked.diskusjon,no.org.dnd,187,66,5,0.020161290322580645
no.prat.politikk,no.vr,1150,166,26,0.020155038759689922
no.marked.diskusjon,no.tex,187,218,8,0.020151133501259445
no.pc,no.uninett.diverse,7028,262,144,0.020151133501259445
no.biz.diskusjoner,no.marked,431,8430,175,0.020147363573566657
no.alt.sjokolade,no.org.isoc-no,656,53,14,0.02014388489208633
no.marked.diskusjon,no.uninett.skole,187,522,14,0.02014388489208633
no.folklore.generelt,no.student.samfund,49,255,6,0.020134228187919462
no.musikk.gitar,no.uninett.katalog,1148,68,24,0.020134228187919462
no.prat.ufo,no.standard,327,129,9,0.020134228187919462
no.bil,no.typografi,2153,280,48,0.02012578616352201
no.alt.amiga,no.nuug,343,164,10,0.02012072434607646
no.musikk,no.speider,3667,491,82,0.020117762512266928
no.norsk.fagord,no.uninett.drift,243,112,7,0.020114942528735632
no.alt.tegneserier,no.uninett.hjelp,1043,124,23,0.020104895104895104
no.alkohol,no.musikk.klassisk,1192,229,28,0.020100502512562814
no.alt.tegneserier,no.prat.aksjer,1043,480,30,0.020093770931011386
no.alt.god.jul,no.org.nobug.diverse,570,90,13,0.02009273570324575
no.sport.diverse,no.tungregning,1507,118,32,0.020087884494664157
no.alt.mat,no.marked.diskusjon,1286,187,29,0.02008310249307479
no.folklore.overtro,no.uninett.hjelp,130,124,5,0.020080321285140562
no.musikk.klassisk,no.psykologi,229,584,16,0.020075282308657464
no.alt.fan.de-lillos,no.mail.diverse,176,993,23,0.02006980802792321
no.marked.diskusjon,no.tungregning,187,118,6,0.020066889632107024
no.alkohol,no.pressemeldinger.diskusjon,1192,79,25,0.020064205457463884
no.amiga,no.reiser,1543,1050,51,0.02006294256490952
no.mac,no.skole.diverse,2742,563,65,0.020061728395061727
no.alt.mat.drikke,no.org.isoc-no,659,53,14,0.02005730659025788
no.eunet.hjelp,no.uninett.drift,244,112,7,0.02005730659025788
no.alt.pompelog,no.multimedia,143,1383,30,0.020053475935828877
no.elektronikk,no.norsk.fagord,2250,243,49,0.020049099836333878
no.pressemeldinger,no.uninett.hjelp,334,124,9,0.0200445434298441
no.alt.katter,no.eunet.hjelp,774,244,20,0.02004008016032064
no.musikk.klassisk,no.typografi,229,280,10,0.02004008016032064
no.alt.flame,no.reiser,2514,1050,70,0.02003434459072696
no.alt.irc-treff,no.elektronikk,296,2250,50,0.020032051282051284
no.folklore.overtro,no.radio_tv,130,583,14,0.020028612303290415
no.musikk,no.student.samfund,3667,255,77,0.020026007802340703
no.folklore.generelt,no.hobby.diverse,49,817,17,0.020023557126030624
no.biz.nettilbydere,no.musikk.gitar,686,1148,36,0.020022246941045607
no.alt.diskusjoner,no.slekt.programmer,2367,589,58,0.020013802622498276
no.alt.gledesutbrudd,no.alt.irctreff,1753,82,36,0.020011117287381877
no.film,no.vr,2587,166,54,0.020007410151908114
no.ai,no.hobby.diverse,254,817,21,0.02
no.alt.config,no.mswindow,407,358,15,0.02
no.alt.pompelog,no.uninett.drift,143,112,5,0.02
no.biz,no.lisp,55,302,7,0.02
no.folklore.generelt,no.kryptografi,49,359,8,0.02
no.folklore.generelt,no.org.isoc-no,49,53,2,0.02
no.hobby.diverse,no.slekt,817,1836,52,0.019992310649750097
no.alt.gledesutbrudd,no.marked.diskusjon,1753,187,38,0.019978969505783387
no.amiga,no.eunet.hjelp,1543,244,35,0.01997716894977169
no.prat.aksjer,no.speider,480,491,19,0.01995798319327731
no.mswindow,no.stortinget,358,665,20,0.019940179461615155
no.perl,no.sources.list,564,101,13,0.019938650306748466
no.spill.rollespill,no.tex,447,218,13,0.019938650306748466
no.linux,no.mswindow,3019,358,66,0.019933554817275746
no.alt.katter,no.slekt,774,1836,51,0.01992966002344666
no.c,no.org.nobug.diverse,1036,90,22,0.019927536231884056
no.marked.bil,no.uninett.skole,1423,522,38,0.019926586261143155
no.slekt,no.telepost,1836,417,44,0.019918515165233137
no.alt.motorsykler,no.alt.radio-tv.irma-1000,1688,309,39,0.019918283963227784
no.folklore.overtro,no.it.os.os2,130,331,9,0.01991150442477876
no.norsk.fagord,no.sources.wanted,243,218,9,0.01991150442477876
no.embnet,no.tele,260,2097,46,0.0199048031155344
no.havforskning,no.tex,397,218,12,0.01990049751243781
no.net,no.sport.fotball,1216,629,36,0.01990049751243781
no.pc,no.x,7028,301,143,0.019899805176732534
no.alt.motorsykler,no.amiga,1688,1543,63,0.019886363636363636
no.org.dnd,no.spill.rollespill,66,447,10,0.019880715705765408
no.kjemi,no.slekt.programmer,745,589,26,0.019877675840978593
no.religion,no.slekt.etterlysning,1583,1240,55,0.019869942196531792
no.alt.config,no.velkommen,407,55,9,0.019867549668874173
no.it.emacs,no.uninett.katalog,394,68,9,0.019867549668874173
no.musikk.klassisk,no.pressemeldinger.diskusjon,229,79,6,0.019867549668874173
no.alt.mat,no.sources.list,1286,101,27,0.019852941176470587
no.alt.motorsykler,no.uninett.skole,1688,522,43,0.019843101061375174
no.bibsys,no.reiser,235,1050,25,0.01984126984126984
no.media,no.slekt,734,1836,50,0.01984126984126984
no.prat.seksualitet,no.spill.sjakk,883,145,20,0.01984126984126984
no.tegnsett,no.vitser,249,3555,74,0.019839142091152815
no.embnet,no.skole.diverse,260,563,16,0.01982651796778191
no.alt.katter,no.mswindow,774,358,22,0.01981981981981982
no.bibsys,no.it.os.os2,235,331,11,0.01981981981981982
no.biz.diskusjoner,no.eunet.drift,431,135,11,0.01981981981981982
no.prat.seksualitet,no.x,883,301,23,0.019810508182601206
no.biz.annonser,no.prat.aksjer,2197,480,52,0.019809523809523808
no.alt.pompelog,no.vr,143,166,6,0.019801980198019802
no.marked.data,no.mswindow,7987,358,162,0.01979714041305145
no.bibsys,no.musikk.klassisk,235,229,9,0.01978021978021978
no.slekt.etterlysning,no.www,1240,3452,91,0.01977830906324712
no.havforskning,no.pc,397,7028,144,0.019777503090234856
no.norsk.fagord,no.tungregning,243,118,7,0.01977401129943503
no.slekt.etterlysning,no.sources.list,1240,101,26,0.01977186311787072
no.linux,no.pressemeldinger,3019,334,65,0.019768856447688565
no.ms-windows,no.prat.aksjer,3235,480,72,0.01976393082624211
no.test,no.video,6386,942,142,0.019760645699972167
no.alt.motorsykler,no.radio_tv,1688,583,44,0.019757521329142345
no.mail.drift,no.test,430,6386,132,0.019748653500897665
no.alkohol,no.mswindow,1192,358,30,0.019736842105263157
no.biz,no.student.samfund,55,255,6,0.019736842105263157
no.prat.narkotika,no.x,526,301,16,0.01972872996300863
no.irc,no.pressemeldinger.diskusjon,1472,79,30,0.01972386587771203
no.bibsys,no.pressemeldinger,235,334,11,0.01971326164874552
no.musikk.gitar,no.x,1148,301,28,0.019704433497536946
no.sport.fotball,no.stortinget,629,665,25,0.019700551615445233
no.eunet.drift,no.kjemi,135,745,17,0.019698725376593278
no.alt.frustrasjoner,no.prat.ufo,3039,327,65,0.01969100272644653
no.hobby.diverse,no.test,817,6386,139,0.019677236693091734
no.skole.diverse,no.sport.fotball,563,629,23,0.019674935842600515
no.norsk,no.uninett.drift,1962,112,40,0.01966568338249754
no.spill.sjakk,no.tex,145,218,7,0.019662921348314606
no.alt.pompel-og-pilt,no.spill,329,2992,64,0.019649984648449494
no.havforskning,no.slekt.programmer,397,589,19,0.01964839710444674
no.alt.fan.de-lillos,no.spill.rollespill,176,447,12,0.019639934533551555
no.alt.irc-treff,no.prat.ufo,296,327,12,0.019639934533551555
no.alt.diskusjoner,no.musikk.klassisk,2367,229,50,0.019638648860958365
no.mail.diverse,no.slekt.etterlysning,993,1240,43,0.019634703196347032
no.alt.arkiv,no.marked.bolig,199,892,21,0.019626168224299065
no.musikk,no.pressemeldinger,3667,334,77,0.01962283384301733
no.reiser,no.x,1050,301,26,0.019622641509433963
no.alt.amiga,no.net,343,1216,30,0.01962066710268149
no.marked.diskusjon,no.www,187,3452,70,0.019613337069207062
no.alt.flame,no.amiga,2514,1543,78,0.019602915305353102
no.alt.mat,no.prat.ufo,1286,327,31,0.019595448798988623
no.alt.arkiv,no.tex,199,218,8,0.019559902200488997
no.marked.diskusjon,no.speider,187,491,13,0.019548872180451128
no.marked.jobb,no.vr,2181,166,45,0.01954821894005213
no.marked.jobb,no.slekt,2181,1836,77,0.01954314720812183
no.general,no.speider,7075,491,145,0.01953914566769977
no.musikk,no.x,3667,301,76,0.019527235354573486
no.prat.narkotika,no.sources.list,526,101,12,0.01951219512195122
no.alt.fan.de-lillos,no.hobby.diverse,176,817,19,0.019507186858316223
no.alt.radio-tv.irma-1000,no.reiser,309,1050,26,0.019504876219054765
no.folklore.generelt,no.prat.narkotika,49,526,11,0.01950354609929078
no.uninett.diverse,no.vitser,262,3555,73,0.019497863247863248
no.prat.aksjer,no.sport.diverse,480,1507,38,0.019497178040020522
no.mail.diverse,no.sport.fotball,993,629,31,0.01948460087994972
no.kryptografi,no.radio_tv,359,583,18,0.01948051948051948
no.eunet.drift,no.multimedia,135,1383,29,0.019476158495634655
no.alt.fan.de-lillos,no.radio-tv,176,2075,43,0.01947463768115942
no.news.drift,no.spill.sjakk,379,145,10,0.019455252918287938
no.alt.config,no.slekt.programmer,407,589,19,0.019447287615148412
no.amiga,no.marked.diskusjon,1543,187,33,0.019446081319976428
no.it.diverse,no.standard,605,129,14,0.019444444444444445
no.kryptografi,no.prat.aksjer,359,480,16,0.019441069258809233
no.folklore.overtro,no.spill.rollespill,130,447,11,0.019434628975265017
no.biz.annonser.data,no.org.efn.diskusjon,1548,446,38,0.019427402862985686
no.sport.fotball,no.vit.diverse,629,473,21,0.01942645698427382
no.marked.bil,no.prat.politikk,1423,1150,49,0.01941362916006339
no.eunet.hjelp,no.norsk,244,1962,42,0.019408502772643253
no.ef,no.slekt.programmer,567,589,22,0.019400352733686066
no.medisin,no.tungregning,1038,118,22,0.019400352733686066
no.eunet.diverse,no.multimedia,141,1383,29,0.01939799331103679
no.alt.fan.de-lillos,no.stortinget,176,665,16,0.019393939393939394
no.eunet.diverse,no.norsk,141,1962,40,0.019389238972370333
no.alt.pompelog,no.unix,143,1435,30,0.01937984496124031
no.it.diverse,no.spill.rollespill,605,447,20,0.01937984496124031
no.org.isoc-no,no.prat.narkotika,53,526,11,0.01936619718309859
no.biz,no.irc,55,1472,29,0.019359145527369826
no.alt.sjokolade,no.slekt.etterlysning,656,1240,36,0.01935483870967742
no.marked.bil,no.prat.narkotika,1423,526,37,0.019351464435146442
no.folklore.overtro,no.www,130,3452,68,0.01935116676152533
no.litteratur,no.sources.list,1532,101,31,0.019350811485642945
no.marked,no.vit.diverse,8430,473,169,0.019349667964277537
no.alt.god.jul,no.slekt.programmer,570,589,22,0.019349164467897976
no.hobby.diverse,no.pressemeldinger.diskusjon,817,79,17,0.019340159271899887
no.mswindow,no.norsk,358,1962,44,0.019332161687170474
no.test,no.uninett.skole,6386,522,131,0.019330087059170723
no.ef,no.org.dnd,567,66,12,0.01932367149758454
no.jus,no.sport.fotball,1851,629,47,0.019317714755445952
no.bolig,no.spill.rollespill,978,447,27,0.019313304721030045
no.biz,no.vit.diverse,55,473,10,0.019305019305019305
no.alt.frustrasjoner,no.bibsys,3039,235,62,0.019302615193026153
no.irc,no.tex,1472,218,32,0.019300361881785282
no.biz,no.uninett.diverse,55,262,6,0.01929260450160772
no.news.drift,no.test,379,6386,128,0.019285821907488322
no.alt.flame,no.it.emacs,2514,394,55,0.01927795303189625
no.alt.irctreff,no.it.emacs,82,394,9,0.019271948608137045
no.havforskning,no.pressemeldinger.diskusjon,397,79,9,0.019271948608137045
no.prat.aksjer,no.religion,480,1583,39,0.019268774703557312
no.it.emacs,no.spill,394,2992,64,0.01926550270921132
no.prat.seksualitet,no.pressemeldinger,883,334,23,0.019262981574539362
no.alt.fan.de-lillos,no.prat.seksualitet,176,883,20,0.019249278152069296
no.alt.radio_tv.irma1000,no.norsk,209,1962,41,0.019248826291079813
no.ms-windows,no.uninett.diverse,3235,262,66,0.019236374234916934
no.alt.arkiv,no.org.dnd,199,66,5,0.019230769230769232
no.alt.katter,no.slekt.etterlysning,774,1240,38,0.019230769230769232
no.speider,no.spill.sjakk,491,145,12,0.019230769230769232
no.irc,no.it.os.os2,1472,331,34,0.01921989824759751
no.film,no.typografi,2587,280,54,0.019196587273373623
no.bolig,no.slekt,978,1836,53,0.019195943498732344
no.embnet,no.tex,260,218,9,0.019189765458422176
no.musikk.klassisk,no.tegnsett,229,249,9,0.019189765458422176
no.alt.katter,no.standard,774,129,17,0.019187358916478554
no.alt.fan.de-lillos,no.tegnsett,176,249,8,0.019184652278177457
no.mail.diverse,no.musikk.klassisk,993,229,23,0.019182652210175146
no.alt.sjokolade,no.eunet.diverse,656,141,15,0.01918158567774936
no.irc,no.musikk.klassisk,1472,229,32,0.019173157579388856
no.eunet.hjelp,no.it.emacs,244,394,12,0.019169329073482427
no.musikk.klassisk,no.org.nobug.diverse,229,90,6,0.019169329073482427
no.sources.list,no.tex,101,218,6,0.019169329073482427
no.prat.narkotika,no.test,526,6386,130,0.019168386906517253
no.it.os.os2,no.linux,331,3019,63,0.0191664131426833
no.medisin,no.pressemeldinger.diskusjon,1038,79,21,0.01916058394160584
no.marked.bolig,no.speider,892,491,26,0.01915991156963891
no.marked.diskusjon,no.pressemeldinger.diskusjon,187,79,5,0.019157088122605363
no.litteratur,no.tungregning,1532,118,31,0.019147621988882025
no.sport.diverse,no.sport.orientering,1507,143,31,0.019147621988882025
no.sport.volleyball,no.uninett.diverse,164,262,8,0.019138755980861243
no.marked.bolig,no.typografi,892,280,22,0.019130434782608695
no.alt.frustrasjoner,no.prat.aksjer,3039,480,66,0.019113814074717638
no.biz.annonser,no.sport.fotball,2197,629,53,0.019112874143526866
no.havforskning,no.norsk.fagord,397,243,12,0.01910828025477707
no.alt.fan.de-lillos,no.litteratur,176,1532,32,0.01909307875894988
no.jus,no.uninett.hjelp,1851,124,37,0.019091847265221878
no.folklore.generelt,no.tex,49,218,5,0.019083969465648856
no.eunet.hjelp,no.folklore.overtro,244,130,7,0.01907356948228883
no.prat.aksjer,no.slekt.programmer,480,589,20,0.019065776930409915
no.alt.radio-tv.irma-1000,no.tele,309,2097,45,0.01905972045743329
no.folklore.edb,no.radio_tv,219,583,15,0.01905972045743329
no.radio-tv,no.slekt.etterlysning,2075,1240,62,0.019059329849369814
no.alt.radio_tv.irma1000,no.folklore.edb,209,219,8,0.01904761904761905
no.biz.nettilbydere,no.speider,686,491,22,0.01904761904761905
no.eunet.drift,no.pressemeldinger.diskusjon,135,79,4,0.01904761904761905
no.alt.god.jul,no.test,570,6386,130,0.01904482859654263
no.audio,no.student.nett,2492,452,55,0.01903772931810315
no.eunet.hjelp,no.student.nett,244,452,13,0.01903367496339678
no.bil,no.telepost,2153,417,48,0.0190325138778747
no.folklore.overtro,no.reiser,130,1050,22,0.018998272884283247
no.alt.irc-treff,no.marked.diskusjon,296,187,9,0.0189873417721519
no.alt.mat.drikke,no.sport.fotball,659,629,24,0.0189873417721519
no.alt.amiga,no.alt.frustrasjoner,343,3039,63,0.01898162097017174
no.org.nobug.diverse,no.spill.rollespill,90,447,10,0.018975332068311195
no.bil,no.prat.aksjer,2153,480,49,0.018962848297213623
no.havforskning,no.marked.data,397,7987,156,0.018959649975692758
no.bibsys,no.general,235,7075,136,0.018957345971563982
no.marked.data,no.perl,7987,564,159,0.01894661582459485
no.alt.katter,no.eunet.diverse,774,141,17,0.01893095768374165
no.alt.arkiv,no.spill.rollespill,199,447,12,0.01892744479495268
no.eunet.hjelp,no.pressemeldinger.diskusjon,244,79,6,0.01892744479495268
no.eunet.hjelp,no.perl,244,564,15,0.018915510718789406
no.alt.radio_tv.irma1000,no.news.diverse,209,1892,39,0.018913676042677012
no.alt.fan.de-lillos,no.biz.nettilbydere,176,686,16,0.018912529550827423
no.norsk.fagord,no.reiser,243,1050,24,0.018912529550827423
no.alt.radio-tv.irma-1000,no.sykkel,309,1148,27,0.01888111888111888
no.amiga,no.folklore.overtro,1543,130,31,0.018879415347137638
no.alt.pompel-og-pilt,no.ms-windows,329,3235,66,0.018867924528301886
no.embnet,no.pressemeldinger,260,334,11,0.018867924528301886
no.it.os.os2,no.ms-windows,331,3235,66,0.018857142857142857
no.mswindow,no.spill,358,2992,62,0.018856447688564478
no.biz.diskusjoner,no.tex,431,218,12,0.018838304552590265
no.alt.arkiv,no.prat.seksualitet,199,883,20,0.018832391713747645
no.eunet.drift,no.unix,135,1435,29,0.01881894873458793
no.audio,no.nuug,2492,164,49,0.018795550441120062
no.irc,no.slekt.programmer,1472,589,38,0.018783984181908058
no.irc,no.sources.list,1472,101,29,0.01878238341968912
no.it.diverse,no.prat.aksjer,605,480,20,0.018779342723004695
no.slekt.programmer,no.spill,589,2992,66,0.018776671408250355
no.alt.diskusjoner,no.standard,2367,129,46,0.018775510204081632
no.mac,no.norsk.fagord,2742,243,55,0.01877133105802048
no.musikk.gitar,no.slekt.programmer,1148,589,32,0.0187683284457478
no.pressemeldinger.diskusjon,no.x,79,301,7,0.01876675603217158
no.embnet,no.marked.bil,260,1423,31,0.018765133171912834
no.pc,no.sport.fotball,7028,629,141,0.018759978712080894
no.marked.jobb,no.prat.aksjer,2181,480,49,0.01875957120980092
no.marked.bolig,no.test,892,6386,134,0.018756998880179173
no.religion,no.sources.list,1583,101,31,0.018753781004234724
no.alt.arkiv,no.video,199,942,21,0.01875
no.embnet,no.musikk.klassisk,260,229,9,0.01875
no.bolig,no.sources.wanted,978,218,22,0.018739352640545145
no.prat.aksjer,no.tungregning,480,118,11,0.018739352640545145
no.embnet,no.spill.rollespill,260,447,13,0.018731988472622477
no.alt.irctreff,no.media,82,734,15,0.018726591760299626
no.alt.tegneserier,no.slekt.programmer,1043,589,30,0.018726591760299626
no.biz.annonser.data,no.sport.fotball,1548,629,40,0.018717828731867104
no.psykologi,no.test,584,6386,128,0.01870798012277112
no.alt.radio_tv.irma1000,no.tungregning,209,118,6,0.018691588785046728
no.alt.amiga,no.news.diverse,343,1892,41,0.018687329079307202
no.bil,no.x,2153,301,45,0.0186799501867995
no.speider,no.tex,491,218,13,0.01867816091954023
no.folklore.edb,no.marked.jobb,219,2181,44,0.01867572156196944
no.ai,no.marked.bolig,254,892,21,0.018666666666666668
no.bil,no.mswindow,2153,358,46,0.018661257606490872
no.media,no.mswindow,734,358,20,0.018656716417910446
no.marked.bil,no.news.drift,1423,379,33,0.018654607122668174
no.marked,no.prat.narkotika,8430,526,164,0.0186533212010919
no.marked,no.telepost,8430,417,162,0.01865284974093264
no.eunet.drift,no.lisp,135,302,8,0.018648018648018648
no.biz.annonser.data,no.psykologi,1548,584,39,0.018633540372670808
no.general,no.student.samfund,7075,255,134,0.018621456364647026
no.prat.aksjer,no.unix,480,1435,35,0.018617021276595744
no.prat.politikk,no.sources.wanted,1150,218,25,0.018615040953090096
no.eunet.hjelp,no.mswindow,244,358,11,0.018612521150592216
no.eunet.drift,no.uninett.skole,135,522,12,0.018604651162790697
no.biz,no.folklore.edb,55,219,5,0.01858736059479554
no.folklore.edb,no.velkommen,219,55,5,0.01858736059479554
no.marked.data,no.skole.diverse,7987,563,156,0.01858470335954253
no.vr,no.www,166,3452,66,0.018581081081081082
no.folklore.generelt,no.typografi,49,280,6,0.018575851393188854
no.slekt.programmer,no.uninett.hjelp,589,124,13,0.018571428571428572
no.alt.amiga,no.jus,343,1851,40,0.018570102135561744
no.alt.irctreff,no.lisp,82,302,7,0.01856763925729443
no.biz.annonser,no.prat.ufo,2197,327,46,0.018563357546408393
no.eunet.drift,no.kryptografi,135,359,9,0.018556701030927835
no.lisp,no.marked.data,302,7987,151,0.018554927500614403
no.perl,no.slekt.programmer,564,589,21,0.018551236749116608
no.bibsys,no.vitser,235,3555,69,0.018543402311206665
no.it.diverse,no.nuug,605,164,14,0.018543046357615896
no.media,no.spill.sjakk,734,145,16,0.01853997682502897
no.marked.bil,no.stortinget,1423,665,38,0.018536585365853658
no.alt.amiga,no.irc,343,1472,33,0.018518518518518517
no.alt.tegneserier,no.uninett.drift,1043,112,21,0.018518518518518517
no.it.emacs,no.sources.list,394,101,9,0.018518518518518517
no.musikk.gitar,no.spill.rollespill,1148,447,29,0.018518518518518517
no.ai,no.spill,254,2992,59,0.018512707875745216
no.general,no.sport.fotball,7075,629,140,0.01850872554204125
no.irc,no.uninett.hjelp,1472,124,29,0.018506700701978303
no.news.drift,no.spill.rollespill,379,447,15,0.018495684340320593
no.medisin,no.musikk.klassisk,1038,229,23,0.018488745980707395
no.pressemeldinger.diskusjon,no.telepost,79,417,9,0.018480492813141684
no.speider,no.video,491,942,26,0.01847903340440654
no.alt.irc-treff,no.spill.sjakk,296,145,8,0.018475750577367205
no.kryptografi,no.vitser,359,3555,71,0.018475149622690607
no.reiser,no.tex,1050,218,23,0.018473895582329317
no.kjemi,no.slekt.etterlysning,745,1240,36,0.018471010774756286
no.it.diverse,no.uninett.drift,605,112,13,0.018465909090909092
no.kryptografi,no.mswindow,359,358,13,0.018465909090909092
no.nuug,no.reiser,164,1050,22,0.018456375838926176
no.musikk,no.telepost,3667,417,74,0.018453865336658354
no.musikk.gitar,no.skole.diverse,1148,563,31,0.018452380952380953
no.litteratur,no.uninett.hjelp,1532,124,30,0.01845018450184502
no.student.samfund,no.vitser,255,3555,69,0.018444266238973536
no.ai,no.norsk.fagord,254,243,9,0.018442622950819672
no.ai,no.musikk,254,3667,71,0.018441558441558443
no.slekt.programmer,no.standard,589,129,13,0.018439716312056736
no.eunet.diverse,no.x,141,301,8,0.018433179723502304
no.bibsys,no.marked.bil,235,1423,30,0.018427518427518427
no.marked.jobb,no.radio_tv,2181,583,50,0.018422991893883568
no.alt.tegneserier,no.tungregning,1043,118,21,0.018421052631578946
no.alkohol,no.eunet.drift,1192,135,24,0.01841903300076746
no.prat.ufo,no.spill,327,2992,60,0.01841055538508745
no.nuug,no.pressemeldinger,164,334,9,0.018404907975460124
no.alt.gledesutbrudd,no.standard,1753,129,34,0.0183982683982684
no.spill.rollespill,no.unix,447,1435,34,0.0183982683982684
no.news.diverse,no.sources.list,1892,101,36,0.018395503321410323
no.prat.aksjer,no.standard,480,129,11,0.01839464882943144
no.alt.motorsykler,no.telepost,1688,417,38,0.018384131591678763
no.musikk.gitar,no.test,1148,6386,136,0.018383346850500134
no.marked.bolig,no.prat.ufo,892,327,22,0.018379281537176273
no.alt.fan.de-lillos,no.alt.frustrasjoner,176,3039,58,0.018371872030408617
no.prat.aksjer,no.sport.fotball,480,629,20,0.018365472910927456
no.spill,no.typografi,2992,280,59,0.01836290071584189
no.alt.flame,no.embnet,2514,260,50,0.018355359765051395
no.alt.diskusjoner,no.slekt.etterlysning,2367,1240,65,0.018351214003387916
no.musikk.gitar,no.slekt.etterlysning,1148,1240,43,0.01833688699360341
no.linux,no.prat.aksjer,3019,480,63,0.018335273573923165
no.org.efn.diskusjon,no.test,446,6386,123,0.01833358175585035
no.alt.tegneserier,no.uninett.katalog,1043,68,20,0.01833180568285976
no.alt.flame,no.biz.diskusjoner,2514,431,53,0.018326417704011066
no.medisin,no.sport.fotball,1038,629,30,0.01832620647525962
no.musikk.klassisk,no.net,229,1216,26,0.018322762508809022
no.multimedia,no.musikk.klassisk,1383,229,29,0.01831964624131396
no.org.efn.diskusjon,no.slekt,446,1836,41,0.018295403837572513
no.alt.amiga,no.mail.diverse,343,993,24,0.018292682926829267
no.eunet.hjelp,no.org.nobug.diverse,244,90,6,0.018292682926829267
no.alt.fan.de-lillos,no.net,176,1216,25,0.018288222384784197
no.pressemeldinger,no.uninett.drift,334,112,8,0.0182648401826484
no.spill.sjakk,no.x,145,301,8,0.0182648401826484
no.audio,no.uninett.skole,2492,522,54,0.018243243243243244
no.spill.rollespill,no.sport.diverse,447,1507,35,0.018238665971860343
no.alt.pompelog,no.litteratur,143,1532,30,0.0182370820668693
no.marked.jobb,no.nuug,2181,164,42,0.0182370820668693
no.bil,no.radio_tv,2153,583,49,0.018235950874581318
no.sport.diverse,no.typografi,1507,280,32,0.018233618233618232
no.alt.arkiv,no.radio_tv,199,583,14,0.018229166666666668
no.marked,no.student.nett,8430,452,159,0.018227673965378884
no.embnet,no.norsk.fagord,260,243,9,0.018218623481781375
no.alt.fan.de-lillos,no.news.diverse,176,1892,37,0.018217626784835055
no.spill.rollespill,no.uninett.drift,447,112,10,0.018214936247723135
no.alt.radio-tv.irma-1000,no.spill,309,2992,59,0.018198642813078345
no.alt.god.jul,no.slekt,570,1836,43,0.01819720694033009
no.nuug,no.radio-tv,164,2075,40,0.018190086402910415
no.ai,no.alt.irctreff,254,82,6,0.01818181818181818
no.amiga,no.tegnsett,1543,249,32,0.01818181818181818
no.prat.aksjer,no.psykologi,480,584,19,0.01818181818181818
no.radio-tv,no.vr,2075,166,40,0.01817355747387551
no.alt.irc-treff,no.ms-windows,296,3235,63,0.018166089965397925
no.perl,no.test,564,6386,124,0.018165836507471434
no.embnet,no.marked,260,8430,155,0.01816051552431166
no.ms-windows,no.norsk.fagord,3235,243,62,0.018149882903981264
no.hobby.diverse,no.tegnsett,817,249,19,0.018147086914995225
no.uninett.katalog,no.video,68,942,18,0.018145161290322582
no.alt.katter,no.uninett.hjelp,774,124,16,0.018140589569160998
no.alt.pompelog,no.musikk.gitar,143,1148,23,0.018138801261829655
no.musikk.klassisk,no.nuug,229,164,7,0.018134715025906734
no.c,no.prat.aksjer,1036,480,27,0.018132975151108125
no.alt.irctreff,no.student.samfund,82,255,6,0.01812688821752266
no.bolig,no.org.nobug.diverse,978,90,19,0.01811248808388942
no.media,no.org.isoc-no,734,53,14,0.018111254851228976
no.norsk,no.tungregning,1962,118,37,0.01811062163485071
no.linux,no.marked.diskusjon,3019,187,57,0.018100984439504603
no.alt.irctreff,no.alt.pompelog,82,143,4,0.01809954751131222
no.eunet.drift,no.org.nobug.diverse,135,90,4,0.01809954751131222
no.slekt.programmer,no.student.samfund,589,255,15,0.018094089264173704
no.religion,no.sources.wanted,1583,218,32,0.018089315997738834
no.alt.arkiv,no.slekt.programmer,199,589,14,0.01808785529715762
no.mail.drift,no.mswindow,430,358,14,0.01808785529715762
no.slekt,no.sykkel,1836,1148,53,0.018082565677243263
no.radio_tv,no.reiser,583,1050,29,0.01807980049875312
no.film,no.musikk.klassisk,2587,229,50,0.018076644974692697
no.biz.diskusjoner,no.radio_tv,431,583,18,0.018072289156626505
no.org.nobug.diverse,no.pressemeldinger.diskusjon,90,79,3,0.018072289156626505
no.musikk,no.nuug,3667,164,68,0.01807068828062716
no.mswindow,no.uninett.diverse,358,262,11,0.0180623973727422
no.prat.ufo,no.uninett.hjelp,327,124,8,0.01805869074492099
no.musikk.klassisk,no.org.isoc-no,229,53,5,0.018050541516245487
no.sport.volleyball,no.tungregning,164,118,5,0.018050541516245487
no.alt.arkiv,no.linux,199,3019,57,0.018032268269534957
no.tex,no.www,218,3452,65,0.018030513176144243
no.irc,no.slekt.etterlysning,1472,1240,48,0.018018018018018018
no.alt.flame,no.alt.pompelog,2514,143,47,0.01800766283524904
no.mac,no.student.samfund,2742,255,53,0.018002717391304348
no.marked.diskusjon,no.radio-tv,187,2075,40,0.018001800180018002
no.general,no.spill.rollespill,7075,447,133,0.017999729327378537
no.eunet.diverse,no.student.samfund,141,255,7,0.017994858611825194
no.elektronikk,no.mswindow,2250,358,46,0.01795472287275566
no.marked,no.mswindow,8430,358,155,0.017954361172246032
no.film,no.slekt,2587,1836,78,0.01795166858457998
no.speider,no.vit.diverse,491,473,17,0.01795142555438226
no.alt.radio_tv.irma1000,no.lisp,209,302,9,0.017928286852589643
no.elektronikk,no.slekt.programmer,2250,589,50,0.017927572606669058
no.linux,no.sources.wanted,3019,218,57,0.017924528301886792
no.kultur.fritid.friluftsliv,no.vit.diverse,95,473,10,0.017921146953405017
no.media,no.tungregning,734,118,15,0.017921146953405017
no.org.dnd,no.tex,66,218,5,0.017921146953405017
no.ai,no.general,254,7075,129,0.017916666666666668
no.prat.ufo,no.unix,327,1435,31,0.017908723281340265
no.alt.arkiv,no.radio-tv,199,2075,40,0.017905102954341987
no.amiga,no.pressemeldinger,1543,334,33,0.01789587852494577
no.prat.aksjer,no.video,480,942,25,0.01789549033643522
no.alt.diskusjoner,no.pressemeldinger.diskusjon,2367,79,43,0.0178942987931752
no.prat.politikk,no.slekt.etterlysning,1150,1240,42,0.01788756388415673
no.alt.irc-treff,no.bil,296,2153,43,0.017871986699916874
no.alt.flame,no.pressemeldinger,2514,334,50,0.017869907076483203
no.it.os.os2,no.unix,331,1435,31,0.017867435158501442
no.alt.motorsykler,no.tegnsett,1688,249,34,0.01786652653704677
no.alt.config,no.folklore.generelt,407,49,8,0.017857142857142856
no.alt.fan.de-lillos,no.it.emacs,176,394,10,0.017857142857142856
no.audio,no.marked.diskusjon,2492,187,47,0.017857142857142856
no.hobby.diverse,no.kultur.fritid.friluftsliv,817,95,16,0.017857142857142856
no.irc,no.uninett.katalog,1472,68,27,0.01784534038334435
no.alt.arkiv,no.www,199,3452,64,0.017842207973236688
no.religion,no.standard,1583,129,30,0.0178359096313912
no.alt.fan.de-lillos,no.student.nett,176,452,11,0.017828200972447326
no.prat.ufo,no.x,327,301,11,0.017828200972447326
no.marked.diskusjon,no.religion,187,1583,31,0.017826336975273145
no.folklore.generelt,no.uninett.skole,49,522,10,0.017825311942959002
no.alt.radio-tv.irma-1000,no.ms-windows,309,3235,62,0.017805858701895463
no.biz.nettilbydere,no.musikk.klassisk,686,229,16,0.017797552836484983
no.biz.annonser,no.speider,2197,491,47,0.017796289284361985
no.spill.rollespill,no.uninett.katalog,447,68,9,0.017786561264822136
no.alt.pompel-og-pilt,no.marked,329,8430,153,0.01777829421333953
no.prat.seksualitet,no.speider,883,491,24,0.017777777777777778
no.folklore.overtro,no.linux,130,3019,55,0.01777634130575307
no.musikk.gitar,no.uninett.drift,1148,112,22,0.017770597738287562
no.pc,no.tegnsett,7028,249,127,0.017762237762237763
no.bolig,no.sport.fotball,978,629,28,0.01773274224192527
no.news.diverse,no.tungregning,1892,118,35,0.017721518987341773
no.mac,no.slekt.programmer,2742,589,58,0.017720745493431105
no.ms-windows,no.prat.ufo,3235,327,62,0.017714285714285714
no.alt.flame,no.kryptografi,2514,359,50,0.017711654268508677
no.it.os.os2,no.standard,331,129,8,0.017699115044247787
no.elektronikk,no.vr,2250,166,42,0.017691659646166806
no.sykkel,no.tungregning,1148,118,22,0.017684887459807074
no.radio-tv,no.uninett.drift,2075,112,38,0.017682643089809214
no.it.os.os2,no.marked.diskusjon,331,187,9,0.01768172888015717
no.folklore.edb,no.ms-windows,219,3235,60,0.01767825574543312
no.marked.diskusjon,no.sources.list,187,101,5,0.0176678445229682
no.alt.frustrasjoner,no.marked.diskusjon,3039,187,56,0.017665615141955835
no.audio,no.skole.diverse,2492,563,53,0.01765489673550966
no.alt.fan.de-lillos,no.prat.politikk,176,1150,23,0.017651573292402148
no.alt.amiga,no.alt.fan.de-lillos,343,176,9,0.01764705882352941
no.alt.radio_tv.irma1000,no.alt.sjokolade,209,656,15,0.01764705882352941
no.net,no.org.isoc-no,1216,53,22,0.01764234161988773
no.alt.fan.de-lillos,no.c,176,1036,21,0.017632241813602016
no.telepost,no.tex,417,218,11,0.017628205128205128
no.alt.fan.de-lillos,no.multimedia,176,1383,27,0.01762402088772846
no.slekt,no.standard,1836,129,34,0.017607457276022784
no.sport.diverse,no.uninett.drift,1507,112,28,0.01759899434318039
no.slekt.programmer,no.student.nett,589,452,18,0.017595307917888565
no.pc,no.speider,7028,491,130,0.017593720395182026
no.marked.diskusjon,no.sources.wanted,187,218,7,0.017587939698492462
no.spill.rollespill,no.video,447,942,24,0.017582417582417582
no.skole.diverse,no.test,563,6386,120,0.017572118904671256
no.linux,no.vr,3019,166,55,0.01757188498402556
no.jus,no.tungregning,1851,118,34,0.01757105943152455
no.norsk.fagord,no.sykkel,243,1148,24,0.01755669348939283
no.marked.diskusjon,no.musikk.gitar,187,1148,23,0.01753048780487805
no.kjemi,no.mswindow,745,358,19,0.017527675276752766
no.vit.diverse,no.vr,473,166,11,0.01751592356687898
no.bolig,no.uninett.katalog,978,68,18,0.017509727626459144
no.alt.radio_tv.irma1000,no.biz.diskusjoner,209,431,11,0.017488076311605722
no.sport.fotball,no.video,629,942,27,0.017487046632124352
no.spill.rollespill,no.www,447,3452,67,0.017484342379958245
no.alt.irctreff,no.alt.radio_tv.irma1000,82,209,5,0.017482517482517484
no.marked.bolig,no.spill.rollespill,892,447,23,0.017477203647416412
no.alt.sjokolade,no.sources.list,656,101,13,0.01747311827956989
no.eunet.drift,no.norsk,135,1962,36,0.017467248908296942
no.prat.seksualitet,no.vr,883,166,18,0.01745877788554801
no.mswindow,no.sport.diverse,358,1507,32,0.01745771958537916
no.bibsys,no.tele,235,2097,40,0.017452006980802792
no.alt.irc-treff,no.musikk.klassisk,296,229,9,0.01744186046511628
no.it.diverse,no.kultur.fritid.friluftsliv,605,95,12,0.01744186046511628
no.film,no.sources.wanted,2587,218,48,0.017410228509249184
no.nuug,no.spill,164,2992,54,0.017408123791102514
no.prat.aksjer,no.typografi,480,280,13,0.01740294511378849
no.audio,no.speider,2492,491,51,0.017394270122783082
no.ai,no.it.os.os2,254,331,10,0.017391304347826087
no.eunet.diverse,no.musikk.gitar,141,1148,22,0.017363851617995266
no.alt.motorsykler,no.prat.aksjer,1688,480,37,0.017362740497419052
no.alt.arkiv,no.skole.diverse,199,563,13,0.017356475300400534
no.biz.diskusjoner,no.it.os.os2,431,331,13,0.017356475300400534
no.radio_tv,no.video,583,942,26,0.01734489659773182
no.musikk,no.prat.ufo,3667,327,68,0.017320427916454408
no.alkohol,no.sources.list,1192,101,22,0.01730920535011802
no.alt.pompelog,no.prat.politikk,143,1150,22,0.01730920535011802
no.radio-tv,no.sources.wanted,2075,218,39,0.01730257320319432
no.org.dnd,no.uninett.skole,66,522,10,0.01730103806228374
no.alt.radio_tv.irma1000,no.vitser,209,3555,64,0.017297297297297298
no.mail.diverse,no.org.dnd,993,66,18,0.01729106628242075
no.marked.diskusjon,no.vr,187,166,6,0.01729106628242075
no.hobby.diverse,no.x,817,301,19,0.017288444040036398
no.kjemi,no.pressemeldinger.diskusjon,745,79,14,0.01728395061728395
no.alt.arkiv,no.tele,199,2097,39,0.017279574656623838
no.alt.pompelog,no.perl,143,564,12,0.017266187050359712
no.eunet.hjelp,no.uninett.skole,244,522,13,0.017264276228419653
no.alt.mat.drikke,no.vr,659,166,14,0.01726263871763255
no.audio,no.folklore.edb,2492,219,46,0.01726078799249531
no.marked.bil,no.religion,1423,1583,51,0.017258883248730966
no.norsk,no.sources.list,1962,101,35,0.01725838264299803
no.alt.fan.de-lillos,no.vit.diverse,176,473,11,0.017241379310344827
no.alt.god.jul,no.pressemeldinger.diskusjon,570,79,11,0.017241379310344827
no.alt.irc-treff,no.slekt.programmer,296,589,15,0.017241379310344827
no.alt.irctreff,no.ef,82,567,11,0.017241379310344827
no.alt.mat.drikke,no.folklore.generelt,659,49,12,0.017241379310344827
no.slekt.programmer,no.vit.diverse,589,473,18,0.017241379310344827
no.sport.volleyball,no.tegnsett,164,249,7,0.017241379310344827
no.alt.config,no.slekt,407,1836,38,0.017233560090702947
no.spill,no.student.samfund,2992,255,55,0.017230576441102756
no.marked.bolig,no.psykologi,892,584,25,0.01722949689869056
no.marked.jobb,no.mswindow,2181,358,43,0.017227564102564104
no.alt.radio-tv.irma-1000,no.marked,309,8430,148,0.01722733092771505
no.marked.bolig,no.uninett.drift,892,112,17,0.017223910840932118
no.alt.flame,no.sykkel,2514,1148,62,0.017222222222222222
no.slekt.etterlysning,no.vit.diverse,1240,473,29,0.0172209026128266
no.org.dnd,no.psykologi,66,584,11,0.017214397496087636
no.embnet,no.it.os.os2,260,331,10,0.01721170395869191
no.org.efn.diskusjon,no.spill.sjakk,446,145,10,0.01721170395869191
no.alt.fan.de-lillos,no.musikk,176,3667,65,0.017204870301746954
no.alt.config,no.prat.aksjer,407,480,15,0.017201834862385322
no.biz,no.kryptografi,55,359,7,0.0171990171990172
no.jus,no.sources.list,1851,101,33,0.017196456487754037
no.alt.radio_tv.irma1000,no.sport.diverse,209,1507,29,0.017190278601066984
no.alt.flame,no.skole.diverse,2514,563,52,0.0171900826446281
no.slekt.etterlysning,no.vitser,1240,3555,81,0.0171828595672465
no.slekt,no.tungregning,1836,118,33,0.01717855283706403
no.folklore.edb,no.mac,219,2742,50,0.017176228100309172
no.org.isoc-no,no.prat.aksjer,53,480,9,0.01717557251908397
no.sport.fotball,no.sykkel,629,1148,30,0.017172295363480253
no.alt.amiga,no.alt.radio-tv.irma-1000,343,309,11,0.0171606864274571
no.alt.sjokolade,no.slekt.programmer,656,589,21,0.01715686274509804
no.marked.diskusjon,no.psykologi,187,584,13,0.017150395778364115
no.alt.irctreff,no.student.nett,82,452,9,0.017142857142857144
no.alt.sjokolade,no.slekt,656,1836,42,0.017142857142857144
no.ef,no.spill.sjakk,567,145,12,0.017142857142857144
no.kryptografi,no.marked,359,8430,148,0.01712764726304826
no.marked.data,no.org.efn.diskusjon,7987,446,142,0.01712700518634664
no.lisp,no.slekt,302,1836,36,0.017126546146527116
no.bil,no.nuug,2153,164,39,0.017120280948200176
no.alt.irc-treff,no.telepost,296,417,12,0.017118402282453638
no.alt.frustrasjoner,no.musikk.klassisk,3039,229,55,0.017117958294428883
no.eunet.diverse,no.it.emacs,141,394,9,0.017110266159695818
no.sources.wanted,no.spill,218,2992,54,0.017110266159695818
no.alt.flame,no.typografi,2514,280,47,0.017109574080815437
no.linux,no.student.samfund,3019,255,55,0.017086051568810188
no.slekt.programmer,no.unix,589,1435,34,0.017085427135678392
no.amiga,no.norsk.fagord,1543,243,30,0.017084282460136675
no.marked,no.uninett.diverse,8430,262,146,0.01708401591387784
no.prat.narkotika,no.standard,526,129,11,0.017080745341614908
no.tele,no.vr,2097,166,38,0.01707865168539326
no.biz.nettilbydere,no.spill.rollespill,686,447,19,0.017055655296229804
no.alt.sjokolade,no.mswindow,656,358,17,0.017051153460381142
no.biz.nettilbydere,no.org.nobug.diverse,686,90,13,0.01703800786369594
no.spill.sjakk,no.student.nett,145,452,10,0.017035775127768313
no.marked.bolig,no.norsk.fagord,892,243,19,0.017025089605734768
no.kjemi,no.sport.fotball,745,629,23,0.017024426350851222
no.ms-windows,no.slekt.programmer,3235,589,64,0.01702127659574468
no.alt.pompel-og-pilt,no.alt.radio_tv.irma1000,329,209,9,0.017013232514177693
no.ef,no.sport.fotball,567,629,20,0.017006802721088437
no.kryptografi,no.spill,359,2992,56,0.016995447647951443
no.alt.arkiv,no.slekt,199,1836,34,0.01699150424787606
no.sport.volleyball,no.student.samfund,164,255,7,0.01699029126213592
no.folklore.edb,no.pc,219,7028,121,0.016980072972214426
no.news.diverse,no.spill.sjakk,1892,145,34,0.016974538192710935
no.bolig,no.slekt.etterlysning,978,1240,37,0.016964695093993582
no.marked,no.skole.diverse,8430,563,150,0.016962569263824494
no.marked.diskusjon,no.spill,187,2992,53,0.01695457453614843
no.alt.troll,no.org.isoc-no,7,53,1,0.01694915254237288
no.biz,no.it.diverse,55,605,11,0.01694915254237288
no.folklore.generelt,no.speider,49,491,9,0.01694915254237288
no.marked.data,no.vit.diverse,7987,473,141,0.01694915254237288
no.perl,no.slekt,564,1836,40,0.01694915254237288
no.marked,no.uninett.skole,8430,522,149,0.016926047938202887
no.alt.radio_tv.irma1000,no.student.nett,209,452,11,0.016923076923076923
no.biz.annonser.data,no.student.samfund,1548,255,30,0.01692047377326565
no.alt.radio_tv.irma1000,no.radio-tv,209,2075,38,0.016918967052537846
no.bibsys,no.sykkel,235,1148,23,0.016911764705882352
no.media,no.slekt.programmer,734,589,22,0.016910069177555727
no.alt.katter,no.uninett.katalog,774,68,14,0.016908212560386472
no.eunet.diverse,no.typografi,141,280,7,0.016908212560386472
no.alt.irc-treff,no.musikk.gitar,296,1148,24,0.016901408450704224
no.mail.diverse,no.org.nobug.diverse,993,90,18,0.016901408450704224
no.folklore.overtro,no.tele,130,2097,37,0.016894977168949773
no.bibsys,no.org.dnd,235,66,5,0.016891891891891893
no.biz.nettilbydere,no.sources.wanted,686,218,15,0.01687289088863892
no.eunet.diverse,no.uninett.skole,141,522,11,0.01687116564417178
no.film,no.folklore.overtro,2587,130,45,0.016841317365269462
no.mac,no.sources.wanted,2742,218,49,0.01683270353830299
no.prat.seksualitet,no.slekt,883,1836,45,0.016828721017202692
no.general,no.mswindow,7075,358,123,0.01682626538987688
no.audio,no.musikk.klassisk,2492,229,45,0.016816143497757848
no.alt.fan.de-lillos,no.marked.diskusjon,176,187,6,0.01680672268907563
no.prat.ufo,no.sources.wanted,327,218,9,0.016791044776119403
no.prat.ufo,no.tex,327,218,9,0.016791044776119403
no.alt.arkiv,no.film,199,2587,46,0.016788321167883213
no.biz.annonser,no.vr,2197,166,39,0.016781411359724614
no.folklore.edb,no.spill.sjakk,219,145,6,0.01675977653631285
no.slekt.etterlysning,no.tele,1240,2097,55,0.01675807434491164
no.spill.sjakk,no.typografi,145,280,7,0.01674641148325359
no.psykologi,no.spill.sjakk,584,145,12,0.016736401673640166
no.slekt,no.vit.diverse,1836,473,38,0.01673271686481726
no.pressemeldinger,no.vitser,334,3555,64,0.01673202614379085
no.alt.mat,no.uninett.drift,1286,112,23,0.016727272727272726
no.alt.pompel-og-pilt,no.pc,329,7028,121,0.01672194582642344
no.linux,no.spill.rollespill,3019,447,57,0.016720445878556763
no.mswindow,no.radio-tv,358,2075,40,0.01671541997492687
no.alt.motorsykler,no.skole.diverse,1688,563,37,0.016711833785004515
no.alt.motorsykler,no.perl,1688,564,37,0.016704288939051917
no.hobby.diverse,no.tex,817,218,17,0.01669941060903733
no.bibsys,no.spill,235,2992,53,0.016698172652804034
no.alt.mat,no.mswindow,1286,358,27,0.016697588126159554
no.alt.gledesutbrudd,no.eunet.drift,1753,135,31,0.01669359181475498
no.musikk.klassisk,no.reiser,229,1050,21,0.016693163751987282
no.prat.aksjer,no.spill,480,2992,57,0.016691068814055635
no.tele,no.tex,2097,218,38,0.01668862538427756
no.musikk.klassisk,no.skole.diverse,229,563,13,0.01668806161745828
no.alt.motorsykler,no.uninett.diverse,1688,262,32,0.016684045881126174
no.alt.config,no.sport.fotball,407,629,17,0.016683022571148183
no.alt.motorsykler,no.eunet.diverse,1688,141,30,0.016675931072818232
no.alt.config,no.marked.bil,407,1423,30,0.016666666666666666
no.alt.fan.de-lillos,no.uninett.katalog,176,68,4,0.016666666666666666
no.folklore.overtro,no.prat.aksjer,130,480,10,0.016666666666666666
no.it.os.os2,no.tex,331,218,9,0.016666666666666666
no.marked.data,no.marked.diskusjon,7987,187,134,0.016666666666666666
no.vitser,no.vr,3555,166,61,0.016666666666666666
no.alt.diskusjoner,no.eunet.drift,2367,135,41,0.016659894351889477
no.elektronikk,no.folklore.overtro,2250,130,39,0.016659547202050404
no.alt.frustrasjoner,no.eunet.drift,3039,135,52,0.016655989750160152
no.alt.mat,no.tungregning,1286,118,23,0.0166545981173063
no.tex,no.video,218,942,19,0.016652059596844872
no.marked.data,no.news.drift,7987,379,137,0.016648438449386318
no.alt.irctreff,no.alt.katter,82,774,14,0.0166270783847981
no.folklore.generelt,no.news.drift,49,379,7,0.0166270783847981
no.marked.bil,no.vit.diverse,1423,473,31,0.016621983914209115
no.musikk,no.tegnsett,3667,249,64,0.016614745586708203
no.alt.flame,no.x,2514,301,46,0.016612495485734922
no.bolig,no.uninett.hjelp,978,124,18,0.016605166051660517
no.alt.radio_tv.irma1000,no.multimedia,209,1383,26,0.016602809706257982
no.slekt.programmer,no.video,589,942,25,0.016600265604249667
no.alt.flame,no.bolig,2514,978,57,0.016593886462882096
no.musikk.gitar,no.sport.fotball,1148,629,29,0.016590389016018305
no.folklore.generelt,no.mail.diverse,49,993,17,0.016585365853658537
no.spill.rollespill,no.vr,447,166,10,0.01658374792703151
no.c,no.uninett.katalog,1036,68,18,0.016574585635359115
no.norsk,no.uninett.hjelp,1962,124,34,0.016569200779727095
no.musikk.klassisk,no.org.efn.diskusjon,229,446,11,0.016566265060240965
no.ai,no.vitser,254,3555,62,0.016546570589805177
no.sources.list,no.unix,101,1435,25,0.01654533421575116
no.musikk.gitar,no.prat.ufo,1148,327,24,0.016540317022742935
no.alt.irc-treff,no.biz.annonser.data,296,1548,30,0.016538037486218304
no.film,no.norsk.fagord,2587,243,46,0.016522988505747127
no.mail.diverse,no.org.isoc-no,993,53,17,0.01652089407191448
no.litteratur,no.uninett.katalog,1532,68,26,0.016518424396442185
no.alt.amiga,no.pressemeldinger,343,334,11,0.016516516516516516
no.spill.rollespill,no.vitser,447,3555,65,0.01651003302006604
no.musikk.klassisk,no.video,229,942,19,0.016493055555555556
no.marked.data,no.uninett.skole,7987,522,138,0.016485485605065107
no.embnet,no.prat.aksjer,260,480,12,0.016483516483516484
no.marked.data,no.prat.narkotika,7987,526,138,0.01647761194029851
no.alt.katter,no.org.nobug.diverse,774,90,14,0.01647058823529412
no.skole.diverse,no.x,563,301,14,0.01647058823529412
no.folklore.edb,no.marked.bolig,219,892,18,0.01646843549862763
no.musikk.gitar,no.pressemeldinger,1148,334,24,0.01646090534979424
no.alt.god.jul,no.prat.aksjer,570,480,17,0.016456921587608905
no.marked.data,no.slekt,7987,1836,159,0.016452814569536425
no.alt.amiga,no.marked,343,8430,142,0.016452323021666087
no.alt.flame,no.student.nett,2514,452,48,0.01644962302947224
no.alt.amiga,no.psykologi,343,584,15,0.01644736842105263
no.nuug,no.spill.sjakk,164,145,5,0.01644736842105263
no.audio,no.vr,2492,166,43,0.01644359464627151
no.audio,no.slekt,2492,1836,70,0.016439643024894316
no.it.os.os2,no.vit.diverse,331,473,13,0.01643489254108723
no.alt.god.jul,no.mswindow,570,358,15,0.01642935377875137
no.folklore.generelt,no.org.efn.diskusjon,49,446,8,0.01642710472279261
no.it.os.os2,no.nuug,331,164,8,0.01642710472279261
no.alt.gledesutbrudd,no.vr,1753,166,31,0.01641949152542373
no.musikk.klassisk,no.student.nett,229,452,11,0.016417910447761194
no.alt.radio-tv.irma-1000,no.marked.data,309,7987,134,0.016417544719431514
no.sport.diverse,no.vr,1507,166,27,0.016403402187120292
no.alt.irc-treff,no.mac,296,2742,49,0.01639344262295082
no.bibsys,no.spill.rollespill,235,447,11,0.01639344262295082
no.ef,no.org.isoc-no,567,53,10,0.01639344262295082
no.mail.drift,no.org.dnd,430,66,8,0.01639344262295082
no.musikk.klassisk,no.sport.diverse,229,1507,28,0.01639344262295082
no.alt.amiga,no.alt.katter,343,774,18,0.01637852593266606
no.alt.pompel-og-pilt,no.marked.data,329,7987,134,0.016377413835248107
no.lisp,no.sport.fotball,302,629,15,0.016375545851528384
no.pressemeldinger,no.vit.diverse,334,473,13,0.0163727959697733
no.ai,no.reiser,254,1050,21,0.01636788776305534
no.prat.politikk,no.slekt.programmer,1150,589,28,0.01636469900642899
no.alt.radio_tv.irma1000,no.film,209,2587,45,0.016357688113413305
no.alt.gledesutbrudd,no.uninett.drift,1753,112,30,0.01634877384196185
no.alt.fan.de-lillos,no.org.efn.diskusjon,176,446,10,0.016339869281045753
no.biz.annonser,no.telepost,2197,417,42,0.016329704510108865
no.marked.bolig,no.musikk.klassisk,892,229,18,0.016319129646418858
no.mail.drift,no.sport.fotball,430,629,17,0.016314779270633396
no.biz.annonser,no.mswindow,2197,358,41,0.016308671439936355
no.alt.config,no.test,407,6386,109,0.016307600239377617
no.elektronikk,no.slekt.etterlysning,2250,1240,56,0.016307513104251603
no.alt.amiga,no.sources.wanted,343,218,9,0.016304347826086956
no.alt.tegneserier,no.pressemeldinger.diskusjon,1043,79,18,0.016304347826086956
no.amiga,no.prat.ufo,1543,327,30,0.016304347826086956
no.medisin,no.radio_tv,1038,583,26,0.016300940438871474
no.eunet.hjelp,no.student.samfund,244,255,8,0.016293279022403257
no.marked.diskusjon,no.unix,187,1435,26,0.016290726817042606
no.general,no.prat.aksjer,7075,480,121,0.01627656712402475
no.alt.radio-tv.irma-1000,no.org.dnd,309,66,6,0.016260162601626018
no.it.diverse,no.spill.sjakk,605,145,12,0.016260162601626018
no.prat.aksjer,no.spill.sjakk,480,145,10,0.016260162601626018
no.film,no.nuug,2587,164,44,0.01625415589213151
no.amiga,no.radio_tv,1543,583,34,0.016252390057361378
no.alt.arkiv,no.spill,199,2992,51,0.01624203821656051
no.alt.arkiv,no.mac,199,2742,47,0.01624049758120249
no.musikk.klassisk,no.sykkel,229,1148,22,0.016236162361623615
no.havforskning,no.musikk.klassisk,397,229,10,0.016233766233766232
no.it.diverse,no.pressemeldinger,605,334,15,0.016233766233766232
no.marked,no.pressemeldinger,8430,334,140,0.016233766233766232
no.it.diverse,no.musikk.gitar,605,1148,28,0.016231884057971015
no.audio,no.prat.ufo,2492,327,45,0.016222062004325882
no.alt.katter,no.prat.aksjer,774,480,20,0.01620745542949757
no.skole.diverse,no.video,563,942,24,0.016205266711681297
no.marked.diskusjon,no.sport.fotball,187,629,13,0.0161892901618929
no.nuug,no.tele,164,2097,36,0.016179775280898877
no.embnet,no.pc,260,7028,116,0.016174010039040714
no.alt.fan.de-lillos,no.norsk,176,1962,34,0.016159695817490494
no.prat.seksualitet,no.tegnsett,883,249,18,0.01615798922800718
no.havforskning,no.mswindow,397,358,12,0.016150740242261104
no.slekt.etterlysning,no.uninett.skole,1240,522,28,0.016147635524798153
no.bolig,no.tex,978,218,19,0.016142735768903994
no.radio-tv,no.standard,2075,129,35,0.016136468418626097
no.kryptografi,no.spill.sjakk,359,145,8,0.016129032258064516
no.sport.diverse,no.uninett.katalog,1507,68,25,0.016129032258064516
no.marked.data,no.radio_tv,7987,583,136,0.016125207493478778
no.biz.annonser.data,no.typografi,1548,280,29,0.016120066703724293
no.multimedia,no.uninett.katalog,1383,68,23,0.01610644257703081
no.marked.bolig,no.tungregning,892,118,16,0.01609657947686117
no.film,no.standard,2587,129,43,0.016086793864571642
no.norsk.fagord,no.student.nett,243,452,11,0.01608187134502924
no.news.diverse,no.uninett.katalog,1892,68,31,0.01607050285121825
no.alt.fan.de-lillos,no.radio_tv,176,583,12,0.01606425702811245
no.elektronikk,no.sources.wanted,2250,218,39,0.016055990119390694
no.spill.rollespill,no.sport.fotball,447,629,17,0.016052880075542966
no.alt.flame,no.alt.radio_tv.irma1000,2514,209,43,0.016044776119402984
no.ms-windows,no.tegnsett,3235,249,55,0.01603966170895305
no.c,no.mswindow,1036,358,22,0.016034985422740525
no.org.nobug.diverse,no.telepost,90,417,8,0.01603206412825651
no.bibsys,no.slekt.programmer,235,589,13,0.016029593094944512
no.eunet.diverse,no.sport.diverse,141,1507,26,0.016029593094944512
no.media,no.org.nobug.diverse,734,90,13,0.016029593094944512
no.slekt,no.uninett.katalog,1836,68,30,0.016008537886873
no.alt.amiga,no.alt.motorsykler,343,1688,32,0.016008004002001
no.alt.arkiv,no.biz,199,55,4,0.016
no.elektronikk,no.nuug,2250,164,38,0.015993265993265993
no.spill.sjakk,no.sport.diverse,145,1507,26,0.015990159901599015
no.alt.mat.drikke,no.mswindow,659,358,16,0.015984015984015984
no.telepost,no.vit.diverse,417,473,14,0.01598173515981735
no.alt.katter,no.org.isoc-no,774,53,13,0.01597051597051597
no.marked.jobb,no.speider,2181,491,42,0.01596958174904943
no.alt.amiga,no.vr,343,166,8,0.015968063872255488
no.prat.ufo,no.vitser,327,3555,61,0.01596440722323999
no.radio_tv,no.slekt,583,1836,38,0.015959680806383873
no.spill,no.standard,2992,129,49,0.015950520833333332
no.radio-tv,no.tex,2075,218,36,0.01595037660611431
no.org.isoc-no,no.psykologi,53,584,10,0.01594896331738437
no.alt.pompel-og-pilt,no.skole.diverse,329,563,14,0.015945330296127564
no.biz.annonser.data,no.speider,1548,491,32,0.015944195316392625
no.eunet.hjelp,no.www,244,3452,58,0.01594282572842221
no.prat.seksualitet,no.radio_tv,883,583,23,0.01593901593901594
no.marked.diskusjon,no.uninett.katalog,187,68,4,0.01593625498007968
no.sources.wanted,no.uninett.fik,218,37,4,0.01593625498007968
no.c,no.folklore.generelt,1036,49,17,0.015917602996254682
no.folklore.edb,no.sport.volleyball,219,164,6,0.015915119363395226
no.folklore.overtro,no.marked.bolig,130,892,16,0.015904572564612324
no.typografi,no.vitser,280,3555,60,0.015894039735099338
no.alt.amiga,no.multimedia,343,1383,27,0.015891701000588582
no.reiser,no.sources.list,1050,101,18,0.01588702559576346
no.alt.gledesutbrudd,no.mswindow,1753,358,33,0.01588065447545717
no.alt.mat.drikke,no.slekt,659,1836,39,0.015879478827361564
no.folklore.edb,no.musikk.klassisk,219,229,7,0.015873015873015872
no.reiser,no.vr,1050,166,19,0.015873015873015872
no.c,no.org.isoc-no,1036,53,17,0.01585820895522388
no.alt.arkiv,no.audio,199,2492,42,0.015855039637599093
no.pressemeldinger,no.skole.diverse,334,563,14,0.015855039637599093
no.alt.config,no.marked.data,407,7987,131,0.01585380612368389
no.alt.motorsykler,no.speider,1688,491,34,0.015850815850815853
no.alt.mat,no.uninett.hjelp,1286,124,22,0.01585014409221902
no.marked.bil,no.sport.fotball,1423,629,32,0.015841584158415842
no.prat.ufo,no.sykkel,327,1148,23,0.01584022038567493
no.alt.arkiv,no.sykkel,199,1148,21,0.01583710407239819
no.pc,no.prat.aksjer,7028,480,117,0.01583006359085374
no.bolig,no.folklore.generelt,978,49,16,0.01582591493570722
no.org.dnd,no.student.samfund,66,255,5,0.015822784810126583
no.alt.amiga,no.bibsys,343,235,9,0.015817223198594025
no.alt.sjokolade,no.eunet.hjelp,656,244,14,0.01580135440180587
no.alt.radio-tv.irma-1000,no.pressemeldinger,309,334,10,0.01579778830963665
no.sources.wanted,no.tele,218,2097,36,0.015796401930671347
no.marked.jobb,no.prat.ufo,2181,327,39,0.015795868772782502
no.it.os.os2,no.prat.politikk,331,1150,23,0.01577503429355281
no.nuug,no.prat.aksjer,164,480,10,0.015772870662460567
no.embnet,no.marked.data,260,7987,128,0.015765488360635547
no.litteratur,no.pressemeldinger.diskusjon,1532,79,25,0.015762925598991173
no.musikk.klassisk,no.prat.aksjer,229,480,11,0.015759312320916905
no.it.os.os2,no.net,331,1216,24,0.015758371634931056
no.org.isoc-no,no.pressemeldinger,53,334,6,0.015748031496062992
no.marked.bolig,no.pressemeldinger,892,334,19,0.015741507870753936
no.reiser,no.uninett.drift,1050,112,18,0.015734265734265736
no.reiser,no.sport.fotball,1050,629,26,0.01572897761645493
no.alt.irctreff,no.perl,82,564,10,0.015723270440251572
no.marked.bolig,no.slekt.etterlysning,892,1240,33,0.01572177227251072
no.alt.radio-tv.irma-1000,no.pressemeldinger.diskusjon,309,79,6,0.015706806282722512
no.embnet,no.ms-windows,260,3235,54,0.015693112467306015
no.it.os.os2,no.org.efn.diskusjon,331,446,12,0.01568627450980392
no.bil,no.norsk.fagord,2153,243,37,0.015684612123781264
no.litteratur,no.tex,1532,218,27,0.01567034242600116
no.multimedia,no.sport.fotball,1383,629,31,0.015648662291771833
no.bil,no.biz,2153,55,34,0.015639374425023
no.alt.mat,no.pressemeldinger.diskusjon,1286,79,21,0.015625
no.eunet.drift,no.student.samfund,135,255,6,0.015625
no.prat.narkotika,no.uninett.hjelp,526,124,10,0.015625
no.medisin,no.uninett.katalog,1038,68,17,0.015610651974288337
no.irc,no.prat.aksjer,1472,480,30,0.015608740894901144
no.skole.diverse,no.sources.wanted,563,218,12,0.015604681404421327
no.kultur.fritid.friluftsliv,no.speider,95,491,9,0.01559792027729636
no.alt.fan.de-lillos,no.typografi,176,280,7,0.015590200445434299
no.bibsys,no.marked,235,8430,133,0.015588373183309892
no.bibsys,no.telepost,235,417,10,0.01557632398753894
no.embnet,no.org.dnd,260,66,5,0.01557632398753894
no.spill.rollespill,no.tele,447,2097,39,0.015568862275449102
no.alt.diskusjoner,no.uninett.drift,2367,112,38,0.015567390413764851
no.news.drift,no.sport.orientering,379,143,8,0.01556420233463035
no.pc,no.typografi,7028,280,112,0.01556420233463035
no.biz,no.eunet.diverse,55,141,3,0.015544041450777202
no.kryptografi,no.sport.volleyball,359,164,8,0.015533980582524271
no.alt.fan.de-lillos,no.jus,176,1851,31,0.015531062124248497
no.marked.bolig,no.org.nobug.diverse,892,90,15,0.015511892450879007
no.biz,no.mail.diverse,55,993,16,0.015503875968992248
no.musikk.klassisk,no.sport.volleyball,229,164,6,0.015503875968992248
no.org.dnd,no.prat.ufo,66,327,6,0.015503875968992248
no.norsk.fagord,no.pc,243,7028,111,0.015502793296089385
no.it.emacs,no.slekt.programmer,394,589,15,0.015495867768595042
no.multimedia,no.slekt.etterlysning,1383,1240,40,0.01548586914440573
no.alt.fan.de-lillos,no.prat.aksjer,176,480,10,0.015479876160990712
no.it.os.os2,no.tele,331,2097,37,0.01547469677959013
no.alt.irc-treff,no.sykkel,296,1148,22,0.015471167369901548
no.alt.sjokolade,no.org.dnd,656,66,11,0.015471167369901548
no.eunet.diverse,no.unix,141,1435,24,0.015463917525773196
no.it.diverse,no.tungregning,605,118,11,0.01544943820224719
no.biz.annonser,no.x,2197,301,38,0.015447154471544716
no.org.isoc-no,no.vit.diverse,53,473,8,0.015444015444015444
no.pressemeldinger.diskusjon,no.spill.rollespill,79,447,8,0.015444015444015444
no.bibsys,no.marked.data,235,7987,125,0.015437816475237742
no.org.dnd,no.prat.narkotika,66,526,9,0.015437392795883362
no.marked.jobb,no.slekt.etterlysning,2181,1240,52,0.01543484713564856
no.marked.bolig,no.mswindow,892,358,19,0.015434606011372868
no.sources.list,no.spill,101,2992,47,0.015430072225869994
no.alt.amiga,no.norsk,343,1962,35,0.015418502202643172
no.alt.radio-tv.irma-1000,no.tex,309,218,8,0.015414258188824663
no.it.os.os2,no.uninett.diverse,331,262,9,0.015410958904109588
no.alt.mat.drikke,no.org.dnd,659,66,11,0.015406162464985995
no.biz.annonser.data,no.vr,1548,166,26,0.015402843601895734
no.marked.data,no.psykologi,7987,584,130,0.01540101883663073
no.radio-tv,no.sources.list,2075,101,33,0.015398973401773215
no.biz.annonser,no.norsk.fagord,2197,243,37,0.015397419891801914
no.alt.irc-treff,no.pc,296,7028,111,0.015388881186746153
no.alt.mat,no.vr,1286,166,22,0.015384615384615385
no.alt.pompelog,no.marked.diskusjon,143,187,5,0.015384615384615385
no.biz.diskusjoner,no.musikk.klassisk,431,229,10,0.015384615384615385
no.it.diverse,no.velkommen,605,55,10,0.015384615384615385
no.marked.bil,no.speider,1423,491,29,0.015384615384615385
no.radio_tv,no.vit.diverse,583,473,16,0.015384615384615385
no.bibsys,no.pc,235,7028,110,0.01537816300852789
no.alt.motorsykler,no.kryptografi,1688,359,31,0.015376984126984126
no.film,no.marked.diskusjon,2587,187,42,0.015373352855051245
no.pressemeldinger.diskusjon,no.sport.diverse,79,1507,24,0.015364916773367477
no.biz.annonser,no.slekt.etterlysning,2197,1240,52,0.01536189069423929
no.alt.radio-tv.irma-1000,no.pc,309,7028,111,0.015361195682258511
no.alt.flame,no.folklore.overtro,2514,130,40,0.015360983102918587
no.biz.annonser,no.spill.rollespill,2197,447,40,0.015360983102918587
no.biz.annonser,no.tegnsett,2197,249,37,0.015359070153590702
no.alt.pompelog,no.student.nett,143,452,9,0.015358361774744027
no.marked.bil,no.nuug,1423,164,24,0.015355086372360844
no.slekt.etterlysning,no.spill,1240,2992,64,0.015355086372360844
no.pressemeldinger,no.standard,334,129,7,0.015350877192982455
no.jus,no.uninett.katalog,1851,68,29,0.015343915343915344
no.alt.irctreff,no.tegnsett,82,249,5,0.015337423312883436
no.alt.frustrasjoner,no.eunet.diverse,3039,141,48,0.01532567049808429
no.eunet.drift,no.folklore.overtro,135,130,4,0.01532567049808429
no.musikk.klassisk,no.x,229,301,8,0.01532567049808429
no.tungregning,no.video,118,942,16,0.01532567049808429
no.alkohol,no.uninett.katalog,1192,68,19,0.015310233682514102
no.alt.pompelog,no.student.samfund,143,255,6,0.015306122448979591
no.biz.annonser,no.slekt.programmer,2197,589,42,0.015306122448979591
no.prat.seksualitet,no.uninett.drift,883,112,15,0.015306122448979591
no.prat.seksualitet,no.slekt.etterlysning,883,1240,32,0.015303682448589193
no.medisin,no.org.nobug.diverse,1038,90,17,0.0153015301530153
no.net,no.slekt.etterlysning,1216,1240,37,0.015295576684580404
no.alt.irc-treff,no.audio,296,2492,42,0.01529497450837582
no.alt.frustrasjoner,no.alt.irctreff,3039,82,47,0.015289525048796356
no.org.dnd,no.stortinget,66,665,11,0.015277777777777777
no.spill.rollespill,no.sykkel,447,1148,24,0.015276893698281349
no.sport.fotball,no.tele,629,2097,41,0.015270018621973929
no.alt.fan.de-lillos,no.org.nobug.diverse,176,90,4,0.015267175572519083
no.bibsys,no.sport.volleyball,235,164,6,0.015267175572519083
no.biz.nettilbydere,no.uninett.drift,686,112,12,0.015267175572519083
no.it.os.os2,no.uninett.katalog,331,68,6,0.015267175572519083
no.sources.wanted,no.spill.rollespill,218,447,10,0.015267175572519083
no.alt.god.jul,no.musikk.klassisk,570,229,12,0.015247776365946633
no.amiga,no.student.samfund,1543,255,27,0.015245623941276116
no.alt.radio_tv.irma1000,no.uninett.hjelp,209,124,5,0.01524390243902439
no.alt.tegneserier,no.org.nobug.diverse,1043,90,17,0.015232974910394265
no.ms-windows,no.nuug,3235,164,51,0.015232974910394265
no.alt.arkiv,no.musikk,199,3667,58,0.01523109243697479
no.media,no.org.dnd,734,66,12,0.015228426395939087
no.org.dnd,no.pressemeldinger,66,334,6,0.015228426395939087
no.film,no.prat.aksjer,2587,480,46,0.015226746110559417
no.spill.sjakk,no.uninett.skole,145,522,10,0.015220700152207
no.audio,no.norsk.fagord,2492,243,41,0.015219005196733483
no.ai,no.prat.aksjer,254,480,11,0.015214384508990318
no.alt.frustrasjoner,no.nuug,3039,164,48,0.015213946117274169
no.alt.fan.de-lillos,no.marked.bolig,176,892,16,0.015209125475285171
no.folklore.generelt,no.sources.wanted,49,218,4,0.015209125475285171
no.marked.diskusjon,no.sykkel,187,1148,20,0.015209125475285171
no.bolig,no.mswindow,978,358,20,0.015197568389057751
no.biz.nettilbydere,no.folklore.generelt,686,49,11,0.015193370165745856
no.media,no.uninett.katalog,734,68,12,0.015189873417721518
no.slekt,no.test,1836,6386,123,0.015187060130880356
no.alt.fan.de-lillos,no.kryptografi,176,359,8,0.015180265654648957
no.bil,no.slekt.programmer,2153,589,41,0.015179563124768604
no.eunet.hjelp,no.tele,244,2097,35,0.015177797051170859
no.prat.seksualitet,no.slekt.programmer,883,589,22,0.015172413793103448
no.nuug,no.www,164,3452,54,0.015160022459292532
no.linux,no.standard,3019,129,47,0.015156401160915834
no.audio,no.student.samfund,2492,255,41,0.015151515151515152
no.biz,no.pressemeldinger.diskusjon,55,79,2,0.015151515151515152
no.svar,no.velkommen,12,55,1,0.015151515151515152
no.alkohol,no.alt.irctreff,1192,82,19,0.015139442231075698
no.news.diverse,no.org.isoc-no,1892,53,29,0.015135699373695199
no.biz.annonser.data,no.folklore.overtro,1548,130,25,0.015124016938898971
no.alt.pompelog,no.it.emacs,143,394,8,0.015122873345935728
no.mac,no.prat.aksjer,2742,480,48,0.015122873345935728
no.org.isoc-no,no.telepost,53,417,7,0.01511879049676026
no.bil,no.pressemeldinger,2153,334,37,0.015102040816326531
no.prat.aksjer,no.vitser,480,3555,60,0.01509433962264151
no.alt.radio_tv.irma1000,no.uninett.diverse,209,262,7,0.015086206896551725
no.norsk.fagord,no.sport.diverse,243,1507,26,0.015081206496519721
no.marked.bolig,no.slekt.programmer,892,589,22,0.015078821110349555
no.folklore.edb,no.slekt.programmer,219,589,12,0.01507537688442211
no.prat.ufo,no.tele,327,2097,36,0.01507537688442211
no.it.emacs,no.marked,394,8430,131,0.01506959622684919
no.marked.jobb,no.spill.rollespill,2181,447,39,0.015063731170336037
no.marked.bil,no.uninett.diverse,1423,262,25,0.015060240963855422
no.musikk,no.norsk.fagord,3667,243,58,0.015057113187954309
no.biz.nettilbydere,no.uninett.hjelp,686,124,12,0.015037593984962405
no.marked,no.prat.aksjer,8430,480,132,0.015037593984962405
no.biz.diskusjoner,no.spill.rollespill,431,447,13,0.015028901734104046
no.sport.fotball,no.student.nett,629,452,16,0.015023474178403756
no.slekt,no.uninett.hjelp,1836,124,29,0.015018125323666495
no.kultur.fritid.friluftsliv,no.norsk.fagord,95,243,5,0.015015015015015015
no.musikk.klassisk,no.spill.rollespill,229,447,10,0.015015015015015015
no.medisin,no.uninett.drift,1038,112,17,0.01500441306266549
no.marked.bolig,no.uninett.hjelp,892,124,15,0.014985014985014986
no.marked.diskusjon,no.sport.diverse,187,1507,25,0.014979029358897543
no.alt.flame,no.it.diverse,2514,605,46,0.014969085584119753
no.prat.aksjer,no.pressemeldinger,480,334,12,0.014962593516209476
no.bolig,no.radio_tv,978,583,23,0.01495448634590377
no.news.drift,no.sport.volleyball,379,164,8,0.014953271028037384
no.pressemeldinger.diskusjon,no.www,79,3452,52,0.014946823799942513
no.amiga,no.skole.diverse,1543,563,31,0.014939759036144579
no.sport.diverse,no.uninett.hjelp,1507,124,24,0.014934660858743
no.alt.amiga,no.kjemi,343,745,16,0.014925373134328358
no.alt.diskusjoner,no.alt.irctreff,2367,82,36,0.014919187733112309
no.marked.bolig,no.standard,892,129,15,0.014910536779324055
no.ai,no.skole.diverse,254,563,12,0.014906832298136646
no.marked,no.speider,8430,491,131,0.0149032992036405
no.alt.fan.de-lillos,no.reiser,176,1050,18,0.014900662251655629
no.alt.amiga,no.film,343,2587,43,0.01489435400069276
no.medisin,no.org.isoc-no,1038,53,16,0.014883720930232559
no.folklore.edb,no.spill,219,2992,47,0.014854614412136535
no.pc,no.slekt.etterlysning,7028,1240,121,0.014852092794893825
no.mac,no.standard,2742,129,42,0.014846235418875928
no.biz.annonser.data,no.nuug,1548,164,25,0.014819205690574985
no.prat.aksjer,no.uninett.katalog,480,68,8,0.014814814814814815
no.sources.list,no.spill.rollespill,101,447,8,0.014814814814814815
no.svar,no.uninett.diverse,12,262,4,0.014814814814814815
no.pc,no.slekt.programmer,7028,589,111,0.014788169464428458
no.spill,no.vr,2992,166,46,0.014781491002570694
no.mac,no.slekt.etterlysning,2742,1240,58,0.014780835881753314
no.skole.diverse,no.velkommen,563,55,9,0.014778325123152709
no.alt.tegneserier,no.it.os.os2,1043,331,20,0.014771048744460856
no.radio-tv,no.uninett.hjelp,2075,124,32,0.014766958929395477
no.marked.diskusjon,no.reiser,187,1050,18,0.014766201804757998
no.alt.radio-tv.irma-1000,no.spill.rollespill,309,447,11,0.01476510067114094
no.net,no.org.nobug.diverse,1216,90,19,0.014763014763014764
no.alt.pompelog,no.sport.diverse,143,1507,24,0.014760147601476014
no.alt.fan.de-lillos,no.amiga,176,1543,25,0.01475796930342385
no.alt.irc-treff,no.marked.bil,296,1423,25,0.01475796930342385
no.musikk.gitar,no.org.nobug.diverse,1148,90,18,0.014754098360655738
no.org.nobug.diverse,no.sykkel,90,1148,18,0.014754098360655738
no.biz.annonser.data,no.spill.rollespill,1548,447,29,0.014750762970498474
no.alt.arkiv,no.spill.sjakk,199,145,5,0.014749262536873156
no.bil,no.student.samfund,2153,255,35,0.014749262536873156
no.org.nobug.diverse,no.video,90,942,15,0.014749262536873156
no.prat.seksualitet,no.sources.wanted,883,218,16,0.014746543778801843
no.pressemeldinger.diskusjon,no.unix,79,1435,22,0.014745308310991957
no.alkohol,no.marked.diskusjon,1192,187,20,0.014716703458425313
no.amiga,no.uninett.drift,1543,112,24,0.014714898835070508
no.alt.fan.de-lillos,no.alt.flame,176,2514,39,0.014711429649188985
no.alt.config,no.alt.troll,407,7,6,0.014705882352941176
no.alt.motorsykler,no.eunet.hjelp,1688,244,28,0.014705882352941176
no.bil,no.it.os.os2,2153,331,36,0.014705882352941176
no.sport.volleyball,no.uninett.drift,164,112,4,0.014705882352941176
no.tele,no.uninett.drift,2097,112,32,0.014699127239320165
no.alt.pompelog,no.religion,143,1583,25,0.014697236919459141
no.alt.mat.drikke,no.sources.list,659,101,11,0.014686248331108143
no.religion,no.spill.sjakk,1583,145,25,0.014679976512037582
no.marked.bil,no.org.efn.diskusjon,1423,446,27,0.014657980456026058
no.slekt.etterlysning,no.sport.fotball,1240,629,27,0.014657980456026058
no.alt.flame,no.student.samfund,2514,255,40,0.014657383657017223
no.biz,no.mail.drift,55,430,7,0.014644351464435146
no.alt.frustrasjoner,no.pressemeldinger.diskusjon,3039,79,45,0.01464367068011715
no.alt.frustrasjoner,no.sources.wanted,3039,218,47,0.014641744548286604
no.ai,no.biz.annonser.data,254,1548,26,0.01463963963963964
no.prat.narkotika,no.radio_tv,526,583,16,0.01463860933211345
no.alt.pompelog,no.audio,143,2492,38,0.014632268001540239
no.marked.bolig,no.tex,892,218,16,0.014625228519195612
no.alt.arkiv,no.reiser,199,1050,18,0.01462225832656377
no.folklore.edb,no.musikk,219,3667,56,0.014621409921671017
no.slekt,no.video,1836,942,40,0.014609203798392988
no.pc,no.pressemeldinger,7028,334,106,0.014608599779492833
no.alt.mat.drikke,no.eunet.hjelp,659,244,13,0.014606741573033709
no.c,no.spill.sjakk,1036,145,17,0.014604810996563574
no.pressemeldinger.diskusjon,no.radio-tv,79,2075,31,0.01460197833254828
no.audio,no.sources.wanted,2492,218,39,0.014601272931486334
no.folklore.generelt,no.musikk.klassisk,49,229,4,0.014598540145985401
no.alt.gledesutbrudd,no.uninett.hjelp,1753,124,27,0.014594594594594595
no.kryptografi,no.slekt.etterlysning,359,1240,23,0.014593908629441625
no.kjemi,no.musikk.klassisk,745,229,14,0.014583333333333334
no.slekt,no.uninett.drift,1836,112,28,0.014583333333333334
no.linux,no.uninett.drift,3019,112,45,0.01458198314970836
no.biz.annonser.data,no.it.os.os2,1548,331,27,0.014578833693304536
no.eunet.hjelp,no.musikk.gitar,244,1148,20,0.014577259475218658
no.alt.gledesutbrudd,no.slekt.etterlysning,1753,1240,43,0.014576271186440677
no.alt.radio_tv.irma1000,no.litteratur,209,1532,25,0.014568764568764568
no.mac,no.marked.diskusjon,2742,187,42,0.014547973675095255
no.it.emacs,no.radio_tv,394,583,14,0.014537902388369679
no.eunet.drift,no.film,135,2587,39,0.014535967200894522
no.alt.fan.de-lillos,no.uninett.skole,176,522,10,0.014534883720930232
no.general,no.prat.ufo,7075,327,106,0.014528508771929825
no.folklore.edb,no.vitser,219,3555,54,0.014516129032258065
no.eunet.drift,no.perl,135,564,10,0.01451378809869376
no.alt.katter,no.eunet.drift,774,135,13,0.014508928571428572
no.alt.katter,no.org.dnd,774,66,12,0.014492753623188406
no.org.efn.nyheter,no.uninett.katalog,2,68,1,0.014492753623188406
no.speider,no.sport.fotball,491,629,16,0.014492753623188406
no.sykkel,no.uninett.drift,1148,112,18,0.014492753623188406
no.eunet.hjelp,no.sport.diverse,244,1507,25,0.014484356894553883
no.alt.tegneserier,no.tex,1043,218,18,0.014481094127111826
no.it.diverse,no.vr,605,166,11,0.014473684210526316
no.lisp,no.slekt.etterlysning,302,1240,22,0.014473684210526316
no.amiga,no.speider,1543,491,29,0.014463840399002495
no.alt.katter,no.sport.fotball,774,629,20,0.014461315979754157
no.it.os.os2,no.org.nobug.diverse,331,90,6,0.014457831325301205
no.marked.diskusjon,no.sport.volleyball,187,164,5,0.014450867052023121
no.alt.arkiv,no.alt.irctreff,199,82,4,0.01444043321299639
no.alt.radio_tv.irma1000,no.perl,209,564,11,0.014435695538057743
no.folklore.overtro,no.musikk,130,3667,54,0.014426930269837029
no.alt.pompelog,no.uninett.katalog,143,68,3,0.014423076923076924
no.org.dnd,no.spill.sjakk,66,145,3,0.014423076923076924
no.alt.fan.de-lillos,no.religion,176,1583,25,0.01441753171856978
no.spill.sjakk,no.sport.fotball,145,629,11,0.014416775884665793
no.amiga,no.sources.wanted,1543,218,25,0.014400921658986175
no.alt.sjokolade,no.folklore.generelt,656,49,10,0.014388489208633094
no.kultur.fritid.friluftsliv,no.marked.diskusjon,95,187,4,0.014388489208633094
no.standard,no.svar,129,12,2,0.014388489208633094
no.elektronikk,no.tex,2250,218,35,0.014385532264693794
no.alt.arkiv,no.marked.bil,199,1423,23,0.014383989993746092
no.marked.bolig,no.vr,892,166,15,0.014381591562799617
no.slekt.etterlysning,no.stortinget,1240,665,27,0.01437699680511182
no.pressemeldinger,no.sykkel,334,1148,21,0.014373716632443531
no.alt.arkiv,no.general,199,7075,103,0.014363408171803095
no.folklore.overtro,no.general,130,7075,102,0.014360129522736872
no.biz.diskusjoner,no.sport.fotball,431,629,15,0.014354066985645933
no.bil,no.slekt.etterlysning,2153,1240,48,0.014349775784753363
no.musikk.gitar,no.prat.aksjer,1148,480,23,0.014330218068535825
no.skole.diverse,no.spill.sjakk,563,145,10,0.014326647564469915
no.marked.bil,no.slekt,1423,1836,46,0.014316837846249611
no.mswindow,no.typografi,358,280,9,0.014308426073131956
no.pressemeldinger,no.video,334,942,18,0.014308426073131956
no.mswindow,no.perl,358,564,13,0.014301430143014302
no.mac,no.vr,2742,166,41,0.01430066271363795
no.eunet.hjelp,no.linux,244,3019,46,0.014299036369288157
no.standard,no.sykkel,129,1148,18,0.014297061159650517
no.alt.diskusjoner,no.it.os.os2,2367,331,38,0.014285714285714285
no.bolig,no.musikk.klassisk,978,229,17,0.014285714285714285
no.alt.amiga,no.unix,343,1435,25,0.01426126640045636
no.folklore.generelt,no.media,49,734,11,0.014248704663212436
no.nuug,no.pc,164,7028,101,0.014243407135805951
no.marked,no.marked.diskusjon,8430,187,121,0.014241996233521657
no.alkohol,no.org.nobug.diverse,1192,90,18,0.014240506329113924
no.alt.motorsykler,no.nuug,1688,164,26,0.014238773274917854
no.org.nobug.diverse,no.prat.aksjer,90,480,8,0.014234875444839857
no.pressemeldinger.diskusjon,no.speider,79,491,8,0.014234875444839857
no.marked.jobb,no.norsk.fagord,2181,243,34,0.014225941422594143
no.org.isoc-no,no.slekt.programmer,53,589,9,0.014218009478672985
no.spill.rollespill,no.uninett.hjelp,447,124,8,0.014209591474245116
no.folklore.generelt,no.stortinget,49,665,10,0.014204545454545454
no.alt.radio_tv.irma1000,no.unix,209,1435,23,0.01418877236273905
no.bibsys,no.prat.aksjer,235,480,10,0.014184397163120567
no.slekt,no.student.nett,1836,452,32,0.014184397163120567
no.tegnsett,no.uninett.fik,249,37,4,0.014184397163120567
no.alt.motorsykler,no.norsk.fagord,1688,243,27,0.014180672268907563
no.slekt.etterlysning,no.uninett.diverse,1240,262,21,0.014179608372721135
no.org.dnd,no.prat.politikk,66,1150,17,0.014178482068390326
no.alt.arkiv,no.ms-windows,199,3235,48,0.014176018901358535
no.alt.pompelog,no.radio-tv,143,2075,31,0.01417466849565615
no.prat.aksjer,no.sport.volleyball,480,164,9,0.014173228346456693
no.folklore.generelt,no.student.nett,49,452,7,0.01417004048582996
no.prat.narkotika,no.slekt,526,1836,33,0.014169171318162302
no.musikk.klassisk,no.standard,229,129,5,0.014164305949008499
no.slekt.programmer,no.sport.fotball,589,629,17,0.014154870940882597
no.alt.pompelog,no.kryptografi,143,359,7,0.014141414141414142
no.mswindow,no.sykkel,358,1148,21,0.014141414141414142
no.it.os.os2,no.norsk.fagord,331,243,8,0.014134275618374558
no.marked.data,no.prat.aksjer,7987,480,118,0.014133429153191998
no.multimedia,no.org.isoc-no,1383,53,20,0.014124293785310734
no.sources.wanted,no.www,218,3452,51,0.014092290688035369
no.marked.bil,no.slekt.etterlysning,1423,1240,37,0.01408987052551409
no.alt.flame,no.video,2514,942,48,0.014084507042253521
no.bibsys,no.sport.fotball,235,629,12,0.014084507042253521
no.biz,no.stortinget,55,665,10,0.014084507042253521
no.news.drift,no.sport.fotball,379,629,14,0.014084507042253521
no.sport.volleyball,no.uninett.hjelp,164,124,4,0.014084507042253521
no.elektronikk,no.standard,2250,129,33,0.014066496163682864
no.alt.amiga,no.litteratur,343,1532,26,0.014061654948620876
no.alt.motorsykler,no.marked.diskusjon,1688,187,26,0.014061654948620876
no.norsk.fagord,no.pressemeldinger,243,334,8,0.014059753954305799
no.musikk.klassisk,no.www,229,3452,51,0.014049586776859505
no.alt.amiga,no.vitser,343,3555,54,0.01404786680541103
no.folklore.overtro,no.marked.jobb,130,2181,32,0.014041246160596753
no.prat.seksualitet,no.standard,883,129,14,0.014028056112224449
no.alt.flame,no.bibsys,2514,235,38,0.014016967908520842
no.alt.irctreff,no.typografi,82,280,5,0.014005602240896359
no.amiga,no.sport.fotball,1543,629,30,0.014005602240896359
no.alt.motorsykler,no.sport.fotball,1688,629,32,0.01400437636761488
no.folklore.generelt,no.irc,49,1472,21,0.014
no.eunet.hjelp,no.radio-tv,244,2075,32,0.013992129427197202
no.kryptografi,no.test,359,6386,93,0.013980757666867108
no.kjemi,no.org.isoc-no,745,53,11,0.01397712833545108
no.amiga,no.telepost,1543,417,27,0.01396792550439731
no.alt.radio-tv.irma-1000,no.telepost,309,417,10,0.013966480446927373
no.mail.drift,no.slekt.etterlysning,430,1240,23,0.013964784456587736
no.biz,no.hobby.diverse,55,817,12,0.013953488372093023
no.news.diverse,no.sport.orientering,1892,143,28,0.013951170901843548
no.musikk.klassisk,no.tele,229,2097,32,0.013949433304272014
no.nuug,no.skole.diverse,164,563,10,0.01394700139470014
no.spill.rollespill,no.typografi,447,280,10,0.01394700139470014
no.bolig,no.it.os.os2,978,331,18,0.013942680092951201
no.alt.mat.drikke,no.eunet.diverse,659,141,11,0.01394169835234474
no.marked.data,no.student.nett,7987,452,116,0.013937282229965157
no.medisin,no.telepost,1038,417,20,0.013937282229965157
no.alt.sjokolade,no.spill.sjakk,656,145,11,0.013924050632911392
no.alt.flame,no.prat.ufo,2514,327,39,0.013918629550321198
no.marked.diskusjon,no.pc,187,7028,99,0.01391231028667791
no.marked.jobb,no.slekt.programmer,2181,589,38,0.013909224011713031
no.alt.katter,no.sources.list,774,101,12,0.013904982618771726
no.general,no.slekt.etterlysning,7075,1240,114,0.013900743811730277
no.bil,no.prat.ufo,2153,327,34,0.013900245298446443
no.audio,no.eunet.drift,2492,135,36,0.013894249324585103
no.alt.gledesutbrudd,no.spill.sjakk,1753,145,26,0.013888888888888888
no.alt.radio_tv.irma1000,no.audio,209,2492,37,0.013888888888888888
no.folklore.generelt,no.norsk.fagord,49,243,4,0.013888888888888888
no.reiser,no.tungregning,1050,118,16,0.013888888888888888
no.sources.list,no.sport.fotball,101,629,10,0.013888888888888888
no.ms-windows,no.telepost,3235,417,50,0.0138811771238201
no.alt.flame,no.sport.fotball,2514,629,43,0.013870967741935483
no.eunet.hjelp,no.folklore.generelt,244,49,4,0.01384083044982699
no.havforskning,no.sport.fotball,397,629,14,0.01383399209486166
no.eunet.diverse,no.pressemeldinger.diskusjon,141,79,3,0.013824884792626729
no.alt.motorsykler,no.folklore.edb,1688,219,26,0.013822434875066455
no.radio_tv,no.test,583,6386,95,0.013820192027931336
no.biz,no.film,55,2587,36,0.013814274750575594
no.alt.motorsykler,no.slekt,1688,1836,48,0.01380897583429229
no.eunet.hjelp,no.pc,244,7028,99,0.013801756587202008
no.eunet.diverse,no.linux,141,3019,43,0.013795316008982997
no.lisp,no.test,302,6386,91,0.013794148855540396
no.pressemeldinger.diskusjon,no.radio_tv,79,583,9,0.013782542113323124
no.spill.sjakk,no.stortinget,145,665,11,0.01376720901126408
no.folklore.overtro,no.mac,130,2742,39,0.013766325450052947
no.biz.annonser,no.nuug,2197,164,32,0.013739802490339202
no.skole.diverse,no.tegnsett,563,249,11,0.01373283395755306
no.c,no.slekt.programmer,1036,589,22,0.01372426699937617
no.biz.nettilbydere,no.org.isoc-no,686,53,10,0.013717421124828532
no.pressemeldinger,no.spill,334,2992,45,0.013715330691862237
no.marked.jobb,no.uninett.drift,2181,112,31,0.013704686118479222
no.it.diverse,no.slekt,605,1836,33,0.013704318936877076
no.hobby.diverse,no.spill.sjakk,817,145,13,0.0136986301369863
no.tele,no.uninett.hjelp,2097,124,30,0.013692377909630305
no.marked.bolig,no.spill.sjakk,892,145,14,0.013685239491691105
no.it.os.os2,no.news.diverse,331,1892,30,0.013679890560875513
no.alt.fan.de-lillos,no.audio,176,2492,36,0.013677811550151976
no.marked.diskusjon,no.musikk,187,3667,52,0.013677012098895318
no.alt.fan.de-lillos,no.telepost,176,417,8,0.013675213675213675
no.slekt.programmer,no.x,589,301,12,0.01366742596810934
no.religion,no.uninett.hjelp,1583,124,23,0.013657957244655582
no.prat.politikk,no.uninett.drift,1150,112,17,0.013654618473895583
no.mail.drift,no.sport.volleyball,430,164,8,0.013651877133105802
no.prat.narkotika,no.uninett.katalog,526,68,8,0.013651877133105802
no.ms-windows,no.student.samfund,3235,255,47,0.013650885855358699
no.alt.radio_tv.irma1000,no.general,209,7075,98,0.013637628722516002
no.c,no.pressemeldinger.diskusjon,1036,79,15,0.013636363636363636
no.marked.data,no.telepost,7987,417,113,0.01362923652152937
no.nuug,no.vitser,164,3555,50,0.01362769146906514
no.org.isoc-no,no.unix,53,1435,20,0.013623978201634877
no.havforskning,no.slekt.etterlysning,397,1240,22,0.013622291021671827
no.marked,no.typografi,8430,280,117,0.01361573373676248
no.eunet.hjelp,no.film,244,2587,38,0.013605442176870748
no.folklore.generelt,no.tegnsett,49,249,4,0.013605442176870748
no.musikk.klassisk,no.sources.wanted,229,218,6,0.013605442176870748
no.norsk.fagord,no.velkommen,243,55,4,0.013605442176870748
no.it.os.os2,no.litteratur,331,1532,25,0.013601741022850925
no.alt.fan.de-lillos,no.video,176,942,15,0.013599274705349048
no.alt.radio_tv.irma1000,no.musikk,209,3667,52,0.013598326359832637
no.marked.bolig,no.x,892,301,16,0.013593882752761258
no.perl,no.sport.fotball,564,629,16,0.013593882752761258
no.folklore.generelt,no.vit.diverse,49,473,7,0.013592233009708738
no.reiser,no.sources.wanted,1050,218,17,0.013589128697042365
no.alt.irc-treff,no.spill,296,2992,44,0.013563501849568433
no.alt.amiga,no.student.samfund,343,255,8,0.013559322033898305
no.uninett.diverse,no.uninett.fik,262,37,4,0.013559322033898305
no.bil,no.vr,2153,166,31,0.013548951048951048
no.it.diverse,no.sources.wanted,605,218,11,0.013546798029556651
no.sykkel,no.uninett.hjelp,1148,124,17,0.013545816733067729
no.biz,no.it.emacs,55,394,6,0.013544018058690745
no.ef,no.it.os.os2,567,331,12,0.013544018058690745
no.it.emacs,no.velkommen,394,55,6,0.013544018058690745
no.alt.gledesutbrudd,no.tungregning,1753,118,25,0.013542795232936078
no.marked.diskusjon,no.vitser,187,3555,50,0.013542795232936078
no.alt.mat.drikke,no.org.nobug.diverse,659,90,10,0.013531799729364006
no.alt.fan.de-lillos,no.irc,176,1472,22,0.013530135301353014
no.elektronikk,no.spill.rollespill,2250,447,36,0.013528748590755355
no.marked.data,no.sport.fotball,7987,629,115,0.013527820256440419
no.alt.fan.de-lillos,no.folklore.generelt,176,49,3,0.013513513513513514
no.eunet.drift,no.linux,135,3019,42,0.013496143958868894
no.mac,no.uninett.drift,2742,112,38,0.013494318181818182
no.ms-windows,no.spill.rollespill,3235,447,49,0.01348747591522158
no.linux,no.slekt.programmer,3019,589,48,0.01348314606741573
no.folklore.overtro,no.sykkel,130,1148,17,0.013481363996827915
no.spill.sjakk,no.unix,145,1435,21,0.013470173187940988
no.alt.amiga,no.mac,343,2742,41,0.013469119579500657
no.alt.irctreff,no.folklore.edb,82,219,4,0.013468013468013467
no.eunet.drift,no.vr,135,166,4,0.013468013468013467
no.standard,no.vit.diverse,129,473,8,0.013468013468013467
no.pressemeldinger.diskusjon,no.reiser,79,1050,15,0.013464991023339317
no.biz.annonser.data,no.pressemeldinger,1548,334,25,0.013462574044157244
no.slekt.programmer,no.vitser,589,3555,55,0.013450721447786746
no.mac,no.uninett.hjelp,2742,124,38,0.013437057991513438
no.alt.arkiv,no.prat.aksjer,199,480,9,0.013432835820895522
no.alt.diskusjoner,no.uninett.hjelp,2367,124,33,0.013425549227013833
no.it.emacs,no.marked.data,394,7987,111,0.013422007255139057
no.slekt.programmer,no.sykkel,589,1148,23,0.013418903150525088
no.biz.diskusjoner,no.slekt,431,1836,30,0.013410818059901655
no.elektronikk,no.eunet.hjelp,2250,244,33,0.013409183258837871
no.biz,no.multimedia,55,1383,19,0.013389711064129669
no.alt.arkiv,no.amiga,199,1543,23,0.013379872018615475
no.elektronikk,no.sport.fotball,2250,629,38,0.013375571981696586
no.eunet.drift,no.litteratur,135,1532,22,0.013373860182370821
no.alt.fan.de-lillos,no.elektronikk,176,2250,32,0.013366750208855471
no.it.diverse,no.musikk.klassisk,605,229,11,0.013365735115431349
no.alt.amiga,no.uninett.drift,343,112,6,0.013363028953229399
no.ai,no.ms-windows,254,3235,46,0.01336044147545745
no.mail.diverse,no.spill.sjakk,993,145,15,0.013357079252003561
no.mswindow,no.tegnsett,358,249,8,0.01335559265442404
no.norsk.fagord,no.vitser,243,3555,50,0.013340448239060833
no.alkohol,no.slekt.etterlysning,1192,1240,32,0.013333333333333334
no.amiga,no.standard,1543,129,22,0.013333333333333334
no.marked.bil,no.tegnsett,1423,249,22,0.013333333333333334
no.psykologi,no.slekt.etterlysning,584,1240,24,0.013333333333333334
no.sykkel,no.uninett.katalog,1148,68,16,0.013333333333333334
no.alt.fan.de-lillos,no.marked.bil,176,1423,21,0.013307984790874524
no.sport.volleyball,no.uninett.skole,164,522,9,0.013293943870014771
no.multimedia,no.tex,1383,218,21,0.013291139240506329
no.alt.fan.de-lillos,no.org.isoc-no,176,53,3,0.01327433628318584
no.ms-windows,no.radio_tv,3235,583,50,0.01326963906581741
no.bolig,no.eunet.hjelp,978,244,16,0.013266998341625208
no.alt.frustrasjoner,no.slekt.etterlysning,3039,1240,56,0.013260715131423158
no.biz.nettilbydere,no.slekt,686,1836,33,0.013258336681398152
no.alt.mat,no.org.nobug.diverse,1286,90,18,0.013254786450662739
no.prat.seksualitet,no.telepost,883,417,17,0.013250194855806703
no.ai,no.mswindow,254,358,8,0.013245033112582781
no.folklore.generelt,no.perl,49,564,8,0.013223140495867768
no.alt.pompelog,no.amiga,143,1543,22,0.013221153846153846
no.linux,no.uninett.hjelp,3019,124,41,0.013217279174725984
no.bibsys,no.slekt,235,1836,27,0.013209393346379647
no.ms-windows,no.tex,3235,218,45,0.013204225352112676
no.eunet.diverse,no.vr,141,166,4,0.013201320132013201
no.sources.wanted,no.vit.diverse,218,473,9,0.013196480938416423
no.alt.amiga,no.tungregning,343,118,6,0.013186813186813187
no.alt.amiga,no.alt.sjokolade,343,656,13,0.013184584178498986
no.skole.diverse,no.standard,563,129,9,0.013177159590043924
no.pressemeldinger,no.slekt.programmer,334,589,12,0.013172338090010977
no.alt.motorsykler,no.bibsys,1688,235,25,0.013171759747102213
no.alt.amiga,no.media,343,734,14,0.01317027281279398
no.multimedia,no.pressemeldinger.diskusjon,1383,79,19,0.013167013167013167
no.alt.fan.de-lillos,no.alt.radio_tv.irma1000,176,209,5,0.013157894736842105
no.folklore.edb,no.svar,219,12,3,0.013157894736842105
no.irc,no.spill.sjakk,1472,145,21,0.013157894736842105
no.marked.jobb,no.standard,2181,129,30,0.013157894736842105
no.org.dnd,no.vit.diverse,66,473,7,0.013157894736842105
no.slekt,no.vr,1836,166,26,0.013157894736842105
no.slekt,no.sport.fotball,1836,629,32,0.013152486642005754
no.alt.amiga,no.alt.mat.drikke,343,659,13,0.01314459049544995
no.alt.pompelog,no.linux,143,3019,41,0.013136815123357898
no.alt.fan.de-lillos,no.www,176,3452,47,0.01312482546774644
no.alt.flame,no.marked.bil,2514,1423,51,0.01312403499742666
no.biz,no.it.os.os2,55,331,5,0.013123359580052493
no.eunet.hjelp,no.litteratur,244,1532,23,0.013120365088419851
no.ai,no.biz,254,55,4,0.013114754098360656
no.alt.gledesutbrudd,no.sources.list,1753,101,24,0.013114754098360656
no.biz,no.skole.diverse,55,563,8,0.013114754098360656
no.biz.annonser.data,no.musikk.klassisk,1548,229,23,0.013112884834663626
no.test,no.uninett.diverse,6386,262,86,0.013105760438890583
no.alt.pompel-og-pilt,no.slekt,329,1836,28,0.013102480112306972
no.alt.pompel-og-pilt,no.eunet.drift,329,135,6,0.013100436681222707
no.eunet.hjelp,no.sykkel,244,1148,18,0.013100436681222707
no.sport.volleyball,no.uninett.katalog,164,68,3,0.013100436681222707
no.eunet.diverse,no.video,141,942,14,0.013096351730589336
no.musikk,no.slekt.programmer,3667,589,55,0.013092120923589622
no.alt.flame,no.marked.bolig,2514,892,44,0.013087447947650209
no.slekt,no.student.samfund,1836,255,27,0.01308139534883721
no.mac,no.mswindow,2742,358,40,0.013071895424836602
no.org.nobug.diverse,no.prat.politikk,90,1150,16,0.013071895424836602
no.general,no.tex,7075,218,94,0.013057369079038756
no.norsk.fagord,no.spill.sjakk,243,145,5,0.013054830287206266
no.bibsys,no.slekt.etterlysning,235,1240,19,0.01304945054945055
no.jus,no.org.nobug.diverse,1851,90,25,0.013048016701461378
no.alt.diskusjoner,no.tungregning,2367,118,32,0.013045250713412148
no.marked.diskusjon,no.uninett.hjelp,187,124,4,0.013029315960912053
no.test,no.x,6386,301,86,0.013028329041054386
no.mac,no.spill.rollespill,2742,447,41,0.013024142312579416
no.eunet.hjelp,no.spill.sjakk,244,145,5,0.013020833333333334
no.alt.amiga,no.uninett.hjelp,343,124,6,0.013015184381778741
no.marked.diskusjon,no.mswindow,187,358,7,0.013011152416356878
no.eunet.hjelp,no.general,244,7075,94,0.01301038062283737
no.alt.god.jul,no.org.isoc-no,570,53,8,0.013008130081300813
no.prat.aksjer,no.sport.orientering,480,143,8,0.013008130081300813
no.musikk,no.slekt.etterlysning,3667,1240,63,0.01300578034682081
no.biz.annonser,no.sources.wanted,2197,218,31,0.013003355704697987
no.eunet.diverse,no.mac,141,2742,37,0.013000702740688685
no.biz.annonser,no.eunet.diverse,2197,141,30,0.012998266897746967
no.alt.pompelog,no.mac,143,2742,37,0.012991573033707866
no.musikk.klassisk,no.sport.fotball,229,629,11,0.012987012987012988
no.org.dnd,no.svar,66,12,1,0.012987012987012988
no.audio,no.sport.fotball,2492,629,40,0.012982797792924375
no.marked.jobb,no.sport.fotball,2181,629,36,0.012977649603460706
no.alt.radio_tv.irma1000,no.spill,209,2992,41,0.012974683544303797
no.norsk,no.uninett.katalog,1962,68,26,0.012974051896207584
no.general,no.marked.diskusjon,7075,187,93,0.012972520574696611
no.alt.fan.de-lillos,no.it.diverse,176,605,10,0.01297016861219196
no.alt.radio-tv.irma-1000,no.sport.fotball,309,629,12,0.012958963282937365
no.prat.seksualitet,no.velkommen,883,55,12,0.012958963282937365
no.pc,no.prat.ufo,7028,327,94,0.012945875223798375
no.svar,no.x,12,301,4,0.012944983818770227
no.sport.diverse,no.tex,1507,218,22,0.012918379330593071
no.spill,no.spill.sjakk,2992,145,40,0.012915724895059735
no.alt.amiga,no.musikk.gitar,343,1148,19,0.012907608695652174
no.alt.diskusjoner,no.spill.sjakk,2367,145,32,0.012903225806451613
no.audio,no.pressemeldinger,2492,334,36,0.012903225806451613
no.alt.amiga,no.elektronikk,343,2250,33,0.012890625
no.alt.amiga,no.standard,343,129,6,0.012875536480686695
no.alt.pompelog,no.vitser,143,3555,47,0.012873185428649686
no.alt.motorsykler,no.typografi,1688,280,25,0.012866700977869275
no.marked.data,no.typografi,7987,280,105,0.012864493996569469
no.alt.flame,no.nuug,2514,164,34,0.012859304084720122
no.pressemeldinger,no.sources.wanted,334,218,7,0.012844036697247707
no.pressemeldinger,no.tex,334,218,7,0.012844036697247707
no.biz.diskusjoner,no.mswindow,431,358,10,0.012836970474967908
no.alt.fan.de-lillos,no.folklore.edb,176,219,5,0.01282051282051282
no.alt.radio-tv.irma-1000,no.eunet.hjelp,309,244,7,0.01282051282051282
no.marked.diskusjon,no.standard,187,129,4,0.01282051282051282
no.alt.flame,no.speider,2514,491,38,0.012807549713515335
no.bil,no.eunet.diverse,2153,141,29,0.012803532008830023
no.folklore.generelt,no.jus,49,1851,24,0.01279317697228145
no.alt.frustrasjoner,no.standard,3039,129,40,0.01278772378516624
no.alt.fan.de-lillos,no.eunet.diverse,176,141,4,0.012779552715654952
no.marked.diskusjon,no.spill.rollespill,187,447,8,0.012779552715654952
no.prat.politikk,no.tungregning,1150,118,16,0.012779552715654952
no.alt.mat.drikke,no.eunet.drift,659,135,10,0.012755102040816327
no.bil,no.musikk.klassisk,2153,229,30,0.012755102040816327
no.news.drift,no.org.decus,379,18,5,0.012755102040816327
no.alt.motorsykler,no.sources.wanted,1688,218,24,0.012752391073326248
no.biz,no.net,55,1216,16,0.012749003984063745
no.marked.bil,no.vr,1423,166,20,0.012746972594008922
no.kryptografi,no.marked.data,359,7987,105,0.012741172187841281
no.alt.god.jul,no.org.dnd,570,66,8,0.012738853503184714
no.marked.data,no.spill.rollespill,7987,447,106,0.012728146013448608
no.prat.narkotika,no.slekt.programmer,526,589,14,0.012715712988192553
no.org.nobug.diverse,no.religion,90,1583,21,0.012711864406779662
no.elektronikk,no.eunet.diverse,2250,141,30,0.012706480304955527
no.it.os.os2,no.marked.bil,331,1423,22,0.012702078521939953
no.spill,no.tungregning,2992,118,39,0.012699446434386193
no.ai,no.marked.bil,254,1423,21,0.012681159420289856
no.alt.irc-treff,no.radio_tv,296,583,11,0.012672811059907835
no.alt.arkiv,no.slekt.etterlysning,199,1240,18,0.012667135819845179
no.biz,no.kjemi,55,745,10,0.012658227848101266
no.svar,no.uninett.katalog,12,68,1,0.012658227848101266
no.alt.amiga,no.linux,343,3019,42,0.012650602409638554
no.prat.ufo,no.slekt,327,1836,27,0.012640449438202247
no.net,no.org.dnd,1216,66,16,0.01263823064770932
no.biz.diskusjoner,no.test,431,6386,85,0.012626262626262626
no.biz.annonser,no.standard,2197,129,29,0.012625163256421419
no.biz.annonser,no.folklore.overtro,2197,130,29,0.012619669277632724
no.alt.fan.de-lillos,no.spill.sjakk,176,145,4,0.012618296529968454
no.alt.radio_tv.irma1000,no.uninett.drift,209,112,4,0.012618296529968454
no.prat.narkotika,no.slekt.etterlysning,526,1240,22,0.01261467889908257
no.alt.pompelog,no.film,143,2587,34,0.012611275964391691
no.prat.politikk,no.velkommen,1150,55,15,0.012605042016806723
no.ai,no.slekt,254,1836,26,0.012596899224806201
no.alt.pompelog,no.spill,143,2992,39,0.012596899224806201
no.biz.annonser.data,no.x,1548,301,23,0.012595837897042717
no.biz.nettilbydere,no.tungregning,686,118,10,0.012594458438287154
no.marked.bil,no.slekt.programmer,1423,589,25,0.012581781580271767
no.it.os.os2,no.www,331,3452,47,0.012580299785867237
no.alt.fan.de-lillos,no.sport.fotball,176,629,10,0.012578616352201259
no.it.os.os2,no.medisin,331,1038,17,0.01257396449704142
no.biz.annonser.data,no.slekt,1548,1836,42,0.012567324955116697
no.biz,no.marked.diskusjon,55,187,3,0.012552301255230125
no.marked.diskusjon,no.velkommen,187,55,3,0.012552301255230125
no.religion,no.uninett.drift,1583,112,21,0.012544802867383513
no.alt.mat.drikke,no.uninett.katalog,659,68,9,0.012534818941504178
no.biz.annonser,no.musikk.klassisk,2197,229,30,0.012520868113522538
no.psykologi,no.sport.fotball,584,629,15,0.012520868113522538
no.alt.motorsykler,no.pressemeldinger,1688,334,25,0.012518778167250876
no.eunet.hjelp,no.ms-windows,244,3235,43,0.012514551804423749
no.alt.motorsykler,no.student.samfund,1688,255,24,0.012506513809275664
no.alt.amiga,no.audio,343,2492,35,0.0125
no.religion,no.tungregning,1583,118,21,0.0125
no.slekt.etterlysning,no.sources.wanted,1240,218,18,0.0125
no.sport.fotball,no.uninett.diverse,629,262,11,0.0125
no.eunet.diverse,no.general,141,7075,89,0.012487722744492774
no.biz,no.news.diverse,55,1892,24,0.0124804992199688
no.alt.irc-treff,no.marked.data,296,7987,102,0.012467913458012467
no.alt.radio_tv.irma1000,no.uninett.skole,209,522,9,0.012465373961218837
no.amiga,no.nuug,1543,164,21,0.012455516014234875
no.musikk,no.prat.aksjer,3667,480,51,0.012451171875
no.it.os.os2,no.perl,331,564,11,0.012443438914027148
no.audio,no.uninett.drift,2492,112,32,0.012441679626749611
no.radio_tv,no.uninett.katalog,583,68,8,0.012441679626749611
no.standard,no.www,129,3452,44,0.012439920836867402
no.elektronikk,no.uninett.drift,2250,112,29,0.012430347192456065
no.alt.irc-treff,no.test,296,6386,82,0.012424242424242424
no.mswindow,no.vitser,358,3555,48,0.01241914618369987
no.marked.bil,no.student.nett,1423,452,23,0.012419006479481642
no.norsk.fagord,no.speider,243,491,9,0.012413793103448275
no.news.diverse,no.org.dnd,1892,66,24,0.012409513960703205
no.alt.arkiv,no.vitser,199,3555,46,0.012405609492988134
no.it.os.os2,no.multimedia,331,1383,21,0.012404016538688719
no.alt.amiga,no.alt.flame,343,2514,35,0.012402551381998583
no.prat.aksjer,no.student.samfund,480,255,9,0.012396694214876033
no.biz.annonser.data,no.tegnsett,1548,249,22,0.012394366197183098
no.spill,no.uninett.drift,2992,112,38,0.012393998695368558
no.it.emacs,no.slekt.etterlysning,394,1240,20,0.012391573729863693
no.biz.annonser,no.radio_tv,2197,583,34,0.012381646030589949
no.it.os.os2,no.pc,331,7028,90,0.012381345439537762
no.norsk.fagord,no.vr,243,166,5,0.012376237623762377
no.speider,no.test,491,6386,84,0.012365670543206241
no.speider,no.sport.volleyball,491,164,8,0.012364760432766615
no.alt.pompel-og-pilt,no.test,329,6386,82,0.012362430272878033
no.prat.aksjer,no.slekt.etterlysning,480,1240,21,0.012360211889346674
no.hobby.diverse,no.vr,817,166,12,0.012358393408856848
no.telepost,no.test,417,6386,83,0.012351190476190476
no.alt.radio_tv.irma1000,no.mac,209,2742,36,0.012349914236706689
no.alt.sjokolade,no.sport.volleyball,656,164,10,0.012345679012345678
no.eunet.diverse,no.marked.diskusjon,141,187,4,0.012345679012345678
no.eunet.hjelp,no.prat.politikk,244,1150,17,0.012345679012345678
no.eunet.hjelp,no.vr,244,166,5,0.012345679012345678
no.it.os.os2,no.pressemeldinger.diskusjon,331,79,5,0.012345679012345678
no.tex,no.vitser,218,3555,46,0.012342366514623022
no.eunet.drift,no.mswindow,135,358,6,0.012320328542094456
no.alt.fan.de-lillos,no.perl,176,564,9,0.012311901504787962
no.it.diverse,no.org.isoc-no,605,53,8,0.012307692307692308
no.alt.god.jul,no.slekt.etterlysning,570,1240,22,0.012304250559284116
no.alt.katter,no.folklore.generelt,774,49,10,0.012300123001230012
no.biz.nettilbydere,no.velkommen,686,55,9,0.012295081967213115
no.marked,no.sport.fotball,8430,629,110,0.012291876187283496
no.marked,no.x,8430,301,106,0.012289855072463768
no.folklore.edb,no.mswindow,219,358,7,0.012280701754385965
no.alt.amiga,no.perl,343,564,11,0.012276785714285714
no.folklore.overtro,no.video,130,942,13,0.012275731822474031
no.alt.amiga,no.marked.data,343,7987,101,0.012273666302102321
no.marked.diskusjon,no.sport.orientering,187,143,4,0.012269938650306749
no.pressemeldinger,no.speider,334,491,10,0.012269938650306749
no.sport.volleyball,no.vr,164,166,4,0.012269938650306749
no.sport.fotball,no.test,629,6386,85,0.012265512265512266
no.alt.mat.drikke,no.slekt.etterlysning,659,1240,23,0.012260127931769723
no.news.diverse,no.org.nobug.diverse,1892,90,24,0.012257405515832482
no.marked.bolig,no.slekt,892,1836,33,0.012244897959183673
no.marked.jobb,no.sources.wanted,2181,218,29,0.012236286919831224
no.ai,no.pc,254,7028,88,0.012232415902140673
no.jus,no.org.isoc-no,1851,53,23,0.012227538543328018
no.marked.bil,no.perl,1423,564,24,0.012226184411614875
no.it.os.os2,no.vr,331,166,6,0.012219959266802444
no.kultur.fritid.friluftsliv,no.sykkel,95,1148,15,0.012214983713355049
no.alt.motorsykler,no.x,1688,301,24,0.012213740458015267
no.marked.data,no.x,7987,301,100,0.012212994626282364
no.eunet.hjelp,no.spill,244,2992,39,0.012198936502971536
no.bolig,no.sources.list,978,101,13,0.012195121951219513
no.kultur.fritid.friluftsliv,no.prat.politikk,95,1150,15,0.012195121951219513
no.eunet.hjelp,no.religion,244,1583,22,0.01218836565096953
no.alt.pompelog,no.uninett.skole,143,522,8,0.0121765601217656
no.alkohol,no.biz,1192,55,15,0.012175324675324676
no.jus,no.spill.sjakk,1851,145,24,0.012170385395537525
no.it.os.os2,no.psykologi,331,584,11,0.012168141592920354
no.norsk.fagord,no.org.nobug.diverse,243,90,4,0.0121580547112462
no.sources.list,no.sykkel,101,1148,15,0.012155591572123177
no.general,no.slekt.programmer,7075,589,92,0.012150026413100899
no.marked.data,no.uninett.diverse,7987,262,99,0.012147239263803681
no.pressemeldinger,no.vr,334,166,6,0.012145748987854251
no.amiga,no.uninett.hjelp,1543,124,20,0.012143290831815421
no.elektronikk,no.pressemeldinger,2250,334,31,0.012142577359968664
no.alt.amiga,no.radio-tv,343,2075,29,0.012138970280452072
no.marked,no.nuug,8430,164,103,0.012130491108232246
no.marked,no.tegnsett,8430,249,104,0.012128279883381924
no.linux,no.slekt.etterlysning,3019,1240,51,0.01211977186311787
no.biz.nettilbydere,no.org.dnd,686,66,9,0.012113055181695828
no.marked.bil,no.psykologi,1423,584,24,0.012102874432677761
no.it.os.os2,no.slekt.programmer,331,589,11,0.0121012101210121
no.linux,no.prat.ufo,3019,327,40,0.012099213551119177
no.pressemeldinger.diskusjon,no.tele,79,2097,26,0.012093023255813953
no.it.os.os2,no.student.samfund,331,255,7,0.012089810017271158
no.marked,no.spill.rollespill,8430,447,106,0.012085281039790218
no.alt.fan.de-lillos,no.norsk.fagord,176,243,5,0.012077294685990338
no.slekt.programmer,no.telepost,589,417,12,0.012072434607645875
no.eunet.drift,no.student.nett,135,452,7,0.01206896551724138
no.slekt.etterlysning,no.video,1240,942,26,0.012059369202226345
no.pc,no.spill.rollespill,7028,447,89,0.012049823991334958
no.alt.amiga,no.stortinget,343,665,12,0.012048192771084338
no.alt.irc-treff,no.sport.fotball,296,629,11,0.012035010940919038
no.biz.annonser.data,no.sources.wanted,1548,218,21,0.012034383954154728
no.bil,no.tungregning,2153,118,27,0.012032085561497326
no.mac,no.tungregning,2742,118,34,0.012031139419674451
no.reiser,no.standard,1050,129,14,0.01201716738197425
no.alt.irctreff,no.unix,82,1435,18,0.01200800533689126
no.norsk,no.spill.sjakk,1962,145,25,0.012007684918347743
no.marked,no.student.samfund,8430,255,103,0.012001864367280355
no.c,no.musikk.klassisk,1036,229,15,0.012
no.alt.frustrasjoner,no.vr,3039,166,38,0.011998736975055258
no.alt.pompelog,no.medisin,143,1038,14,0.011996572407883462
no.test,no.typografi,6386,280,79,0.011993320176104449
no.mswindow,no.religion,358,1583,23,0.011991657977059436
no.musikk,no.sources.wanted,3667,218,46,0.011982287053920291
no.ms-windows,no.musikk.klassisk,3235,229,41,0.011977797253870874
no.biz,no.student.nett,55,452,6,0.011976047904191617
no.slekt.etterlysning,no.student.nett,1240,452,20,0.011961722488038277
no.slekt,no.typografi,1836,280,25,0.011956001912960305
no.org.nobug.diverse,no.sport.volleyball,90,164,3,0.01195219123505976
no.eunet.diverse,no.student.nett,141,452,7,0.011945392491467578
no.irc,no.org.isoc-no,1472,53,18,0.011944260119442602
no.alt.amiga,no.pc,343,7028,87,0.011943986820428337
no.alt.diskusjoner,no.org.nobug.diverse,2367,90,29,0.011943986820428337
no.slekt.etterlysning,no.test,1240,6386,90,0.01194267515923567
no.alt.radio_tv.irma1000,no.folklore.overtro,209,130,4,0.011940298507462687
no.org.nobug.diverse,no.pressemeldinger,90,334,5,0.011933174224343675
no.marked.bil,no.mswindow,1423,358,21,0.011931818181818182
no.uninett.drift,no.www,112,3452,42,0.01192504258943782
no.it.os.os2,no.video,331,942,15,0.01192368839427663
no.alt.pompelog,no.general,143,7075,85,0.011916444693677275
no.alt.fan.de-lillos,no.pressemeldinger,176,334,6,0.011904761904761904
no.alt.fan.de-lillos,no.slekt.programmer,176,589,9,0.011904761904761904
no.alt.fan.de-lillos,no.sport.volleyball,176,164,4,0.011904761904761904
no.alt.katter,no.it.os.os2,774,331,13,0.011904761904761904
no.norsk.fagord,no.svar,243,12,3,0.011904761904761904
no.net,no.spill.sjakk,1216,145,16,0.011895910780669145
no.org.isoc-no,no.prat.seksualitet,53,883,11,0.011891891891891892
no.skole.diverse,no.tungregning,563,118,8,0.01188707280832095
no.it.diverse,no.telepost,605,417,12,0.011881188118811881
no.musikk,no.vr,3667,166,45,0.01187961985216473
no.biz.nettilbydere,no.vr,686,166,10,0.011876484560570071
no.alt.amiga,no.general,343,7075,87,0.011867412358477698
no.biz,no.prat.seksualitet,55,883,11,0.011866235167206042
no.it.os.os2,no.uninett.skole,331,522,10,0.011862396204033215
no.marked.jobb,no.uninett.hjelp,2181,124,27,0.011852502194907815
no.sources.wanted,no.sykkel,218,1148,16,0.011851851851851851
no.marked.bolig,no.sources.wanted,892,218,13,0.011850501367365542
no.alt.flame,no.folklore.edb,2514,219,32,0.011847463902258423
no.c,no.it.os.os2,1036,331,16,0.011843079200592153
no.alt.fan.de-lillos,no.vr,176,166,4,0.011834319526627219
no.folklore.generelt,no.marked.bolig,49,892,11,0.011827956989247311
no.mswindow,no.psykologi,358,584,11,0.011815252416756176
no.it.os.os2,no.prat.narkotika,331,526,10,0.011806375442739079
no.alt.radio_tv.irma1000,no.media,209,734,11,0.011802575107296138
no.alt.irctreff,no.news.diverse,82,1892,23,0.011788826242952332
no.eunet.drift,no.tele,135,2097,26,0.011786038077969175
no.folklore.generelt,no.religion,49,1583,19,0.011779293242405457
no.perl,no.slekt.etterlysning,564,1240,21,0.011777902411665733
no.bolig,no.org.isoc-no,978,53,12,0.011776251226692836
no.org.isoc-no,no.prat.politikk,53,1150,14,0.011774600504625737
no.alt.troll,no.pressemeldinger.diskusjon,7,79,1,0.011764705882352941
no.elektronikk,no.it.os.os2,2250,331,30,0.011760094080752646
no.ef,no.slekt.etterlysning,567,1240,21,0.011758118701007838
no.alt.pompelog,no.sykkel,143,1148,15,0.011755485893416929
no.bolig,no.eunet.diverse,978,141,13,0.011754068716094032
no.mac,no.sources.list,2742,101,33,0.011743772241992882
no.alt.irc-treff,no.prat.aksjer,296,480,9,0.011734028683181226
no.alt.irc-treff,no.folklore.generelt,296,49,4,0.011730205278592375
no.hobby.diverse,no.sources.wanted,817,218,12,0.011730205278592375
no.musikk,no.standard,3667,129,44,0.011727078891257996
no.prat.aksjer,no.uninett.hjelp,480,124,7,0.011725293132328308
no.audio,no.mswindow,2492,358,33,0.011714589989350373
no.eunet.drift,no.sport.diverse,135,1507,19,0.01170671595810228
no.org.dnd,no.typografi,66,280,4,0.011695906432748537
no.spill,no.uninett.hjelp,2992,124,36,0.011688311688311689
no.student.nett,no.test,452,6386,79,0.011688119544311289
no.amiga,no.slekt,1543,1836,39,0.011676646706586826
no.alt.fan.de-lillos,no.medisin,176,1038,14,0.011666666666666667
no.marked.bolig,no.radio_tv,892,583,17,0.011659807956104253
no.irc,no.org.nobug.diverse,1472,90,18,0.011658031088082901
no.religion,no.uninett.katalog,1583,68,19,0.011642156862745098
no.sources.list,no.video,101,942,12,0.011639185257032008
no.general,no.musikk.klassisk,7075,229,84,0.011634349030470914
no.havforskning,no.test,397,6386,78,0.011633109619686801
no.alt.flame,no.slekt,2514,1836,50,0.011627906976744186
no.it.os.os2,no.student.nett,331,452,9,0.011627906976744186
no.mswindow,no.nuug,358,164,6,0.011627906976744186
no.norsk.fagord,no.org.decus,243,18,3,0.011627906976744186
no.svar,no.tegnsett,12,249,3,0.011627906976744186
no.ms-windows,no.pressemeldinger,3235,334,41,0.011621315192743764
no.alt.pompel-og-pilt,no.sport.fotball,329,629,11,0.011615628299894404
no.marked,no.slekt.etterlysning,8430,1240,111,0.011612093315200335
no.biz.annonser,no.it.os.os2,2197,331,29,0.011604641856742696
no.norsk.fagord,no.sport.fotball,243,629,10,0.01160092807424594
no.alt.radio_tv.irma1000,no.linux,209,3019,37,0.011595111250391726
no.prat.seksualitet,no.sport.volleyball,883,164,12,0.011594202898550725
no.marked.bolig,no.uninett.katalog,892,68,11,0.011591148577449948
no.it.os.os2,no.typografi,331,280,7,0.011589403973509934
no.biz.annonser.data,no.uninett.drift,1548,112,19,0.01157830591102986
no.alt.irc-treff,no.eunet.diverse,296,141,5,0.011574074074074073
no.audio,no.folklore.overtro,2492,130,30,0.011574074074074073
no.marked.data,no.speider,7987,491,97,0.011573797876148432
no.medisin,no.sources.list,1038,101,13,0.011545293072824156
no.film,no.tex,2587,218,32,0.01153984853948792
no.alt.radio-tv.irma-1000,no.prat.aksjer,309,480,9,0.011538461538461539
no.spill.sjakk,no.tungregning,145,118,3,0.011538461538461539
no.alt.pompelog,no.www,143,3452,41,0.011536297129994372
no.folklore.overtro,no.vitser,130,3555,42,0.01152895964864123
no.sources.wanted,no.vitser,218,3555,43,0.011528150134048258
no.alt.irc-treff,no.biz,296,55,4,0.011527377521613832
no.kryptografi,no.slekt,359,1836,25,0.01152073732718894
no.alt.tegneserier,no.slekt.etterlysning,1043,1240,26,0.011519716437749225
no.bil,no.sources.wanted,2153,218,27,0.01151877133105802
no.eunet.hjelp,no.mac,244,2742,34,0.011517615176151762
no.folklore.generelt,no.litteratur,49,1532,18,0.011516314779270634
no.general,no.sources.wanted,7075,218,83,0.011511789181692095
no.biz.diskusjoner,no.slekt.etterlysning,431,1240,19,0.011501210653753027
no.musikk.klassisk,no.vitser,229,3555,43,0.011494252873563218
no.bolig,no.pressemeldinger.diskusjon,978,79,12,0.011483253588516746
no.alt.irctreff,no.kryptografi,82,359,5,0.011467889908256881
no.embnet,no.slekt.etterlysning,260,1240,17,0.011463250168577209
no.eunet.drift,no.tex,135,218,4,0.011461318051575931
no.litteratur,no.spill.sjakk,1532,145,19,0.011459589867310011
no.general,no.nuug,7075,164,82,0.011457314517255833
no.slekt.etterlysning,no.sykkel,1240,1148,27,0.011435832274459974
no.marked.data,no.pressemeldinger,7987,334,94,0.01142579312021393
no.elektronikk,no.musikk.klassisk,2250,229,28,0.01142390860873113
no.mswindow,no.musikk.gitar,358,1148,17,0.011417058428475487
no.it.os.os2,no.uninett.drift,331,112,5,0.01141552511415525
no.tele,no.tungregning,2097,118,25,0.01141552511415525
no.org.nobug.diverse,no.slekt.etterlysning,90,1240,15,0.011406844106463879
no.alt.radio_tv.irma1000,no.tele,209,2097,26,0.011403508771929825
no.org.efn.diskusjon,no.slekt.etterlysning,446,1240,19,0.011397720455908818
no.it.os.os2,no.news.drift,331,379,8,0.011396011396011397
no.slekt.etterlysning,no.spill.rollespill,1240,447,19,0.011390887290167866
no.sport.volleyball,no.typografi,164,280,5,0.011389521640091117
no.embnet,no.sport.fotball,260,629,10,0.011376564277588168
no.alt.amiga,no.typografi,343,280,7,0.011363636363636364
no.alt.gullkorn,no.alt.irctreff,7,82,1,0.011363636363636364
no.alt.irctreff,no.alt.troll,82,7,1,0.011363636363636364
no.marked.bil,no.spill.rollespill,1423,447,21,0.011357490535424553
no.hobby.diverse,no.sport.volleyball,817,164,11,0.01134020618556701
no.alt.mat.drikke,no.biz,659,55,8,0.0113314447592068
no.folklore.edb,no.test,219,6386,74,0.01133057724697596
no.marked.jobb,no.musikk.klassisk,2181,229,27,0.011330255979857323
no.biz.annonser,no.uninett.hjelp,2197,124,26,0.011328976034858388
no.alt.radio-tv.irma-1000,no.slekt,309,1836,24,0.011315417256011316
no.news.diverse,no.sport.volleyball,1892,164,23,0.01131333005410723
no.alt.fan.de-lillos,no.unix,176,1435,18,0.011299435028248588
no.alt.irctreff,no.mail.diverse,82,993,12,0.011288805268109126
no.alkohol,no.it.os.os2,1192,331,17,0.011288180610889775
no.spill.sjakk,no.uninett.hjelp,145,124,3,0.011278195488721804
no.org.nobug.diverse,no.unix,90,1435,17,0.011273209549071617
no.alt.flame,no.spill.rollespill,2514,447,33,0.011270491803278689
no.media,no.slekt.etterlysning,734,1240,22,0.011270491803278689
no.kryptografi,no.sport.fotball,359,629,11,0.011258955987717503
no.alt.pompel-og-pilt,no.prat.aksjer,329,480,9,0.01125
no.eunet.drift,no.mac,135,2742,32,0.01124780316344464
no.alt.irc-treff,no.marked,296,8430,97,0.011241163518368293
no.alt.irc-treff,no.eunet.hjelp,296,244,6,0.011235955056179775
no.alt.mat.drikke,no.it.os.os2,659,331,11,0.011235955056179775
no.alt.pompelog,no.uninett.fik,143,37,2,0.011235955056179775
no.musikk.klassisk,no.speider,229,491,8,0.011235955056179775
no.org.dnd,no.perl,66,564,7,0.011235955056179775
no.pressemeldinger.diskusjon,no.sources.list,79,101,2,0.011235955056179775
no.it.os.os2,no.prat.aksjer,331,480,9,0.011221945137157107
no.litteratur,no.org.nobug.diverse,1532,90,18,0.011221945137157107
no.alt.irc-treff,no.alt.motorsykler,296,1688,22,0.011213047910295617
no.mac,no.prat.ufo,2742,327,34,0.011202635914332784
no.alt.mat,no.uninett.katalog,1286,68,15,0.011202389843166542
no.it.os.os2,no.x,331,301,7,0.0112
no.marked.bil,no.uninett.drift,1423,112,17,0.011198945981554678
no.reiser,no.uninett.hjelp,1050,124,13,0.01119724375538329
no.eunet.diverse,no.folklore.overtro,141,130,3,0.011194029850746268
no.alt.arkiv,no.pc,199,7028,80,0.011193507765496012
no.alt.irc-treff,no.slekt.etterlysning,296,1240,17,0.01119157340355497
no.folklore.generelt,no.net,49,1216,14,0.011191047162270184
no.audio,no.standard,2492,129,29,0.011188271604938271
no.alt.pompelog,no.alt.radio-tv.irma-1000,143,309,5,0.011185682326621925
no.folklore.generelt,no.psykologi,49,584,7,0.011182108626198083
no.slekt.etterlysning,no.tungregning,1240,118,15,0.011169024571854059
no.folklore.generelt,no.medisin,49,1038,12,0.011162790697674419
no.alt.motorsykler,no.folklore.overtro,1688,130,20,0.011123470522803115
no.alt.tegneserier,no.folklore.generelt,1043,49,12,0.011111111111111112
no.it.os.os2,no.uninett.hjelp,331,124,5,0.011111111111111112
no.prat.politikk,no.uninett.hjelp,1150,124,14,0.011111111111111112
no.prat.seksualitet,no.tungregning,883,118,11,0.011111111111111112
no.pressemeldinger.diskusjon,no.svar,79,12,1,0.011111111111111112
no.sport.volleyball,no.vit.diverse,164,473,7,0.011111111111111112
no.c,no.slekt.etterlysning,1036,1240,25,0.011106175033318524
no.biz.nettilbydere,no.slekt.programmer,686,589,14,0.011102299762093577
no.slekt.etterlysning,no.tex,1240,218,16,0.011095700416088766
no.folklore.edb,no.musikk.gitar,219,1148,15,0.011094674556213017
no.alt.motorsykler,no.eunet.drift,1688,135,20,0.011092623405435386
no.alt.irctreff,no.alt.mat,82,1286,15,0.011086474501108648
no.audio,no.eunet.hjelp,2492,244,30,0.011086474501108648
no.linux,no.sport.fotball,3019,629,40,0.011086474501108648
no.biz.nettilbydere,no.eunet.drift,686,135,9,0.011083743842364532
no.alt.fan.de-lillos,no.biz.annonser,176,2197,26,0.011077971878994461
no.bil,no.standard,2153,129,25,0.011076650420912717
no.alt.motorsykler,no.musikk.klassisk,1688,229,21,0.011075949367088608
no.folklore.overtro,no.musikk.gitar,130,1148,14,0.011075949367088608
no.it.os.os2,no.speider,331,491,9,0.01107011070110701
no.spill.sjakk,no.standard,145,129,3,0.01107011070110701
no.ai,no.marked,254,8430,95,0.011060658982419374
no.alt.radio-tv.irma-1000,no.it.os.os2,309,331,7,0.011058451816745656
no.alt.mat.drikke,no.sport.volleyball,659,164,9,0.011056511056511056
no.alt.config,no.slekt.etterlysning,407,1240,18,0.011049723756906077
no.alt.fan.de-lillos,no.alt.troll,176,7,2,0.011049723756906077
no.prat.seksualitet,no.uninett.hjelp,883,124,11,0.01104417670682731
no.folklore.generelt,no.reiser,49,1050,12,0.011039558417663294
no.norsk.fagord,no.uninett.hjelp,243,124,4,0.011019283746556474
no.it.diverse,no.slekt.programmer,605,589,13,0.01100762066045724
no.alt.katter,no.spill.sjakk,774,145,10,0.011001100110011002
no.ms-windows,no.vr,3235,166,37,0.010998810939357907
no.eunet.drift,no.www,135,3452,39,0.010992108229988726
no.it.emacs,no.org.dnd,394,66,5,0.01098901098901099
no.org.efn.nyheter,no.org.nobug.diverse,2,90,1,0.01098901098901099
no.pressemeldinger,no.test,334,6386,73,0.010982398074319243
no.alt.mat,no.kultur.fritid.friluftsliv,1286,95,15,0.010980966325036604
no.marked.bil,no.prat.ufo,1423,327,19,0.01097631426920855
no.folklore.generelt,no.prat.politikk,49,1150,13,0.010961214165261383
no.linux,no.tungregning,3019,118,34,0.010957138253303255
no.alt.pompel-og-pilt,no.slekt.etterlysning,329,1240,17,0.01095360824742268
no.alt.fan.de-lillos,no.sources.list,176,101,3,0.010948905109489052
no.alt.radio_tv.irma1000,no.uninett.katalog,209,68,3,0.010948905109489052
no.eunet.diverse,no.radio-tv,141,2075,24,0.010948905109489052
no.marked.diskusjon,no.org.nobug.diverse,187,90,3,0.010948905109489052
no.alt.flame,no.vr,2514,166,29,0.01093926820067899
no.c,no.sport.fotball,1036,629,18,0.01092896174863388
no.biz.annonser,no.tungregning,2197,118,25,0.010917030567685589
no.havforskning,no.org.dnd,397,66,5,0.010917030567685589
no.audio,no.sources.list,2492,101,28,0.01091617933723197
no.prat.aksjer,no.slekt,480,1836,25,0.010912265386294195
no.amiga,no.tex,1543,218,19,0.010907003444316877
no.prat.aksjer,no.spill.rollespill,480,447,10,0.010905125408942203
no.musikk.gitar,no.norsk.fagord,1148,243,15,0.010901162790697675
no.bolig,no.eunet.drift,978,135,12,0.010899182561307902
no.media,no.sources.list,734,101,9,0.010895883777239709
no.prat.aksjer,no.test,480,6386,74,0.010895170789163721
no.alt.arkiv,no.mswindow,199,358,6,0.010889292196007259
no.org.dnd,no.speider,66,491,6,0.010889292196007259
no.biz.annonser,no.tex,2197,218,26,0.010883214734198409
no.biz.nettilbydere,no.eunet.hjelp,686,244,10,0.010869565217391304
no.it.emacs,no.sport.fotball,394,629,11,0.010869565217391304
no.alt.motorsykler,no.student.nett,1688,452,23,0.01086443079829948
no.medisin,no.mswindow,1038,358,15,0.010861694424330196
no.film,no.uninett.drift,2587,112,29,0.010861423220973783
no.alt.irctreff,no.c,82,1036,12,0.0108499095840868
no.marked.data,no.slekt.etterlysning,7987,1240,99,0.010845749342681859
no.litteratur,no.org.isoc-no,1532,53,17,0.010841836734693877
no.eunet.hjelp,no.marked.jobb,244,2181,26,0.010837849103793247
no.film,no.slekt.etterlysning,2587,1240,41,0.010829371368198627
no.alt.irc-treff,no.mswindow,296,358,7,0.010819165378670788
no.folklore.generelt,no.it.diverse,49,605,7,0.010819165378670788
no.tegnsett,no.test,249,6386,71,0.010816575258988421
no.alt.amiga,no.marked.jobb,343,2181,27,0.010812975570684821
no.alt.fan.de-lillos,no.sport.diverse,176,1507,18,0.010810810810810811
no.musikk.klassisk,no.spill.sjakk,229,145,4,0.010810810810810811
no.alt.gledesutbrudd,no.slekt.programmer,1753,589,25,0.01078981441519206
no.alt.irctreff,no.alt.tegneserier,82,1043,12,0.01078167115902965
no.org.nobug.diverse,no.vit.diverse,90,473,6,0.010771992818671455
no.prat.politikk,no.sport.volleyball,1150,164,14,0.010769230769230769
no.biz.annonser,no.eunet.hjelp,2197,244,26,0.010766045548654244
no.org.nobug.diverse,no.sport.diverse,90,1507,17,0.010759493670886076
no.alt.radio_tv.irma1000,no.pc,209,7028,77,0.010754189944134079
no.alt.irctreff,no.svar,82,12,1,0.010752688172043012
no.it.emacs,no.mswindow,394,358,8,0.010752688172043012
no.kultur.fritid.friluftsliv,no.skole.diverse,95,563,7,0.010752688172043012
no.mswindow,no.uninett.drift,358,112,5,0.010752688172043012
no.general,no.vr,7075,166,77,0.010748185371300949
no.sources.wanted,no.sport.fotball,218,629,9,0.010739856801909307
no.slekt.programmer,no.sport.volleyball,589,164,8,0.010738255033557046
no.slekt.programmer,no.spill.rollespill,589,447,11,0.010731707317073172
no.mswindow,no.prat.politikk,358,1150,16,0.010723860589812333
no.alt.radio_tv.irma1000,no.religion,209,1583,19,0.01071630005640158
no.folklore.edb,no.marked.data,219,7987,87,0.010715605370119473
no.alt.pompelog,no.bibsys,143,235,4,0.0106951871657754
no.bibsys,no.sport.orientering,235,143,4,0.0106951871657754
no.litteratur,no.mswindow,1532,358,20,0.0106951871657754
no.linux,no.sources.list,3019,101,33,0.010689990281827016
no.hobby.diverse,no.standard,817,129,10,0.010683760683760684
no.biz,no.musikk.klassisk,55,229,3,0.010676156583629894
no.org.dnd,no.sources.wanted,66,218,3,0.010676156583629894
no.norsk.fagord,no.test,243,6386,70,0.010672358591248666
no.elektronikk,no.tungregning,2250,118,25,0.010670081092616303
no.alt.pompel-og-pilt,no.spill.sjakk,329,145,5,0.010660980810234541
no.biz.nettilbydere,no.mswindow,686,358,11,0.010648596321393998
no.alt.fan.de-lillos,no.psykologi,176,584,8,0.010638297872340425
no.biz,no.eunet.drift,55,135,2,0.010638297872340425
no.folklore.generelt,no.it.os.os2,49,331,4,0.010638297872340425
no.alt.flame,no.norsk.fagord,2514,243,29,0.01063049853372434
no.bil,no.folklore.overtro,2153,130,24,0.010624169986719787
no.radio-tv,no.tungregning,2075,118,23,0.010599078341013824
no.alt.frustrasjoner,no.slekt.programmer,3039,589,38,0.010584958217270195
no.alt.amiga,no.musikk,343,3667,42,0.010584677419354838
no.prat.ufo,no.velkommen,327,55,4,0.010582010582010581
no.pressemeldinger.diskusjon,no.uninett.drift,79,112,2,0.010582010582010581
no.slekt.etterlysning,no.unix,1240,1435,28,0.010578012844729883
no.test,no.tex,6386,218,69,0.010558530986993114
no.marked.jobb,no.tungregning,2181,118,24,0.01054945054945055
no.bibsys,no.eunet.hjelp,235,244,5,0.010548523206751054
no.pc,no.student.samfund,7028,255,76,0.010545303177466351
no.sport.fotball,no.uninett.skole,629,522,12,0.010535557506584723
no.norsk,no.org.isoc-no,1962,53,21,0.01053159478435306
no.alt.radio_tv.irma1000,no.pressemeldinger.diskusjon,209,79,3,0.010526315789473684
no.biz.diskusjoner,no.spill.sjakk,431,145,6,0.010526315789473684
no.mswindow,no.sources.wanted,358,218,6,0.010526315789473684
no.it.os.os2,no.mac,331,2742,32,0.01052285432423545
no.folklore.edb,no.marked,219,8430,90,0.010515247108307046
no.alt.amiga,no.uninett.skole,343,522,9,0.010514018691588784
no.irc,no.org.dnd,1472,66,16,0.010512483574244415
no.folklore.overtro,no.ms-windows,130,3235,35,0.010510510510510511
no.alt.fan.de-lillos,no.bolig,176,978,12,0.010507880910683012
no.biz,no.uninett.skole,55,522,6,0.010507880910683012
no.amiga,no.prat.aksjer,1543,480,21,0.01048951048951049
no.alt.radio_tv.irma1000,no.www,209,3452,38,0.010488545404361027
no.alkohol,no.org.dnd,1192,66,13,0.010441767068273093
no.alt.diskusjoner,no.biz,2367,55,25,0.010429703796412181
no.alt.irc-treff,no.slekt,296,1836,22,0.01042654028436019
no.alt.radio_tv.irma1000,no.sykkel,209,1148,14,0.010424422933730455
no.alt.arkiv,no.marked,199,8430,89,0.010421545667447307
no.alt.gledesutbrudd,no.org.nobug.diverse,1753,90,19,0.010416666666666666
no.eunet.diverse,no.org.isoc-no,141,53,2,0.010416666666666666
no.org.decus,no.pressemeldinger.diskusjon,18,79,1,0.010416666666666666
no.alt.fan.de-lillos,no.bil,176,2153,24,0.010412147505422993
no.it.diverse,no.slekt.etterlysning,605,1240,19,0.0104052573932092
no.marked.bil,no.musikk.klassisk,1423,229,17,0.010397553516819572
no.org.nobug.diverse,no.prat.seksualitet,90,883,10,0.010384215991692628
no.audio,no.it.os.os2,2492,331,29,0.010379384395132427
no.alt.amiga,no.sport.diverse,343,1507,19,0.010376843255051884
no.alt.diskusjoner,no.uninett.katalog,2367,68,25,0.01037344398340249
no.mswindow,no.standard,358,129,5,0.01037344398340249
no.radio-tv,no.uninett.katalog,2075,68,22,0.010372465818010372
no.folklore.overtro,no.spill,130,2992,32,0.010355987055016181
no.musikk.gitar,no.tex,1148,218,14,0.010355029585798817
no.folklore.overtro,no.mswindow,130,358,5,0.010351966873706004
no.news.drift,no.svar,379,12,4,0.0103359173126615
no.kultur.fritid.friluftsliv,no.prat.seksualitet,95,883,10,0.010330578512396695
no.eunet.diverse,no.spill,141,2992,32,0.010319251854240567
no.eunet.drift,no.video,135,942,11,0.010318949343339587
no.alt.flame,no.musikk.klassisk,2514,229,28,0.010313075506445672
no.audio,no.spill.rollespill,2492,447,30,0.010312822275696116
no.kryptografi,no.musikk.klassisk,359,229,6,0.010309278350515464
no.marked.bil,no.norsk.fagord,1423,243,17,0.010309278350515464
no.sport.orientering,no.tegnsett,143,249,4,0.010309278350515464
no.norsk.fagord,no.spill,243,2992,33,0.010306058713304185
no.marked,no.slekt.programmer,8430,589,92,0.010305813823232889
no.alt.amiga,no.spill,343,2992,34,0.010299909118448955
no.biz.annonser.data,no.tex,1548,218,18,0.010297482837528604
no.alt.pompel-og-pilt,no.mswindow,329,358,7,0.010294117647058823
no.mswindow,no.musikk,358,3667,41,0.010291164658634538
no.multimedia,no.org.nobug.diverse,1383,90,15,0.0102880658436214
no.folklore.overtro,no.slekt,130,1836,20,0.010277492291880781
no.havforskning,no.kultur.fritid.friluftsliv,397,95,5,0.01026694045174538
no.bil,no.uninett.drift,2153,112,23,0.010258697591436218
no.alt.fan.de-lillos,no.tex,176,218,4,0.010256410256410256
no.pressemeldinger.diskusjon,no.tungregning,79,118,2,0.010256410256410256
no.prat.narkotika,no.sport.volleyball,526,164,7,0.010248901903367497
no.marked.data,no.slekt.programmer,7987,589,87,0.010248556956060785
no.it.os.os2,no.sykkel,331,1148,15,0.010245901639344262
no.mac,no.tex,2742,218,30,0.010238907849829351
no.eunet.drift,no.musikk.gitar,135,1148,13,0.010236220472440945
no.marked.bil,no.student.samfund,1423,255,17,0.010234798314268514
no.marked.jobb,no.org.nobug.diverse,2181,90,23,0.010231316725978648
no.eunet.drift,no.general,135,7075,73,0.010228387277567606
no.kjemi,no.spill.sjakk,745,145,9,0.01021566401816118
no.alt.pompelog,no.biz,143,55,2,0.01020408163265306
no.musikk.klassisk,no.uninett.katalog,229,68,3,0.01020408163265306
no.pressemeldinger.diskusjon,no.sources.wanted,79,218,3,0.01020408163265306
no.alt.flame,no.mswindow,2514,358,29,0.01020049243756595
no.nuug,no.sport.fotball,164,629,8,0.01019108280254777
no.folklore.generelt,no.spill.rollespill,49,447,5,0.010183299389002037
no.it.os.os2,no.org.dnd,331,66,4,0.010178117048346057
no.it.diverse,no.org.nobug.diverse,605,90,7,0.010174418604651164
no.it.os.os2,no.skole.diverse,331,563,9,0.010169491525423728
no.biz,no.medisin,55,1038,11,0.010166358595194085
no.alt.frustrasjoner,no.spill.sjakk,3039,145,32,0.01015228426395939
no.org.isoc-no,no.video,53,942,10,0.01015228426395939
no.eunet.hjelp,no.reiser,244,1050,13,0.01014832162373146
no.reiser,no.spill.sjakk,1050,145,12,0.01014370245139476
no.ai,no.slekt.etterlysning,254,1240,15,0.010141987829614604
no.org.decus,no.prat.aksjer,18,480,5,0.010141987829614604
no.prat.aksjer,no.telepost,480,417,9,0.010135135135135136
no.ai,no.spill.sjakk,254,145,4,0.010126582278481013
no.musikk,no.uninett.hjelp,3667,124,38,0.010125233146815881
no.alt.irctreff,no.net,82,1216,13,0.010116731517509728
no.alt.radio-tv.irma-1000,no.test,309,6386,67,0.010108630054315027
no.marked.jobb,no.tex,2181,218,24,0.010105263157894737
no.bil,no.spill.rollespill,2153,447,26,0.010101010101010102
no.kjemi,no.velkommen,745,55,8,0.010101010101010102
no.org.isoc-no,no.spill.rollespill,53,447,5,0.010101010101010102
no.alt.tegneserier,no.mswindow,1043,358,14,0.010093727469358327
no.alt.god.jul,no.it.os.os2,570,331,9,0.010089686098654708
no.biz,no.org.efn.diskusjon,55,446,5,0.010080645161290322
no.biz,no.jus,55,1851,19,0.010068892421833599
no.medisin,no.org.dnd,1038,66,11,0.010064043915827997
no.alt.config,no.kultur.fritid.friluftsliv,407,95,5,0.01006036217303823
no.film,no.uninett.hjelp,2587,124,27,0.010059612518628911
no.alt.mat.drikke,no.spill.sjakk,659,145,8,0.010050251256281407
no.eunet.drift,no.org.dnd,135,66,2,0.010050251256281407
no.mswindow,no.reiser,358,1050,14,0.010043041606886656
no.marked.diskusjon,no.telepost,187,417,6,0.010033444816053512
no.slekt.programmer,no.tex,589,218,8,0.010012515644555695
no.musikk.gitar,no.sport.volleyball,1148,164,13,0.010007698229407237
no.alt.gullkorn,no.alt.irc-treff,7,296,3,0.01
no.alt.irc-treff,no.alt.troll,296,7,3,0.01
no.alt.pompelog,no.marked.jobb,143,2181,23,0.009995654063450673
no.embnet,no.spill.sjakk,260,145,4,0.00997506234413965
no.biz,no.tegnsett,55,249,3,0.009966777408637873
no.eunet.drift,no.vit.diverse,135,473,6,0.009966777408637873
no.tegnsett,no.velkommen,249,55,3,0.009966777408637873
no.kjemi,no.org.dnd,745,66,8,0.009962640099626401
no.norsk,no.org.dnd,1962,66,20,0.0099601593625498
no.alt.fan.de-lillos,no.biz.annonser.data,176,1548,17,0.00995899238429994
no.eunet.drift,no.uninett.katalog,135,68,2,0.009950248756218905
no.pressemeldinger.diskusjon,no.uninett.hjelp,79,124,2,0.009950248756218905
no.amiga,no.slekt.programmer,1543,589,21,0.00994789199431549
no.alt.amiga,no.biz.annonser,343,2197,25,0.009940357852882704
no.alt.fan.de-lillos,no.standard,176,129,3,0.009933774834437087
no.org.efn.diskusjon,no.sport.volleyball,446,164,6,0.009933774834437087
no.prat.ufo,no.slekt.programmer,327,589,9,0.009922822491730982
no.pc,no.sources.wanted,7028,218,71,0.009895470383275262
no.pc,no.tex,7028,218,71,0.009895470383275262
no.bolig,no.spill.sjakk,978,145,11,0.009892086330935251
no.musikk,no.uninett.drift,3667,112,37,0.009887760555852484
no.alt.god.jul,no.spill.sjakk,570,145,7,0.009887005649717515
no.folklore.generelt,no.news.diverse,49,1892,19,0.009885535900104058
no.uninett.hjelp,no.www,124,3452,35,0.009884213499011578
no.org.isoc-no,no.religion,53,1583,16,0.009876543209876543
no.alt.motorsykler,no.mswindow,1688,358,20,0.009871668311944718
no.film,no.slekt.programmer,2587,589,31,0.00985691573926868
no.news.diverse,no.velkommen,1892,55,19,0.009854771784232365
no.norsk,no.org.nobug.diverse,1962,90,20,0.00984251968503937
no.org.isoc-no,no.skole.diverse,53,563,6,0.009836065573770493
no.sport.orientering,no.vit.diverse,143,473,6,0.009836065573770493
no.sport.volleyball,no.student.nett,164,452,6,0.009836065573770493
no.alt.amiga,no.uninett.katalog,343,68,4,0.009828009828009828
no.alt.diskusjoner,no.sources.list,2367,101,24,0.009819967266775777
no.alt.arkiv,no.alt.gullkorn,199,7,2,0.00980392156862745
no.alt.mat,no.org.isoc-no,1286,53,13,0.00980392156862745
no.org.efn.nyheter,no.sources.list,2,101,1,0.00980392156862745
no.biz,no.perl,55,564,6,0.009787928221859706
no.hobby.diverse,no.uninett.drift,817,112,9,0.009782608695652175
no.alt.radio-tv.irma-1000,no.slekt.etterlysning,309,1240,15,0.009778357235984355
no.eunet.hjelp,no.org.dnd,244,66,3,0.009771986970684038
no.mswindow,no.prat.seksualitet,358,883,12,0.009764035801464606
no.bil,no.uninett.hjelp,2153,124,22,0.00975609756097561
no.folklore.generelt,no.prat.seksualitet,49,883,9,0.009750812567713976
no.org.dnd,no.student.nett,66,452,5,0.009746588693957114
no.sport.volleyball,no.stortinget,164,665,8,0.0097442143727162
no.org.nobug.diverse,no.reiser,90,1050,11,0.00974313551815766
no.norsk.fagord,no.uninett.katalog,243,68,3,0.00974025974025974
no.alkohol,no.org.isoc-no,1192,53,12,0.009732360097323601
no.biz.nettilbydere,no.spill.sjakk,686,145,8,0.009720534629404616
no.hobby.diverse,no.tungregning,817,118,9,0.009719222462203024
no.biz.annonser,no.org.nobug.diverse,2197,90,22,0.009713024282560706
no.alt.amiga,no.bil,343,2153,24,0.009708737864077669
no.biz,no.folklore.generelt,55,49,1,0.009708737864077669
no.eunet.hjelp,no.uninett.katalog,244,68,3,0.009708737864077669
no.alt.pompelog,no.elektronikk,143,2250,23,0.009704641350210971
no.eunet.diverse,no.slekt,141,1836,19,0.009703779366700716
no.slekt.programmer,no.test,589,6386,67,0.009698899826288361
no.it.os.os2,no.norsk,331,1962,22,0.009687362395420519
no.alt.amiga,no.speider,343,491,8,0.009685230024213076
no.alt.irc-treff,no.it.os.os2,296,331,6,0.00966183574879227
no.telepost,no.video,417,942,13,0.009658246656760773
no.audio,no.uninett.hjelp,2492,124,25,0.0096487842531841
no.folklore.edb,no.kultur.fritid.friluftsliv,219,95,3,0.00964630225080386
no.it.os.os2,no.marked.jobb,331,2181,24,0.00964630225080386
no.it.os.os2,no.slekt.etterlysning,331,1240,15,0.009640102827763496
no.alt.config,no.svar,407,12,4,0.00963855421686747
no.prat.narkotika,no.telepost,526,417,9,0.009635974304068522
no.biz.annonser.data,no.standard,1548,129,16,0.00963275135460566
no.slekt.programmer,no.spill.sjakk,589,145,7,0.009628610729023384
no.alt.fan.de-lillos,no.eunet.hjelp,176,244,4,0.009615384615384616
no.marked.bolig,no.org.isoc-no,892,53,9,0.009615384615384616
no.alt.frustrasjoner,no.uninett.drift,3039,112,30,0.009612303748798462
no.alt.diskusjoner,no.folklore.generelt,2367,49,23,0.00961136648558295
no.uninett.hjelp,no.vitser,124,3555,35,0.009604829857299671
no.film,no.mswindow,2587,358,28,0.009598902982516283
no.alt.diskusjoner,no.org.isoc-no,2367,53,23,0.009595327492699207
no.alt.frustrasjoner,no.it.os.os2,3039,331,32,0.009586578789694428
no.alt.amiga,no.www,343,3452,36,0.009577015163607342
no.film,no.folklore.generelt,2587,49,25,0.009574875526618154
no.embnet,no.test,260,6386,63,0.009570104815433692
no.eunet.hjelp,no.vitser,244,3555,36,0.009566834972096731
no.marked.bolig,no.sport.volleyball,892,164,10,0.009560229445506692
no.speider,no.uninett.fik,491,37,5,0.009560229445506692
no.eunet.diverse,no.www,141,3452,34,0.009553245293621804
no.radio-tv,no.spill.sjakk,2075,145,21,0.009549795361527967
no.biz.nettilbydere,no.radio_tv,686,583,12,0.00954653937947494
no.pc,no.vr,7028,166,68,0.009542520348021331
no.spill.sjakk,no.www,145,3452,34,0.009542520348021331
no.alt.irctreff,no.spill.rollespill,82,447,5,0.009541984732824428
no.folklore.generelt,no.norsk,49,1962,19,0.009538152610441768
no.alt.irctreff,no.alt.mat.drikke,82,659,7,0.009536784741144414
no.alt.motorsykler,no.uninett.drift,1688,112,17,0.009534492428491307
no.alt.amiga,no.tele,343,2097,23,0.009515928837401738
no.mac,no.musikk.klassisk,2742,229,28,0.009514101257220523
no.it.emacs,no.slekt,394,1836,21,0.009506564056133997
no.alt.gledesutbrudd,no.org.isoc-no,1753,53,17,0.009502515371716043
no.alt.amiga,no.alt.irctreff,343,82,4,0.009501187648456057
no.slekt.etterlysning,no.tegnsett,1240,249,14,0.009491525423728813
no.alt.amiga,no.alt.irc-treff,343,296,6,0.009478672985781991
no.it.os.os2,no.media,331,734,10,0.009478672985781991
no.psykologi,no.velkommen,584,55,6,0.009478672985781991
no.spill.sjakk,no.uninett.katalog,145,68,2,0.009478672985781991
no.slekt.etterlysning,no.spill.sjakk,1240,145,13,0.009475218658892129
no.eunet.drift,no.medisin,135,1038,11,0.00946643717728055
no.alt.fan.de-lillos,no.mswindow,176,358,5,0.00945179584120983
no.folklore.overtro,no.pc,130,7028,67,0.009448596812861374
no.psykologi,no.sport.volleyball,584,164,7,0.009446693657219974
no.biz.annonser.data,no.velkommen,1548,55,15,0.009445843828715366
no.alt.radio_tv.irma1000,no.elektronikk,209,2250,23,0.009441707717569787
no.alt.amiga,no.religion,343,1583,18,0.009433962264150943
no.biz.nettilbydere,no.slekt.etterlysning,686,1240,18,0.009433962264150943
no.kultur.fritid.friluftsliv,no.svar,95,12,1,0.009433962264150943
no.org.nobug.diverse,no.slekt,90,1836,18,0.009433962264150943
no.marked,no.norsk.fagord,8430,243,81,0.009427374301675978
no.alt.amiga,no.video,343,942,12,0.009426551453260016
no.eunet.drift,no.marked.diskusjon,135,187,3,0.009404388714733543
no.eunet.drift,no.religion,135,1583,16,0.009400705052878966
no.alt.mat.drikke,no.kultur.fritid.friluftsliv,659,95,7,0.009370816599732263
no.alt.irc-treff,no.eunet.drift,296,135,4,0.00936768149882904
no.musikk.gitar,no.spill.sjakk,1148,145,12,0.00936768149882904
no.bil,no.tex,2153,218,22,0.009365687526607066
no.elektronikk,no.uninett.hjelp,2250,124,22,0.00935374149659864
no.it.diverse,no.radio_tv,605,583,11,0.009345794392523364
no.it.os.os2,no.sources.list,331,101,4,0.009345794392523364
no.kultur.fritid.friluftsliv,no.musikk.klassisk,95,229,3,0.009345794392523364
no.nuug,no.slekt.etterlysning,164,1240,13,0.009345794392523364
no.org.isoc-no,no.velkommen,53,55,1,0.009345794392523364
no.tungregning,no.vitser,118,3555,34,0.00934322616103325
no.alt.flame,no.marked.diskusjon,2514,187,25,0.009342301943198805
no.mac,no.uninett.katalog,2742,68,26,0.009339080459770116
no.musikk,no.tungregning,3667,118,35,0.009333333333333334
no.slekt.etterlysning,no.vr,1240,166,13,0.00933237616654702
no.film,no.tungregning,2587,118,25,0.009328358208955223
no.marked.bil,no.telepost,1423,417,17,0.009325287986834888
no.alt.fan.de-lillos,no.tele,176,2097,21,0.009325044404973356
no.alt.amiga,no.org.nobug.diverse,343,90,4,0.009324009324009324
no.alt.irctreff,no.amiga,82,1543,15,0.009316770186335404
no.alt.motorsykler,no.slekt.programmer,1688,589,21,0.009308510638297872
no.spill.rollespill,no.test,447,6386,63,0.00930576070901034
no.alt.irctreff,no.eunet.drift,82,135,2,0.009302325581395349
no.biz,no.news.drift,55,379,4,0.009302325581395349
no.pressemeldinger,no.slekt,334,1836,20,0.009302325581395349
no.alt.amiga,no.prat.narkotika,343,526,8,0.009291521486643438
no.alt.irctreff,no.eunet.hjelp,82,244,3,0.009287925696594427
no.folklore.generelt,no.musikk.gitar,49,1148,11,0.00927487352445194
no.folklore.generelt,no.sykkel,49,1148,11,0.00927487352445194
no.general,no.standard,7075,129,66,0.009246287475483329
no.musikk.gitar,no.org.isoc-no,1148,53,11,0.009243697478991597
no.org.isoc-no,no.sykkel,53,1148,11,0.009243697478991597
no.alt.fan.de-lillos,no.spill,176,2992,29,0.009238611022618668
no.alt.flame,no.tex,2514,218,25,0.009235315847801994
no.spill,no.uninett.katalog,2992,68,28,0.009234828496042216
no.it.os.os2,no.radio-tv,331,2075,22,0.009228187919463088
no.marked.bil,no.sources.wanted,1423,218,15,0.00922509225092251
no.folklore.edb,no.marked.bil,219,1423,15,0.00921942224953903
no.biz,no.nuug,55,164,2,0.009216589861751152
no.biz,no.prat.politikk,55,1150,11,0.009212730318257957
no.alt.tegneserier,no.org.isoc-no,1043,53,10,0.009208103130755065
no.alt.sjokolade,no.it.os.os2,656,331,9,0.009202453987730062
no.alt.tegneserier,no.sport.volleyball,1043,164,11,0.00919732441471572
no.alt.fan.de-lillos,no.vitser,176,3555,34,0.009196645929131728
no.alt.irc-treff,no.alt.pompelog,296,143,4,0.009195402298850575
no.marked.bil,no.pressemeldinger,1423,334,16,0.009190120620333142
no.alt.irctreff,no.mswindow,82,358,4,0.009174311926605505
no.alt.pompel-og-pilt,no.it.os.os2,329,331,6,0.009174311926605505
no.lisp,no.mswindow,302,358,6,0.009174311926605505
no.musikk.klassisk,no.sources.list,229,101,3,0.009174311926605505
no.norsk.fagord,no.telepost,243,417,6,0.009174311926605505
no.alt.mat,no.spill.sjakk,1286,145,13,0.009167842031029619
no.alt.amiga,no.bolig,343,978,12,0.009167303284950344
no.folklore.generelt,no.video,49,942,9,0.009164969450101833
no.alt.flame,no.standard,2514,129,24,0.009163802978235968
no.prat.ufo,no.pressemeldinger,327,334,6,0.00916030534351145
no.eunet.drift,no.pc,135,7028,65,0.009157509157509158
no.marked.bolig,no.sources.list,892,101,9,0.009146341463414634
no.it.os.os2,no.prat.seksualitet,331,883,11,0.00914380714879468
no.org.dnd,no.sykkel,66,1148,11,0.00914380714879468
no.kultur.fritid.friluftsliv,no.news.diverse,95,1892,18,0.009141696292534281
no.alt.flame,no.slekt.etterlysning,2514,1240,34,0.00913978494623656
no.eunet.drift,no.radio-tv,135,2075,20,0.0091324200913242
no.mail.drift,no.svar,430,12,4,0.0091324200913242
no.sport.fotball,no.student.samfund,629,255,8,0.0091324200913242
no.eunet.diverse,no.marked.jobb,141,2181,21,0.009126466753585397
no.alt.diskusjoner,no.org.dnd,2367,66,22,0.009124844462878473
no.alt.arkiv,no.marked.data,199,7987,74,0.009122287968441814
no.linux,no.pressemeldinger.diskusjon,3019,79,28,0.009120521172638436
no.marked.jobb,no.spill.sjakk,2181,145,21,0.00911062906724512
no.it.os.os2,no.marked.data,331,7987,75,0.009098629139876259
no.alt.amiga,no.sources.list,343,101,4,0.00909090909090909
no.alt.irctreff,no.psykologi,82,584,6,0.00909090909090909
no.musikk.klassisk,no.spill,229,2992,29,0.009085213032581453
no.it.os.os2,no.spill.rollespill,331,447,7,0.009079118028534372
no.alt.amiga,no.biz.annonser.data,343,1548,17,0.009071504802561366
no.ai,no.marked.data,254,7987,74,0.009060854658993511
no.alkohol,no.spill.sjakk,1192,145,12,0.009056603773584906
no.alt.pompelog,no.prat.narkotika,143,526,6,0.00904977375565611
no.prat.aksjer,no.x,480,301,7,0.00904392764857881
no.bil,no.pressemeldinger.diskusjon,2153,79,20,0.009041591320072333
no.standard,no.vitser,129,3555,33,0.009038619556285949
no.biz,no.typografi,55,280,3,0.009036144578313253
no.typografi,no.velkommen,280,55,3,0.009036144578313253
no.general,no.pressemeldinger.diskusjon,7075,79,64,0.009026798307475317
no.eunet.diverse,no.tele,141,2097,20,0.009017132551848512
no.prat.ufo,no.slekt.etterlysning,327,1240,14,0.00901481004507405
no.alt.motorsykler,no.prat.ufo,1688,327,18,0.009013520280420632
no.alt.pompelog,no.tele,143,2097,20,0.009009009009009009
no.mswindow,no.org.nobug.diverse,358,90,4,0.009009009009009009
no.folklore.edb,no.slekt.etterlysning,219,1240,13,0.008990318118948824
no.alt.fan.de-lillos,no.marked.jobb,176,2181,21,0.00898972602739726
no.it.os.os2,no.tungregning,331,118,4,0.008988764044943821
no.marked.jobb,no.uninett.katalog,2181,68,20,0.008972633467922835
no.slekt,no.x,1836,301,19,0.008970727101038715
no.alt.flame,no.pressemeldinger.diskusjon,2514,79,23,0.00894941634241245
no.marked.data,no.norsk.fagord,7987,243,73,0.008949368640431532
no.jus,no.org.dnd,1851,66,17,0.008947368421052631
no.marked.data,no.student.samfund,7987,255,73,0.008936222303831558
no.nuug,no.test,164,6386,58,0.008934072704867528
no.alt.gullkorn,no.folklore.edb,7,219,2,0.008928571428571428
no.kultur.fritid.friluftsliv,no.org.decus,95,18,1,0.008928571428571428
no.kultur.fritid.friluftsliv,no.psykologi,95,584,6,0.008915304606240713
no.hobby.diverse,no.org.nobug.diverse,817,90,8,0.008898776418242492
no.alt.irctreff,no.spill.sjakk,82,145,2,0.008888888888888889
no.alt.radio_tv.irma1000,no.org.decus,209,18,2,0.008888888888888889
no.telepost,no.uninett.fik,417,37,4,0.008888888888888889
no.marked.bil,no.typografi,1423,280,15,0.008886255924170616
no.alt.arkiv,no.test,199,6386,58,0.008886165160104183
no.alt.irctreff,no.norsk,82,1962,18,0.008884501480750246
no.alt.motorsykler,no.standard,1688,129,16,0.008883953359244865
no.alt.gledesutbrudd,no.org.dnd,1753,66,16,0.00887409872434831
no.alt.irctreff,no.jus,82,1851,17,0.008872651356993737
no.marked,no.prat.ufo,8430,327,77,0.008870967741935484
no.it.os.os2,no.musikk.gitar,331,1148,13,0.008867667121418827
no.biz.annonser,no.pressemeldinger.diskusjon,2197,79,20,0.008865248226950355
no.alt.radio_tv.irma1000,no.marked.jobb,209,2181,21,0.008864499788940482
no.alt.gledesutbrudd,no.uninett.katalog,1753,68,16,0.00886426592797784
no.alt.flame,no.sources.wanted,2514,218,24,0.008862629246676515
no.org.nobug.diverse,no.radio-tv,90,2075,19,0.008853681267474371
no.org.efn.nyheter,no.uninett.drift,2,112,1,0.008849557522123894
no.slekt.etterlysning,no.standard,1240,129,12,0.008843036109064112
no.slekt,no.spill.rollespill,1836,447,20,0.008837825894829872
no.bibsys,no.test,235,6386,58,0.008837421910711565
no.musikk,no.tex,3667,218,34,0.00882887561672293
no.eunet.hjelp,no.test,244,6386,58,0.008825319537431528
no.biz.annonser.data,no.org.isoc-no,1548,53,14,0.008821676118462508
no.marked.data,no.tegnsett,7987,249,72,0.008819206271435572
no.jus,no.kultur.fritid.friluftsliv,1851,95,17,0.008812856402280975
no.it.os.os2,no.spill,331,2992,29,0.008803885853066181
no.alt.irctreff,no.speider,82,491,5,0.008802816901408451
no.alt.amiga,no.sykkel,343,1148,13,0.008795669824086604
no.alt.flame,no.eunet.hjelp,2514,244,24,0.008778346744696415
no.mail.drift,no.spill.sjakk,430,145,5,0.008771929824561403
no.alt.fan.de-lillos,no.general,176,7075,63,0.008764607679465776
no.hobby.diverse,no.pressemeldinger,817,334,10,0.008764241893076249
no.org.nobug.diverse,no.tele,90,2097,19,0.008763837638376383
no.mswindow,no.skole.diverse,358,563,8,0.008762322015334063
no.tungregning,no.www,118,3452,31,0.0087595365922577
no.mswindow,no.tex,358,218,5,0.008756567425569177
no.biz.annonser,no.uninett.drift,2197,112,20,0.00873743993010048
no.mswindow,no.slekt,358,1836,19,0.008735632183908045
no.alt.config,no.biz,407,55,4,0.008733624454148471
no.alt.gledesutbrudd,no.kultur.fritid.friluftsliv,1753,95,16,0.008733624454148471
no.eunet.hjelp,no.tex,244,218,4,0.008733624454148471
no.mail.diverse,no.sport.volleyball,993,164,10,0.008718395815170008
no.musikk.klassisk,no.radio_tv,229,583,7,0.008695652173913044
no.biz.annonser.data,no.slekt.etterlysning,1548,1240,24,0.008683068017366137
no.prat.narkotika,no.velkommen,526,55,5,0.008680555555555556
no.biz.annonser.data,no.pressemeldinger.diskusjon,1548,79,14,0.008679479231246125
no.film,no.org.nobug.diverse,2587,90,23,0.008666164280331574
no.alt.fan.de-lillos,no.alt.motorsykler,176,1688,16,0.008658008658008658
no.lisp,no.sport.volleyball,302,164,4,0.008658008658008658
no.eunet.hjelp,no.medisin,244,1038,11,0.00865460267505901
no.alt.radio_tv.irma1000,no.marked,209,8430,74,0.008639813193228254
no.alt.amiga,no.kryptografi,343,359,6,0.008620689655172414
no.alt.irc-treff,no.velkommen,296,55,3,0.008620689655172414
no.slekt.etterlysning,no.sport.volleyball,1240,164,12,0.008620689655172414
no.sport.orientering,no.sykkel,143,1148,11,0.00859375
no.eunet.diverse,no.perl,141,564,6,0.008583690987124463
no.alt.irctreff,no.www,82,3452,30,0.008561643835616438
no.audio,no.tex,2492,218,23,0.008559732043170823
no.eunet.diverse,no.medisin,141,1038,10,0.00855431993156544
no.alt.pompelog,no.spill.rollespill,143,447,5,0.008547008547008548
no.org.decus,no.tex,18,218,2,0.008547008547008548
no.pressemeldinger.diskusjon,no.sport.fotball,79,629,6,0.008547008547008548
no.biz.nettilbydere,no.eunet.diverse,686,141,7,0.00853658536585366
no.alt.radio-tv.irma-1000,no.sport.volleyball,309,164,4,0.008528784648187633
no.medisin,no.spill.sjakk,1038,145,10,0.008525149190110827
no.mswindow,no.test,358,6386,57,0.008524001794526694
no.mswindow,no.slekt.programmer,358,589,8,0.008519701810436636
no.alt.motorsykler,no.spill.rollespill,1688,447,18,0.008502598016060462
no.amiga,no.tungregning,1543,118,14,0.008500303582270795
no.biz,no.x,55,301,3,0.0084985835694051
no.velkommen,no.x,55,301,3,0.0084985835694051
no.mswindow,no.vit.diverse,358,473,7,0.00849514563106796
no.musikk.klassisk,no.unix,229,1435,14,0.008484848484848486
no.spill,no.tex,2992,218,27,0.008482563619227144
no.alt.troll,no.uninett.drift,7,112,1,0.00847457627118644
no.eunet.diverse,no.musikk,141,3667,32,0.00847457627118644
no.it.os.os2,no.spill.sjakk,331,145,4,0.00847457627118644
no.kultur.fritid.friluftsliv,no.sport.orientering,95,143,2,0.00847457627118644
no.lisp,no.velkommen,302,55,3,0.00847457627118644
no.ms-windows,no.sources.wanted,3235,218,29,0.008469626168224298
no.bolig,no.kultur.fritid.friluftsliv,978,95,9,0.008458646616541353
no.alt.fan.de-lillos,no.x,176,301,4,0.008456659619450317
no.alt.irctreff,no.linux,82,3019,26,0.008455284552845528
no.pc,no.standard,7028,129,60,0.008454276454840074
no.folklore.generelt,no.multimedia,49,1383,12,0.008450704225352112
no.spill.sjakk,no.vitser,145,3555,31,0.008449168710820387
no.uninett.hjelp,no.vit.diverse,124,473,5,0.008445945945945946
no.eunet.diverse,no.hobby.diverse,141,817,8,0.008421052631578947
no.alt.irctreff,no.radio-tv,82,2075,18,0.008415147265077139
no.folklore.overtro,no.slekt.programmer,130,589,6,0.008415147265077139
no.bil,no.eunet.hjelp,2153,244,20,0.008413967185527976
no.prat.ufo,no.test,327,6386,56,0.008412197686645636
no.hobby.diverse,no.sport.orientering,817,143,8,0.008403361344537815
no.marked.jobb,no.sources.list,2181,101,19,0.008395934600088379
no.eunet.drift,no.spill,135,2992,26,0.00838439213157046
no.amiga,no.eunet.diverse,1543,141,14,0.008383233532934131
no.alt.pompelog,no.tex,143,218,3,0.008379888268156424
no.alt.fan.de-lillos,no.sykkel,176,1148,11,0.008377760853008377
no.mswindow,no.uninett.hjelp,358,124,4,0.008368200836820083
no.alt.gledesutbrudd,no.velkommen,1753,55,15,0.008365867261572783
no.multimedia,no.org.dnd,1383,66,12,0.008350730688935281
no.org.dnd,no.telepost,66,417,4,0.008350730688935281
no.folklore.edb,no.slekt,219,1836,17,0.008341511285574092
no.alt.arkiv,no.sport.volleyball,199,164,3,0.008333333333333333
no.alt.fan.de-lillos,no.org.dnd,176,66,2,0.008333333333333333
no.sources.wanted,no.spill.sjakk,218,145,3,0.008333333333333333
no.eunet.hjelp,no.marked.data,244,7987,68,0.008330270733798849
no.marked,no.vr,8430,166,71,0.008328445747800587
no.litteratur,no.sport.volleyball,1532,164,14,0.008323424494649227
no.audio,no.biz,2492,55,21,0.00831353919239905
no.alt.radio-tv.irma-1000,no.biz,309,55,3,0.008310249307479225
no.marked.bolig,no.pressemeldinger.diskusjon,892,79,8,0.008307372793354102
no.org.decus,no.slekt.programmer,18,589,5,0.008305647840531562
no.biz.nettilbydere,no.sport.volleyball,686,164,7,0.00830367734282325
no.it.diverse,no.uninett.hjelp,605,124,6,0.008298755186721992
no.alt.pompelog,no.pc,143,7028,59,0.008295838020247468
no.prat.politikk,no.uninett.katalog,1150,68,10,0.008278145695364239
no.eunet.drift,no.marked.jobb,135,2181,19,0.00827165868524162
no.slekt.programmer,no.sport.orientering,589,143,6,0.008264462809917356
no.sources.list,no.tele,101,2097,18,0.008256880733944955
no.it.os.os2,no.marked.bolig,331,892,10,0.008244023083264633
no.eunet.hjelp,no.slekt,244,1836,17,0.008240426563257392
no.folklore.generelt,no.skole.diverse,49,563,5,0.008237232289950576
no.pressemeldinger.diskusjon,no.vr,79,166,2,0.00823045267489712
no.it.os.os2,no.sport.diverse,331,1507,15,0.008228195282501372
no.org.isoc-no,no.reiser,53,1050,9,0.008226691042047532
no.elektronikk,no.pressemeldinger.diskusjon,2250,79,19,0.008225108225108226
no.eunet.diverse,no.vit.diverse,141,473,5,0.008210180623973728
no.alt.amiga,no.it.emacs,343,394,6,0.008207934336525308
no.ai,no.test,254,6386,54,0.008199210446401458
no.alt.irctreff,no.alt.sjokolade,82,656,6,0.00819672131147541
no.prat.seksualitet,no.sources.list,883,101,8,0.00819672131147541
no.sources.list,no.spill.sjakk,101,145,2,0.00819672131147541
no.alt.fan.de-lillos,no.skole.diverse,176,563,6,0.008185538881309686
no.eunet.drift,no.slekt,135,1836,16,0.008184143222506393
no.alt.irctreff,no.prat.politikk,82,1150,10,0.008183306055646482
no.alt.pompelog,no.vit.diverse,143,473,5,0.008183306055646482
no.eunet.diverse,no.vitser,141,3555,30,0.008183306055646482
no.alt.tegneserier,no.org.dnd,1043,66,9,0.008181818181818182
no.audio,no.slekt.programmer,2492,589,25,0.008180628272251309
no.alt.pompel-og-pilt,no.sport.volleyball,329,164,4,0.0081799591002045
no.bibsys,no.eunet.drift,235,135,3,0.008174386920980926
no.general,no.it.os.os2,7075,331,60,0.008167710318540702
no.norsk.fagord,no.slekt.etterlysning,243,1240,12,0.008157715839564922
no.eunet.hjelp,no.marked,244,8430,70,0.008135750813575081
no.slekt.etterlysning,no.uninett.hjelp,1240,124,11,0.008130081300813009
no.alkohol,no.folklore.generelt,1192,49,10,0.008123476848090982
no.reiser,no.uninett.katalog,1050,68,9,0.008115419296663661
no.biz.diskusjoner,no.org.dnd,431,66,4,0.008113590263691683
no.eunet.diverse,no.it.diverse,141,605,6,0.008108108108108109
no.audio,no.slekt.etterlysning,2492,1240,30,0.008103727714748784
no.sport.fotball,no.tungregning,629,118,6,0.008097165991902834
no.slekt.etterlysning,no.student.samfund,1240,255,12,0.008091706001348618
no.ms-windows,no.standard,3235,129,27,0.008091099790230746
no.eunet.diverse,no.mswindow,141,358,4,0.00808080808080808
no.biz.annonser,no.folklore.generelt,2197,49,18,0.00807899461400359
no.alt.god.jul,no.biz,570,55,5,0.008064516129032258
no.org.dnd,no.unix,66,1435,12,0.008059100067159167
no.prat.politikk,no.sources.list,1150,101,10,0.008058017727639
no.sport.fotball,no.tegnsett,629,249,7,0.008036739380022962
no.marked,no.musikk.klassisk,8430,229,69,0.008032596041909196
no.elektronikk,no.eunet.drift,2250,135,19,0.008030431107354184
no.marked.jobb,no.pressemeldinger.diskusjon,2181,79,18,0.008028545941123996
no.jus,no.sport.volleyball,1851,164,16,0.0080040020010005
no.marked.data,no.prat.ufo,7987,327,66,0.008001939864209506
no.eunet.drift,no.norsk.fagord,135,243,3,0.008
no.org.dnd,no.video,66,942,8,0.008
no.org.efn.nyheter,no.uninett.hjelp,2,124,1,0.008
no.ai,no.sport.fotball,254,629,7,0.007990867579908675
no.eunet.hjelp,no.musikk,244,3667,31,0.007989690721649484
no.alt.motorsykler,no.it.os.os2,1688,331,16,0.00798801797304044
no.marked.bil,no.tex,1423,218,13,0.007985257985257985
no.uninett.drift,no.vitser,112,3555,29,0.007971412864211104
no.org.isoc-no,no.tele,53,2097,17,0.007969995311767463
no.amiga,no.musikk.klassisk,1543,229,14,0.007963594994311717
no.bibsys,no.spill.sjakk,235,145,3,0.007957559681697613
no.alt.fan.de-lillos,no.it.os.os2,176,331,4,0.007952286282306162
no.org.dnd,no.religion,66,1583,13,0.007946210268948655
no.biz.annonser.data,no.mswindow,1548,358,15,0.007932310946589107
no.net,no.velkommen,1216,55,10,0.007930214115781126
no.marked,no.sources.wanted,8430,218,68,0.007925407925407926
no.hobby.diverse,no.radio_tv,817,583,11,0.007919366450683946
no.biz,no.prat.ufo,55,327,3,0.0079155672823219
no.folklore.generelt,no.slekt.programmer,49,589,5,0.007898894154818325
no.elektronikk,no.folklore.generelt,2250,49,18,0.00789127575624726
no.biz,no.psykologi,55,584,5,0.007886435331230283
no.alt.pompel-og-pilt,no.biz,329,55,3,0.007874015748031496
no.audio,no.uninett.katalog,2492,68,20,0.007874015748031496
no.eunet.diverse,no.norsk.fagord,141,243,3,0.007874015748031496
no.eunet.diverse,no.prat.seksualitet,141,883,8,0.007874015748031496
no.film,no.sources.list,2587,101,21,0.007874015748031496
no.alt.irctreff,no.religion,82,1583,13,0.007869249394673124
no.biz.annonser.data,no.tungregning,1548,118,13,0.007864488808227465
no.eunet.drift,no.prat.politikk,135,1150,10,0.00784313725490196
no.alt.pompelog,no.norsk.fagord,143,243,3,0.007832898172323759
no.alt.gledesutbrudd,no.folklore.generelt,1753,49,14,0.007829977628635347
no.alt.fan.de-lillos,no.slekt.etterlysning,176,1240,11,0.007829181494661922
no.alt.amiga,no.hobby.diverse,343,817,9,0.007819287576020852
no.marked.bil,no.uninett.hjelp,1423,124,12,0.007817589576547232
no.musikk.klassisk,no.slekt,229,1836,16,0.007808687164470474
no.amiga,no.eunet.drift,1543,135,13,0.007807807807807808
no.ms-windows,no.uninett.hjelp,3235,124,26,0.007800780078007801
no.musikk.klassisk,no.telepost,229,417,5,0.0078003120124804995
no.marked.diskusjon,no.slekt.programmer,187,589,6,0.007792207792207792
no.org.decus,no.sport.fotball,18,629,5,0.00778816199376947
no.kultur.fritid.friluftsliv,no.sport.volleyball,95,164,2,0.007782101167315175
no.eunet.drift,no.ms-windows,135,3235,26,0.00777511961722488
no.mac,no.sport.fotball,2742,629,26,0.007772795216741405
no.biz,no.pressemeldinger,55,334,3,0.007772020725388601
no.folklore.generelt,no.sport.diverse,49,1507,12,0.007772020725388601
no.bil,no.org.isoc-no,2153,53,17,0.0077661032434901784
no.sport.fotball,no.typografi,629,280,7,0.007760532150776054
no.ms-windows,no.spill.sjakk,3235,145,26,0.007751937984496124
no.org.isoc-no,no.sport.diverse,53,1507,12,0.007751937984496124
no.prat.ufo,no.radio_tv,327,583,7,0.007751937984496124
no.biz.nettilbydere,no.kultur.fritid.friluftsliv,686,95,6,0.007741935483870968
no.folklore.overtro,no.test,130,6386,50,0.007732755954222085
no.audio,no.tungregning,2492,118,20,0.007722007722007722
no.sport.orientering,no.tungregning,143,118,2,0.007722007722007722
no.sources.list,no.vitser,101,3555,28,0.007717750826901874
no.bil,no.uninett.katalog,2153,68,17,0.007713248638838476
no.it.os.os2,no.marked,331,8430,67,0.007706464228203359
no.marked.bolig,no.telepost,892,417,10,0.007698229407236336
no.alt.troll,no.uninett.hjelp,7,124,1,0.007692307692307693
no.eunet.hjelp,no.org.decus,244,18,2,0.007692307692307693
no.org.dnd,no.slekt.programmer,66,589,5,0.007692307692307693
no.org.efn.nyheter,no.standard,2,129,1,0.007692307692307693
no.hobby.diverse,no.sources.list,817,101,7,0.007683863885839737
no.biz.nettilbydere,no.sources.list,686,101,6,0.0076824583866837385
no.alt.fan.de-lillos,no.ms-windows,176,3235,26,0.007680945347119645
no.alt.flame,no.uninett.drift,2514,112,20,0.007674597083653108
no.spill.sjakk,no.tegnsett,145,249,3,0.0076726342710997444
no.alt.pompelog,no.musikk,143,3667,29,0.0076699285903200215
no.it.os.os2,no.prat.ufo,331,327,5,0.007656967840735069
no.eunet.drift,no.reiser,135,1050,9,0.007653061224489796
no.alt.sjokolade,no.eunet.drift,656,135,6,0.007643312101910828
no.alt.radio_tv.irma1000,no.bolig,209,978,9,0.007640067911714771
no.alt.flame,no.uninett.hjelp,2514,124,20,0.007639419404125287
no.alt.radio_tv.irma1000,no.marked.diskusjon,209,187,3,0.007633587786259542
no.kultur.fritid.friluftsliv,no.x,95,301,3,0.007633587786259542
no.slekt,no.spill.sjakk,1836,145,15,0.0076297049847405905
no.musikk.klassisk,no.perl,229,564,6,0.007623888182973317
no.marked.bil,no.sport.volleyball,1423,164,12,0.007619047619047619
no.eunet.diverse,no.reiser,141,1050,9,0.007614213197969543
no.alt.amiga,no.marked.diskusjon,343,187,4,0.0076045627376425855
no.amiga,no.slekt.etterlysning,1543,1240,21,0.007603186097031137
no.eunet.diverse,no.religion,141,1583,13,0.007597895967270602
no.marked.bil,no.x,1423,301,13,0.007597895967270602
no.alt.fan.de-lillos,no.mac,176,2742,22,0.007596685082872928
no.film,no.it.os.os2,2587,331,22,0.007596685082872928
no.pressemeldinger.diskusjon,no.student.nett,79,452,4,0.007590132827324478
no.eunet.diverse,no.pc,141,7028,54,0.007589599437807449
no.prat.aksjer,no.radio_tv,480,583,8,0.007582938388625593
no.amiga,no.org.isoc-no,1543,53,12,0.007575757575757576
no.general,no.uninett.drift,7075,112,54,0.00757044721715968
no.alt.irctreff,no.multimedia,82,1383,11,0.007565337001375516
no.c,no.sport.volleyball,1036,164,9,0.007556675062972292
no.spill.sjakk,no.student.samfund,145,255,3,0.007556675062972292
no.musikk,no.uninett.katalog,3667,68,28,0.007553277582951173
no.alt.radio-tv.irma-1000,no.mswindow,309,358,5,0.0075528700906344415
no.org.decus,no.tegnsett,18,249,2,0.007547169811320755
no.biz.annonser.data,no.slekt.programmer,1548,589,16,0.007543611504007544
no.pressemeldinger.diskusjon,no.slekt.programmer,79,589,5,0.007541478129713424
no.alt.troll,no.it.emacs,7,394,3,0.007537688442211055
no.pressemeldinger,no.uninett.katalog,334,68,3,0.007518796992481203
no.pressemeldinger.diskusjon,no.velkommen,79,55,1,0.007518796992481203
no.alt.mat,no.biz,1286,55,10,0.007513148009015778
no.ms-windows,no.tungregning,3235,118,25,0.007512019230769231
no.marked.diskusjon,no.test,187,6386,49,0.0075107296137339056
no.linux,no.uninett.katalog,3019,68,23,0.007506527415143603
no.amiga,no.uninett.katalog,1543,68,12,0.0075046904315197
no.musikk.klassisk,no.pc,229,7028,54,0.007496876301541024
no.alt.fan.de-lillos,no.marked,176,8430,64,0.007492390540856942
no.org.nobug.diverse,no.radio_tv,90,583,5,0.0074850299401197605
no.alt.mat,no.it.os.os2,1286,331,12,0.007476635514018692
no.mswindow,no.student.nett,358,452,6,0.007462686567164179
no.slekt.etterlysning,no.uninett.drift,1240,112,10,0.007451564828614009
no.uninett.katalog,no.vit.diverse,68,473,4,0.0074487895716946
no.linux,no.musikk.klassisk,3019,229,24,0.007444168734491315
no.alt.amiga,no.it.diverse,343,605,7,0.007438894792773645
no.biz,no.unix,55,1435,11,0.0074374577417173765
no.unix,no.velkommen,1435,55,11,0.0074374577417173765
no.alt.fan.de-lillos,no.kultur.fritid.friluftsliv,176,95,2,0.007434944237918215
no.amiga,no.mswindow,1543,358,14,0.007419183889772125
no.alt.radio_tv.irma1000,no.prat.politikk,209,1150,10,0.007412898443291327
no.alt.fan.de-lillos,no.pc,176,7028,53,0.007411550832051461
no.alt.amiga,no.vit.diverse,343,473,6,0.007407407407407408
no.alt.gullkorn,no.standard,7,129,1,0.007407407407407408
no.sport.orientering,no.standard,143,129,2,0.007407407407407408
no.alt.motorsykler,no.tex,1688,218,14,0.007399577167019027
no.alt.radio_tv.irma1000,no.slekt,209,1836,15,0.007389162561576354
no.bibsys,no.radio_tv,235,583,6,0.007389162561576354
no.musikk.gitar,no.pressemeldinger.diskusjon,1148,79,9,0.007389162561576354
no.musikk.klassisk,no.slekt.programmer,229,589,6,0.007389162561576354
no.pressemeldinger.diskusjon,no.sykkel,79,1148,9,0.007389162561576354
no.elektronikk,no.uninett.katalog,2250,68,17,0.007388092133854845
no.biz,no.sources.wanted,55,218,2,0.007380073800738007
no.biz.annonser.data,no.org.nobug.diverse,1548,90,12,0.007380073800738007
no.tex,no.velkommen,218,55,2,0.007380073800738007
no.film,no.spill.sjakk,2587,145,20,0.007374631268436578
no.sport.fotball,no.velkommen,629,55,5,0.007363770250368188
no.alt.gledesutbrudd,no.sport.volleyball,1753,164,14,0.007356805044666317
no.slekt,no.tex,1836,218,15,0.007356547327121138
no.alt.troll,no.folklore.overtro,7,130,1,0.007352941176470588
no.folklore.overtro,no.slekt.etterlysning,130,1240,10,0.007352941176470588
no.it.os.os2,no.sources.wanted,331,218,4,0.007339449541284404
no.it.diverse,no.mswindow,605,358,7,0.007322175732217573
no.alt.motorsykler,no.sources.list,1688,101,13,0.00731981981981982
no.alt.irctreff,no.general,82,7075,52,0.007318789584799437
no.c,no.org.dnd,1036,66,8,0.007312614259597806
no.alt.arkiv,no.sport.fotball,199,629,6,0.0072992700729927005
no.ms-windows,no.pressemeldinger.diskusjon,3235,79,24,0.00729483282674772
no.reiser,no.velkommen,1050,55,8,0.007292616226071103
no.alt.pompelog,no.biz.nettilbydere,143,686,6,0.007290400972053463
no.biz.nettilbydere,no.sport.orientering,686,143,6,0.007290400972053463
no.slekt.etterlysning,no.typografi,1240,280,11,0.00728959575878065
no.norsk.fagord,no.slekt,243,1836,15,0.007267441860465116
no.norsk.fagord,no.slekt.programmer,243,589,6,0.007263922518159807
no.eunet.hjelp,no.slekt.programmer,244,589,6,0.007255139056831923
no.alt.radio_tv.irma1000,no.bil,209,2153,17,0.007249466950959489
no.kultur.fritid.friluftsliv,no.unix,95,1435,11,0.007241606319947334
no.test,no.vr,6386,166,47,0.007225211375864719
no.ms-windows,no.uninett.drift,3235,112,24,0.0072223894071622025
no.it.emacs,no.sport.volleyball,394,164,4,0.007220216606498195
no.org.dnd,no.reiser,66,1050,8,0.007220216606498195
no.pressemeldinger.diskusjon,no.spill,79,2992,22,0.007215480485405051
no.prat.aksjer,no.tex,480,218,5,0.007215007215007215
no.film,no.uninett.katalog,2587,68,19,0.007207890743550834
no.prat.aksjer,no.pressemeldinger.diskusjon,480,79,4,0.007207207207207207
no.eunet.drift,no.spill.sjakk,135,145,2,0.007194244604316547
no.it.os.os2,no.musikk.klassisk,331,229,4,0.007194244604316547
no.kjemi,no.kultur.fritid.friluftsliv,745,95,6,0.007194244604316547
no.pc,no.tungregning,7028,118,51,0.00718816067653277
no.alt.pompelog,no.bolig,143,978,8,0.0071877807726864335
no.alt.amiga,no.mswindow,343,358,5,0.007183908045977011
no.pc,no.uninett.hjelp,7028,124,51,0.007182087029995775
no.havforskning,no.sport.volleyball,397,164,4,0.00718132854578097
no.biz,no.www,55,3452,25,0.007179781734635267
no.film,no.pressemeldinger.diskusjon,2587,79,19,0.007177937287495277
no.alt.irctreff,no.film,82,2587,19,0.007169811320754717
no.spill.sjakk,no.telepost,145,417,4,0.007168458781362007
no.alt.amiga,no.pressemeldinger.diskusjon,343,79,3,0.007159904534606206
no.musikk.klassisk,no.pressemeldinger,229,334,4,0.007155635062611807
no.bil,no.sources.list,2153,101,16,0.0071492403932082215
no.linux,no.org.nobug.diverse,3019,90,22,0.007126660187884677
no.alt.troll,no.telepost,7,417,3,0.007125890736342043
no.embnet,no.sport.volleyball,260,164,3,0.007125890736342043
no.alt.pompelog,no.slekt,143,1836,14,0.0071246819338422395
no.eunet.hjelp,no.it.diverse,244,605,6,0.0071174377224199285
no.mswindow,no.speider,358,491,6,0.0071174377224199285
no.org.isoc-no,no.radio-tv,53,2075,15,0.00709891150023663
no.alt.troll,no.eunet.drift,7,135,1,0.0070921985815602835
no.folklore.overtro,no.svar,130,12,1,0.0070921985815602835
no.alt.sjokolade,no.biz,656,55,5,0.007082152974504249
no.alt.sjokolade,no.velkommen,656,55,5,0.007082152974504249
no.eunet.drift,no.sykkel,135,1148,9,0.00706436420722135
no.alt.config,no.sport.volleyball,407,164,4,0.007054673721340388
no.bolig,no.sport.volleyball,978,164,8,0.007054673721340388
no.it.os.os2,no.musikk,331,3667,28,0.007052896725440806
no.eunet.diverse,no.marked,141,8430,60,0.007049700387733521
no.alt.amiga,no.musikk.klassisk,343,229,4,0.007042253521126761
no.eunet.diverse,no.org.efn.nyheter,141,2,1,0.007042253521126761
no.eunet.diverse,no.spill.sjakk,141,145,2,0.007042253521126761
no.org.dnd,no.sport.diverse,66,1507,11,0.007042253521126761
no.folklore.generelt,no.tele,49,2097,15,0.0070389488503050214
no.musikk.gitar,no.sport.orientering,1148,143,9,0.0070202808112324495
no.alt.frustrasjoner,no.tungregning,3039,118,22,0.007017543859649123
no.alt.frustrasjoner,no.uninett.hjelp,3039,124,22,0.0070041388092964025
no.elektronikk,no.org.isoc-no,2250,53,16,0.006996064713598601
no.folklore.generelt,no.kultur.fritid.friluftsliv,49,95,1,0.006993006993006993
no.perl,no.svar,564,12,4,0.006993006993006993
no.amiga,no.it.os.os2,1543,331,13,0.006985491671144546
no.alt.god.jul,no.alt.troll,570,7,4,0.006980802792321117
no.tele,no.uninett.katalog,2097,68,15,0.0069767441860465115
no.student.samfund,no.test,255,6386,46,0.006974981046247157
no.marked.diskusjon,no.slekt,187,1836,14,0.006968641114982578
no.news.drift,no.velkommen,379,55,3,0.0069605568445475635
no.alt.mat,no.sport.volleyball,1286,164,10,0.006944444444444444
no.biz.annonser.data,no.folklore.generelt,1548,49,11,0.0069356872635561164
no.alt.fan.de-lillos,no.linux,176,3019,22,0.006933501418216199
no.biz,no.prat.narkotika,55,526,4,0.006932409012131715
no.litteratur,no.org.dnd,1532,66,11,0.006931316950220542
no.slekt.etterlysning,no.uninett.katalog,1240,68,9,0.006928406466512702
no.pressemeldinger.diskusjon,no.vitser,79,3555,25,0.006927126627874758
no.skole.diverse,no.sport.volleyball,563,164,5,0.006925207756232687
no.marked.data,no.nuug,7987,164,56,0.006917850525015441
no.kultur.fritid.friluftsliv,no.sport.diverse,95,1507,11,0.0069138906348208675
no.alt.radio_tv.irma1000,no.amiga,209,1543,12,0.006896551724137931
no.svar,no.typografi,12,280,2,0.006896551724137931
no.elektronikk,no.org.nobug.diverse,2250,90,16,0.0068846815834767644
no.linux,no.org.isoc-no,3019,53,21,0.00688298918387414
no.biz.annonser,no.spill.sjakk,2197,145,16,0.006878761822871883
no.alt.motorsykler,no.slekt.etterlysning,1688,1240,20,0.0068775790921595595
no.jus,no.velkommen,1851,55,13,0.006867406233491812
no.sources.wanted,no.test,218,6386,45,0.0068608019515169994
no.org.nobug.diverse,no.spill,90,2992,21,0.006860503103560928
no.bil,no.folklore.generelt,2153,49,15,0.006858710562414266
no.elektronikk,no.sources.list,2250,101,16,0.006852248394004282
no.alt.amiga,no.biz.nettilbydere,343,686,7,0.00684931506849315
no.org.decus,no.standard,18,129,1,0.00684931506849315
no.alt.amiga,no.marked.bil,343,1423,12,0.0068415051311288486
no.it.os.os2,no.religion,331,1583,13,0.006838506049447659
no.alt.motorsykler,no.pressemeldinger.diskusjon,1688,79,12,0.006837606837606838
no.pressemeldinger.diskusjon,no.slekt,79,1836,13,0.006834910620399579
no.alt.frustrasjoner,no.biz,3039,55,21,0.00683371298405467
no.sport.fotball,no.unix,629,1435,14,0.006829268292682927
no.hobby.diverse,no.uninett.katalog,817,68,6,0.006825938566552901
no.musikk.klassisk,no.org.dnd,229,66,2,0.006825938566552901
no.folklore.overtro,no.marked,130,8430,58,0.006821924253116914
no.alt.radio-tv.irma-1000,no.eunet.drift,309,135,3,0.006802721088435374
no.alt.troll,no.eunet.diverse,7,141,1,0.006802721088435374
no.eunet.hjelp,no.video,244,942,8,0.006791171477079796
no.alt.mat,no.folklore.generelt,1286,49,9,0.006787330316742082
no.folklore.generelt,no.unix,49,1435,10,0.0067842605156037995
no.mac,no.pressemeldinger.diskusjon,2742,79,19,0.006780870806566738
no.alt.tegneserier,no.spill.sjakk,1043,145,8,0.006779661016949152
no.biz.diskusjoner,no.sport.volleyball,431,164,4,0.00676818950930626
no.alt.gledesutbrudd,no.it.os.os2,1753,331,14,0.00676328502415459
no.biz,no.religion,55,1583,11,0.006760909649661954
no.alt.mat,no.velkommen,1286,55,9,0.006756756756756757
no.alt.pompelog,no.reiser,143,1050,8,0.006751054852320675
no.bolig,no.org.dnd,978,66,7,0.006750241080038573
no.marked.data,no.sources.wanted,7987,218,55,0.006748466257668712
no.marked.data,no.tex,7987,218,55,0.006748466257668712
no.biz,no.eunet.hjelp,55,244,2,0.006734006734006734
no.alt.pompelog,no.it.diverse,143,605,5,0.006729475100942127
no.media,no.sport.volleyball,734,164,6,0.006726457399103139
no.alt.flame,no.prat.aksjer,2514,480,20,0.006724949562878279
no.mail.diverse,no.velkommen,993,55,7,0.0067243035542747355
no.marked.jobb,no.org.dnd,2181,66,15,0.006720430107526882
no.alt.pompelog,no.alt.troll,143,7,1,0.006711409395973154
no.biz,no.kultur.fritid.friluftsliv,55,95,1,0.006711409395973154
no.medisin,no.sport.volleyball,1038,164,8,0.006700167504187605
no.mswindow,no.norsk.fagord,358,243,4,0.006700167504187605
no.eunet.drift,no.marked,135,8430,57,0.006699576868829337
no.musikk.klassisk,no.test,229,6386,44,0.006696088875361436
no.alt.motorsykler,no.tungregning,1688,118,12,0.006688963210702341
no.pressemeldinger,no.tungregning,334,118,3,0.0066815144766146995
no.biz.nettilbydere,no.uninett.katalog,686,68,5,0.006675567423230975
no.uninett.katalog,no.vitser,68,3555,24,0.0066685190330647405
no.marked.data,no.vr,7987,166,54,0.006667489813557229
no.alt.irctreff,no.uninett.skole,82,522,4,0.006666666666666667
no.marked.bil,no.org.nobug.diverse,1423,90,10,0.00665335994677312
no.alt.radio-tv.irma-1000,no.spill.sjakk,309,145,3,0.0066518847006651885
no.alt.diskusjoner,no.velkommen,2367,55,16,0.006650041562759767
no.sport.fotball,no.standard,629,129,5,0.006640106241699867
no.folklore.overtro,no.sport.fotball,130,629,5,0.006631299734748011
no.pc,no.uninett.drift,7028,112,47,0.006626251233610602
no.biz.annonser.data,no.uninett.hjelp,1548,124,11,0.006622516556291391
no.kultur.fritid.friluftsliv,no.stortinget,95,665,5,0.006622516556291391
no.radio-tv,no.velkommen,2075,55,14,0.006616257088846881
no.org.efn.diskusjon,no.svar,446,12,3,0.006593406593406593
no.irc,no.velkommen,1472,55,10,0.0065919578114700065
no.alt.flame,no.alt.irctreff,2514,82,17,0.006591702210158977
no.org.dnd,no.www,66,3452,23,0.006580829756795422
no.mswindow,no.sources.list,358,101,3,0.006578947368421052
no.alt.amiga,no.prat.seksualitet,343,883,8,0.006568144499178982
no.mswindow,no.student.samfund,358,255,4,0.006568144499178982
no.alt.irc-treff,no.sport.volleyball,296,164,3,0.006564551422319475
no.folklore.generelt,no.linux,49,3019,20,0.006561679790026247
no.it.os.os2,no.reiser,331,1050,9,0.006559766763848397
no.org.efn.diskusjon,no.sport.fotball,446,629,7,0.006554307116104869
no.slekt.etterlysning,no.sport.orientering,1240,143,9,0.006550218340611353
no.it.diverse,no.sport.volleyball,605,164,5,0.006544502617801047
no.alt.gullkorn,no.x,7,301,2,0.006535947712418301
no.marked.bil,no.tungregning,1423,118,10,0.006531678641410843
no.kultur.fritid.friluftsliv,no.www,95,3452,23,0.0065266742338251985
no.it.diverse,no.svar,605,12,4,0.0065252854812398045
no.alt.troll,no.lisp,7,302,2,0.006514657980456026
no.embnet,no.mswindow,260,358,4,0.006514657980456026
no.kultur.fritid.friluftsliv,no.radio-tv,95,2075,14,0.006493506493506494
no.radio_tv,no.uninett.fik,583,37,4,0.006493506493506494
no.kultur.fritid.friluftsliv,no.prat.narkotika,95,526,4,0.006482982171799027
no.biz.annonser,no.eunet.drift,2197,135,15,0.006473888649115235
no.spill.sjakk,no.vr,145,166,2,0.006472491909385114
no.biz.annonser.data,no.sport.volleyball,1548,164,11,0.006466784244562022
no.alt.flame,no.eunet.drift,2514,135,17,0.006458966565349544
no.alt.radio_tv.irma1000,no.medisin,209,1038,8,0.00645682001614205
no.medisin,no.velkommen,1038,55,7,0.006445672191528545
no.alt.flame,no.eunet.diverse,2514,141,17,0.006444275966641395
no.alt.irctreff,no.musikk,82,3667,24,0.006442953020134228
no.alt.katter,no.sport.volleyball,774,164,6,0.006437768240343348
no.alt.pompelog,no.prat.ufo,143,327,3,0.006423982869379015
no.alt.frustrasjoner,no.kultur.fritid.friluftsliv,3039,95,20,0.006422607578676943
no.hobby.diverse,no.uninett.hjelp,817,124,6,0.006417112299465241
no.alt.frustrasjoner,no.sources.list,3039,101,20,0.00641025641025641
no.lisp,no.svar,302,12,2,0.00641025641025641
no.spill.sjakk,no.svar,145,12,1,0.00641025641025641
no.org.dnd,no.skole.diverse,66,563,4,0.0064
no.biz,no.telepost,55,417,3,0.006396588486140725
no.alt.radio_tv.irma1000,no.reiser,209,1050,8,0.006394884092725819
no.media,no.velkommen,734,55,5,0.006377551020408163
no.biz,no.reiser,55,1050,7,0.006375227686703097
no.alt.radio-tv.irma-1000,no.alt.troll,309,7,2,0.006369426751592357
no.kultur.fritid.friluftsliv,no.news.drift,95,379,3,0.006369426751592357
no.org.dnd,no.prat.seksualitet,66,883,6,0.006362672322375398
no.linux,no.spill.sjakk,3019,145,20,0.006361323155216285
no.marked,no.standard,8430,129,54,0.006349206349206349
no.eunet.drift,no.hobby.diverse,135,817,6,0.006342494714587738
no.audio,no.folklore.generelt,2492,49,16,0.006336633663366337
no.alt.irctreff,no.sport.diverse,82,1507,10,0.006333122229259025
no.org.isoc-no,no.radio_tv,53,583,4,0.006329113924050633
no.sport.fotball,no.vr,629,166,5,0.006329113924050633
no.amiga,no.folklore.generelt,1543,49,10,0.006321112515802781
no.folklore.generelt,no.marked.jobb,49,2181,14,0.00631768953068592
no.org.isoc-no,no.www,53,3452,22,0.006316393913293138
no.alt.fan.de-lillos,no.alt.pompelog,176,143,2,0.006309148264984227
no.marked.bolig,no.org.dnd,892,66,6,0.0063025210084033615
no.radio-tv,no.sport.volleyball,2075,164,14,0.006292134831460674
no.lisp,no.org.decus,302,18,2,0.006289308176100629
no.bil,no.org.nobug.diverse,2153,90,14,0.006280843427545985
no.alt.mat.drikke,no.sport.orientering,659,143,5,0.006273525721455458
no.general,no.spill.sjakk,7075,145,45,0.0062717770034843206
no.alt.irctreff,no.pressemeldinger.diskusjon,82,79,1,0.00625
no.eunet.hjelp,no.prat.seksualitet,244,883,7,0.00625
no.org.nobug.diverse,no.www,90,3452,22,0.00625
no.eunet.diverse,no.sykkel,141,1148,8,0.00624512099921936
no.folklore.generelt,no.slekt.etterlysning,49,1240,8,0.00624512099921936
no.c,no.kultur.fritid.friluftsliv,1036,95,7,0.006227758007117438
no.sport.orientering,no.stortinget,143,665,5,0.0062266500622665
no.svar,no.vit.diverse,12,473,3,0.006224066390041493
no.biz.annonser,no.uninett.katalog,2197,68,14,0.006219458018658374
no.biz.diskusjoner,no.velkommen,431,55,3,0.006211180124223602
no.eunet.hjelp,no.norsk.fagord,244,243,3,0.006198347107438017
no.mswindow,no.video,358,942,8,0.006191950464396285
no.test,no.tungregning,6386,118,40,0.006188118811881188
no.alt.flame,no.org.nobug.diverse,2514,90,16,0.0061823802163833074
no.alt.radio_tv.irma1000,no.typografi,209,280,3,0.006172839506172839
no.it.emacs,no.kultur.fritid.friluftsliv,394,95,3,0.006172839506172839
no.org.dnd,no.slekt.etterlysning,66,1240,8,0.0061633281972265025
no.amiga,no.org.nobug.diverse,1543,90,10,0.0061614294516327784
no.musikk,no.org.nobug.diverse,3667,90,23,0.006159614354579539
no.folklore.generelt,no.radio-tv,49,2075,13,0.006158218853623875
no.prat.ufo,no.sport.volleyball,327,164,3,0.006147540983606557
no.musikk,no.sources.list,3667,101,23,0.006141522029372497
no.kultur.fritid.friluftsliv,no.net,95,1216,8,0.0061396776669224865
no.nuug,no.sport.volleyball,164,164,2,0.006134969325153374
no.prat.aksjer,no.svar,480,12,3,0.006134969325153374
no.alt.diskusjoner,no.kultur.fritid.friluftsliv,2367,95,15,0.006129955046996322
no.biz.annonser,no.sources.list,2197,101,14,0.006129597197898424
no.amiga,no.sources.list,1543,101,10,0.006119951040391677
no.alt.flame,no.tungregning,2514,118,16,0.0061162079510703364
no.biz,no.elektronikk,55,2250,14,0.006110868616324749
no.kultur.fritid.friluftsliv,no.perl,95,564,4,0.0061068702290076335
no.alt.pompelog,no.marked,143,8430,52,0.006102570120877831
no.biz.annonser.data,no.sources.list,1548,101,10,0.006101281269066504
no.norsk.fagord,no.radio_tv,243,583,5,0.0060901339829476245
no.eunet.drift,no.prat.narkotika,135,526,4,0.0060882800608828
no.eunet.drift,no.musikk,135,3667,23,0.006086266207991532
no.ef,no.kultur.fritid.friluftsliv,567,95,4,0.0060790273556231
no.org.nobug.diverse,no.vitser,90,3555,22,0.006072315760419542
no.alt.sjokolade,no.alt.troll,656,7,4,0.006069802731411229
no.alt.katter,no.biz,774,55,5,0.006067961165048544
no.nuug,no.org.efn.nyheter,164,2,1,0.006060606060606061
no.org.dnd,no.tele,66,2097,13,0.0060465116279069765
no.alt.mat.drikke,no.alt.troll,659,7,4,0.006042296072507553
no.mac,no.org.nobug.diverse,2742,90,17,0.006039076376554174
no.test,no.uninett.drift,6386,112,39,0.006038086391082211
no.eunet.hjelp,no.marked.bil,244,1423,10,0.006035003017501509
no.kultur.fritid.friluftsliv,no.slekt.etterlysning,95,1240,8,0.006028636021100226
no.biz,no.uninett.drift,55,112,1,0.006024096385542169
no.org.efn.diskusjon,no.velkommen,446,55,3,0.006024096385542169
no.prat.narkotika,no.sport.orientering,526,143,4,0.006015037593984963
no.kryptografi,no.sport.orientering,359,143,3,0.006012024048096192
no.radio_tv,no.slekt.programmer,583,589,7,0.006008583690987125
no.mail.diverse,no.svar,993,12,6,0.006006006006006006
no.it.os.os2,no.test,331,6386,40,0.0059907143926913285
no.alt.troll,no.stortinget,7,665,4,0.005988023952095809
no.org.efn.nyheter,no.vr,2,166,1,0.005988023952095809
no.biz,no.norsk,55,1962,12,0.0059850374064837905
no.norsk,no.velkommen,1962,55,12,0.0059850374064837905
no.alt.motorsykler,no.vr,1688,166,11,0.005968529571351058
no.kultur.fritid.friluftsliv,no.tele,95,2097,13,0.005966039467645709
no.skole.diverse,no.uninett.drift,563,112,4,0.005961251862891207
no.student.nett,no.velkommen,452,55,3,0.005952380952380952
no.marked.bil,no.sources.list,1423,101,9,0.005940594059405941
no.sport.fotball,no.tex,629,218,5,0.0059382422802850355
no.alkohol,no.sport.volleyball,1192,164,8,0.005934718100890208
no.folklore.generelt,no.sport.fotball,49,629,4,0.005934718100890208
no.marked,no.tex,8430,218,51,0.005932301965802024
no.folklore.edb,no.sport.fotball,219,629,5,0.005931198102016607
no.alt.radio_tv.irma1000,no.vit.diverse,209,473,4,0.0058997050147492625
no.alt.troll,no.pressemeldinger,7,334,2,0.0058997050147492625
no.alt.irctreff,no.mail.drift,82,430,3,0.005893909626719057
no.slekt.etterlysning,no.x,1240,301,9,0.00587467362924282
no.marked.jobb,no.org.isoc-no,2181,53,13,0.00585321927059883
no.alt.frustrasjoner,no.velkommen,3039,55,18,0.005851755526657998
no.alt.irctreff,no.uninett.diverse,82,262,2,0.005847953216374269
no.biz,no.marked.jobb,55,2181,13,0.005847953216374269
no.eunet.drift,no.uninett.fik,135,37,1,0.005847953216374269
no.kultur.fritid.friluftsliv,no.tegnsett,95,249,2,0.005847953216374269
no.norsk.fagord,no.sources.list,243,101,2,0.005847953216374269
no.alt.flame,no.uninett.katalog,2514,68,15,0.00584339696143358
no.marked.bil,no.standard,1423,129,9,0.005832793259883344
no.alt.frustrasjoner,no.org.dnd,3039,66,18,0.0058309037900874635
no.net,no.sport.volleyball,1216,164,8,0.0058309037900874635
no.religion,no.sport.orientering,1583,143,10,0.005827505827505828
no.spill.rollespill,no.telepost,447,417,5,0.005820721769499418
no.alt.gullkorn,no.vr,7,166,1,0.005813953488372093
no.tungregning,no.velkommen,118,55,1,0.005813953488372093
no.radio_tv,no.sport.fotball,583,629,7,0.005809128630705394
no.biz,no.ms-windows,55,3235,19,0.005808621216753286
no.alt.irctreff,no.vitser,82,3555,21,0.005807522123893806
no.musikk,no.spill.sjakk,3667,145,22,0.005804749340369393
no.biz,no.sport.diverse,55,1507,9,0.005795235028976175
no.marked.diskusjon,no.pressemeldinger,187,334,3,0.005791505791505791
no.alt.fan.de-lillos,no.marked.data,176,7987,47,0.005791030064070971
no.alt.katter,no.kultur.fritid.friluftsliv,774,95,5,0.005787037037037037
no.kultur.fritid.friluftsliv,no.pressemeldinger.diskusjon,95,79,1,0.005780346820809248
no.sport.fotball,no.uninett.katalog,629,68,4,0.005772005772005772
no.marked,no.uninett.drift,8430,112,49,0.005769457200047097
no.alt.radio_tv.irma1000,no.marked.data,209,7987,47,0.005767578844029942
no.biz.nettilbydere,no.svar,686,12,4,0.005763688760806916
no.it.os.os2,no.org.decus,331,18,2,0.005763688760806916
no.mswindow,no.vr,358,166,3,0.005758157389635317
no.pc,no.spill.sjakk,7028,145,41,0.005748738081884464
no.biz.diskusjoner,no.kultur.fritid.friluftsliv,431,95,3,0.0057361376673040155
no.velkommen,no.www,55,3452,20,0.005735589331803843
no.mac,no.org.dnd,2742,66,16,0.0057306590257879654
no.stortinget,no.uninett.fik,665,37,4,0.0057306590257879654
no.alt.irctreff,no.sykkel,82,1148,7,0.005723630417007359
no.eunet.drift,no.vitser,135,3555,21,0.005723630417007359
no.uninett.katalog,no.www,68,3452,20,0.005714285714285714
no.biz,no.litteratur,55,1532,9,0.005703422053231939
no.folklore.generelt,no.prat.aksjer,49,480,3,0.005703422053231939
no.folklore.overtro,no.marked.data,130,7987,46,0.005699417668194771
no.it.diverse,no.sources.list,605,101,4,0.005698005698005698
no.hobby.diverse,no.org.dnd,817,66,5,0.0056947608200455585
no.mswindow,no.prat.narkotika,358,526,5,0.005688282138794084
no.eunet.hjelp,no.hobby.diverse,244,817,6,0.005687203791469194
no.norsk,no.sport.volleyball,1962,164,12,0.005676442762535478
no.ef,no.sport.orientering,567,143,4,0.0056657223796034
no.embnet,no.kultur.fritid.friluftsliv,260,95,2,0.0056657223796034
no.amiga,no.biz,1543,55,9,0.005663939584644431
no.eunet.diverse,no.uninett.fik,141,37,1,0.005649717514124294
no.svar,no.vr,12,166,1,0.005649717514124294
no.musikk,no.pressemeldinger.diskusjon,3667,79,21,0.005637583892617449
no.alt.mat.drikke,no.velkommen,659,55,4,0.005633802816901409
no.amiga,no.org.dnd,1543,66,9,0.005625
no.alt.amiga,no.ms-windows,343,3235,20,0.005621135469364812
no.alt.radio_tv.irma1000,no.biz.nettilbydere,209,686,5,0.0056179775280898875
no.uninett.hjelp,no.velkommen,124,55,1,0.0056179775280898875
no.eunet.hjelp,no.vit.diverse,244,473,4,0.005610098176718092
no.biz,no.tele,55,2097,12,0.005607476635514018
no.tele,no.velkommen,2097,55,12,0.005607476635514018
no.eunet.diverse,no.tex,141,218,2,0.0056022408963585435
no.general,no.tungregning,7075,118,40,0.005592059275828324
no.general,no.uninett.hjelp,7075,124,40,0.0055873725380639755
no.havforskning,no.sport.orientering,397,143,3,0.00558659217877095
no.amiga,no.pressemeldinger.diskusjon,1543,79,9,0.005579665220086794
no.sport.orientering,no.tex,143,218,2,0.005571030640668524
no.havforskning,no.spill.sjakk,397,145,3,0.0055658627087198514
no.alt.diskusjoner,no.sport.volleyball,2367,164,14,0.0055621771950735005
no.alt.gledesutbrudd,no.biz,1753,55,10,0.0055617352614015575
no.folklore.edb,no.sport.orientering,219,143,2,0.005555555555555556
no.kultur.fritid.friluftsliv,no.sport.fotball,95,629,4,0.005555555555555556
no.eunet.drift,no.test,135,6386,36,0.005551272166538165
no.alt.amiga,no.slekt,343,1836,12,0.0055376095985233045
no.psykologi,no.sport.orientering,584,143,4,0.005532503457814661
no.audio,no.org.isoc-no,2492,53,14,0.005531410509679968
no.kjemi,no.sport.volleyball,745,164,5,0.0055309734513274336
no.org.dnd,no.prat.aksjer,66,480,3,0.0055248618784530384
no.perl,no.sport.volleyball,564,164,4,0.0055248618784530384
no.religion,no.velkommen,1583,55,9,0.0055248618784530384
no.eunet.diverse,no.slekt.programmer,141,589,4,0.005509641873278237
no.marked.data,no.musikk.klassisk,7987,229,45,0.005507281850446702
no.pc,no.sources.list,7028,101,39,0.005500705218617771
no.alt.fan.de-lillos,no.slekt,176,1836,11,0.005497251374312844
no.alt.fan.de-lillos,no.alt.gullkorn,176,7,1,0.005494505494505495
no.alt.tegneserier,no.biz,1043,55,6,0.005494505494505495
no.alt.tegneserier,no.velkommen,1043,55,6,0.005494505494505495
no.alt.config,no.sport.orientering,407,143,3,0.005484460694698354
no.alt.flame,no.biz,2514,55,14,0.005479452054794521
no.audio,no.org.nobug.diverse,2492,90,14,0.005451713395638629
no.prat.politikk,no.sport.orientering,1150,143,7,0.005443234836702955
no.ms-windows,no.org.nobug.diverse,3235,90,18,0.005442999697611128
no.eunet.diverse,no.musikk.klassisk,141,229,2,0.005434782608695652
no.eunet.drift,no.it.diverse,135,605,4,0.005434782608695652
no.folklore.overtro,no.velkommen,130,55,1,0.005434782608695652
no.it.os.os2,no.vitser,331,3555,21,0.0054333764553686935
no.sport.fotball,no.x,629,301,5,0.005405405405405406
no.test,no.uninett.hjelp,6386,124,35,0.005405405405405406
no.alt.amiga,no.slekt.programmer,343,589,5,0.005393743257820928
no.it.diverse,no.sport.orientering,605,143,4,0.005376344086021506
no.sources.list,no.www,101,3452,19,0.005376344086021506
no.alt.amiga,no.folklore.edb,343,219,3,0.005366726296958855
no.alt.radio_tv.irma1000,no.vr,209,166,2,0.005361930294906166
no.biz.annonser,no.org.isoc-no,2197,53,12,0.005361930294906166
no.kultur.fritid.friluftsliv,no.typografi,95,280,2,0.005361930294906166
no.amiga,no.spill.sjakk,1543,145,9,0.005360333531864205
no.biz.annonser.data,no.eunet.diverse,1548,141,9,0.005357142857142857
no.ms-windows,no.sport.orientering,3235,143,18,0.005357142857142857
no.eunet.drift,no.org.isoc-no,135,53,1,0.0053475935828877
no.kryptografi,no.org.decus,359,18,2,0.005333333333333333
no.alt.irctreff,no.marked.jobb,82,2181,12,0.0053309640159928924
no.eunet.drift,no.marked.data,135,7987,43,0.0053224408961505135
no.org.isoc-no,no.slekt,53,1836,10,0.005321979776476849
no.eunet.hjelp,no.marked.bolig,244,892,6,0.005309734513274336
no.mail.diverse,no.sport.orientering,993,143,6,0.005309734513274336
no.film,no.org.dnd,2587,66,14,0.005305039787798408
no.news.diverse,no.svar,1892,12,10,0.005279831045406547
no.kultur.fritid.friluftsliv,no.reiser,95,1050,6,0.0052677787532923615
no.multimedia,no.spill.sjakk,1383,145,8,0.005263157894736842
no.alt.radio_tv.irma1000,no.ms-windows,209,3235,18,0.005253940455341506
no.sources.list,no.vit.diverse,101,473,3,0.005253940455341506
no.folklore.generelt,no.pressemeldinger,49,334,2,0.005249343832020997
no.standard,no.test,129,6386,34,0.005246103996296868
no.kultur.fritid.friluftsliv,no.prat.aksjer,95,480,3,0.005244755244755245
no.alt.radio_tv.irma1000,no.video,209,942,6,0.005240174672489083
no.it.os.os2,no.org.isoc-no,331,53,2,0.005235602094240838
no.alt.irctreff,no.spill,82,2992,16,0.005232177894048398
no.biz,no.linux,55,3019,16,0.005232177894048398
no.alt.troll,no.news.drift,7,379,2,0.005208333333333333
no.elektronikk,no.org.dnd,2250,66,12,0.005208333333333333
no.alt.mat,no.org.dnd,1286,66,7,0.0052044609665427505
no.alt.motorsykler,no.biz,1688,55,9,0.005190311418685121
no.alt.flame,no.slekt.programmer,2514,589,16,0.0051830255911888565
no.alt.irctreff,no.uninett.drift,82,112,1,0.0051813471502590676
no.religion,no.sport.volleyball,1583,164,9,0.005178365937859608
no.folklore.generelt,no.www,49,3452,18,0.00516795865633075
no.alt.katter,no.alt.troll,774,7,4,0.005148005148005148
no.alt.amiga,no.norsk.fagord,343,243,3,0.005145797598627788
no.kultur.fritid.friluftsliv,no.sources.list,95,101,1,0.005128205128205128
no.biz.annonser.data,no.telepost,1548,417,10,0.005115089514066497
no.biz.annonser,no.sport.volleyball,2197,164,12,0.005108556832694764
no.medisin,no.sport.orientering,1038,143,6,0.005106382978723404
no.it.os.os2,no.slekt,331,1836,11,0.00510204081632653
no.alt.amiga,no.medisin,343,1038,7,0.005094614264919942
no.pc,no.pressemeldinger.diskusjon,7028,79,36,0.005091217649554518
no.alt.amiga,no.spill.rollespill,343,447,4,0.005089058524173028
no.alt.tegneserier,no.sport.orientering,1043,143,6,0.005084745762711864
no.bibsys,no.mswindow,235,358,3,0.005084745762711864
no.alt.amiga,no.test,343,6386,34,0.005078416728902166
no.marked.data,no.standard,7987,129,41,0.005077399380804953
no.alt.amiga,no.org.isoc-no,343,53,2,0.005076142131979695
no.sport.orientering,no.student.nett,143,452,3,0.005067567567567568
no.ai,no.sport.orientering,254,143,2,0.005063291139240506
no.kultur.fritid.friluftsliv,no.lisp,95,302,2,0.005063291139240506
no.alt.amiga,no.student.nett,343,452,4,0.0050568900126422255
no.linux,no.sport.volleyball,3019,164,16,0.0050520997789706345
no.alt.amiga,no.biz,343,55,2,0.005050505050505051
no.sport.orientering,no.student.samfund,143,255,2,0.005050505050505051
no.general,no.sources.list,7075,101,36,0.005042016806722689
no.biz,no.video,55,942,5,0.005040322580645161
no.mac,no.org.isoc-no,2742,53,14,0.005034160373966199
no.alt.sjokolade,no.sport.orientering,656,143,4,0.005031446540880503
no.ms-windows,no.sport.volleyball,3235,164,17,0.005026611472501478
no.spill.sjakk,no.velkommen,145,55,1,0.005025125628140704
no.alt.gullkorn,no.it.emacs,7,394,2,0.005012531328320802
no.alt.radio_tv.irma1000,no.it.emacs,209,394,3,0.005
no.nuug,no.uninett.fik,164,37,1,0.005
no.radio-tv,no.sport.orientering,2075,143,11,0.004984141368373357
no.eunet.hjelp,no.skole.diverse,244,563,4,0.0049813200498132005
no.musikk.gitar,no.org.dnd,1148,66,6,0.004966887417218543
no.marked.data,no.uninett.drift,7987,112,40,0.004963394962154114
no.sport.orientering,no.uninett.diverse,143,262,2,0.004962779156327543
no.alt.irctreff,no.prat.narkotika,82,526,3,0.0049586776859504135
no.folklore.generelt,no.spill,49,2992,15,0.00495703899537343
no.it.emacs,no.svar,394,12,2,0.0049504950495049506
no.film,no.org.isoc-no,2587,53,13,0.0049486105824134
no.alt.flame,no.it.os.os2,2514,331,14,0.004945249028611798
no.norsk.fagord,no.sport.volleyball,243,164,2,0.0049382716049382715
no.eunet.drift,no.prat.seksualitet,135,883,5,0.004935834155972359
no.spill.rollespill,no.sport.volleyball,447,164,3,0.004934210526315789
no.marked.diskusjon,no.slekt.etterlysning,187,1240,7,0.004929577464788733
no.pressemeldinger.diskusjon,no.video,79,942,5,0.004921259842519685
no.irc,no.sport.volleyball,1472,164,8,0.004914004914004914
no.alt.flame,no.spill.sjakk,2514,145,13,0.0049130763416477706
no.general,no.org.nobug.diverse,7075,90,35,0.004908835904628331
no.marked.diskusjon,no.org.decus,187,18,1,0.004901960784313725
no.multimedia,no.velkommen,1383,55,7,0.004891684136967156
no.mswindow,no.org.isoc-no,358,53,2,0.004889975550122249
no.hobby.diverse,no.telepost,817,417,6,0.004885993485342019
no.kultur.fritid.friluftsliv,no.norsk,95,1962,10,0.004885197850512946
no.alt.arkiv,no.alt.troll,199,7,1,0.004878048780487805
no.it.emacs,no.org.decus,394,18,2,0.004878048780487805
no.radio_tv,no.spill.rollespill,583,447,5,0.004878048780487805
no.alt.frustrasjoner,no.org.isoc-no,3039,53,15,0.004874878128046799
no.ms-windows,no.org.dnd,3235,66,16,0.004870624048706241
no.perl,no.velkommen,564,55,3,0.00487012987012987
no.biz,no.mswindow,55,358,2,0.004866180048661801
no.eunet.diverse,no.marked.bolig,141,892,5,0.0048638132295719845
no.svar,no.unix,12,1435,7,0.004861111111111111
no.alt.config,no.alt.gullkorn,407,7,2,0.0048543689320388345
no.alt.pompelog,no.marked.bolig,143,892,5,0.0048543689320388345
no.eunet.diverse,no.org.dnd,141,66,1,0.0048543689320388345
no.kryptografi,no.velkommen,359,55,2,0.0048543689320388345
no.marked.bolig,no.sport.orientering,892,143,5,0.0048543689320388345
no.alt.katter,no.velkommen,774,55,4,0.0048484848484848485
no.ef,no.velkommen,567,55,3,0.004846526655896607
no.alt.god.jul,no.velkommen,570,55,3,0.00482315112540193
no.marked,no.tungregning,8430,118,41,0.004819560362054778
no.alt.pompelog,no.bil,143,2153,11,0.004814004376367615
no.ai,no.sport.volleyball,254,164,2,0.004807692307692308
no.alt.pompelog,no.org.dnd,143,66,1,0.004807692307692308
no.litteratur,no.sport.orientering,1532,143,8,0.004799040191961607
no.musikk.klassisk,no.slekt.etterlysning,229,1240,7,0.0047879616963064295
no.alt.tegneserier,no.alt.troll,1043,7,5,0.004784688995215311
no.folklore.generelt,no.marked.bil,49,1423,7,0.00477815699658703
no.bil,no.sport.volleyball,2153,164,11,0.004770164787510842
no.alt.irctreff,no.standard,82,129,1,0.004761904761904762
no.eunet.diverse,no.ms-windows,141,3235,16,0.004761904761904762
no.sport.orientering,no.uninett.katalog,143,68,1,0.004761904761904762
no.alt.pompelog,no.ms-windows,143,3235,16,0.004759071980963712
no.sport.orientering,no.typografi,143,280,2,0.004750593824228029
no.film,no.sport.volleyball,2587,164,13,0.004747991234477721
no.alt.pompel-og-pilt,no.kultur.fritid.friluftsliv,329,95,2,0.004739336492890996
no.mswindow,no.org.dnd,358,66,2,0.004739336492890996
no.org.isoc-no,no.vitser,53,3555,17,0.004734057365636313
no.alt.config,no.org.decus,407,18,2,0.004728132387706856
no.biz,no.radio-tv,55,2075,10,0.0047169811320754715
no.folklore.generelt,no.sport.volleyball,49,164,1,0.0047169811320754715
no.mswindow,no.uninett.katalog,358,68,2,0.0047169811320754715
no.biz.annonser.data,no.radio_tv,1548,583,10,0.004714757190004715
no.alt.amiga,no.prat.politikk,343,1150,7,0.004710632570659489
no.alt.radio_tv.irma1000,no.tex,209,218,2,0.004705882352941176
no.alt.flame,no.org.isoc-no,2514,53,12,0.004696673189823875
no.audio,no.pressemeldinger.diskusjon,2492,79,12,0.004689331770222743
no.alkohol,no.kultur.fritid.friluftsliv,1192,95,6,0.00468384074941452
no.svar,no.telepost,12,417,2,0.00468384074941452
no.marked.bil,no.pressemeldinger.diskusjon,1423,79,7,0.0046822742474916385
no.folklore.generelt,no.mac,49,2742,13,0.004679625629949604
no.eunet.hjelp,no.marked.diskusjon,244,187,2,0.004662004662004662
no.kultur.fritid.friluftsliv,no.marked.bil,95,1423,7,0.004632693580410324
no.alt.arkiv,no.org.decus,199,18,1,0.004629629629629629
no.alt.pompelog,no.video,143,942,5,0.004629629629629629
no.alt.motorsykler,no.folklore.generelt,1688,49,8,0.004626951995373048
no.spill.sjakk,no.video,145,942,5,0.0046210720887245845
no.hobby.diverse,no.org.isoc-no,817,53,4,0.004618937644341801
no.pressemeldinger,no.sources.list,334,101,2,0.004618937644341801
no.org.nobug.diverse,no.skole.diverse,90,563,3,0.004615384615384616
no.elektronikk,no.spill.sjakk,2250,145,11,0.004614093959731544
no.hobby.diverse,no.velkommen,817,55,4,0.004608294930875576
no.alt.radio_tv.irma1000,no.biz.annonser,209,2197,11,0.004592901878914405
no.alt.troll,no.biz.diskusjoner,7,431,2,0.0045871559633027525
no.media,no.sport.orientering,734,143,4,0.004581901489117984
no.marked,no.uninett.hjelp,8430,124,39,0.004580152671755725
no.org.efn.nyheter,no.sources.wanted,2,218,1,0.0045662100456621
no.alt.radio_tv.irma1000,no.marked.bolig,209,892,5,0.004562043795620438
no.ms-windows,no.uninett.katalog,3235,68,15,0.004562043795620438
no.alt.radio_tv.irma1000,no.svar,209,12,1,0.004545454545454545
no.biz,no.vr,55,166,1,0.004545454545454545
no.sport.volleyball,no.video,164,942,5,0.004541326067211626
no.it.os.os2,no.pressemeldinger,331,334,3,0.004531722054380665
no.folklore.overtro,no.marked.bil,130,1423,7,0.004527813712807244
no.alt.radio_tv.irma1000,no.bibsys,209,235,2,0.004524886877828055
no.kjemi,no.sport.orientering,745,143,4,0.004524886877828055
no.slekt,no.sport.volleyball,1836,164,9,0.0045203415369161224
no.eunet.diverse,no.prat.narkotika,141,526,3,0.004518072289156626
no.ms-windows,no.sources.list,3235,101,15,0.004516711833785004
no.org.nobug.diverse,no.pc,90,7028,32,0.004515946937623483
no.alkohol,no.sport.orientering,1192,143,6,0.004514672686230248
no.marked.bil,no.radio_tv,1423,583,9,0.004506760140210316
no.alt.amiga,no.prat.ufo,343,327,3,0.004497751124437781
no.eunet.diverse,no.marked.bil,141,1423,7,0.00449582530507386
no.alt.mat.drikke,no.svar,659,12,3,0.004491017964071856
no.irc,no.kultur.fritid.friluftsliv,1472,95,7,0.004487179487179487
no.marked,no.pressemeldinger.diskusjon,8430,79,38,0.004485893046865777
no.alt.irctreff,no.medisin,82,1038,5,0.004484304932735426
no.biz.annonser.data,no.eunet.hjelp,1548,244,8,0.004484304932735426
no.marked.bil,no.spill.sjakk,1423,145,7,0.004484304932735426
no.general,no.kultur.fritid.friluftsliv,7075,95,32,0.004483048472961614
no.bil,no.kultur.fritid.friluftsliv,2153,95,10,0.004468275245755138
no.pressemeldinger,no.slekt.etterlysning,334,1240,7,0.004467134652201659
no.folklore.generelt,no.vitser,49,3555,16,0.004459308807134894
no.stortinget,no.svar,665,12,3,0.004451038575667656
no.alt.radio-tv.irma-1000,no.sport.orientering,309,143,2,0.0044444444444444444
no.alt.troll,no.folklore.edb,7,219,1,0.0044444444444444444
no.havforskning,no.velkommen,397,55,2,0.0044444444444444444
no.alt.fan.de-lillos,no.test,176,6386,29,0.004439001989897444
no.org.dnd,no.vitser,66,3555,16,0.004438280166435506
no.alt.irctreff,no.reiser,82,1050,5,0.0044365572315882874
no.alt.amiga,no.skole.diverse,343,563,4,0.004434589800443459
no.alt.troll,no.org.efn.diskusjon,7,446,2,0.004434589800443459
no.kultur.fritid.friluftsliv,no.medisin,95,1038,5,0.004432624113475178
no.litteratur,no.velkommen,1532,55,7,0.004430379746835443
no.kryptografi,no.kultur.fritid.friluftsliv,359,95,2,0.004424778761061947
no.alt.tegneserier,no.kultur.fritid.friluftsliv,1043,95,5,0.00441306266548985
no.bil,no.eunet.drift,2153,135,10,0.004389815627743635
no.skole.diverse,no.uninett.hjelp,563,124,3,0.0043859649122807015
no.alt.irctreff,no.pc,82,7028,31,0.004379149597400763
no.alt.troll,no.student.nett,7,452,2,0.00437636761487965
no.it.os.os2,no.mswindow,331,358,3,0.004373177842565598
no.eunet.drift,no.kultur.fritid.friluftsliv,135,95,1,0.004366812227074236
no.marked,no.sources.list,8430,101,37,0.004356016011302095
no.alt.fan.de-lillos,no.velkommen,176,55,1,0.004347826086956522
no.alt.troll,no.prat.politikk,7,1150,5,0.004340277777777778
no.kultur.fritid.friluftsliv,no.litteratur,95,1532,7,0.004320987654320987
no.sport.volleyball,no.vitser,164,3555,16,0.004320820955981636
no.multimedia,no.svar,1383,12,6,0.004319654427645789
no.musikk,no.org.isoc-no,3667,53,16,0.004319654427645789
no.sport.volleyball,no.x,164,301,2,0.004319654427645789
no.audio,no.org.dnd,2492,66,11,0.0043188064389477815
no.biz,no.musikk,55,3667,16,0.004317323259579061
no.alt.pompelog,no.org.nobug.diverse,143,90,1,0.004310344827586207
no.org.nobug.diverse,no.sport.orientering,90,143,1,0.004310344827586207
no.biz,no.mac,55,2742,12,0.004308797127468581
no.eunet.diverse,no.test,141,6386,28,0.004308355131558701
no.alt.radio_tv.irma1000,no.marked.bil,209,1423,7,0.0043076923076923075
no.musikk.gitar,no.org.decus,1148,18,5,0.004306632213608958
no.alt.pompelog,no.biz.annonser,143,2197,10,0.004291845493562232
no.org.isoc-no,no.spill,53,2992,13,0.004287598944591029
no.biz,no.spill,55,2992,13,0.0042847725774555045
no.eunet.diverse,no.skole.diverse,141,563,3,0.0042796005706134095
no.biz.annonser.data,no.kultur.fritid.friluftsliv,1548,95,7,0.004278728606356968
no.ms-windows,no.org.isoc-no,3235,53,14,0.004276114844227245
no.prat.ufo,no.sport.orientering,327,143,2,0.004273504273504274
no.skole.diverse,no.sport.orientering,563,143,3,0.004267425320056899
no.folklore.generelt,no.slekt,49,1836,8,0.004262120404901438
no.alt.arkiv,no.uninett.fik,199,37,1,0.00425531914893617
no.alt.troll,no.musikk.klassisk,7,229,1,0.00425531914893617
no.eunet.diverse,no.kultur.fritid.friluftsliv,141,95,1,0.00425531914893617
no.alt.amiga,no.folklore.overtro,343,130,2,0.004246284501061571
no.slekt.etterlysning,no.telepost,1240,417,7,0.004242424242424243
no.marked.bolig,no.velkommen,892,55,4,0.0042417815482502655
no.alt.gledesutbrudd,no.sport.orientering,1753,143,8,0.00423728813559322
no.alt.irctreff,no.sport.fotball,82,629,3,0.00423728813559322
no.bibsys,no.org.efn.nyheter,235,2,1,0.00423728813559322
no.linux,no.org.dnd,3019,66,13,0.004231770833333333
no.alt.frustrasjoner,no.folklore.generelt,3039,49,13,0.004227642276422764
no.general,no.org.isoc-no,7075,53,30,0.00422654268808115
no.biz,no.general,55,7075,30,0.004225352112676056
no.alt.flame,no.sources.list,2514,101,11,0.004224270353302612
no.prat.seksualitet,no.uninett.katalog,883,68,4,0.004223864836325237
no.org.dnd,no.radio-tv,66,2075,9,0.004221388367729831
no.mswindow,no.tungregning,358,118,2,0.004219409282700422
no.marked.data,no.uninett.hjelp,7987,124,34,0.004209483719202674
no.news.diverse,no.org.decus,1892,18,8,0.004206098843322818
no.marked.data,no.spill.sjakk,7987,145,34,0.0041985675475426035
no.pressemeldinger,no.spill.sjakk,334,145,2,0.0041928721174004195
no.org.nobug.diverse,no.sport.fotball,90,629,3,0.004189944134078212
no.alt.pompelog,no.hobby.diverse,143,817,4,0.0041841004184100415
no.kultur.fritid.friluftsliv,no.spill.sjakk,95,145,1,0.0041841004184100415
no.sources.list,no.test,101,6386,27,0.004179566563467492
no.biz,no.musikk.gitar,55,1148,5,0.004173622704507512
no.biz,no.vitser,55,3555,15,0.004172461752433936
no.alt.irctreff,no.prat.seksualitet,82,883,4,0.004162330905306972
no.eunet.drift,no.slekt.programmer,135,589,3,0.004160887656033287
no.biz.annonser.data,no.sport.orientering,1548,143,7,0.004156769596199525
no.biz.annonser.data,no.spill.sjakk,1548,145,7,0.004151838671411625
no.alt.troll,no.bibsys,7,235,1,0.004149377593360996
no.alt.irctreff,no.tele,82,2097,9,0.004147465437788019
no.mail.drift,no.velkommen,430,55,2,0.004140786749482402
no.pressemeldinger.diskusjon,no.sport.volleyball,79,164,1,0.004132231404958678
no.skole.diverse,no.vr,563,166,3,0.004132231404958678
no.ef,no.sport.volleyball,567,164,3,0.004120879120879121
no.amiga,no.sport.volleyball,1543,164,7,0.00411764705882353
no.biz,no.pc,55,7028,29,0.004111142614119648
no.alt.radio_tv.irma1000,no.prat.narkotika,209,526,3,0.004098360655737705
no.marked,no.spill.sjakk,8430,145,35,0.004098360655737705
no.skole.diverse,no.telepost,563,417,4,0.004098360655737705
no.org.decus,no.vit.diverse,18,473,2,0.00408997955010225
no.general,no.velkommen,7075,55,29,0.0040839318405858326
no.alt.radio_tv.irma1000,no.uninett.fik,209,37,1,0.004081632653061225
no.eunet.hjelp,no.org.nobug.nytt,244,2,1,0.004081632653061225
no.general,no.org.dnd,7075,66,29,0.004077615298087739
no.eunet.diverse,no.marked.data,141,7987,33,0.004076590487955528
no.alt.frustrasjoner,no.sport.volleyball,3039,164,13,0.0040752351097178684
no.alt.amiga,no.marked.bolig,343,892,5,0.0040650406504065045
no.alt.troll,no.media,7,734,3,0.0040650406504065045
no.sport.fotball,no.uninett.drift,629,112,3,0.0040650406504065045
no.it.os.os2,no.sport.volleyball,331,164,2,0.004056795131845842
no.prat.ufo,no.telepost,327,417,3,0.004048582995951417
no.marked.bil,no.uninett.katalog,1423,68,6,0.00404040404040404
no.musikk,no.org.dnd,3667,66,15,0.004034427111350188
no.pressemeldinger,no.sport.volleyball,334,164,2,0.004032258064516129
no.spill.sjakk,no.tele,145,2097,9,0.004030452306314375
no.biz.annonser,no.velkommen,2197,55,9,0.004012483281319661
no.alt.diskusjoner,no.sport.orientering,2367,143,10,0.004
no.alt.troll,no.eunet.hjelp,7,244,1,0.004
no.biz,no.spill.rollespill,55,447,2,0.004
no.org.efn.nyheter,no.tegnsett,2,249,1,0.004
no.spill.rollespill,no.velkommen,447,55,2,0.004
no.alt.pompelog,no.test,143,6386,26,0.00399815469783177
no.spill.sjakk,no.test,145,6386,26,0.003996925441967717
no.biz.annonser,no.org.dnd,2197,66,9,0.003992901508429458
no.org.decus,no.slekt.etterlysning,18,1240,5,0.0039904229848363925
no.ms-windows,no.velkommen,3235,55,13,0.003967043027158987
no.alt.motorsykler,no.org.nobug.diverse,1688,90,7,0.003952569169960474
no.folklore.generelt,no.general,49,7075,28,0.003945885005636978
no.alt.fan.de-lillos,no.pressemeldinger.diskusjon,176,79,1,0.003937007874015748
no.ai,no.org.efn.nyheter,254,2,1,0.00392156862745098
no.alt.irctreff,no.biz.nettilbydere,82,686,3,0.00392156862745098
no.alt.troll,no.tegnsett,7,249,1,0.00392156862745098
no.eunet.hjelp,no.svar,244,12,1,0.00392156862745098
no.kultur.fritid.friluftsliv,no.ms-windows,95,3235,13,0.003919204100090443
no.alt.irctreff,no.biz.diskusjoner,82,431,2,0.003913894324853229
no.alt.pompelog,no.prat.seksualitet,143,883,4,0.003913894324853229
no.alt.radio_tv.irma1000,no.hobby.diverse,209,817,4,0.003913894324853229
no.prat.seksualitet,no.sport.orientering,883,143,4,0.003913894324853229
no.eunet.hjelp,no.prat.narkotika,244,526,3,0.003911342894393742
no.marked.diskusjon,no.radio_tv,187,583,3,0.003911342894393742
no.sport.orientering,no.www,143,3452,14,0.003909522479754258
no.spill.sjakk,no.uninett.drift,145,112,1,0.00390625
no.biz,no.marked,55,8430,33,0.003904401325130147
no.multimedia,no.sport.volleyball,1383,164,6,0.003893575600259572
no.alt.fan.de-lillos,no.alt.irctreff,176,82,1,0.0038910505836575876
no.alt.flame,no.org.dnd,2514,66,10,0.0038910505836575876
no.eunet.diverse,no.prat.politikk,141,1150,5,0.0038880248833592537
no.bolig,no.velkommen,978,55,4,0.003887269193391642
no.spill.sjakk,no.sykkel,145,1148,5,0.0038819875776397515
no.kultur.fritid.friluftsliv,no.nuug,95,164,1,0.003875968992248062
no.biz.annonser,no.sport.orientering,2197,143,9,0.003861003861003861
no.pressemeldinger,no.spill.rollespill,334,447,3,0.0038560411311053984
no.mswindow,no.sport.volleyball,358,164,2,0.0038461538461538464
no.marked.data,no.tungregning,7987,118,31,0.0038394847659152837
no.alt.gullkorn,no.student.samfund,7,255,1,0.0038314176245210726
no.c,no.svar,1036,12,4,0.0038314176245210726
no.embnet,no.org.efn.nyheter,260,2,1,0.0038314176245210726
no.sport.volleyball,no.sykkel,164,1148,5,0.0038255547054322878
no.kultur.fritid.friluftsliv,no.mail.drift,95,430,2,0.0038240917782026767
no.pc,no.uninett.katalog,7028,68,27,0.0038194935634460318
no.pressemeldinger.diskusjon,no.slekt.etterlysning,79,1240,5,0.00380517503805175
no.org.efn.nyheter,no.uninett.diverse,2,262,1,0.0038022813688212928
no.alt.troll,no.uninett.skole,7,522,2,0.003795066413662239
no.folklore.generelt,no.musikk,49,3667,14,0.0037817396002160996
no.alt.troll,no.prat.narkotika,7,526,2,0.003766478342749529
no.sport.volleyball,no.unix,164,1435,6,0.003766478342749529
no.alt.troll,no.embnet,7,260,1,0.0037593984962406013
no.radio_tv,no.tex,583,218,3,0.0037593984962406013
no.sport.orientering,no.uninett.hjelp,143,124,1,0.0037593984962406013
no.student.samfund,no.svar,255,12,1,0.0037593984962406013
no.prat.aksjer,no.velkommen,480,55,2,0.00375234521575985
no.alt.radio_tv.irma1000,no.prat.ufo,209,327,2,0.003745318352059925
no.film,no.kultur.fritid.friluftsliv,2587,95,10,0.0037425149700598802
no.it.emacs,no.sport.orientering,394,143,2,0.003738317757009346
no.marked.data,no.pressemeldinger.diskusjon,7987,79,30,0.0037332005973120955
no.test,no.uninett.katalog,6386,68,24,0.0037325038880248835
no.alt.irctreff,no.litteratur,82,1532,6,0.0037313432835820895
no.alt.irctreff,no.marked.diskusjon,82,187,1,0.0037313432835820895
no.alt.troll,no.uninett.diverse,7,262,1,0.0037313432835820895
no.biz.annonser.data,no.uninett.katalog,1548,68,6,0.0037267080745341614
no.alt.pompelog,no.marked.data,143,7987,30,0.003703703703703704
no.net,no.sport.orientering,1216,143,5,0.003692762186115214
no.kultur.fritid.friluftsliv,no.mail.diverse,95,993,4,0.0036900369003690036
no.musikk,no.sport.orientering,3667,143,14,0.0036880927291886197
no.pc,no.velkommen,7028,55,26,0.0036842851069859715
no.biz,no.tex,55,218,1,0.003676470588235294
no.folklore.overtro,no.sport.orientering,130,143,1,0.003676470588235294
no.speider,no.velkommen,491,55,2,0.003676470588235294
no.alt.radio_tv.irma1000,no.org.dnd,209,66,1,0.0036496350364963502
no.kultur.fritid.friluftsliv,no.media,95,734,3,0.0036319612590799033
no.velkommen,no.vitser,55,3555,13,0.003614122880177926
no.sport.volleyball,no.www,164,3452,13,0.0036081043574798777
no.marked.data,no.org.nobug.diverse,7987,90,29,0.00360337972166998
no.linux,no.velkommen,3019,55,11,0.0035912504080966375
no.kultur.fritid.friluftsliv,no.religion,95,1583,6,0.0035885167464114833
no.sport.orientering,no.tele,143,2097,8,0.0035842293906810036
no.alt.amiga,no.tex,343,218,2,0.0035778175313059034
no.kultur.fritid.friluftsliv,no.vitser,95,3555,13,0.0035743744844652188
no.amiga,no.sport.orientering,1543,143,6,0.0035714285714285713
no.pressemeldinger.diskusjon,no.test,79,6386,23,0.0035703197764669356
no.org.nobug.diverse,no.test,90,6386,23,0.0035642336897567023
no.alt.irctreff,no.mac,82,2742,10,0.0035536602700781805
no.alt.radio_tv.irma1000,no.kryptografi,209,359,2,0.0035335689045936395
no.marked,no.org.nobug.diverse,8430,90,30,0.0035335689045936395
no.musikk.klassisk,no.velkommen,229,55,1,0.0035335689045936395
no.alt.frustrasjoner,no.org.nobug.diverse,3039,90,11,0.003527902501603592
no.alt.flame,no.folklore.generelt,2514,49,9,0.003523884103367267
no.jus,no.sport.orientering,1851,143,7,0.0035228988424760945
no.alt.troll,no.perl,7,564,2,0.0035149384885764497
no.general,no.uninett.katalog,7075,68,25,0.0035122225344197807
no.mail.drift,no.sport.orientering,430,143,2,0.0035026269702276708
no.radio_tv,no.skole.diverse,583,563,4,0.0035026269702276708
no.alt.radio_tv.irma1000,no.test,209,6386,23,0.00349969567863664
no.alt.gullkorn,no.typografi,7,280,1,0.0034965034965034965
no.alt.troll,no.ef,7,567,2,0.0034965034965034965
no.alt.troll,no.typografi,7,280,1,0.0034965034965034965
no.bil,no.sport.orientering,2153,143,8,0.0034965034965034965
no.biz.diskusjoner,no.sport.orientering,431,143,2,0.0034965034965034965
no.spill.sjakk,no.sport.orientering,145,143,1,0.003484320557491289
no.marked.data,no.sources.list,7987,101,28,0.0034739454094292804
no.prat.politikk,no.svar,1150,12,4,0.0034542314335060447
no.org.decus,no.unix,18,1435,5,0.003453038674033149
no.alt.god.jul,no.svar,570,12,2,0.0034482758620689655
no.audio,no.spill.sjakk,2492,145,9,0.003424657534246575
no.alt.irctreff,no.marked,82,8430,29,0.0034186019097017565
no.film,no.velkommen,2587,55,9,0.003418154196733764
no.hobby.diverse,no.mswindow,817,358,4,0.0034158838599487617
no.folklore.overtro,no.sport.volleyball,130,164,1,0.0034129692832764505
no.musikk,no.sport.volleyball,3667,164,13,0.0034049240440020955
no.alt.troll,no.radio_tv,7,583,2,0.003401360544217687
no.spill.rollespill,no.sport.orientering,447,143,2,0.003401360544217687
no.audio,no.sport.volleyball,2492,164,9,0.003400075557234605
no.marked.bil,no.org.isoc-no,1423,53,5,0.003399048266485384
no.marked.bil,no.velkommen,1423,55,5,0.0033944331296673455
no.alt.troll,no.prat.seksualitet,7,883,3,0.0033821871476888386
no.embnet,no.uninett.fik,260,37,1,0.0033783783783783786
no.eunet.hjelp,no.org.isoc-no,244,53,1,0.0033783783783783786
no.marked.bil,no.org.dnd,1423,66,5,0.0033692722371967657
no.org.decus,no.typografi,18,280,1,0.003367003367003367
no.folklore.generelt,no.ms-windows,49,3235,11,0.003360831041857623
no.alt.irctreff,no.sources.wanted,82,218,1,0.0033444816053511705
no.alt.irctreff,no.tex,82,218,1,0.0033444816053511705
no.sykkel,no.velkommen,1148,55,4,0.003336113427856547
no.general,no.sport.volleyball,7075,164,24,0.0033264033264033266
no.elektronikk,no.sport.volleyball,2250,164,8,0.0033250207813798837
no.alt.motorsykler,no.uninett.hjelp,1688,124,6,0.0033222591362126247
no.reiser,no.sport.volleyball,1050,164,4,0.003305785123966942
no.alt.katter,no.sport.orientering,774,143,3,0.0032822757111597373
no.alt.troll,no.net,7,1216,4,0.003281378178835111
no.org.dnd,no.spill,66,2992,10,0.0032808398950131233
no.eunet.drift,no.prat.aksjer,135,480,2,0.0032626427406199023
no.org.dnd,no.pc,66,7028,23,0.003252722387215387
no.spill.sjakk,no.sport.volleyball,145,164,1,0.003246753246753247
no.sport.orientering,no.vr,143,166,1,0.003246753246753247
no.biz,no.marked.data,55,7987,26,0.003243512974051896
no.jus,no.svar,1851,12,6,0.0032310177705977385
no.psykologi,no.uninett.fik,584,37,2,0.0032310177705977385
no.kultur.fritid.friluftsliv,no.musikk.gitar,95,1148,4,0.003228410008071025
no.alt.fan.de-lillos,no.eunet.drift,176,135,1,0.0032258064516129032
no.alt.radio-tv.irma-1000,no.org.efn.nyheter,309,2,1,0.0032258064516129032
no.kultur.fritid.friluftsliv,no.linux,95,3019,10,0.0032216494845360823
no.sport.diverse,no.velkommen,1507,55,5,0.0032113037893384713
no.kultur.fritid.friluftsliv,no.sources.wanted,95,218,1,0.003205128205128205
no.kultur.fritid.friluftsliv,no.tex,95,218,1,0.003205128205128205
no.alt.pompelog,no.marked.bil,143,1423,5,0.0032030749519538757
no.marked,no.uninett.katalog,8430,68,27,0.0031873450596151577
no.embnet,no.velkommen,260,55,1,0.0031847133757961785
no.bil,no.velkommen,2153,55,7,0.0031803725579282144
no.biz,no.marked.bolig,55,892,3,0.0031779661016949155
no.alt.gullkorn,no.alt.radio-tv.irma-1000,7,309,1,0.0031746031746031746
no.org.dnd,no.slekt,66,1836,6,0.0031645569620253164
no.uninett.diverse,no.velkommen,262,55,1,0.0031645569620253164
no.alt.troll,no.religion,7,1583,5,0.0031545741324921135
no.alt.frustrasjoner,no.sport.orientering,3039,143,10,0.0031525851197982345
no.amiga,no.velkommen,1543,55,5,0.003138731952291274
no.it.os.os2,no.sport.fotball,331,629,3,0.003134796238244514
no.alt.radio-tv.irma-1000,no.svar,309,12,1,0.003125
no.pressemeldinger,no.sport.fotball,334,629,3,0.003125
no.alt.irctreff,no.audio,82,2492,8,0.003117692907248636
no.org.dnd,no.test,66,6386,20,0.003109452736318408
no.biz.annonser.data,no.org.dnd,1548,66,5,0.003107520198881293
no.sport.volleyball,no.tele,164,2097,7,0.003105590062111801
no.alt.mat,no.alt.troll,1286,7,4,0.0031031807602792862
no.org.isoc-no,no.slekt.etterlysning,53,1240,4,0.0031031807602792862
no.org.dnd,no.radio_tv,66,583,2,0.0030911901081916537
no.alt.irctreff,no.norsk.fagord,82,243,1,0.0030864197530864196
no.pc,no.sport.orientering,7028,143,22,0.0030773534760106308
no.alt.radio_tv.irma1000,no.spill.rollespill,209,447,2,0.0030581039755351682
no.kultur.fritid.friluftsliv,no.marked.bolig,95,892,3,0.003048780487804878
no.mswindow,no.sport.fotball,358,629,3,0.003048780487804878
no.elektronikk,no.velkommen,2250,55,7,0.0030461270670147957
no.bibsys,no.kultur.fritid.friluftsliv,235,95,1,0.00303951367781155
no.alt.pompel-og-pilt,no.org.efn.nyheter,329,2,1,0.0030303030303030303
no.marked.jobb,no.sport.orientering,2181,143,7,0.0030211480362537764
no.alt.gullkorn,no.alt.mat.drikke,7,659,2,0.0030120481927710845
no.elektronikk,no.kultur.fritid.friluftsliv,2250,95,7,0.0029940119760479044
no.alt.irctreff,no.slekt.programmer,82,589,2,0.0029895366218236174
no.org.efn.nyheter,no.pressemeldinger,2,334,1,0.0029850746268656717
no.it.diverse,no.uninett.katalog,605,68,2,0.0029806259314456036
no.biz.annonser.data,no.eunet.drift,1548,135,5,0.0029797377830750892
no.alt.amiga,no.it.os.os2,343,331,2,0.002976190476190476
no.org.isoc-no,no.pc,53,7028,21,0.002974504249291785
no.alt.pompelog,no.biz.annonser.data,143,1548,5,0.0029655990510083037
no.eunet.hjelp,no.kultur.fritid.friluftsliv,244,95,1,0.0029585798816568047
no.alt.irctreff,no.video,82,942,3,0.002938295788442703
no.alt.arkiv,no.sport.orientering,199,143,1,0.002932551319648094
no.alt.irctreff,no.embnet,82,260,1,0.002932551319648094
no.biz,no.sport.fotball,55,629,2,0.002932551319648094
no.kultur.fritid.friluftsliv,no.slekt.programmer,95,589,2,0.002932551319648094
no.eunet.drift,no.marked.bolig,135,892,3,0.0029296875
no.general,no.sport.orientering,7075,143,21,0.0029178824510212586
no.eunet.drift,no.slekt.etterlysning,135,1240,4,0.0029175784099197666
no.eunet.hjelp,no.spill.rollespill,244,447,2,0.002902757619738752
no.pressemeldinger,no.svar,334,12,1,0.002898550724637681
no.alt.troll,no.biz.nettilbydere,7,686,2,0.002894356005788712
no.mac,no.velkommen,2742,55,8,0.0028684116170670493
no.spill,no.sport.volleyball,2992,164,9,0.002859866539561487
no.norsk,no.sport.orientering,1962,143,6,0.0028585040495474035
no.alt.motorsykler,no.uninett.katalog,1688,68,5,0.0028555111364934323
no.svar,no.tele,12,2097,6,0.0028530670470756064
no.org.decus,no.pressemeldinger,18,334,1,0.002849002849002849
no.alt.troll,no.reiser,7,1050,3,0.0028462998102466793
no.alt.pompelog,no.skole.diverse,143,563,2,0.002840909090909091
no.alt.irctreff,no.bolig,82,978,3,0.002838221381267739
no.perl,no.sport.orientering,564,143,2,0.0028368794326241137
no.alt.motorsykler,no.kultur.fritid.friluftsliv,1688,95,5,0.00281214848143982
no.org.isoc-no,no.test,53,6386,18,0.0028033016664071016
no.pc,no.sport.volleyball,7028,164,20,0.002788622420524261
no.stortinget,no.velkommen,665,55,2,0.002785515320334262
no.kultur.fritid.friluftsliv,no.test,95,6386,18,0.00278508432616432
no.mac,no.spill.sjakk,2742,145,8,0.0027787426189649182
no.sport.orientering,no.video,143,942,3,0.0027726432532347504
no.eunet.hjelp,no.prat.aksjer,244,480,2,0.002770083102493075
no.c,no.velkommen,1036,55,3,0.0027573529411764708
no.radio_tv,no.spill.sjakk,583,145,2,0.0027548209366391185
no.alt.gullkorn,no.kryptografi,7,359,1,0.0027397260273972603
no.alt.pompelog,no.slekt.programmer,143,589,2,0.0027397260273972603
no.alt.troll,no.kryptografi,7,359,1,0.0027397260273972603
no.alt.irctreff,no.marked.data,82,7987,22,0.002733938113582702
no.alt.flame,no.velkommen,2514,55,7,0.00273224043715847
no.alt.god.jul,no.sport.volleyball,570,164,2,0.00273224043715847
no.folklore.generelt,no.marked,49,8430,23,0.0027199621570482497
no.biz,no.marked.bil,55,1423,4,0.0027137042062415195
no.kultur.fritid.friluftsliv,no.multimedia,95,1383,4,0.0027137042062415195
no.bil,no.org.dnd,2153,66,6,0.0027112516945323093
no.mswindow,no.svar,358,12,1,0.0027100271002710027
no.alt.gullkorn,no.media,7,734,2,0.0027063599458728013
no.eunet.hjelp,no.slekt.etterlysning,244,1240,4,0.002702702702702703
no.kryptografi,no.svar,359,12,1,0.002702702702702703
no.musikk.klassisk,no.sport.orientering,229,143,1,0.0026954177897574125
no.folklore.generelt,no.pc,49,7028,19,0.0026919807310852935
no.media,no.svar,734,12,2,0.002688172043010753
no.radio_tv,no.sport.volleyball,583,164,2,0.0026845637583892616
no.alt.sjokolade,no.kultur.fritid.friluftsliv,656,95,2,0.0026702269692923898
no.kultur.fritid.friluftsliv,no.musikk,95,3667,10,0.0026652452025586353
no.sport.fotball,no.uninett.hjelp,629,124,2,0.002663115845539281
no.kjemi,no.svar,745,12,2,0.0026490066225165563
no.kultur.fritid.friluftsliv,no.marked.jobb,95,2181,6,0.0026431718061674008
no.alt.irctreff,no.biz.annonser,82,2197,6,0.0026396832380114386
no.alt.amiga,no.uninett.fik,343,37,1,0.002638522427440633
no.news.drift,no.org.efn.nyheter,379,2,1,0.002631578947368421
no.multimedia,no.sport.orientering,1383,143,4,0.002628120893561104
no.biz.annonser,no.kultur.fritid.friluftsliv,2197,95,6,0.0026246719160104987
no.sport.volleyball,no.tex,164,218,1,0.0026246719160104987
no.bil,no.spill.sjakk,2153,145,6,0.002617801047120419
no.norsk.fagord,no.sport.orientering,243,143,1,0.0025974025974025974
no.sport.diverse,no.uninett.fik,1507,37,4,0.0025974025974025974
no.eunet.hjelp,no.sport.orientering,244,143,1,0.0025906735751295338
no.marked.data,no.sport.orientering,7987,143,21,0.002589715131335553
no.alt.irc-treff,no.kultur.fritid.friluftsliv,296,95,1,0.002564102564102564
no.marked.bil,no.sport.orientering,1423,143,4,0.002560819462227913
no.spill,no.sport.orientering,2992,143,8,0.0025583626479053407
no.sport.orientering,no.unix,143,1435,4,0.0025412960609911056
no.kultur.fritid.friluftsliv,no.pc,95,7028,18,0.002533427163969036
no.alt.katter,no.org.decus,774,18,2,0.002531645569620253
no.alt.diskusjoner,no.svar,2367,12,6,0.0025284450063211127
no.alt.amiga,no.velkommen,343,55,1,0.0025188916876574307
no.elektronikk,no.sport.orientering,2250,143,6,0.0025136154168412233
no.havforskning,no.org.efn.nyheter,397,2,1,0.002512562814070352
no.alkohol,no.svar,1192,12,3,0.002497918401332223
no.folklore.generelt,no.marked.data,49,7987,20,0.00249500998003992
no.embnet,no.sport.orientering,260,143,1,0.0024875621890547263
no.irc,no.sport.orientering,1472,143,4,0.002482929857231533
no.alt.troll,no.havforskning,7,397,1,0.0024813895781637717
no.kultur.fritid.friluftsliv,no.marked,95,8430,21,0.002469426152398871
no.alt.radio_tv.irma1000,no.it.diverse,209,605,2,0.0024630541871921183
no.folklore.generelt,no.mswindow,49,358,1,0.0024630541871921183
no.alt.config,no.org.efn.nyheter,407,2,1,0.0024509803921568627
no.marked,no.sport.volleyball,8430,164,21,0.0024495509156654614
no.net,no.svar,1216,12,3,0.0024489795918367346
no.alt.irctreff,no.musikk.gitar,82,1148,3,0.0024449877750611247
no.alt.irctreff,no.alt.pompel-og-pilt,82,329,1,0.0024390243902439024
no.alt.amiga,no.prat.aksjer,343,480,2,0.00243605359317905
no.mac,no.sport.orientering,2742,143,7,0.002432244614315497
no.alt.irctreff,no.kjemi,82,745,2,0.0024242424242424242
no.musikk,no.velkommen,3667,55,9,0.0024239159709130084
no.news.drift,no.uninett.fik,379,37,1,0.0024096385542168677
no.radio-tv,no.svar,2075,12,5,0.0024015369836695487
no.mswindow,no.prat.aksjer,358,480,2,0.0023923444976076554
no.org.efn.nyheter,no.telepost,2,417,1,0.0023923444976076554
no.kultur.fritid.friluftsliv,no.prat.ufo,95,327,1,0.0023752969121140144
no.marked.data,no.org.isoc-no,7987,53,19,0.0023687819473881063
no.kultur.fritid.friluftsliv,no.pressemeldinger,95,334,1,0.002336448598130841
no.biz,no.slekt.etterlysning,55,1240,3,0.0023219814241486067
no.mail.drift,no.org.efn.nyheter,430,2,1,0.002320185614849188
no.linux,no.svar,3019,12,7,0.0023148148148148147
no.havforskning,no.uninett.fik,397,37,1,0.0023094688221709007
no.org.decus,no.telepost,18,417,1,0.002304147465437788
no.spill,no.velkommen,2992,55,7,0.002302631578947368
no.alt.motorsykler,no.velkommen,1688,55,4,0.0023001725129384704
no.alt.frustrasjoner,no.svar,3039,12,7,0.0022996057818659658
no.sport.volleyball,no.test,164,6386,15,0.0022953328232593728
no.alt.troll,no.mail.drift,7,430,1,0.0022935779816513763
no.alt.irc-treff,no.sport.orientering,296,143,1,0.00228310502283105
no.alt.radio_tv.irma1000,no.biz.annonser.data,209,1548,4,0.0022818026240730175
no.alt.gledesutbrudd,no.alt.troll,1753,7,4,0.002277904328018223
no.alt.gledesutbrudd,no.svar,1753,12,4,0.002271436683702442
no.biz.diskusjoner,no.svar,431,12,1,0.0022624434389140274
no.alt.frustrasjoner,no.uninett.katalog,3039,68,7,0.0022580645161290325
no.alt.config,no.uninett.fik,407,37,1,0.002257336343115124
no.lisp,no.sport.orientering,302,143,1,0.0022522522522522522
no.marked,no.org.isoc-no,8430,53,19,0.0022448015122873348
no.marked,no.org.dnd,8430,66,19,0.0022413589713341986
no.marked.data,no.org.dnd,7987,66,18,0.00224019912881145
no.marked.data,no.uninett.katalog,7987,68,18,0.0022396416573348264
no.prat.seksualitet,no.svar,883,12,2,0.0022396416573348264
no.mail.drift,no.org.decus,430,18,1,0.0022371364653243847
no.org.efn.diskusjon,no.org.efn.nyheter,446,2,1,0.0022371364653243847
no.marked,no.sport.orientering,8430,143,19,0.002221183072246902
no.alt.radio_tv.irma1000,no.norsk.fagord,209,243,1,0.0022172949002217295
no.marked.data,no.sport.volleyball,7987,164,18,0.0022132054592401327
no.film,no.sport.orientering,2587,143,6,0.0022026431718061676
no.marked.bolig,no.org.decus,892,18,2,0.0022026431718061676
no.radio_tv,no.slekt.etterlysning,583,1240,4,0.0021990104452996153
no.alt.gullkorn,no.student.nett,7,452,1,0.002183406113537118
no.spill.rollespill,no.svar,447,12,1,0.002183406113537118
no.test,no.velkommen,6386,55,14,0.002178310253617551
no.alt.irctreff,no.test,82,6386,14,0.0021691973969631237
no.eunet.drift,no.prat.ufo,135,327,1,0.0021691973969631237
no.sport.orientering,no.vitser,143,3555,8,0.002168021680216802
no.alt.troll,no.multimedia,7,1383,3,0.0021629416005767843
no.alt.amiga,no.reiser,343,1050,3,0.002158273381294964
no.alt.irctreff,no.elektronikk,82,2250,5,0.0021486892995272885
no.mail.drift,no.uninett.fik,430,37,1,0.002145922746781116
no.eunet.diverse,no.prat.ufo,141,327,1,0.0021413276231263384
no.slekt,no.uninett.fik,1836,37,4,0.002140181915462814
no.marked.jobb,no.sport.volleyball,2181,164,5,0.002136752136752137
no.marked,no.velkommen,8430,55,18,0.002125900555096256
no.alt.pompel-og-pilt,no.sport.orientering,329,143,1,0.0021231422505307855
no.eunet.diverse,no.it.os.os2,141,331,1,0.0021231422505307855
no.telepost,no.velkommen,417,55,1,0.0021231422505307855
no.biz,no.slekt,55,1836,4,0.0021197668256491787
no.kultur.fritid.friluftsliv,no.mac,95,2742,6,0.0021193924408336277
no.eunet.hjelp,no.musikk.klassisk,244,229,1,0.00211864406779661
no.marked.data,no.velkommen,7987,55,17,0.002118380062305296
no.it.os.os2,no.sport.orientering,331,143,1,0.0021141649048625794
no.alt.troll,no.news.diverse,7,1892,4,0.0021108179419525065
no.alt.diskusjoner,no.alt.troll,2367,7,5,0.002110595187842972
no.pressemeldinger,no.sport.orientering,334,143,1,0.0021008403361344537
no.alt.troll,no.vit.diverse,7,473,1,0.0020876826722338203
no.kultur.fritid.friluftsliv,no.slekt,95,1836,4,0.0020757654385054488
no.org.efn.diskusjon,no.uninett.fik,446,37,1,0.002074688796680498
no.mac,no.sport.volleyball,2742,164,6,0.0020689655172413794
no.alt.amiga,no.sport.fotball,343,629,2,0.002061855670103093
no.alt.irctreff,no.marked.bolig,82,892,2,0.00205761316872428
no.alt.troll,no.prat.aksjer,7,480,1,0.00205761316872428
no.alt.troll,no.irc,7,1472,3,0.0020325203252032522
no.org.efn.nyheter,no.speider,2,491,1,0.0020325203252032522
no.irc,no.svar,1472,12,3,0.002025658338960162
no.svar,no.www,12,3452,7,0.00202487706103558
no.folklore.generelt,no.test,49,6386,13,0.0020242914979757085
no.norsk,no.org.decus,1962,18,4,0.0020242914979757085
no.alt.troll,no.mail.diverse,7,993,2,0.002004008016032064
no.mswindow,no.sport.orientering,358,143,1,0.002
no.mswindow,no.spill.sjakk,358,145,1,0.00199203187250996
no.speider,no.svar,491,12,1,0.00199203187250996
no.alt.flame,no.alt.troll,2514,7,5,0.001987281399046105
no.mail.diverse,no.org.decus,993,18,2,0.0019821605550049554
no.kultur.fritid.friluftsliv,no.spill,95,2992,6,0.0019474196689386564
no.alt.troll,no.amiga,7,1543,3,0.0019392372333548805
no.kultur.fritid.friluftsliv,no.video,95,942,2,0.001932367149758454
no.eunet.drift,no.marked.bil,135,1423,3,0.0019292604501607716
no.alt.gullkorn,no.c,7,1036,2,0.0019212295869356388
no.alt.troll,no.c,7,1036,2,0.0019212295869356388
no.alt.troll,no.medisin,7,1038,2,0.0019175455417066154
no.sport.fotball,no.telepost,629,417,2,0.0019157088122605363
no.org.efn.nyheter,no.uninett.skole,2,522,1,0.0019120458891013384
no.audio,no.sport.orientering,2492,143,5,0.0019011406844106464
no.linux,no.sport.orientering,3019,143,6,0.0019011406844106464
no.reiser,no.svar,1050,12,2,0.0018867924528301887
no.religion,no.svar,1583,12,3,0.0018844221105527637
no.biz,no.prat.aksjer,55,480,1,0.0018726591760299626
no.biz,no.test,55,6386,12,0.0018665422305179655
no.alt.radio_tv.irma1000,no.it.os.os2,209,331,1,0.0018552875695732839
no.alt.tegneserier,no.uninett.fik,1043,37,2,0.0018552875695732839
no.alt.troll,no.bil,7,2153,4,0.0018552875695732839
no.kultur.fritid.friluftsliv,no.org.efn.diskusjon,95,446,1,0.001851851851851852
no.org.decus,no.prat.narkotika,18,526,1,0.001841620626151013
no.alt.radio_tv.irma1000,no.prat.seksualitet,209,883,2,0.001834862385321101
no.biz,no.speider,55,491,1,0.001834862385321101
no.kultur.fritid.friluftsliv,no.student.nett,95,452,1,0.0018315018315018315
no.mac,no.svar,2742,12,5,0.0018188432157148053
no.mac,no.org.decus,2742,18,5,0.0018148820326678765
no.alt.irctreff,no.ms-windows,82,3235,6,0.001812141347025068
no.alt.irctreff,no.vit.diverse,82,473,1,0.0018050541516245488
no.marked.jobb,no.velkommen,2181,55,4,0.0017921146953405018
no.bolig,no.sport.orientering,978,143,2,0.0017873100983020554
no.org.efn.nyheter,no.perl,2,564,1,0.0017699115044247787
no.ef,no.org.efn.nyheter,567,2,1,0.0017605633802816902
no.alt.gullkorn,no.perl,7,564,1,0.0017543859649122807
no.eunet.hjelp,no.prat.ufo,244,327,1,0.0017543859649122807
no.alt.god.jul,no.org.efn.nyheter,570,2,1,0.0017513134851138354
no.alt.gullkorn,no.ef,7,567,1,0.0017452006980802793
no.eunet.hjelp,no.it.os.os2,244,331,1,0.0017421602787456446
no.skole.diverse,no.svar,563,12,1,0.0017421602787456446
no.alt.god.jul,no.alt.gullkorn,570,7,1,0.001736111111111111
no.org.decus,no.skole.diverse,18,563,1,0.0017241379310344827
no.sport.volleyball,no.telepost,164,417,1,0.0017241379310344827
no.org.decus,no.sykkel,18,1148,2,0.001718213058419244
no.alt.motorsykler,no.org.dnd,1688,66,3,0.0017133066818960593
no.org.efn.nyheter,no.psykologi,2,584,1,0.0017094017094017094
no.mswindow,no.musikk.klassisk,358,229,1,0.0017064846416382253
no.eunet.diverse,no.spill.rollespill,141,447,1,0.0017035775127768314
no.org.efn.diskusjon,no.sport.orientering,446,143,1,0.0017006802721088435
no.c,no.sport.orientering,1036,143,2,0.0016992353440951572
no.alt.troll,no.psykologi,7,584,1,0.001694915254237288
no.org.efn.nyheter,no.slekt.programmer,2,589,1,0.001694915254237288
no.musikk.gitar,no.uninett.fik,1148,37,2,0.0016906170752324597
no.radio_tv,no.svar,583,12,1,0.0016835016835016834
no.alt.troll,no.slekt.programmer,7,589,1,0.0016806722689075631
no.alkohol,no.alt.troll,1192,7,2,0.001670843776106934
no.biz,no.sykkel,55,1148,2,0.0016652789342214821
no.org.decus,no.psykologi,18,584,1,0.0016638935108153079
no.ef,no.uninett.fik,567,37,1,0.001658374792703151
no.alkohol,no.org.decus,1192,18,2,0.0016556291390728477
no.spill,no.uninett.fik,2992,37,5,0.0016534391534391533
no.alt.god.jul,no.uninett.fik,570,37,1,0.0016501650165016502
no.alt.frustrasjoner,no.org.decus,3039,18,5,0.00163826998689384
no.alt.troll,no.it.diverse,7,605,1,0.0016366612111292963
no.kultur.fritid.friluftsliv,no.uninett.skole,95,522,1,0.0016233766233766235
no.alt.troll,no.jus,7,1851,3,0.0016172506738544475
no.eunet.diverse,no.prat.aksjer,141,480,1,0.0016129032258064516
no.alt.pompelog,no.prat.aksjer,143,480,1,0.001607717041800643
no.alkohol,no.velkommen,1192,55,2,0.001606425702811245
no.jus,no.uninett.fik,1851,37,3,0.0015915119363395225
no.skole.diverse,no.uninett.katalog,563,68,1,0.0015873015873015873
no.folklore.generelt,no.radio_tv,49,583,1,0.001584786053882726
no.alt.gullkorn,no.news.diverse,7,1892,3,0.0015822784810126582
no.speider,no.sport.orientering,491,143,1,0.001579778830963665
no.biz,no.radio_tv,55,583,1,0.0015698587127158557
no.alt.irctreff,no.slekt,82,1836,3,0.001566579634464752
no.biz,no.slekt.programmer,55,589,1,0.0015552099533437014
no.general,no.svar,7075,12,11,0.0015545505935556812
no.alt.gullkorn,no.alt.mat,7,1286,2,0.001549186676994578
no.alt.mat,no.svar,1286,12,2,0.0015432098765432098
no.alt.troll,no.norsk,7,1962,3,0.001525940996948118
no.alt.sjokolade,no.org.efn.nyheter,656,2,1,0.0015220700152207
no.slekt,no.sport.orientering,1836,143,3,0.0015182186234817814
no.alt.mat,no.uninett.fik,1286,37,2,0.001514004542013626
no.alt.flame,no.sport.orientering,2514,143,4,0.0015077271013946476
no.alt.god.jul,no.kultur.fritid.friluftsliv,570,95,1,0.0015060240963855422
no.org.efn.nyheter,no.stortinget,2,665,1,0.0015015015015015015
no.alt.flame,no.sport.volleyball,2514,164,4,0.0014958863126402393
no.org.isoc-no,no.sport.fotball,53,629,1,0.0014684287812041115
no.org.decus,no.stortinget,18,665,1,0.001466275659824047
no.alt.radio_tv.irma1000,no.prat.aksjer,209,480,1,0.0014534883720930232
no.eunet.diverse,no.slekt.etterlysning,141,1240,2,0.0014503263234227702
no.alt.troll,no.www,7,3452,5,0.0014475969889982628
no.alt.sjokolade,no.uninett.fik,656,37,1,0.001445086705202312
no.alt.troll,no.radio-tv,7,2075,3,0.001443001443001443
no.alt.mat.drikke,no.uninett.fik,659,37,1,0.0014388489208633094
no.org.decus,no.radio-tv,18,2075,3,0.0014354066985645933
no.eunet.drift,no.skole.diverse,135,563,1,0.0014347202295552368
no.alt.troll,no.tele,7,2097,3,0.0014278914802475012
no.biz.nettilbydere,no.org.decus,686,18,1,0.001422475106685633
no.alt.god.jul,no.sport.orientering,570,143,1,0.0014044943820224719
no.marked.bil,no.org.decus,1423,18,2,0.001389854065323141
no.alt.gullkorn,no.unix,7,1435,2,0.001388888888888889
no.alt.troll,no.unix,7,1435,2,0.001388888888888889
no.bil,no.org.decus,2153,18,3,0.0013837638376383763
no.radio_tv,no.sport.orientering,583,143,1,0.001379310344827586
no.marked.jobb,no.svar,2181,12,3,0.0013698630136986301
no.kultur.fritid.friluftsliv,no.marked.data,95,7987,11,0.0013629042250030976
no.alt.troll,no.musikk,7,3667,5,0.001362769146906514
no.alt.gullkorn,no.irc,7,1472,2,0.0013540961408259986
no.alt.irctreff,no.bil,82,2153,3,0.0013440860215053765
no.alt.irctreff,no.stortinget,82,665,1,0.0013404825737265416
no.kjemi,no.org.efn.nyheter,745,2,1,0.0013404825737265416
no.spill,no.svar,2992,12,4,0.0013333333333333333
no.alt.troll,no.kjemi,7,745,1,0.0013315579227696406
no.media,no.org.decus,734,18,1,0.0013315579227696406
no.linux,no.org.decus,3019,18,4,0.0013188262446422684
no.sport.diverse,no.svar,1507,12,2,0.0013183915622940012
no.alt.frustrasjoner,no.alt.troll,3039,7,4,0.0013149243918474688
no.org.decus,no.sport.diverse,18,1507,2,0.0013131976362442547
no.alt.troll,no.litteratur,7,1532,2,0.0013012361743656475
no.eunet.diverse,no.sport.fotball,141,629,1,0.0013003901170351106
no.alt.radio_tv.irma1000,no.skole.diverse,209,563,1,0.0012970168612191958
no.litteratur,no.svar,1532,12,2,0.0012970168612191958
no.alt.gullkorn,no.alt.katter,7,774,1,0.001282051282051282
no.kjemi,no.uninett.fik,745,37,1,0.0012804097311139564
no.litteratur,no.uninett.fik,1532,37,2,0.0012763241863433313
no.alt.katter,no.svar,774,12,1,0.0012738853503184713
no.alt.gullkorn,no.religion,7,1583,2,0.0012594458438287153
no.alt.radio_tv.irma1000,no.slekt.programmer,209,589,1,0.0012547051442910915
no.mswindow,no.slekt.etterlysning,358,1240,2,0.0012531328320802004
no.org.decus,no.religion,18,1583,2,0.0012507817385866166
no.alt.diskusjoner,no.uninett.fik,2367,37,3,0.0012494793835901709
no.mswindow,no.spill.rollespill,358,447,1,0.0012437810945273632
no.alt.katter,no.uninett.fik,774,37,1,0.0012345679012345679
no.amiga,no.kultur.fritid.friluftsliv,1543,95,2,0.0012224938875305623
no.alt.gullkorn,no.hobby.diverse,7,817,1,0.001215066828675577
no.hobby.diverse,no.svar,817,12,1,0.0012077294685990338
no.hobby.diverse,no.org.decus,817,18,1,0.001199040767386091
no.audio,no.velkommen,2492,55,3,0.0011792452830188679
no.alt.motorsykler,no.svar,1688,12,2,0.001177856301531213
no.audio,no.kultur.fritid.friluftsliv,2492,95,3,0.0011609907120743034
no.alt.flame,no.kultur.fritid.friluftsliv,2514,95,3,0.0011511895625479663
no.alt.motorsykler,no.org.isoc-no,1688,53,2,0.0011500862564692352
no.eunet.hjelp,no.sport.fotball,244,629,1,0.0011467889908256881
no.alt.gledesutbrudd,no.alt.gullkorn,1753,7,2,0.0011376564277588168
no.alt.irctreff,no.alt.motorsykler,82,1688,2,0.0011312217194570137
no.alt.gullkorn,no.prat.seksualitet,7,883,1,0.0011248593925759281
no.svar,no.vitser,12,3555,4,0.001122649452708392
no.marked.bolig,no.svar,892,12,1,0.0011074197120708748
no.alt.motorsykler,no.spill.sjakk,1688,145,2,0.0010922992900054614
no.alt.troll,no.slekt,7,1836,2,0.0010863661053775121
no.mac,no.uninett.fik,2742,37,3,0.001080691642651297
no.sport.orientering,no.test,143,6386,7,0.0010732904017172647
no.org.efn.nyheter,no.video,2,942,1,0.0010604453870625664
no.bolig,no.svar,978,12,1,0.0010111223458038423
no.mail.diverse,no.org.efn.nyheter,993,2,1,0.001006036217303823
no.norsk,no.uninett.fik,1962,37,2,0.00100150225338007
no.alt.frustrasjoner,no.uninett.fik,3039,37,3,0.0009762447120078099
no.mail.diverse,no.uninett.fik,993,37,1,0.0009718172983479105
no.c,no.org.efn.nyheter,1036,2,1,0.0009643201542912247
no.medisin,no.org.efn.nyheter,1038,2,1,0.0009624639076034649
no.alt.gullkorn,no.radio-tv,7,2075,2,0.0009615384615384616
no.alt.tegneserier,no.org.efn.nyheter,1043,2,1,0.0009578544061302681
no.alt.gullkorn,no.alt.tegneserier,7,1043,1,0.0009532888465204957
no.medisin,no.svar,1038,12,1,0.0009532888465204957
no.c,no.org.decus,1036,18,1,0.000949667616334283
no.medisin,no.org.decus,1038,18,1,0.0009478672985781991
no.org.decus,no.tele,18,2097,2,0.000946521533364884
no.org.decus,no.reiser,18,1050,1,0.0009372071227741331
no.c,no.uninett.fik,1036,37,1,0.0009328358208955224
no.medisin,no.uninett.fik,1038,37,1,0.000931098696461825
no.alt.troll,no.ms-windows,7,3235,3,0.0009262117937635072
no.bil,no.svar,2153,12,2,0.0009246417013407304
no.ms-windows,no.org.decus,3235,18,3,0.0009230769230769231
no.alt.gullkorn,no.marked.jobb,7,2181,2,0.0009149130832570906
no.marked.jobb,no.org.decus,2181,18,2,0.0009103322712790169
no.alt.troll,no.biz.annonser,7,2197,2,0.0009082652134423251
no.biz.annonser,no.org.decus,2197,18,2,0.0009037505648441031
no.elektronikk,no.svar,2250,12,2,0.0008849557522123894
no.musikk.gitar,no.org.efn.nyheter,1148,2,1,0.0008703220191470844
no.org.efn.nyheter,no.sykkel,2,1148,1,0.0008703220191470844
no.alt.gullkorn,no.sykkel,7,1148,1,0.0008665511265164644
no.alt.troll,no.musikk.gitar,7,1148,1,0.0008665511265164644
no.alt.troll,no.sykkel,7,1148,1,0.0008665511265164644
no.org.decus,no.www,18,3452,3,0.0008653014133256418
no.alt.gullkorn,no.prat.politikk,7,1150,1,0.0008650519031141869
no.org.decus,no.prat.politikk,18,1150,1,0.000856898029134533
no.pc,no.svar,7028,12,6,0.0008529997156667614
no.alt.diskusjoner,no.alt.gullkorn,2367,7,2,0.0008431703204047217
no.alt.troll,no.vitser,7,3555,3,0.0008429334082607474
no.alt.diskusjoner,no.org.decus,2367,18,2,0.000839278220730172
no.reiser,no.sport.orientering,1050,143,1,0.0008389261744966443
no.alkohol,no.org.efn.nyheter,1192,2,1,0.0008382229673093043
no.musikk.gitar,no.velkommen,1148,55,1,0.0008319467554076539
no.net,no.org.efn.nyheter,1216,2,1,0.0008216926869350862
no.alt.gullkorn,no.net,7,1216,1,0.0008183306055646482
no.alkohol,no.uninett.fik,1192,37,1,0.0008143322475570033
no.net,no.org.decus,1216,18,1,0.0008110300081103001
no.alt.gullkorn,no.audio,7,2492,2,0.0008009611533840609
no.alt.troll,no.audio,7,2492,2,0.0008009611533840609
no.audio,no.svar,2492,12,2,0.0007993605115907274
no.net,no.uninett.fik,1216,37,1,0.0007987220447284345
no.alt.flame,no.svar,2514,12,2,0.000792393026941363
no.svar,no.test,12,6386,5,0.000782105427811669
no.alt.mat,no.org.efn.nyheter,1286,2,1,0.000777000777000777
no.slekt.etterlysning,no.velkommen,1240,55,1,0.0007727975270479134
no.film,no.uninett.fik,2587,37,2,0.0007627765064836003
no.alt.irctreff,no.slekt.etterlysning,82,1240,1,0.000757002271006813
no.alt.troll,no.mac,7,2742,2,0.0007280669821623589
no.alt.pompelog,no.slekt.etterlysning,143,1240,1,0.000723589001447178
no.multimedia,no.org.efn.nyheter,1383,2,1,0.000722543352601156
no.alt.gullkorn,no.multimedia,7,1383,1,0.0007199424046076314
no.marked,no.svar,8430,12,6,0.0007112375533428165
no.org.decus,no.pc,18,7028,5,0.0007101264024996449
no.alt.troll,no.general,7,7075,5,0.0007065140596297867
no.general,no.org.decus,7075,18,5,0.0007054176072234763
no.multimedia,no.uninett.fik,1383,37,1,0.0007047216349541931
no.org.efn.nyheter,no.unix,2,1435,1,0.0006963788300835655
no.alt.radio_tv.irma1000,no.slekt.etterlysning,209,1240,1,0.0006906077348066298
no.irc,no.org.efn.nyheter,1472,2,1,0.0006788866259334691
no.irc,no.org.decus,1472,18,1,0.000671591672263264
no.irc,no.uninett.fik,1472,37,1,0.000663129973474801
no.org.efn.nyheter,no.sport.diverse,2,1507,1,0.000663129973474801
no.alt.gullkorn,no.linux,7,3019,2,0.0006613756613756613
no.alt.troll,no.linux,7,3019,2,0.0006613756613756613
no.alt.gullkorn,no.sport.diverse,7,1507,1,0.0006609385327164573
no.alt.troll,no.sport.diverse,7,1507,1,0.0006609385327164573
no.litteratur,no.org.efn.nyheter,1532,2,1,0.0006523157208088715
no.alt.gullkorn,no.litteratur,7,1532,1,0.0006501950585175553
no.alt.gullkorn,no.amiga,7,1543,1,0.0006455777921239509
no.biz.annonser.data,no.org.nobug.nytt,1548,2,1,0.0006455777921239509
no.litteratur,no.org.decus,1532,18,1,0.0006455777921239509
no.alt.troll,no.biz.annonser.data,7,1548,1,0.0006435006435006435
no.biz.annonser.data,no.svar,1548,12,1,0.0006414368184733803
no.amiga,no.org.decus,1543,18,1,0.000641025641025641
no.biz.annonser.data,no.org.decus,1548,18,1,0.0006389776357827476
no.alt.amiga,no.slekt.etterlysning,343,1240,1,0.0006321112515802782
no.org.efn.nyheter,no.religion,2,1583,1,0.0006313131313131314
no.ms-windows,no.svar,3235,12,2,0.0006163328197226503
no.marked,no.org.decus,8430,18,5,0.0005922065616487031
no.alt.motorsykler,no.alt.troll,1688,7,1,0.0005903187721369539
no.alt.motorsykler,no.org.decus,1688,18,1,0.0005865102639296188
no.alt.motorsykler,no.uninett.fik,1688,37,1,0.000580046403712297
no.alt.gullkorn,no.www,7,3452,2,0.0005785363031530228
no.alt.gledesutbrudd,no.org.efn.nyheter,1753,2,1,0.0005701254275940707
no.pc,no.uninett.fik,7028,37,4,0.000566491998300524
no.alt.gledesutbrudd,no.org.decus,1753,18,1,0.0005649717514124294
no.alt.gledesutbrudd,no.uninett.fik,1753,37,1,0.0005589714924538849
no.alt.gullkorn,no.musikk,7,3667,2,0.0005446623093681918
no.org.efn.nyheter,no.slekt,2,1836,1,0.0005443658138268917
no.musikk,no.svar,3667,12,2,0.0005439216752787598
no.alt.motorsykler,no.sport.volleyball,1688,164,1,0.0005402485143165856
no.jus,no.org.efn.nyheter,1851,2,1,0.0005399568034557236
no.org.decus,no.slekt,18,1836,1,0.0005396654074473826
no.alt.gullkorn,no.jus,7,1851,1,0.0005385029617662897
no.jus,no.org.decus,1851,18,1,0.0005353319057815846
no.slekt,no.velkommen,1836,55,1,0.0005291005291005291
no.news.diverse,no.org.efn.nyheter,1892,2,1,0.0005282620179609086
no.news.diverse,no.org.nobug.nytt,1892,2,1,0.0005282620179609086
no.news.diverse,no.uninett.fik,1892,37,1,0.0005186721991701245
no.norsk,no.org.efn.nyheter,1962,2,1,0.0005094243504839531
no.alt.gullkorn,no.norsk,7,1962,1,0.0005081300813008131
no.norsk,no.svar,1962,12,1,0.0005068423720223011
no.marked.data,no.svar,7987,12,4,0.0005003126954346467
no.marked.data,no.org.decus,7987,18,4,0.0004999375078115235
no.org.efn.nyheter,no.radio-tv,2,2075,1,0.0004816955684007707
no.org.efn.nyheter,no.tele,2,2097,1,0.00047664442326024784
no.org.nobug.nytt,no.tele,2,2097,1,0.00047664442326024784
no.alt.gullkorn,no.tele,7,2097,1,0.00047551117451260106
no.alt.troll,no.marked,7,8430,4,0.0004743270484999407
no.test,no.uninett.fik,6386,37,3,0.00046728971962616824
no.marked.jobb,no.org.efn.nyheter,2181,2,1,0.00045829514207149406
no.marked.jobb,no.org.nobug.nytt,2181,2,1,0.00045829514207149406
no.alt.troll,no.marked.jobb,7,2181,1,0.0004572473708276177
no.marked.jobb,no.uninett.fik,2181,37,1,0.0004510599909788002
no.alt.gullkorn,no.elektronikk,7,2250,1,0.0004432624113475177
no.elektronikk,no.org.decus,2250,18,1,0.0004411116012351125
no.elektronikk,no.uninett.fik,2250,37,1,0.0004374453193350831
no.alt.troll,no.pc,7,7028,3,0.0004266211604095563
no.alt.gullkorn,no.general,7,7075,3,0.0004237886707162029
no.alt.diskusjoner,no.org.efn.nyheter,2367,2,1,0.0004222972972972973
no.audio,no.org.efn.nyheter,2492,2,1,0.00040112314480545525
no.audio,no.org.decus,2492,18,1,0.00039856516540454366
no.audio,no.uninett.fik,2492,37,1,0.00039556962025316455
no.alt.flame,no.uninett.fik,2514,37,1,0.000392156862745098
no.film,no.org.efn.nyheter,2587,2,1,0.0003863987635239567
no.alt.troll,no.film,7,2587,1,0.0003856536829926726
no.film,no.svar,2587,12,1,0.00038491147036181676
no.film,no.org.decus,2587,18,1,0.00038402457757296467
no.mac,no.org.efn.nyheter,2742,2,1,0.0003645643456069996
no.marked,no.uninett.fik,8430,37,3,0.00035444234404536864
no.org.efn.nyheter,no.spill,2,2992,1,0.0003341129301703976
no.alt.troll,no.spill,7,2992,1,0.000333555703802535
no.linux,no.org.efn.nyheter,3019,2,1,0.00033112582781456954
no.alt.frustrasjoner,no.alt.gullkorn,3039,7,1,0.0003284072249589491
no.linux,no.uninett.fik,3019,37,1,0.0003273322422258593
no.org.decus,no.test,18,6386,2,0.00031240237425804435
no.alt.gullkorn,no.ms-windows,7,3235,1,0.000308546744831842
no.org.efn.nyheter,no.www,2,3452,1,0.0002896032435563278
no.general,no.org.nobug.nytt,7075,2,2,0.0002826855123674912
no.general,no.uninett.fik,7075,37,2,0.00028129395218002813
no.org.efn.nyheter,no.vitser,2,3555,1,0.00028121484814398203
no.org.decus,no.vitser,18,3555,1,0.0002799552071668533
no.uninett.fik,no.vitser,37,3555,1,0.000278473962684489
no.musikk,no.org.efn.nyheter,3667,2,1,0.0002726281352235551
no.musikk,no.org.decus,3667,18,1,0.0002714440825190011
no.musikk,no.uninett.fik,3667,37,1,0.00027005130974885227
no.org.efn.nyheter,no.test,2,6386,1,0.0001565680288085173
no.alt.gullkorn,no.test,7,6386,1,0.00015644555694618273
no.alt.troll,no.test,7,6386,1,0.00015644555694618273
no.org.efn.nyheter,no.pc,2,7028,1,0.0001422677479015507
no.alt.gullkorn,no.pc,7,7028,1,0.00014216661927779356
no.general,no.org.efn.nyheter,7075,2,1,0.00014132278123233464
no.marked.data,no.org.efn.nyheter,7987,2,1,0.00012518778167250875
no.marked.data,no.org.nobug.nytt,7987,2,1,0.00012518778167250875
no.alt.gullkorn,no.marked.data,7,7987,1,0.00012510947078693858
no.alt.troll,no.marked.data,7,7987,1,0.00012510947078693858
no.marked,no.org.efn.nyheter,8430,2,1,0.00011860989206499822
no.alt.gullkorn,no.marked,7,8430,1,0.00011853959222380275
