newsgroup_a,newsgroup_b,users_a,users_b,shared_users,jaccard
no.alt.diskusjoner.usa,no.samfunn.politikk.utenriks,1,1,1,1.0
no.it.os.unix.linux.diverse,no.it.os.unix.linux.nettverk,1,1,1,1.0
no.embnet,no.havforskning,260,398,173,0.35670103092783506
no.bibsys,no.embnet,235,260,127,0.3451086956521739
no.ef,no.embnet,567,260,209,0.33818770226537215
no.annonser.spill.data,no.kultur.musikk.diverse,1,3,1,0.3333333333333333
no.alt.frustrasjoner,no.alt.gledesutbrudd,3041,1754,1174,0.32421982877658106
no.alt.pompel-og-pilt,no.alt.radio-tv.irma-1000,329,309,151,0.31006160164271046
no.mail.diverse,no.mail.drift,995,430,324,0.29427792915531337
no.marked,no.marked.data,8430,7987,3575,0.2783834293723719
no.prat.politikk,no.stortinget,1152,665,383,0.2670850767085077
no.alt.radio-tv.irma-1000,no.bibsys,309,235,112,0.25925925925925924
no.biz.annonser,no.biz.annonser.data,2197,1548,761,0.2550268096514745
no.alt.diskusjoner,no.alt.frustrasjoner,2368,3041,1092,0.2529534398888117
no.ai,no.alt.arkiv,254,199,91,0.2513812154696133
no.lisp,no.mail.drift,302,430,146,0.24914675767918087
no.eunet.drift,no.eunet.hjelp,135,244,75,0.24671052631578946
no.alt.arkiv,no.alt.config,199,408,120,0.2464065708418891
no.alt.pompel-og-pilt,no.bibsys,329,235,110,0.2422907488986784
no.slekt,no.slekt.etterlysning,1837,1240,580,0.23227873448137765
no.alt.diskusjoner,no.prat.politikk,2368,1152,662,0.23163051084674596
no.bibsys,no.havforskning,235,398,117,0.22674418604651161
no.kjemi,no.mail.drift,746,430,216,0.225
no.ms-windows,no.pc,3235,7029,1871,0.22292386512569998
no.embnet,no.lisp,260,302,102,0.2217391304347826
no.eunet.diverse,no.eunet.drift,141,135,50,0.22123893805309736
no.student.nett,no.student.samfund,452,255,128,0.22107081174438686
no.alt.diskusjoner,no.general,2368,7081,1666,0.21405627650006423
no.alt.radio-tv.irma-1000,no.embnet,309,260,100,0.21321961620469082
no.ef,no.havforskning,567,398,169,0.21231155778894473
no.marked.data,no.pc,7987,7029,2626,0.2119451170298628
no.alt.frustrasjoner,no.general,3041,7081,1756,0.20989720296437964
no.uninett.drift,no.uninett.katalog,112,68,31,0.2080536912751678
no.mail.diverse,no.net,995,1218,377,0.2053376906318083
no.alt.pompelog,no.alt.radio_tv.irma1000,143,210,60,0.20477815699658702
no.uninett.drift,no.uninett.hjelp,112,124,40,0.20408163265306123
no.c,no.ef,1036,567,270,0.20255063765941486
no.alt.diskusjoner,no.news.diverse,2368,1893,714,0.2012968705948689
no.alt.diskusjoner,no.alt.gledesutbrudd,2368,1754,688,0.20034944670937682
no.alt.god.jul,no.alt.pompel-og-pilt,570,329,150,0.20026702269692923
no.uninett.hjelp,no.uninett.katalog,124,68,32,0.2
no.bibsys,no.ef,235,567,133,0.19880418535127056
no.bibsys,no.lisp,235,302,88,0.19599109131403117
no.alt.pompel-og-pilt,no.embnet,329,260,96,0.1947261663286004
no.embnet,no.mail.drift,260,430,112,0.19377162629757785
no.embnet,no.eunet.diverse,260,141,65,0.19345238095238096
no.c,no.embnet,1036,260,209,0.1922723091076357
no.alt.mat,no.alt.mat.drikke,1286,659,309,0.18887530562347188
no.linux,no.unix,3024,1439,707,0.1882321618743344
no.biz.diskusjoner,no.biz.nettilbydere,431,686,175,0.18577494692144372
no.havforskning,no.kjemi,398,746,178,0.18426501035196688
no.ai,no.alt.config,254,408,102,0.18214285714285713
no.alt.pompel-og-pilt,no.alt.sjokolade,329,656,151,0.18105515587529977
no.alt.diskusjoner,no.norsk,2368,1963,662,0.18043063505042245
no.alt.god.jul,no.alt.radio-tv.irma-1000,570,309,133,0.17828418230563003
no.alt.diskusjoner,no.jus,2368,1852,638,0.17811278615298715
no.bil,no.marked.bil,2153,1423,540,0.17786561264822134
no.alt.frustrasjoner,no.news.diverse,3041,1893,745,0.1778467414657436
no.alt.pompel-og-pilt,no.lisp,329,302,95,0.17723880597014927
no.havforskning,no.mail.drift,398,430,124,0.17613636363636365
no.alt.radio-tv.irma-1000,no.lisp,309,302,91,0.175
no.marked,no.pc,8430,7029,2295,0.1743391066545123
no.alt.radio-tv.irma-1000,no.alt.sjokolade,309,656,143,0.17396593673965938
no.sources.list,no.uninett.katalog,101,68,25,0.1736111111111111
no.kjemi,no.mail.diverse,746,995,257,0.17318059299191374
no.jus,no.news.diverse,1852,1893,548,0.17141069752893337
no.alt.radio-tv.irma-1000,no.mail.drift,309,430,108,0.17115689381933438
no.kjemi,no.lisp,746,302,153,0.17094972067039105
no.general,no.www,7081,3452,1532,0.17020331074325076
no.news.diverse,no.norsk,1893,1963,558,0.16919345057610674
no.sources.list,no.sources.wanted,101,218,46,0.1684981684981685
no.ef,no.lisp,567,302,124,0.16644295302013423
no.lisp,no.mail.diverse,302,995,185,0.16636690647482014
no.pc,no.www,7029,3452,1492,0.16598064300812104
no.film,no.radio-tv,2587,2075,662,0.1655
no.mail.drift,no.net,430,1218,234,0.16548797736916548
no.bolig,no.marked.bolig,978,892,264,0.1643835616438356
no.alt.gledesutbrudd,no.news.diverse,1754,1893,510,0.1625757092763787
no.tungregning,no.uninett.katalog,118,68,26,0.1625
no.mail.diverse,no.news.diverse,995,1893,402,0.16170555108608206
no.uninett.diverse,no.uninett.drift,262,112,52,0.16149068322981366
no.slekt.etterlysning,no.slekt.programmer,1240,589,254,0.16126984126984126
no.net,no.news.diverse,1218,1893,432,0.1612541993281075
no.alt.frustrasjoner,no.www,3041,3452,900,0.16091543000178796
no.havforskning,no.lisp,398,302,97,0.16086235489220563
no.alt.pompel-og-pilt,no.ef,329,567,123,0.1591203104786546
no.mail.drift,no.news.drift,430,379,111,0.15902578796561603
no.multimedia,no.net,1383,1218,356,0.15857461024498887
no.slekt,no.slekt.programmer,1837,589,331,0.15799522673031027
no.alt.diskusjoner,no.religion,2368,1585,537,0.15720140515222483
no.news.diverse,no.www,1893,3452,723,0.15642578970142795
no.news.drift,no.org.efn.diskusjon,379,446,111,0.15546218487394958
no.ef,no.mail.drift,567,430,134,0.1552723059096176
no.alt.god.jul,no.bibsys,570,235,108,0.15494978479196556
no.general,no.pc,7081,7029,1885,0.1541922290388548
no.kryptografi,no.lisp,359,302,88,0.15357766143106458
no.alt.diskusjoner,no.www,2368,3452,774,0.15338882282996433
no.alt.god.jul,no.alt.sjokolade,570,656,163,0.1533396048918156
no.alkohol,no.alt.diskusjoner,1192,2368,471,0.15247652962123664
no.uninett.diverse,no.uninett.hjelp,262,124,51,0.15223880597014924
no.nuug,no.sources.list,164,101,35,0.15217391304347827
no.jus,no.norsk,1852,1963,503,0.1518719806763285
no.ms-windows,no.www,3235,3452,880,0.15154124332701913
no.alt.radio-tv.irma-1000,no.havforskning,309,398,93,0.15146579804560262
no.prat.politikk,no.religion,1152,1585,360,0.15145140933950357
no.alt.frustrasjoner,no.norsk,3041,1963,658,0.1514035895075932
no.irc,no.jus,1475,1852,437,0.15121107266435987
no.general,no.news.diverse,7081,1893,1167,0.14948123478929165
no.bibsys,no.mail.drift,235,430,86,0.14853195164075994
no.alt.pompel-og-pilt,no.havforskning,329,398,94,0.1484992101105845
no.alt.sjokolade,no.bibsys,656,235,115,0.1481958762886598
no.sources.list,no.tungregning,101,118,28,0.14659685863874344
no.ef,no.irc,567,1475,261,0.14654688377316114
no.alt.sjokolade,no.alt.tegneserier,656,1043,217,0.14642375168690958
no.alt.god.jul,no.ef,570,567,145,0.1461693548387097
no.mail.diverse,no.multimedia,995,1383,303,0.14602409638554217
no.standard,no.uninett.katalog,129,68,25,0.14534883720930233
no.alt.frustrasjoner,no.jus,3041,1852,620,0.14509712146033232
no.org.nobug.diverse,no.uninett.katalog,90,68,20,0.14492753623188406
no.alt.pompel-og-pilt,no.mail.drift,329,430,96,0.14479638009049775
no.jus,no.mail.diverse,1852,995,360,0.14475271411338964
no.news.diverse,no.prat.politikk,1893,1152,384,0.14430665163472378
no.alt.god.jul,no.embnet,570,260,104,0.14325068870523416
no.embnet,no.kjemi,260,746,126,0.1431818181818182
no.alt.radio-tv.irma-1000,no.ef,309,567,109,0.1421121251629726
no.standard,no.tegnsett,129,249,47,0.1419939577039275
no.alt.tegneserier,no.ef,1043,567,200,0.14184397163120568
no.general,no.norsk,7081,1963,1121,0.14148681055155876
no.jus,no.prat.politikk,1852,1152,372,0.1413373860182371
no.net,no.news.drift,1218,379,197,0.1407142857142857
no.litteratur,no.norsk,1532,1963,431,0.14066579634464751
no.general,no.jus,7081,1852,1098,0.14014039566049777
no.norsk,no.prat.politikk,1963,1152,382,0.1397731430662276
no.news.drift,no.tegnsett,379,249,77,0.1397459165154265
no.alt.diskusjoner,no.irc,2368,1475,471,0.1396797153024911
no.pc,no.spill,7029,2992,1226,0.13939738487777145
no.it.emacs,no.lisp,395,302,85,0.1388888888888889
no.ef,no.kjemi,567,746,160,0.13876843018213356
no.prat.politikk,no.vit.diverse,1152,473,198,0.13875262789067974
no.standard,no.tungregning,129,118,30,0.1382488479262673
no.alt.diskusjoner,no.stortinget,2368,665,368,0.1380863039399625
no.c,no.unix,1036,1439,299,0.13740808823529413
no.bibsys,no.biz,235,55,35,0.13725490196078433
no.c,no.havforskning,1036,398,173,0.1371927042030135
no.jus,no.kjemi,1852,746,313,0.13698030634573305
no.alkohol,no.prat.narkotika,1192,527,207,0.13690476190476192
no.ef,no.mail.diverse,567,995,188,0.13682678311499272
no.tungregning,no.uninett.hjelp,118,124,29,0.13615023474178403
no.news.drift,no.nuug,379,164,65,0.13598326359832635
no.net,no.unix,1218,1439,317,0.13547008547008546
no.biz.annonser.data,no.marked.data,1548,7987,1132,0.1347137926930858
no.mail.diverse,no.news.drift,995,379,163,0.13459950454170108
no.audio,no.elektronikk,2493,2253,562,0.13432122370936903
no.alt.tegneserier,no.embnet,1043,260,154,0.134029590948651
no.jus,no.net,1852,1218,361,0.13325950535252862
no.alt.config,no.alt.god.jul,408,570,115,0.1332560834298957
no.alt.gledesutbrudd,no.alt.mat,1754,1286,357,0.13306000745434216
no.tungregning,no.uninett.drift,118,112,27,0.1330049261083744
no.ef,no.prat.politikk,567,1152,201,0.1324110671936759
no.film,no.musikk,2587,3669,729,0.1318979554912249
no.alt.arkiv,no.alt.radio-tv.irma-1000,199,309,59,0.13140311804008908
no.biz.annonser,no.marked,2197,8430,1234,0.13137442776535718
no.alt.god.jul,no.alt.tegneserier,570,1043,187,0.13113604488078542
no.ef,no.jus,567,1852,280,0.13090229079008883
no.irc,no.news.diverse,1475,1893,389,0.130580731789191
no.net,no.www,1218,3452,539,0.13047688211086905
no.sources.wanted,no.standard,218,129,40,0.13029315960912052
no.general,no.marked,7081,8430,1788,0.1302922101581287
no.mail.drift,no.multimedia,430,1383,207,0.12889165628891655
no.alt.gledesutbrudd,no.general,1754,7081,1007,0.12864077669902912
no.alt.frustrasjoner,no.vitser,3041,3558,752,0.12861296391311783
no.news.diverse,no.unix,1893,1439,379,0.128344056891297
no.c,no.irc,1036,1475,284,0.12752581948810057
no.musikk,no.musikk.gitar,3669,1148,543,0.12704726251754797
no.alt.sjokolade,no.embnet,656,260,103,0.12669126691266913
no.alt.gledesutbrudd,no.jus,1754,1852,405,0.12652296157450796
no.prat.narkotika,no.prat.politikk,527,1152,188,0.12608987256874582
no.irc,no.mail.diverse,1475,995,276,0.12579762989972654
no.alt.frustrasjoner,no.irc,3041,1475,504,0.12562313060817548
no.skole.diverse,no.uninett.skole,563,522,121,0.12551867219917012
no.alt.frustrasjoner,no.radio-tv,3041,2075,569,0.1251374532658896
no.alt.gledesutbrudd,no.norsk,1754,1963,413,0.125
no.jus,no.litteratur,1852,1532,376,0.125
no.sources.list,no.uninett.hjelp,101,124,25,0.125
no.kjemi,no.litteratur,746,1532,253,0.12493827160493827
no.kjemi,no.net,746,1218,218,0.12485681557846506
no.c,no.net,1036,1218,250,0.124750499001996
no.alt.pompel-og-pilt,no.alt.tegneserier,329,1043,152,0.12459016393442623
no.alt.config,no.alt.pompelog,408,143,61,0.12448979591836734
no.c,no.lisp,1036,302,148,0.12436974789915967
no.media,no.prat.politikk,734,1152,208,0.12395709177592372
no.alt.radio-tv.irma-1000,no.alt.tegneserier,309,1043,149,0.12385702410640066
no.news.diverse,no.news.drift,1893,379,250,0.12363996043521266
no.biz.diskusjoner,no.embnet,431,260,76,0.12357723577235773
no.alt.diskusjoner,no.radio-tv,2368,2075,488,0.1233881163084703
no.perl,no.unix,564,1439,220,0.12338754907459339
no.c,no.mail.diverse,1036,995,223,0.12334070796460177
no.biz.annonser.data,no.biz.nettilbydere,1548,686,245,0.1231774761186526
no.bibsys,no.c,235,1036,139,0.12279151943462897
no.alt.sjokolade,no.ef,656,567,133,0.12201834862385322
no.kjemi,no.multimedia,746,1383,231,0.12170706006322445
no.alt.gledesutbrudd,no.irc,1754,1475,350,0.12156998957971518
no.sources.list,no.uninett.drift,101,112,23,0.12105263157894737
no.alt.diskusjoner,no.prat.seksualitet,2368,883,351,0.12103448275862069
no.nuug,no.uninett.katalog,164,68,25,0.12077294685990338
no.mail.drift,no.nuug,430,164,64,0.12075471698113208
no.alt.diskusjoner,no.media,2368,734,334,0.12066473988439307
no.alt.diskusjoner,no.ef,2368,567,316,0.12065673921344025
no.litteratur,no.mail.diverse,1532,995,272,0.12062084257206208
no.litteratur,no.mail.drift,1532,430,211,0.12050256996002284
no.alt.frustrasjoner,no.prat.politikk,3041,1152,450,0.12022441891530858
no.irc,no.net,1475,1218,289,0.120216306156406
no.linux,no.net,3024,1218,455,0.12014787430683918
no.alt.radio-tv.irma-1000,no.kjemi,309,746,113,0.11995753715498939
no.jus,no.www,1852,3452,566,0.1194596876319122
no.marked.data,no.ms-windows,7987,3235,1194,0.1190666134822497
no.alkohol,no.alt.config,1192,408,170,0.11888111888111888
no.havforskning,no.mail.diverse,398,995,148,0.11887550200803212
no.biz.annonser,no.marked.data,2197,7987,1082,0.11887497253350912
no.linux,no.pc,3024,7029,1068,0.11886477462437396
no.biz.diskusjoner,no.ef,431,567,106,0.11883408071748879
no.kjemi,no.medisin,746,1038,189,0.11849529780564264
no.ef,no.net,567,1218,189,0.11842105263157894
no.tegnsett,no.uninett.diverse,249,262,54,0.11816192560175055
no.alt.diskusjoner,no.alt.mat,2368,1286,386,0.11811505507955937
no.kryptografi,no.org.efn.diskusjon,359,446,85,0.11805555555555555
no.alt.sjokolade,no.lisp,656,302,101,0.11785297549591599
no.alt.god.jul,no.havforskning,570,398,102,0.11778290993071594
no.alt.gledesutbrudd,no.prat.politikk,1754,1152,306,0.1176923076923077
no.tele,no.www,2097,3452,584,0.1176233635448137
no.bibsys,no.kjemi,235,746,103,0.11731207289293849
no.sources.wanted,no.tegnsett,218,249,49,0.11722488038277512
no.jus,no.org.efn.diskusjon,1852,446,241,0.11716091395235781
no.alt.frustrasjoner,no.film,3041,2587,590,0.11710996427153632
no.mail.diverse,no.unix,995,1439,255,0.11702615878843506
no.havforskning,no.irc,398,1475,196,0.11687537268932618
no.alt.config,no.ef,408,567,102,0.11683848797250859
no.general,no.prat.politikk,7081,1152,861,0.1167932718393923
no.alt.god.jul,no.lisp,570,302,91,0.11651728553137004
no.sources.list,no.standard,101,129,24,0.11650485436893204
no.norsk,no.www,1963,3452,565,0.11649484536082474
no.ai,no.lisp,254,302,58,0.11646586345381527
no.alt.config,no.news.drift,408,379,82,0.11631205673758865
no.kjemi,no.vit.diverse,746,473,127,0.1163003663003663
no.marked,no.musikk,8430,3669,1259,0.11614391143911439
no.alt.diskusjoner,no.net,2368,1218,373,0.11609088079676315
no.eunet.diverse,no.eunet.hjelp,141,244,40,0.11594202898550725
no.alt.diskusjoner,no.film,2368,2587,514,0.11573969826615627
no.alt.frustrasjoner,no.pc,3041,7029,1044,0.11566585419898072
no.org.efn.diskusjon,no.tegnsett,446,249,72,0.11556982343499198
no.news.diverse,no.radio-tv,1893,2075,411,0.11554680910879955
no.c,no.jus,1036,1852,299,0.11548860563924294
no.general,no.linux,7081,3024,1044,0.11521907074274362
no.alt.tegneserier,no.film,1043,2587,375,0.1152073732718894
no.media,no.radio-tv,734,2075,290,0.11512504962286621
no.embnet,no.irc,260,1475,179,0.11503856041131105
no.org.efn.diskusjon,no.telepost,446,417,89,0.11498708010335917
no.alt.diskusjoner,no.vitser,2368,3558,611,0.1149576669802446
no.uninett.diverse,no.uninett.katalog,262,68,34,0.11486486486486487
no.media,no.multimedia,734,1383,218,0.114797261716693
no.uninett.diverse,no.vr,262,166,44,0.11458333333333333
no.standard,no.uninett.hjelp,129,124,26,0.1145374449339207
no.ef,no.org.efn.diskusjon,567,446,104,0.11441144114411442
no.alt.sjokolade,no.havforskning,656,398,108,0.11416490486257928
no.alt.arkiv,no.alt.pompelog,199,143,35,0.11400651465798045
no.prat.politikk,no.prat.seksualitet,1152,883,208,0.11384783798576902
no.alkohol,no.alt.mat.drikke,1192,659,189,0.11371841155234658
no.bibsys,no.biz.diskusjoner,235,431,68,0.11371237458193979
no.media,no.news.diverse,734,1893,268,0.11360746078846969
no.alt.god.jul,no.mail.drift,570,430,102,0.11358574610244988
no.alt.tegneserier,no.c,1043,1036,212,0.11355115158007499
no.alt.frustrasjoner,no.musikk,3041,3669,681,0.1129540553989053
no.ef,no.news.drift,567,379,96,0.11294117647058824
no.kryptografi,no.mail.drift,359,430,80,0.11283497884344147
no.jus,no.mail.drift,1852,430,231,0.11262798634812286
no.radio-tv,no.radio_tv,2075,583,269,0.11259941398074508
no.prat.politikk,no.skole.diverse,1152,563,173,0.11219195849546044
no.jus,no.multimedia,1852,1383,326,0.11206600206256445
no.film,no.video,2587,942,355,0.11184625078764965
no.linux,no.www,3024,3452,650,0.11156882938551321
no.c,no.mail.drift,1036,430,147,0.11144806671721001
no.net,no.tele,1218,2097,332,0.11129735165940328
no.linux,no.news.diverse,3024,1893,492,0.1111864406779661
no.linux,no.mail.diverse,3024,995,402,0.11114183024606027
no.folklore.generelt,no.folklore.overtro,49,131,18,0.1111111111111111
no.musikk,no.radio-tv,3669,2075,574,0.11102514506769826
no.irc,no.www,1475,3452,492,0.11093573844419391
no.it.emacs,no.unix,395,1439,183,0.1108419139915203
no.c,no.linux,1036,3024,405,0.11080711354309165
no.tegnsett,no.uninett.drift,249,112,36,0.11076923076923077
no.nuug,no.sources.wanted,164,218,38,0.11046511627906977
no.audio,no.musikk,2493,3669,612,0.11027027027027027
no.alt.frustrasjoner,no.linux,3041,3024,602,0.11019586307889438
no.bil,no.elektronikk,2153,2253,437,0.11010330057949105
no.org.isoc-no,no.uninett.katalog,53,68,12,0.11009174311926606
no.tegnsett,no.telepost,249,417,66,0.11
no.audio,no.film,2493,2587,503,0.10989731265020757
no.nuug,no.standard,164,129,29,0.10984848484848485
no.radio-tv,no.www,2075,3452,547,0.10983935742971887
no.news.diverse,no.religion,1893,1585,344,0.10976388002552648
no.embnet,no.mail.diverse,260,995,124,0.10963748894783377
no.norsk,no.religion,1963,1585,350,0.10944340212632896
no.general,no.radio-tv,7081,2075,903,0.10941475826972011
no.alt.diskusjoner,no.litteratur,2368,1532,384,0.10921501706484642
no.elektronikk,no.tele,2253,2097,428,0.10912799592044875
no.film,no.general,2587,7081,950,0.10896994723560449
no.alt.pompelog,no.eunet.hjelp,143,244,38,0.10888252148997135
no.alt.config,no.alt.katter,408,774,116,0.10881801125703565
no.lisp,no.net,302,1218,149,0.10867979576951131
no.alt.gledesutbrudd,no.www,1754,3452,509,0.1083670427932723
no.alkohol,no.alt.gledesutbrudd,1192,1754,288,0.10835214446952596
no.audio,no.bil,2493,2153,454,0.10830152671755726
no.alt.sjokolade,no.kjemi,656,746,137,0.108300395256917
no.alt.katter,no.alt.mat.drikke,774,659,140,0.10827532869296211
no.mac,no.multimedia,2742,1383,403,0.10827512090274047
no.alt.pompel-og-pilt,no.kjemi,329,746,105,0.10824742268041238
no.alt.config,no.alt.diskusjoner,408,2368,271,0.10818363273453094
no.net,no.norsk,1218,1963,310,0.1079763148728666
no.ef,no.multimedia,567,1383,190,0.10795454545454546
no.jus,no.linux,1852,3024,475,0.10793001590547603
no.pc,no.tele,7029,2097,888,0.10779315367807721
no.alkohol,no.alt.frustrasjoner,1192,3041,411,0.1075353218210361
no.news.diverse,no.tele,1893,2097,387,0.10741049125728559
no.sources.wanted,no.uninett.drift,218,112,32,0.10738255033557047
no.general,no.musikk,7081,3669,1040,0.10710607621009269
no.alt.mat.drikke,no.alt.sjokolade,659,656,127,0.1069023569023569
no.alt.frustrasjoner,no.alt.mat,3041,1286,417,0.10664961636828645
no.alt.diskusjoner,no.mail.diverse,2368,995,324,0.10661401776900296
no.it.emacs,no.x,395,301,67,0.10651828298887123
no.org.efn.diskusjon,no.psykologi,446,584,99,0.10633727175080558
no.biz.annonser,no.biz.nettilbydere,2197,686,277,0.10629316960859554
no.ef,no.stortinget,567,665,118,0.1059245960502693
no.nuug,no.tungregning,164,118,27,0.10588235294117647
no.irc,no.kjemi,1475,746,212,0.1055251368840219
no.ai,no.embnet,254,260,49,0.1053763440860215
no.media,no.norsk,734,1963,257,0.10532786885245901
no.ms-windows,no.tele,3235,2097,508,0.10530679933665009
no.alt.tegneserier,no.havforskning,1043,398,137,0.10506134969325154
no.ms-windows,no.spill,3235,2992,591,0.10486160397444996
no.alt.gledesutbrudd,no.film,1754,2587,412,0.10486128785950624
no.it.emacs,no.perl,395,564,91,0.10483870967741936
no.unix,no.www,1439,3452,464,0.10481138468488818
no.c,no.kjemi,1036,746,169,0.10477371357718537
no.unix,no.x,1439,301,165,0.10476190476190476
no.alt.config,no.alt.gledesutbrudd,408,1754,205,0.10475217169136433
no.alt.diskusjoner,no.pc,2368,7029,891,0.10474958852574653
no.alt.gledesutbrudd,no.prat.seksualitet,1754,883,250,0.10473397570171764
no.alt.frustrasjoner,no.prat.seksualitet,3041,883,372,0.10472972972972973
no.alt.tegneserier,no.bibsys,1043,235,121,0.10458081244598098
no.alt.config,no.alt.mat.drikke,408,659,101,0.10455486542443064
no.film,no.jus,2587,1852,420,0.1045036078626524
no.jus,no.religion,1852,1585,325,0.10443444730077121
no.alt.gledesutbrudd,no.radio-tv,1754,2075,362,0.10441303720796077
no.it.diverse,no.vit.diverse,606,473,102,0.10440122824974411
no.sources.wanted,no.uninett.katalog,218,68,27,0.10424710424710425
no.alt.frustrasjoner,no.net,3041,1218,402,0.10422608244749805
no.folklore.edb,no.folklore.overtro,219,131,33,0.10410094637223975
no.alt.config,no.mail.drift,408,430,79,0.10408432147562582
no.mail.drift,no.tegnsett,430,249,64,0.1040650406504065
no.jus,no.radio-tv,1852,2075,370,0.10402024177677818
no.nuug,no.uninett.drift,164,112,26,0.104
no.it.emacs,no.kryptografi,395,359,71,0.10395314787701318
no.alt.diskusjoner,no.musikk,2368,3669,568,0.10385810934357287
no.uninett.katalog,no.vr,68,166,22,0.10377358490566038
no.general,no.marked.data,7081,7987,1416,0.1037210665104014
no.alt.frustrasjoner,no.unix,3041,1439,421,0.10372012811037201
no.tegnsett,no.uninett.hjelp,249,124,35,0.10355029585798817
no.news.drift,no.uninett.diverse,379,262,60,0.10327022375215146
no.jus,no.media,1852,734,242,0.10324232081911262
no.alt.gledesutbrudd,no.vitser,1754,3558,497,0.10321910695742471
no.general,no.vitser,7081,3558,995,0.10317295727913729
no.alt.god.jul,no.kjemi,570,746,123,0.10310142497904443
no.alt.config,no.alt.radio-tv.irma-1000,408,309,67,0.10307692307692308
no.nuug,no.org.efn.diskusjon,164,446,57,0.10307414104882459
no.norsk,no.radio-tv,1963,2075,377,0.1029773285987435
no.alkohol,no.jus,1192,1852,284,0.10289855072463767
no.alt.pompel-og-pilt,no.alt.pompelog,329,143,44,0.102803738317757
no.ai,no.alt.pompelog,254,143,37,0.10277777777777777
no.stortinget,no.vit.diverse,665,473,106,0.10271317829457365
no.news.drift,no.telepost,379,417,74,0.10249307479224377
no.eunet.diverse,no.havforskning,141,398,50,0.10224948875255624
no.alt.god.jul,no.mail.diverse,570,995,145,0.10211267605633803
no.tegnsett,no.tungregning,249,118,34,0.1021021021021021
no.multimedia,no.news.diverse,1383,1893,303,0.10191725529767912
no.biz.annonser,no.biz.diskusjoner,2197,431,243,0.1018867924528302
no.mail.drift,no.org.efn.diskusjon,430,446,81,0.1018867924528302
no.irc,no.linux,1475,3024,416,0.10188586823414156
no.lisp,no.perl,302,564,80,0.10178117048346055
no.kjemi,no.kryptografi,746,359,102,0.1016949152542373
no.alt.frustrasjoner,no.religion,3041,1585,427,0.10169087878066206
no.mail.diverse,no.org.efn.diskusjon,995,446,133,0.10168195718654434
no.sources.wanted,no.tungregning,218,118,31,0.10163934426229508
no.marked.data,no.spill,7987,2992,1012,0.10153506571686566
no.jus,no.tele,1852,2097,364,0.10153417015341702
no.jus,no.stortinget,1852,665,232,0.10153172866520788
no.tungregning,no.uninett.diverse,118,262,35,0.10144927536231885
no.alt.config,no.alt.mat,408,1286,156,0.10143042912873862
no.marked,no.www,8430,3452,1094,0.10140897293288839
no.nuug,no.tegnsett,164,249,38,0.10133333333333333
no.litteratur,no.multimedia,1532,1383,268,0.10124669437098602
no.elektronikk,no.pc,2253,7029,853,0.10119824415707676
no.alt.config,no.news.diverse,408,1893,211,0.10095693779904306
no.audio,no.marked,2493,8430,1001,0.1008869179600887
no.lisp,no.litteratur,302,1532,168,0.10084033613445378
no.film,no.irc,2587,1475,372,0.1008130081300813
no.news.diverse,no.pc,1893,7029,817,0.10080197409006786
no.film,no.litteratur,2587,1532,377,0.10074826296098344
no.c,no.news.diverse,1036,1893,268,0.1007140172867343
no.sources.list,no.tegnsett,101,249,32,0.10062893081761007
no.it.emacs,no.tex,395,218,56,0.10053859964093358
no.ai,no.alkohol,254,1192,132,0.1004566210045662
no.psykologi,no.religion,584,1585,198,0.1004566210045662
no.standard,no.uninett.drift,129,112,22,0.1004566210045662
no.general,no.irc,7081,1475,781,0.10045016077170418
no.lisp,no.x,302,301,55,0.10036496350364964
no.radio-tv,no.video,2075,942,275,0.10029175784099198
no.embnet,no.eunet.drift,260,135,36,0.10027855153203342
no.ef,no.litteratur,567,1532,191,0.100104821802935
no.mail.diverse,no.norsk,995,1963,269,0.10003718854592786
no.irc,no.mail.drift,1475,430,173,0.09988452655889145
no.norsk.fagord,no.vit.diverse,243,473,65,0.09984639016897082
no.ms-windows,no.multimedia,3235,1383,419,0.09978566325315551
no.news.diverse,no.vit.diverse,1893,473,214,0.09944237918215613
no.org.efn.diskusjon,no.uninett.diverse,446,262,64,0.09937888198757763
no.biz.nettilbydere,no.net,686,1218,172,0.09930715935334873
no.alt.sjokolade,no.mail.drift,656,430,98,0.09919028340080972
no.biz.annonser,no.marked.jobb,2197,2181,395,0.09917147878483555
no.norsk,no.stortinget,1963,665,237,0.09912170639899624
no.kryptografi,no.uninett.diverse,359,262,56,0.09911504424778761
no.alt.irc-treff,no.alt.irctreff,296,82,34,0.09883720930232558
no.ef,no.media,567,734,117,0.09881756756756757
no.alkohol,no.ef,1192,567,158,0.09868831980012492
no.alkohol,no.alt.mat,1192,1286,222,0.09840425531914894
no.irc,no.norsk,1475,1963,308,0.09840255591054313
no.alt.diskusjoner,no.tele,2368,2097,400,0.0984009840098401
no.folklore.edb,no.it.emacs,219,395,55,0.09838998211091235
no.alt.config,no.alt.irc-treff,408,296,63,0.09828393135725429
no.ef,no.psykologi,567,584,103,0.0982824427480916
no.marked.data,no.www,7987,3452,1023,0.09821428571428571
no.alt.pompel-og-pilt,no.c,329,1036,122,0.09814963797264682
no.nuug,no.uninett.diverse,164,262,38,0.0979381443298969
no.vitser,no.www,3558,3452,625,0.09788566953797964
no.tegnsett,no.x,249,301,49,0.09780439121756487
no.general,no.religion,7081,1585,772,0.09779579427413225
no.ef,no.news.diverse,567,1893,219,0.09772423025435073
no.alt.arkiv,no.alt.pompel-og-pilt,199,329,47,0.09771309771309772
no.ef,no.eunet.diverse,567,141,63,0.09767441860465116
no.alt.mat,no.jus,1286,1852,279,0.09758656873032528
no.alt.gledesutbrudd,no.media,1754,734,221,0.09748566387295986
no.skole.diverse,no.vit.diverse,563,473,92,0.09745762711864407
no.litteratur,no.news.diverse,1532,1893,304,0.09740467798782441
no.irc,no.multimedia,1475,1383,253,0.09712092130518234
no.multimedia,no.www,1383,3452,428,0.09711822101202632
no.alt.diskusjoner,no.unix,2368,1439,337,0.09711815561959654
no.spill,no.www,2992,3452,570,0.09703779366700716
no.alkohol,no.prat.politikk,1192,1152,207,0.09686476368741226
no.org.efn.diskusjon,no.stortinget,446,665,98,0.09674234945705824
no.alt.radio-tv.irma-1000,no.mail.diverse,309,995,115,0.09671993271656855
no.prat.narkotika,no.stortinget,527,665,105,0.09659613615455381
no.alt.mat,no.news.diverse,1286,1893,280,0.09658502932045533
no.mac,no.mail.diverse,2742,995,329,0.09653755868544601
no.elektronikk,no.radio-tv,2253,2075,381,0.09652900937420826
no.alt.gledesutbrudd,no.alt.tegneserier,1754,1043,246,0.0964327714621717
no.alt.gledesutbrudd,no.net,1754,1218,261,0.09627443747694578
no.folklore.overtro,no.vit.diverse,131,473,53,0.09618874773139746
no.sources.wanted,no.uninett.hjelp,218,124,30,0.09615384615384616
no.biz.nettilbydere,no.tele,686,2097,244,0.09610082709728239
no.news.diverse,no.org.efn.diskusjon,1893,446,205,0.09606373008434864
no.alt.diskusjoner,no.linux,2368,3024,472,0.0959349593495935
no.alt.gledesutbrudd,no.alt.mat.drikke,1754,659,211,0.0958219800181653
no.lisp,no.multimedia,302,1383,147,0.09557867360208062
no.irc,no.lisp,1475,302,155,0.09556103575832306
no.media,no.stortinget,734,665,122,0.09553641346906813
no.jus,no.medisin,1852,1038,252,0.09552691432903715
no.ms-windows,no.net,3235,1218,388,0.0954489544895449
no.alt.gledesutbrudd,no.unix,1754,1439,278,0.095368782161235
no.standard,no.uninett.diverse,129,262,34,0.09523809523809523
no.musikk,no.news.diverse,3669,1893,483,0.09509746012994684
no.alt.sjokolade,no.irc,656,1475,185,0.09506680369989723
no.nuug,no.uninett.hjelp,164,124,25,0.09505703422053231
no.prat.politikk,no.www,1152,3452,399,0.09488703923900119
no.it.diverse,no.net,606,1218,158,0.09483793517406963
no.alt.frustrasjoner,no.media,3041,734,327,0.09483758700696056
no.media,no.net,734,1218,169,0.09478407178911946
no.alt.gledesutbrudd,no.religion,1754,1585,289,0.09475409836065574
no.net,no.org.efn.diskusjon,1218,446,144,0.09473684210526316
no.general,no.tele,7081,2097,793,0.09457364341085271
no.alt.motorsykler,no.bil,1690,2153,332,0.09455995442893762
no.biz.annonser.data,no.ms-windows,1548,3235,413,0.09450800915331808
no.prat.seksualitet,no.vit.diverse,883,473,117,0.09443099273607748
no.news.drift,no.psykologi,379,584,83,0.09431818181818181
no.mail.diverse,no.www,995,3452,383,0.09424212598425197
no.alt.tegneserier,no.jus,1043,1852,249,0.09410430839002268
no.jus,no.unix,1852,1439,283,0.09408244680851063
no.elektronikk,no.marked,2253,8430,918,0.09400921658986175
no.alt.gledesutbrudd,no.musikk,1754,3669,466,0.09400847286665322
no.alt.gledesutbrudd,no.alt.sjokolade,1754,656,207,0.09396277802995914
no.alt.tegneserier,no.litteratur,1043,1532,221,0.09388275276125743
no.biz,no.embnet,55,260,27,0.09375
no.alt.mat.drikke,no.vit.diverse,659,473,97,0.09371980676328502
no.it.diverse,no.news.diverse,606,1893,214,0.0936542669584245
no.biz.annonser.data,no.marked,1548,8430,854,0.09359929855326611
no.alt.tegneserier,no.mail.drift,1043,430,126,0.0935412026726058
no.alt.diskusjoner,no.vit.diverse,2368,473,243,0.09353348729792148
no.alt.tegneserier,no.lisp,1043,302,115,0.09349593495934959
no.audio,no.multimedia,2493,1383,331,0.09337094499294782
no.alt.diskusjoner,no.psykologi,2368,584,252,0.09333333333333334
no.marked.jobb,no.multimedia,2181,1383,304,0.09325153374233129
no.tegnsett,no.uninett.katalog,249,68,27,0.09310344827586207
no.lisp,no.news.drift,302,379,58,0.09309791332263243
no.radio-tv,no.tele,2075,2097,355,0.09300497773120252
no.film,no.news.diverse,2587,1893,381,0.09294949987801902
no.alt.diskusjoner,no.multimedia,2368,1383,319,0.09294871794871795
no.news.diverse,no.prat.seksualitet,1893,883,236,0.09291338582677165
no.kjemi,no.psykologi,746,584,113,0.09285127362366474
no.bil,no.marked,2153,8430,899,0.09283353985956216
no.embnet,no.nuug,260,164,36,0.09278350515463918
no.havforskning,no.jus,398,1852,191,0.09276347741622147
no.alt.gledesutbrudd,no.alt.god.jul,1754,570,197,0.0926187118006582
no.audio,no.video,2493,942,291,0.09255725190839695
no.alt.irc-treff,no.irc,296,1475,150,0.09253547193090685
no.prat.politikk,no.psykologi,1152,584,147,0.09251101321585903
no.multimedia,no.pc,1383,7029,712,0.09246753246753246
no.net,no.pc,1218,7029,697,0.09231788079470199
no.folklore.edb,no.lisp,219,302,44,0.09224318658280922
no.alt.gledesutbrudd,no.mail.diverse,1754,995,232,0.09217322208978942
no.elektronikk,no.jus,2253,1852,346,0.09204575685022612
no.mail.drift,no.musikk.gitar,430,1148,133,0.09204152249134948
no.biz.annonser,no.elektronikk,2197,2253,375,0.09202453987730061
no.jus,no.mac,1852,2742,387,0.09198954124078916
no.lisp,no.org.efn.diskusjon,302,446,63,0.09197080291970802
no.alt.tegneserier,no.irc,1043,1475,212,0.09193408499566348
no.uninett.diverse,no.uninett.skole,262,522,66,0.09192200557103064
no.it.emacs,no.mail.diverse,395,995,117,0.09190887666928516
no.pc,no.vitser,7029,3558,890,0.09178096318449006
no.musikk,no.pc,3669,7029,899,0.09174405551586896
no.jus,no.lisp,1852,302,181,0.0917384693360365
no.media,no.vit.diverse,734,473,101,0.09132007233273057
no.biz.nettilbydere,no.it.diverse,686,606,108,0.09121621621621621
no.havforskning,no.net,398,1218,135,0.09115462525320729
no.alkohol,no.stortinget,1192,665,155,0.09106933019976499
no.alt.gledesutbrudd,no.alt.katter,1754,774,211,0.09106603366422097
no.alt.tegneserier,no.mail.diverse,1043,995,170,0.09100642398286937
no.alt.config,no.mail.diverse,408,995,117,0.09097978227060653
no.media,no.www,734,3452,349,0.09095647641386499
no.c,no.film,1036,2587,302,0.09093646492020475
no.news.drift,no.sources.list,379,101,40,0.09090909090909091
no.irc,no.org.efn.diskusjon,1475,446,160,0.09085746734809767
no.alt.frustrasjoner,no.mail.diverse,3041,995,336,0.09081081081081081
no.marked,no.ms-windows,8430,3235,971,0.09079857864222929
no.alt.diskusjoner,no.c,2368,1036,283,0.09067606536366549
no.norsk,no.vitser,1963,3558,459,0.09067562228368234
no.alt.diskusjoner,no.elektronikk,2368,2253,384,0.09063016285107388
no.alt.config,no.lisp,408,302,59,0.09062980030721966
no.alt.pompel-og-pilt,no.mail.diverse,329,995,110,0.09060955518945635
no.film,no.norsk,2587,1963,378,0.09060402684563758
no.it.diverse,no.mail.diverse,606,995,133,0.09059945504087194
no.alt.katter,no.alt.mat,774,1286,171,0.09052408681842244
no.it.emacs,no.vit.diverse,395,473,72,0.09045226130653267
no.jus,no.psykologi,1852,584,202,0.09042076991942703
no.litteratur,no.net,1532,1218,228,0.09040444091990484
no.norsk,no.unix,1963,1439,282,0.09038461538461538
no.alt.mat,no.norsk,1286,1963,269,0.09026845637583893
no.alt.pompelog,no.eunet.drift,143,135,23,0.09019607843137255
no.alt.tegneserier,no.kjemi,1043,746,148,0.09018890920170627
no.radio-tv,no.spill,2075,2992,419,0.09014629948364888
no.ef,no.norsk,567,1963,209,0.09004739336492891
no.biz.annonser.data,no.pc,1548,7029,707,0.08983481575603558
no.alt.frustrasjoner,no.tele,3041,2097,423,0.0897136797454931
no.c,no.multimedia,1036,1383,199,0.08963963963963964
no.elektronikk,no.multimedia,2253,1383,299,0.08960143841774049
no.linux,no.multimedia,3024,1383,362,0.08949320148331273
no.alt.diskusjoner,no.sport.diverse,2368,1507,318,0.08940118077031206
no.radio_tv,no.telepost,583,417,82,0.08932461873638345
no.alt.mat,no.alt.sjokolade,1286,656,159,0.0891755468311834
no.alt.diskusjoner,no.prat.narkotika,2368,527,237,0.08916478555304741
no.eunet.hjelp,no.news.drift,244,379,51,0.08916083916083917
no.prat.politikk,no.radio-tv,1152,2075,264,0.0890988862639217
no.alt.diskusjoner,no.alt.tegneserier,2368,1043,279,0.08908045977011494
no.org.nobug.diverse,no.tungregning,90,118,17,0.08900523560209424
no.alt.god.jul,no.net,570,1218,146,0.08891595615103533
no.musikk,no.www,3669,3452,581,0.08883792048929663
no.lisp,no.uninett.diverse,302,262,46,0.0888030888030888
no.mail.diverse,no.marked.jobb,995,2181,259,0.08878985258827563
no.elektronikk,no.net,2253,1218,283,0.08877038895859474
no.kjemi,no.stortinget,746,665,115,0.08873456790123457
no.alt.config,no.alt.pompel-og-pilt,408,329,60,0.08862629246676514
no.mail.drift,no.news.diverse,430,1893,189,0.08856607310215557
no.sources.wanted,no.uninett.diverse,218,262,39,0.08843537414965986
no.general,no.ms-windows,7081,3235,838,0.08841527748470142
no.it.emacs,no.mail.drift,395,430,67,0.08839050131926121
no.litteratur,no.media,1532,734,184,0.08837656099903939
no.jus,no.pc,1852,7029,721,0.08835784313725491
no.bil,no.jus,2153,1852,325,0.08831521739130435
no.film,no.www,2587,3452,490,0.08830419895476663
no.litteratur,no.musikk,1532,3669,422,0.08830299225779452
no.biz.annonser,no.www,2197,3452,458,0.08822962820265845
no.alt.pompelog,no.eunet.diverse,143,141,23,0.08812260536398467
no.general,no.net,7081,1218,672,0.08810803723613478
no.alt.sjokolade,no.c,656,1036,137,0.08810289389067524
no.alt.gledesutbrudd,no.litteratur,1754,1532,266,0.0880794701986755
no.mail.drift,no.uninett.diverse,430,262,56,0.0880503144654088
no.alkohol,no.norsk,1192,1963,255,0.08793103448275862
no.mail.diverse,no.perl,995,564,126,0.08792742498255408
no.biz.diskusjoner,no.havforskning,431,398,67,0.08792650918635171
no.alt.arkiv,no.alt.irc-treff,199,296,40,0.08791208791208792
no.alt.config,no.org.efn.diskusjon,408,446,69,0.08789808917197452
no.folklore.overtro,no.prat.ufo,131,327,37,0.08788598574821853
no.alt.frustrasjoner,no.marked,3041,8430,926,0.08781412991939308
no.alt.diskusjoner,no.alt.flame,2368,2515,394,0.0877701047003787
no.hobby.diverse,no.vit.diverse,817,473,104,0.08768971332209106
no.alt.arkiv,no.embnet,199,260,37,0.08767772511848342
no.linux,no.marked.data,3024,7987,887,0.08761359146582379
no.kryptografi,no.mail.diverse,359,995,109,0.08755020080321285
no.alt.arkiv,no.alt.mat.drikke,199,659,69,0.08745247148288973
no.alt.katter,no.alt.sjokolade,774,656,115,0.08745247148288973
no.ai,no.ef,254,567,66,0.08741721854304636
no.irc,no.litteratur,1475,1532,241,0.0871294287780188
no.news.diverse,no.stortinget,1893,665,205,0.08712282192945177
no.irc,no.media,1475,734,177,0.08710629921259842
no.alkohol,no.news.diverse,1192,1893,247,0.08703312191684284
no.psykologi,no.stortinget,584,665,100,0.08703220191470844
no.c,no.x,1036,301,107,0.08699186991869919
no.alt.arkiv,no.alt.fan.de-lillos,199,176,30,0.08695652173913043
no.elektronikk,no.marked.data,2253,7987,819,0.08693344655556735
no.alt.sjokolade,no.mail.diverse,656,995,132,0.086899275839368
no.alt.mat.drikke,no.hobby.diverse,659,817,118,0.08689248895434462
no.it.diverse,no.it.emacs,606,395,80,0.08686210640608034
no.alt.diskusjoner,no.spill,2368,2992,428,0.0867802108678021
no.embnet,no.net,260,1218,118,0.08676470588235294
no.jus,no.musikk,1852,3669,440,0.08659712654989175
no.alt.tegneserier,no.net,1043,1218,180,0.08649687650168188
no.linux,no.norsk,3024,1963,397,0.08649237472766884
no.ef,no.film,567,2587,251,0.08646228039958663
no.alt.radio-tv.irma-1000,no.c,309,1036,107,0.0864297253634895
no.alt.tegneserier,no.radio-tv,1043,2075,248,0.08641114982578398
no.alt.gledesutbrudd,no.linux,1754,3024,380,0.08640291041382446
no.alt.sjokolade,no.net,656,1218,149,0.08637681159420289
no.audio,no.radio-tv,2493,2075,363,0.08632580261593341
no.musikk,no.norsk,3669,1963,447,0.08621022179363548
no.irc,no.unix,1475,1439,231,0.08609765188222139
no.mail.diverse,no.media,995,734,137,0.08605527638190955
no.kjemi,no.news.diverse,746,1893,209,0.0860082304526749
no.uninett.drift,no.vr,112,166,22,0.0859375
no.news.diverse,no.psykologi,1893,584,196,0.08592722490135905
no.sources.list,no.speider,101,493,47,0.08592321755027423
no.biz.nettilbydere,no.mail.diverse,686,995,133,0.08591731266149871
no.kjemi,no.news.drift,746,379,89,0.0859073359073359
no.multimedia,no.musikk,1383,3669,399,0.08575112830431979
no.alt.mat.drikke,no.alt.pompel-og-pilt,659,329,78,0.08571428571428572
no.medisin,no.psykologi,1038,584,128,0.0856760374832664
no.ai,no.alt.pompel-og-pilt,254,329,46,0.0856610800744879
no.alt.diskusjoner,no.org.efn.diskusjon,2368,446,222,0.08564814814814815
no.nuug,no.psykologi,164,584,59,0.08563134978229318
no.general,no.unix,7081,1439,672,0.0856269113149847
no.org.isoc-no,no.uninett.drift,53,112,13,0.08552631578947369
no.ms-windows,no.news.diverse,3235,1893,404,0.0855207451312447
no.mail.diverse,no.tegnsett,995,249,98,0.08551483420593368
no.general,no.test,7081,6390,1061,0.0854955680902498
no.news.drift,no.sources.wanted,379,218,47,0.08545454545454545
no.religion,no.stortinget,1585,665,177,0.085383502170767
no.news.drift,no.unix,379,1439,143,0.0853731343283582
no.alt.diskusjoner,no.alt.mat.drikke,2368,659,238,0.0853352456077447
no.havforskning,no.multimedia,398,1383,140,0.08531383302864107
no.biz.annonser,no.pc,2197,7029,725,0.08528408422538525
no.alt.pompelog,no.news.drift,143,379,41,0.08523908523908524
no.news.diverse,no.sport.diverse,1893,1507,267,0.08522183210979892
no.elektronikk,no.www,2253,3452,448,0.085219707057257
no.film,no.spill,2587,2992,438,0.08519743240614666
no.alt.diskusjoner,no.marked,2368,8430,847,0.0851170736609386
no.jus,no.news.drift,1852,379,175,0.08511673151750973
no.c,no.it.emacs,1036,395,112,0.08491281273692192
no.alt.god.jul,no.irc,570,1475,160,0.08488063660477453
no.multimedia,no.musikk.gitar,1383,1148,198,0.0848692670381483
no.alt.pompel-og-pilt,no.net,329,1218,121,0.08485273492286115
no.alt.gledesutbrudd,no.c,1754,1036,218,0.08475894245723173
no.alt.arkiv,no.alt.katter,199,774,76,0.08472686733556299
no.alt.frustrasjoner,no.litteratur,3041,1532,357,0.0846774193548387
no.net,no.stortinget,1218,665,147,0.0846774193548387
no.norsk,no.org.efn.diskusjon,1963,446,188,0.08464655560558307
no.alt.diskusjoner,no.alt.katter,2368,774,245,0.08457024508111839
no.org.isoc-no,no.sources.list,53,101,12,0.08450704225352113
no.alt.arkiv,no.mail.drift,199,430,49,0.08448275862068966
no.mac,no.news.diverse,2742,1893,361,0.08446420215255031
no.kjemi,no.linux,746,3024,293,0.08426804716709807
no.ai,no.bibsys,254,235,38,0.08425720620842572
no.alt.config,no.tegnsett,408,249,51,0.08415841584158416
no.org.nobug.diverse,no.standard,90,129,17,0.08415841584158416
no.ai,no.psykologi,254,584,65,0.08408796895213454
no.biz.nettilbydere,no.news.diverse,686,1893,200,0.08406893652795293
no.mac,no.net,2742,1218,307,0.08404051464549685
no.alt.mat,no.prat.politikk,1286,1152,189,0.0840373499333037
no.biz.annonser.data,no.elektronikk,1548,2253,294,0.08383233532934131
no.bil,no.bolig,2153,978,242,0.08376600899965386
no.mail.diverse,no.psykologi,995,584,122,0.08373369938229239
no.net,no.prat.politikk,1218,1152,183,0.08367626886145405
no.alt.god.jul,no.c,570,1036,124,0.08367071524966262
no.media,no.org.efn.diskusjon,734,446,91,0.08356290174471992
no.c,no.news.drift,1036,379,109,0.08346094946401225
no.alkohol,no.alt.arkiv,1192,199,107,0.08333333333333333
no.alt.radio_tv.irma1000,no.radio_tv,210,583,61,0.08333333333333333
no.marked,no.spill,8430,2992,878,0.0832701062215478
no.org.efn.diskusjon,no.radio_tv,446,583,79,0.08315789473684211
no.media,no.religion,734,1585,178,0.0831387202241943
no.alt.diskusjoner,no.kjemi,2368,746,239,0.08313043478260869
no.elektronikk,no.ms-windows,2253,3235,421,0.08308663903690547
no.alt.frustrasjoner,no.alt.tegneserier,3041,1043,313,0.083001856271546
no.norsk,no.psykologi,1963,584,195,0.08290816326530612
no.kjemi,no.musikk.gitar,746,1148,145,0.08290451686678102
no.marked.jobb,no.net,2181,1218,260,0.08282892640968462
no.biz.annonser.data,no.multimedia,1548,1383,224,0.08274842999630587
no.mac,no.www,2742,3452,473,0.08267785352211152
no.alt.tegneserier,no.audio,1043,2493,270,0.08266993263931414
no.biz.diskusjoner,no.c,431,1036,112,0.08265682656826569
no.radio-tv,no.vitser,2075,3558,430,0.08264462809917356
no.biz.annonser.data,no.biz.diskusjoner,1548,431,151,0.0826039387308534
no.ef,no.religion,567,1585,164,0.08249496981891348
no.marked.jobb,no.www,2181,3452,429,0.08243658724058417
no.alt.katter,no.alt.pompel-og-pilt,774,329,84,0.08243375858684986
no.it.emacs,no.org.efn.diskusjon,395,446,64,0.08236808236808237
no.multimedia,no.news.drift,1383,379,134,0.08230958230958231
no.it.emacs,no.news.diverse,395,1893,174,0.08230842005676443
no.litteratur,no.religion,1532,1585,237,0.08229166666666667
no.bibsys,no.irc,235,1475,130,0.08227848101265822
no.org.isoc-no,no.tungregning,53,118,13,0.08227848101265822
no.ef,no.tegnsett,567,249,62,0.08222811671087533
no.mail.drift,no.psykologi,430,584,77,0.08217716115261472
no.ef,no.folklore.overtro,567,131,53,0.08217054263565891
no.alt.gledesutbrudd,no.ef,1754,567,176,0.08205128205128205
no.alt.frustrasjoner,no.c,3041,1036,309,0.08200636942675159
no.alt.god.jul,no.multimedia,570,1383,148,0.08199445983379501
no.net,no.perl,1218,564,135,0.08196721311475409
no.nuug,no.vr,164,166,25,0.08196721311475409
no.skole.diverse,no.stortinget,563,665,93,0.08193832599118943
no.mail.drift,no.uninett.drift,430,112,41,0.08183632734530938
no.c,no.perl,1036,564,121,0.08181203515889114
no.norsk,no.vit.diverse,1963,473,184,0.08170515097690942
no.alt.diskusjoner,no.medisin,2368,1038,257,0.08161321054302953
no.medisin,no.vit.diverse,1038,473,114,0.0816034359341446
no.alt.katter,no.alt.tegneserier,774,1043,137,0.08154761904761905
no.news.diverse,no.vitser,1893,3558,411,0.08154761904761905
no.news.drift,no.uninett.drift,379,112,37,0.08149779735682819
no.jus,no.prat.seksualitet,1852,883,206,0.08145512060102808
no.linux,no.mail.drift,3024,430,260,0.08140262993112085
no.marked,no.marked.bil,8430,1423,741,0.08132133450395083
no.marked.bil,no.marked.bolig,1423,892,174,0.0812704343764596
no.general,no.spill,7081,2992,757,0.08125805066552168
no.perl,no.x,564,301,65,0.08125
no.general,no.litteratur,7081,1532,647,0.08122018578960583
no.lisp,no.nuug,302,164,35,0.08120649651972157
no.mac,no.mail.drift,2742,430,238,0.08111792774369461
no.prat.ufo,no.vit.diverse,327,473,60,0.08108108108108109
no.alt.sjokolade,no.litteratur,656,1532,164,0.08102766798418973
no.vr,no.x,166,301,35,0.08101851851851852
no.religion,no.vit.diverse,1585,473,154,0.08088235294117647
no.norsk,no.skole.diverse,1963,563,189,0.08087291399229782
no.alt.frustrasjoner,no.elektronikk,3041,2253,396,0.08084932625561454
no.linux,no.ms-windows,3024,3235,468,0.08081505784838543
no.org.nobug.diverse,no.uninett.hjelp,90,124,16,0.08080808080808081
no.havforskning,no.nuug,398,164,42,0.08076923076923077
no.alt.radio-tv.irma-1000,no.net,309,1218,114,0.08067940552016985
no.embnet,no.tegnsett,260,249,38,0.08067940552016985
no.alt.pompelog,no.ef,143,567,53,0.0806697108066971
no.uninett.diverse,no.x,262,301,42,0.08061420345489444
no.pc,no.radio-tv,7029,2075,679,0.08059347181008902
no.alt.sjokolade,no.jus,656,1852,187,0.08056872037914692
no.embnet,no.standard,260,129,29,0.08055555555555556
no.lisp,no.tegnsett,302,249,41,0.0803921568627451
no.it.emacs,no.media,395,734,84,0.08038277511961722
no.film,no.vitser,2587,3558,457,0.08034458509142053
no.embnet,no.jus,260,1852,157,0.08030690537084399
no.lisp,no.media,302,734,77,0.08029197080291971
no.alt.frustrasjoner,no.ef,3041,567,268,0.08023952095808383
no.alkohol,no.irc,1192,1475,198,0.08019441069258809
no.linux,no.marked,3024,8430,850,0.08015843078083743
no.marked.data,no.tele,7987,2097,748,0.08011996572407884
no.folklore.overtro,no.it.emacs,131,395,39,0.08008213552361396
no.litteratur,no.prat.politikk,1532,1152,199,0.0800804828973843
no.marked.data,no.musikk,7987,3669,864,0.08005930318754632
no.radio-tv,no.religion,2075,1585,271,0.0799645913248746
no.bibsys,no.mail.diverse,235,995,91,0.07989464442493416
no.jus,no.vit.diverse,1852,473,172,0.07988852763585694
no.medisin,no.prat.politikk,1038,1152,162,0.07988165680473373
no.sport.diverse,no.sport.fotball,1507,629,158,0.07987866531850354
no.litteratur,no.medisin,1532,1038,190,0.07983193277310924
no.pc,no.test,7029,6390,992,0.0798261849199324
no.jus,no.marked.jobb,1852,2181,298,0.07978580990629183
no.irc,no.musikk,1475,3669,380,0.07976490344248531
no.alkohol,no.alt.god.jul,1192,570,130,0.07965686274509803
no.nuug,no.org.isoc-no,164,53,16,0.07960199004975124
no.mail.diverse,no.musikk.gitar,995,1148,158,0.07959697732997481
no.alkohol,no.media,1192,734,142,0.0795964125560538
no.litteratur,no.psykologi,1532,584,156,0.07959183673469387
no.jus,no.ms-windows,1852,3235,375,0.07958404074702886
no.alt.config,no.kjemi,408,746,85,0.07951356407857811
no.kjemi,no.nuug,746,164,67,0.07947805456702253
no.mac,no.musikk,2742,3669,472,0.07947465903350732
no.multimedia,no.norsk,1383,1963,246,0.07935483870967742
no.irc,no.prat.politikk,1475,1152,193,0.07929334428923583
no.multimedia,no.spill,1383,2992,321,0.07918105574740997
no.mac,no.marked.data,2742,7987,787,0.07915912291289479
no.norsk,no.pc,1963,7029,659,0.07908316332653306
no.alt.mat,no.media,1286,734,148,0.07905982905982906
no.org.efn.diskusjon,no.prat.politikk,446,1152,117,0.07900067521944631
no.audio,no.pc,2493,7029,697,0.07898016997167139
no.alt.arkiv,no.standard,199,129,24,0.07894736842105263
no.havforskning,no.musikk.gitar,398,1148,113,0.07885554780181438
no.alt.frustrasjoner,no.ms-windows,3041,3235,458,0.07872121003781368
no.tele,no.unix,2097,1439,258,0.0787065283709579
no.bil,no.biz.annonser,2153,2197,317,0.07860153731713365
no.marked,no.marked.jobb,8430,2181,773,0.0785728806668022
no.marked,no.vitser,8430,3558,873,0.07854251012145749
no.alt.config,no.alt.radio_tv.irma1000,408,210,45,0.07853403141361257
no.media,no.news.drift,734,379,81,0.07848837209302326
no.mac,no.marked,2742,8430,813,0.07848247900376484
no.litteratur,no.musikk.gitar,1532,1148,195,0.07847082494969819
no.alt.diskusjoner,no.alt.sjokolade,2368,656,220,0.07845934379457917
no.it.emacs,no.kjemi,395,746,83,0.07844990548204159
no.c,no.elektronikk,1036,2253,239,0.07836065573770491
no.jus,no.marked,1852,8430,747,0.07834294703723126
no.jus,no.vitser,1852,3558,393,0.07833366553717361
no.alt.diskusjoner,no.ms-windows,2368,3235,407,0.07832948421862972
no.havforskning,no.litteratur,398,1532,140,0.0782122905027933
no.kjemi,no.mac,746,2742,253,0.07820710973724884
no.litteratur,no.mac,1532,2742,310,0.07820383451059536
no.embnet,no.multimedia,260,1383,119,0.07808398950131233
no.ef,no.uninett.diverse,567,262,60,0.07802340702210664
no.org.efn.diskusjon,no.perl,446,564,73,0.07790821771611527
no.alt.mat.drikke,no.alt.tegneserier,659,1043,123,0.077897403419886
no.religion,no.www,1585,3452,364,0.07789428632570083
no.alt.diskusjoner,no.alt.god.jul,2368,570,212,0.07776962582538519
no.alt.tegneserier,no.multimedia,1043,1383,175,0.07774322523322967
no.alt.mat,no.alt.tegneserier,1286,1043,168,0.07774178621008793
no.mail.diverse,no.tele,995,2097,223,0.07772743116068316
no.it.diverse,no.ms-windows,606,3235,277,0.07772166105499438
no.marked,no.tele,8430,2097,759,0.0777027027027027
no.media,no.pressemeldinger,734,334,77,0.07769929364278506
no.mac,no.pc,2742,7029,704,0.07764420425719643
no.general,no.mac,7081,2742,707,0.07755594559017112
no.alt.tegneserier,no.bil,1043,2153,230,0.07754551584625759
no.musikk,no.vitser,3669,3558,520,0.07753093782615178
no.alt.sjokolade,no.media,656,734,100,0.07751937984496124
no.alt.gledesutbrudd,no.stortinget,1754,665,174,0.0775055679287305
no.psykologi,no.vit.diverse,584,473,76,0.07747196738022426
no.alt.frustrasjoner,no.multimedia,3041,1383,318,0.07744763760350706
no.musikk.gitar,no.net,1148,1218,170,0.07741347905282331
no.irc,no.radio-tv,1475,2075,255,0.07738998482549317
no.bil,no.pc,2153,7029,659,0.0773201924205092
no.ai,no.nuug,254,164,30,0.07731958762886598
no.media,no.prat.seksualitet,734,883,116,0.07728181212524983
no.norsk,no.tele,1963,2097,291,0.07720880870257363
no.prat.seksualitet,no.radio-tv,883,2075,212,0.07720320466132556
no.net,no.nuug,1218,164,99,0.07716289945440374
no.biz.diskusjoner,no.news.drift,431,379,58,0.07712765957446809
no.student.samfund,no.uninett.diverse,255,262,37,0.07708333333333334
no.film,no.marked,2587,8430,788,0.07703587838498387
no.alt.arkiv,no.alt.god.jul,199,570,55,0.07703081232492998
no.havforskning,no.stortinget,398,665,76,0.07700101317122594
no.biz.annonser.data,no.it.diverse,1548,606,154,0.077
no.alt.gullkorn,no.alt.troll,7,7,1,0.07692307692307693
no.bolig,no.jus,978,1852,202,0.07686453576864535
no.alt.config,no.net,408,1218,116,0.07682119205298013
no.elektronikk,no.hobby.diverse,2253,817,219,0.07681515257804279
no.prat.seksualitet,no.religion,883,1585,176,0.07678883071553229
no.tex,no.x,218,301,37,0.07676348547717843
no.org.efn.diskusjon,no.uninett.skole,446,522,69,0.07675194660734148
no.mail.diverse,no.prat.politikk,995,1152,153,0.07673019057171515
no.alt.mat.drikke,no.prat.politikk,659,1152,129,0.07669441141498216
no.alt.gledesutbrudd,no.alt.irc-treff,1754,296,146,0.07668067226890757
no.alkohol,no.alt.katter,1192,774,140,0.07667031763417305
no.alt.gledesutbrudd,no.it.emacs,1754,395,153,0.07665330661322645
no.stortinget,no.telepost,665,417,77,0.07661691542288557
no.ef,no.musikk.gitar,567,1148,122,0.07658505963590709
no.embnet,no.sources.wanted,260,218,34,0.07657657657657657
no.kjemi,no.prat.politikk,746,1152,135,0.07657402155416904
no.it.diverse,no.prat.politikk,606,1152,125,0.07654623392529088
no.linux,no.tele,3024,2097,364,0.07651881437881017
no.alt.pompel-og-pilt,no.biz.diskusjoner,329,431,54,0.0764872521246459
no.c,no.norsk,1036,1963,213,0.07645369705671214
no.alt.diskusjoner,no.biz.annonser,2368,2197,324,0.07639707616128272
no.medisin,no.news.diverse,1038,1893,208,0.0763863385971355
no.alt.mat.drikke,no.ef,659,567,87,0.07638279192273925
no.alt.diskusjoner,no.hobby.diverse,2368,817,226,0.07637715444406894
no.net,no.uninett.diverse,1218,262,105,0.07636363636363637
no.linux,no.mac,3024,2742,409,0.07634870263207019
no.prat.narkotika,no.prat.seksualitet,527,883,100,0.07633587786259542
no.c,no.litteratur,1036,1532,182,0.07627829002514669
no.news.drift,no.standard,379,129,36,0.07627118644067797
no.nuug,no.org.nobug.diverse,164,90,18,0.07627118644067797
no.c,no.org.efn.diskusjon,1036,446,105,0.07625272331154684
no.hobby.diverse,no.news.diverse,817,1893,192,0.07625099285146943
no.alkohol,no.www,1192,3452,329,0.07624565469293164
no.alkohol,no.alt.tegneserier,1192,1043,158,0.07607125662012518
no.alt.sjokolade,no.film,656,2587,229,0.07597876575978765
no.biz.annonser.data,no.hobby.diverse,1548,817,167,0.07597816196542312
no.bil,no.marked.data,2153,7987,716,0.07597623089983022
no.news.drift,no.x,379,301,48,0.0759493670886076
no.alt.god.jul,no.alt.mat,570,1286,131,0.07594202898550724
no.alt.gledesutbrudd,no.psykologi,1754,584,165,0.07593189139438564
no.alt.frustrasjoner,no.alt.mat.drikke,3041,659,261,0.07589415527769701
no.multimedia,no.org.efn.diskusjon,1383,446,129,0.07588235294117647
no.alt.frustrasjoner,no.test,3041,6390,665,0.0758612822267853
no.alt.config,no.alt.sjokolade,408,656,75,0.07583417593528817
no.mail.diverse,no.stortinget,995,665,117,0.07582631237848347
no.mail.drift,no.marked.jobb,430,2181,184,0.07581376184590029
no.kjemi,no.org.efn.diskusjon,746,446,84,0.07581227436823104
no.news.drift,no.norsk,379,1963,165,0.0757923748277446
no.mail.diverse,no.medisin,995,1038,143,0.07566137566137567
no.it.emacs,no.jus,395,1852,158,0.07563427477261848
no.embnet,no.musikk.gitar,260,1148,99,0.07563025210084033
no.elektronikk,no.general,2253,7081,656,0.07559345471306753
no.pc,no.unix,7029,1439,595,0.0755747491426394
no.alt.mat,no.litteratur,1286,1532,198,0.07557251908396946
no.biz.diskusjoner,no.bolig,431,978,99,0.07557251908396946
no.bil,no.film,2153,2587,333,0.07556160653505786
no.alt.mat.drikke,no.alt.radio-tv.irma-1000,659,309,68,0.07555555555555556
no.alt.god.jul,no.jus,570,1852,170,0.07548845470692718
no.alt.config,no.uninett.diverse,408,262,47,0.0754414125200642
no.alt.frustrasjoner,no.spill,3041,2992,423,0.07540106951871657
no.typografi,no.uninett.diverse,280,262,38,0.07539682539682539
no.test,no.www,6390,3452,690,0.07539335664335664
no.alt.config,no.media,408,734,80,0.07532956685499058
no.alt.gledesutbrudd,no.vit.diverse,1754,473,156,0.07532592950265572
no.norsk,no.sport.diverse,1963,1507,243,0.07530213820886272
no.film,no.multimedia,2587,1383,278,0.07529794149512459
no.bibsys,no.bil,235,2153,167,0.07519135524538496
no.org.isoc-no,no.org.nobug.diverse,53,90,10,0.07518796992481203
no.news.drift,no.stortinget,379,665,73,0.07518022657054584
no.alt.config,no.jus,408,1852,158,0.07516650808753568
no.alt.tegneserier,no.norsk,1043,1963,210,0.07510729613733906
no.medisin,no.multimedia,1038,1383,169,0.07504440497335702
no.news.diverse,no.spill,1893,2992,341,0.07504401408450705
no.nuug,no.student.nett,164,452,43,0.07504363001745201
no.kjemi,no.norsk,746,1963,189,0.075
no.audio,no.jus,2493,1852,303,0.07496288965858486
no.biz.annonser,no.news.diverse,2197,1893,285,0.07490144546649145
no.elektronikk,no.film,2253,2587,337,0.07483899622473907
no.psykologi,no.tegnsett,584,249,58,0.07483870967741936
no.irc,no.news.drift,1475,379,129,0.07478260869565218
no.havforskning,no.tegnsett,398,249,45,0.07475083056478406
no.net,no.radio-tv,1218,2075,229,0.07473890339425587
no.alt.mat,no.irc,1286,1475,192,0.07473725184896847
no.org.efn.diskusjon,no.unix,446,1439,131,0.07468643101482327
no.it.diverse,no.unix,606,1439,142,0.07461902259590121
no.eunet.drift,no.havforskning,135,398,37,0.07459677419354839
no.media,no.medisin,734,1038,123,0.07459066100667071
no.musikk,no.spill,3669,2992,462,0.07452814970156477
no.medisin,no.norsk,1038,1963,208,0.0744718940207662
no.ai,no.alt.radio-tv.irma-1000,254,309,39,0.07442748091603053
no.alt.mat,no.mail.diverse,1286,995,158,0.07442298634008479
no.mail.diverse,no.uninett.diverse,995,262,87,0.07435897435897436
no.prat.seksualitet,no.www,883,3452,300,0.07434944237918216
no.bil,no.tele,2153,2097,294,0.0743174924165824
no.alt.sjokolade,no.multimedia,656,1383,141,0.07428872497365648
no.kryptografi,no.net,359,1218,109,0.07425068119891008
no.ef,no.telepost,567,417,68,0.07423580786026202
no.alt.sjokolade,no.news.diverse,656,1893,176,0.0741677201854193
no.stortinget,no.uninett.diverse,665,262,64,0.07415990730011587
no.medisin,no.prat.narkotika,1038,527,108,0.07412491420727522
no.general,no.mail.diverse,7081,995,557,0.07407899986700359
no.alt.mat.drikke,no.media,659,734,96,0.07401696222050887
no.hobby.diverse,no.it.diverse,817,606,98,0.0739622641509434
no.norsk,no.prat.seksualitet,1963,883,196,0.0739622641509434
no.c,no.general,1036,7081,559,0.07396136544059274
no.audio,no.c,2493,1036,243,0.073950091296409
no.eunet.diverse,no.nuug,141,164,21,0.07394366197183098
no.norsk.fagord,no.typografi,243,280,36,0.07392197125256673
no.litteratur,no.www,1532,3452,343,0.07390648567119155
no.ef,no.pressemeldinger,567,334,62,0.07389749702026222
no.alkohol,no.religion,1192,1585,191,0.07385924207269914
no.lisp,no.typografi,302,280,40,0.07380073800738007
no.biz.diskusjoner,no.mail.diverse,431,995,98,0.07379518072289157
no.audio,no.ef,2493,567,210,0.07368421052631578
no.alt.config,no.folklore.edb,408,219,43,0.07363013698630137
no.alkohol,no.general,1192,7081,567,0.07357902932779652
no.alt.mat.drikke,no.jus,659,1852,172,0.0735356990166738
no.alt.config,no.it.emacs,408,395,55,0.07352941176470588
no.alt.tegneserier,no.news.diverse,1043,1893,201,0.07349177330895795
no.alt.arkiv,no.alt.radio_tv.irma1000,199,210,28,0.07349081364829396
no.org.efn.diskusjon,no.religion,446,1585,139,0.07346723044397463
no.ms-windows,no.radio-tv,3235,2075,363,0.07337780473013948
no.bil,no.c,2153,1036,218,0.07337596768764726
no.hobby.diverse,no.media,817,734,106,0.07335640138408304
no.linux,no.litteratur,3024,1532,311,0.07326266195524146
no.stortinget,no.uninett.skole,665,522,81,0.07323688969258589
no.audio,no.marked.data,2493,7987,715,0.07322068612391193
no.elektronikk,no.linux,2253,3024,360,0.07321537522879805
no.biz.diskusjoner,no.lisp,431,302,50,0.07320644216691069
no.alt.mat.drikke,no.news.diverse,659,1893,174,0.07317073170731707
no.alt.sjokolade,no.musikk.gitar,656,1148,123,0.07317073170731707
no.hobby.diverse,no.multimedia,817,1383,150,0.07317073170731707
no.alt.katter,no.jus,774,1852,179,0.07315079689415611
no.film,no.mail.diverse,2587,995,244,0.07309766327142002
no.medisin,no.stortinget,1038,665,116,0.07309388783868935
no.alkohol,no.kjemi,1192,746,132,0.07308970099667775
no.eunet.drift,no.news.drift,135,379,35,0.07306889352818371
no.embnet,no.litteratur,260,1532,122,0.07305389221556886
no.embnet,no.vr,260,166,29,0.07304785894206549
no.film,no.net,2587,1218,259,0.0730400451212634
no.tegnsett,no.typografi,249,280,36,0.07302231237322515
no.biz.annonser,no.hobby.diverse,2197,817,205,0.07297970808116767
no.biz.annonser.data,no.www,1548,3452,340,0.07296137339055794
no.unix,no.vit.diverse,1439,473,130,0.07295173961840629
no.biz.annonser.data,no.marked.bil,1548,1423,202,0.07295052365474901
no.embnet,no.org.efn.diskusjon,260,446,48,0.0729483282674772
no.mail.diverse,no.telepost,995,417,96,0.0729483282674772
no.org.efn.diskusjon,no.pressemeldinger,446,334,53,0.07290233837689133
no.biz.diskusjoner,no.net,431,1218,112,0.07286922576447626
no.irc,no.it.emacs,1475,395,127,0.07286288009179576
no.alt.amiga,no.alt.config,343,408,51,0.07285714285714286
no.biz,no.biz.diskusjoner,55,431,33,0.0728476821192053
no.alt.katter,no.news.diverse,774,1893,181,0.07280772325020113
no.alt.config,no.alt.frustrasjoner,408,3041,234,0.07278382581648522
no.radio-tv,no.sport.diverse,2075,1507,243,0.07277628032345014
no.org.efn.diskusjon,no.standard,446,129,39,0.07276119402985075
no.org.isoc-no,no.uninett.hjelp,53,124,12,0.07272727272727272
no.perl,no.uninett.diverse,564,262,56,0.07272727272727272
no.lisp,no.unix,302,1439,118,0.07270486752926679
no.c,no.www,1036,3452,304,0.07265774378585087
no.film,no.pc,2587,7029,651,0.07261572783045175
no.lisp,no.musikk.gitar,302,1148,98,0.07248520710059171
no.alt.flame,no.alt.frustrasjoner,2515,3041,375,0.07237984944991314
no.alkohol,no.film,1192,2587,255,0.07236095346197503
no.tegnsett,no.vr,249,166,28,0.07235142118863049
no.film,no.media,2587,734,224,0.07232805941233451
no.alt.config,no.irc,408,1475,127,0.07232346241457858
no.alt.frustrasjoner,no.mac,3041,2742,390,0.07231596513999629
no.mail.diverse,no.vit.diverse,995,473,99,0.0723155588020453
no.mail.drift,no.medisin,430,1038,99,0.0723155588020453
no.alt.config,no.embnet,408,260,45,0.07223113964686999
no.irc,no.mac,1475,2742,284,0.07220950928044749
no.musikk,no.net,3669,1218,329,0.07218078104431769
no.alt.god.jul,no.alt.pompelog,570,143,48,0.07218045112781955
no.alt.diskusjoner,no.mac,2368,2742,344,0.0721779269827948
no.biz.annonser,no.multimedia,2197,1383,241,0.07217729859239293
no.bolig,no.ef,978,567,104,0.07217210270645386
no.folklore.edb,no.x,219,301,35,0.07216494845360824
no.elektronikk,no.news.diverse,2253,1893,279,0.0721489526764934
no.net,no.telepost,1218,417,110,0.07213114754098361
no.it.emacs,no.linux,395,3024,230,0.07212292254625274
no.biz.annonser.data,no.net,1548,1218,186,0.07209302325581396
no.alt.mat,no.radio-tv,1286,2075,226,0.07208931419457736
no.biz.annonser,no.ms-windows,2197,3235,365,0.07203473455693704
no.folklore.edb,no.folklore.generelt,219,49,18,0.072
no.litteratur,no.radio-tv,1532,2075,242,0.07191679049034175
no.alt.frustrasjoner,no.alt.sjokolade,3041,656,248,0.07190489997100609
no.spill,no.vitser,2992,3558,439,0.0718376697758141
no.alt.frustrasjoner,no.marked.data,3041,7987,739,0.07182427835552532
no.alt.pompelog,no.embnet,143,260,27,0.07180851063829788
no.norsk.fagord,no.skole.diverse,243,563,54,0.07180851063829788
no.marked.data,no.marked.jobb,7987,2181,681,0.07178243912722673
no.folklore.overtro,no.lisp,131,302,29,0.07178217821782178
no.havforskning,no.news.drift,398,379,52,0.07172413793103448
no.biz.nettilbydere,no.prat.politikk,686,1152,123,0.0717201166180758
no.alt.mat,no.ef,1286,567,124,0.07171775592828225
no.folklore.edb,no.news.drift,219,379,40,0.07168458781362007
no.linux,no.perl,3024,564,240,0.07168458781362007
no.general,no.multimedia,7081,1383,566,0.07166371233223601
no.elektronikk,no.musikk,2253,3669,396,0.07166123778501629
no.ef,no.x,567,301,58,0.07160493827160494
no.alt.gledesutbrudd,no.org.efn.diskusjon,1754,446,147,0.07160253287871407
no.ef,no.unix,567,1439,134,0.07158119658119658
no.alt.flame,no.alt.gledesutbrudd,2515,1754,285,0.07153614457831325
no.news.diverse,no.perl,1893,564,164,0.07152202354993459
no.embnet,no.film,260,2587,190,0.07150922092585622
no.perl,no.www,564,3452,268,0.07150480256136606
no.ai,no.vr,254,166,28,0.07142857142857142
no.c,no.kryptografi,1036,359,93,0.07142857142857142
no.folklore.edb,no.it.diverse,219,606,55,0.07142857142857142
no.marked,no.multimedia,8430,1383,654,0.07140517523747134
no.it.diverse,no.mail.drift,606,430,69,0.07135470527404343
no.net,no.psykologi,1218,584,120,0.0713436385255648
no.embnet,no.sources.list,260,101,24,0.0712166172106825
no.alt.gledesutbrudd,no.tele,1754,2097,256,0.07121001390820585
no.marked,no.news.diverse,8430,1893,686,0.07118397841651966
no.marked,no.radio-tv,8430,2075,698,0.07117365147343734
no.mail.drift,no.norsk,430,1963,159,0.0711727842435094
no.folklore.edb,no.perl,219,564,52,0.07113543091655267
no.org.nobug.diverse,no.vr,90,166,17,0.07112970711297072
no.c,no.it.diverse,1036,606,109,0.07110241356816699
no.alt.diskusjoner,no.bil,2368,2153,300,0.07107320540156362
no.biz.diskusjoner,no.marked.diskusjon,431,187,41,0.07105719237435008
no.mac,no.norsk,2742,1963,312,0.07102208058274527
no.alt.mat,no.medisin,1286,1038,154,0.07096774193548387
no.alt.diskusjoner,no.news.drift,2368,379,182,0.0709551656920078
no.bil,no.biz.annonser.data,2153,1548,245,0.0708912037037037
no.psykologi,no.uninett.diverse,584,262,56,0.07088607594936709
no.mail.drift,no.standard,430,129,37,0.07088122605363985
no.biz.annonser,no.net,2197,1218,226,0.07086861084979618
no.bil,no.ef,2153,567,180,0.07086614173228346
no.ai,no.alt.katter,254,774,68,0.07083333333333333
no.net,no.tegnsett,1218,249,97,0.0708029197080292
no.sources.list,no.uninett.diverse,101,262,24,0.07079646017699115
no.sources.wanted,no.speider,218,493,47,0.07078313253012049
no.speider,no.tegnsett,493,249,49,0.0707070707070707
no.alt.config,no.prat.politikk,408,1152,103,0.07069320521619767
no.spill,no.sport.diverse,2992,1507,297,0.07068062827225131
no.elektronikk,no.irc,2253,1475,246,0.07064905226881103
no.org.isoc-no,no.standard,53,129,12,0.07058823529411765
no.amiga,no.marked.data,1544,7987,628,0.07053802089183421
no.it.diverse,no.skole.diverse,606,563,77,0.07051282051282051
no.folklore.overtro,no.org.efn.diskusjon,131,446,38,0.07050092764378478
no.alt.god.jul,no.alt.irc-treff,570,296,57,0.07045735475896168
no.alt.tegneserier,no.musikk,1043,3669,310,0.07042253521126761
no.alt.frustrasjoner,no.sport.diverse,3041,1507,299,0.07036949870557778
no.irc,no.prat.seksualitet,1475,883,155,0.07035860190649115
no.norsk,no.norsk.fagord,1963,243,145,0.07035419699175158
no.embnet,no.news.drift,260,379,42,0.07035175879396985
no.student.nett,no.uninett.skole,452,522,64,0.07032967032967033
no.elektronikk,no.kjemi,2253,746,197,0.07030692362598144
no.marked.bil,no.marked.data,1423,7987,618,0.07029117379435851
no.alt.god.jul,no.litteratur,570,1532,138,0.07026476578411406
no.alt.gledesutbrudd,no.sport.diverse,1754,1507,214,0.07023301608139153
no.mac,no.marked.jobb,2742,2181,323,0.07021739130434783
no.org.efn.diskusjon,no.x,446,301,49,0.07020057306590258
no.bil,no.kjemi,2153,746,190,0.07013658176448874
no.alt.config,no.psykologi,408,584,65,0.07011866235167206
no.bolig,no.embnet,978,260,81,0.07000864304235091
no.ef,no.vit.diverse,567,473,68,0.06995884773662552
no.bibsys,no.net,235,1218,95,0.06995581737849779
no.prat.narkotika,no.religion,527,1585,138,0.06990881458966565
no.alt.tegneserier,no.media,1043,734,116,0.06983744732089103
no.pressemeldinger,no.telepost,334,417,49,0.0698005698005698
no.it.emacs,no.tegnsett,395,249,42,0.06976744186046512
no.biz.diskusjoner,no.mail.drift,431,430,56,0.06956521739130435
no.folklore.edb,no.vit.diverse,219,473,45,0.0695517774343122
no.media,no.prat.narkotika,734,527,82,0.06955046649703138
no.biz.annonser.data,no.tele,1548,2097,237,0.06954225352112677
no.biz.nettilbydere,no.jus,686,1852,165,0.0695322376738306
no.biz.nettilbydere,no.www,686,3452,269,0.06952700956319463
no.general,no.media,7081,734,508,0.06952237580402354
no.bil,no.net,2153,1218,219,0.06947969543147207
no.elektronikk,no.mail.diverse,2253,995,211,0.06947645702996379
no.prat.politikk,no.tele,1152,2097,211,0.06945358788676761
no.linux,no.marked.jobb,3024,2181,338,0.06944729813026505
no.alt.katter,no.ef,774,567,87,0.06937799043062201
no.alt.pompel-og-pilt,no.irc,329,1475,117,0.06935388263189093
no.mail.drift,no.stortinget,430,665,71,0.0693359375
no.irc,no.marked.jobb,1475,2181,237,0.06931851418543433
no.alt.mat,no.film,1286,2587,251,0.06929872998343457
no.alt.mat,no.www,1286,3452,307,0.06928458587226359
no.ef,no.kryptografi,567,359,60,0.06928406466512702
no.multimedia,no.radio-tv,1383,2075,224,0.06926406926406926
no.bil,no.irc,2153,1475,235,0.06926024167403477
no.alt.frustrasjoner,no.alt.katter,3041,774,247,0.06922645739910314
no.sport.orientering,no.sport.volleyball,144,165,20,0.06920415224913495
no.medisin,no.net,1038,1218,146,0.06919431279620854
no.media,no.perl,734,564,84,0.06919275123558484
no.mail.diverse,no.nuug,995,164,75,0.06918819188191883
no.jus,no.kryptografi,1852,359,143,0.06914893617021277
no.folklore.edb,no.org.efn.diskusjon,219,446,43,0.06913183279742766
no.alt.mat,no.general,1286,7081,541,0.06912854587273191
no.alkohol,no.c,1192,1036,144,0.0690978886756238
no.alt.god.jul,no.musikk.gitar,570,1148,111,0.06907280647168637
no.prat.seksualitet,no.stortinget,883,665,100,0.06906077348066299
no.bil,no.ms-windows,2153,3235,348,0.06904761904761905
no.alt.amiga,no.alt.arkiv,343,199,35,0.06903353057199212
no.biz.annonser,no.bolig,2197,978,205,0.06902356902356903
no.media,no.uninett.skole,734,522,81,0.06893617021276596
no.alkohol,no.mail.diverse,1192,995,141,0.0689149560117302
no.marked.data,no.multimedia,7987,1383,604,0.06890257814282455
no.ef,no.it.emacs,567,395,62,0.06888888888888889
no.irc,no.pc,1475,7029,548,0.06887883358471594
no.mail.drift,no.media,430,734,75,0.06887052341597796
no.medisin,no.religion,1038,1585,169,0.06886715566422168
no.bil,no.www,2153,3452,361,0.06884057971014493
no.mail.drift,no.perl,430,564,64,0.06881720430107527
no.org.nobug.diverse,no.uninett.drift,90,112,13,0.06878306878306878
no.alt.gledesutbrudd,no.pc,1754,7029,565,0.0687515210513507
no.alt.god.jul,no.alt.mat.drikke,570,659,79,0.06869565217391305
no.alt.god.jul,no.news.drift,570,379,61,0.0686936936936937
no.tex,no.typografi,218,280,32,0.06866952789699571
no.alt.frustrasjoner,no.stortinget,3041,665,238,0.06862745098039216
no.ef,no.elektronikk,567,2253,181,0.06858658582796513
no.stortinget,no.student.samfund,665,255,59,0.06852497096399536
no.folklore.edb,no.typografi,219,280,32,0.06852248394004283
no.alkohol,no.org.efn.diskusjon,1192,446,105,0.0684931506849315
no.prat.seksualitet,no.psykologi,883,584,94,0.06846321922796796
no.irc,no.religion,1475,1585,196,0.06843575418994413
no.general,no.marked.jobb,7081,2181,593,0.06840466028376975
no.audio,no.biz.annonser,2493,2197,300,0.0683371298405467
no.mail.diverse,no.uninett.skole,995,522,97,0.06830985915492958
no.biz.nettilbydere,no.c,686,1036,110,0.06823821339950373
no.bil,no.mail.diverse,2153,995,201,0.06820495419070241
no.alt.radio-tv.irma-1000,no.multimedia,309,1383,108,0.06818181818181818
no.audio,no.general,2493,7081,611,0.06816913979694299
no.alt.mat,no.reiser,1286,1050,149,0.06812985825331504
no.alt.sjokolade,no.bil,656,2153,179,0.06806083650190115
no.it.emacs,no.typografi,395,280,43,0.0680379746835443
no.radio_tv,no.tegnsett,583,249,53,0.06803594351732992
no.sources.list,no.vr,101,166,17,0.068
no.alkohol,no.radio-tv,1192,2075,208,0.06799607714939522
no.linux,no.musikk,3024,3669,426,0.06797510770703687
no.news.drift,no.perl,379,564,60,0.06795016987542468
no.mail.diverse,no.ms-windows,995,3235,269,0.06791214339813179
no.biz.annonser,no.tele,2197,2097,273,0.06789355881621487
no.marked.jobb,no.news.diverse,2181,1893,259,0.06788990825688074
no.alt.diskusjoner,no.audio,2368,2493,309,0.06788224956063268
no.alt.pompel-og-pilt,no.news.drift,329,379,45,0.06787330316742081
no.ai,no.alt.mat.drikke,254,659,58,0.06783625730994151
no.org.isoc-no,no.uninett.diverse,53,262,20,0.06779661016949153
no.linux,no.lisp,3024,302,211,0.06773675762439807
no.biz.annonser.data,no.spill,1548,2992,288,0.06773283160865474
no.alt.frustrasjoner,no.bil,3041,2153,329,0.06762589928057554
no.telepost,no.uninett.diverse,417,262,43,0.06761006289308176
no.elektronikk,no.vitser,2253,3558,368,0.06760977402167923
no.it.emacs,no.news.drift,395,379,49,0.06758620689655172
no.alkohol,no.multimedia,1192,1383,163,0.0675787728026534
no.alt.arkiv,no.alt.mat,199,1286,94,0.06757728253055356
no.biz.annonser,no.marked.bil,2197,1423,229,0.06753170156296077
no.alt.god.jul,no.alt.katter,570,774,85,0.06751389992057188
no.biz.annonser,no.jus,2197,1852,256,0.06749274980226734
no.media,no.skole.diverse,734,563,82,0.06748971193415639
no.alt.radio-tv.irma-1000,no.musikk.gitar,309,1148,92,0.0673992673992674
no.news.diverse,no.uninett.diverse,1893,262,136,0.06736007924715205
no.ai,no.alt.god.jul,254,570,52,0.06735751295336788
no.uninett.drift,no.uninett.skole,112,522,40,0.06734006734006734
no.film,no.linux,2587,3024,354,0.06733878638006467
no.irc,no.stortinget,1475,665,135,0.06733167082294264
no.alt.config,no.folklore.overtro,408,131,34,0.06732673267326733
no.alt.frustrasjoner,no.audio,3041,2493,349,0.06730954676952748
no.it.diverse,no.jus,606,1852,155,0.06730351715154147
no.biz.nettilbydere,no.ef,686,567,79,0.06729131175468483
no.irc,no.vitser,1475,3558,317,0.06721798134011875
no.bibsys,no.biz.nettilbydere,235,686,58,0.06720741599073002
no.ai,no.havforskning,254,398,41,0.06710310965630115
no.kjemi,no.marked.jobb,746,2181,184,0.06707983959168794
no.kjemi,no.media,746,734,93,0.06705118961788031
no.lisp,no.student.samfund,302,255,35,0.06704980842911877
no.org.nobug.diverse,no.sources.list,90,101,12,0.0670391061452514
no.film,no.radio_tv,2587,583,199,0.06698081454055874
no.folklore.edb,no.norsk.fagord,219,243,29,0.06697459584295612
no.biz.annonser,no.general,2197,7081,582,0.06692732290708371
no.biz.nettilbydere,no.mail.drift,686,430,70,0.06692160611854685
no.alt.config,no.alt.tegneserier,408,1043,91,0.06691176470588235
no.alt.mat,no.net,1286,1218,157,0.06689390711546656
no.alt.mat.drikke,no.stortinget,659,665,83,0.06688154713940371
no.alt.arkiv,no.ef,199,567,48,0.06685236768802229
no.mail.drift,no.unix,430,1439,117,0.06678082191780822
no.alt.frustrasjoner,no.alt.god.jul,3041,570,226,0.06676514032496307
no.ms-windows,no.musikk,3235,3669,432,0.06674907292954264
no.ef,no.mac,567,2742,207,0.06673114119922631
no.alt.pompel-og-pilt,no.multimedia,329,1383,107,0.06666666666666667
no.eunet.drift,no.tegnsett,135,249,24,0.06666666666666667
no.mail.diverse,no.x,995,301,81,0.06666666666666667
no.biz.annonser,no.spill,2197,2992,324,0.06659815005138746
no.ms-windows,no.vitser,3235,3558,424,0.06657246035484378
no.embnet,no.speider,260,493,47,0.06657223796033994
no.it.emacs,no.uninett.diverse,395,262,41,0.06655844155844155
no.nuug,no.speider,164,493,41,0.06655844155844155
no.bibsys,no.uninett.diverse,235,262,31,0.06652360515021459
no.stortinget,no.tegnsett,665,249,57,0.06651108518086347
no.litteratur,no.stortinget,1532,665,137,0.06650485436893204
no.alt.arkiv,no.sources.wanted,199,218,26,0.06649616368286446
no.kryptografi,no.news.drift,359,379,46,0.06647398843930635
no.folklore.edb,no.kryptografi,219,359,36,0.06642066420664207
no.alt.diskusjoner,no.biz.nettilbydere,2368,686,190,0.06634078212290503
no.bil,no.embnet,2153,260,150,0.06628369421122404
no.mail.drift,no.sources.list,430,101,33,0.06626506024096386
no.alt.irc-treff,no.media,296,734,64,0.06625258799171843
no.org.efn.diskusjon,no.org.isoc-no,446,53,31,0.06623931623931624
no.havforskning,no.uninett.diverse,398,262,41,0.06623586429725363
no.alt.tegneserier,no.musikk.gitar,1043,1148,136,0.06618004866180048
no.uninett.hjelp,no.vr,124,166,18,0.0661764705882353
no.it.emacs,no.prat.politikk,395,1152,96,0.06616126809097174
no.alkohol,no.litteratur,1192,1532,169,0.06614481409001957
no.biz.diskusjoner,no.kryptografi,431,359,49,0.06612685560053981
no.alt.gledesutbrudd,no.kjemi,1754,746,155,0.06609808102345416
no.alt.diskusjoner,no.marked.data,2368,7987,642,0.06609698342427674
no.eunet.diverse,no.sources.list,141,101,15,0.06607929515418502
no.uninett.hjelp,no.uninett.skole,124,522,40,0.066006600660066
no.alt.arkiv,no.lisp,199,302,31,0.06595744680851064
no.alt.katter,no.alt.radio-tv.irma-1000,774,309,67,0.06594488188976377
no.musikk,no.religion,3669,1585,325,0.06593629539460337
no.litteratur,no.uninett.skole,1532,522,127,0.065905552672548
no.multimedia,no.tele,1383,2097,215,0.06584992343032159
no.prat.politikk,no.unix,1152,1439,160,0.0658165364047717
no.biz.annonser,no.mail.diverse,2197,995,197,0.0657762938230384
no.audio,no.net,2493,1218,229,0.06576680068925905
no.litteratur,no.marked.jobb,1532,2181,229,0.06572904707233065
no.marked.data,no.vitser,7987,3558,712,0.06572509923382258
no.media,no.unix,734,1439,134,0.0657184894556155
no.ef,no.eunet.hjelp,567,244,50,0.0657030223390276
no.alt.config,no.c,408,1036,89,0.06568265682656826
no.news.drift,no.uninett.hjelp,379,124,31,0.06567796610169492
no.ai,no.news.drift,254,379,39,0.06565656565656566
no.eunet.diverse,no.news.drift,141,379,32,0.06557377049180328
no.eunet.diverse,no.tegnsett,141,249,24,0.06557377049180328
no.film,no.kjemi,2587,746,205,0.06553708439897699
no.embnet,no.folklore.generelt,260,49,19,0.06551724137931035
no.ai,no.org.efn.diskusjon,254,446,43,0.0654490106544901
no.it.diverse,no.multimedia,606,1383,122,0.06534547402249598
no.news.drift,no.radio_tv,379,583,59,0.06533776301218161
no.alt.mat,no.unix,1286,1439,167,0.06528537920250195
no.ai,no.x,254,301,34,0.06525911708253358
no.prat.seksualitet,no.vitser,883,3558,272,0.0652434636603502
no.amiga,no.c,1544,1036,158,0.06523534269199009
no.alt.sjokolade,no.radio-tv,656,2075,167,0.06513260530421217
no.alkohol,no.alt.sjokolade,1192,656,113,0.06512968299711816
no.it.diverse,no.kryptografi,606,359,59,0.06512141280353201
no.mail.diverse,no.musikk,995,3669,285,0.06508335236355332
no.alt.radio-tv.irma-1000,no.irc,309,1475,109,0.06507462686567164
no.biz.nettilbydere,no.irc,686,1475,132,0.06505667816658453
no.alt.mat.drikke,no.mail.diverse,659,995,101,0.06503541532517708
no.ef,no.general,567,7081,467,0.06503272524718005
no.alt.flame,no.news.diverse,2515,1893,269,0.06499154385117178
no.alt.god.jul,no.org.efn.diskusjon,570,446,62,0.0649895178197065
no.standard,no.vr,129,166,18,0.06498194945848375
no.alt.katter,no.media,774,734,92,0.06497175141242938
no.prat.narkotika,no.vit.diverse,527,473,61,0.06496272630457935
no.alt.pompel-og-pilt,no.jus,329,1852,133,0.06494140625
no.embnet,no.uninett.katalog,260,68,20,0.06493506493506493
no.film,no.havforskning,2587,398,182,0.06493043168034249
no.lisp,no.psykologi,302,584,54,0.06490384615384616
no.alt.pompel-og-pilt,no.musikk.gitar,329,1148,90,0.06488824801730353
no.alt.irc-treff,no.alt.sjokolade,296,656,58,0.06487695749440715
no.alt.pompel-og-pilt,no.uninett.diverse,329,262,36,0.06486486486486487
no.net,no.vit.diverse,1218,473,103,0.06486146095717885
no.alt.tegneserier,no.radio_tv,1043,583,99,0.06483300589390963
no.film,no.religion,2587,1585,254,0.06482899438489025
no.audio,no.biz.annonser.data,2493,1548,246,0.06482213438735178
no.ef,no.radio_tv,567,583,70,0.06481481481481481
no.folklore.overtro,no.typografi,131,280,25,0.06476683937823834
no.alt.frustrasjoner,no.org.efn.diskusjon,3041,446,212,0.06473282442748092
no.bil,no.radio-tv,2153,2075,257,0.06471921430370184
no.it.emacs,no.net,395,1218,98,0.06468646864686468
no.irc,no.tele,1475,2097,217,0.0646795827123696
no.biz.annonser.data,no.news.diverse,1548,1893,209,0.06466584158415842
no.alt.god.jul,no.stortinget,570,665,75,0.06465517241379311
no.havforskning,no.standard,398,129,32,0.06464646464646465
no.alt.sjokolade,no.biz.diskusjoner,656,431,66,0.06464250734573947
no.litteratur,no.org.efn.diskusjon,1532,446,120,0.06458557588805167
no.jus,no.musikk.gitar,1852,1148,182,0.06458481192334989
no.audio,no.embnet,2493,260,167,0.06457849961330239
no.audio,no.news.diverse,2493,1893,266,0.0645631067961165
no.bil,no.general,2153,7081,560,0.06456075628314503
no.multimedia,no.video,1383,942,141,0.06456043956043957
no.alt.diskusjoner,no.test,2368,6390,531,0.06454357603014464
no.it.diverse,no.www,606,3452,246,0.06453305351521511
no.alt.arkiv,no.nuug,199,164,22,0.06451612903225806
no.alt.config,no.telepost,408,417,50,0.06451612903225806
no.alt.pompelog,no.radio_tv,143,583,44,0.06451612903225806
no.it.diverse,no.lisp,606,302,55,0.06447831184056271
no.biz.nettilbydere,no.media,686,734,86,0.06446776611694154
no.embnet,no.folklore.edb,260,219,29,0.06444444444444444
no.alt.diskusjoner,no.it.diverse,2368,606,180,0.06442376521116679
no.religion,no.skole.diverse,1585,563,130,0.06442021803766106
no.bil,no.multimedia,2153,1383,214,0.06441902468392535
no.eunet.hjelp,no.telepost,244,417,40,0.0644122383252818
no.student.samfund,no.uninett.skole,255,522,47,0.06438356164383562
no.jus,no.spill,1852,2992,293,0.06438145462535706
no.mail.diverse,no.religion,995,1585,156,0.06435643564356436
no.biz.nettilbydere,no.vit.diverse,686,473,70,0.0642791551882461
no.medisin,no.prat.seksualitet,1038,883,116,0.06426592797783934
no.alt.tegneserier,no.elektronikk,1043,2253,199,0.06425573135292219
no.multimedia,no.prat.politikk,1383,1152,153,0.06423173803526448
no.alt.mat.drikke,no.lisp,659,302,58,0.06423034330011074
no.biz.annonser.data,no.marked.jobb,1548,2181,225,0.0642123287671233
no.alt.frustrasjoner,no.vit.diverse,3041,473,212,0.06420351302241066
no.lisp,no.standard,302,129,26,0.06419753086419754
no.mail.diverse,no.pc,995,7029,484,0.06419098143236074
no.prat.narkotika,no.psykologi,527,584,67,0.06417624521072797
no.alt.arkiv,no.havforskning,199,398,36,0.06417112299465241
no.perl,no.tegnsett,564,249,49,0.06413612565445026
no.alt.mat.drikke,no.litteratur,659,1532,132,0.06410879067508499
no.mail.drift,no.sources.wanted,430,218,39,0.06403940886699508
no.alt.diskusjoner,no.alt.motorsykler,2368,1690,244,0.06397482957524908
no.alkohol,no.medisin,1192,1038,134,0.06393129770992366
no.alt.tegneserier,no.general,1043,7081,488,0.06390780513357779
no.audio,no.www,2493,3452,357,0.06388690050107373
no.alt.mat,no.kjemi,1286,746,122,0.06387434554973823
no.multimedia,no.psykologi,1383,584,118,0.0638182801514332
no.media,no.radio_tv,734,583,79,0.06381260096930533
no.c,no.musikk.gitar,1036,1148,131,0.06380905991232343
no.alt.mat,no.prat.seksualitet,1286,883,130,0.06375674350171653
no.mail.diverse,no.radio-tv,995,2075,184,0.06375606375606375
no.news.drift,no.uninett.skole,379,522,54,0.06375442739079103
no.c,no.tegnsett,1036,249,77,0.06374172185430464
no.org.efn.diskusjon,no.student.samfund,446,255,42,0.0637329286798179
no.standard,no.student.samfund,129,255,23,0.06371191135734072
no.c,no.media,1036,734,106,0.06370192307692307
no.alt.mat.drikke,no.norsk,659,1963,157,0.06369168356997972
no.film,no.marked.data,2587,7987,633,0.06367568655064883
no.jus,no.marked.data,1852,7987,589,0.06367567567567567
no.tungregning,no.vr,118,166,17,0.06367041198501873
no.sources.wanted,no.telepost,218,417,38,0.06365159128978225
no.it.diverse,no.perl,606,564,70,0.06363636363636363
no.alt.sjokolade,no.stortinget,656,665,79,0.06360708534621579
no.eunet.drift,no.telepost,135,417,33,0.06358381502890173
no.embnet,no.kryptografi,260,359,37,0.06357388316151202
no.news.diverse,no.telepost,1893,417,138,0.06353591160220995
no.ef,no.uninett.skole,567,522,65,0.0634765625
no.alkohol,no.psykologi,1192,584,106,0.06347305389221557
no.c,no.marked.jobb,1036,2181,192,0.06347107438016529
no.biz,no.havforskning,55,398,27,0.06338028169014084
no.multimedia,no.unix,1383,1439,168,0.06330067822155237
no.bil,no.marked.jobb,2153,2181,258,0.06329735034347399
no.folklore.edb,no.tex,219,218,26,0.06326034063260341
no.multimedia,no.nuug,1383,164,92,0.06323024054982818
no.lisp,no.mac,302,2742,181,0.06322039818372337
no.irc,no.ms-windows,1475,3235,280,0.06320541760722348
no.bibsys,no.uninett.skole,235,522,45,0.06320224719101124
no.mail.drift,no.norsk.fagord,430,243,40,0.0631911532385466
no.alt.frustrasjoner,no.alt.motorsykler,3041,1690,281,0.06314606741573034
no.uninett.diverse,no.unix,262,1439,101,0.063125
no.alt.diskusjoner,no.skole.diverse,2368,563,174,0.06311207834602829
no.alt.katter,no.mail.diverse,774,995,105,0.06310096153846154
no.folklore.edb,no.mail.diverse,219,995,72,0.06304728546409807
no.alt.gledesutbrudd,no.multimedia,1754,1383,186,0.06302948153168418
no.bil,no.musikk,2153,3669,345,0.06299068833302902
no.alkohol,no.musikk,1192,3669,288,0.06297835119177783
no.alt.config,no.x,408,301,42,0.06296851574212893
no.org.efn.diskusjon,no.typografi,446,280,43,0.0629575402635432
no.audio,no.irc,2493,1475,235,0.06295204929011519
no.lisp,no.marked.jobb,302,2181,147,0.06292808219178082
no.alt.katter,no.prat.politikk,774,1152,114,0.06291390728476821
no.marked,no.net,8430,1218,571,0.06290624655723256
no.media,no.psykologi,734,584,78,0.06290322580645161
no.biz.diskusjoner,no.uninett.diverse,431,262,41,0.06288343558282208
no.alkohol,no.vitser,1192,3558,281,0.06287760125307675
no.prat.politikk,no.uninett.skole,1152,522,99,0.06285714285714286
no.alt.pompel-og-pilt,no.litteratur,329,1532,110,0.0628212450028555
no.irc,no.musikk.gitar,1475,1148,155,0.06280388978930308
no.alt.sjokolade,no.audio,656,2493,186,0.06277421532230847
no.havforskning,no.psykologi,398,584,58,0.06277056277056277
no.alt.katter,no.it.emacs,774,395,69,0.06272727272727273
no.alt.mat.drikke,no.c,659,1036,100,0.06269592476489028
no.c,no.prat.politikk,1036,1152,129,0.0626517727051967
no.ef,no.marked.jobb,567,2181,162,0.06264501160092807
no.alt.pompelog,no.telepost,143,417,33,0.06261859582542695
no.alt.god.jul,no.psykologi,570,584,68,0.06261510128913444
no.it.diverse,no.norsk.fagord,606,243,50,0.0625782227784731
no.alt.arkiv,no.org.nobug.diverse,199,90,17,0.0625
no.alt.mat,no.tele,1286,2097,199,0.0625
no.org.dnd,no.org.isoc-no,66,53,7,0.0625
no.news.diverse,no.uninett.skole,1893,522,142,0.06247250329960405
no.c,no.stortinget,1036,665,100,0.06246096189881324
no.news.diverse,no.reiser,1893,1050,173,0.062454873646209386
no.norsk.fagord,no.prat.politikk,243,1152,82,0.062452399086062454
no.lisp,no.news.diverse,302,1893,129,0.06243949661181026
no.alt.gledesutbrudd,no.medisin,1754,1038,164,0.0624048706240487
no.biz.annonser,no.film,2197,2587,281,0.0624028425494115
no.org.efn.diskusjon,no.sources.wanted,446,218,39,0.0624
no.amiga,no.elektronikk,1544,2253,223,0.062395075545607165
no.bibsys,no.multimedia,235,1383,95,0.0623768877216021
no.net,no.spill,1218,2992,247,0.06232652031289427
no.audio,no.mac,2493,2742,307,0.06229707792207792
no.alt.config,no.perl,408,564,57,0.06229508196721312
no.media,no.tele,734,2097,166,0.06228893058161351
no.ai,no.alt.amiga,254,343,35,0.06227758007117438
no.alt.gledesutbrudd,no.news.drift,1754,379,125,0.062250996015936255
no.alt.tegneserier,no.religion,1043,1585,154,0.06224737267582862
no.media,no.musikk,734,3669,258,0.06224366706875754
no.multimedia,no.stortinget,1383,665,120,0.06224066390041494
no.jus,no.reiser,1852,1050,170,0.06222547584187409
no.mail.diverse,no.prat.seksualitet,995,883,110,0.06221719457013575
no.alt.tegneserier,no.stortinget,1043,665,100,0.06218905472636816
no.net,no.prat.seksualitet,1218,883,123,0.0621840242669363
no.kjemi,no.uninett.diverse,746,262,59,0.06217070600632244
no.elektronikk,no.video,2253,942,187,0.06216755319148936
no.folklore.edb,no.unix,219,1439,97,0.06213965406790519
no.hobby.diverse,no.mail.diverse,817,995,106,0.06213364595545135
no.ms-windows,no.norsk,3235,1963,304,0.06211687780956273
no.alt.arkiv,no.alt.sjokolade,199,656,50,0.062111801242236024
no.alt.diskusjoner,no.marked.jobb,2368,2181,266,0.06210600046696241
no.news.diverse,no.test,1893,6390,484,0.06205923836389281
no.c,no.religion,1036,1585,153,0.0619935170178282
no.norsk,no.uninett.skole,1963,522,145,0.06196581196581197
no.media,no.norsk.fagord,734,243,57,0.06195652173913044
no.c,no.mac,1036,2742,220,0.061832490163012926
no.news.diverse,no.skole.diverse,1893,563,143,0.06182447038478167
no.alt.config,no.alt.fan.de-lillos,408,176,34,0.06181818181818182
no.folklore.edb,no.uninett.diverse,219,262,28,0.06181015452538632
no.musikk.gitar,no.news.diverse,1148,1893,177,0.06180167597765363
no.marked.data,no.news.diverse,7987,1893,575,0.06179473401397098
no.stortinget,no.student.nett,665,452,65,0.06178707224334601
no.media,no.typografi,734,280,59,0.061780104712041886
no.alt.katter,no.psykologi,774,584,79,0.0617670054730258
no.ai,no.uninett.diverse,254,262,30,0.06172839506172839
no.alt.mat,no.c,1286,1036,135,0.06172839506172839
no.biz.nettilbydere,no.embnet,686,260,55,0.06172839506172839
no.havforskning,no.tungregning,398,118,30,0.06172839506172839
no.it.emacs,no.norsk,395,1963,137,0.06168392615938766
no.musikk,no.prat.politikk,3669,1152,280,0.0616604272186743
no.alt.sjokolade,no.org.efn.diskusjon,656,446,64,0.06165703275529865
no.tegnsett,no.unix,249,1439,98,0.061635220125786164
no.alt.flame,no.general,2515,7081,557,0.061621860825312534
no.irc,no.sport.diverse,1475,1507,173,0.0615877536489854
no.jus,no.prat.narkotika,1852,527,138,0.06157965194109773
no.tele,no.vitser,2097,3558,328,0.06157311807771729
no.alt.mat,no.vit.diverse,1286,473,102,0.06155703077851539
no.hobby.diverse,no.video,817,942,102,0.06155703077851539
no.multimedia,no.radio_tv,1383,583,114,0.061555075593952485
no.bibsys,no.jus,235,1852,121,0.06154628687690743
no.ef,no.www,567,3452,233,0.06154252509244585
no.elektronikk,no.spill,2253,2992,304,0.061526006881198136
no.medisin,no.org.efn.diskusjon,1038,446,86,0.06151645207439199
no.alt.diskusjoner,no.radio_tv,2368,583,171,0.06151079136690647
no.net,no.x,1218,301,88,0.061495457721872815
no.amiga,no.biz.annonser.data,1544,1548,179,0.061448678338482665
no.alt.irc-treff,no.it.emacs,296,395,40,0.06144393241167435
no.mail.drift,no.telepost,430,417,49,0.06140350877192982
no.general,no.stortinget,7081,665,448,0.06138668128254316
no.alt.sjokolade,no.prat.seksualitet,656,883,89,0.06137931034482759
no.audio,no.linux,2493,3024,319,0.06136975759907657
no.alt.mat,no.vitser,1286,3558,280,0.06134969325153374
no.biz.annonser,no.musikk,2197,3669,339,0.06133526325312104
no.bil,no.vitser,2153,3558,330,0.0613268909124698
no.alt.config,no.stortinget,408,665,62,0.06132542037586548
no.c,no.eunet.diverse,1036,141,68,0.061316501352569885
no.alt.tegneserier,no.org.efn.diskusjon,1043,446,86,0.06129722024233785
no.audio,no.tele,2493,2097,265,0.06127167630057803
no.it.diverse,no.tele,606,2097,156,0.061248527679623084
no.folklore.edb,no.tegnsett,219,249,27,0.061224489795918366
no.lisp,no.tex,302,218,30,0.061224489795918366
no.sport.diverse,no.www,1507,3452,286,0.06120265354162208
no.student.samfund,no.tegnsett,255,249,29,0.061052631578947365
no.alt.sjokolade,no.prat.politikk,656,1152,104,0.06103286384976526
no.norsk,no.spill,1963,2992,285,0.061027837259100645
no.film,no.prat.politikk,2587,1152,215,0.06101021566401816
no.net,no.student.nett,1218,452,96,0.060991105463786534
no.embnet,no.uninett.diverse,260,262,30,0.06097560975609756
no.marked,no.test,8430,6390,851,0.06092060992197008
no.alt.katter,no.norsk,774,1963,157,0.060852713178294576
no.bibsys,no.vr,235,166,23,0.06084656084656084
no.marked.jobb,no.pc,2181,7029,528,0.0608154803040774
no.irc,no.spill,1475,2992,256,0.06079316076941344
no.kjemi,no.skole.diverse,746,563,75,0.060777957860615885
no.kjemi,no.tegnsett,746,249,57,0.060767590618336885
no.kryptografi,no.unix,359,1439,103,0.0607669616519174
no.elektronikk,no.marked.jobb,2253,2181,254,0.06076555023923445
no.alt.config,no.biz.diskusjoner,408,431,48,0.0606826801517067
no.alt.gledesutbrudd,no.alt.motorsykler,1754,1690,197,0.06067138897443794
no.biz.annonser,no.irc,2197,1475,210,0.060658578856152515
no.biz.diskusjoner,no.irc,431,1475,109,0.06065664997217585
no.alt.mat.drikke,no.irc,659,1475,122,0.06063618290258449
no.ef,no.radio-tv,567,2075,151,0.06061822561220393
no.alt.mat,no.religion,1286,1585,164,0.060583671961581084
no.bibsys,no.musikk.gitar,235,1148,79,0.06058282208588957
no.alt.frustrasjoner,no.radio_tv,3041,583,207,0.06057945566286216
no.bolig,no.c,978,1036,115,0.06055818852027383
no.alt.frustrasjoner,no.marked.jobb,3041,2181,298,0.060519902518277824
no.news.diverse,no.prat.narkotika,1893,527,138,0.060473269062226116
no.biz.diskusjoner,no.org.efn.diskusjon,431,446,50,0.060459492140266025
no.marked.diskusjon,no.nuug,187,164,20,0.06042296072507553
no.psykologi,no.uninett.skole,584,522,63,0.06040268456375839
no.alt.katter,no.irc,774,1475,128,0.06034889203206035
no.radio-tv,no.vit.diverse,2075,473,145,0.06034124011652101
no.lisp,no.norsk.fagord,302,243,31,0.06031128404669261
no.alt.frustrasjoner,no.medisin,3041,1038,232,0.06030673251884586
no.jus,no.sport.diverse,1852,1507,191,0.06029040404040404
no.alt.irc-treff,no.lisp,296,302,34,0.06028368794326241
no.eunet.drift,no.nuug,135,164,17,0.06028368794326241
no.bil,no.news.diverse,2153,1893,230,0.06027253668763103
no.havforskning,no.sources.wanted,398,218,35,0.060240963855421686
no.org.efn.diskusjon,no.student.nett,446,452,51,0.0602125147579693
no.alt.arkiv,no.tungregning,199,118,18,0.06020066889632107
no.religion,no.vitser,1585,3558,292,0.06019377447948877
no.alt.config,no.vit.diverse,408,473,50,0.06016847172081829
no.amiga,no.multimedia,1544,1383,166,0.060123143788482436
no.ef,no.prat.narkotika,567,527,62,0.060077519379844964
no.film,no.mac,2587,2742,302,0.06007559180425701
no.kryptografi,no.stortinget,359,665,58,0.060041407867494824
no.biz.annonser.data,no.mail.diverse,1548,995,144,0.06002501042100875
no.bibsys,no.litteratur,235,1532,100,0.059988002399520096
no.ef,no.perl,567,564,64,0.05998125585754452
no.radio-tv,no.stortinget,2075,665,155,0.059961315280464215
no.alt.pompel-og-pilt,no.vr,329,166,28,0.059957173447537475
no.alt.katter,no.org.efn.diskusjon,774,446,69,0.05994787141615986
no.alt.gledesutbrudd,no.prat.narkotika,1754,527,129,0.05994423791821561
no.biz.nettilbydere,no.multimedia,686,1383,117,0.05993852459016393
no.audio,no.mail.diverse,2493,995,197,0.05986022485566697
no.alt.gledesutbrudd,no.spill,1754,2992,268,0.05984814649397052
no.alt.radio-tv.irma-1000,no.bil,309,2153,139,0.05983641842445114
no.tex,no.vit.diverse,218,473,39,0.0598159509202454
no.alt.tegneserier,no.video,1043,942,112,0.0597971169247197
no.it.diverse,no.prat.seksualitet,606,883,84,0.0597864768683274
no.alt.pompel-og-pilt,no.bil,329,2153,140,0.059777967549103334
no.alkohol,no.prat.seksualitet,1192,883,117,0.05975485188968335
no.kryptografi,no.perl,359,564,52,0.05970149253731343
no.kryptografi,no.typografi,359,280,36,0.05970149253731343
no.news.drift,no.vit.diverse,379,473,48,0.05970149253731343
no.musikk.gitar,no.news.drift,1148,379,86,0.05968077723802915
no.alt.gledesutbrudd,no.mail.drift,1754,430,123,0.05967976710334789
no.alt.irc-treff,no.folklore.edb,296,219,29,0.059670781893004114
no.alt.config,no.unix,408,1439,104,0.05966724039013196
no.biz.nettilbydere,no.stortinget,686,665,76,0.0596078431372549
no.amiga,no.audio,1544,2493,227,0.05958005249343832
no.linux,no.test,3024,6390,529,0.05953854811480023
no.alt.arkiv,no.uninett.katalog,199,68,15,0.05952380952380952
no.alt.frustrasjoner,no.it.emacs,3041,395,193,0.05951279679309281
no.alt.god.jul,no.audio,570,2493,172,0.059494984434451746
no.news.drift,no.typografi,379,280,37,0.0594855305466238
no.tex,no.unix,218,1439,93,0.05946291560102302
no.amiga,no.net,1544,1218,155,0.05945531261986958
no.havforskning,no.sources.list,398,101,28,0.059447983014861996
no.mail.drift,no.x,430,301,41,0.059420289855072465
no.kryptografi,no.x,359,301,37,0.0593900481540931
no.bil,no.havforskning,2153,398,143,0.059385382059800665
no.ai,no.alt.radio_tv.irma1000,254,210,26,0.0593607305936073
no.alt.pompelog,no.org.efn.diskusjon,143,446,33,0.05935251798561151
no.alkohol,no.net,1192,1218,135,0.05934065934065934
no.alt.mat,no.org.efn.diskusjon,1286,446,97,0.05932721712538226
no.alt.radio-tv.irma-1000,no.jus,309,1852,121,0.059313725490196076
no.alt.god.jul,no.media,570,734,73,0.059301380991064176
no.folklore.overtro,no.uninett.diverse,131,262,22,0.05929919137466307
no.ef,no.linux,567,3024,201,0.05929203539823009
no.uninett.katalog,no.uninett.skole,68,522,33,0.059245960502693
no.news.diverse,no.sykkel,1893,1148,170,0.059212817833507486
no.amiga,no.biz.annonser,1544,2197,209,0.059173272933182336
no.it.diverse,no.stortinget,606,665,71,0.059166666666666666
no.prat.politikk,no.vitser,1152,3558,263,0.05914099392849112
no.standard,no.x,129,301,24,0.059113300492610835
no.alt.mat.drikke,no.prat.seksualitet,659,883,86,0.059065934065934064
no.elektronikk,no.marked.bil,2253,1423,205,0.059060789397868046
no.net,no.vitser,1218,3558,266,0.05898004434589801
no.ms-windows,no.test,3235,6390,536,0.05897238420068214
no.linux,no.spill,3024,2992,335,0.05896849146277064
no.ai,no.tegnsett,254,249,28,0.05894736842105263
no.net,no.religion,1218,1585,156,0.058934642992066494
no.marked.data,no.net,7987,1218,512,0.05889796387898309
no.alt.irc-treff,no.ef,296,567,48,0.05889570552147239
no.audio,no.spill,2493,2992,305,0.05888030888030888
no.alt.mat.drikke,no.reiser,659,1050,95,0.05885997521685254
no.ef,no.eunet.drift,567,135,39,0.058823529411764705
no.embnet,no.tungregning,260,118,21,0.058823529411764705
no.folklore.overtro,no.x,131,301,24,0.058823529411764705
no.c,no.pc,1036,7029,448,0.05881580674806354
no.alt.gledesutbrudd,no.bil,1754,2153,217,0.05880758807588076
no.alt.diskusjoner,no.uninett.diverse,2368,262,146,0.05877616747181964
no.folklore.edb,no.mail.drift,219,430,36,0.05872756933115824
no.marked.data,no.radio-tv,7987,2075,558,0.058712121212121215
no.biz.annonser,no.video,2197,942,174,0.058684654300168636
no.alt.mat.drikke,no.medisin,659,1038,94,0.058640049906425455
no.alt.gledesutbrudd,no.mac,1754,2742,249,0.058629620908876856
no.stortinget,no.www,665,3452,228,0.0586268963743893
no.litteratur,no.skole.diverse,1532,563,116,0.05861546235472461
no.alt.sjokolade,no.elektronikk,656,2253,161,0.05858806404657933
no.prat.politikk,no.sport.diverse,1152,1507,147,0.05851910828025478
no.tungregning,no.typografi,118,280,22,0.05851063829787234
no.uninett.skole,no.vit.diverse,522,473,55,0.05851063829787234
no.alt.motorsykler,no.marked.bil,1690,1423,172,0.058483509010540634
no.bibsys,no.bolig,235,978,67,0.05846422338568935
no.alt.config,no.typografi,408,280,38,0.05846153846153846
no.media,no.uninett.diverse,734,262,55,0.05844845908607864
no.alt.diskusjoner,no.amiga,2368,1544,216,0.05844155844155844
no.alt.tegneserier,no.marked.jobb,1043,2181,178,0.058437294812869335
no.alt.gledesutbrudd,no.radio_tv,1754,583,129,0.058423913043478264
no.alt.diskusjoner,no.biz.annonser.data,2368,1548,216,0.05837837837837838
no.folklore.overtro,no.kryptografi,131,359,27,0.058315334773218146
no.typografi,no.x,280,301,32,0.058287795992714025
no.hobby.diverse,no.jus,817,1852,147,0.05828707375099128
no.prat.narkotika,no.prat.ufo,527,327,47,0.058240396530359353
no.elektronikk,no.norsk,2253,1963,232,0.05823293172690763
no.marked.bolig,no.marked.jobb,892,2181,169,0.058195592286501376
no.havforskning,no.speider,398,493,49,0.05819477434679335
no.ef,no.sport.diverse,567,1507,114,0.058163265306122446
no.perl,no.vit.diverse,564,473,57,0.058163265306122446
no.mail.drift,no.typografi,430,280,39,0.05812220566318927
no.alt.sjokolade,no.vit.diverse,656,473,62,0.05810684161199625
no.folklore.overtro,no.news.drift,131,379,28,0.058091286307053944
no.alt.frustrasjoner,no.psykologi,3041,584,199,0.05808523058960887
no.alkohol,no.lisp,1192,302,82,0.05807365439093484
no.alt.mat.drikke,no.net,659,1218,103,0.0580608793686584
no.alt.mat.drikke,no.radio-tv,659,2075,150,0.05804953560371517
no.it.emacs,no.norsk.fagord,395,243,35,0.05804311774461028
no.elektronikk,no.mac,2253,2742,274,0.05803855115441644
no.alt.config,no.biz.nettilbydere,408,686,60,0.058027079303675046
no.audio,no.ms-windows,2493,3235,314,0.05799778352419653
no.bil,no.litteratur,2153,1532,202,0.05799598047660063
no.lisp,no.stortinget,302,665,53,0.05798687089715536
no.sport.diverse,no.stortinget,1507,665,119,0.05796395518753044
no.ef,no.student.samfund,567,255,45,0.05791505791505792
no.alt.config,no.multimedia,408,1383,98,0.057885410513880686
no.ef,no.folklore.edb,567,219,43,0.05787348586810229
no.hobby.diverse,no.prat.seksualitet,817,883,93,0.05787181082762912
no.sources.wanted,no.vr,218,166,21,0.05785123966942149
no.tungregning,no.uninett.skole,118,522,35,0.05785123966942149
no.alt.gledesutbrudd,no.it.diverse,1754,606,129,0.057821604661586735
no.org.efn.diskusjon,no.tele,446,2097,139,0.057820299500831944
no.jus,no.perl,1852,564,132,0.05779334500875657
no.alt.katter,no.kjemi,774,746,83,0.05775922059846903
no.biz.annonser,no.media,2197,734,160,0.057740887766149405
no.alt.frustrasjoner,no.it.diverse,3041,606,199,0.05771461716937355
no.film,no.marked.jobb,2587,2181,260,0.05767524401064774
no.alt.tegneserier,no.www,1043,3452,245,0.05764705882352941
no.havforskning,no.org.efn.diskusjon,398,446,46,0.05764411027568922
no.alt.god.jul,no.nuug,570,164,40,0.05763688760806916
no.general,no.prat.seksualitet,7081,883,434,0.05763612217795485
no.alt.god.jul,no.norsk,570,1963,138,0.05762004175365344
no.lisp,no.medisin,302,1038,73,0.05761641673243883
no.alt.sjokolade,no.religion,656,1585,122,0.05757432751297782
no.alt.frustrasjoner,no.kjemi,3041,746,206,0.05752583077352695
no.alt.config,no.alt.flame,408,2515,159,0.05752532561505065
no.irc,no.psykologi,1475,584,112,0.05752439650744735
no.marked.data,no.test,7987,6390,782,0.05752114748069143
no.general,no.sport.diverse,7081,1507,467,0.05750523334564709
no.alt.gledesutbrudd,no.perl,1754,564,126,0.05748175182481752
no.alt.god.jul,no.bil,570,2153,148,0.05747572815533981
no.medisin,no.www,1038,3452,244,0.0574658502119642
no.jus,no.sykkel,1852,1148,163,0.057455058160028195
no.alt.mat,no.stortinget,1286,665,106,0.05745257452574526
no.alt.diskusjoner,no.sykkel,2368,1148,191,0.057443609022556394
no.speider,no.uninett.diverse,493,262,41,0.05742296918767507
no.alt.mat,no.linux,1286,3024,234,0.05740922473012758
no.marked,no.norsk,8430,1963,564,0.057381218842201646
no.mail.drift,no.vit.diverse,430,473,49,0.05737704918032787
no.alt.sjokolade,no.it.emacs,656,395,57,0.05734406438631791
no.mail.drift,no.uninett.katalog,430,68,27,0.05732484076433121
no.alt.katter,no.litteratur,774,1532,125,0.05731315910132966
no.ef,no.medisin,567,1038,87,0.05731225296442688
no.news.diverse,no.radio_tv,1893,583,134,0.05721605465414176
no.linux,no.prat.politikk,3024,1152,226,0.05721518987341772
no.alt.mat.drikke,no.it.emacs,659,395,57,0.05717151454363089
no.radio-tv,no.unix,2075,1439,190,0.057160048134777375
no.kjemi,no.religion,746,1585,126,0.05714285714285714
no.alt.mat.drikke,no.kryptografi,659,359,55,0.05711318795430945
no.alt.god.jul,no.news.diverse,570,1893,133,0.05708154506437768
no.media,no.sport.diverse,734,1507,121,0.05707547169811321
no.alt.diskusjoner,no.mail.drift,2368,430,151,0.057045712126936154
no.kryptografi,no.multimedia,359,1383,94,0.05703883495145631
no.norsk,no.uninett.diverse,1963,262,120,0.057007125890736345
no.ms-windows,no.unix,3235,1439,252,0.05698778833107191
no.alt.katter,no.lisp,774,302,58,0.05697445972495088
no.sport.diverse,no.vitser,1507,3558,273,0.05696994991652755
no.biz.nettilbydere,no.org.efn.diskusjon,686,446,61,0.05695611577964519
no.biz.diskusjoner,no.jus,431,1852,123,0.05694444444444444
no.bibsys,no.kryptografi,235,359,32,0.05693950177935943
no.ai,no.alt.sjokolade,254,656,49,0.056910569105691054
no.alt.god.jul,no.alt.radio_tv.irma1000,570,210,42,0.056910569105691054
no.alt.diskusjoner,no.reiser,2368,1050,184,0.05689548546691404
no.biz.annonser.data,no.jus,1548,1852,183,0.05688529686042897
no.alkohol,no.tele,1192,2097,177,0.05687660668380463
no.alt.frustrasjoner,no.news.drift,3041,379,184,0.05686032138442522
no.alt.radio-tv.irma-1000,no.litteratur,309,1532,99,0.05683122847301952
no.amiga,no.pc,1544,7029,461,0.05682938856015779
no.bil,no.mac,2153,2742,263,0.05677892918825561
no.elektronikk,no.embnet,2253,260,135,0.0567703952901598
no.alt.frustrasjoner,no.sykkel,3041,1148,225,0.05676084762865792
no.embnet,no.folklore.overtro,260,131,21,0.05675675675675676
no.norsk.fagord,no.org.efn.diskusjon,243,446,37,0.05674846625766871
no.alt.tegneserier,no.vitser,1043,3558,247,0.056729444189251264
no.elektronikk,no.mail.drift,2253,430,144,0.05671524222134699
no.alt.frustrasjoner,no.biz.nettilbydere,3041,686,200,0.05670541536716756
no.alt.gledesutbrudd,no.elektronikk,1754,2253,215,0.05669831223628692
no.spill,no.tele,2992,2097,273,0.056686046511627904
no.psykologi,no.sources.wanted,584,218,43,0.05665349143610013
no.alt.mat,no.multimedia,1286,1383,143,0.05661124307205067
no.elektronikk,no.prat.seksualitet,2253,883,168,0.05660377358490566
no.embnet,no.eunet.hjelp,260,244,27,0.05660377358490566
no.mail.drift,no.uninett.skole,430,522,51,0.05660377358490566
no.typografi,no.uninett.drift,280,112,21,0.05660377358490566
no.alt.config,no.norsk,408,1963,127,0.05659536541889483
no.hobby.diverse,no.net,817,1218,109,0.05659397715472482
no.biz.nettilbydere,no.prat.seksualitet,686,883,84,0.05656565656565657
no.alt.god.jul,no.film,570,2587,169,0.056559571619812586
no.marked.jobb,no.musikk,2181,3669,313,0.05652880621275059
no.multimedia,no.uninett.diverse,1383,262,88,0.056518946692357096
no.alt.sjokolade,no.uninett.skole,656,522,63,0.05650224215246637
no.alt.frustrasjoner,no.biz.annonser,3041,2197,280,0.05647438483259379
no.alt.sjokolade,no.norsk,656,1963,140,0.05647438483259379
no.org.efn.diskusjon,no.prat.narkotika,446,527,52,0.05646036916395222
no.alt.gledesutbrudd,no.test,1754,6390,435,0.05642755221170061
no.alt.mat.drikke,no.kjemi,659,746,75,0.05639097744360902
no.litteratur,no.news.drift,1532,379,102,0.05638474295190713
no.biz.annonser,no.radio-tv,2197,2075,228,0.05637982195845697
no.hobby.diverse,no.sport.diverse,817,1507,124,0.056363636363636366
no.alt.arkiv,no.sources.list,199,101,16,0.056338028169014086
no.biz.diskusjoner,no.eunet.hjelp,431,244,36,0.056338028169014086
no.hobby.diverse,no.prat.politikk,817,1152,105,0.05633047210300429
no.alt.god.jul,no.radio-tv,570,2075,141,0.056309904153354635
no.psykologi,no.standard,584,129,38,0.056296296296296296
no.kryptografi,no.news.diverse,359,1893,120,0.05628517823639775
no.alt.gledesutbrudd,no.biz.nettilbydere,1754,686,130,0.05627705627705628
no.uninett.drift,no.x,112,301,22,0.056265984654731455
no.kjemi,no.musikk,746,3669,235,0.056220095693779906
no.sources.wanted,no.stortinget,218,665,47,0.056220095693779906
no.alt.sjokolade,no.marked.jobb,656,2181,151,0.056217423678332094
no.student.nett,no.uninett.diverse,452,262,38,0.05621301775147929
no.alkohol,no.bil,1192,2153,178,0.05620461004104831
no.alt.mat.drikke,no.biz.diskusjoner,659,431,58,0.0562015503875969
no.ef,no.vr,567,166,39,0.056195965417867436
no.alt.diskusjoner,no.it.emacs,2368,395,147,0.05619266055045872
no.havforskning,no.vr,398,166,30,0.056179775280898875
no.tegnsett,no.uninett.skole,249,522,41,0.056164383561643834
no.biz.nettilbydere,no.unix,686,1439,113,0.05616302186878728
no.prat.politikk,no.pressemeldinger,1152,334,79,0.05614783226723525
no.musikk,no.sport.diverse,3669,1507,275,0.05611099775556009
no.ef,no.typografi,567,280,45,0.05610972568578554
no.standard,no.telepost,129,417,29,0.05609284332688588
no.nuug,no.stortinget,164,665,44,0.05605095541401274
no.alt.gledesutbrudd,no.musikk.gitar,1754,1148,154,0.05604075691411936
no.lisp,no.student.nett,302,452,40,0.056022408963585436
no.biz.nettilbydere,no.folklore.edb,686,219,48,0.056009334889148193
no.c,no.vit.diverse,1036,473,80,0.05598320503848846
no.alt.arkiv,no.bibsys,199,235,23,0.05596107055961071
no.it.diverse,no.media,606,734,71,0.05594956658786446
no.alkohol,no.sport.diverse,1192,1507,143,0.05594679186228482
no.jus,no.radio_tv,1852,583,129,0.055941023417172595
no.alt.arkiv,no.eunet.diverse,199,141,18,0.055900621118012424
no.litteratur,no.prat.narkotika,1532,527,109,0.0558974358974359
no.mail.drift,no.tungregning,430,118,29,0.055876685934489405
no.alt.arkiv,no.kjemi,199,746,50,0.055865921787709494
no.it.diverse,no.linux,606,3024,192,0.055846422338568937
no.irc,no.kryptografi,1475,359,97,0.055843408175014396
no.biz.nettilbydere,no.bolig,686,978,88,0.05583756345177665
no.alt.mat,no.news.drift,1286,379,88,0.05580215599239061
no.biz.annonser,no.mac,2197,2742,261,0.05579307396323215
no.audio,no.kjemi,2493,746,171,0.05573663624511082
no.it.diverse,no.news.drift,606,379,52,0.055734190782422297
no.alt.katter,no.alt.motorsykler,774,1690,130,0.055698371893744644
no.prat.politikk,no.prat.ufo,1152,327,78,0.055674518201284794
no.alt.radio-tv.irma-1000,no.biz.diskusjoner,309,431,39,0.05563480741797432
no.religion,no.spill,1585,2992,241,0.055581180811808115
no.jus,no.uninett.skole,1852,522,125,0.05558025789239662
no.alt.gullkorn,no.svar,7,12,1,0.05555555555555555
no.kjemi,no.unix,746,1439,115,0.05555555555555555
no.norsk,no.radio_tv,1963,583,134,0.05555555555555555
no.irc,no.marked,1475,8430,521,0.05552003410059676
no.alt.arkiv,no.alt.diskusjoner,199,2368,135,0.055509868421052634
no.media,no.student.samfund,734,255,52,0.05549626467449306
no.alt.tegneserier,no.mac,1043,2742,199,0.05549358616843279
no.audio,no.hobby.diverse,2493,817,174,0.05548469387755102
no.biz.nettilbydere,no.hobby.diverse,686,817,79,0.05547752808988764
no.jus,no.uninett.diverse,1852,262,111,0.05541687468796805
no.alt.sjokolade,no.musikk,656,3669,227,0.05539287457296242
no.alt.irc-treff,no.alt.mat,296,1286,83,0.05537024683122081
no.alt.sjokolade,no.psykologi,656,584,65,0.05531914893617021
no.folklore.overtro,no.pressemeldinger.diskusjon,131,79,11,0.05527638190954774
no.it.emacs,no.uninett.skole,395,522,48,0.05523590333716916
no.news.drift,no.tungregning,379,118,26,0.055201698513800426
no.elektronikk,no.litteratur,2253,1532,198,0.055199330917201
no.alt.tegneserier,no.spill,1043,2992,211,0.05517782426778243
no.hobby.diverse,no.medisin,817,1038,97,0.055176336746302616
no.it.diverse,no.org.efn.diskusjon,606,446,55,0.055165496489468405
no.alt.config,no.it.diverse,408,606,53,0.055150884495317375
no.linux,no.vitser,3024,3558,344,0.055145880089772364
no.kryptografi,no.medisin,359,1038,73,0.05513595166163142
no.religion,no.unix,1585,1439,158,0.05512909979064899
no.org.efn.diskusjon,no.vit.diverse,446,473,48,0.05510907003444317
no.prat.politikk,no.reiser,1152,1050,115,0.055103018687110684
no.ai,no.standard,254,129,20,0.05509641873278237
no.hobby.diverse,no.radio-tv,817,2075,151,0.05508938343670193
no.film,no.musikk.gitar,2587,1148,195,0.05508474576271186
no.bolig,no.mail.diverse,978,995,103,0.05508021390374331
no.alt.sjokolade,no.news.drift,656,379,54,0.05504587155963303
no.stortinget,no.tele,665,2097,144,0.05500381970970206
no.embnet,no.uninett.hjelp,260,124,20,0.054945054945054944
no.tex,no.uninett.diverse,218,262,25,0.054945054945054944
no.org.efn.diskusjon,no.www,446,3452,203,0.05493910690121786
no.alt.arkiv,no.uninett.diverse,199,262,24,0.05491990846681922
no.alkohol,no.alt.motorsykler,1192,1690,150,0.05490483162518302
no.alt.gledesutbrudd,no.audio,1754,2493,221,0.05489319423745653
no.folklore.overtro,no.media,131,734,45,0.054878048780487805
no.kryptografi,no.tex,359,218,30,0.054844606946983544
no.irc,no.radio_tv,1475,583,107,0.0548436699128652
no.ef,no.nuug,567,164,38,0.05483405483405483
no.eunet.diverse,no.telepost,141,417,29,0.054820415879017016
no.alt.god.jul,no.biz.diskusjoner,570,431,52,0.0547945205479452
no.alt.mat.drikke,no.bolig,659,978,85,0.0547680412371134
no.alt.radio-tv.irma-1000,no.elektronikk,309,2253,133,0.05475504322766571
no.hobby.diverse,no.uninett.diverse,817,262,56,0.05474095796676442
no.embnet,no.stortinget,260,665,48,0.05473204104903079
no.film,no.tele,2587,2097,243,0.05471740598964197
no.eunet.diverse,no.standard,141,129,14,0.0546875
no.kjemi,no.prat.narkotika,746,527,66,0.05468102734051367
no.hobby.diverse,no.kjemi,817,746,81,0.05465587044534413
no.radio-tv,no.sykkel,2075,1148,167,0.05464659685863874
no.folklore.overtro,no.student.samfund,131,255,20,0.0546448087431694
no.biz.nettilbydere,no.ms-windows,686,3235,203,0.054599246906939215
no.uninett.hjelp,no.x,124,301,22,0.05459057071960298
no.norsk.fagord,no.stortinget,243,665,47,0.0545876887340302
no.jus,no.skole.diverse,1852,563,125,0.05458515283842795
no.telepost,no.uninett.hjelp,417,124,28,0.05458089668615984
no.alt.sjokolade,no.vitser,656,3558,218,0.05455455455455455
no.net,no.uninett.skole,1218,522,90,0.05454545454545454
no.uninett.diverse,no.vit.diverse,262,473,38,0.054519368723098996
no.embnet,no.x,260,301,29,0.05451127819548872
no.alt.god.jul,no.uninett.diverse,570,262,43,0.05449936628643853
no.elektronikk,no.lisp,2253,302,132,0.05447791993396616
no.biz.nettilbydere,no.havforskning,686,398,56,0.054474708171206226
no.org.isoc-no,no.sources.wanted,53,218,14,0.054474708171206226
no.alt.tegneserier,no.linux,1043,3024,210,0.0544464609800363
no.news.drift,no.speider,379,493,45,0.05441354292623942
no.alt.mat.drikke,no.org.efn.diskusjon,659,446,57,0.05438931297709924
no.folklore.overtro,no.tex,131,218,18,0.054380664652567974
no.mail.diverse,no.sport.diverse,995,1507,129,0.05436156763590392
no.alt.diskusjoner,no.uninett.skole,2368,522,149,0.05435972272893105
no.alt.fan.de-lillos,no.alt.radio-tv.irma-1000,176,309,25,0.05434782608695652
no.havforskning,no.kryptografi,398,359,39,0.054317548746518104
no.musikk,no.tele,3669,2097,297,0.05430608886450905
no.news.diverse,no.x,1893,301,113,0.05430081691494474
no.havforskning,no.uninett.katalog,398,68,24,0.05429864253393665
no.bil,no.sykkel,2153,1148,170,0.05429575215586075
no.ai,no.alt.diskusjoner,254,2368,135,0.054282267792521106
no.alt.mat.drikke,no.unix,659,1439,108,0.054271356783919596
no.mail.diverse,no.marked,995,8430,485,0.05425055928411633
no.marked.jobb,no.media,2181,734,150,0.054249547920433995
no.mac,no.tele,2742,2097,249,0.0542483660130719
no.news.drift,no.uninett.katalog,379,68,23,0.054245283018867926
no.alt.arkiv,no.uninett.drift,199,112,16,0.05423728813559322
no.biz,no.ef,55,567,32,0.05423728813559322
no.speider,no.standard,493,129,32,0.05423728813559322
no.audio,no.media,2493,734,166,0.05423064358052924
no.alt.radio-tv.irma-1000,no.audio,309,2493,144,0.05417607223476298
no.alt.motorsykler,no.jus,1690,1852,182,0.05416666666666667
no.bil,no.linux,2153,3024,266,0.05416412136021177
no.audio,no.marked.bil,2493,1423,201,0.054104979811574694
no.bil,no.lisp,2153,302,126,0.054100472305710606
no.audio,no.bibsys,2493,235,140,0.05409582689335394
no.alt.mat.drikke,no.biz.nettilbydere,659,686,69,0.054075235109717866
no.kryptografi,no.litteratur,359,1532,97,0.05406911928651059
no.org.dnd,no.org.nobug.diverse,66,90,8,0.05405405405405406
no.psykologi,no.tungregning,584,118,36,0.05405405405405406
no.alkohol,no.radio_tv,1192,583,91,0.054038004750593824
no.alt.mat,no.musikk,1286,3669,254,0.054031057221867684
no.pressemeldinger,no.radio_tv,334,583,47,0.054022988505747126
no.speider,no.uninett.drift,493,112,31,0.05400696864111498
no.kryptografi,no.standard,359,129,25,0.05399568034557235
no.medisin,no.skole.diverse,1038,563,82,0.053982883475971036
no.alt.irc-treff,no.org.efn.diskusjon,296,446,38,0.05397727272727273
no.mail.drift,no.prat.politikk,430,1152,81,0.05396402398401066
no.linux,no.radio-tv,3024,2075,261,0.053947912360479536
no.biz.annonser.data,no.linux,1548,3024,234,0.05394190871369295
no.biz.annonser,no.marked.bolig,2197,892,158,0.053906516547253494
no.marked.jobb,no.ms-windows,2181,3235,277,0.053901537264059156
no.biz.annonser,no.linux,2197,3024,267,0.053895841744045214
no.alt.god.jul,no.prat.politikk,570,1152,88,0.05385556915544676
no.religion,no.sport.diverse,1585,1507,158,0.05385139740967962
no.musikk,no.test,3669,6390,514,0.05385018334206391
no.ai,no.biz.diskusjoner,254,431,35,0.05384615384615385
no.mail.drift,no.student.samfund,430,255,35,0.05384615384615385
no.litteratur,no.vitser,1532,3558,260,0.053830227743271224
no.embnet,no.uninett.drift,260,112,19,0.053824362606232294
no.alt.gledesutbrudd,no.lisp,1754,302,105,0.053818554587391085
no.religion,no.tele,1585,2097,188,0.053806525472238124
no.ef,no.prat.seksualitet,567,883,74,0.05377906976744186
no.alt.pompelog,no.tegnsett,143,249,20,0.053763440860215055
no.medisin,no.student.nett,1038,452,76,0.05374823196605375
no.c,no.folklore.edb,1036,219,64,0.05373635600335852
no.kryptografi,no.tegnsett,359,249,31,0.053726169844020795
no.biz.annonser.data,no.irc,1548,1475,154,0.053677239456256534
no.alt.diskusjoner,no.lisp,2368,302,136,0.05367008681925809
no.irc,no.medisin,1475,1038,128,0.053668763102725364
no.alkohol,no.news.drift,1192,379,80,0.05365526492287056
no.alt.flame,no.norsk,2515,1963,228,0.05364705882352941
no.ai,no.alt.irc-treff,254,296,28,0.05363984674329502
no.news.diverse,no.tegnsett,1893,249,109,0.05361534677816036
no.bolig,no.havforskning,978,398,70,0.05359877488514548
no.stortinget,no.unix,665,1439,107,0.05358037055583375
no.kryptografi,no.linux,359,3024,172,0.05356586733104952
no.alt.diskusjoner,no.perl,2368,564,149,0.053539346029464606
no.alkohol,no.elektronikk,1192,2253,175,0.053516819571865444
no.eunet.diverse,no.mail.drift,141,430,29,0.05350553505535055
no.c,no.radio-tv,1036,2075,158,0.05350491026075178
no.folklore.overtro,no.org.dnd,131,66,10,0.053475935828877004
no.speider,no.tungregning,493,118,31,0.05344827586206897
no.alt.katter,no.stortinget,774,665,73,0.053440702781844804
no.medisin,no.tele,1038,2097,159,0.05342741935483871
no.vit.diverse,no.www,473,3452,199,0.05340848094471283
no.it.diverse,no.uninett.diverse,606,262,44,0.05339805825242718
no.bibsys,no.film,235,2587,143,0.05337812616648003
no.film,no.unix,2587,1439,204,0.05337519623233909
no.elektronikk,no.unix,2253,1439,187,0.05335235378031384
no.net,no.sport.diverse,1218,1507,138,0.05334364128333977
no.norsk,no.tegnsett,1963,249,112,0.05333333333333334
no.alt.mat.drikke,no.prat.narkotika,659,527,60,0.05328596802841918
no.ai,no.kryptografi,254,359,31,0.05326460481099656
no.alt.tegneserier,no.prat.politikk,1043,1152,111,0.05326295585412668
no.mail.drift,no.uninett.hjelp,430,124,28,0.053231939163498096
no.linux,no.x,3024,301,168,0.05321507760532151
no.irc,no.perl,1475,564,103,0.05320247933884298
no.marked.jobb,no.tele,2181,2097,216,0.053175775480059084
no.kryptografi,no.vit.diverse,359,473,42,0.053164556962025315
no.typografi,no.vit.diverse,280,473,38,0.05314685314685315
no.prat.politikk,no.student.samfund,1152,255,71,0.0531437125748503
no.irc,no.it.diverse,1475,606,105,0.05313765182186235
no.hobby.diverse,no.tele,817,2097,147,0.05312612938200217
no.folklore.edb,no.tungregning,219,118,17,0.053125
no.audio,no.litteratur,2493,1532,203,0.05311355311355311
no.alt.gledesutbrudd,no.alt.pompel-og-pilt,1754,329,105,0.05308392315470172
no.audio,no.vitser,2493,3558,305,0.05308040375913679
no.norsk,no.test,1963,6390,421,0.05307614725163893
no.alt.tegneserier,no.psykologi,1043,584,82,0.05307443365695793
no.ai,no.c,254,1036,65,0.053061224489795916
no.alt.mat,no.alt.pompelog,1286,143,72,0.05305821665438467
no.alt.pompel-og-pilt,no.psykologi,329,584,46,0.0530565167243368
no.film,no.mail.drift,2587,430,152,0.05305410122164049
no.standard,no.stortinget,129,665,40,0.05305039787798409
no.litteratur,no.vit.diverse,1532,473,101,0.05304621848739496
no.mail.drift,no.vr,430,166,30,0.053003533568904596
no.lisp,no.norsk,302,1963,114,0.05299860529986053
no.marked.jobb,no.medisin,2181,1038,162,0.05299313052011776
no.alt.pompel-og-pilt,no.org.efn.diskusjon,329,446,39,0.05298913043478261
no.biz.annonser.data,no.film,1548,2587,208,0.05296664120193532
no.it.diverse,no.kjemi,606,746,68,0.0529595015576324
no.alt.mat,no.radio_tv,1286,583,94,0.05295774647887324
no.audio,no.musikk.gitar,2493,1148,183,0.05292076344707924
no.alt.arkiv,no.mail.diverse,199,995,60,0.05291005291005291
no.media,no.x,734,301,52,0.052899287894201424
no.lisp,no.prat.politikk,302,1152,73,0.05286024619840695
no.norsk,no.prat.narkotika,1963,527,125,0.052854122621564484
no.film,no.lisp,2587,302,145,0.05284256559766764
no.alkohol,no.alt.pompelog,1192,143,67,0.0528391167192429
no.pressemeldinger,no.www,334,3452,190,0.052836484983314794
no.alt.arkiv,no.alt.gledesutbrudd,199,1754,98,0.052830188679245285
no.alt.irc-treff,no.uninett.diverse,296,262,28,0.052830188679245285
no.alt.pompel-og-pilt,no.tegnsett,329,249,29,0.052823315118397086
no.alkohol,no.unix,1192,1439,132,0.05282112845138055
no.alt.frustrasjoner,no.amiga,3041,1544,230,0.05281285878300804
no.news.diverse,no.typografi,1893,280,109,0.05281007751937984
no.biz.diskusjoner,no.marked.jobb,431,2181,131,0.05280128980249899
no.alt.flame,no.jus,2515,1852,219,0.05279652844744455
no.org.nobug.diverse,no.tegnsett,90,249,17,0.052795031055900624
no.telepost,no.x,417,301,36,0.05278592375366569
no.student.samfund,no.uninett.hjelp,255,124,19,0.05277777777777778
no.bibsys,no.nuug,235,164,20,0.052770448548812667
no.norsk,no.reiser,1963,1050,151,0.05276030747728861
no.amiga,no.film,1544,2587,207,0.052752293577981654
no.alt.gledesutbrudd,no.marked,1754,8430,510,0.052718627248294396
no.mail.diverse,no.skole.diverse,995,563,78,0.052702702702702706
no.mac,no.radio-tv,2742,2075,241,0.05266608391608392
no.linux,no.media,3024,734,188,0.05266106442577031
no.marked.bil,no.ms-windows,1423,3235,233,0.05265536723163842
no.alt.katter,no.religion,774,1585,118,0.052655064703257475
no.bibsys,no.stortinget,235,665,45,0.05263157894736842
no.hobby.diverse,no.skole.diverse,817,563,69,0.05263157894736842
no.uninett.skole,no.unix,522,1439,98,0.052603327965646804
no.net,no.radio_tv,1218,583,90,0.052600818234950324
no.alt.flame,no.prat.politikk,2515,1152,183,0.052525832376578645
no.alt.katter,no.bil,774,2153,146,0.05249910104279036
no.alt.tegneserier,no.eunet.diverse,1043,141,59,0.052444444444444446
no.bolig,no.elektronikk,978,2253,161,0.05244299674267101
no.it.diverse,no.norsk,606,1963,128,0.05243752560426055
no.audio,no.havforskning,2493,398,144,0.052420822715689847
no.medisin,no.radio-tv,1038,2075,155,0.05240027045300879
no.mac,no.media,2742,734,173,0.052376627308507416
no.alt.config,no.bibsys,408,235,32,0.05237315875613748
no.biz.nettilbydere,no.news.drift,686,379,53,0.05237154150197629
no.embnet,no.psykologi,260,584,42,0.05236907730673317
no.biz.annonser,no.norsk,2197,1963,207,0.052365292183152036
no.media,no.student.nett,734,452,59,0.05235137533274179
no.litteratur,no.spill,1532,2992,225,0.052337752965806
no.alt.mat,no.psykologi,1286,584,93,0.05233539673607203
no.marked.jobb,no.unix,2181,1439,180,0.05232558139534884
no.perl,no.uninett.skole,564,522,54,0.05232558139534884
no.alt.mat.drikke,no.tele,659,2097,137,0.05231004200076365
no.ai,no.mail.drift,254,430,34,0.052307692307692305
no.ai,no.uninett.katalog,254,68,16,0.05228758169934641
no.litteratur,no.prat.seksualitet,1532,883,120,0.05228758169934641
no.irc,no.telepost,1475,417,94,0.05228031145717464
no.hobby.diverse,no.norsk,817,1963,138,0.052233156699470096
no.kryptografi,no.prat.politikk,359,1152,75,0.05222841225626741
no.mac,no.musikk.gitar,2742,1148,193,0.052204490127130104
no.alt.arkiv,no.org.efn.diskusjon,199,446,32,0.052202283849918436
no.alt.frustrasjoner,no.prat.narkotika,3041,527,177,0.05219699203774698
no.perl,no.tele,564,2097,132,0.05219454329774614
no.alt.mat.drikke,no.mail.drift,659,430,54,0.05217391304347826
no.film,no.sport.diverse,2587,1507,203,0.052171678231817016
no.nuug,no.uninett.skole,164,522,34,0.05214723926380368
no.alt.config,no.kryptografi,408,359,38,0.05212620027434842
no.musikk.gitar,no.nuug,1148,164,65,0.052125100240577385
no.alt.arkiv,no.uninett.hjelp,199,124,16,0.05211726384364821
no.alt.tegneserier,no.tegnsett,1043,249,64,0.05211726384364821
no.alt.mat,no.mail.drift,1286,430,85,0.05211526670754139
no.biz.annonser,no.c,2197,1036,160,0.05206638464041653
no.c,no.tele,1036,2097,155,0.052048354600402955
no.marked.diskusjon,no.news.drift,187,379,28,0.05204460966542751
no.ms-windows,no.prat.politikk,3235,1152,217,0.05203836930455635
no.lisp,no.prat.narkotika,302,527,41,0.05203045685279188
no.bibsys,no.standard,235,129,18,0.05202312138728324
no.student.samfund,no.vit.diverse,255,473,36,0.05202312138728324
no.alt.mat,no.bil,1286,2153,170,0.05200367084735393
no.audio,no.marked.jobb,2493,2181,231,0.05199189736664416
no.mail.diverse,no.spill,995,2992,197,0.05197889182058048
no.alt.mat,no.sport.diverse,1286,1507,138,0.0519774011299435
no.folklore.edb,no.net,219,1218,71,0.05197657393850659
no.eunet.diverse,no.org.efn.diskusjon,141,446,29,0.05197132616487455
no.biz.annonser.data,no.video,1548,942,123,0.051964512040557666
no.alt.amiga,no.alt.pompelog,343,143,24,0.05194805194805195
no.alt.katter,no.uninett.skole,774,522,64,0.05194805194805195
no.audio,no.norsk,2493,1963,220,0.05193578847969783
no.jus,no.telepost,1852,417,112,0.05192396847473343
no.amiga,no.irc,1544,1475,149,0.05191637630662021
no.biz.diskusjoner,no.uninett.skole,431,522,47,0.05187637969094923
no.folklore.edb,no.media,219,734,47,0.05187637969094923
no.c,no.musikk,1036,3669,232,0.0518667560921082
no.alt.mat.drikke,no.film,659,2587,160,0.05184705119896306
no.linux,no.org.efn.diskusjon,3024,446,171,0.05183388905729009
no.biz.diskusjoner,no.kjemi,431,746,58,0.05183199285075961
no.kjemi,no.speider,746,493,61,0.05178268251273345
no.biz.diskusjoner,no.folklore.edb,431,219,32,0.05177993527508091
no.alt.irc-treff,no.alt.mat.drikke,296,659,47,0.051762114537444934
no.alt.diskusjoner,no.musikk.gitar,2368,1148,173,0.05174992521687107
no.alt.katter,no.prat.narkotika,774,527,64,0.05173807599029911
no.alt.pompelog,no.sources.list,143,101,12,0.05172413793103448
no.musikk.gitar,no.norsk,1148,1963,153,0.05172413793103448
no.alt.config,no.religion,408,1585,98,0.051715039577836415
no.test,no.vitser,6390,3558,489,0.051696796701554075
no.standard,no.uninett.skole,129,522,32,0.051696284329563816
no.lisp,no.vr,302,166,23,0.051685393258426963
no.alt.mat.drikke,no.news.drift,659,379,51,0.05167173252279635
no.alt.arkiv,no.alt.tegneserier,199,1043,61,0.05165114309906858
no.bolig,no.news.diverse,978,1893,141,0.051648351648351645
no.alt.arkiv,no.tegnsett,199,249,22,0.051643192488262914
no.news.drift,no.pressemeldinger,379,334,35,0.051622418879056046
no.alt.tegneserier,no.biz.annonser,1043,2197,159,0.05160662122687439
no.biz.diskusjoner,no.news.diverse,431,1893,114,0.051583710407239816
no.student.samfund,no.uninett.drift,255,112,18,0.05157593123209169
no.litteratur,no.sport.diverse,1532,1507,149,0.051557093425605535
no.havforskning,no.uninett.drift,398,112,25,0.05154639175257732
no.ai,no.kjemi,254,746,49,0.05152471083070452
no.litteratur,no.marked,1532,8430,488,0.051509394131306736
no.alt.katter,no.biz.diskusjoner,774,431,59,0.05148342059336824
no.alt.motorsykler,no.elektronikk,1690,2253,193,0.05146666666666667
no.alt.gledesutbrudd,no.sykkel,1754,1148,142,0.05144927536231884
no.amiga,no.marked,1544,8430,488,0.051444233607421466
no.biz.diskusjoner,no.media,431,734,57,0.05144404332129964
no.media,no.video,734,942,82,0.05144291091593475
no.c,no.spill,1036,2992,197,0.05142260506395197
no.alt.pompel-og-pilt,no.audio,329,2493,138,0.05141579731743666
no.alt.irc-treff,no.news.drift,296,379,33,0.0514018691588785
no.alt.pompelog,no.nuug,143,164,15,0.05136986301369863
no.alt.irc-treff,no.kryptografi,296,359,32,0.051364365971107544
no.biz.annonser,no.ef,2197,567,135,0.051350323316850514
no.ai,no.alt.fan.de-lillos,254,176,21,0.05134474327628362
no.alt.diskusjoner,no.telepost,2368,417,136,0.051340128350320875
no.media,no.tegnsett,734,249,48,0.051336898395721926
no.alt.diskusjoner,no.alt.irc-treff,2368,296,130,0.05130228887134965
no.bil,no.spill,2153,2992,251,0.05128729055986923
no.film,no.ms-windows,2587,3235,284,0.05128205128205128
no.alt.mat,no.alt.motorsykler,1286,1690,145,0.05121865065347934
no.ai,no.alt.mat,254,1286,75,0.051194539249146756
no.alt.pompel-og-pilt,no.nuug,329,164,24,0.0511727078891258
no.prat.seksualitet,no.tele,883,2097,145,0.05114638447971781
no.alt.radio-tv.irma-1000,no.nuug,309,164,23,0.051111111111111114
no.alt.katter,no.c,774,1036,88,0.05110336817653891
no.bil,no.biz.nettilbydere,2153,686,138,0.05109218807848945
no.telepost,no.tungregning,417,118,26,0.05108055009823183
no.biz,no.biz.nettilbydere,55,686,36,0.05106382978723404
no.biz.nettilbydere,no.lisp,686,302,48,0.05106382978723404
no.audio,no.mail.drift,2493,430,142,0.05106076950737145
no.alt.katter,no.medisin,774,1038,88,0.05104408352668213
no.mac,no.unix,2742,1439,203,0.0510306686777275
no.alt.katter,no.kryptografi,774,359,55,0.05102040816326531
no.alt.tegneserier,no.news.drift,1043,379,69,0.050997782705099776
no.radio_tv,no.uninett.diverse,583,262,41,0.05099502487562189
no.alt.gledesutbrudd,no.ms-windows,1754,3235,242,0.050979566041710556
no.kryptografi,no.media,359,734,53,0.05096153846153846
no.alt.arkiv,no.folklore.overtro,199,131,16,0.050955414012738856
no.alt.arkiv,no.student.samfund,199,255,22,0.05092592592592592
no.bolig,no.lisp,978,302,62,0.05090311986863711
no.alt.pompel-og-pilt,no.elektronikk,329,2253,125,0.05087505087505088
no.alt.mat.drikke,no.www,659,3452,199,0.05086912065439673
no.alt.sjokolade,no.medisin,656,1038,82,0.05086848635235732
no.alt.config,no.havforskning,408,398,39,0.05084745762711865
no.alt.config,no.uninett.skole,408,522,45,0.05084745762711865
no.mail.diverse,no.student.nett,995,452,70,0.050835148874364564
no.marked.jobb,no.musikk.gitar,2181,1148,161,0.05082070707070707
no.alt.irc-treff,no.prat.seksualitet,296,883,57,0.05080213903743316
no.folklore.overtro,no.prat.politikk,131,1152,62,0.050778050778050775
no.amiga,no.ef,1544,567,102,0.0507715281234445
no.elektronikk,no.havforskning,2253,398,128,0.05073325406262386
no.general,no.medisin,7081,1038,392,0.05073120227772745
no.it.emacs,no.litteratur,395,1532,93,0.05070883315158124
no.irc,no.vit.diverse,1475,473,94,0.05070118662351672
no.alt.mat.drikke,no.havforskning,659,398,51,0.05069582504970179
no.amiga,no.www,1544,3452,241,0.05068349106203996
no.alt.frustrasjoner,no.musikk.gitar,3041,1148,202,0.05066466014547279
no.alt.mat.drikke,no.it.diverse,659,606,61,0.050664451827242524
no.havforskning,no.vit.diverse,398,473,42,0.05066344993968637
no.eunet.drift,no.org.efn.diskusjon,135,446,28,0.05063291139240506
no.psykologi,no.sources.list,584,101,33,0.05061349693251534
no.it.emacs,no.medisin,395,1038,69,0.050586510263929615
no.bil,no.hobby.diverse,2153,817,143,0.05058365758754864
no.tele,no.telepost,2097,417,121,0.05056414542415378
no.speider,no.uninett.katalog,493,68,27,0.05056179775280899
no.litteratur,no.pc,1532,7029,412,0.050558350717879494
no.kjemi,no.uninett.skole,746,522,61,0.050538525269262634
no.alt.mat,no.pc,1286,7029,400,0.05053695514845231
no.alt.diskusjoner,no.havforskning,2368,398,133,0.050512723129510065
no.alkohol,no.mac,1192,2742,189,0.05046728971962617
no.alkohol,no.audio,1192,2493,177,0.050456100342075254
no.alt.config,no.prat.seksualitet,408,883,62,0.05044751830756713
no.litteratur,no.reiser,1532,1050,124,0.05044751830756713
no.marked.jobb,no.norsk,2181,1963,199,0.05044359949302915
no.bil,no.mail.drift,2153,430,124,0.050427002846685644
no.marked.bil,no.marked.jobb,1423,2181,173,0.05042261731273681
no.alt.frustrasjoner,no.perl,3041,564,173,0.05040792540792541
no.irc,no.marked.data,1475,7987,454,0.05039964476021314
no.psykologi,no.telepost,584,417,48,0.05036726128016789
no.alt.tegneserier,no.unix,1043,1439,119,0.050359712230215826
no.religion,no.uninett.skole,1585,522,101,0.050348953140578266
no.alt.irc-treff,no.alt.radio-tv.irma-1000,296,309,29,0.050347222222222224
no.hobby.diverse,no.stortinget,817,665,71,0.050318922749822824
no.alt.mat.drikke,no.embnet,659,260,44,0.05028571428571429
no.org.efn.diskusjon,no.tungregning,446,118,27,0.05027932960893855
no.bil,no.norsk,2153,1963,197,0.050267925491196734
no.multimedia,no.religion,1383,1585,142,0.05024769992922859
no.mail.diverse,no.typografi,995,280,61,0.05024711696869852
no.alt.god.jul,no.elektronikk,570,2253,135,0.05022321428571429
no.musikk.gitar,no.vitser,1148,3558,225,0.05021200624860522
no.perl,no.prat.politikk,564,1152,82,0.05018359853121175
no.multimedia,no.perl,1383,564,93,0.05016181229773463
no.lisp,no.vit.diverse,302,473,37,0.05013550135501355
no.radio-tv,no.test,2075,6390,404,0.05011785138320308
no.norsk.fagord,no.tex,243,218,22,0.05011389521640091
no.prat.seksualitet,no.skole.diverse,883,563,69,0.05010893246187364
no.biz.annonser.data,no.prat.seksualitet,1548,883,116,0.05010799136069115
no.ef,no.musikk,567,3669,202,0.05007436787307883
no.marked.bil,no.pc,1423,7029,403,0.0500683314697478
no.mac,no.org.efn.diskusjon,2742,446,152,0.05006587615283267
no.alt.mat,no.alt.pompel-og-pilt,1286,329,77,0.05006501950585176
no.c,no.vitser,1036,3558,219,0.050057142857142856
no.alt.arkiv,no.biz.diskusjoner,199,431,30,0.05
no.alt.god.jul,no.tegnsett,570,249,39,0.05
no.tex,no.tungregning,218,118,16,0.05
no.news.diverse,no.pressemeldinger,1893,334,106,0.04997642621404998
no.ms-windows,no.mswindow,3235,358,171,0.049970777323202806
no.reiser,no.www,1050,3452,214,0.049906716417910446
no.c,no.psykologi,1036,584,77,0.049902786779001944
no.alt.fan.de-lillos,no.alt.pompel-og-pilt,176,329,24,0.0498960498960499
no.alt.gledesutbrudd,no.hobby.diverse,1754,817,122,0.04981625153123724
no.alkohol,no.vit.diverse,1192,473,79,0.04981084489281211
no.alt.pompelog,no.folklore.overtro,143,131,13,0.04980842911877394
no.amiga,no.news.diverse,1544,1893,163,0.04978619425778864
no.ef,no.standard,567,129,33,0.049773755656108594
no.medisin,no.reiser,1038,1050,99,0.049773755656108594
no.biz.diskusjoner,no.multimedia,431,1383,86,0.04976851851851852
no.org.efn.diskusjon,no.vr,446,166,29,0.04974271012006861
no.prat.politikk,no.uninett.diverse,1152,262,67,0.04974016332590943
no.eunet.diverse,no.sources.wanted,141,218,17,0.049707602339181284
no.elektronikk,no.musikk.gitar,2253,1148,161,0.04969135802469136
no.alkohol,no.alt.pompel-og-pilt,1192,329,72,0.049689440993788817
no.it.diverse,no.tex,606,218,39,0.049681528662420385
no.news.drift,no.student.samfund,379,255,30,0.04966887417218543
no.perl,no.tex,564,218,37,0.049664429530201344
no.alt.katter,no.uninett.diverse,774,262,49,0.04964539007092199
no.telepost,no.uninett.drift,417,112,25,0.0496031746031746
no.biz.diskusjoner,no.it.diverse,431,606,49,0.04959514170040486
no.jus,no.test,1852,6390,389,0.049535209474086336
no.musikk,no.unix,3669,1439,241,0.049517156359153484
no.alt.amiga,no.amiga,343,1544,89,0.04949944382647386
no.alt.motorsykler,no.marked,1690,8430,477,0.049465933838017215
no.biz.annonser.data,no.bolig,1548,978,119,0.04943913585375987
no.ef,no.student.nett,567,452,48,0.04943357363542739
no.marked,no.marked.bolig,8430,892,439,0.04942024090960261
no.biz.annonser,no.it.diverse,2197,606,132,0.04941969299887682
no.alt.pompelog,no.sources.wanted,143,218,17,0.04941860465116279
no.norsk,no.perl,1963,564,119,0.04941860465116279
no.alt.diskusjoner,no.alt.pompel-og-pilt,2368,329,127,0.04941634241245136
no.media,no.reiser,734,1050,84,0.04941176470588235
no.psykologi,no.skole.diverse,584,563,54,0.04940530649588289
no.spill,no.video,2992,942,185,0.04934649239797279
no.alt.gledesutbrudd,no.uninett.skole,1754,522,107,0.04933148916551406
no.alt.mat,no.it.emacs,1286,395,79,0.04931335830212235
no.alt.config,no.uninett.hjelp,408,124,25,0.04930966469428008
no.alt.sjokolade,no.www,656,3452,193,0.04929757343550447
no.alt.pompel-og-pilt,no.tungregning,329,118,21,0.04929577464788732
no.biz.annonser,no.sport.diverse,2197,1507,174,0.04929178470254957
no.alt.irc-treff,no.prat.politikk,296,1152,68,0.04927536231884058
no.multimedia,no.vitser,1383,3558,232,0.049267360373752386
no.biz.annonser.data,no.radio-tv,1548,2075,170,0.04923255140457573
no.sport.diverse,no.uninett.diverse,1507,262,83,0.04922894424673784
no.multimedia,no.typografi,1383,280,78,0.04921135646687697
no.alt.config,no.www,408,3452,181,0.049198151671649905
no.folklore.edb,no.news.diverse,219,1893,99,0.04918032786885246
no.telepost,no.unix,417,1439,87,0.04918032786885246
no.musikk,no.video,3669,942,216,0.049146757679180884
no.biz.annonser.data,no.c,1548,1036,121,0.04912708079577751
no.alt.god.jul,no.mac,570,2742,155,0.04909724421919544
no.medisin,no.uninett.skole,1038,522,73,0.04909213180901143
no.alkohol,no.uninett.diverse,1192,262,68,0.049062049062049064
no.news.drift,no.prat.seksualitet,379,883,59,0.049044056525353284
no.havforskning,no.uninett.skole,398,522,43,0.04903078677309008
no.folklore.edb,no.prat.politikk,219,1152,64,0.04896710022953328
no.alkohol,no.alt.flame,1192,2515,173,0.04895302773061686
no.mac,no.vitser,2742,3558,294,0.04895104895104895
no.multimedia,no.telepost,1383,417,84,0.04895104895104895
no.psykologi,no.vr,584,166,35,0.04895104895104895
no.alt.mat.drikke,no.psykologi,659,584,58,0.048945147679324896
no.kjemi,no.prat.seksualitet,746,883,76,0.0489375402446877
no.jus,no.tegnsett,1852,249,98,0.04892661008487269
no.it.emacs,no.prat.narkotika,395,527,43,0.048919226393629126
no.folklore.edb,no.kjemi,219,746,45,0.04891304347826087
no.biz.nettilbydere,no.elektronikk,686,2253,137,0.048893647394718055
no.ai,no.sources.wanted,254,218,22,0.04888888888888889
no.eunet.drift,no.sources.list,135,101,11,0.04888888888888889
no.embnet,no.student.samfund,260,255,24,0.048879837067209775
no.alt.mat,no.lisp,1286,302,74,0.0488771466314399
no.amiga,no.unix,1544,1439,139,0.048874824191279885
no.alt.radio-tv.irma-1000,no.tegnsett,309,249,26,0.04887218045112782
no.alt.mat.drikke,no.bil,659,2153,131,0.04886236478925774
no.kryptografi,no.uninett.skole,359,522,41,0.04880952380952381
no.alt.mat.drikke,no.multimedia,659,1383,95,0.04879301489470981
no.alt.mat,no.spill,1286,2992,199,0.04878646727139005
no.alt.pompel-og-pilt,no.kryptografi,329,359,32,0.04878048780487805
no.kryptografi,no.norsk.fagord,359,243,28,0.04878048780487805
no.marked.diskusjon,no.norsk.fagord,187,243,20,0.04878048780487805
no.prat.seksualitet,no.unix,883,1439,108,0.04878048780487805
no.sources.wanted,no.student.samfund,218,255,22,0.04878048780487805
no.alt.gledesutbrudd,no.marked.jobb,1754,2181,183,0.04877398720682303
no.psykologi,no.student.samfund,584,255,39,0.04875
no.alt.config,no.sport.diverse,408,1507,89,0.04874041621029573
no.mail.diverse,no.reiser,995,1050,95,0.04871794871794872
no.ai,no.uninett.drift,254,112,17,0.04871060171919771
no.prat.seksualitet,no.sport.diverse,883,1507,111,0.04870557261956999
no.alt.katter,no.embnet,774,260,48,0.0486815415821501
no.amiga,no.linux,1544,3024,212,0.048668503213957756
no.alt.irc-treff,no.alt.pompel-og-pilt,296,329,29,0.04865771812080537
no.film,no.prat.seksualitet,2587,883,161,0.048655182834693264
no.alt.frustrasjoner,no.mail.drift,3041,430,161,0.048640483383685804
no.folklore.edb,no.stortinget,219,665,41,0.04863582443653618
no.bolig,no.reiser,978,1050,94,0.04860392967942089
no.marked.bolig,no.marked.diskusjon,892,187,50,0.04859086491739553
no.psykologi,no.student.nett,584,452,48,0.048582995951417005
no.alt.gledesutbrudd,no.biz.annonser,1754,2197,183,0.04856687898089172
no.alt.mat,no.audio,1286,2493,175,0.04855715871254162
no.it.diverse,no.typografi,606,280,41,0.0485207100591716
no.biz.diskusjoner,no.folklore.overtro,431,131,26,0.048507462686567165
no.bibsys,no.folklore.edb,235,219,21,0.04849884526558892
no.biz.nettilbydere,no.it.emacs,686,395,50,0.04849660523763336
no.alkohol,no.mail.drift,1192,430,75,0.04848093083387201
no.it.diverse,no.pc,606,7029,353,0.04847569349079923
no.alt.sjokolade,no.sport.diverse,656,1507,100,0.048473097430925836
no.ai,no.it.emacs,254,395,30,0.048465266558966075
no.alt.pompel-og-pilt,no.marked.jobb,329,2181,116,0.04845446950710108
no.general,no.vit.diverse,7081,473,349,0.04843858431644691
no.biz.annonser.data,no.musikk,1548,3669,241,0.048432475884244375
no.musikk.gitar,no.psykologi,1148,584,80,0.048426150121065374
no.alt.mat,no.mac,1286,2742,186,0.048412285268089536
no.irc,no.x,1475,301,82,0.048406139315230225
no.hobby.diverse,no.ms-windows,817,3235,187,0.048382923673997415
no.audio,no.sykkel,2493,1148,168,0.0483731644111719
no.linux,no.news.drift,3024,379,157,0.04836722119531731
no.film,no.stortinget,2587,665,150,0.048355899419729204
no.general,no.kjemi,7081,746,361,0.04835253147602465
no.lisp,no.uninett.skole,302,522,38,0.04834605597964377
no.medisin,no.ms-windows,1038,3235,197,0.048331697742885184
no.alt.god.jul,no.speider,570,493,49,0.048323471400394474
no.biz.nettilbydere,no.kjemi,686,746,66,0.048316251830161056
no.alt.katter,no.havforskning,774,398,54,0.04830053667262969
no.irc,no.uninett.skole,1475,522,92,0.048293963254593175
no.bil,no.musikk.gitar,2153,1148,152,0.048269291838678945
no.pressemeldinger,no.stortinget,334,665,46,0.048268625393494226
no.pc,no.sport.diverse,7029,1507,393,0.04826231118752303
no.mac,no.medisin,2742,1038,174,0.048252911813643926
no.it.emacs,no.www,395,3452,177,0.04822888283378746
no.biz.diskusjoner,no.it.emacs,431,395,38,0.048223350253807105
no.alt.mat.drikke,no.general,659,7081,356,0.048212351029252434
no.mail.diverse,no.prat.narkotika,995,527,70,0.048209366391184574
no.bibsys,no.biz.annonser.data,235,1548,82,0.048206937095825984
no.alt.config,no.prat.narkotika,408,527,43,0.04820627802690583
no.kjemi,no.www,746,3452,193,0.048189762796504367
no.pc,no.religion,7029,1585,396,0.04818690678997323
no.amiga,no.mac,1544,2742,197,0.04817803864025434
no.multimedia,no.tegnsett,1383,249,75,0.04816955684007707
no.lisp,no.uninett.katalog,302,68,17,0.04815864022662889
no.reiser,no.student.nett,1050,452,69,0.04815073272854152
no.biz.nettilbydere,no.kryptografi,686,359,48,0.048144433299899696
no.musikk,no.prat.seksualitet,3669,883,209,0.04812341699286208
no.embnet,no.marked.jobb,260,2181,112,0.048089308716187204
no.bil,no.video,2153,942,142,0.04808669150016932
no.havforskning,no.linux,398,3024,157,0.04808575803981623
no.amiga,no.radio-tv,1544,2075,166,0.04807413843035042
no.alt.tegneserier,no.tele,1043,2097,144,0.04806408544726302
no.alt.radio_tv.irma1000,no.news.drift,210,379,27,0.04804270462633452
no.general,no.org.efn.diskusjon,7081,446,345,0.04803675856307435
no.bolig,no.kjemi,978,746,79,0.04802431610942249
no.irc,no.tegnsett,1475,249,79,0.04802431610942249
no.alt.god.jul,no.marked.jobb,570,2181,126,0.048
no.litteratur,no.unix,1532,1439,136,0.04797178130511464
no.havforskning,no.marked.jobb,398,2181,118,0.04794798862251117
no.norsk.fagord,no.uninett.skole,243,522,35,0.04794520547945205
no.alt.sjokolade,no.folklore.overtro,656,131,36,0.047936085219707054
no.marked.bil,no.tele,1423,2097,161,0.0479309318249479
no.news.drift,no.prat.politikk,379,1152,70,0.04791238877481177
no.hobby.diverse,no.www,817,3452,195,0.04786450662739323
no.alt.katter,no.bolig,774,978,80,0.04784688995215311
no.alt.pompel-og-pilt,no.folklore.overtro,329,131,21,0.04783599088838269
no.student.nett,no.tegnsett,452,249,32,0.04783258594917788
no.alt.katter,no.unix,774,1439,101,0.047821969696969696
no.prat.narkotika,no.uninett.diverse,527,262,36,0.04780876494023904
no.media,no.spill,734,2992,170,0.047806524184476944
no.marked.diskusjon,no.media,187,734,42,0.04778156996587031
no.biz.nettilbydere,no.perl,686,564,57,0.04777870913663034
no.student.samfund,no.tungregning,255,118,17,0.047752808988764044
no.mail.diverse,no.marked.bolig,995,892,86,0.04775124930594114
no.perl,no.stortinget,564,665,56,0.04774083546462063
no.alt.mat.drikke,no.folklore.edb,659,219,40,0.0477326968973747
no.norsk.fagord,no.uninett.diverse,243,262,23,0.04771784232365145
no.havforskning,no.mac,398,2742,143,0.04771438104771438
no.alt.config,no.eunet.diverse,408,141,25,0.04770992366412214
no.alt.radio-tv.irma-1000,no.uninett.diverse,309,262,26,0.047706422018348627
no.elektronikk,no.media,2253,734,136,0.047702560505085936
no.alt.diskusjoner,no.pressemeldinger,2368,334,123,0.04769290422644436
no.alt.tegneserier,no.vit.diverse,1043,473,69,0.04768486523842433
no.mail.drift,no.speider,430,493,42,0.04767309875141884
no.alt.tegneserier,no.sport.diverse,1043,1507,116,0.047658175842235
no.reiser,no.stortinget,1050,665,78,0.047648136835675016
no.alt.frustrasjoner,no.reiser,3041,1050,186,0.04763124199743918
no.alkohol,no.embnet,1192,260,66,0.047619047619047616
no.alt.mat.drikke,no.norsk.fagord,659,243,41,0.047619047619047616
no.bibsys,no.tegnsett,235,249,22,0.047619047619047616
no.c,no.tex,1036,218,57,0.047619047619047616
no.c,no.uninett.diverse,1036,262,59,0.047619047619047616
no.folklore.overtro,no.norsk.fagord,131,243,17,0.047619047619047616
no.mac,no.prat.politikk,2742,1152,177,0.047619047619047616
no.org.isoc-no,no.pressemeldinger.diskusjon,53,79,6,0.047619047619047616
no.org.nobug.diverse,no.sources.wanted,90,218,14,0.047619047619047616
no.org.nobug.diverse,no.uninett.diverse,90,262,16,0.047619047619047616
no.radio-tv,no.reiser,2075,1050,142,0.04760308414347972
no.c,no.ms-windows,1036,3235,194,0.04758400784890851
no.bibsys,no.elektronikk,235,2253,113,0.047578947368421054
no.tele,no.video,2097,942,138,0.047569803516028956
no.bolig,no.marked.bil,978,1423,109,0.047556719022687606
no.folklore.edb,no.havforskning,219,398,28,0.04753820033955857
no.speider,no.uninett.hjelp,493,124,28,0.04753820033955857
no.kjemi,no.radio-tv,746,2075,128,0.04753063497957668
no.alt.diskusjoner,no.biz.diskusjoner,2368,431,127,0.04752994011976048
no.alt.frustrasjoner,no.hobby.diverse,3041,817,175,0.047515612272603855
no.amiga,no.jus,1544,1852,154,0.047501542257865514
no.nuug,no.student.samfund,164,255,19,0.0475
no.alt.gledesutbrudd,no.alt.pompelog,1754,143,86,0.047487575924903366
no.it.emacs,no.stortinget,395,665,48,0.04743083003952569
no.alt.config,no.alt.motorsykler,408,1690,95,0.04742885671492761
no.bil,no.biz.diskusjoner,2153,431,117,0.047426023510336444
no.bolig,no.irc,978,1475,111,0.04739538855678907
no.alt.config,no.student.samfund,408,255,30,0.04739336492890995
no.mail.diverse,no.norsk.fagord,995,243,56,0.047377326565143825
no.alkohol,no.pressemeldinger,1192,334,69,0.04735758407687028
no.alt.mat,no.sykkel,1286,1148,110,0.047332185886402756
no.bolig,no.film,978,2587,161,0.0472972972972973
no.tele,no.vit.diverse,2097,473,116,0.04726976365118175
no.it.diverse,no.radio-tv,606,2075,121,0.047265625
no.alt.flame,no.irc,2515,1475,180,0.047244094488188976
no.alt.radio-tv.irma-1000,no.uninett.katalog,309,68,17,0.04722222222222222
no.ai,no.sources.list,254,101,16,0.0471976401179941
no.alkohol,no.marked.jobb,1192,2181,152,0.04719031356721515
no.uninett.skole,no.vr,522,166,31,0.0471841704718417
no.havforskning,no.media,398,734,51,0.04717853839037928
no.alkohol,no.reiser,1192,1050,101,0.04717421765530126
no.alt.flame,no.alt.mat,2515,1286,171,0.047107438016528926
no.alt.arkiv,no.news.drift,199,379,26,0.04710144927536232
no.net,no.reiser,1218,1050,102,0.04709141274238227
no.norsk,no.telepost,1963,417,107,0.047074351077870655
no.alt.gledesutbrudd,no.reiser,1754,1050,126,0.04705003734129948
no.slekt.programmer,no.sources.list,589,101,31,0.04704097116843703
no.speider,no.stortinget,493,665,52,0.04701627486437613
no.alt.mat,no.ms-windows,1286,3235,203,0.04701250578971746
no.film,no.test,2587,6390,403,0.047002565896897594
no.alt.irc-treff,no.alt.katter,296,774,48,0.046966731898238745
no.bolig,no.marked,978,8430,422,0.04696194079679501
no.alt.katter,no.mail.drift,774,430,54,0.04695652173913043
no.news.drift,no.tele,379,2097,111,0.04693446088794926
no.alt.god.jul,no.musikk,570,3669,190,0.04692516670782909
no.ai,no.alt.gledesutbrudd,254,1754,90,0.04692387904066736
no.film,no.reiser,2587,1050,163,0.04691997697179044
no.nuug,no.prat.ufo,164,327,22,0.046908315565031986
no.prat.politikk,no.sykkel,1152,1148,103,0.04688211197086937
no.bibsys,no.x,235,301,24,0.046875
no.folklore.overtro,no.it.diverse,131,606,33,0.046875
no.org.dnd,no.uninett.katalog,66,68,6,0.046875
no.tele,no.test,2097,6390,380,0.04687307265326261
no.nuug,no.telepost,164,417,26,0.04684684684684685
no.alkohol,no.telepost,1192,417,72,0.0468445022771633
no.org.efn.diskusjon,no.speider,446,493,42,0.046822742474916385
no.alt.mat,no.prat.narkotika,1286,527,81,0.04676674364896074
no.biz.annonser.data,no.marked.bolig,1548,892,109,0.04676104676104676
no.hobby.diverse,no.typografi,817,280,49,0.046755725190839696
no.eunet.diverse,no.uninett.diverse,141,262,18,0.046753246753246755
no.alt.radio_tv.irma1000,no.telepost,210,417,28,0.04674457429048414
no.alt.gledesutbrudd,no.uninett.diverse,1754,262,90,0.04672897196261682
no.unix,no.vitser,1439,3558,223,0.04671135316296607
no.eunet.hjelp,no.tegnsett,244,249,22,0.04670912951167728
no.multimedia,no.uninett.skole,1383,522,85,0.046703296703296704
no.biz.annonser.data,no.general,1548,7081,385,0.046700630761766136
no.medisin,no.uninett.diverse,1038,262,58,0.04669887278582931
no.ef,no.sources.wanted,567,218,35,0.04666666666666667
no.mail.diverse,no.vitser,995,3558,203,0.04666666666666667
no.psykologi,no.speider,584,493,48,0.04664723032069971
no.alt.mat.drikke,no.religion,659,1585,100,0.04664179104477612
no.linux,no.medisin,3024,1038,181,0.04663746457098686
no.typografi,no.uninett.hjelp,280,124,18,0.046632124352331605
no.bolig,no.tele,978,2097,137,0.046630360789652825
no.biz.nettilbydere,no.radio-tv,686,2075,123,0.0466262319939348
no.marked.diskusjon,no.uninett.diverse,187,262,20,0.046620046620046623
no.alt.diskusjoner,no.bolig,2368,978,149,0.046606193306224585
no.alt.mat.drikke,no.uninett.diverse,659,262,41,0.04659090909090909
no.biz.annonser,no.litteratur,2197,1532,166,0.04658995228739826
no.biz.annonser,no.medisin,2197,1038,144,0.046586865092203174
no.mac,no.ms-windows,2742,3235,266,0.04657678164944843
no.speider,no.sport.diverse,493,1507,89,0.04657247514390372
no.alt.irc-treff,no.folklore.overtro,296,131,19,0.04656862745098039
no.marked,no.video,8430,942,417,0.046566164154103855
no.prat.seksualitet,no.reiser,883,1050,86,0.046561992420140766
no.news.diverse,no.norsk.fagord,1893,243,95,0.04654581087702107
no.alt.config,no.pressemeldinger,408,334,33,0.0465444287729196
no.havforskning,no.norsk,398,1963,105,0.04654255319148936
no.c,no.radio_tv,1036,583,72,0.04654169360051713
no.alt.gledesutbrudd,no.tegnsett,1754,249,89,0.04649947753396029
no.alt.katter,no.general,774,7081,349,0.04649613642419398
no.alt.diskusjoner,no.kryptografi,2368,359,121,0.046431312356101304
no.audio,no.bolig,2493,978,154,0.046427494724148324
no.alt.pompelog,no.havforskning,143,398,24,0.04642166344294004
no.mail.diverse,no.radio_tv,995,583,70,0.046419098143236075
no.c,no.medisin,1036,1038,92,0.04641775983854692
no.norsk,no.sykkel,1963,1148,138,0.04641775983854692
no.irc,no.reiser,1475,1050,112,0.04641525072523829
no.prat.ufo,no.stortinget,327,665,44,0.046413502109704644
no.media,no.ms-windows,734,3235,176,0.04640126548905879
no.skole.diverse,no.student.nett,563,452,45,0.04639175257731959
no.ef,no.it.diverse,567,606,52,0.0463871543264942
no.alt.config,no.litteratur,408,1532,86,0.04638619201725998
no.irc,no.uninett.diverse,1475,262,77,0.0463855421686747
no.alt.radio-tv.irma-1000,no.student.samfund,309,255,25,0.04638218923933209
no.student.nett,no.vit.diverse,452,473,41,0.04638009049773756
no.mail.drift,no.skole.diverse,430,563,44,0.04636459430979979
no.alt.god.jul,no.sport.diverse,570,1507,92,0.04634760705289673
no.amiga,no.general,1544,7081,382,0.04634235108576974
no.biz.annonser.data,no.mac,1548,2742,190,0.046341463414634146
no.folklore.edb,no.irc,219,1475,75,0.04632489190858555
no.alt.pompel-og-pilt,no.stortinget,329,665,44,0.04631578947368421
no.linux,no.religion,3024,1585,204,0.04631101021566402
no.alt.katter,no.radio-tv,774,2075,126,0.04627249357326478
no.alkohol,no.spill,1192,2992,185,0.046261565391347834
no.alt.pompel-og-pilt,no.sources.list,329,101,19,0.046228710462287104
no.multimedia,no.vit.diverse,1383,473,82,0.046223224351747465
no.alt.katter,no.net,774,1218,88,0.046218487394957986
no.alt.radio-tv.irma-1000,no.marked.jobb,309,2181,110,0.046218487394957986
no.folklore.overtro,no.tungregning,131,118,11,0.046218487394957986
no.alt.mat,no.bolig,1286,978,100,0.04621072088724584
no.mail.drift,no.musikk,430,3669,181,0.046197039305768246
no.ai,no.folklore.overtro,254,131,17,0.04619565217391304
no.alt.pompel-og-pilt,no.uninett.hjelp,329,124,20,0.046189376443418015
no.jus,no.student.samfund,1852,255,93,0.046176762661370406
no.it.diverse,no.marked.diskusjon,606,187,35,0.04617414248021108
no.alkohol,no.linux,1192,3024,186,0.046153846153846156
no.amiga,no.bil,1544,2153,163,0.04612337294850028
no.alt.radio_tv.irma1000,no.eunet.hjelp,210,244,20,0.04608294930875576
no.alt.god.jul,no.prat.seksualitet,570,883,64,0.04607631389488841
no.c,no.telepost,1036,417,64,0.04607631389488841
no.prat.narkotika,no.skole.diverse,527,563,48,0.046065259117082535
no.media,no.vitser,734,3558,189,0.04606385571533025
no.audio,no.lisp,2493,302,123,0.04603293413173653
no.bolig,no.marked.jobb,978,2181,139,0.04602649006622517
no.mail.diverse,no.marked.diskusjon,995,187,52,0.04601769911504425
no.biz.annonser.data,no.ef,1548,567,93,0.04599406528189911
no.alt.mat.drikke,no.elektronikk,659,2253,128,0.04597701149425287
no.folklore.edb,no.prat.ufo,219,327,24,0.04597701149425287
no.prat.ufo,no.religion,327,1585,84,0.045951859956236324
no.news.diverse,no.student.nett,1893,452,103,0.04594112399643176
no.alkohol,no.pc,1192,7029,361,0.04592875318066158
no.prat.ufo,no.psykologi,327,584,40,0.045924225028702644
no.alt.radio-tv.irma-1000,no.uninett.hjelp,309,124,19,0.04589371980676329
no.alt.pompel-og-pilt,no.sources.wanted,329,218,24,0.045889101338432124
no.mswindow,no.telepost,358,417,34,0.04588394062078273
no.alt.radio-tv.irma-1000,no.film,309,2587,127,0.04586493318887685
no.perl,no.typografi,564,280,37,0.04584882280049566
no.alt.arkiv,no.vr,199,166,16,0.045845272206303724
no.prat.seksualitet,no.prat.ufo,883,327,53,0.045808124459809856
no.alt.mat,no.elektronikk,1286,2253,155,0.04580378250591016
no.alt.katter,no.www,774,3452,185,0.045780747339767384
no.alt.arkiv,no.net,199,1218,62,0.045756457564575644
no.prat.narkotika,no.reiser,527,1050,69,0.045755968169761276
no.alt.tegneserier,no.marked,1043,8430,414,0.045700408433601944
no.mail.diverse,no.speider,995,493,65,0.04567814476458187
no.alt.tegneserier,no.amiga,1043,1544,113,0.045675020210185935
no.prat.politikk,no.spill,1152,2992,181,0.045672470350744385
no.amiga,no.tele,1544,2097,159,0.0456634118322803
no.alt.gledesutbrudd,no.amiga,1754,1544,144,0.045656309448319596
no.reiser,no.religion,1050,1585,115,0.04563492063492063
no.film,no.sykkel,2587,1148,163,0.04563269876819709
no.pc,no.prat.politikk,7029,1152,357,0.04562883435582822
no.alt.gledesutbrudd,no.marked.data,1754,7987,425,0.04562043795620438
no.hobby.diverse,no.irc,817,1475,100,0.04562043795620438
no.bolig,no.multimedia,978,1383,103,0.04561558901682905
no.media,no.musikk.klassisk,734,229,42,0.04560260586319218
no.alt.radio_tv.irma1000,no.tegnsett,210,249,20,0.04555808656036447
no.media,no.musikk.gitar,734,1148,82,0.04555555555555556
no.alt.pompelog,no.biz.diskusjoner,143,431,25,0.04553734061930783
no.alt.pompel-og-pilt,no.film,329,2587,127,0.045536034420939404
no.amiga,no.biz.diskusjoner,1544,431,86,0.04552673372154579
no.reiser,no.tele,1050,2097,137,0.045514950166112955
no.biz.nettilbydere,no.marked.diskusjon,686,187,38,0.045508982035928146
no.net,no.video,1218,942,94,0.04549854791868345
no.psykologi,no.unix,584,1439,88,0.04547803617571059
no.alt.pompel-og-pilt,no.uninett.skole,329,522,37,0.045454545454545456
no.folklore.generelt,no.org.dnd,49,66,5,0.045454545454545456
no.kryptografi,no.psykologi,359,584,41,0.045454545454545456
no.lisp,no.uninett.drift,302,112,18,0.045454545454545456
no.elektronikk,no.medisin,2253,1038,143,0.04542566709021601
no.it.emacs,no.religion,395,1585,86,0.0454065469904963
no.news.drift,no.norsk.fagord,379,243,27,0.0453781512605042
no.student.nett,no.uninett.hjelp,452,124,25,0.045372050816696916
no.alt.mat.drikke,no.sport.diverse,659,1507,94,0.045366795366795366
no.alt.katter,no.news.drift,774,379,50,0.04533091568449683
no.uninett.katalog,no.x,68,301,16,0.0453257790368272
no.folklore.overtro,no.psykologi,131,584,31,0.04532163742690058
no.jus,no.video,1852,942,121,0.04526748971193416
no.alt.katter,no.vit.diverse,774,473,54,0.04526404023470243
no.biz.annonser,no.vitser,2197,3558,249,0.04522339266254995
no.alt.config,no.hobby.diverse,408,817,53,0.04522184300341297
no.medisin,no.nuug,1038,164,52,0.04521739130434783
no.ai,no.mail.diverse,254,995,54,0.045188284518828455
no.marked.jobb,no.radio-tv,2181,2075,184,0.04518664047151277
no.pressemeldinger,no.uninett.skole,334,522,37,0.045177045177045176
no.mac,no.religion,2742,1585,187,0.04516908212560387
no.spill,no.test,2992,6390,405,0.045115294641862536
no.folklore.generelt,no.org.nobug.diverse,49,90,6,0.045112781954887216
no.student.samfund,no.x,255,301,24,0.045112781954887216
no.alkohol,no.musikk.gitar,1192,1148,101,0.04510942384993301
no.alt.god.jul,no.religion,570,1585,93,0.04510184287099903
no.mail.drift,no.marked.bolig,430,892,57,0.045059288537549404
no.alt.config,no.radio-tv,408,2075,107,0.04503367003367004
no.alt.pompel-og-pilt,no.uninett.drift,329,112,19,0.045023696682464455
no.alt.mat.drikke,no.biz.annonser,659,2197,123,0.04500548847420417
no.jus,no.marked.bil,1852,1423,141,0.04499042756860242
no.multimedia,no.student.nett,1383,452,79,0.044988610478359906
no.org.isoc-no,no.tegnsett,53,249,13,0.04498269896193772
no.ai,no.eunet.diverse,254,141,17,0.04497354497354497
no.it.emacs,no.prat.seksualitet,395,883,55,0.044971381847914965
no.amiga,no.media,1544,734,98,0.044954128440366975
no.nuug,no.x,164,301,20,0.0449438202247191
no.it.diverse,no.x,606,301,39,0.044930875576036866
no.alkohol,no.alt.amiga,1192,343,66,0.044928522804629
no.folklore.edb,no.jus,219,1852,89,0.04490413723511604
no.c,no.eunet.hjelp,1036,244,55,0.044897959183673466
no.alt.config,no.eunet.hjelp,408,244,28,0.04487179487179487
no.lisp,no.marked.diskusjon,302,187,21,0.04487179487179487
no.alt.irc-treff,no.news.diverse,296,1893,94,0.04486873508353222
no.lisp,no.religion,302,1585,81,0.044850498338870434
no.litteratur,no.uninett.diverse,1532,262,77,0.0448456610366919
no.marked.jobb,no.spill,2181,2992,222,0.04483942637850939
no.org.efn.diskusjon,no.org.nobug.diverse,446,90,23,0.04483430799220273
no.sykkel,no.unix,1148,1439,111,0.04483037156704362
no.bibsys,no.uninett.katalog,235,68,13,0.04482758620689655
no.havforskning,no.it.emacs,398,395,34,0.04479578392621871
no.mail.diverse,no.marked.data,995,7987,385,0.04478306385948587
no.alt.pompel-og-pilt,no.x,329,301,27,0.04477611940298507
no.perl,no.prat.seksualitet,564,883,62,0.044765342960288806
no.alt.config,no.standard,408,129,23,0.04474708171206226
no.psykologi,no.typografi,584,280,37,0.044740024183796856
no.alt.pompel-og-pilt,no.uninett.katalog,329,68,17,0.04473684210526316
no.perl,no.telepost,564,417,42,0.04472843450479233
no.alt.mat,no.it.diverse,1286,606,81,0.0447266703478741
no.alt.pompel-og-pilt,no.student.samfund,329,255,25,0.044722719141323794
no.ef,no.tele,567,2097,114,0.04470588235294118
no.alt.motorsykler,no.audio,1690,2493,179,0.044705294705294704
no.test,no.unix,6390,1439,335,0.04470242860955431
no.ai,no.perl,254,564,35,0.04469987228607918
no.reiser,no.skole.diverse,1050,563,69,0.044689119170984455
no.havforskning,no.news.diverse,398,1893,98,0.04468764249886001
no.alt.tegneserier,no.medisin,1043,1038,89,0.04467871485943775
no.alt.god.jul,no.www,570,3452,172,0.044675324675324674
no.mail.drift,no.www,430,3452,166,0.044671689989235736
no.biz.nettilbydere,no.general,686,7081,332,0.04465366509751177
no.alt.radio_tv.irma1000,no.eunet.diverse,210,141,15,0.044642857142857144
no.folklore.generelt,no.lisp,49,302,15,0.044642857142857144
no.folklore.generelt,no.uninett.katalog,49,68,5,0.044642857142857144
no.folklore.overtro,no.stortinget,131,665,34,0.04461942257217848
no.alt.irc-treff,no.mail.drift,296,430,31,0.04460431654676259
no.perl,no.psykologi,564,584,49,0.044585987261146494
no.elektronikk,no.it.diverse,2253,606,122,0.04457435147972232
no.ef,no.vitser,567,3558,176,0.04456824512534819
no.news.drift,no.org.nobug.diverse,379,90,20,0.044543429844097995
no.jus,no.marked.bolig,1852,892,117,0.04453749524172059
no.embnet,no.mac,260,2742,128,0.04453723034098817
no.ef,no.hobby.diverse,567,817,59,0.04452830188679245
no.stortinget,no.vitser,665,3558,180,0.044521395003710114
no.mac,no.news.drift,2742,379,133,0.044511378848728245
no.alt.mat,no.marked,1286,8430,414,0.044506557729520536
no.typografi,no.vr,280,166,19,0.04449648711943794
no.alt.flame,no.net,2515,1218,159,0.04448796866256295
no.amiga,no.musikk,1544,3669,222,0.04448006411540773
no.hobby.diverse,no.litteratur,817,1532,100,0.044464206313917294
no.folklore.overtro,no.prat.narkotika,131,527,28,0.044444444444444446
no.kjemi,no.sources.wanted,746,218,41,0.044420368364030335
no.biz.nettilbydere,no.pc,686,7029,328,0.04440232841478273
no.folklore.generelt,no.havforskning,49,398,19,0.04439252336448598
no.alkohol,no.biz.annonser,1192,2197,144,0.044375963020030815
no.alt.sjokolade,no.uninett.diverse,656,262,39,0.04436860068259386
no.radio_tv,no.stortinget,583,665,53,0.04435146443514645
no.litteratur,no.nuug,1532,164,72,0.04433497536945813
no.stortinget,no.x,665,301,41,0.04432432432432432
no.biz.nettilbydere,no.skole.diverse,686,563,53,0.04431438127090301
no.linux,no.musikk.gitar,3024,1148,177,0.04430538172715895
no.marked.diskusjon,no.vit.diverse,187,473,28,0.04430379746835443
no.alt.tegneserier,no.it.emacs,1043,395,61,0.04429920116194626
no.media,no.prat.ufo,734,327,45,0.04429133858267716
no.marked.bil,no.net,1423,1218,112,0.044286279161724
no.hobby.diverse,no.marked,817,8430,392,0.04426877470355731
no.marked,no.musikk.gitar,8430,1148,406,0.04426515481901439
no.alt.gledesutbrudd,no.telepost,1754,417,92,0.04425204425204425
no.speider,no.uninett.skole,493,522,43,0.044238683127572016
no.biz.diskusjoner,no.uninett.drift,431,112,23,0.04423076923076923
no.hobby.diverse,no.musikk,817,3669,190,0.04422718808193669
no.kryptografi,no.student.samfund,359,255,26,0.04421768707482993
no.video,no.www,942,3452,186,0.04420152091254753
no.stortinget,no.typografi,665,280,40,0.04419889502762431
no.folklore.overtro,no.standard,131,129,11,0.04417670682730924
no.alt.mat.drikke,no.student.nett,659,452,47,0.044172932330827065
no.alt.motorsykler,no.general,1690,7081,371,0.04416666666666667
no.alt.diskusjoner,no.video,2368,942,140,0.04416403785488959
no.alt.frustrasjoner,no.biz.annonser.data,3041,1548,194,0.04414106939704209
no.bibsys,no.folklore.generelt,235,49,12,0.04411764705882353
no.bolig,no.prat.politikk,978,1152,90,0.04411764705882353
no.embnet,no.media,260,734,42,0.04411764705882353
no.lisp,no.uninett.hjelp,302,124,18,0.04411764705882353
no.ms-windows,no.prat.seksualitet,3235,883,174,0.04411764705882353
no.alt.katter,no.film,774,2587,142,0.04411307859583722
no.multimedia,no.sport.diverse,1383,1507,122,0.04407514450867052
no.c,no.prat.seksualitet,1036,883,81,0.044069640914037
no.org.isoc-no,no.student.samfund,53,255,13,0.04406779661016949
no.biz.nettilbydere,no.marked.jobb,686,2181,121,0.04406409322651129
no.embnet,no.uninett.skole,260,522,33,0.044058744993324434
no.prat.narkotika,no.student.samfund,527,255,33,0.044058744993324434
no.alt.flame,no.religion,2515,1585,173,0.04405398523045582
no.alt.flame,no.ef,2515,567,130,0.04403794037940379
no.irc,no.speider,1475,493,83,0.04403183023872679
no.bil,no.reiser,2153,1050,135,0.0440026075619296
no.alt.arkiv,no.psykologi,199,584,33,0.044
no.havforskning,no.uninett.hjelp,398,124,22,0.044
no.org.efn.diskusjon,no.prat.seksualitet,446,883,56,0.04399057344854674
no.psykologi,no.radio-tv,584,2075,112,0.04397330192383196
no.alt.sjokolade,no.linux,656,3024,155,0.04397163120567376
no.news.drift,no.student.nett,379,452,35,0.04396984924623116
no.alt.radio-tv.irma-1000,no.vr,309,166,20,0.04395604395604396
no.folklore.overtro,no.tegnsett,131,249,16,0.04395604395604396
no.alkohol,no.alt.radio_tv.irma1000,1192,210,59,0.04393149664929263
no.net,no.speider,1218,493,72,0.04392922513727883
no.alt.katter,no.biz.annonser,774,2197,125,0.04392129304286718
no.alt.gledesutbrudd,no.folklore.edb,1754,219,83,0.043915343915343914
no.eunet.hjelp,no.havforskning,244,398,27,0.04390243902439024
no.ef,no.reiser,567,1050,68,0.04389928986442866
no.marked,no.unix,8430,1439,415,0.04389676327480432
no.musikk.gitar,no.org.efn.diskusjon,1148,446,67,0.04387688277668631
no.eunet.hjelp,no.org.efn.diskusjon,244,446,29,0.04387291981845688
no.org.decus,no.sources.list,18,101,5,0.043859649122807015
no.irc,no.pressemeldinger,1475,334,76,0.04385458742065782
no.lisp,no.pressemeldinger.diskusjon,302,79,16,0.043835616438356165
no.it.diverse,no.video,606,942,65,0.04383007417397168
no.news.diverse,no.video,1893,942,119,0.04381443298969072
no.biz.diskusjoner,no.stortinget,431,665,46,0.04380952380952381
no.irc,no.prat.narkotika,1475,527,84,0.043795620437956206
no.alt.mat,no.kryptografi,1286,359,69,0.04378172588832487
no.alt.frustrasjoner,no.telepost,3041,417,145,0.043766978569272565
no.alt.arkiv,no.eunet.drift,199,135,14,0.04375
no.norsk,no.typografi,1963,280,94,0.043741275011633315
no.biz.nettilbydere,no.norsk,686,1963,111,0.04373522458628842
no.bolig,no.net,978,1218,92,0.043726235741444866
no.sources.wanted,no.uninett.skole,218,522,31,0.04372355430183357
no.bolig,no.kryptografi,978,359,56,0.04371584699453552
no.alkohol,no.sykkel,1192,1148,98,0.043710972346119537
no.perl,no.religion,564,1585,90,0.043710539096648855
no.mac,no.spill,2742,2992,240,0.04368401892974154
no.bibsys,no.norsk.fagord,235,243,20,0.043668122270742356
no.folklore.edb,no.uninett.skole,219,522,31,0.04366197183098591
no.bolig,no.litteratur,978,1532,105,0.04365904365904366
no.bolig,no.norsk,978,1963,123,0.043647977288857345
no.norsk,no.student.nett,1963,452,101,0.04364736387208297
no.general,no.reiser,7081,1050,340,0.04364009754845334
no.alt.config,no.vr,408,166,24,0.04363636363636364
no.jus,no.speider,1852,493,98,0.04361370716510903
no.bibsys,no.uninett.hjelp,235,124,15,0.0436046511627907
no.pressemeldinger.diskusjon,no.typografi,79,280,15,0.0436046511627907
no.biz.nettilbydere,no.linux,686,3024,155,0.04360056258790436
no.biz.nettilbydere,no.medisin,686,1038,72,0.043583535108958835
no.musikk,no.stortinget,3669,665,181,0.04358295208283169
no.kjemi,no.reiser,746,1050,75,0.04357931435212086
no.alt.radio-tv.irma-1000,no.sources.wanted,309,218,22,0.04356435643564356
no.alt.sjokolade,no.biz.nettilbydere,656,686,56,0.04354587869362364
no.folklore.overtro,no.perl,131,564,29,0.04354354354354354
no.lisp,no.telepost,302,417,30,0.04354136429608128
no.havforskning,no.telepost,398,417,34,0.04353393085787452
no.alt.sjokolade,no.prat.ufo,656,327,41,0.0435244161358811
no.bil,no.medisin,2153,1038,133,0.04349247874427731
no.news.drift,no.org.isoc-no,379,53,18,0.043478260869565216
no.pressemeldinger.diskusjon,no.vit.diverse,79,473,23,0.043478260869565216
no.ai,no.irc,254,1475,72,0.04345202172601086
no.ai,no.alt.tegneserier,254,1043,54,0.04344328238133548
no.alt.flame,no.alt.sjokolade,2515,656,132,0.04343534057255676
no.psykologi,no.reiser,584,1050,68,0.04342273307790549
no.telepost,no.typografi,417,280,29,0.04341317365269461
no.mail.diverse,no.student.samfund,995,255,52,0.04340567612687813
no.folklore.overtro,no.havforskning,131,398,22,0.04339250493096647
no.standard,no.typografi,129,280,17,0.04336734693877551
no.marked,no.sport.diverse,8430,1507,413,0.043364132717345655
no.bolig,no.ms-windows,978,3235,175,0.0433382862803368
no.litteratur,no.ms-windows,1532,3235,198,0.04333552199606041
no.alt.config,no.sources.wanted,408,218,26,0.043333333333333335
no.alt.mat.drikke,no.typografi,659,280,39,0.043333333333333335
no.mail.diverse,no.sykkel,995,1148,89,0.0433300876338851
no.biz.annonser,no.unix,2197,1439,151,0.04332855093256815
no.alt.radio-tv.irma-1000,no.radio-tv,309,2075,99,0.043326039387308536
no.alkohol,no.havforskning,1192,398,66,0.04330708661417323
no.alt.sjokolade,no.mac,656,2742,141,0.04329137242861529
no.alt.pompel-og-pilt,no.standard,329,129,19,0.04328018223234624
no.alt.mat,no.uninett.skole,1286,522,75,0.04327755337564916
no.alt.config,no.norsk.fagord,408,243,27,0.04326923076923077
no.alt.diskusjoner,no.alt.radio-tv.irma-1000,2368,309,111,0.04325798908807482
no.kjemi,no.norsk.fagord,746,243,41,0.043248945147679324
no.amiga,no.spill,1544,2992,188,0.04323827046918123
no.alt.katter,no.alt.pompelog,774,143,38,0.04323094425483504
no.alt.pompel-og-pilt,no.it.emacs,329,395,30,0.043227665706051875
no.general,no.hobby.diverse,7081,817,327,0.04319112402588826
no.alt.pompel-og-pilt,no.media,329,734,44,0.04317958783120707
no.alt.irc-treff,no.embnet,296,260,23,0.043151969981238276
no.alt.sjokolade,no.amiga,656,1544,91,0.0431484115694642
no.embnet,no.telepost,260,417,28,0.04314329738058552
no.sources.list,no.sport.volleyball,101,165,11,0.043137254901960784
no.litteratur,no.tele,1532,2097,150,0.04311583788444955
no.ai,no.jus,254,1852,87,0.04309063893016345
no.marked.data,no.norsk,7987,1963,411,0.04308627738756683
no.alkohol,no.alt.radio-tv.irma-1000,1192,309,62,0.043085476025017375
no.sykkel,no.www,1148,3452,190,0.04308390022675737
no.typografi,no.unix,280,1439,71,0.04308252427184466
no.marked.jobb,no.vitser,2181,3558,237,0.0430752453653217
no.bibsys,no.media,235,734,40,0.04305705059203445
no.biz.annonser,no.reiser,2197,1050,134,0.043045293928686154
no.musikk.gitar,no.radio-tv,1148,2075,133,0.043042071197411005
no.alt.pompelog,no.psykologi,143,584,30,0.043041606886657105
no.news.drift,no.religion,379,1585,81,0.043016463090812536
no.alt.flame,no.www,2515,3452,246,0.04299947561615102
no.biz.nettilbydere,no.prat.narkotika,686,527,50,0.04299226139294927
no.bil,no.unix,2153,1439,148,0.0429732868757259
no.prat.politikk,no.typografi,1152,280,59,0.04297159504734159
no.biz.annonser.data,no.media,1548,734,94,0.04296160877513711
no.biz.diskusjoner,no.unix,431,1439,77,0.04294478527607362
no.student.nett,no.x,452,301,31,0.04293628808864266
no.havforskning,no.hobby.diverse,398,817,50,0.04291845493562232
no.typografi,no.uninett.skole,280,522,33,0.04291287386215865
no.biz.nettilbydere,no.uninett.diverse,686,262,39,0.0429042904290429
no.hobby.diverse,no.lisp,817,302,46,0.04287045666356011
no.alt.sjokolade,no.general,656,7081,318,0.04286291953093409
no.alt.radio-tv.irma-1000,no.standard,309,129,18,0.04285714285714286
no.org.isoc-no,no.vr,53,166,9,0.04285714285714286
no.bolig,no.www,978,3452,182,0.0428436911487759
no.kjemi,no.x,746,301,43,0.04282868525896414
no.alt.config,no.pressemeldinger.diskusjon,408,79,20,0.042826552462526764
no.alt.mat,no.biz.annonser,1286,2197,143,0.04281437125748503
no.norsk,no.slekt,1963,1837,156,0.042810098792535674
no.folklore.overtro,no.kjemi,131,746,36,0.04280618311533888
no.alt.katter,no.prat.seksualitet,774,883,68,0.042794210195091255
no.alt.god.jul,no.prat.narkotika,570,527,45,0.04277566539923954
no.alt.tegneserier,no.pc,1043,7029,331,0.04275933341945485
no.bibsys,no.folklore.overtro,235,131,15,0.042735042735042736
no.bibsys,no.marked.jobb,235,2181,99,0.04272766508416055
no.alt.mat,no.havforskning,1286,398,69,0.04272445820433437
no.multimedia,no.x,1383,301,69,0.04272445820433437
no.hobby.diverse,no.news.drift,817,379,49,0.042720139494333044
no.alt.irc-treff,no.jus,296,1852,88,0.04271844660194175
no.biz.annonser.data,no.mail.drift,1548,430,81,0.042698998418555616
no.alkohol,no.tegnsett,1192,249,59,0.0426917510853835
no.biz.annonser.data,no.marked.diskusjon,1548,187,71,0.04266826923076923
no.amiga,no.religion,1544,1585,128,0.042652449183605466
no.c,no.sport.diverse,1036,1507,104,0.04264042640426404
no.linux,no.vit.diverse,3024,473,143,0.04263565891472868
no.norsk.fagord,no.perl,243,564,33,0.04263565891472868
no.alt.katter,no.folklore.overtro,774,131,37,0.04262672811059908
no.org.efn.diskusjon,no.radio-tv,446,2075,103,0.04259718775847808
no.alt.katter,no.hobby.diverse,774,817,65,0.04259501965923984
no.spill,no.unix,2992,1439,181,0.04258823529411765
no.bolig,no.prat.seksualitet,978,883,76,0.04257703081232493
no.kjemi,no.sport.diverse,746,1507,92,0.04257288292457196
no.film,no.medisin,2587,1038,148,0.04256542996836353
no.news.drift,no.sport.diverse,379,1507,77,0.04256495301271421
no.marked.bil,no.www,1423,3452,199,0.042557741659538066
no.bibsys,no.student.samfund,235,255,20,0.0425531914893617
no.embnet,no.linux,260,3024,134,0.04253968253968254
no.alt.diskusjoner,no.student.nett,2368,452,115,0.04251386321626617
no.biz.diskusjoner,no.student.nett,431,452,36,0.04250295159386069
no.alt.frustrasjoner,no.alt.irc-treff,3041,296,136,0.04248672289909403
no.it.diverse,no.medisin,606,1038,67,0.0424857324032974
no.news.drift,no.radio-tv,379,2075,100,0.04248088360237893
no.jus,no.prat.aksjer,1852,480,95,0.0424675905230219
no.alt.irc-treff,no.biz.nettilbydere,296,686,40,0.04246284501061571
no.pressemeldinger,no.typografi,334,280,25,0.042444821731748725
no.alt.tegneserier,no.biz.diskusjoner,1043,431,60,0.042432814710042434
no.ai,no.org.nobug.diverse,254,90,14,0.04242424242424243
no.alt.irc-treff,no.perl,296,564,35,0.04242424242424243
no.alt.radio-tv.irma-1000,no.news.drift,309,379,28,0.04242424242424243
no.audio,no.unix,2493,1439,160,0.042417815482502653
no.alt.mat.drikke,no.musikk,659,3669,176,0.04238921001926782
no.biz.nettilbydere,no.film,686,2587,133,0.04235668789808917
no.alt.arkiv,no.eunet.hjelp,199,244,18,0.042352941176470586
no.marked.jobb,no.religion,2181,1585,153,0.042347079988928865
no.bolig,no.video,978,942,78,0.04234527687296417
no.hobby.diverse,no.marked.bil,817,1423,91,0.04234527687296417
no.alt.god.jul,no.sources.wanted,570,218,32,0.042328042328042326
no.skole.diverse,no.www,563,3452,163,0.04231568016614746
no.net,no.pressemeldinger,1218,334,63,0.04231027535258563
no.org.isoc-no,no.tex,53,218,11,0.04230769230769231
no.alt.sjokolade,no.prat.narkotika,656,527,48,0.04229074889867841
no.alt.katter,no.reiser,774,1050,74,0.04228571428571429
no.alt.gledesutbrudd,no.skole.diverse,1754,563,94,0.04228520017993702
no.ef,no.speider,567,493,43,0.04228121927236971
no.film,no.org.efn.diskusjon,2587,446,123,0.042268041237113405
no.alkohol,no.bolig,1192,978,88,0.04226705091258405
no.bil,no.prat.politikk,2153,1152,134,0.042257962787764114
no.sources.list,no.telepost,101,417,21,0.04225352112676056
no.marked.data,no.unix,7987,1439,382,0.04223794781070323
no.prat.politikk,no.student.nett,1152,452,65,0.04223521767381416
no.mail.drift,no.marked.diskusjon,430,187,25,0.04222972972972973
no.alt.arkiv,no.stortinget,199,665,35,0.04221954161640531
no.lisp,no.prat.seksualitet,302,883,48,0.04221635883905013
no.lisp,no.tungregning,302,118,17,0.04218362282878412
no.telepost,no.uninett.skole,417,522,38,0.042175360710321866
no.kjemi,no.perl,746,564,53,0.042163882259347654
no.bolig,no.sykkel,978,1148,86,0.04215686274509804
no.alt.tegneserier,no.perl,1043,564,65,0.04215304798962387
no.marked.bolig,no.marked.data,892,7987,359,0.042136150234741786
no.alt.mat,no.hobby.diverse,1286,817,85,0.042120911793855305
no.alt.katter,no.biz.nettilbydere,774,686,59,0.042112776588151324
no.perl,no.standard,564,129,28,0.042105263157894736
no.bil,no.marked.bolig,2153,892,123,0.04209445585215606
no.psykologi,no.www,584,3452,163,0.042086238058352696
no.alt.config,no.uninett.drift,408,112,21,0.04208416833667335
no.alt.radio-tv.irma-1000,no.uninett.drift,309,112,17,0.04207920792079208
no.sykkel,no.tele,1148,2097,131,0.042068079640333975
no.news.drift,no.vr,379,166,22,0.04206500956022945
no.alt.config,no.radio_tv,408,583,40,0.04206098843322818
no.norsk.fagord,no.prat.ufo,243,327,23,0.04204753199268738
no.org.efn.diskusjon,no.uninett.hjelp,446,124,23,0.04204753199268738
no.alt.flame,no.vitser,2515,3558,245,0.04203843514070007
no.ai,no.tungregning,254,118,15,0.04201680672268908
no.perl,no.student.samfund,564,255,33,0.04198473282442748
no.mac,no.psykologi,2742,584,134,0.041979949874686714
no.alt.irc-treff,no.mail.diverse,296,995,52,0.041969330104923326
no.alt.mat.drikke,no.bibsys,659,235,36,0.04195804195804196
no.alt.radio-tv.irma-1000,no.media,309,734,42,0.04195804195804196
no.alt.tegneserier,no.spill.rollespill,1043,447,60,0.04195804195804196
no.folklore.edb,no.pressemeldinger.diskusjon,219,79,12,0.04195804195804196
no.alkohol,no.uninett.skole,1192,522,69,0.041945288753799395
no.alt.fan.de-lillos,no.alt.irc-treff,176,296,19,0.04194260485651214
no.student.samfund,no.uninett.katalog,255,68,13,0.041935483870967745
no.alt.gledesutbrudd,no.alt.radio_tv.irma1000,1754,210,79,0.04190981432360743
no.alkohol,no.marked,1192,8430,387,0.04190579317812669
no.org.efn.diskusjon,no.sources.list,446,101,22,0.0419047619047619
no.alt.config,no.nuug,408,164,23,0.04189435336976321
no.amiga,no.norsk,1544,1963,141,0.04188948306595366
no.folklore.overtro,no.medisin,131,1038,47,0.04188948306595366
no.news.drift,no.tex,379,218,24,0.041884816753926704
no.news.drift,no.www,379,3452,154,0.04188196899646451
no.kjemi,no.ms-windows,746,3235,160,0.04187385501177702
no.media,no.pc,734,7029,312,0.041873574016910484
no.student.samfund,no.tex,255,218,19,0.04185022026431718
no.perl,no.radio-tv,564,2075,106,0.04184761152783261
no.medisin,no.musikk,1038,3669,189,0.04183266932270916
no.alt.pompel-og-pilt,no.folklore.edb,329,219,22,0.04182509505703422
no.it.emacs,no.student.nett,395,452,34,0.041820418204182044
no.kjemi,no.sources.list,746,101,34,0.041820418204182044
no.alt.mat,no.alt.radio-tv.irma-1000,1286,309,64,0.041802743305029394
no.net,no.prat.narkotika,1218,527,70,0.041791044776119404
no.uninett.skole,no.x,522,301,33,0.04177215189873418
no.biz.annonser,no.kjemi,2197,746,118,0.04176991150442478
no.net,no.standard,1218,129,54,0.04176334106728538
no.folklore.edb,no.student.samfund,219,255,19,0.041758241758241756
no.it.emacs,no.standard,395,129,21,0.041749502982107355
no.general,no.radio_tv,7081,583,307,0.041728965610982736
no.alt.katter,no.tele,774,2097,115,0.04172714078374456
no.net,no.typografi,1218,280,60,0.04172461752433936
no.alt.mat,no.uninett.diverse,1286,262,62,0.04172274562584118
no.kryptografi,no.norsk,359,1963,93,0.04172274562584118
no.vit.diverse,no.x,473,301,31,0.04172274562584118
no.multimedia,no.vr,1383,166,62,0.04169468728984533
no.embnet,no.org.nobug.diverse,260,90,14,0.041666666666666664
no.folklore.generelt,no.sources.list,49,101,6,0.041666666666666664
no.prat.narkotika,no.radio-tv,527,2075,104,0.041633306645316254
no.medisin,no.unix,1038,1439,99,0.04163162321278385
no.hobby.diverse,no.religion,817,1585,96,0.04163052905464007
no.folklore.overtro,no.mail.diverse,131,995,45,0.041628122109158186
no.bolig,no.radio-tv,978,2075,122,0.04162401910610713
no.ai,no.uninett.skole,254,522,31,0.04161073825503356
no.general,no.it.diverse,7081,606,307,0.04159891598915989
no.norsk,no.video,1963,942,116,0.04159196844747221
no.alt.motorsykler,no.biz.annonser,1690,2197,155,0.04153269024651661
no.musikk,no.sykkel,3669,1148,192,0.04151351351351351
no.ms-windows,no.religion,3235,1585,192,0.04148660328435609
no.biz.diskusjoner,no.vit.diverse,431,473,36,0.041474654377880185
no.havforskning,no.student.samfund,398,255,26,0.04146730462519936
no.c,no.uninett.skole,1036,522,62,0.04144385026737968
no.alt.tegneserier,no.hobby.diverse,1043,817,74,0.04143337066069429
no.alt.tegneserier,no.biz.annonser.data,1043,1548,103,0.04139871382636656
no.norsk,no.x,1963,301,90,0.04139834406623735
no.alt.sjokolade,no.spill,656,2992,145,0.04139309163574079
no.bolig,no.media,978,734,68,0.0413625304136253
no.multimedia,no.prat.seksualitet,1383,883,90,0.04136029411764706
no.stortinget,no.sykkel,665,1148,72,0.04135554279149914
no.it.diverse,no.religion,606,1585,87,0.04134980988593156
no.net,no.norsk.fagord,1218,243,58,0.041339985744832504
no.alt.pompel-og-pilt,no.student.nett,329,452,31,0.04133333333333333
no.ai,no.uninett.hjelp,254,124,15,0.04132231404958678
no.alt.god.jul,no.perl,570,564,45,0.04132231404958678
no.religion,no.student.samfund,1585,255,73,0.041312959818902095
no.general,no.psykologi,7081,584,304,0.04129873658470316
no.eunet.drift,no.sources.wanted,135,218,14,0.04129793510324484
no.film,no.hobby.diverse,2587,817,135,0.041297032731722236
no.ef,no.sykkel,567,1148,68,0.041287188828172436
no.alt.radio_tv.irma1000,no.org.efn.diskusjon,210,446,26,0.04126984126984127
no.alt.pompelog,no.alt.tegneserier,143,1043,47,0.041264266900790166
no.mac,no.stortinget,2742,665,135,0.04125916870415648
no.biz.annonser,no.prat.seksualitet,2197,883,122,0.041244083840432724
no.mail.drift,no.prat.seksualitet,430,883,52,0.041237113402061855
no.alt.mat.drikke,no.vitser,659,3558,167,0.041234567901234566
no.alt.mat.drikke,no.alt.motorsykler,659,1690,93,0.041223404255319146
no.jus,no.slekt,1852,1837,146,0.041208015805814284
no.alt.mat,no.biz.nettilbydere,1286,686,78,0.04118268215417107
no.psykologi,no.uninett.hjelp,584,124,28,0.041176470588235294
no.psykologi,no.x,584,301,35,0.041176470588235294
no.sport.diverse,no.sykkel,1507,1148,105,0.041176470588235294
no.alt.config,no.student.nett,408,452,34,0.04116222760290557
no.reiser,no.speider,1050,493,61,0.04116059379217274
no.alt.motorsykler,no.alt.tegneserier,1690,1043,108,0.04114285714285714
no.uninett.skole,no.www,522,3452,157,0.04113177888394027
no.kryptografi,no.prat.narkotika,359,527,35,0.041128084606345476
no.general,no.sykkel,7081,1148,325,0.04111842105263158
no.norsk,no.nuug,1963,164,84,0.041116005873715125
no.ai,no.media,254,734,39,0.0410958904109589
no.kjemi,no.vr,746,166,36,0.0410958904109589
no.alt.arkiv,no.kryptografi,199,359,22,0.041044776119402986
no.org.efn.diskusjon,no.uninett.drift,446,112,22,0.041044776119402986
no.biz.annonser,no.prat.politikk,2197,1152,132,0.041032017407522534
no.biz.diskusjoner,no.psykologi,431,584,40,0.041025641025641026
no.alkohol,no.biz.nettilbydere,1192,686,74,0.041019955654102
no.jus,no.typografi,1852,280,84,0.041015625
no.alt.mat.drikke,no.student.samfund,659,255,36,0.04100227790432802
no.biz.diskusjoner,no.typografi,431,280,28,0.040995607613469986
no.perl,no.student.nett,564,452,40,0.040983606557377046
no.alt.motorsykler,no.news.diverse,1690,1893,141,0.04096455549099361
no.bil,no.sport.diverse,2153,1507,144,0.040955631399317405
no.ai,no.typografi,254,280,21,0.04093567251461988
no.pc,no.prat.seksualitet,7029,883,311,0.04091566899092225
no.net,no.sykkel,1218,1148,93,0.0409150901891773
no.news.drift,no.pressemeldinger.diskusjon,379,79,18,0.04090909090909091
no.nuug,no.unix,164,1439,63,0.04090909090909091
no.prat.seksualitet,no.uninett.diverse,883,262,45,0.04090909090909091
no.hobby.diverse,no.mail.drift,817,430,49,0.040901502504173626
no.alt.mat.drikke,no.sykkel,659,1148,71,0.04089861751152074
no.folklore.edb,no.uninett.drift,219,112,13,0.040880503144654086
no.alt.pompel-og-pilt,no.org.isoc-no,329,53,15,0.04087193460490463
no.student.samfund,no.typografi,255,280,21,0.04085603112840467
no.alkohol,no.bibsys,1192,235,56,0.040846097738876735
no.mail.diverse,no.video,995,942,76,0.04083825900053734
no.biz.annonser.data,no.kjemi,1548,746,90,0.04083484573502722
no.alt.god.jul,no.linux,570,3024,141,0.04083405734144222
no.folklore.overtro,no.mail.drift,131,430,22,0.04081632653061224
no.pressemeldinger,no.psykologi,334,584,36,0.04081632653061224
no.alt.frustrasjoner,no.lisp,3041,302,131,0.04078455790784558
no.alt.god.jul,no.medisin,570,1038,63,0.040776699029126215
no.alt.sjokolade,no.bolig,656,978,64,0.04076433121019108
no.alt.sjokolade,no.unix,656,1439,82,0.04073522106308992
no.radio_tv,no.vitser,583,3558,162,0.040713747172656446
no.alkohol,no.amiga,1192,1544,107,0.04069988588817041
no.ms-windows,no.vit.diverse,3235,473,145,0.0406960426606792
no.alt.katter,no.tegnsett,774,249,40,0.04069175991861648
no.alt.flame,no.media,2515,734,127,0.04067905188981422
no.alt.tegneserier,no.speider,1043,493,60,0.04065040650406504
no.bibsys,no.biz.annonser,235,2197,95,0.04065040650406504
no.bolig,no.mail.drift,978,430,55,0.04065040650406504
no.jus,no.student.nett,1852,452,90,0.04065040650406504
no.elektronikk,no.prat.politikk,2253,1152,133,0.0406479217603912
no.folklore.overtro,no.religion,131,1585,67,0.04063068526379624
no.alt.diskusjoner,no.folklore.edb,2368,219,101,0.04062751407884151
no.ms-windows,no.video,3235,942,163,0.04060787244643747
no.alt.katter,no.sykkel,774,1148,75,0.040606388738494856
no.alt.pompelog,no.c,143,1036,46,0.04060017652250662
no.bolig,no.hobby.diverse,978,817,70,0.04057971014492753
no.havforskning,no.medisin,398,1038,56,0.04057971014492753
no.amiga,no.mail.diverse,1544,995,99,0.04057377049180328
no.alt.mat.drikke,no.uninett.skole,659,522,46,0.04052863436123348
no.alt.katter,no.multimedia,774,1383,84,0.04052098408104197
no.pressemeldinger.diskusjon,no.skole.diverse,79,563,25,0.04051863857374392
no.alt.god.jul,no.hobby.diverse,570,817,54,0.04051012753188297
no.alt.sjokolade,no.vr,656,166,32,0.04050632911392405
no.alt.radio-tv.irma-1000,no.kryptografi,309,359,26,0.040498442367601244
no.marked.diskusjon,no.prat.ufo,187,327,20,0.04048582995951417
no.alt.gledesutbrudd,no.biz.diskusjoner,1754,431,85,0.04047619047619048
no.alt.katter,no.typografi,774,280,41,0.040473840078973346
no.sport.diverse,no.vit.diverse,1507,473,77,0.04046242774566474
no.biz.annonser,no.religion,2197,1585,147,0.04044016506189821
no.it.emacs,no.radio-tv,395,2075,96,0.040438079191238416
no.alt.motorsykler,no.net,1690,1218,113,0.04042933810375671
no.hobby.diverse,no.spill,817,2992,148,0.04042611308385687
no.alt.tegneserier,no.prat.narkotika,1043,527,61,0.04042412193505633
no.alt.irc-treff,no.alt.tegneserier,296,1043,52,0.04040404040404041
no.kryptografi,no.org.isoc-no,359,53,16,0.04040404040404041
no.alt.sjokolade,no.it.diverse,656,606,49,0.0403957131079967
no.alkohol,no.hobby.diverse,1192,817,78,0.04039357845675816
no.it.emacs,no.multimedia,395,1383,69,0.0403744880046811
no.alt.gledesutbrudd,no.kryptografi,1754,359,82,0.04037419990152634
no.alt.sjokolade,no.sykkel,656,1148,70,0.040369088811995385
no.alt.gledesutbrudd,no.bolig,1754,978,106,0.04036557501904037
no.alt.sjokolade,no.video,656,942,62,0.040364583333333336
no.hobby.diverse,no.it.emacs,817,395,47,0.04034334763948498
no.alt.mat,no.alt.radio_tv.irma1000,1286,210,58,0.04033379694019471
no.alt.sjokolade,no.radio_tv,656,583,48,0.04030226700251889
no.biz.annonser.data,no.embnet,1548,260,70,0.04027617951668585
no.prat.politikk,no.test,1152,6390,292,0.040275862068965516
no.havforskning,no.prat.politikk,398,1152,60,0.040268456375838924
no.prat.narkotika,no.www,527,3452,154,0.04026143790849673
no.alt.sjokolade,no.hobby.diverse,656,817,57,0.04025423728813559
no.net,no.student.samfund,1218,255,57,0.04025423728813559
no.hobby.diverse,no.prat.narkotika,817,527,52,0.04024767801857585
no.alt.arkiv,no.alt.flame,199,2515,105,0.04024530471444998
no.alt.sjokolade,no.x,656,301,37,0.04021739130434782
no.alt.mat.drikke,no.alt.pompelog,659,143,31,0.040207522697795074
no.irc,no.test,1475,6390,304,0.0402063219150906
no.alt.motorsykler,no.pc,1690,7029,337,0.04020520162252446
no.alt.mat,no.marked.jobb,1286,2181,134,0.04020402040204021
no.musikk.gitar,no.spill,1148,2992,160,0.04020100502512563
no.c,no.standard,1036,129,45,0.04017857142857143
no.hobby.diverse,no.pc,817,7029,303,0.04016969375580008
no.norsk.fagord,no.tegnsett,243,249,19,0.040169133192389
no.amiga,no.video,1544,942,96,0.0401673640167364
no.folklore.edb,no.hobby.diverse,219,817,40,0.040160642570281124
no.folklore.overtro,no.irc,131,1475,62,0.04015544041450777
no.mail.diverse,no.test,995,6390,285,0.04014084507042254
no.pressemeldinger,no.uninett.diverse,334,262,23,0.04013961605584642
no.alt.radio_tv.irma1000,no.sources.list,210,101,12,0.04013377926421405
no.alt.gledesutbrudd,no.havforskning,1754,398,83,0.04011599806669889
no.elektronikk,no.religion,2253,1585,148,0.04010840108401084
no.c,no.folklore.overtro,1036,131,45,0.040106951871657755
no.psykologi,no.radio_tv,584,583,45,0.040106951871657755
no.alt.sjokolade,no.biz.annonser,656,2197,110,0.04010207801676996
no.mail.drift,no.student.nett,430,452,34,0.04009433962264151
no.hobby.diverse,no.psykologi,817,584,54,0.0400890868596882
no.sources.wanted,no.x,218,301,20,0.04008016032064128
no.alt.irc-treff,no.x,296,301,23,0.04006968641114982
no.it.emacs,no.tele,395,2097,96,0.04006677796327212
no.alt.irc-treff,no.biz.diskusjoner,296,431,28,0.04005722460658083
no.alt.radio-tv.irma-1000,no.uninett.skole,309,522,32,0.04005006257822278
no.biz.annonser.data,no.unix,1548,1439,115,0.04004178272980501
no.folklore.edb,no.norsk,219,1963,84,0.04003813155386082
no.alt.motorsykler,no.vitser,1690,3558,202,0.04003170828378914
no.bolig,no.unix,978,1439,93,0.040017211703958694
no.alt.god.jul,no.uninett.skole,570,522,42,0.04
no.nuug,no.perl,164,564,28,0.04
no.biz.annonser.data,no.norsk,1548,1963,135,0.03998815165876777
no.alt.gledesutbrudd,no.x,1754,301,79,0.039979757085020245
no.marked.diskusjon,no.net,187,1218,54,0.03997039230199852
no.jus,no.pressemeldinger,1852,334,84,0.039961941008563276
no.alt.sjokolade,no.kryptografi,656,359,39,0.039959016393442626
no.marked.jobb,no.prat.politikk,2181,1152,128,0.039937597503900156
no.marked.bolig,no.net,892,1218,81,0.03992114342040414
no.psykologi,no.uninett.katalog,584,68,25,0.03987240829346093
no.bolig,no.general,978,7081,309,0.039870967741935485
no.kjemi,no.tele,746,2097,109,0.039868324798829555
no.alkohol,no.alt.irc-treff,1192,296,57,0.039832285115303984
no.eunet.hjelp,no.net,244,1218,56,0.03982930298719772
no.net,no.sources.wanted,1218,218,55,0.03982621288921072
no.alt.gledesutbrudd,no.alt.radio-tv.irma-1000,1754,309,79,0.039818548387096774
no.folklore.overtro,no.uninett.skole,131,522,25,0.03980891719745223
no.biz.annonser.data,no.medisin,1548,1038,99,0.039806996381182146
no.alt.arkiv,no.folklore.edb,199,219,16,0.03980099502487562
no.mswindow,no.radio_tv,358,583,36,0.039779005524861875
no.net,no.test,1218,6390,291,0.03977039770397704
no.kryptografi,no.nuug,359,164,20,0.039761431411530816
no.linux,no.stortinget,3024,665,141,0.03974069898534385
no.amiga,no.prat.politikk,1544,1152,103,0.039722329348245274
no.kjemi,no.tungregning,746,118,33,0.039711191335740074
no.biz.diskusjoner,no.perl,431,564,38,0.03970741901776385
no.alt.pompel-og-pilt,no.org.nobug.diverse,329,90,16,0.03970223325062035
no.prat.politikk,no.pressemeldinger.diskusjon,1152,79,47,0.03969594594594594
no.bibsys,no.org.efn.diskusjon,235,446,26,0.03969465648854962
no.alt.mat,no.telepost,1286,417,65,0.03968253968253968
no.embnet,no.it.emacs,260,395,25,0.03968253968253968
no.bil,no.test,2153,6390,326,0.039673846902762565
no.perl,no.prat.ufo,564,327,34,0.039673278879813305
no.linux,no.prat.seksualitet,3024,883,149,0.03964874933475253
no.medisin,no.sport.diverse,1038,1507,97,0.039624183006535946
no.folklore.edb,no.prat.seksualitet,219,883,42,0.03962264150943396
no.marked,no.sykkel,8430,1148,365,0.039617931184196244
no.alt.sjokolade,no.reiser,656,1050,65,0.039609993906154786
no.org.efn.diskusjon,no.pressemeldinger.diskusjon,446,79,20,0.039603960396039604
no.uninett.fik,no.uninett.katalog,37,68,4,0.039603960396039604
no.alt.radio-tv.irma-1000,no.psykologi,309,584,34,0.03958090803259604
no.marked.bolig,no.news.diverse,892,1893,106,0.039567002612915264
no.musikk.gitar,no.stortinget,1148,665,69,0.03956422018348624
no.kryptografi,no.mac,359,2742,118,0.039557492457257794
no.alkohol,no.kryptografi,1192,359,59,0.039544235924932974
no.sport.diverse,no.unix,1507,1439,112,0.03952011291460833
no.student.samfund,no.vr,255,166,16,0.03950617283950617
no.mail.drift,no.tele,430,2097,96,0.03948992184286302
no.alt.mat.drikke,no.folklore.overtro,659,131,30,0.039473684210526314
no.it.diverse,no.prat.narkotika,606,527,43,0.03944954128440367
no.mail.diverse,no.uninett.drift,995,112,42,0.03943661971830986
no.medisin,no.pc,1038,7029,306,0.039427908774642445
no.alt.config,no.tele,408,2097,95,0.03941908713692946
no.biz.diskusjoner,no.prat.politikk,431,1152,60,0.03939592908732764
no.alt.katter,no.student.samfund,774,255,39,0.03939393939393939
no.biz.diskusjoner,no.student.samfund,431,255,26,0.03939393939393939
no.marked.jobb,no.perl,2181,564,104,0.03937902309731162
no.amiga,no.ms-windows,1544,3235,181,0.03936494127881688
no.standard,no.student.nett,129,452,22,0.03935599284436494
no.kjemi,no.telepost,746,417,44,0.03932082216264522
no.alt.diskusjoner,no.tegnsett,2368,249,99,0.03931691818903892
no.multimedia,no.reiser,1383,1050,92,0.03929944468175993
no.prat.ufo,no.student.samfund,327,255,22,0.039285714285714285
no.radio_tv,no.sport.diverse,583,1507,79,0.03928393833913476
no.biz.annonser.data,no.prat.politikk,1548,1152,102,0.03926096997690531
no.alt.pompel-og-pilt,no.typografi,329,280,23,0.03924914675767918
no.musikk.gitar,no.musikk.klassisk,1148,229,52,0.03924528301886793
no.bil,no.media,2153,734,109,0.03923686105111591
no.alt.gledesutbrudd,no.embnet,1754,260,76,0.0392156862745098
no.alt.pompelog,no.pressemeldinger,143,334,18,0.0392156862745098
no.telepost,no.www,417,3452,146,0.0392156862745098
no.media,no.sykkel,734,1148,71,0.03920485919381557
no.alt.irc-treff,no.vit.diverse,296,473,29,0.03918918918918919
no.alt.motorsykler,no.sykkel,1690,1148,107,0.039179787623581104
no.alt.radio_tv.irma1000,no.eunet.drift,210,135,13,0.0391566265060241
no.biz.nettilbydere,no.norsk.fagord,686,243,35,0.039149888143176735
no.biz.diskusjoner,no.hobby.diverse,431,817,47,0.03913405495420483
no.net,no.skole.diverse,1218,563,67,0.039089848308051345
no.mail.drift,no.prat.narkotika,430,527,36,0.03908794788273615
no.alt.flame,no.mail.diverse,2515,995,132,0.03907637655417407
no.eunet.drift,no.radio_tv,135,583,27,0.03907380607814761
no.marked.bil,no.spill,1423,2992,166,0.03906801600376559
no.radio_tv,no.unix,583,1439,76,0.03905447070914697
no.alt.arkiv,no.typografi,199,280,18,0.039045553145336226
no.c,no.eunet.drift,1036,135,44,0.03904170363797693
no.kjemi,no.student.nett,746,452,45,0.03902862098872507
no.spill,no.sport.fotball,2992,629,136,0.03902439024390244
no.alt.tegneserier,no.uninett.diverse,1043,262,49,0.03901273885350318
no.alt.motorsykler,no.www,1690,3452,193,0.038997777328753286
no.alt.fan.de-lillos,no.alt.god.jul,176,570,28,0.03899721448467967
no.news.diverse,no.slekt,1893,1837,140,0.03899721448467967
no.reiser,no.uninett.skole,1050,522,59,0.038995373430270985
no.mail.drift,no.radio-tv,430,2075,94,0.03898797179593529
no.musikk,no.reiser,3669,1050,177,0.03896961690885073
no.litteratur,no.marked.data,1532,7987,357,0.0389652914210871
no.c,no.nuug,1036,164,45,0.03896103896103896
no.norsk.fagord,no.psykologi,243,584,31,0.038944723618090454
no.ai,no.speider,254,493,28,0.03894297635605007
no.medisin,no.norsk.fagord,1038,243,48,0.038929440389294405
no.bibsys,no.uninett.drift,235,112,13,0.038922155688622756
no.standard,no.tex,129,218,13,0.038922155688622756
no.bibsys,no.news.drift,235,379,23,0.038917089678511
no.norsk,no.speider,1963,493,92,0.038917089678511
no.medisin,no.perl,1038,564,60,0.038910505836575876
no.biz.annonser,no.embnet,2197,260,92,0.03890063424947146
no.news.diverse,no.nuug,1893,164,77,0.03888888888888889
no.biz.nettilbydere,no.religion,686,1585,85,0.03888380603842635
no.alt.tegneserier,no.sykkel,1043,1148,82,0.0388809862494073
no.prat.seksualitet,no.spill,883,2992,145,0.0388739946380697
no.hobby.diverse,no.kryptografi,817,359,44,0.038869257950530034
no.alt.sjokolade,no.tele,656,2097,103,0.038867924528301886
no.c,no.marked,1036,8430,354,0.038849868305531166
no.alt.mat,no.musikk.gitar,1286,1148,91,0.03883909517712335
no.unix,no.vr,1439,166,60,0.038834951456310676
no.alt.katter,no.perl,774,564,50,0.03881987577639751
no.mail.diverse,no.standard,995,129,42,0.038817005545286505
no.folklore.edb,no.standard,219,129,13,0.03880597014925373
no.psykologi,no.uninett.drift,584,112,26,0.03880597014925373
no.typografi,no.uninett.katalog,280,68,13,0.03880597014925373
no.alt.flame,no.musikk,2515,3669,231,0.03880396438770368
no.slekt,no.speider,1837,493,87,0.03878733838609006
no.alt.katter,no.elektronikk,774,2253,113,0.03877831159917639
no.alt.config,no.sources.list,408,101,19,0.03877551020408163
no.alt.god.jul,no.vitser,570,3558,154,0.038751887267237044
no.news.diverse,no.speider,1893,493,89,0.038746190683500215
no.litteratur,no.student.nett,1532,452,74,0.0387434554973822
no.alt.god.jul,no.radio_tv,570,583,43,0.03873873873873874
no.lisp,no.www,302,3452,140,0.0387382401770891
no.alt.flame,no.alt.god.jul,2515,570,115,0.03872053872053872
no.multimedia,no.pressemeldinger,1383,334,64,0.03871748336358137
no.lisp,no.musikk,302,3669,148,0.038713052576510594
no.biz.nettilbydere,no.typografi,686,280,36,0.03870967741935484
no.norsk.fagord,no.pressemeldinger.diskusjon,243,79,12,0.03870967741935484
no.alt.katter,no.sport.diverse,774,1507,85,0.038706739526411654
no.alt.katter,no.folklore.edb,774,219,37,0.038702928870292884
no.elektronikk,no.test,2253,6390,322,0.038697271962504505
no.alt.motorsykler,no.mail.diverse,1690,995,100,0.03868471953578337
no.religion,no.test,1585,6390,297,0.03868194842406877
no.student.nett,no.uninett.drift,452,112,21,0.03867403314917127
no.mail.drift,no.religion,430,1585,75,0.03865979381443299
no.biz.diskusjoner,no.tele,431,2097,94,0.038619556285949055
no.alt.god.jul,no.student.nett,570,452,38,0.03861788617886179
no.prat.narkotika,no.uninett.skole,527,522,39,0.03861386138613861
no.marked,no.medisin,8430,1038,352,0.03861342694164107
no.alt.frustrasjoner,no.video,3041,942,148,0.038591916558018254
no.jus,no.x,1852,301,80,0.03859141341051616
no.eunet.hjelp,no.mail.diverse,244,995,46,0.038558256496227995
no.alt.fan.de-lillos,no.student.samfund,176,255,16,0.03855421686746988
no.alkohol,no.student.nett,1192,452,61,0.03853442830069488
no.alt.katter,no.amiga,774,1544,86,0.03853046594982079
no.mail.diverse,no.sources.wanted,995,218,45,0.038527397260273974
no.bibsys,no.speider,235,493,27,0.03851640513552068
no.perl,no.sources.wanted,564,218,29,0.03851261620185923
no.marked.bil,no.multimedia,1423,1383,104,0.0384900074019245
no.elektronikk,no.sykkel,2253,1148,126,0.03847328244274809
no.embnet,no.typografi,260,280,20,0.038461538461538464
no.folklore.overtro,no.uninett.drift,131,112,9,0.038461538461538464
no.alt.sjokolade,no.student.nett,656,452,41,0.038425492033739454
no.pressemeldinger,no.religion,334,1585,71,0.038419913419913417
no.kryptografi,no.student.nett,359,452,30,0.03841229193341869
no.litteratur,no.typografi,1532,280,67,0.038395415472779366
no.alt.mat.drikke,no.marked.jobb,659,2181,105,0.038391224862888484
no.eunet.diverse,no.mail.diverse,141,995,42,0.038391224862888484
no.org.efn.diskusjon,no.uninett.katalog,446,68,19,0.03838383838383838
no.alt.radio-tv.irma-1000,no.stortinget,309,665,36,0.03837953091684435
no.alt.katter,no.it.diverse,774,606,51,0.03837471783295711
no.bibsys,no.org.nobug.diverse,235,90,12,0.038338658146964855
no.bil,no.stortinget,2153,665,104,0.03831982313927782
no.prat.politikk,no.spill.rollespill,1152,447,59,0.03831168831168831
no.bil,no.prat.seksualitet,2153,883,112,0.038303693570451436
no.alt.mat,no.embnet,1286,260,57,0.038280725319006045
no.alt.arkiv,no.student.nett,199,452,24,0.03827751196172249
no.org.efn.diskusjon,no.sport.diverse,446,1507,72,0.03827751196172249
no.alt.tegneserier,no.prat.seksualitet,1043,883,71,0.03827493261455526
no.it.diverse,no.student.nett,606,452,39,0.038272816486751716
no.norsk.fagord,no.nuug,243,164,15,0.03826530612244898
no.alt.config,no.eunet.drift,408,135,20,0.03824091778202677
no.marked.jobb,no.reiser,2181,1050,119,0.03823907455012854
no.bibsys,no.tungregning,235,118,13,0.03823529411764706
no.alt.mat.drikke,no.alt.radio_tv.irma1000,659,210,32,0.038231780167264036
no.alt.pompel-og-pilt,no.marked.diskusjon,329,187,19,0.03822937625754527
no.religion,no.student.nett,1585,452,75,0.0382262996941896
no.religion,no.uninett.diverse,1585,262,68,0.03822372119168072
no.litteratur,no.slekt,1532,1837,124,0.03821263482280431
no.alt.pompel-og-pilt,no.mac,329,2742,113,0.03820148749154834
no.alt.mat.drikke,no.perl,659,564,45,0.038200339558573854
no.medisin,no.vitser,1038,3558,169,0.03817483623221143
no.alt.pompelog,no.standard,143,129,10,0.03816793893129771
no.reiser,no.sport.diverse,1050,1507,94,0.03816483962647178
no.sykkel,no.vitser,1148,3558,173,0.038164570924332675
no.stortinget,no.uninett.hjelp,665,124,29,0.038157894736842106
no.stortinget,no.video,665,942,59,0.03811369509043928
no.bolig,no.medisin,978,1038,74,0.03810504634397528
no.jus,no.nuug,1852,164,74,0.03810504634397528
no.alt.katter,no.vitser,774,3558,159,0.038102084831056794
no.folklore.edb,no.tele,219,2097,85,0.03809950694755715
no.ai,no.net,254,1218,54,0.0380818053596615
no.c,no.sources.wanted,1036,218,46,0.0380794701986755
no.alt.katter,no.bibsys,774,235,37,0.03806584362139918
no.alt.fan.de-lillos,no.uninett.hjelp,176,124,11,0.03806228373702422
no.alt.mat.drikke,no.linux,659,3024,135,0.03804960541149944
no.alt.pompel-og-pilt,no.eunet.hjelp,329,244,21,0.03804347826086957
no.sport.diverse,no.tele,1507,2097,132,0.038018433179723504
no.alt.god.jul,no.biz.nettilbydere,570,686,46,0.03801652892561983
no.lisp,no.org.isoc-no,302,53,13,0.038011695906432746
no.alt.radio-tv.irma-1000,no.alt.radio_tv.irma1000,309,210,19,0.038
no.biz.annonser,no.havforskning,2197,398,95,0.038
no.film,no.vit.diverse,2587,473,112,0.037991858887381276
no.alt.sjokolade,no.nuug,656,164,30,0.0379746835443038
no.pressemeldinger.diskusjon,no.tegnsett,79,249,12,0.0379746835443038
no.folklore.overtro,no.news.diverse,131,1893,74,0.03794871794871795
no.lisp,no.sources.wanted,302,218,19,0.03792415169660679
no.biz.diskusjoner,no.prat.seksualitet,431,883,48,0.037914691943127965
no.marked.bil,no.musikk,1423,3669,186,0.037912759885854054
no.sport.fotball,no.sport.volleyball,629,165,29,0.03790849673202614
no.org.isoc-no,no.uninett.skole,53,522,21,0.03790613718411552
no.bolig,no.org.efn.diskusjon,978,446,52,0.037900874635568516
no.biz.diskusjoner,no.elektronikk,431,2253,98,0.03789636504253674
no.kjemi,no.marked,746,8430,335,0.0378916412170569
no.medisin,no.spill,1038,2992,147,0.03785732680916817
no.alt.motorsykler,no.film,1690,2587,156,0.03785488958990536
no.c,no.typografi,1036,280,48,0.03785488958990536
no.alt.sjokolade,no.tegnsett,656,249,33,0.03784403669724771
no.alt.irc-treff,no.typografi,296,280,21,0.03783783783783784
no.alt.mat.drikke,no.x,659,301,35,0.03783783783783784
no.alt.katter,no.audio,774,2493,119,0.03780177890724269
no.bolig,no.it.emacs,978,395,50,0.03779289493575208
no.marked.diskusjon,no.prat.narkotika,187,527,26,0.0377906976744186
no.alt.radio-tv.irma-1000,no.hobby.diverse,309,817,41,0.03778801843317972
no.amiga,no.litteratur,1544,1532,112,0.037786774628879895
no.prat.politikk,no.tegnsett,1152,249,51,0.03777777777777778
no.mail.diverse,no.marked.bil,995,1423,88,0.03776824034334764
no.alt.flame,no.radio-tv,2515,2075,167,0.037757178385711056
no.alt.gledesutbrudd,no.typografi,1754,280,74,0.03775510204081633
no.alt.tegneserier,no.kryptografi,1043,359,51,0.03774981495188749
no.folklore.edb,no.vr,219,166,14,0.03773584905660377
no.it.diverse,no.uninett.skole,606,522,41,0.03771849126034959
no.marked.bolig,no.ms-windows,892,3235,150,0.037716872014080964
no.alt.gledesutbrudd,no.biz.annonser.data,1754,1548,120,0.03771213073538655
no.alt.sjokolade,no.typografi,656,280,34,0.037694013303769404
no.folklore.overtro,no.jus,131,1852,72,0.03767660910518053
no.film,no.prat.narkotika,2587,527,113,0.0376541152949017
no.ef,no.skole.diverse,567,563,41,0.03764921946740129
no.general,no.prat.narkotika,7081,527,276,0.03764320785597381
no.alt.god.jul,no.it.emacs,570,395,35,0.03763440860215054
no.film,no.psykologi,2587,584,115,0.03763089005235602
no.musikk.gitar,no.student.nett,1148,452,58,0.03761348897535668
no.kjemi,no.vitser,746,3558,156,0.037608486017357765
no.embnet,no.news.diverse,260,1893,78,0.037590361445783135
no.alt.mat.drikke,no.video,659,942,58,0.037589112119248216
no.alt.sjokolade,no.student.samfund,656,255,33,0.03758542141230068
no.alt.flame,no.alt.katter,2515,774,119,0.03753943217665615
no.alt.radio_tv.irma1000,no.embnet,210,260,17,0.037527593818984545
no.lisp,no.pressemeldinger,302,334,23,0.037520391517128875
no.alt.radio-tv.irma-1000,no.speider,309,493,29,0.037516170763260026
no.c,no.hobby.diverse,1036,817,67,0.037513997760358346
no.kjemi,no.video,746,942,61,0.037492317148125384
no.audio,no.test,2493,6390,321,0.03749124036440084
no.alt.arkiv,no.speider,199,493,25,0.037481259370314844
no.alt.config,no.tungregning,408,118,19,0.03747534516765286
no.mail.diverse,no.pressemeldinger,995,334,48,0.03747072599531616
no.org.efn.diskusjon,no.reiser,446,1050,54,0.03744798890429958
no.alt.sjokolade,no.perl,656,564,44,0.03741496598639456
no.kjemi,no.typografi,746,280,37,0.03741152679474216
no.ms-windows,no.sport.diverse,3235,1507,171,0.03740975716473419
no.alt.config,no.skole.diverse,408,563,35,0.03739316239316239
no.slekt.programmer,no.speider,589,493,39,0.037392138063279005
no.alt.irc-treff,no.c,296,1036,48,0.037383177570093455
no.biz.annonser.data,no.vitser,1548,3558,184,0.037383177570093455
no.prat.seksualitet,no.student.samfund,883,255,41,0.037374658158614404
no.alt.katter,no.marked.bolig,774,892,60,0.037359900373599
no.alt.arkiv,no.x,199,301,18,0.03734439834024896
no.marked.bolig,no.video,892,942,66,0.03733031674208145
no.multimedia,no.skole.diverse,1383,563,70,0.03731343283582089
no.alt.config,no.medisin,408,1038,52,0.03730272596843615
no.perl,no.speider,564,493,38,0.03729146221786065
no.marked.data,no.video,7987,942,321,0.03729089219330855
no.kryptografi,no.www,359,3452,137,0.03728905824714208
no.prat.narkotika,no.spill.rollespill,527,447,35,0.03727369542066028
no.alkohol,no.it.emacs,1192,395,57,0.03725490196078431
no.kjemi,no.sykkel,746,1148,68,0.03723986856516977
no.hobby.diverse,no.reiser,817,1050,67,0.03722222222222222
no.alt.diskusjoner,no.marked.bil,2368,1423,136,0.037209302325581395
no.alt.config,no.mac,408,2742,113,0.037207770826473495
no.psykologi,no.sport.diverse,584,1507,75,0.03720238095238095
no.audio,no.biz.nettilbydere,2493,686,114,0.037194127243066887
no.hobby.diverse,no.norsk.fagord,817,243,38,0.03718199608610567
no.alt.pompel-og-pilt,no.medisin,329,1038,49,0.03717754172989378
no.alt.pompel-og-pilt,no.perl,329,564,32,0.03716608594657375
no.ai,no.org.isoc-no,254,53,11,0.037162162162162164
no.alt.mat,no.tegnsett,1286,249,55,0.037162162162162164
no.kryptografi,no.tele,359,2097,88,0.037162162162162164
no.biz.annonser,no.mail.drift,2197,430,94,0.037110146071851556
no.litteratur,no.musikk.klassisk,1532,229,63,0.037102473498233215
no.perl,no.pressemeldinger.diskusjon,564,79,23,0.037096774193548385
no.alt.tegneserier,no.marked.data,1043,7987,323,0.0370965889514184
no.it.emacs,no.it.os.os2,395,332,26,0.037089871611982884
no.alt.radio-tv.irma-1000,no.org.efn.diskusjon,309,446,27,0.03708791208791209
no.marked.bolig,no.medisin,892,1038,69,0.03707684040838259
no.musikk,no.radio_tv,3669,583,152,0.037073170731707315
no.alkohol,no.biz.diskusjoner,1192,431,58,0.03706070287539936
no.alt.radio-tv.irma-1000,no.mac,309,2742,109,0.03704962610469069
no.biz.diskusjoner,no.standard,431,129,20,0.037037037037037035
no.lisp,no.org.nobug.diverse,302,90,14,0.037037037037037035
no.prat.seksualitet,no.sport.fotball,883,629,54,0.037037037037037035
no.pressemeldinger.diskusjon,no.spill.sjakk,79,145,8,0.037037037037037035
no.general,no.perl,7081,564,273,0.03703201302224634
no.radio_tv,no.www,583,3452,144,0.03700848111025443
no.c,no.marked.data,1036,7987,322,0.03700724054706356
no.alt.mat,no.perl,1286,564,66,0.03699551569506727
no.norsk.fagord,no.unix,243,1439,60,0.036991368680641186
no.alt.irc-treff,no.net,296,1218,54,0.036986301369863014
no.musikk.gitar,no.www,1148,3452,164,0.0369702434625789
no.org.isoc-no,no.student.nett,53,452,18,0.03696098562628337
no.elektronikk,no.stortinget,2253,665,104,0.03695806680881308
no.kryptografi,no.tungregning,359,118,17,0.03695652173913044
no.perl,no.pressemeldinger,564,334,32,0.03695150115473441
no.alt.arkiv,no.c,199,1036,44,0.036943744752308987
no.pressemeldinger,no.student.nett,334,452,28,0.036939313984168866
no.media,no.telepost,734,417,41,0.036936936936936934
no.prat.seksualitet,no.video,883,942,65,0.036931818181818184
no.alt.gledesutbrudd,no.video,1754,942,96,0.036923076923076927
no.marked.bolig,no.multimedia,892,1383,81,0.03691886964448496
no.alt.diskusjoner,no.x,2368,301,95,0.036907536907536904
no.marked.bil,no.reiser,1423,1050,88,0.03689727463312369
no.litteratur,no.video,1532,942,88,0.036881810561609385
no.alt.katter,no.musikk,774,3669,158,0.03687281213535589
no.alt.pompel-og-pilt,no.news.diverse,329,1893,79,0.036864209052729816
no.bibsys,no.marked.diskusjon,235,187,15,0.036855036855036855
no.mail.drift,no.radio_tv,430,583,36,0.0368474923234391
no.alt.mat,no.biz.diskusjoner,1286,431,61,0.03683574879227053
no.alt.tegneserier,no.typografi,1043,280,47,0.03683385579937304
no.it.diverse,no.marked.jobb,606,2181,99,0.036830357142857144
no.biz.diskusjoner,no.x,431,301,26,0.036827195467422094
no.musikk,no.psykologi,3669,584,151,0.03681131155533886
no.pc,no.video,7029,942,283,0.03681061394380853
no.it.emacs,no.uninett.drift,395,112,18,0.03680981595092025
no.religion,no.sykkel,1585,1148,97,0.03679817905918058
no.mac,no.test,2742,6390,324,0.03678474114441417
no.alt.god.jul,no.vit.diverse,570,473,37,0.036779324055666
no.alt.motorsykler,no.multimedia,1690,1383,109,0.03677462887989204
no.marked,no.media,8430,734,325,0.036768865256250706
no.irc,no.sykkel,1475,1148,93,0.036758893280632414
no.skole.diverse,no.student.samfund,563,255,29,0.036755386565272496
no.hobby.diverse,no.marked.data,817,7987,312,0.036740461610927935
no.student.nett,no.unix,452,1439,67,0.03673245614035088
no.kjemi,no.standard,746,129,31,0.03672985781990521
no.bibsys,no.psykologi,235,584,29,0.03670886075949367
no.havforskning,no.musikk,398,3669,144,0.036706602090237066
no.ef,no.spill,567,2992,126,0.03670259248470725
no.biz.annonser.data,no.litteratur,1548,1532,109,0.03668798384382363
no.alt.pompel-og-pilt,no.radio-tv,329,2075,85,0.036653730056058646
no.alt.tegneserier,no.reiser,1043,1050,74,0.03665180782565627
no.lisp,no.radio-tv,302,2075,84,0.03663323157435674
no.alt.frustrasjoner,no.bolig,3041,978,142,0.03662625741552747
no.alt.config,no.elektronikk,408,2253,94,0.036618620958317104
no.jus,no.norsk.fagord,1852,243,74,0.03661553686293914
no.bibsys,no.sources.wanted,235,218,16,0.036613272311212815
no.c,no.speider,1036,493,54,0.03661016949152542
no.bil,no.religion,2153,1585,132,0.036605657237936774
no.bibsys,no.vit.diverse,235,473,25,0.036603221083455345
no.bolig,no.stortinget,978,665,58,0.03659305993690852
no.alt.god.jul,no.typografi,570,280,30,0.036585365853658534
no.alt.irc-treff,no.standard,296,129,15,0.036585365853658534
no.havforskning,no.student.nett,398,452,30,0.036585365853658534
no.biz.annonser,no.stortinget,2197,665,101,0.03658094893154654
no.alt.god.jul,no.general,570,7081,270,0.03658040915865059
no.medisin,no.news.drift,1038,379,50,0.036576444769568395
no.alt.config,no.linux,408,3024,121,0.036544850498338874
no.marked.jobb,no.sport.diverse,2181,1507,130,0.03653738055087127
no.sources.list,no.stortinget,101,665,27,0.036535859269282815
no.ms-windows,no.reiser,3235,1050,151,0.03652636671504596
no.alkohol,no.ms-windows,1192,3235,156,0.03652540388667759
no.alt.motorsykler,no.marked.data,1690,7987,341,0.03652527849185947
no.alt.pompel-og-pilt,no.amiga,329,1544,66,0.036524626452684006
no.alt.flame,no.stortinget,2515,665,112,0.03650586701434159
no.bolig,no.psykologi,978,584,55,0.0364963503649635
no.film,no.it.emacs,2587,395,105,0.0364963503649635
no.video,no.vr,942,166,39,0.03648269410664172
no.kryptografi,no.uninett.hjelp,359,124,17,0.03648068669527897
no.alt.tegneserier,no.it.diverse,1043,606,58,0.036455059710873663
no.medisin,no.prat.ufo,1038,327,48,0.03644646924829157
no.speider,no.telepost,493,417,32,0.03644646924829157
no.sykkel,no.vit.diverse,1148,473,57,0.03644501278772379
no.alt.gledesutbrudd,no.speider,1754,493,79,0.03643911439114391
no.org.dnd,no.org.efn.diskusjon,66,446,18,0.03643724696356275
no.amiga,no.hobby.diverse,1544,817,83,0.036435469710272166
no.marked.jobb,no.stortinget,2181,665,100,0.03641660597232338
no.alt.radio-tv.irma-1000,no.tungregning,309,118,15,0.03640776699029126
no.musikk.gitar,no.religion,1148,1585,96,0.03640500568828214
no.linux,no.sport.diverse,3024,1507,159,0.03636779505946935
no.alt.flame,no.litteratur,2515,1532,142,0.03636363636363636
no.student.nett,no.tungregning,452,118,20,0.03636363636363636
no.general,no.telepost,7081,417,263,0.03635107118175535
no.eunet.hjelp,no.radio_tv,244,583,29,0.03634085213032581
no.norsk.fagord,no.prat.narkotika,243,527,27,0.03633916554508748
no.alt.pompel-og-pilt,no.prat.narkotika,329,527,30,0.03631961259079903
no.kryptografi,no.marked.jobb,359,2181,89,0.03631170950632395
no.musikk.gitar,no.sport.diverse,1148,1507,93,0.03629976580796253
no.alt.mat,no.video,1286,942,78,0.03627906976744186
no.biz.nettilbydere,no.mac,686,2742,120,0.036275695284159616
no.folklore.edb,no.uninett.hjelp,219,124,12,0.03625377643504532
no.kjemi,no.student.samfund,746,255,35,0.036231884057971016
no.marked,no.religion,8430,1585,350,0.03621314019658562
no.amiga,no.kjemi,1544,746,80,0.03619909502262444
no.norsk.fagord,no.x,243,301,19,0.03619047619047619
no.bibsys,no.it.emacs,235,395,22,0.03618421052631579
no.org.dnd,no.tegnsett,66,249,11,0.03618421052631579
no.alt.pompelog,no.mail.drift,143,430,20,0.03616636528028933
no.medisin,no.typografi,1038,280,46,0.036163522012578615
no.speider,no.vr,493,166,23,0.036163522012578615
no.stortinget,no.vr,665,166,29,0.03615960099750624
no.perl,no.uninett.hjelp,564,124,24,0.03614457831325301
no.uninett.diverse,no.video,262,942,42,0.03614457831325301
no.unix,no.video,1439,942,83,0.036118363794604
no.alt.god.jul,no.unix,570,1439,70,0.036101083032490974
no.amiga,no.news.drift,1544,379,67,0.03609913793103448
no.irc,no.skole.diverse,1475,563,71,0.03609557702084393
no.perl,no.prat.narkotika,564,527,38,0.03608736942070275
no.ai,no.stortinget,254,665,32,0.036076662908680945
no.litteratur,no.tegnsett,1532,249,62,0.03606748109365911
no.prat.politikk,no.sport.fotball,1152,629,62,0.03606748109365911
no.marked,no.prat.seksualitet,8430,883,324,0.0360440538435866
no.audio,no.radio_tv,2493,583,107,0.03603907039407208
no.mac,no.perl,2742,564,115,0.03603885929175807
no.alt.irc-treff,no.nuug,296,164,16,0.036036036036036036
no.kjemi,no.spill,746,2992,130,0.03603104212860311
no.medisin,no.musikk.gitar,1038,1148,76,0.03601895734597156
no.alt.motorsykler,no.norsk,1690,1963,127,0.03601815087918321
no.alt.radio_tv.irma1000,no.nuug,210,164,13,0.036011080332409975
no.general,no.mail.drift,7081,430,261,0.036
no.mac,no.typografi,2742,280,105,0.03599588618443606
no.it.os.os2,no.kryptografi,332,359,24,0.035982008995502246
no.it.emacs,no.psykologi,395,584,34,0.03597883597883598
no.alt.fan.de-lillos,no.uninett.drift,176,112,10,0.03597122302158273
no.lisp,no.spill.rollespill,302,447,26,0.035961272475795295
no.news.drift,no.sykkel,379,1148,53,0.03595658073270014
no.alt.tegneserier,no.biz.nettilbydere,1043,686,60,0.035949670461354104
no.slekt.programmer,no.sources.wanted,589,218,28,0.03594351732991014
no.net,no.vr,1218,166,48,0.03592814371257485
no.marked.bil,no.news.diverse,1423,1893,115,0.0359262730396751
no.marked.bil,no.video,1423,942,82,0.03591765221200175
no.havforskning,no.radio_tv,398,583,34,0.03590285110876452
no.pressemeldinger,no.x,334,301,22,0.03588907014681892
no.biz.annonser.data,no.vit.diverse,1548,473,70,0.03587903639159405
no.general,no.musikk.gitar,7081,1148,285,0.035876132930513595
no.kryptografi,no.pressemeldinger,359,334,24,0.03587443946188341
no.amiga,no.marked.jobb,1544,2181,129,0.03587319243604004
no.alt.diskusjoner,no.embnet,2368,260,91,0.03586913677571935
no.mail.drift,no.org.nobug.diverse,430,90,18,0.035856573705179286
no.bolig,no.sport.diverse,978,1507,86,0.0358482701125469
no.eunet.hjelp,no.pressemeldinger,244,334,20,0.035842293906810034
no.marked.bil,no.radio-tv,1423,2075,121,0.035830618892508145
no.mail.drift,no.sport.diverse,430,1507,67,0.03582887700534759
no.litteratur,no.test,1532,6390,274,0.03582635983263598
no.musikk,no.news.drift,3669,379,140,0.03582395087001024
no.elektronikk,no.sport.diverse,2253,1507,130,0.03581267217630854
no.ai,no.prat.narkotika,254,527,27,0.03580901856763926
no.audio,no.prat.politikk,2493,1152,126,0.03580562659846547
no.ef,no.norsk.fagord,567,243,28,0.03580562659846547
no.biz.annonser,no.uninett.diverse,2197,262,85,0.03580454928390901
no.alt.god.jul,no.prat.ufo,570,327,31,0.03579676674364896
no.alt.motorsykler,no.ef,1690,567,78,0.03579623680587425
no.eunet.hjelp,no.folklore.edb,244,219,16,0.035794183445190156
no.musikk,no.prat.narkotika,3669,527,145,0.035793631202172306
no.alt.irc-treff,no.religion,296,1585,65,0.03579295154185022
no.alt.katter,no.alt.radio_tv.irma1000,774,210,34,0.035789473684210524
no.alt.irc-treff,no.kjemi,296,746,36,0.03578528827037773
no.eunet.diverse,no.radio_tv,141,583,25,0.0357653791130186
no.havforskning,no.reiser,398,1050,50,0.0357653791130186
no.marked.bolig,no.www,892,3452,150,0.0357653791130186
no.alt.katter,no.marked.jobb,774,2181,102,0.035751840168243953
no.alt.god.jul,no.alt.motorsykler,570,1690,78,0.035747021081576534
no.eunet.drift,no.mail.diverse,135,995,39,0.035747021081576534
no.reiser,no.vitser,1050,3558,159,0.03573836817262306
no.alt.tegneserier,no.uninett.skole,1043,522,54,0.0357379219060225
no.alt.sjokolade,no.norsk.fagord,656,243,31,0.03571428571428571
no.elektronikk,no.vit.diverse,2253,473,94,0.03571428571428571
no.folklore.edb,no.marked.diskusjon,219,187,14,0.03571428571428571
no.kjemi,no.uninett.hjelp,746,124,30,0.03571428571428571
no.stortinget,no.tungregning,665,118,27,0.03571428571428571
no.biz.nettilbydere,no.marked.data,686,7987,299,0.03570575591115357
no.kjemi,no.pc,746,7029,268,0.035700013320900496
no.kryptografi,no.religion,359,1585,67,0.03569525839104955
no.biz.diskusjoner,no.film,431,2587,104,0.03568977350720659
no.alt.sjokolade,no.skole.diverse,656,563,42,0.0356839422259983
no.alt.config,no.general,408,7081,258,0.03567971234960586
no.alt.god.jul,no.telepost,570,417,34,0.035676810073452254
no.it.emacs,no.skole.diverse,395,563,33,0.03567567567567568
no.alt.mat,no.marked.bolig,1286,892,75,0.03566333808844508
no.ef,no.sources.list,567,101,23,0.03565891472868217
no.alt.radio-tv.irma-1000,no.x,309,301,21,0.035653650254668934
no.folklore.overtro,no.pressemeldinger,131,334,16,0.035634743875278395
no.alt.config,no.speider,408,493,31,0.035632183908045977
no.embnet,no.radio_tv,260,583,29,0.03562653562653563
no.multimedia,no.sykkel,1383,1148,87,0.035597381342062195
no.litteratur,no.norsk.fagord,1532,243,61,0.03558926487747958
no.alt.diskusjoner,no.typografi,2368,280,91,0.035588580367618305
no.alt.amiga,no.alt.radio_tv.irma1000,343,210,19,0.035580524344569285
no.folklore.edb,no.pressemeldinger,219,334,19,0.035580524344569285
no.alt.irc-treff,no.stortinget,296,665,33,0.03556034482758621
no.lisp,no.marked.bolig,302,892,41,0.03555941023417172
no.havforskning,no.x,398,301,24,0.035555555555555556
no.sources.wanted,no.student.nett,218,452,23,0.03554868624420402
no.folklore.edb,no.sources.wanted,219,218,15,0.035545023696682464
no.eunet.hjelp,no.nuug,244,164,14,0.03553299492385787
no.pressemeldinger,no.tegnsett,334,249,20,0.035523978685612786
no.alt.flame,no.film,2515,2587,175,0.03551857113862391
no.alt.flame,no.alt.tegneserier,2515,1043,122,0.03550640279394645
no.alt.motorsykler,no.biz.annonser.data,1690,1548,111,0.0354972817396866
no.alt.god.jul,no.sources.list,570,101,23,0.035493827160493825
no.biz.nettilbydere,no.folklore.overtro,686,131,28,0.035487959442332066
no.radio-tv,no.uninett.skole,2075,522,89,0.035486443381180226
no.musikk,no.org.efn.diskusjon,3669,446,141,0.03548062405636638
no.tegnsett,no.tex,249,218,16,0.03547671840354767
no.vit.diverse,no.vitser,473,3558,138,0.0354482404315438
no.ms-windows,no.skole.diverse,3235,563,130,0.03544165757906216
no.alt.irc-treff,no.speider,296,493,27,0.03543307086614173
no.news.drift,no.prat.narkotika,379,527,31,0.03542857142857143
no.elektronikk,no.reiser,2253,1050,113,0.03542319749216301
no.alkohol,no.x,1192,301,51,0.03536754507628294
no.student.nett,no.typografi,452,280,25,0.03536067892503536
no.alt.radio-tv.irma-1000,no.sources.list,309,101,14,0.03535353535353535
no.alt.motorsykler,no.prat.politikk,1690,1152,97,0.03533697632058288
no.alt.frustrasjoner,no.skole.diverse,3041,563,123,0.03533467394426889
no.musikk.gitar,no.speider,1148,493,56,0.03533123028391167
no.radio-tv,no.skole.diverse,2075,563,90,0.03532182103610675
no.multimedia,no.speider,1383,493,64,0.03532008830022075
no.hobby.diverse,no.musikk.gitar,817,1148,67,0.03530031612223393
no.hobby.diverse,no.sykkel,817,1148,67,0.03530031612223393
no.alt.radio-tv.irma-1000,no.it.emacs,309,395,24,0.03529411764705882
no.hobby.diverse,no.prat.ufo,817,327,39,0.03529411764705882
no.alt.diskusjoner,no.norsk.fagord,2368,243,89,0.03528945281522601
no.it.diverse,no.sport.diverse,606,1507,72,0.035276825085742286
no.alt.motorsykler,no.tele,1690,2097,129,0.035265172225259704
no.alt.pompel-og-pilt,no.speider,329,493,28,0.03526448362720403
no.prat.aksjer,no.stortinget,480,665,39,0.0352622061482821
no.alt.config,no.film,408,2587,102,0.03525751814725199
no.litteratur,no.radio_tv,1532,583,72,0.03524229074889868
no.biz.diskusjoner,no.medisin,431,1038,50,0.035236081747709654
no.c,no.reiser,1036,1050,71,0.03523573200992556
no.alt.sjokolade,no.biz.annonser.data,656,1548,75,0.035227806481916396
no.alt.flame,no.alt.mat.drikke,2515,659,108,0.03522504892367906
no.biz.annonser,no.lisp,2197,302,85,0.035211267605633804
no.alt.gledesutbrudd,no.pressemeldinger,1754,334,71,0.03520079325731284
no.bolig,no.musikk,978,3669,158,0.035197148585431055
no.alt.pompel-og-pilt,no.linux,329,3024,114,0.03519604816301328
no.musikk.gitar,no.pc,1148,7029,278,0.035194328395999494
no.it.emacs,no.nuug,395,164,19,0.03518518518518519
no.alt.frustrasjoner,no.biz.diskusjoner,3041,431,118,0.035181872391174714
no.news.diverse,no.student.samfund,1893,255,73,0.03518072289156626
no.student.nett,no.vr,452,166,21,0.035175879396984924
no.bolig,no.pc,978,7029,272,0.035164835164835165
no.alkohol,no.typografi,1192,280,50,0.035161744022503515
no.alt.god.jul,no.vr,570,166,25,0.035161744022503515
no.alt.katter,no.linux,774,3024,129,0.03515944399018806
no.lisp,no.speider,302,493,27,0.03515625
no.alt.gledesutbrudd,no.folklore.overtro,1754,131,64,0.03514552443712246
no.folklore.edb,no.nuug,219,164,13,0.03513513513513514
no.psykologi,no.tele,584,2097,91,0.03513513513513514
no.alt.diskusjoner,no.student.samfund,2368,255,89,0.0351223362273086
no.biz.annonser.data,no.havforskning,1548,398,66,0.035106382978723406
no.it.diverse,no.spill,606,2992,122,0.035097813578826235
no.alt.irc-treff,no.bibsys,296,235,18,0.03508771929824561
no.eunet.drift,no.folklore.edb,135,219,12,0.03508771929824561
no.mail.diverse,no.slekt,995,1837,96,0.03508771929824561
no.biz.annonser.data,no.stortinget,1548,665,75,0.035079513564078575
no.kjemi,no.radio_tv,746,583,45,0.035046728971962614
no.alt.sjokolade,no.uninett.drift,656,112,26,0.03504043126684636
no.it.emacs,no.student.samfund,395,255,22,0.03503184713375796
no.alt.mat,no.typografi,1286,280,53,0.03502974223397224
no.litteratur,no.marked.bolig,1532,892,82,0.035012809564474806
no.biz.diskusjoner,no.tegnsett,431,249,23,0.0350076103500761
no.it.diverse,no.reiser,606,1050,56,0.035
no.biz.nettilbydere,no.litteratur,686,1532,75,0.03499766682221185
no.kjemi,no.uninett.drift,746,112,29,0.03498190591073583
no.tele,no.x,2097,301,81,0.03495899870522227
no.bolig,no.vit.diverse,978,473,49,0.03495007132667618
no.alt.pompel-og-pilt,no.prat.politikk,329,1152,50,0.03494060097833683
no.folklore.overtro,no.hobby.diverse,131,817,32,0.034934497816593885
no.it.emacs,no.pressemeldinger.diskusjon,395,79,16,0.034934497816593885
no.general,no.skole.diverse,7081,563,258,0.034930950446791224
no.biz.diskusjoner,no.www,431,3452,131,0.03491471215351812
no.marked.bil,no.vitser,1423,3558,168,0.034905464367338455
no.marked.bil,no.medisin,1423,1038,83,0.03490328006728343
no.org.dnd,no.uninett.drift,66,112,6,0.03488372093023256
no.prat.seksualitet,no.student.nett,883,452,45,0.03488372093023256
no.prat.ufo,no.tungregning,327,118,15,0.03488372093023256
no.radio_tv,no.sources.wanted,583,218,27,0.03488372093023256
no.sources.list,no.uninett.skole,101,522,21,0.03488372093023256
no.prat.aksjer,no.prat.politikk,480,1152,55,0.03487634749524413
no.folklore.overtro,no.litteratur,131,1532,56,0.03484754200373367
no.alt.pompel-og-pilt,no.bolig,329,978,44,0.03483768804433888
no.alt.fan.de-lillos,no.alt.sjokolade,176,656,28,0.03482587064676617
no.alt.irctreff,no.pressemeldinger,82,334,14,0.03482587064676617
no.amiga,no.kryptografi,1544,359,64,0.034801522566612286
no.alt.mat.drikke,no.audio,659,2493,106,0.03479973736047275
no.biz.diskusjoner,no.litteratur,431,1532,66,0.03479177648919346
no.bolig,no.mac,978,2742,125,0.03477051460361613
no.c,no.student.nett,1036,452,50,0.03477051460361613
no.pressemeldinger.diskusjon,no.stortinget,79,665,25,0.03477051460361613
no.alkohol,no.perl,1192,564,59,0.0347672362993518
no.alt.sjokolade,no.marked.bolig,656,892,52,0.034759358288770054
no.bibsys,no.mac,235,2742,100,0.03475842891901286
no.ef,no.tungregning,567,118,23,0.03474320241691843
no.spill,no.sykkel,2992,1148,139,0.034741314671332166
no.general,no.it.emacs,7081,395,251,0.03474048442906574
no.bolig,no.religion,978,1585,86,0.03471941865159467
no.marked.bil,no.marked.diskusjon,1423,187,54,0.03470437017994859
no.multimedia,no.slekt,1383,1837,108,0.03470437017994859
no.linux,no.psykologi,3024,584,121,0.03470031545741325
no.alt.fan.de-lillos,no.alt.mat.drikke,176,659,28,0.03469640644361834
no.kryptografi,no.telepost,359,417,26,0.034666666666666665
no.biz.diskusjoner,no.vr,431,166,20,0.03466204506065858
no.eunet.diverse,no.uninett.katalog,141,68,7,0.034653465346534656
no.alt.motorsykler,no.irc,1690,1475,106,0.03465184700882641
no.tele,no.uninett.diverse,2097,262,79,0.03464912280701754
no.alt.katter,no.x,774,301,36,0.03464870067372473
no.marked.bolig,no.student.nett,892,452,45,0.03464203233256351
no.musikk.gitar,no.prat.politikk,1148,1152,77,0.0346378767431399
no.marked.bolig,no.reiser,892,1050,65,0.03462972828982419
no.alt.diskusjoner,no.alt.pompelog,2368,143,84,0.034610630407911
no.alt.flame,no.org.efn.diskusjon,2515,446,99,0.03459119496855346
no.biz.diskusjoner,no.norsk,431,1963,80,0.03457216940363008
no.film,no.marked.bil,2587,1423,134,0.03457172342621259
no.alt.mat.drikke,no.spill,659,2992,122,0.03457069991499008
no.tungregning,no.x,118,301,14,0.0345679012345679
no.alt.mat,no.x,1286,301,53,0.03455019556714472
no.marked.data,no.musikk.gitar,7987,1148,305,0.03454133635334088
no.bolig,no.typografi,978,280,42,0.03453947368421053
no.film,no.news.drift,2587,379,99,0.03453086850366237
no.medisin,no.video,1038,942,66,0.034482758620689655
no.tex,no.uninett.drift,218,112,11,0.034482758620689655
no.marked.bolig,no.musikk,892,3669,152,0.03447493762757995
no.amiga,no.vitser,1544,3558,170,0.03446877534468775
no.prat.ufo,no.radio-tv,327,2075,80,0.034453057708871665
no.student.nett,no.www,452,3452,130,0.034446210916799155
no.bibsys,no.it.diverse,235,606,28,0.03444034440344403
no.ai,no.bolig,254,978,41,0.03442485306465155
no.c,no.vr,1036,166,40,0.03442340791738382
no.alt.tegneserier,no.marked.bil,1043,1423,82,0.034395973154362415
no.it.emacs,no.telepost,395,417,27,0.034394904458598725
no.alt.arkiv,no.media,199,734,31,0.03436807095343681
no.alt.sjokolade,no.marked.diskusjon,656,187,28,0.0343558282208589
no.reiser,no.sykkel,1050,1148,73,0.034352941176470586
no.alt.katter,no.spill,774,2992,125,0.034331227684702
no.alt.pompel-og-pilt,no.pressemeldinger,329,334,22,0.0343213728549142
no.bibsys,no.prat.politikk,235,1152,46,0.0343027591349739
no.alt.arkiv,no.jus,199,1852,68,0.03429147755925366
no.alt.radio-tv.irma-1000,no.news.diverse,309,1893,73,0.03428839830906529
no.pc,no.sykkel,7029,1148,271,0.03427776372375411
no.alt.mat.drikke,no.amiga,659,1544,73,0.03427230046948357
no.org.efn.diskusjon,no.tex,446,218,22,0.03426791277258567
no.alt.diskusjoner,no.marked.bolig,2368,892,108,0.03426395939086294
no.bolig,no.marked.data,978,7987,297,0.03426395939086294
no.alt.frustrasjoner,no.uninett.skole,3041,522,118,0.03425253991291727
no.marked.jobb,no.org.efn.diskusjon,2181,446,87,0.03425196850393701
no.alt.flame,no.pc,2515,7029,316,0.03424360641525791
no.alt.motorsykler,no.spill,1690,2992,155,0.03423901038215153
no.audio,no.religion,2493,1585,135,0.03423788993152422
no.mac,no.prat.seksualitet,2742,883,120,0.034236804564907276
no.prat.seksualitet,no.spill.rollespill,883,447,44,0.03421461897356143
no.alt.sjokolade,no.speider,656,493,38,0.034203420342034205
no.musikk.klassisk,no.prat.narkotika,229,527,25,0.03419972640218878
no.bolig,no.uninett.diverse,978,262,41,0.03419516263552961
no.alt.amiga,no.eunet.diverse,343,141,16,0.03418803418803419
no.alt.mat.drikke,no.tegnsett,659,249,30,0.03416856492027335
no.alt.irc-treff,no.tegnsett,296,249,18,0.03415559772296015
no.alt.god.jul,no.marked.diskusjon,570,187,25,0.03415300546448088
no.mail.drift,no.prat.ufo,430,327,25,0.03415300546448088
no.alt.mat.drikke,no.radio_tv,659,583,41,0.03413821815154038
no.kryptografi,no.prat.seksualitet,359,883,41,0.03413821815154038
no.linux,no.tex,3024,218,107,0.03413078149920255
no.multimedia,no.prat.narkotika,1383,527,63,0.03410936654033568
no.alt.irc-treff,no.medisin,296,1038,44,0.034108527131782945
no.bolig,no.linux,978,3024,132,0.034108527131782945
no.marked,no.prat.politikk,8430,1152,316,0.03410317289013598
no.religion,no.spill.rollespill,1585,447,67,0.03409669211195929
no.kjemi,no.marked.bolig,746,892,54,0.03409090909090909
no.kryptografi,no.marked.diskusjon,359,187,18,0.03409090909090909
no.marked.jobb,no.prat.seksualitet,2181,883,101,0.03408707391157611
no.alt.god.jul,no.folklore.edb,570,219,26,0.03407601572739188
no.irc,no.marked.bolig,1475,892,78,0.03407601572739188
no.prat.politikk,no.video,1152,942,69,0.034074074074074076
no.alt.frustrasjoner,no.kryptografi,3041,359,112,0.0340632603406326
no.medisin,no.sykkel,1038,1148,72,0.03405865657521287
no.alt.motorsykler,no.radio-tv,1690,2075,124,0.03405657786322439
no.lisp,no.tele,302,2097,79,0.03405172413793103
no.alt.config,no.reiser,408,1050,48,0.03404255319148936
no.alt.god.jul,no.standard,570,129,23,0.034023668639053255
no.news.drift,no.reiser,379,1050,47,0.03400868306801737
no.perl,no.vr,564,166,24,0.0339943342776204
no.marked.diskusjon,no.stortinget,187,665,28,0.03398058252427184
no.alt.gledesutbrudd,no.student.samfund,1754,255,66,0.033968090581574885
no.alt.radio-tv.irma-1000,no.student.nett,309,452,25,0.033967391304347824
no.embnet,no.norsk,260,1963,73,0.03395348837209302
no.alt.config,no.marked.jobb,408,2181,85,0.03394568690095846
no.reiser,no.vit.diverse,1050,473,50,0.03394433129667346
no.norsk.fagord,no.religion,243,1585,60,0.033936651583710405
no.ms-windows,no.stortinget,3235,665,128,0.033934252386002124
no.spill,no.stortinget,2992,665,120,0.033927056827820185
no.bibsys,no.prat.narkotika,235,527,25,0.033921302578018994
no.marked,no.reiser,8430,1050,311,0.03391863889191842
no.alkohol,no.video,1192,942,70,0.03391472868217054
no.ef,no.pc,567,7029,249,0.03389138423846468
no.prat.aksjer,no.prat.narkotika,480,527,33,0.033880903490759756
no.elektronikk,no.marked.bolig,2253,892,103,0.03385930309007232
no.alt.god.jul,no.student.samfund,570,255,27,0.03383458646616541
no.alt.tegneserier,no.ms-windows,1043,3235,140,0.033832769453842435
no.org.efn.diskusjon,no.skole.diverse,446,563,33,0.03381147540983607
no.eunet.diverse,no.kjemi,141,746,29,0.0337995337995338
no.typografi,no.www,280,3452,122,0.033795013850415515
no.folklore.edb,no.linux,219,3024,106,0.03379024545744342
no.alt.irc-treff,no.student.samfund,296,255,18,0.03377110694183865
no.alt.config,no.prat.ufo,408,327,24,0.03375527426160337
no.eunet.hjelp,no.mail.drift,244,430,22,0.03374233128834356
no.alt.mat.drikke,no.mac,659,2742,111,0.033738601823708206
no.alt.katter,no.student.nett,774,452,40,0.03372681281618887
no.linux,no.nuug,3024,164,104,0.03372243839169909
no.org.efn.diskusjon,no.sykkel,446,1148,52,0.03372243839169909
no.alt.frustrasjoner,no.x,3041,301,109,0.03371481596040829
no.alt.mat.drikke,no.ms-windows,659,3235,127,0.033713830634457126
no.folklore.overtro,no.spill.sjakk,131,145,9,0.033707865168539325
no.amiga,no.bibsys,1544,235,58,0.0337013364323068
no.slekt,no.sport.diverse,1837,1507,109,0.033693972179289024
no.marked.bolig,no.media,892,734,53,0.033693579148124604
no.alt.radio-tv.irma-1000,no.org.nobug.diverse,309,90,13,0.03367875647668394
no.bibsys,no.skole.diverse,235,563,26,0.03367875647668394
no.general,no.news.drift,7081,379,243,0.033670500207842596
no.film,no.it.diverse,2587,606,104,0.033667853674328264
no.alt.god.jul,no.spill,570,2992,116,0.03366221706326175
no.folklore.generelt,no.vr,49,166,7,0.03365384615384615
no.alt.mat.drikke,no.spill.rollespill,659,447,36,0.03364485981308411
no.alt.gledesutbrudd,no.norsk.fagord,1754,243,65,0.03364389233954451
no.radio-tv,no.sport.fotball,2075,629,88,0.03363914373088685
no.c,no.student.samfund,1036,255,42,0.03362690152121697
no.alt.god.jul,no.biz.annonser,570,2197,90,0.03361972357116175
no.it.emacs,no.reiser,395,1050,47,0.033619456366237484
no.alt.frustrasjoner,no.tegnsett,3041,249,107,0.03361608545397424
no.alt.pompel-og-pilt,no.musikk,329,3669,130,0.03360910031023785
no.biz.diskusjoner,no.marked.bolig,431,892,43,0.03359375
no.multimedia,no.sources.wanted,1383,218,52,0.03357004519044545
no.irc,no.typografi,1475,280,57,0.03356890459363958
no.mac,no.sport.diverse,2742,1507,138,0.03356847482364388
no.ai,no.litteratur,254,1532,58,0.03356481481481482
no.folklore.overtro,no.norsk,131,1963,68,0.03356367226061204
no.eunet.hjelp,no.sources.wanted,244,218,15,0.03355704697986577
no.radio_tv,no.tele,583,2097,87,0.03355187042036251
no.litteratur,no.student.samfund,1532,255,58,0.0335454019664546
no.havforskning,no.typografi,398,280,22,0.03353658536585366
no.alt.mat,no.test,1286,6390,249,0.033526322875993
no.musikk.klassisk,no.stortinget,229,665,29,0.03352601156069364
no.alt.radio-tv.irma-1000,no.musikk,309,3669,129,0.03351519875292284
no.alt.god.jul,no.video,570,942,49,0.03349282296650718
no.mail.drift,no.tex,430,218,21,0.03349282296650718
no.ef,no.uninett.drift,567,112,22,0.0334855403348554
no.alt.amiga,no.radio_tv,343,583,30,0.033482142857142856
no.mac,no.sykkel,2742,1148,126,0.0334750265674814
no.eunet.drift,no.uninett.drift,135,112,8,0.03347280334728033
no.kryptografi,no.vr,359,166,17,0.03346456692913386
no.alt.tegneserier,no.folklore.overtro,1043,131,38,0.03345070422535211
no.litteratur,no.spill.rollespill,1532,447,64,0.03342036553524804
no.sykkel,no.uninett.skole,1148,522,54,0.03341584158415842
no.alt.tegneserier,no.nuug,1043,164,39,0.03339041095890411
no.alt.irc-treff,no.www,296,3452,121,0.03336090432864627
no.alt.motorsykler,no.c,1690,1036,88,0.03335860500379075
no.alt.arkiv,no.folklore.generelt,199,49,8,0.03333333333333333
no.biz.nettilbydere,no.reiser,686,1050,56,0.03333333333333333
no.prat.ufo,no.uninett.diverse,327,262,19,0.03333333333333333
no.pressemeldinger,no.student.samfund,334,255,19,0.03333333333333333
no.pressemeldinger.diskusjon,no.uninett.diverse,79,262,11,0.03333333333333333
no.biz.diskusjoner,no.religion,431,1585,65,0.03331624807790876
no.alt.pompel-og-pilt,no.unix,329,1439,57,0.03331385154880187
no.student.nett,no.telepost,452,417,28,0.03329369797859691
no.prat.narkotika,no.typografi,527,280,26,0.03329065300896287
no.audio,no.marked.bolig,2493,892,109,0.03327228327228327
no.alt.radio-tv.irma-1000,no.folklore.edb,309,219,17,0.033268101761252444
no.alt.pompelog,no.stortinget,143,665,26,0.03324808184143223
no.alt.radio_tv.irma1000,no.ef,210,567,25,0.03324468085106383
no.stortinget,no.uninett.drift,665,112,25,0.03324468085106383
no.ms-windows,no.musikk.gitar,3235,1148,141,0.03323903818953324
no.alkohol,no.alt.fan.de-lillos,1192,176,44,0.03323262839879154
no.tex,no.uninett.hjelp,218,124,11,0.03323262839879154
no.alt.tegneserier,no.bolig,1043,978,65,0.033231083844580775
no.amiga,no.embnet,1544,260,58,0.033218785796105384
no.litteratur,no.marked.bil,1532,1423,95,0.033216783216783216
no.audio,no.biz.diskusjoner,2493,431,94,0.033215547703180213
no.reiser,no.unix,1050,1439,80,0.033208800332088007
no.ai,no.news.diverse,254,1893,69,0.03320500481231954
no.ai,no.eunet.hjelp,254,244,16,0.03319502074688797
no.sources.wanted,no.typografi,218,280,16,0.03319502074688797
no.havforskning,no.unix,398,1439,59,0.033183352080989874
no.amiga,no.bolig,1544,978,81,0.03318312167144613
no.alt.motorsykler,no.reiser,1690,1050,88,0.033182503770739065
no.alt.fan.de-lillos,no.embnet,176,260,14,0.03317535545023697
no.alt.tegneserier,no.student.nett,1043,452,48,0.0331720801658604
no.litteratur,no.speider,1532,493,65,0.03316326530612245
no.alt.mat.drikke,no.musikk.gitar,659,1148,58,0.03316180674671241
no.biz.annonser,no.student.nett,2197,452,85,0.03315132605304212
no.alt.irc-treff,no.student.nett,296,452,24,0.03314917127071823
no.tele,no.uninett.skole,2097,522,84,0.033136094674556214
no.mail.drift,no.video,430,942,44,0.03313253012048193
no.c,no.norsk.fagord,1036,243,41,0.033117932148626815
no.alkohol,no.speider,1192,493,54,0.03310852237890864
no.alt.sjokolade,no.sources.wanted,656,218,28,0.03309692671394799
no.general,no.video,7081,942,257,0.033092969353592586
no.marked.jobb,no.news.drift,2181,379,82,0.033091202582728005
no.mac,no.video,2742,942,118,0.03309029725182277
no.alt.mat,no.marked.data,1286,7987,297,0.03308823529411765
no.biz.annonser,no.test,2197,6390,275,0.0330846968238691
no.hobby.diverse,no.marked.jobb,817,2181,96,0.03308063404548587
no.havforskning,no.sport.diverse,398,1507,61,0.03308026030368764
no.audio,no.prat.seksualitet,2493,883,108,0.033047735618115054
no.alt.arkiv,no.it.emacs,199,395,19,0.03304347826086956
no.spill,no.spill.rollespill,2992,447,110,0.033042955842595374
no.news.diverse,no.prat.ufo,1893,327,71,0.03303862261516985
no.alt.god.jul,no.tungregning,570,118,22,0.03303303303303303
no.alt.radio-tv.irma-1000,no.video,309,942,40,0.03303055326176713
no.marked.jobb,no.test,2181,6390,274,0.033023984572737135
no.bolig,no.vitser,978,3558,145,0.033022090639945344
no.amiga,no.lisp,1544,302,59,0.03301622831561276
no.embnet,no.org.isoc-no,260,53,10,0.033003300330033
no.biz,no.bolig,55,978,33,0.033
no.kjemi,no.uninett.katalog,746,68,26,0.03299492385786802
no.alt.config,no.marked.diskusjon,408,187,19,0.03298611111111111
no.alt.mat.drikke,no.skole.diverse,659,563,39,0.03296703296703297
no.bibsys,no.eunet.diverse,235,141,12,0.03296703296703297
no.folklore.generelt,no.prat.ufo,49,327,12,0.03296703296703297
no.film,no.marked.bolig,2587,892,111,0.032957244655581946
no.alt.arkiv,no.uninett.skole,199,522,23,0.0329512893982808
no.alt.mat,no.folklore.edb,1286,219,48,0.032944406314344546
no.sources.wanted,no.sport.diverse,218,1507,55,0.03293413173652695
no.hobby.diverse,no.marked.diskusjon,817,187,32,0.03292181069958848
no.alt.amiga,no.ef,343,567,29,0.032917139614074914
no.eunet.drift,no.mail.drift,135,430,18,0.03290676416819013
no.irc,no.video,1475,942,77,0.03290598290598291
no.tegnsett,no.vit.diverse,249,473,23,0.032904148783977114
no.speider,no.spill,493,2992,111,0.03289863663307647
no.c,no.video,1036,942,63,0.03289817232375979
no.ef,no.tex,567,218,25,0.03289473684210526
no.radio-tv,no.typografi,2075,280,75,0.03289473684210526
no.alt.irc-treff,no.psykologi,296,584,28,0.03286384976525822
no.kjemi,no.marked.bil,746,1423,69,0.032857142857142856
no.musikk,no.musikk.klassisk,3669,229,124,0.03285638579756227
no.lisp,no.prat.ufo,302,327,20,0.03284072249589491
no.alkohol,no.student.samfund,1192,255,46,0.03283369022127052
no.alt.irc-treff,no.uninett.skole,296,522,26,0.03282828282828283
no.musikk.klassisk,no.norsk.fagord,229,243,15,0.03282275711159737
no.linux,no.tegnsett,3024,249,104,0.032817923635216156
no.alkohol,no.biz.annonser.data,1192,1548,87,0.03279306445533359
no.alt.frustrasjoner,no.alt.pompel-og-pilt,3041,329,107,0.03279190928593319
no.alt.arkiv,no.org.isoc-no,199,53,8,0.03278688524590164
no.bolig,no.folklore.edb,978,219,38,0.03278688524590164
no.alt.mat.drikke,no.pc,659,7029,244,0.03277807630306287
no.amiga,no.prat.seksualitet,1544,883,77,0.03276595744680851
no.alt.tegneserier,no.sources.wanted,1043,218,40,0.03276003276003276
no.alkohol,no.it.diverse,1192,606,57,0.032739804709936815
no.alt.irc-treff,no.unix,296,1439,55,0.03273809523809524
no.alt.frustrasjoner,no.havforskning,3041,398,109,0.032732732732732736
no.general,no.havforskning,7081,398,237,0.03272576636288318
no.pc,no.reiser,7029,1050,256,0.03272401891857344
no.kjemi,no.prat.ufo,746,327,34,0.032723772858517804
no.amiga,no.marked.bil,1544,1423,94,0.032718412808910545
no.linux,no.telepost,3024,417,109,0.032713085234093636
no.folklore.overtro,no.org.nobug.diverse,131,90,7,0.03271028037383177
no.alt.motorsykler,no.litteratur,1690,1532,102,0.032692307692307694
no.alt.config,no.musikk,408,3669,129,0.03267477203647416
no.alt.motorsykler,no.unix,1690,1439,99,0.032673267326732675
no.alt.arkiv,no.biz.nettilbydere,199,686,28,0.03267211201866978
no.religion,no.typografi,1585,280,59,0.032668881506090805
no.psykologi,no.vitser,584,3558,131,0.032660184492645225
no.eunet.diverse,no.uninett.drift,141,112,8,0.0326530612244898
no.eunet.drift,no.tungregning,135,118,8,0.0326530612244898
no.alt.diskusjoner,no.folklore.overtro,2368,131,79,0.03264462809917355
no.alt.motorsykler,no.kjemi,1690,746,77,0.032640949554896145
no.alt.motorsykler,no.linux,1690,3024,149,0.03263964950711939
no.hobby.diverse,no.marked.bolig,817,892,54,0.03262839879154079
no.alkohol,no.marked.data,1192,7987,290,0.03262459219259759
no.uninett.drift,no.unix,112,1439,49,0.03262316910785619
no.alt.motorsykler,no.sport.diverse,1690,1507,101,0.032622739018087855
no.alt.tegneserier,no.student.samfund,1043,255,41,0.03261734287987271
no.embnet,no.medisin,260,1038,41,0.03261734287987271
no.net,no.uninett.drift,1218,112,42,0.03260869565217391
no.alt.katter,no.mac,774,2742,111,0.03259911894273128
no.alt.flame,no.multimedia,2515,1383,123,0.03258278145695364
no.ai,no.religion,254,1585,58,0.03256597417181359
no.biz.nettilbydere,no.spill,686,2992,116,0.03256597417181359
no.alt.motorsykler,no.musikk,1690,3669,169,0.0325626204238921
no.elektronikk,no.news.drift,2253,379,83,0.032561788936837976
no.nuug,no.typografi,164,280,14,0.03255813953488372
no.marked.jobb,no.student.nett,2181,452,83,0.032549019607843135
no.alt.amiga,no.embnet,343,260,19,0.032534246575342464
no.alt.radio-tv.irma-1000,no.linux,309,3024,105,0.032527881040892194
no.hobby.diverse,no.linux,817,3024,121,0.032526881720430105
no.alt.arkiv,no.hobby.diverse,199,817,32,0.032520325203252036
no.litteratur,no.perl,1532,564,66,0.03251231527093596
no.ms-windows,no.sykkel,3235,1148,138,0.03250883392226148
no.alt.mat,no.pressemeldinger,1286,334,51,0.032504780114722756
no.alt.motorsykler,no.ms-windows,1690,3235,155,0.03249475890985325
no.alt.katter,no.video,774,942,54,0.032490974729241874
no.news.drift,no.org.dnd,379,66,14,0.03248259860788863
no.biz.nettilbydere,no.uninett.skole,686,522,38,0.03247863247863248
no.mac,no.marked.bil,2742,1423,131,0.03247397124442241
no.folklore.overtro,no.marked.diskusjon,131,187,10,0.032467532467532464
no.mail.diverse,no.tungregning,995,118,35,0.032467532467532464
no.media,no.test,734,6390,224,0.03246376811594203
no.ai,no.student.samfund,254,255,16,0.032454361054766734
no.biz.annonser.data,no.sport.diverse,1548,1507,96,0.03244339303818858
no.bibsys,no.medisin,235,1038,40,0.032441200324412
no.film,no.perl,2587,564,99,0.032437745740498035
no.biz.nettilbydere,no.x,686,301,31,0.032426778242677826
no.alt.frustrasjoner,no.pressemeldinger,3041,334,106,0.03242581829305598
no.ef,no.musikk.klassisk,567,229,25,0.0324254215304799
no.amiga,no.biz.nettilbydere,1544,686,70,0.032407407407407406
no.prat.politikk,no.tex,1152,218,43,0.03240391861341371
no.marked.jobb,no.video,2181,942,98,0.03239669421487603
no.stortinget,no.uninett.katalog,665,68,23,0.0323943661971831
no.video,no.x,942,301,39,0.03239202657807309
no.alt.motorsykler,no.mac,1690,2742,139,0.03237829023992546
no.prat.narkotika,no.pressemeldinger,527,334,27,0.03237410071942446
no.alt.sjokolade,no.ms-windows,656,3235,122,0.03236932873441231
no.prat.narkotika,no.pressemeldinger.diskusjon,527,79,19,0.03236797274275979
no.havforskning,no.prat.narkotika,398,527,29,0.03236607142857143
no.c,no.prat.narkotika,1036,527,49,0.03236459709379128
no.audio,no.stortinget,2493,665,99,0.03236351748937561
no.linux,no.uninett.diverse,3024,262,103,0.032359409362236885
no.radio_tv,no.spill,583,2992,112,0.03234190008663009
no.biz.nettilbydere,no.video,686,942,51,0.032339885859226376
no.ef,no.prat.ufo,567,327,28,0.03233256351039261
no.embnet,no.marked.diskusjon,260,187,14,0.03233256351039261
no.prat.seksualitet,no.uninett.skole,883,522,44,0.03232916972814107
no.mail.drift,no.marked.bil,430,1423,58,0.03231197771587744
no.litteratur,no.telepost,1532,417,61,0.0323093220338983
no.folklore.edb,no.student.nett,219,452,21,0.03230769230769231
no.folklore.generelt,no.pressemeldinger.diskusjon,49,79,4,0.03225806451612903
no.marked.diskusjon,no.news.diverse,187,1893,65,0.03225806451612903
no.tex,no.vr,218,166,12,0.03225806451612903
no.radio-tv,no.uninett.diverse,2075,262,73,0.03224381625441696
no.alt.arkiv,no.alt.motorsykler,199,1690,59,0.03224043715846994
no.alt.radio-tv.irma-1000,no.biz.annonser.data,309,1548,58,0.032240133407448586
no.alt.flame,no.spill,2515,2992,172,0.03223992502343018
no.lisp,no.skole.diverse,302,563,27,0.032219570405727926
no.sykkel,no.uninett.diverse,1148,262,44,0.032210834553440704
no.kryptografi,no.sources.wanted,359,218,18,0.03220035778175313
no.alt.frustrasjoner,no.uninett.diverse,3041,262,103,0.0321875
no.psykologi,no.sykkel,584,1148,54,0.03218116805721097
no.marked.bolig,no.norsk,892,1963,89,0.032176428054953
no.news.drift,no.prat.ufo,379,327,22,0.03216374269005848
no.linux,no.sykkel,3024,1148,130,0.032162295893122216
no.radio-tv,no.speider,2075,493,80,0.03215434083601286
no.ef,no.video,567,942,47,0.032147742818057455
no.musikk,no.vit.diverse,3669,473,129,0.03214552703712933
no.musikk.gitar,no.uninett.skole,1148,522,52,0.032138442521631644
no.folklore.edb,no.psykologi,219,584,25,0.032133676092544985
no.org.efn.diskusjon,no.spill,446,2992,107,0.03212248574001801
no.alt.pompel-og-pilt,no.marked.bolig,329,892,38,0.032121724429416736
no.alt.god.jul,no.tele,570,2097,83,0.03212074303405573
no.kjemi,no.tex,746,218,30,0.032119914346895075
no.net,no.slekt,1218,1837,95,0.03209459459459459
no.alt.config,no.biz.annonser,408,2197,81,0.032091917591125195
no.it.diverse,no.psykologi,606,584,37,0.032090199479618386
no.biz.annonser,no.musikk.gitar,2197,1148,104,0.032088861462511574
no.alt.arkiv,no.prat.politikk,199,1152,42,0.03208556149732621
no.biz.annonser,no.vit.diverse,2197,473,83,0.03208349439505218
no.norsk.fagord,no.prat.seksualitet,243,883,35,0.032080659945004586
no.marked.jobb,no.uninett.skole,2181,522,84,0.032073310423825885
no.perl,no.uninett.drift,564,112,21,0.03206106870229008
no.ai,no.alt.flame,254,2515,86,0.032053671263511
no.alt.motorsykler,no.alt.radio_tv.irma1000,1690,210,59,0.03204780010863661
no.alt.mat,no.biz.annonser.data,1286,1548,88,0.032046613255644577
no.alt.mat,no.folklore.overtro,1286,131,44,0.032046613255644577
no.org.efn.diskusjon,no.prat.ufo,446,327,24,0.03204272363150868
no.org.nobug.diverse,no.uninett.skole,90,522,19,0.03204047217537943
no.alt.irc-treff,no.it.diverse,296,606,28,0.032036613272311214
no.mail.diverse,no.mswindow,995,358,42,0.032036613272311214
no.elektronikk,no.radio_tv,2253,583,88,0.03202328966521106
no.mac,no.telepost,2742,417,98,0.03201568114995099
no.folklore.overtro,no.telepost,131,417,17,0.032015065913371
no.elektronikk,no.kryptografi,2253,359,81,0.03200316080600553
no.alt.motorsykler,no.marked.jobb,1690,2181,120,0.03199146894161557
no.alt.god.jul,no.x,570,301,27,0.031990521327014215
no.biz.diskusjoner,no.org.isoc-no,431,53,15,0.031982942430703626
no.musikk.klassisk,no.student.samfund,229,255,15,0.031982942430703626
no.alt.irc-treff,no.norsk,296,1963,70,0.03197807217907721
no.alt.frustrasjoner,no.folklore.edb,3041,219,101,0.0319721430832542
no.alt.flame,no.kjemi,2515,746,101,0.03196202531645569
no.prat.politikk,no.x,1152,301,45,0.03196022727272727
no.litteratur,no.sykkel,1532,1148,83,0.03195995379283789
no.perl,no.sykkel,564,1148,53,0.031946955997588906
no.bolig,no.news.drift,978,379,42,0.03193916349809886
no.alt.mat.drikke,no.marked.bolig,659,892,48,0.031936127744510975
no.eunet.diverse,no.irc,141,1475,50,0.031928480204342274
no.it.emacs,no.marked.diskusjon,395,187,18,0.031914893617021274
no.mail.drift,no.marked,430,8430,274,0.031912415560214305
no.musikk.gitar,no.unix,1148,1439,80,0.03191065017949741
no.alt.tegneserier,no.folklore.edb,1043,219,39,0.03188879803761243
no.amiga,no.prat.narkotika,1544,527,64,0.03188839063278525
no.embnet,no.student.nett,260,452,22,0.03188405797101449
no.eunet.diverse,no.tungregning,141,118,8,0.03187250996015936
no.folklore.overtro,no.student.nett,131,452,18,0.03185840707964602
no.pc,no.radio_tv,7029,583,235,0.03185576792734174
no.org.decus,no.sport.orientering,18,144,5,0.03184713375796178
no.hobby.diverse,no.vitser,817,3558,135,0.031839622641509434
no.litteratur,no.sources.wanted,1532,218,54,0.031839622641509434
no.alt.arkiv,no.telepost,199,417,19,0.031825795644891124
no.biz.annonser.data,no.prat.narkotika,1548,527,64,0.03182496270512183
no.it.emacs,no.uninett.hjelp,395,124,16,0.03180914512922465
no.alt.sjokolade,no.spill.rollespill,656,447,34,0.031805425631431246
no.alt.tegneserier,no.telepost,1043,417,45,0.03180212014134275
no.mac,no.marked.bolig,2742,892,112,0.03180011357183418
no.marked.data,no.religion,7987,1585,295,0.03179907297617764
no.biz.diskusjoner,no.sources.wanted,431,218,20,0.03179650238473768
no.ms-windows,no.perl,3235,564,117,0.031776208582292235
no.biz.annonser.data,no.reiser,1548,1050,80,0.03177124702144559
no.news.drift,no.skole.diverse,379,563,29,0.03176341730558598
no.alt.frustrasjoner,no.alt.pompelog,3041,143,98,0.031756318859364877
no.it.diverse,no.mac,606,2742,103,0.03174114021571649
no.alt.god.jul,no.norsk.fagord,570,243,25,0.031725888324873094
no.speider,no.student.samfund,493,255,23,0.031724137931034485
no.sources.list,no.student.nett,101,452,17,0.03171641791044776
no.havforskning,no.org.nobug.diverse,398,90,15,0.03171247357293869
no.marked.bil,no.sport.diverse,1423,1507,90,0.03169014084507042
no.uninett.diverse,no.www,262,3452,114,0.03166666666666667
no.alt.frustrasjoner,no.marked.bil,3041,1423,137,0.031661659348278255
no.alt.god.jul,no.biz.annonser.data,570,1548,65,0.031660983925962005
no.alt.diskusjoner,no.slekt,2368,1837,129,0.031648675171736994
no.c,no.sykkel,1036,1148,67,0.03164855928200284
no.alt.mat.drikke,no.telepost,659,417,33,0.031639501438159155
no.bolig,no.uninett.skole,978,522,46,0.03163686382393398
no.c,no.pressemeldinger,1036,334,42,0.03162650602409638
no.prat.narkotika,no.student.nett,527,452,30,0.03161222339304531
no.www,no.x,3452,301,115,0.03161077515118197
no.biz.diskusjoner,no.uninett.hjelp,431,124,17,0.031598513011152414
no.student.nett,no.sykkel,452,1148,49,0.03159252095422308
no.radio_tv,no.sykkel,583,1148,53,0.03158522050059595
no.marked.jobb,no.pressemeldinger,2181,334,77,0.03158326497128794
no.marked.data,no.media,7987,734,267,0.03158268275372605
no.alt.arkiv,no.news.diverse,199,1893,64,0.03155818540433925
no.bibsys,no.video,235,942,36,0.03155127081507449
no.musikk.klassisk,no.prat.seksualitet,229,883,34,0.03153988868274583
no.bibsys,no.student.nett,235,452,21,0.03153153153153153
no.alt.radio-tv.irma-1000,no.typografi,309,280,18,0.03152364273204904
no.sport.diverse,no.uninett.skole,1507,522,62,0.0315200813421454
no.litteratur,no.x,1532,301,56,0.031513787281935844
no.musikk.klassisk,no.uninett.diverse,229,262,15,0.031512605042016806
no.alt.pompel-og-pilt,no.hobby.diverse,329,817,35,0.0315031503150315
no.alt.gledesutbrudd,no.marked.bil,1754,1423,97,0.03149350649350649
no.alt.fan.de-lillos,no.alt.katter,176,774,29,0.031487513572204126
no.kryptografi,no.reiser,359,1050,43,0.0314787701317716
no.biz.annonser,no.kryptografi,2197,359,78,0.031476997578692496
no.general,no.uninett.skole,7081,522,232,0.03147469814136481
no.alt.sjokolade,no.musikk.klassisk,656,229,27,0.03146853146853147
no.folklore.overtro,no.nuug,131,164,9,0.03146853146853147
no.ef,no.marked.diskusjon,567,187,23,0.03146374829001368
no.audio,no.sport.diverse,2493,1507,122,0.03145951521402785
no.musikk.gitar,no.uninett.diverse,1148,262,43,0.03145574250182882
no.alt.mat,no.student.nett,1286,452,53,0.0314540059347181
no.multimedia,no.test,1383,6390,237,0.03144904458598726
no.psykologi,no.spill,584,2992,109,0.031439284684164986
no.norsk,no.pressemeldinger,1963,334,70,0.03143242029636282
no.ef,no.marked,567,8430,274,0.03141121173908059
no.musikk.gitar,no.prat.narkotika,1148,527,51,0.03140394088669951
no.bil,no.it.diverse,2153,606,84,0.031401869158878506
no.video,no.vitser,942,3558,137,0.03140041256016502
no.kryptografi,no.sources.list,359,101,14,0.03139013452914798
no.prat.aksjer,no.vit.diverse,480,473,29,0.031385281385281384
no.alt.diskusjoner,no.prat.ufo,2368,327,82,0.03138155376961347
no.perl,no.sport.diverse,564,1507,63,0.03137450199203187
no.alt.arkiv,no.prat.ufo,199,327,16,0.03137254901960784
no.mail.drift,no.reiser,430,1050,45,0.0313588850174216
no.marked.bolig,no.musikk.gitar,892,1148,62,0.03134479271991911
no.video,no.vit.diverse,942,473,43,0.03134110787172012
no.alt.radio-tv.irma-1000,no.org.isoc-no,309,53,11,0.03133903133903134
no.biz.nettilbydere,no.marked,686,8430,277,0.03133838669532753
no.biz.diskusjoner,no.reiser,431,1050,45,0.031337047353760444
no.mail.diverse,no.uninett.hjelp,995,124,34,0.03133640552995392
no.alt.arkiv,no.musikk.klassisk,199,229,13,0.03132530120481928
no.alt.radio_tv.irma1000,no.sources.wanted,210,218,13,0.03132530120481928
no.it.diverse,no.marked.data,606,7987,261,0.03132501200192031
no.alt.gledesutbrudd,no.student.nett,1754,452,67,0.031323048153342685
no.alt.mat.drikke,no.biz.annonser.data,659,1548,67,0.03130841121495327
no.embnet,no.religion,260,1585,56,0.03130240357741755
no.alt.config,no.tex,408,218,19,0.03130148270181219
no.hobby.diverse,no.mac,817,2742,108,0.03129527673138221
no.biz.annonser.data,no.skole.diverse,1548,563,64,0.03126526624328285
no.alt.config,no.bolig,408,978,42,0.03125
no.alt.fan.de-lillos,no.biz,176,55,7,0.03125
no.alt.motorsykler,no.musikk.gitar,1690,1148,86,0.03125
no.it.emacs,no.marked.bolig,395,892,39,0.03125
no.tele,no.typografi,2097,280,72,0.031236442516268982
no.mail.drift,no.ms-windows,430,3235,111,0.031232414181204277
no.it.emacs,no.marked.jobb,395,2181,78,0.03122497998398719
no.alt.mat,no.marked.bil,1286,1423,82,0.03121431290445375
no.alt.amiga,no.telepost,343,417,23,0.031207598371777476
no.alt.irc-treff,no.havforskning,296,398,21,0.031203566121842496
no.news.drift,no.spill,379,2992,102,0.03120220250841236
no.bil,no.kryptografi,2153,359,76,0.031198686371100164
no.biz.diskusjoner,no.nuug,431,164,18,0.03119584055459272
no.biz,no.c,55,1036,33,0.031190926275992438
no.alt.radio-tv.irma-1000,no.marked.diskusjon,309,187,15,0.031185031185031187
no.org.efn.diskusjon,no.spill.rollespill,446,447,27,0.03117782909930716
no.alkohol,no.folklore.overtro,1192,131,40,0.03117692907248636
no.havforskning,no.marked.bolig,398,892,39,0.03117505995203837
no.religion,no.x,1585,301,57,0.03116457080371788
no.biz.annonser,no.marked.diskusjon,2197,187,72,0.031141868512110725
no.it.diverse,no.student.samfund,606,255,26,0.031137724550898204
no.eunet.hjelp,no.psykologi,244,584,25,0.031133250311332503
no.eunet.diverse,no.uninett.hjelp,141,124,8,0.0311284046692607
no.mswindow,no.www,358,3452,115,0.03112313937753721
no.alt.katter,no.ms-windows,774,3235,121,0.031121399176954733
no.elektronikk,no.perl,2253,564,85,0.031112737920937043
no.org.dnd,no.vr,66,166,7,0.03111111111111111
no.ef,no.marked.bolig,567,892,44,0.03109540636042403
no.psykologi,no.slekt,584,1837,73,0.031090289608177172
no.alt.flame,no.linux,2515,3024,167,0.03108711839166046
no.alt.frustrasjoner,no.alt.radio_tv.irma1000,3041,210,98,0.03108150967332699
no.marked.data,no.medisin,7987,1038,272,0.03107505997943562
no.alt.pompelog,no.net,143,1218,41,0.03106060606060606
no.ai,no.unix,254,1439,51,0.031059683313032885
no.marked.diskusjon,no.video,187,942,34,0.031050228310502283
no.alt.radio_tv.irma1000,no.student.samfund,210,255,14,0.031042128603104215
no.irc,no.student.nett,1475,452,58,0.03103263777421081
no.alt.mat,no.norsk.fagord,1286,243,46,0.031018206338503034
no.bibsys,no.news.diverse,235,1893,64,0.031007751937984496
no.bibsys,no.linux,235,3024,98,0.031002847200253085
no.alt.config,no.bil,408,2153,77,0.030998389694041867
no.alt.diskusjoner,no.speider,2368,493,86,0.03099099099099099
no.musikk.gitar,no.radio_tv,1148,583,52,0.030970815961882073
no.embnet,no.musikk,260,3669,118,0.030963001836788243
no.embnet,no.it.diverse,260,606,26,0.030952380952380953
no.irc,no.marked.bil,1475,1423,87,0.030949839914621132
no.embnet,no.unix,260,1439,51,0.030946601941747573
no.marked.diskusjon,no.org.efn.diskusjon,187,446,19,0.030944625407166124
no.audio,no.it.diverse,2493,606,93,0.03093812375249501
no.bolig,no.student.samfund,978,255,37,0.030936454849498328
no.embnet,no.sport.diverse,260,1507,53,0.030921820303383897
no.prat.narkotika,no.sport.diverse,527,1507,61,0.030917384693360365
no.marked.diskusjon,no.typografi,187,280,14,0.03090507726269316
no.standard,no.unix,129,1439,47,0.030900723208415515
no.folklore.edb,no.multimedia,219,1383,48,0.03088803088803089
no.prat.politikk,no.telepost,1152,417,47,0.03088042049934297
no.it.diverse,no.musikk,606,3669,128,0.030865686038099832
no.folklore.generelt,no.tungregning,49,118,5,0.030864197530864196
no.reiser,no.spill,1050,2992,121,0.030859474623820455
no.it.diverse,no.litteratur,606,1532,64,0.03085824493731919
no.alt.flame,no.tele,2515,2097,138,0.030844881537773806
no.marked.bil,no.prat.seksualitet,1423,883,69,0.030844881537773806
no.musikk.klassisk,no.vit.diverse,229,473,21,0.030837004405286344
no.spill.rollespill,no.student.samfund,447,255,21,0.030837004405286344
no.alt.fan.de-lillos,no.speider,176,493,20,0.030816640986132512
no.pressemeldinger,no.unix,334,1439,53,0.030813953488372094
no.amiga,no.mail.drift,1544,430,59,0.03080939947780679
no.reiser,no.student.samfund,1050,255,39,0.030805687203791468
no.marked.jobb,no.uninett.diverse,2181,262,73,0.03080168776371308
no.marked.data,no.prat.seksualitet,7987,883,265,0.030796048808832074
no.radio_tv,no.uninett.skole,583,522,33,0.030783582089552237
no.biz.nettilbydere,no.musikk,686,3669,130,0.03076923076923077
no.eunet.drift,no.pressemeldinger,135,334,14,0.03076923076923077
no.sources.list,no.x,101,301,12,0.03076923076923077
no.amiga,no.medisin,1544,1038,77,0.030738522954091817
no.news.diverse,no.slekt.programmer,1893,589,74,0.030730897009966777
no.mail.drift,no.spill,430,2992,102,0.03072289156626506
no.marked.bolig,no.pc,892,7029,236,0.030709173715029278
no.alt.radio-tv.irma-1000,no.perl,309,564,26,0.030696576151121605
no.mac,no.radio_tv,2742,583,99,0.03068815871047737
no.ai,no.norsk,254,1963,66,0.030683403068340307
no.alkohol,no.folklore.edb,1192,219,42,0.030679327976625273
no.pc,no.stortinget,7029,665,229,0.030676490288010717
no.alt.god.jul,no.it.diverse,570,606,35,0.03067484662576687
no.alt.tegneserier,no.x,1043,301,40,0.03067484662576687
no.bibsys,no.sources.list,235,101,10,0.03067484662576687
no.ai,no.alt.frustrasjoner,254,3041,98,0.03065373787926181
no.hobby.diverse,no.sport.fotball,817,629,43,0.030648610121168925
no.kryptografi,no.uninett.drift,359,112,14,0.030634573304157548
no.org.efn.diskusjon,no.vitser,446,3558,119,0.03063063063063063
no.alt.sjokolade,no.folklore.edb,656,219,26,0.030624263839811542
no.alt.tegneserier,no.eunet.drift,1043,135,35,0.03062117235345582
no.bolig,no.x,978,301,38,0.030620467365028204
no.alt.arkiv,no.multimedia,199,1383,47,0.03061889250814332
no.alt.flame,no.psykologi,2515,584,92,0.030595277685400733
no.it.os.os2,no.kjemi,332,746,32,0.030592734225621414
no.mail.diverse,no.tex,995,218,36,0.03058623619371283
no.alt.pompel-og-pilt,no.norsk,329,1963,68,0.030575539568345324
no.elektronikk,no.org.efn.diskusjon,2253,446,80,0.030546009927453228
no.alt.pompel-og-pilt,no.spill.rollespill,329,447,23,0.03054448871181939
no.media,no.spill.rollespill,734,447,35,0.030541012216404886
no.pc,no.perl,7029,564,225,0.030537459283387622
no.alt.fan.de-lillos,no.musikk.klassisk,176,229,12,0.030534351145038167
no.alt.pompelog,no.uninett.diverse,143,262,12,0.030534351145038167
no.elektronikk,no.psykologi,2253,584,84,0.030512168543407193
no.alt.katter,no.pc,774,7029,231,0.030507131537242473
no.alt.flame,no.unix,2515,1439,117,0.03049257232212666
no.alt.diskusjoner,no.bibsys,2368,235,77,0.030482977038796516
no.kryptografi,no.marked.bolig,359,892,37,0.030477759472817133
no.alt.amiga,no.alt.god.jul,343,570,27,0.030474040632054177
no.alt.sjokolade,no.sport.fotball,656,629,38,0.030473135525260625
no.prat.ufo,no.pressemeldinger.diskusjon,327,79,12,0.030456852791878174
no.alt.radio-tv.irma-1000,no.folklore.overtro,309,131,13,0.03044496487119438
no.alt.irctreff,no.irc,82,1475,46,0.03044341495698213
no.prat.seksualitet,no.sykkel,883,1148,60,0.030441400304414
no.org.efn.diskusjon,no.video,446,942,41,0.030438010393466965
no.alt.motorsykler,no.prat.seksualitet,1690,883,76,0.030436523828594315
no.norsk.fagord,no.video,243,942,35,0.030434782608695653
no.alt.fan.de-lillos,no.alt.tegneserier,176,1043,36,0.030431107354184278
no.biz.diskusjoner,no.radio-tv,431,2075,74,0.03042763157894737
no.radio_tv,no.religion,583,1585,64,0.030418250950570342
no.news.diverse,no.prat.aksjer,1893,480,70,0.030395136778115502
no.psykologi,no.video,584,942,45,0.03038487508440243
no.news.diverse,no.spill.rollespill,1893,447,69,0.03038309114927345
no.ai,no.marked.diskusjon,254,187,13,0.030373831775700934
no.alt.motorsykler,no.alt.pompelog,1690,143,54,0.03035413153456998
no.pc,no.vit.diverse,7029,473,221,0.03035297349265211
no.alt.tegneserier,no.marked.bolig,1043,892,57,0.03035143769968051
no.nuug,no.radio_tv,164,583,22,0.030344827586206897
no.org.efn.diskusjon,no.pc,446,7029,220,0.030323914541695383
no.jus,no.marked.diskusjon,1852,187,60,0.03031834259727135
no.folklore.edb,no.org.isoc-no,219,53,8,0.030303030303030304
no.marked.bolig,no.sykkel,892,1148,60,0.030303030303030304
no.uninett.drift,no.video,112,942,31,0.030303030303030304
no.sport.diverse,no.video,1507,942,72,0.030290281867900715
no.general,no.lisp,7081,302,217,0.030281886687133688
no.folklore.edb,no.religion,219,1585,53,0.03026841804683038
no.news.diverse,no.tex,1893,218,62,0.030258662762323085
no.biz.annonser.data,no.religion,1548,1585,92,0.030253206182176917
no.eunet.hjelp,no.x,244,301,16,0.030245746691871456
no.skole.diverse,no.speider,563,493,31,0.03024390243902439
no.religion,no.speider,1585,493,61,0.03024293505205751
no.media,no.sport.fotball,734,629,40,0.030234315948601664
no.alt.katter,no.uninett.drift,774,112,26,0.030232558139534883
no.alt.sjokolade,no.marked.bil,656,1423,61,0.03022794846382557
no.bolig,no.tegnsett,978,249,36,0.030226700251889168
no.alt.flame,no.sport.diverse,2515,1507,118,0.030225409836065573
no.alt.god.jul,no.uninett.drift,570,112,20,0.030211480362537766
no.norsk,no.student.samfund,1963,255,65,0.030190431955411056
no.marked.diskusjon,no.multimedia,187,1383,46,0.030183727034120734
no.alt.motorsykler,no.media,1690,734,71,0.030174245643858903
no.mail.diverse,no.vr,995,166,34,0.030168589174800354
no.it.emacs,no.musikk,395,3669,119,0.030164765525982257
no.alt.pompelog,no.x,143,301,13,0.030162412993039442
no.ms-windows,no.uninett.skole,3235,522,110,0.030161776802851658
no.alt.sjokolade,no.pc,656,7029,225,0.030160857908847184
no.hobby.diverse,no.unix,817,1439,66,0.030136986301369864
no.speider,no.sykkel,493,1148,48,0.030131826741996232
no.havforskning,no.religion,398,1585,58,0.03012987012987013
no.alt.katter,no.tex,774,218,29,0.030114226375908618
no.biz.diskusjoner,no.prat.narkotika,431,527,28,0.030107526881720432
no.alt.pompelog,no.lisp,143,302,13,0.03009259259259259
no.alt.mat,no.skole.diverse,1286,563,54,0.030083565459610027
no.alt.mat.drikke,no.pressemeldinger,659,334,29,0.03008298755186722
no.alt.fan.de-lillos,no.bibsys,176,235,12,0.03007518796992481
no.mail.diverse,no.sources.list,995,101,32,0.03007518796992481
no.alt.irc-treff,no.sources.wanted,296,218,15,0.03006012024048096
no.bolig,no.perl,978,564,45,0.03006012024048096
no.audio,no.medisin,2493,1038,103,0.030046674445740957
no.alt.katter,no.skole.diverse,774,563,39,0.030046224961479198
no.marked.diskusjon,no.org.isoc-no,187,53,7,0.030042918454935622
no.it.emacs,no.sykkel,395,1148,45,0.030040053404539385
no.bolig,no.musikk.gitar,978,1148,62,0.030038759689922482
no.alt.irc-treff,no.prat.narkotika,296,527,24,0.030037546933667083
no.mail.drift,no.sykkel,430,1148,46,0.030026109660574413
no.alt.radio-tv.irma-1000,no.amiga,309,1544,54,0.03001667593107282
no.marked.jobb,no.sykkel,2181,1148,97,0.03001237623762376
no.biz.diskusjoner,no.video,431,942,40,0.030007501875468866
no.alt.diskusjoner,no.spill.rollespill,2368,447,82,0.03000365898280278
no.bibsys,no.typografi,235,280,15,0.03
no.embnet,no.perl,260,564,24,0.03
no.folklore.edb,no.org.nobug.diverse,219,90,9,0.03
no.hobby.diverse,no.uninett.skole,817,522,39,0.03
no.norsk.fagord,no.org.dnd,243,66,9,0.03
no.perl,no.reiser,564,1050,47,0.029993618379068283
no.alt.motorsykler,no.hobby.diverse,1690,817,73,0.02999178307313065
no.embnet,no.video,260,942,35,0.029991431019708654
no.biz.annonser,no.news.drift,2197,379,75,0.029988004798080767
no.alt.god.jul,no.sykkel,570,1148,50,0.02997601918465228
no.alt.gledesutbrudd,no.marked.bolig,1754,892,77,0.02997275204359673
no.skole.diverse,no.uninett.diverse,563,262,24,0.0299625468164794
no.alt.pompelog,no.jus,143,1852,58,0.029943211151264842
no.alt.god.jul,no.kryptografi,570,359,27,0.02993348115299335
no.pressemeldinger,no.pressemeldinger.diskusjon,334,79,12,0.029925187032418952
no.biz.annonser,no.uninett.skole,2197,522,79,0.029924242424242423
no.c,no.marked.bolig,1036,892,56,0.029914529914529916
no.general,no.marked.bil,7081,1423,247,0.029914012353154898
no.sport.diverse,no.tegnsett,1507,249,51,0.029912023460410556
no.alt.sjokolade,no.uninett.katalog,656,68,21,0.029871977240398292
no.biz.annonser,no.sykkel,2197,1148,97,0.029864532019704435
no.alt.pompelog,no.mail.diverse,143,995,33,0.02986425339366516
no.slekt,no.spill,1837,2992,140,0.029857112390701643
no.alt.irc-treff,no.tungregning,296,118,12,0.029850746268656716
no.eunet.hjelp,no.sources.list,244,101,10,0.029850746268656716
no.irc,no.slekt,1475,1837,96,0.029850746268656716
no.radio_tv,no.student.nett,583,452,30,0.029850746268656716
no.sources.list,no.uninett.fik,101,37,4,0.029850746268656716
no.amiga,no.stortinget,1544,665,64,0.029836829836829837
no.lisp,no.sykkel,302,1148,42,0.029829545454545456
no.alt.amiga,no.eunet.hjelp,343,244,17,0.02982456140350877
no.alt.flame,no.marked.jobb,2515,2181,136,0.02982456140350877
no.nuug,no.prat.narkotika,164,527,20,0.029806259314456036
no.ef,no.ms-windows,567,3235,110,0.029794149512459372
no.news.drift,no.slekt.programmer,379,589,28,0.029787234042553193
no.alt.config,no.sykkel,408,1148,45,0.029781601588352084
no.ai,no.pressemeldinger,254,334,17,0.0297723292469352
no.folklore.overtro,no.net,131,1218,39,0.029770992366412213
no.havforskning,no.it.diverse,398,606,29,0.029743589743589743
no.alt.pompel-og-pilt,no.it.diverse,329,606,27,0.02973568281938326
no.telepost,no.uninett.katalog,417,68,14,0.029723991507430998
no.marked.data,no.sport.diverse,7987,1507,274,0.029718004338394794
no.mswindow,no.pc,358,7029,213,0.029690549205464177
no.alt.irc-treff,no.tele,296,2097,69,0.029690189328743545
no.alt.arkiv,no.perl,199,564,22,0.029689608636977057
no.norsk,no.prat.ufo,1963,327,66,0.029676258992805755
no.alt.god.jul,no.pressemeldinger,570,334,26,0.029612756264236904
no.biz.diskusjoner,no.pressemeldinger,431,334,22,0.029609690444145357
no.mac,no.reiser,2742,1050,109,0.02959543850122183
no.alt.katter,no.radio_tv,774,583,39,0.02959028831562974
no.slekt,no.www,1837,3452,152,0.029589254428654857
no.alt.frustrasjoner,no.marked.bolig,3041,892,113,0.029581151832460732
no.sources.wanted,no.sport.volleyball,218,165,11,0.02956989247311828
no.sykkel,no.typografi,1148,280,41,0.029560201874549386
no.alt.fan.de-lillos,no.musikk.gitar,176,1148,38,0.029548989113530325
no.eunet.diverse,no.net,141,1218,39,0.029545454545454545
no.it.emacs,no.mac,395,2742,90,0.029537249753856253
no.bolig,no.student.nett,978,452,41,0.029517638588912886
no.norsk,no.prat.aksjer,1963,480,70,0.029498525073746312
no.biz.annonser.data,no.lisp,1548,302,53,0.02949360044518642
no.musikk.gitar,no.tegnsett,1148,249,40,0.029476787030213707
no.alt.config,no.biz.annonser.data,408,1548,56,0.029473684210526315
no.alt.frustrasjoner,no.norsk.fagord,3041,243,94,0.02946708463949843
no.alt.gledesutbrudd,no.spill.rollespill,1754,447,63,0.029466791393826006
no.medisin,no.student.samfund,1038,255,37,0.02945859872611465
no.sources.list,no.sport.diverse,101,1507,46,0.029449423815621
no.alt.pompel-og-pilt,no.biz.nettilbydere,329,686,29,0.029411764705882353
no.folklore.generelt,no.x,49,301,10,0.029411764705882353
no.bil,no.vit.diverse,2153,473,75,0.029400235201881616
no.tegnsett,no.tele,249,2097,67,0.029398859148749453
no.audio,no.news.drift,2493,379,82,0.02939068100358423
no.radio-tv,no.spill.rollespill,2075,447,72,0.029387755102040815
no.mail.drift,no.spill.rollespill,430,447,25,0.029342723004694836
no.biz.diskusjoner,no.musikk.gitar,431,1148,45,0.029335071707953065
no.alt.arkiv,no.marked.diskusjon,199,187,11,0.029333333333333333
no.alt.irc-treff,no.org.nobug.diverse,296,90,11,0.029333333333333333
no.radio-tv,no.student.nett,2075,452,72,0.029327902240325866
no.religion,no.video,1585,942,72,0.029327902240325866
no.alkohol,no.skole.diverse,1192,563,50,0.02932551319648094
no.skole.diverse,no.typografi,563,280,24,0.029304029304029304
no.speider,no.unix,493,1439,55,0.02930207778369739
no.alt.fan.de-lillos,no.prat.narkotika,176,527,20,0.029282576866764276
no.linux,no.prat.narkotika,3024,527,101,0.029275362318840578
no.mail.diverse,no.spill.rollespill,995,447,41,0.02926481084939329
no.prat.narkotika,no.speider,527,493,29,0.029263370332996974
no.alt.katter,no.biz.annonser.data,774,1548,66,0.02925531914893617
no.alt.sjokolade,no.tungregning,656,118,22,0.02925531914893617
no.alt.irctreff,no.org.efn.diskusjon,82,446,15,0.029239766081871343
no.bolig,no.it.diverse,978,606,45,0.029239766081871343
no.velkommen,no.vit.diverse,55,473,15,0.029239766081871343
no.prat.ufo,no.vr,327,166,14,0.029227557411273485
no.alt.god.jul,no.reiser,570,1050,46,0.029224904701397714
no.eunet.diverse,no.speider,141,493,18,0.02922077922077922
no.tex,no.uninett.skole,218,522,21,0.02920723226703755
no.slekt,no.stortinget,1837,665,71,0.029206088029617442
no.radio-tv,no.slekt,2075,1837,111,0.02920284135753749
no.sources.wanted,no.unix,218,1439,47,0.029192546583850933
no.media,no.tex,734,218,27,0.02918918918918919
no.havforskning,no.video,398,942,38,0.029185867895545316
no.religion,no.tegnsett,1585,249,52,0.029180695847362513
no.alt.pompel-og-pilt,no.video,329,942,36,0.029149797570850202
no.irc,no.student.samfund,1475,255,49,0.029149315883402735
no.alt.tegneserier,no.pressemeldinger,1043,334,39,0.02914798206278027
no.folklore.edb,no.telepost,219,417,18,0.02912621359223301
no.prat.aksjer,no.uninett.diverse,480,262,21,0.02912621359223301
no.mail.drift,no.pc,430,7029,211,0.02911147902869757
no.ai,no.eunet.drift,254,135,11,0.0291005291005291
no.alt.flame,no.prat.seksualitet,2515,883,96,0.029073288915808602
no.org.isoc-no,no.x,53,301,10,0.029069767441860465
no.pressemeldinger,no.radio-tv,334,2075,68,0.029047415634344296
no.alt.config,no.org.isoc-no,408,53,13,0.029017857142857144
no.kryptografi,no.skole.diverse,359,563,26,0.029017857142857144
no.marked.bolig,no.prat.narkotika,892,527,40,0.029006526468455404
no.folklore.generelt,no.nuug,49,164,6,0.028985507246376812
no.marked.bolig,no.prat.seksualitet,892,883,50,0.028985507246376812
no.alt.tegneserier,no.standard,1043,129,33,0.02897278314310799
no.alt.katter,no.prat.ufo,774,327,31,0.02897196261682243
no.alt.mat.drikke,no.musikk.klassisk,659,229,25,0.028968713789107765
no.folklore.edb,no.prat.narkotika,219,527,21,0.028965517241379312
no.amiga,no.org.efn.diskusjon,1544,446,56,0.028955532574974147
no.alt.radio-tv.irma-1000,no.vit.diverse,309,473,22,0.02894736842105263
no.ai,no.org.dnd,254,66,9,0.028938906752411574
no.folklore.edb,no.sources.list,219,101,9,0.028938906752411574
no.alt.config,no.org.nobug.diverse,408,90,14,0.028925619834710745
no.norsk.fagord,no.student.samfund,243,255,14,0.028925619834710745
no.prat.aksjer,no.reiser,480,1050,43,0.028917283120376596
no.marked.bolig,no.tele,892,2097,84,0.02891566265060241
no.alt.katter,no.musikk.gitar,774,1148,54,0.028907922912205567
no.alkohol,no.test,1192,6390,213,0.028904871760075994
no.prat.ufo,no.skole.diverse,327,563,25,0.028901734104046242
no.sources.list,no.student.samfund,101,255,10,0.028901734104046242
no.pc,no.slekt,7029,1837,249,0.028896367645352212
no.alt.arkiv,no.irc,199,1475,47,0.028887523048555623
no.folklore.edb,no.org.dnd,219,66,8,0.02888086642599278
no.havforskning,no.perl,398,564,27,0.028877005347593583
no.alt.god.jul,no.marked.bolig,570,892,41,0.028852920478536243
no.alt.motorsykler,no.stortinget,1690,665,66,0.028833551769331587
no.skole.diverse,no.sport.diverse,563,1507,58,0.02882703777335984
no.alt.flame,no.biz.annonser,2515,2197,132,0.028820960698689956
no.marked.bil,no.sykkel,1423,1148,72,0.028811524609843937
no.alt.katter,no.pressemeldinger,774,334,31,0.028783658310120707
no.marked.bolig,no.radio-tv,892,2075,83,0.028779472954230237
no.alt.pompel-og-pilt,no.norsk.fagord,329,243,16,0.02877697841726619
no.biz.diskusjoner,no.eunet.diverse,431,141,16,0.02877697841726619
no.embnet,no.prat.narkotika,260,527,22,0.02875816993464052
no.news.drift,no.pc,379,7029,207,0.02874600749895848
no.it.diverse,no.sykkel,606,1148,49,0.02873900293255132
no.pc,no.telepost,7029,417,208,0.028737220226581928
no.alt.fan.de-lillos,no.sources.wanted,176,218,11,0.028720626631853787
no.elektronikk,no.folklore.edb,2253,219,69,0.02871410736579276
no.slekt.programmer,no.uninett.skole,589,522,31,0.028703703703703703
no.folklore.edb,no.radio-tv,219,2075,64,0.028699551569506727
no.marked.bolig,no.student.samfund,892,255,32,0.028699551569506727
no.alt.flame,no.elektronikk,2515,2253,133,0.028694714131607336
no.biz.annonser,no.perl,2197,564,77,0.028688524590163935
no.spill.rollespill,no.stortinget,447,665,31,0.028677150786308975
no.musikk,no.perl,3669,564,118,0.028675577156743622
no.alt.fan.de-lillos,no.havforskning,176,398,16,0.02867383512544803
no.folklore.edb,no.uninett.katalog,219,68,8,0.02867383512544803
no.perl,no.tungregning,564,118,19,0.02865761689291101
no.embnet,no.hobby.diverse,260,817,30,0.02865329512893983
no.folklore.edb,no.medisin,219,1038,35,0.028641571194762683
no.alt.flame,no.mail.drift,2515,430,82,0.028641285365001747
no.media,no.nuug,734,164,25,0.0286368843069874
no.mac,no.prat.narkotika,2742,527,91,0.028634361233480177
no.typografi,no.video,280,942,34,0.02861952861952862
no.skole.diverse,no.tele,563,2097,74,0.028615622583139984
no.marked.bil,no.media,1423,734,60,0.02861230329041488
no.radio_tv,no.typografi,583,280,24,0.028605482717520857
no.prat.aksjer,no.skole.diverse,480,563,29,0.028599605522682446
no.norsk,no.spill.rollespill,1963,447,67,0.028595817328211693
no.folklore.edb,no.www,219,3452,102,0.02857943401513029
no.alt.mat.drikke,no.speider,659,493,32,0.02857142857142857
no.bibsys,no.org.isoc-no,235,53,8,0.02857142857142857
no.eunet.diverse,no.folklore.edb,141,219,10,0.02857142857142857
no.news.diverse,no.sport.fotball,1893,629,70,0.028548123980424143
no.it.diverse,no.pressemeldinger.diskusjon,606,79,19,0.028528528528528527
no.alt.config,no.vitser,408,3558,110,0.028526970954356846
no.skole.diverse,no.spill.rollespill,563,447,28,0.028513238289205704
no.kjemi,no.marked.data,746,7987,242,0.02850076551642916
no.media,no.speider,734,493,34,0.028499580888516344
no.alt.radio_tv.irma1000,no.psykologi,210,584,22,0.02849740932642487
no.eunet.drift,no.uninett.diverse,135,262,11,0.02849740932642487
no.biz.diskusjoner,no.prat.ufo,431,327,21,0.028493894165535955
no.alt.amiga,no.news.drift,343,379,20,0.02849002849002849
no.kryptografi,no.prat.ufo,359,327,19,0.02848575712143928
no.marked.jobb,no.prat.narkotika,2181,527,75,0.0284846183061147
no.alt.diskusjoner,no.sport.fotball,2368,629,83,0.02848318462594372
no.biz.annonser,no.psykologi,2197,584,77,0.028476331360946745
no.film,no.spill.rollespill,2587,447,84,0.02847457627118644
no.alt.radio-tv.irma-1000,no.prat.seksualitet,309,883,33,0.028472821397756688
no.marked.data,no.prat.politikk,7987,1152,253,0.028471753319828944
no.slekt.programmer,no.sport.diverse,589,1507,58,0.02845927379784102
no.alt.pompel-og-pilt,no.eunet.diverse,329,141,13,0.028446389496717725
no.alt.config,no.musikk.gitar,408,1148,43,0.028420356906807668
no.alt.pompelog,no.folklore.edb,143,219,10,0.028409090909090908
no.ef,no.spill.rollespill,567,447,28,0.028397565922920892
no.spill,no.uninett.skole,2992,522,97,0.02838747439274217
no.ef,no.folklore.generelt,567,49,17,0.028380634390651086
no.eunet.diverse,no.psykologi,141,584,20,0.028368794326241134
no.org.dnd,no.pressemeldinger.diskusjon,66,79,4,0.028368794326241134
no.musikk.gitar,no.prat.seksualitet,1148,883,56,0.028354430379746835
no.alt.arkiv,no.prat.narkotika,199,527,20,0.028328611898016998
no.musikk.klassisk,no.prat.politikk,229,1152,38,0.028294862248696945
no.marked.bolig,no.sport.diverse,892,1507,66,0.02828975567938277
no.reiser,no.slekt.etterlysning,1050,1240,63,0.02828917826672654
no.ef,no.uninett.hjelp,567,124,19,0.028273809523809524
no.ai,no.multimedia,254,1383,45,0.028266331658291458
no.alt.katter,no.marked,774,8430,253,0.028264998324209586
no.marked.jobb,no.psykologi,2181,584,76,0.028263294905169208
no.multimedia,no.prat.ufo,1383,327,47,0.02826217678893566
no.linux,no.video,3024,942,109,0.028260305937256935
no.alt.frustrasjoner,no.student.nett,3041,452,96,0.028260229614365615
no.hobby.diverse,no.speider,817,493,36,0.0282574568288854
no.multimedia,no.student.samfund,1383,255,45,0.02824858757062147
no.alt.arkiv,no.musikk.gitar,199,1148,37,0.028244274809160305
no.prat.narkotika,no.sykkel,527,1148,46,0.028238182934315532
no.alt.config,no.ms-windows,408,3235,100,0.028224668360146768
no.radio_tv,no.student.samfund,583,255,23,0.02822085889570552
no.amiga,no.it.diverse,1544,606,59,0.028216164514586323
no.musikk.gitar,no.sykkel,1148,1148,63,0.02821316614420063
no.alt.god.jul,no.amiga,570,1544,58,0.02821011673151751
no.elektronikk,no.uninett.diverse,2253,262,69,0.028209321340964842
no.bolig,no.prat.aksjer,978,480,40,0.028208744710860368
no.it.emacs,no.pressemeldinger,395,334,20,0.028208744710860368
no.biz.diskusjoner,no.mac,431,2742,87,0.028191834089436162
no.alt.fan.de-lillos,no.uninett.diverse,176,262,12,0.028169014084507043
no.folklore.overtro,no.unix,131,1439,43,0.028159790438768827
no.alt.mat.drikke,no.prat.ufo,659,327,27,0.028154327424400417
no.alt.radio-tv.irma-1000,no.prat.politikk,309,1152,40,0.028149190710767064
no.alt.god.jul,no.uninett.hjelp,570,124,19,0.028148148148148148
no.marked.data,no.sykkel,7987,1148,250,0.028137310073157007
no.lisp,no.reiser,302,1050,37,0.028136882129277566
no.alt.mat.drikke,no.sources.wanted,659,218,24,0.02813599062133646
no.alt.god.jul,no.skole.diverse,570,563,31,0.028130671506352088
no.alt.motorsykler,no.biz.nettilbydere,1690,686,65,0.028126352228472522
no.alt.config,no.spill,408,2992,93,0.02812216510432416
no.havforskning,no.marked.diskusjon,398,187,16,0.028119507908611598
no.norsk.fagord,no.tele,243,2097,64,0.028119507908611598
no.eunet.drift,no.net,135,1218,37,0.02811550151975684
no.eunet.hjelp,no.unix,244,1439,46,0.028100183262064753
no.litteratur,no.pressemeldinger,1532,334,51,0.02809917355371901
no.eunet.drift,no.irc,135,1475,44,0.0280970625798212
no.biz.diskusjoner,no.tungregning,431,118,15,0.028089887640449437
no.org.decus,no.sport.volleyball,18,165,5,0.028089887640449437
no.uninett.skole,no.video,522,942,40,0.028089887640449437
no.mail.drift,no.musikk.klassisk,430,229,18,0.028081123244929798
no.film,no.student.nett,2587,452,83,0.02807848443843031
no.alt.config,no.uninett.katalog,408,68,13,0.028077753779697623
no.alt.tegneserier,no.vr,1043,166,33,0.02806122448979592
no.lisp,no.sources.list,302,101,11,0.02806122448979592
no.havforskning,no.www,398,3452,105,0.028037383177570093
no.ai,no.alt.motorsykler,254,1690,53,0.028027498677948175
no.prat.aksjer,no.prat.ufo,480,327,22,0.02802547770700637
no.amiga,no.psykologi,1544,584,58,0.028019323671497585
no.news.drift,no.video,379,942,36,0.02801556420233463
no.alkohol,no.vr,1192,166,37,0.028009084027252083
no.linux,no.reiser,3024,1050,111,0.028009084027252083
no.bolig,no.prat.narkotika,978,527,41,0.028005464480874317
no.alt.irc-treff,no.tex,296,218,14,0.028
no.alt.config,no.audio,408,2493,79,0.02799433026222537
no.prat.aksjer,no.sources.wanted,480,218,19,0.027982326951399118
no.biz.diskusjoner,no.linux,431,3024,94,0.0279678667063374
no.uninett.skole,no.vitser,522,3558,111,0.027966742252456538
no.sykkel,no.tegnsett,1148,249,38,0.027961736571008096
no.alt.fan.de-lillos,no.lisp,176,302,13,0.02795698924731183
no.alt.radio-tv.irma-1000,no.bolig,309,978,35,0.027955271565495207
no.alt.arkiv,no.bolig,199,978,32,0.02794759825327511
no.stortinget,no.tex,665,218,24,0.027939464493597205
no.alt.irc-treff,no.sport.diverse,296,1507,49,0.027936145952109463
no.eunet.hjelp,no.uninett.hjelp,244,124,10,0.027932960893854747
no.folklore.overtro,no.org.isoc-no,131,53,5,0.027932960893854747
no.speider,no.typografi,493,280,21,0.027925531914893616
no.sport.fotball,no.sport.orientering,629,144,21,0.027925531914893616
no.net,no.tex,1218,218,39,0.02791696492483894
no.alt.config,no.amiga,408,1544,53,0.027909426013691417
no.pressemeldinger.diskusjon,no.psykologi,79,584,18,0.027906976744186046
no.radio_tv,no.x,583,301,24,0.027906976744186046
no.mail.diverse,no.slekt.programmer,995,589,43,0.027903958468526932
no.prat.aksjer,no.prat.seksualitet,480,883,37,0.02790346907993967
no.alt.radio_tv.irma1000,no.alt.tegneserier,210,1043,34,0.02789171452009844
no.prat.ufo,no.spill.rollespill,327,447,21,0.027888446215139442
no.marked.jobb,no.vit.diverse,2181,473,72,0.027885360185902403
no.biz.diskusjoner,no.telepost,431,417,23,0.027878787878787878
no.kryptografi,no.radio-tv,359,2075,66,0.02787162162162162
no.general,no.pressemeldinger,7081,334,201,0.027862489603548656
no.marked.diskusjon,no.prat.seksualitet,187,883,29,0.027857829010566763
no.kjemi,no.slekt,746,1837,70,0.027855153203342618
no.biz.nettilbydere,no.vitser,686,3558,115,0.02785178009203197
no.audio,no.reiser,2493,1050,96,0.0278503046127067
no.eunet.diverse,no.jus,141,1852,54,0.02784940691077875
no.havforskning,no.radio-tv,398,2075,67,0.027847049044056525
no.eunet.diverse,no.lisp,141,302,12,0.027842227378190254
no.biz.annonser.data,no.musikk.gitar,1548,1148,73,0.02783072817384674
no.biz.annonser.data,no.sykkel,1548,1148,73,0.02783072817384674
no.jus,no.prat.ufo,1852,327,59,0.027830188679245284
no.marked,no.radio_tv,8430,583,244,0.02782529364807846
no.prat.narkotika,no.tegnsett,527,249,21,0.02781456953642384
no.media,no.pressemeldinger.diskusjon,734,79,22,0.02781289506953224
no.multimedia,no.norsk.fagord,1383,243,44,0.02781289506953224
no.jus,no.tex,1852,218,56,0.027805362462760674
no.alt.flame,no.c,2515,1036,96,0.027785817655571636
no.ai,no.pressemeldinger.diskusjon,254,79,9,0.027777777777777776
no.folklore.edb,no.spill.rollespill,219,447,18,0.027777777777777776
no.marked.diskusjon,no.marked.jobb,187,2181,64,0.027777777777777776
no.norsk.fagord,no.org.isoc-no,243,53,8,0.027777777777777776
no.slekt.programmer,no.uninett.diverse,589,262,23,0.027777777777777776
no.tegnsett,no.www,249,3452,100,0.027770063871146902
no.film,no.uninett.skole,2587,522,84,0.027768595041322314
no.ms-windows,no.slekt,3235,1837,137,0.027760891590678825
no.biz.diskusjoner,no.ms-windows,431,3235,99,0.027754415475189236
no.alt.pompelog,no.kjemi,143,746,24,0.027745664739884393
no.alt.irc-treff,no.radio-tv,296,2075,64,0.027741655830082357
no.musikk,no.sport.fotball,3669,629,116,0.02773792443806791
no.alt.irc-treff,no.pressemeldinger,296,334,17,0.02773246329526917
no.alt.mat,no.speider,1286,493,48,0.02772963604852686
no.alt.motorsykler,no.test,1690,6390,218,0.02772831340625795
no.alt.pompel-og-pilt,no.www,329,3452,102,0.02772492525142702
no.religion,no.telepost,1585,417,54,0.027720739219712527
no.sport.diverse,no.test,1507,6390,213,0.027719937532535138
no.alt.irc-treff,no.uninett.drift,296,112,11,0.027707808564231738
no.alt.sjokolade,no.marked.data,656,7987,233,0.027705112960761
no.prat.ufo,no.student.nett,327,452,21,0.027704485488126648
no.alt.irc-treff,no.hobby.diverse,296,817,30,0.027700831024930747
no.marked.diskusjon,no.medisin,187,1038,33,0.027684563758389263
no.folklore.overtro,no.vr,131,166,8,0.02768166089965398
no.student.nett,no.uninett.katalog,452,68,14,0.02766798418972332
no.hobby.diverse,no.org.efn.diskusjon,817,446,34,0.027664768104149716
no.mail.drift,no.org.isoc-no,430,53,13,0.027659574468085105
no.ai,no.student.nett,254,452,19,0.027656477438136828
no.alt.gledesutbrudd,no.prat.ufo,1754,327,56,0.027654320987654323
no.alt.katter,no.tungregning,774,118,24,0.027649769585253458
no.bibsys,no.musikk,235,3669,105,0.027638852329560412
no.elektronikk,no.slekt,2253,1837,110,0.02763819095477387
no.alt.motorsykler,no.mail.drift,1690,430,57,0.027629665535627727
no.norsk.fagord,no.standard,243,129,10,0.027624309392265192
no.uninett.hjelp,no.unix,124,1439,42,0.027613412228796843
no.alt.katter,no.telepost,774,417,32,0.027610008628127698
no.biz.annonser,no.org.efn.diskusjon,2197,446,71,0.0276049766718507
no.alt.mat,no.amiga,1286,1544,76,0.027596223674655047
no.uninett.drift,no.uninett.fik,112,37,4,0.027586206896551724
no.net,no.uninett.hjelp,1218,124,36,0.027565084226646247
no.kjemi,no.spill.rollespill,746,447,32,0.02756244616709733
no.news.diverse,no.slekt.etterlysning,1893,1240,84,0.027550016398819287
no.eunet.hjelp,no.standard,244,129,10,0.027548209366391185
no.it.diverse,no.prat.ufo,606,327,25,0.02753303964757709
no.folklore.edb,no.reiser,219,1050,34,0.027530364372469637
no.it.emacs,no.org.isoc-no,395,53,12,0.027522935779816515
no.student.samfund,no.telepost,255,417,18,0.027522935779816515
no.news.drift,no.prat.aksjer,379,480,23,0.02751196172248804
no.biz.annonser.data,no.it.emacs,1548,395,52,0.02749867794817557
no.alt.sjokolade,no.standard,656,129,21,0.0274869109947644
no.biz.annonser.data,no.kryptografi,1548,359,51,0.02747844827586207
no.alt.mat.drikke,no.marked,659,8430,243,0.027470042957268823
no.alt.radio-tv.irma-1000,no.medisin,309,1038,36,0.02745995423340961
no.alt.god.jul,no.eunet.diverse,570,141,19,0.02745664739884393
no.it.emacs,no.ms-windows,395,3235,97,0.02745542032267195
no.eunet.hjelp,no.jus,244,1852,56,0.027450980392156862
no.spill,no.student.nett,2992,452,92,0.027446300715990454
no.slekt,no.uninett.skole,1837,522,63,0.027439024390243903
no.radio_tv,no.vr,583,166,20,0.027434842249657063
no.bibsys,no.prat.ufo,235,327,15,0.027422303473491772
no.alt.radio-tv.irma-1000,no.eunet.diverse,309,141,12,0.0273972602739726
no.lisp,no.marked.bil,302,1423,46,0.0273972602739726
no.alt.frustrasjoner,no.embnet,3041,260,88,0.02738873327108621
no.prat.seksualitet,no.typografi,883,280,31,0.027385159010600707
no.alt.flame,no.mac,2515,2742,140,0.027359781121751026
no.musikk.klassisk,no.uninett.skole,229,522,20,0.027359781121751026
no.alt.irc-treff,no.amiga,296,1544,49,0.027359017308766054
no.ef,no.slekt,567,1837,64,0.02735042735042735
no.pressemeldinger.diskusjon,no.uninett.skole,79,522,16,0.02735042735042735
no.perl,no.skole.diverse,564,563,30,0.027347310847766638
no.elektronikk,no.prat.narkotika,2253,527,74,0.027346637102734665
no.biz.nettilbydere,no.marked.bolig,686,892,42,0.02734375
no.alt.flame,no.news.drift,2515,379,77,0.027334043308484202
no.marked.diskusjon,no.student.nett,187,452,17,0.027331189710610933
no.prat.narkotika,no.uninett.drift,527,112,17,0.027331189710610933
no.speider,no.spill.rollespill,493,447,25,0.0273224043715847
no.norsk,no.sources.wanted,1963,218,58,0.027319830428638718
no.norsk,no.tex,1963,218,58,0.027319830428638718
no.biz.nettilbydere,no.prat.aksjer,686,480,31,0.027312775330396475
no.alt.frustrasjoner,no.alt.radio-tv.irma-1000,3041,309,89,0.027292241643667586
no.alt.motorsykler,no.religion,1690,1585,87,0.027289836888331243
no.alt.radio_tv.irma1000,no.mail.drift,210,430,17,0.027287319422150885
no.embnet,no.radio-tv,260,2075,62,0.027276726792784867
no.alkohol,no.nuug,1192,164,36,0.02727272727272727
no.sport.diverse,no.student.nett,1507,452,52,0.027267960146827478
no.alt.arkiv,no.alt.frustrasjoner,199,3041,86,0.027266962587190868
no.audio,no.org.efn.diskusjon,2493,446,78,0.027263194687172317
no.net,no.prat.ufo,1218,327,41,0.02726063829787234
no.alt.config,no.alt.irctreff,408,82,13,0.027253668763102725
no.c,no.test,1036,6390,197,0.027251348734264765
no.medisin,no.test,1038,6390,197,0.027243811367722307
no.eunet.drift,no.standard,135,129,7,0.027237354085603113
no.bolig,no.speider,978,493,39,0.02723463687150838
no.linux,no.uninett.skole,3024,522,94,0.027230590961761298
no.eunet.drift,no.typografi,135,280,11,0.027227722772277228
no.alt.god.jul,no.bolig,570,978,41,0.027206370272063702
no.film,no.kryptografi,2587,359,78,0.027196652719665274
no.mail.diverse,no.prat.ufo,995,327,35,0.027195027195027196
no.multimedia,no.standard,1383,129,40,0.02717391304347826
no.speider,no.student.nett,493,452,25,0.02717391304347826
no.speider,no.x,493,301,21,0.027166882276843468
no.perl,no.vitser,564,3558,109,0.02716172439571393
no.mac,no.vit.diverse,2742,473,85,0.027156549520766772
no.prat.narkotika,no.vitser,527,3558,108,0.027156147850138295
no.folklore.overtro,no.multimedia,131,1383,40,0.027137042062415198
no.alt.sjokolade,no.marked,656,8430,240,0.027130906624463033
no.alt.katter,no.marked.bil,774,1423,58,0.027115474520804116
no.org.nobug.diverse,no.prat.ufo,90,327,11,0.027093596059113302
no.alt.diskusjoner,no.alt.radio_tv.irma1000,2368,210,68,0.027091633466135457
no.alt.arkiv,no.it.os.os2,199,332,14,0.027079303675048357
no.musikk.gitar,no.sources.wanted,1148,218,36,0.02706766917293233
no.litteratur,no.prat.aksjer,1532,480,53,0.027054619703930576
no.alt.radio-tv.irma-1000,no.biz.annonser,309,2197,66,0.027049180327868853
no.mail.drift,no.vitser,430,3558,105,0.027040947720834405
no.slekt,no.vitser,1837,3558,142,0.027032172092137825
no.ai,no.medisin,254,1038,34,0.02702702702702703
no.ai,no.prat.politikk,254,1152,37,0.02702702702702703
no.eunet.diverse,no.folklore.generelt,141,49,5,0.02702702702702703
no.linux,no.marked.bil,3024,1423,117,0.02702078521939954
no.ms-windows,no.student.nett,3235,452,97,0.02701949860724234
no.mac,no.uninett.diverse,2742,262,79,0.027008547008547008
no.alt.radio_tv.irma1000,no.stortinget,210,665,23,0.02699530516431925
no.student.nett,no.tele,452,2097,67,0.026994359387590653
no.bibsys,no.perl,235,564,21,0.02699228791773779
no.alt.god.jul,no.ms-windows,570,3235,100,0.02699055330634278
no.elektronikk,no.skole.diverse,2253,563,74,0.02698760029175784
no.amiga,no.havforskning,1544,398,51,0.026969857218402962
no.alt.irc-treff,no.litteratur,296,1532,48,0.02696629213483146
no.alt.motorsykler,no.bolig,1690,978,70,0.026943802925327175
no.alt.diskusjoner,no.marked.diskusjon,2368,187,67,0.026929260450160773
no.hobby.diverse,no.prat.aksjer,817,480,34,0.026920031670625493
no.alt.irc-treff,no.multimedia,296,1383,44,0.02691131498470948
no.irc,no.vr,1475,166,43,0.02690863579474343
no.alt.irc-treff,no.uninett.hjelp,296,124,11,0.02689486552567237
no.alt.pompel-og-pilt,no.vit.diverse,329,473,21,0.026888604353393086
no.psykologi,no.tex,584,218,21,0.026888604353393086
no.it.emacs,no.video,395,942,35,0.026881720430107527
no.marked.bolig,no.uninett.skole,892,522,37,0.026870007262164125
no.biz.diskusjoner,no.skole.diverse,431,563,26,0.026859504132231406
no.prat.politikk,no.speider,1152,493,43,0.026841448189762796
no.kryptografi,no.video,359,942,34,0.026835043409629045
no.c,no.uninett.drift,1036,112,30,0.026833631484794274
no.alt.radio-tv.irma-1000,no.biz.nettilbydere,309,686,26,0.026831785345717233
no.general,no.slekt,7081,1837,233,0.026827864133563615
no.amiga,no.folklore.edb,1544,219,46,0.026790914385556204
no.amiga,no.perl,1544,564,55,0.02679006332196785
no.org.nobug.diverse,no.student.samfund,90,255,9,0.026785714285714284
no.mac,no.tegnsett,2742,249,78,0.026776519052523172
no.linux,no.radio_tv,3024,583,94,0.026757756902931966
no.elektronikk,no.it.emacs,2253,395,69,0.026754556029468787
no.eunet.diverse,no.stortinget,141,665,21,0.0267515923566879
no.embnet,no.marked.bolig,260,892,30,0.026737967914438502
no.alt.irctreff,no.news.drift,82,379,12,0.026726057906458798
no.radio_tv,no.speider,583,493,28,0.026717557251908396
no.linux,no.norsk.fagord,3024,243,85,0.026712759270898806
no.marked.data,no.reiser,7987,1050,235,0.02669847761872302
no.alt.god.jul,no.marked,570,8430,234,0.026694045174537988
no.alt.arkiv,no.litteratur,199,1532,45,0.026690391459074734
no.lisp,no.radio_tv,302,583,23,0.02668213457076566
no.sport.diverse,no.telepost,1507,417,50,0.026680896478121666
no.prat.seksualitet,no.test,883,6390,189,0.0266798418972332
no.alt.irc-treff,no.vr,296,166,12,0.02666666666666667
no.eunet.diverse,no.org.nobug.diverse,141,90,6,0.02666666666666667
no.org.nobug.diverse,no.tex,90,218,8,0.02666666666666667
no.alt.mat,no.student.samfund,1286,255,40,0.02664890073284477
no.prat.narkotika,no.sport.fotball,527,629,30,0.02664298401420959
no.biz.annonser.data,no.test,1548,6390,206,0.026642524573202275
no.prat.narkotika,no.unix,527,1439,51,0.026631853785900782
no.general,no.kryptografi,7081,359,193,0.026631709672968126
no.bibsys,no.prat.seksualitet,235,883,29,0.02662993572084481
no.alt.mat.drikke,no.marked.bil,659,1423,54,0.026627218934911243
no.musikk.klassisk,no.tungregning,229,118,9,0.026627218934911243
no.bibsys,no.norsk,235,1963,57,0.026623073330219522
no.org.isoc-no,no.perl,53,564,16,0.026622296173044926
no.embnet,no.vit.diverse,260,473,19,0.02661064425770308
no.org.efn.diskusjon,no.prat.aksjer,446,480,24,0.026607538802660754
no.prat.narkotika,no.tele,527,2097,68,0.026604068857589983
no.prat.ufo,no.uninett.skole,327,522,22,0.026602176541717048
no.radio_tv,no.uninett.drift,583,112,18,0.026587887740029542
no.elektronikk,no.student.nett,2253,452,70,0.026565464895635674
no.alt.amiga,no.mail.drift,343,430,20,0.02656042496679947
no.alt.gledesutbrudd,no.tex,1754,218,51,0.02654867256637168
no.folklore.overtro,no.sources.list,131,101,6,0.02654867256637168
no.spill.rollespill,no.tegnsett,447,249,18,0.02654867256637168
no.prat.narkotika,no.spill,527,2992,91,0.026546091015169197
no.musikk.gitar,no.video,1148,942,54,0.026522593320235755
no.ai,no.prat.ufo,254,327,15,0.026501766784452298
no.lisp,no.slekt.programmer,302,589,23,0.026497695852534562
no.alt.radio-tv.irma-1000,no.marked.bolig,309,892,31,0.026495726495726495
no.tungregning,no.uninett.fik,118,37,4,0.026490066225165563
no.slekt,no.sources.list,1837,101,50,0.026483050847457626
no.bil,no.uninett.skole,2153,522,69,0.026477359938603222
no.alt.god.jul,no.pc,570,7029,196,0.026475753073078482
no.alt.radio-tv.irma-1000,no.www,309,3452,97,0.026473799126637554
no.mswindow,no.news.drift,358,379,19,0.026462395543175487
no.alt.pompel-og-pilt,no.general,329,7081,191,0.02645795816595096
no.jus,no.vr,1852,166,52,0.026449643947100712
no.multimedia,no.prat.aksjer,1383,480,48,0.026446280991735537
no.mail.diverse,no.prat.aksjer,995,480,38,0.026443980514961725
no.radio-tv,no.student.samfund,2075,255,60,0.02643171806167401
no.embnet,no.general,260,7081,189,0.026426174496644295
no.film,no.tegnsett,2587,249,73,0.026420557365182774
no.mac,no.uninett.skole,2742,522,84,0.026415094339622643
no.org.nobug.diverse,no.speider,90,493,15,0.02640845070422535
no.telepost,no.vr,417,166,15,0.02640845070422535
no.biz.annonser,no.skole.diverse,2197,563,71,0.026403867608776495
no.lisp,no.video,302,942,32,0.026402640264026403
no.news.drift,no.slekt,379,1837,57,0.026401111625752663
no.general,no.marked.bolig,7081,892,205,0.026390319258496397
no.norsk.fagord,no.www,243,3452,95,0.02638888888888889
no.prat.ufo,no.sources.list,327,101,11,0.026378896882494004
no.biz.annonser,no.prat.narkotika,2197,527,70,0.02637528259231349
no.eunet.hjelp,no.uninett.diverse,244,262,13,0.02636916835699797
no.radio-tv,no.telepost,2075,417,64,0.026359143327841845
no.alt.god.jul,no.folklore.overtro,570,131,18,0.02635431918008785
no.speider,no.vitser,493,3558,104,0.026349125918419054
no.biz.nettilbydere,no.prat.ufo,686,327,26,0.02634245187436677
no.jus,no.spill.rollespill,1852,447,59,0.026339285714285714
no.alt.flame,no.musikk.gitar,2515,1148,94,0.02633790977864948
no.news.drift,no.vitser,379,3558,101,0.02632950990615224
no.alt.gledesutbrudd,no.bibsys,1754,235,51,0.02631578947368421
no.c,no.skole.diverse,1036,563,41,0.02631578947368421
no.reiser,no.slekt,1050,1837,74,0.02630643441166015
no.amiga,no.sykkel,1544,1148,69,0.026305756767060616
no.irc,no.nuug,1475,164,42,0.026299311208515967
no.reiser,no.slekt.programmer,1050,589,42,0.026299311208515967
no.film,no.x,2587,301,74,0.026297085998578537
no.film,no.uninett.diverse,2587,262,73,0.026296829971181556
no.prat.ufo,no.speider,327,493,21,0.026282853566958697
no.reiser,no.video,1050,942,51,0.02627511591962906
no.alt.pompel-og-pilt,no.religion,329,1585,49,0.026273458445040216
no.eunet.hjelp,no.irc,244,1475,44,0.02626865671641791
no.alt.frustrasjoner,no.typografi,3041,280,85,0.02626699629171817
no.perl,no.spill,564,2992,91,0.026262626262626262
no.it.diverse,no.it.os.os2,606,332,24,0.0262582056892779
no.biz,no.biz.annonser.data,55,1548,41,0.026248399487836107
no.alt.motorsykler,no.alt.sjokolade,1690,656,60,0.026246719160104987
no.alt.irc-treff,no.spill.rollespill,296,447,19,0.026243093922651933
no.alt.god.jul,no.spill.rollespill,570,447,26,0.026236125126135216
no.alt.katter,no.norsk.fagord,774,243,26,0.026236125126135216
no.media,no.vr,734,166,23,0.026225769669327253
no.embnet,no.prat.ufo,260,327,15,0.026223776223776224
no.alt.diskusjoner,no.alt.fan.de-lillos,2368,176,65,0.026220250100847116
no.alt.tegneserier,no.prat.ufo,1043,327,35,0.026217228464419477
no.mail.drift,no.pressemeldinger.diskusjon,430,79,13,0.02620967741935484
no.biz.nettilbydere,no.sport.diverse,686,1507,56,0.026204960224613945
no.alt.katter,no.vr,774,166,24,0.026200873362445413
no.spill,no.telepost,2992,417,87,0.026189042745334137
no.ms-windows,no.prat.narkotika,3235,527,96,0.02618657937806874
no.alt.frustrasjoner,no.spill.rollespill,3041,447,89,0.026184171815239778
no.media,no.standard,734,129,22,0.026159334126040427
no.biz.diskusjoner,no.pressemeldinger.diskusjon,431,79,13,0.026156941649899398
no.marked.bolig,no.spill,892,2992,99,0.026155878467635403
no.bibsys,no.pressemeldinger.diskusjon,235,79,8,0.026143790849673203
no.it.diverse,no.speider,606,493,28,0.026143790849673203
no.biz.annonser.data,no.folklore.edb,1548,219,45,0.02613240418118467
no.norsk,no.sport.fotball,1963,629,66,0.026128266033254157
no.radio_tv,no.uninett.hjelp,583,124,18,0.026124818577648767
no.alt.amiga,no.alt.diskusjoner,343,2368,69,0.026116578349735048
no.amiga,no.marked.bolig,1544,892,62,0.02611625947767481
no.elektronikk,no.x,2253,301,65,0.026114905584572117
no.net,no.tungregning,1218,118,34,0.026113671274961597
no.prat.aksjer,no.radio-tv,480,2075,65,0.02610441767068273
no.lisp,no.sport.diverse,302,1507,46,0.026091888825865002
no.alt.tegneserier,no.test,1043,6390,189,0.02609055770292656
no.folklore.generelt,no.marked.diskusjon,49,187,6,0.02608695652173913
no.prat.ufo,no.spill.sjakk,327,145,12,0.02608695652173913
no.religion,no.slekt,1585,1837,87,0.02608695652173913
no.alt.config,no.pc,408,7029,189,0.026076158940397352
no.marked.jobb,no.telepost,2181,417,66,0.026066350710900472
no.marked.bil,no.norsk,1423,1963,86,0.026060606060606062
no.marked.diskusjon,no.prat.politikk,187,1152,34,0.026053639846743294
no.alt.katter,no.spill.rollespill,774,447,31,0.026050420168067228
no.mswindow,no.net,358,1218,40,0.026041666666666668
no.embnet,no.prat.seksualitet,260,883,29,0.026032315978456014
no.sykkel,no.video,1148,942,53,0.026018654884634267
no.hobby.diverse,no.perl,817,564,35,0.02600297176820208
no.ai,no.bil,254,2153,61,0.02600170502983802
no.it.emacs,no.tungregning,395,118,13,0.026
no.spill.rollespill,no.spill.sjakk,447,145,15,0.025996533795493933
no.ai,no.telepost,254,417,17,0.02599388379204893
no.uninett.hjelp,no.video,124,942,27,0.02598652550529355
no.film,no.speider,2587,493,78,0.02598267821452365
no.alt.pompel-og-pilt,no.org.dnd,329,66,10,0.025974025974025976
no.perl,no.uninett.katalog,564,68,16,0.025974025974025976
no.slekt.programmer,no.typografi,589,280,22,0.025974025974025976
no.alt.fan.de-lillos,no.alt.mat,176,1286,37,0.025964912280701753
no.it.diverse,no.org.dnd,606,66,17,0.025954198473282442
no.audio,no.vit.diverse,2493,473,75,0.025942580421999307
no.biz.annonser,no.pressemeldinger,2197,334,64,0.025942440210782326
no.folklore.edb,no.speider,219,493,18,0.025936599423631124
no.bil,no.news.drift,2153,379,64,0.02593192868719611
no.mail.drift,no.prat.aksjer,430,480,23,0.02593010146561443
no.biz.diskusjoner,no.prat.aksjer,431,480,23,0.0259009009009009
no.eunet.drift,no.x,135,301,11,0.02588235294117647
no.sources.wanted,no.tex,218,218,11,0.02588235294117647
no.alt.mat,no.eunet.diverse,1286,141,36,0.025880661394680086
no.elektronikk,no.uninett.skole,2253,522,70,0.025878003696857672
no.psykologi,no.spill.rollespill,584,447,26,0.025870646766169153
no.ef,no.uninett.katalog,567,68,16,0.025848142164781908
no.embnet,no.reiser,260,1050,33,0.025841816758026624
no.student.nett,no.vitser,452,3558,101,0.025837810181632132
no.alt.arkiv,no.pressemeldinger.diskusjon,199,79,7,0.025830258302583026
no.musikk.klassisk,no.prat.ufo,229,327,14,0.025830258302583026
no.skole.diverse,no.slekt.programmer,563,589,29,0.025823686553873553
no.pc,no.uninett.skole,7029,522,190,0.02581171036543948
no.mail.diverse,no.pressemeldinger.diskusjon,995,79,27,0.025787965616045846
no.nuug,no.sport.diverse,164,1507,42,0.02578268876611418
no.alt.motorsykler,no.news.drift,1690,379,52,0.025780862667327716
no.alt.flame,no.marked,2515,8430,275,0.02577319587628866
no.folklore.overtro,no.uninett.katalog,131,68,5,0.02577319587628866
no.it.diverse,no.marked,606,8430,227,0.0257690997843115
no.jus,no.sources.wanted,1852,218,52,0.02576808721506442
no.alt.radio-tv.irma-1000,no.prat.narkotika,309,527,21,0.025766871165644172
no.alt.config,no.musikk.klassisk,408,229,16,0.02576489533011272
no.kryptografi,no.pressemeldinger.diskusjon,359,79,11,0.02576112412177986
no.alt.god.jul,no.uninett.katalog,570,68,16,0.02572347266881029
no.sykkel,no.test,1148,6390,189,0.025717784732616683
no.prat.ufo,no.uninett.drift,327,112,11,0.02570093457943925
no.ai,no.marked.jobb,254,2181,61,0.025695029486099412
no.eunet.drift,no.psykologi,135,584,18,0.025677603423680456
no.alt.pompelog,no.alt.sjokolade,143,656,20,0.025673940949935817
no.alt.irc-treff,no.linux,296,3024,83,0.02564102564102564
no.folklore.overtro,no.musikk.klassisk,131,229,9,0.02564102564102564
no.musikk,no.student.nett,3669,452,103,0.025634644101543057
no.marked.jobb,no.x,2181,301,62,0.0256198347107438
no.alt.mat,no.slekt,1286,1837,78,0.02561576354679803
no.sport.diverse,no.student.samfund,1507,255,44,0.025611175785797437
no.skole.diverse,no.slekt.etterlysning,563,1240,45,0.025597269624573378
no.general,no.student.nett,7081,452,188,0.02559564329475834
no.marked.bolig,no.prat.politikk,892,1152,51,0.025589563472152535
no.c,no.spill.rollespill,1036,447,37,0.025587828492392807
no.student.samfund,no.sykkel,255,1148,35,0.025584795321637425
no.irc,no.standard,1475,129,40,0.02557544757033248
no.folklore.overtro,no.radio-tv,131,2075,55,0.025569502556950254
no.ms-windows,no.news.drift,3235,379,90,0.02553916004540295
no.ef,no.marked.data,567,7987,213,0.02553650641409903
no.marked.bil,no.musikk.gitar,1423,1148,64,0.025528520143597924
no.biz.diskusjoner,no.speider,431,493,23,0.025527192008879023
no.alt.tegneserier,no.norsk.fagord,1043,243,32,0.025518341307814992
no.marked.bolig,no.unix,892,1439,58,0.025516937967443906
no.alt.diskusjoner,no.nuug,2368,164,63,0.02551640340218712
no.mail.drift,no.pressemeldinger,430,334,19,0.025503355704697986
no.medisin,no.tegnsett,1038,249,32,0.02549800796812749
no.alt.irc-treff,no.org.dnd,296,66,9,0.025495750708215296
no.radio_tv,no.sources.list,583,101,17,0.025487256371814093
no.folklore.generelt,no.uninett.drift,49,112,4,0.025477707006369428
no.uninett.fik,no.uninett.hjelp,37,124,4,0.025477707006369428
no.alkohol,no.sources.wanted,1192,218,35,0.025454545454545455
no.alt.mat.drikke,no.marked.diskusjon,659,187,21,0.025454545454545455
no.media,no.uninett.drift,734,112,21,0.025454545454545455
no.slekt,no.sources.wanted,1837,218,51,0.025449101796407185
no.kryptografi,no.spill.rollespill,359,447,20,0.02544529262086514
no.prat.narkotika,no.tungregning,527,118,16,0.025437201907790145
no.student.samfund,no.unix,255,1439,42,0.025423728813559324
no.embnet,no.prat.politikk,260,1152,35,0.025417574437182282
no.prat.politikk,no.radio_tv,1152,583,43,0.02541371158392435
no.alt.fan.de-lillos,no.mail.drift,176,430,15,0.025380710659898477
no.skole.diverse,no.vitser,563,3558,102,0.02537944762378701
no.multimedia,no.uninett.drift,1383,112,37,0.025377229080932786
no.it.diverse,no.vitser,606,3558,103,0.025363211031765576
no.jus,no.standard,1852,129,49,0.025362318840579712
no.marked.bolig,no.vitser,892,3558,110,0.02534562211981567
no.bibsys,no.hobby.diverse,235,817,26,0.025341130604288498
no.alt.fan.de-lillos,no.biz.diskusjoner,176,431,15,0.02533783783783784
no.prat.ufo,no.typografi,327,280,15,0.02533783783783784
no.it.emacs,no.sport.diverse,395,1507,47,0.025336927223719677
no.speider,no.tele,493,2097,64,0.025336500395882817
no.alt.gledesutbrudd,no.musikk.klassisk,1754,229,49,0.025336091003102378
no.nuug,no.pressemeldinger.diskusjon,164,79,6,0.02531645569620253
no.bibsys,no.www,235,3452,91,0.025305895439377085
no.alt.radio_tv.irma1000,no.havforskning,210,398,15,0.025295109612141653
no.musikk.klassisk,no.news.drift,229,379,15,0.025295109612141653
no.bolig,no.skole.diverse,978,563,38,0.025282767797737856
no.biz.nettilbydere,no.marked.bil,686,1423,52,0.025279533300923675
no.alt.amiga,no.c,343,1036,34,0.025278810408921933
no.biz.annonser.data,no.prat.aksjer,1548,480,50,0.025278058645096056
no.kjemi,no.marked.diskusjon,746,187,23,0.025274725274725275
no.alt.radio-tv.irma-1000,no.norsk,309,1963,56,0.02527075812274368
no.alt.radio_tv.irma1000,no.mswindow,210,358,14,0.02527075812274368
no.medisin,no.x,1038,301,33,0.02526799387442573
no.alt.mat.drikke,no.uninett.drift,659,112,19,0.02526595744680851
no.alt.motorsykler,no.psykologi,1690,584,56,0.025247971145175834
no.biz.annonser.data,no.perl,1548,564,52,0.02524271844660194
no.havforskning,no.slekt,398,1837,55,0.02522935779816514
no.biz.nettilbydere,no.tegnsett,686,249,23,0.025219298245614034
no.havforskning,no.pressemeldinger,398,334,18,0.025210084033613446
no.spill,no.uninett.diverse,2992,262,80,0.02520478890989288
no.havforskning,no.sykkel,398,1148,38,0.025198938992042442
no.spill.sjakk,no.uninett.diverse,145,262,10,0.02518891687657431
no.pressemeldinger,no.reiser,334,1050,34,0.025185185185185185
no.pc,no.psykologi,7029,584,187,0.025181793697818474
no.alt.config,no.spill.rollespill,408,447,21,0.025179856115107913
no.alt.amiga,no.alt.mat,343,1286,40,0.025173064820641914
no.alt.pompel-og-pilt,no.biz.annonser,329,2197,62,0.025162337662337664
no.spill,no.vit.diverse,2992,473,85,0.02514792899408284
no.litteratur,no.sport.fotball,1532,629,53,0.025142314990512334
no.alt.arkiv,no.norsk,199,1963,53,0.025130393551446185
no.general,no.uninett.diverse,7081,262,180,0.02512913583693983
no.alt.pompel-og-pilt,no.sport.diverse,329,1507,45,0.02512562814070352
no.jus,no.musikk.klassisk,1852,229,51,0.025123152709359605
no.kryptografi,no.org.nobug.diverse,359,90,11,0.02511415525114155
no.folklore.overtro,no.skole.diverse,131,563,17,0.025110782865583457
no.sources.list,no.sport.orientering,101,144,6,0.02510460251046025
no.elektronikk,no.typografi,2253,280,62,0.02509105625252934
no.tex,no.uninett.katalog,218,68,7,0.025089605734767026
no.it.emacs,no.sources.wanted,395,218,15,0.02508361204013378
no.kjemi,no.prat.aksjer,746,480,30,0.02508361204013378
no.alt.katter,no.speider,774,493,31,0.025080906148867314
no.mac,no.slekt,2742,1837,112,0.025072755764495188
no.linux,no.student.nett,3024,452,85,0.02506635210852256
no.news.diverse,no.uninett.drift,1893,112,49,0.025051124744376277
no.jus,no.mswindow,1852,358,54,0.02504638218923933
no.mswindow,no.news.diverse,358,1893,55,0.025045537340619307
no.litteratur,no.marked.diskusjon,1532,187,42,0.025044722719141325
no.mac,no.nuug,2742,164,71,0.025044091710758377
no.prat.ufo,no.video,327,942,31,0.025040387722132473
no.marked.bolig,no.stortinget,892,665,38,0.025016458196181698
no.alt.motorsykler,no.marked.bolig,1690,892,63,0.02500992457324335
no.student.nett,no.video,452,942,34,0.025
no.mac,no.pressemeldinger,2742,334,75,0.024991669443518827
no.spill,no.tegnsett,2992,249,79,0.024984187223276406
no.alt.sjokolade,no.uninett.hjelp,656,124,19,0.024967148488830485
no.alt.motorsykler,no.prat.narkotika,1690,527,54,0.024965325936199722
no.ef,no.org.nobug.diverse,567,90,16,0.0249609984399376
no.musikk.gitar,no.tele,1148,2097,79,0.024952621604548326
no.musikk,no.uninett.skole,3669,522,102,0.024944974321349962
no.musikk,no.slekt,3669,1837,134,0.02494415487714073
no.alt.frustrasjoner,no.speider,3041,493,86,0.02494199535962877
no.eunet.hjelp,no.news.diverse,244,1893,52,0.024940047961630695
no.bil,no.it.emacs,2153,395,62,0.0249396621078037
no.biz.annonser,no.it.emacs,2197,395,63,0.02491103202846975
no.alt.radio-tv.irma-1000,no.religion,309,1585,46,0.024891774891774892
no.alt.gledesutbrudd,no.eunet.diverse,1754,141,46,0.024878312601406164
no.spill.sjakk,no.vit.diverse,145,473,15,0.024875621890547265
no.pressemeldinger,no.tele,334,2097,59,0.024873524451939293
no.alt.mat.drikke,no.uninett.hjelp,659,124,19,0.024869109947643978
no.marked.bolig,no.uninett.diverse,892,262,28,0.02486678507992895
no.mail.drift,no.slekt,430,1837,55,0.024864376130198915
no.alt.flame,no.alt.motorsykler,2515,1690,102,0.024859858640019498
no.bil,no.prat.narkotika,2153,527,65,0.0248565965583174
no.bibsys,no.radio-tv,235,2075,56,0.024844720496894408
no.alt.fan.de-lillos,no.ef,176,567,18,0.02482758620689655
no.marked.jobb,no.student.samfund,2181,255,59,0.02482120319730753
no.alt.flame,no.telepost,2515,417,71,0.02481649772806711
no.alt.diskusjoner,no.mswindow,2368,358,66,0.02481203007518797
no.litteratur,no.prat.ufo,1532,327,45,0.024807056229327454
no.eunet.hjelp,no.stortinget,244,665,22,0.02480270574971815
no.amiga,no.uninett.skole,1544,522,50,0.0248015873015873
no.marked,no.stortinget,8430,665,220,0.024788732394366197
no.alt.radio_tv.irma1000,no.speider,210,493,17,0.02478134110787172
no.bolig,no.spill,978,2992,96,0.0247805885389778
no.alt.fan.de-lillos,no.media,176,734,22,0.024774774774774775
no.prat.narkotika,no.tex,527,218,18,0.024759284731774415
no.sykkel,no.x,1148,301,35,0.024752475247524754
no.alt.sjokolade,no.org.nobug.diverse,656,90,18,0.024725274725274724
no.film,no.skole.diverse,2587,563,76,0.0247234873129473
no.mswindow,no.multimedia,358,1383,42,0.024720423778693348
no.alt.diskusjoner,no.eunet.hjelp,2368,244,63,0.02471557473519027
no.musikk.gitar,no.reiser,1148,1050,53,0.02470862470862471
no.alt.mat.drikke,no.standard,659,129,19,0.0247074122236671
no.mac,no.student.nett,2742,452,77,0.0247032402951556
no.marked.diskusjon,no.spill.sjakk,187,145,8,0.024691358024691357
no.standard,no.uninett.fik,129,37,4,0.024691358024691357
no.biz,no.media,55,734,19,0.024675324675324677
no.alt.arkiv,no.elektronikk,199,2253,59,0.024655244463017135
no.alt.radio_tv.irma1000,no.kjemi,210,746,23,0.02465166130760986
no.marked.bolig,no.prat.aksjer,892,480,33,0.024645257654966394
no.audio,no.psykologi,2493,584,74,0.024642024642024644
no.alt.radio-tv.irma-1000,no.it.diverse,309,606,22,0.02463605823068309
no.it.emacs,no.musikk.klassisk,395,229,15,0.024630541871921183
no.marked.diskusjon,no.musikk.klassisk,187,229,10,0.024630541871921183
no.pressemeldinger.diskusjon,no.standard,79,129,5,0.024630541871921183
no.bolig,no.marked.diskusjon,978,187,28,0.024626209322779244
no.musikk.klassisk,no.news.diverse,229,1893,51,0.024625784645098986
no.net,no.spill.rollespill,1218,447,40,0.024615384615384615
no.org.isoc-no,no.typografi,53,280,8,0.024615384615384615
no.musikk.gitar,no.sources.list,1148,101,30,0.02461033634126333
no.c,no.slekt,1036,1837,69,0.024607703281027102
no.alkohol,no.eunet.diverse,1192,141,32,0.024596464258262875
no.irc,no.mswindow,1475,358,44,0.024594745667970933
no.alt.flame,no.ms-windows,2515,3235,138,0.02459016393442623
no.alt.irc-treff,no.pressemeldinger.diskusjon,296,79,9,0.02459016393442623
no.radio-tv,no.x,2075,301,57,0.02457956015523933
no.marked.diskusjon,no.prat.aksjer,187,480,16,0.02457757296466974
no.org.nobug.diverse,no.student.nett,90,452,13,0.024574669187145556
no.spill.rollespill,no.uninett.diverse,447,262,17,0.024566473988439308
no.alt.pompel-og-pilt,no.marked.bil,329,1423,42,0.02456140350877193
no.alt.flame,no.audio,2515,2493,120,0.024549918166939442
no.org.dnd,no.sources.list,66,101,4,0.024539877300613498
no.alt.mat.drikke,no.tex,659,218,21,0.02453271028037383
no.alt.pompelog,no.media,143,734,21,0.02453271028037383
no.irc,no.uninett.drift,1475,112,38,0.024531956100710135
no.alt.mat,no.sources.wanted,1286,218,36,0.02452316076294278
no.alt.irc-treff,no.film,296,2587,69,0.024520255863539446
no.bil,no.skole.diverse,2153,563,65,0.024519049415314974
no.kryptografi,no.ms-windows,359,3235,86,0.02451539338654504
no.alt.pompel-og-pilt,no.prat.seksualitet,329,883,29,0.024513947590870666
no.film,no.student.samfund,2587,255,68,0.024513338139870222
no.amiga,no.sport.diverse,1544,1507,73,0.024513096037609133
no.alt.flame,no.medisin,2515,1038,85,0.024509803921568627
no.religion,no.slekt.programmer,1585,589,52,0.024505183788878417
no.spill.rollespill,no.vit.diverse,447,473,22,0.024498886414253896
no.nuug,no.slekt.programmer,164,589,18,0.024489795918367346
no.hobby.diverse,no.musikk.klassisk,817,229,25,0.024485798237022526
no.bibsys,no.unix,235,1439,40,0.02447980416156671
no.kryptografi,no.sykkel,359,1148,36,0.024473147518694765
no.media,no.prat.aksjer,734,480,29,0.024472573839662448
no.eunet.drift,no.speider,135,493,15,0.024469820554649267
no.medisin,no.tex,1038,218,30,0.024469820554649267
no.radio_tv,no.standard,583,129,17,0.02446043165467626
no.biz.annonser.data,no.news.drift,1548,379,46,0.024455077086656035
no.reiser,no.tegnsett,1050,249,31,0.02444794952681388
no.pc,no.skole.diverse,7029,563,181,0.024423154769936582
no.alt.flame,no.alt.irc-treff,2515,296,67,0.024416909620991252
no.speider,no.www,493,3452,94,0.024409244352116333
no.alt.motorsykler,no.medisin,1690,1038,65,0.024408561772437103
no.alt.amiga,no.alt.tegneserier,343,1043,33,0.024390243902439025
no.alt.pompel-og-pilt,no.folklore.generelt,329,49,9,0.024390243902439025
no.eunet.hjelp,no.lisp,244,302,13,0.024390243902439025
no.alt.sjokolade,no.prat.aksjer,656,480,27,0.024346257889990983
no.eunet.drift,no.stortinget,135,665,19,0.024327784891165175
no.c,no.sources.list,1036,101,27,0.024324324324324326
no.news.diverse,no.standard,1893,129,48,0.0243161094224924
no.org.nobug.diverse,no.psykologi,90,584,16,0.0243161094224924
no.perl,no.spill.rollespill,564,447,24,0.0243161094224924
no.spill.rollespill,no.uninett.skole,447,522,23,0.024312896405919663
no.biz.diskusjoner,no.marked.bil,431,1423,44,0.02430939226519337
no.biz.nettilbydere,no.student.nett,686,452,27,0.024302430243024302
no.amiga,no.it.emacs,1544,395,46,0.024300052826201797
no.org.isoc-no,no.prat.ufo,53,327,9,0.02425876010781671
no.marked.bolig,no.nuug,892,164,25,0.02424830261881668
no.prat.aksjer,no.tele,480,2097,61,0.02424483306836248
no.elektronikk,no.speider,2253,493,65,0.02424468481909735
no.radio-tv,no.tegnsett,2075,249,55,0.024239753195240195
no.it.os.os2,no.lisp,332,302,15,0.024232633279483037
no.eunet.drift,no.jus,135,1852,47,0.02422680412371134
no.it.emacs,no.speider,395,493,21,0.02422145328719723
no.musikk.gitar,no.telepost,1148,417,37,0.024214659685863876
no.sykkel,no.telepost,1148,417,37,0.024214659685863876
no.hobby.diverse,no.student.nett,817,452,30,0.024213075060532687
no.musikk,no.skole.diverse,3669,563,100,0.02420135527589545
no.it.os.os2,no.mail.drift,332,430,18,0.024193548387096774
no.alt.tegneserier,no.slekt,1043,1837,68,0.02418207681365576
no.linux,no.typografi,3024,280,78,0.02417854928704278
no.alt.arkiv,no.it.diverse,199,606,19,0.024173027989821884
no.linux,no.speider,3024,493,83,0.024170064065230052
no.alt.radio_tv.irma1000,no.standard,210,129,8,0.02416918429003021
no.alt.pompelog,no.speider,143,493,15,0.024154589371980676
no.alt.tegneserier,no.musikk.klassisk,1043,229,30,0.024154589371980676
no.biz.nettilbydere,no.it.os.os2,686,332,24,0.02414486921529175
no.alt.frustrasjoner,no.slekt,3041,1837,115,0.024144446777241233
no.litteratur,no.slekt.programmer,1532,589,50,0.024142926122646065
no.pressemeldinger.diskusjon,no.tex,79,218,7,0.02413793103448276
no.marked.jobb,no.typografi,2181,280,58,0.024136496046608405
no.org.nobug.diverse,no.slekt.programmer,90,589,16,0.024132730015082957
no.alt.flame,no.radio_tv,2515,583,73,0.024132231404958678
no.nuug,no.tex,164,218,9,0.024128686327077747
no.audio,no.perl,2493,564,72,0.024120603015075376
no.alt.radio-tv.irma-1000,no.norsk.fagord,309,243,13,0.02411873840445269
no.nuug,no.vit.diverse,164,473,15,0.024115755627009645
no.alt.arkiv,no.religion,199,1585,42,0.024110218140068886
no.perl,no.radio_tv,564,583,27,0.024107142857142858
no.ai,no.musikk.gitar,254,1148,33,0.02410518626734843
no.alt.arkiv,no.marked.jobb,199,2181,56,0.024096385542168676
no.biz.nettilbydere,no.pressemeldinger,686,334,24,0.024096385542168676
no.kryptografi,no.org.dnd,359,66,10,0.024096385542168676
no.mail.diverse,no.uninett.katalog,995,68,25,0.024084778420038536
no.alkohol,no.marked.bolig,1192,892,49,0.02407862407862408
no.havforskning,no.vitser,398,3558,93,0.024074553455863318
no.nuug,no.video,164,942,26,0.024074074074074074
no.net,no.sources.list,1218,101,31,0.02406832298136646
no.alt.mat,no.sport.fotball,1286,629,45,0.02406417112299465
no.alt.pompel-og-pilt,no.tele,329,2097,57,0.024060785141409878
no.linux,no.marked.bolig,3024,892,92,0.02405857740585774
no.musikk.gitar,no.standard,1148,129,30,0.024057738572574178
no.biz,no.norsk.fagord,55,243,7,0.024054982817869417
no.alt.radio_tv.irma1000,no.x,210,301,12,0.02404809619238477
no.skole.diverse,no.unix,563,1439,47,0.02404092071611253
no.alt.irctreff,no.folklore.overtro,82,131,5,0.02403846153846154
no.alkohol,no.standard,1192,129,31,0.024031007751937984
no.alt.gledesutbrudd,no.nuug,1754,164,45,0.02402562733582488
no.musikk.klassisk,no.uninett.drift,229,112,8,0.024024024024024024
no.alt.katter,no.pressemeldinger.diskusjon,774,79,20,0.024009603841536616
no.biz.nettilbydere,no.sykkel,686,1148,43,0.02400893355667225
no.marked.bolig,no.vit.diverse,892,473,32,0.024006001500375095
no.embnet,no.www,260,3452,87,0.024
no.alt.flame,no.biz.nettilbydere,2515,686,75,0.02399232245681382
no.biz.diskusjoner,no.general,431,7081,176,0.023991275899672846
no.alt.fan.de-lillos,no.news.drift,176,379,13,0.023985239852398525
no.kryptografi,no.uninett.katalog,359,68,10,0.023980815347721823
no.ai,no.video,254,942,28,0.023972602739726026
no.alt.pompel-og-pilt,no.vitser,329,3558,91,0.023972602739726026
no.marked.diskusjon,no.uninett.drift,187,112,7,0.023972602739726026
no.student.samfund,no.tele,255,2097,55,0.023944275141488898
no.ai,no.vit.diverse,254,473,17,0.023943661971830985
no.biz.nettilbydere,no.student.samfund,686,255,22,0.023939064200217627
no.alt.flame,no.alt.radio-tv.irma-1000,2515,309,66,0.023930384336475707
no.alt.amiga,no.alt.gledesutbrudd,343,1754,49,0.02392578125
no.alt.gledesutbrudd,no.sources.wanted,1754,218,46,0.023883696780893044
no.alkohol,no.prat.aksjer,1192,480,39,0.023882424984690752
no.medisin,no.pressemeldinger,1038,334,32,0.023880597014925373
no.hobby.diverse,no.student.samfund,817,255,25,0.02387774594078319
no.alt.tegneserier,no.eunet.hjelp,1043,244,30,0.02386634844868735
no.irc,no.prat.ufo,1475,327,42,0.023863636363636365
no.havforskning,no.spill,398,2992,79,0.023859861069163393
no.marked,no.psykologi,8430,584,210,0.02385279418446161
no.havforskning,no.it.os.os2,398,332,17,0.023842917251051893
no.musikk.klassisk,no.norsk,229,1963,51,0.02382064455861747
no.alt.amiga,no.biz.diskusjoner,343,431,18,0.023809523809523808
no.medisin,no.vr,1038,166,28,0.023809523809523808
no.prat.ufo,no.reiser,327,1050,32,0.02379182156133829
no.ai,no.film,254,2587,66,0.023783783783783784
no.ef,no.pressemeldinger.diskusjon,567,79,15,0.02377179080824089
no.news.diverse,no.sources.wanted,1893,218,49,0.02376333656644035
no.marked.diskusjon,no.tele,187,2097,53,0.023756163155535633
no.alt.diskusjoner,no.tex,2368,218,60,0.023752969121140142
no.biz.annonser.data,no.uninett.skole,1548,522,48,0.02373887240356083
no.alt.katter,no.sources.wanted,774,218,23,0.023735810113519093
no.alkohol,no.spill.rollespill,1192,447,38,0.023735165521549032
no.mac,no.speider,2742,493,75,0.023734177215189875
no.alt.irc-treff,no.general,296,7081,171,0.02373022481265612
no.alt.mat.drikke,no.tungregning,659,118,18,0.023715415019762844
no.eunet.drift,no.uninett.hjelp,135,124,6,0.023715415019762844
no.audio,no.eunet.diverse,2493,141,61,0.023707734162456275
no.medisin,no.standard,1038,129,27,0.02368421052631579
no.folklore.generelt,no.uninett.hjelp,49,124,4,0.023668639053254437
no.litteratur,no.uninett.drift,1532,112,38,0.023661270236612703
no.media,no.sources.wanted,734,218,22,0.023655913978494623
no.ai,no.folklore.generelt,254,49,7,0.02364864864864865
no.alt.motorsykler,no.biz.diskusjoner,1690,431,49,0.02364864864864865
no.prat.politikk,no.slekt,1152,1837,69,0.02363013698630137
no.alt.mat,no.spill.rollespill,1286,447,40,0.02362669816893089
no.alt.flame,no.lisp,2515,302,65,0.023619186046511628
no.skole.diverse,no.spill,563,2992,82,0.023610711200691047
no.alt.frustrasjoner,no.student.samfund,3041,255,76,0.02360248447204969
no.irc,no.sources.wanted,1475,218,39,0.02357920193470375
no.biz.diskusjoner,no.org.nobug.diverse,431,90,12,0.023575638506876228
no.alt.irc-treff,no.reiser,296,1050,31,0.023574144486692015
no.alt.pompel-og-pilt,no.radio_tv,329,583,21,0.02356902356902357
no.alt.motorsykler,no.it.emacs,1690,395,48,0.023564064801178203
no.alt.pompel-og-pilt,no.sykkel,329,1148,34,0.02356202356202356
no.bil,no.psykologi,2153,584,63,0.02356020942408377
no.folklore.edb,no.skole.diverse,219,563,18,0.02356020942408377
no.lisp,no.prat.aksjer,302,480,18,0.02356020942408377
no.org.nobug.diverse,no.x,90,301,9,0.02356020942408377
no.alt.amiga,no.eunet.drift,343,135,11,0.023554603854389723
no.alt.mat,no.bibsys,1286,235,35,0.023553162853297442
no.alt.god.jul,no.alt.irctreff,570,82,15,0.023547880690737835
no.musikk.klassisk,no.radio-tv,229,2075,53,0.023545091070635273
no.alt.pompelog,no.tungregning,143,118,6,0.023529411764705882
no.reiser,no.test,1050,6390,171,0.02352455633512175
no.alkohol,no.eunet.hjelp,1192,244,33,0.023521026372059873
no.folklore.generelt,no.mail.drift,49,430,11,0.023504273504273504
no.alt.config,no.video,408,942,31,0.02350265352539803
no.alt.arkiv,no.biz.annonser,199,2197,55,0.02349423323366083
no.elektronikk,no.marked.diskusjon,2253,187,56,0.02348993288590604
no.org.isoc-no,no.sport.volleyball,53,165,5,0.023474178403755867
no.alt.mat,no.slekt.programmer,1286,589,43,0.023471615720524017
no.biz.annonser.data,no.prat.ufo,1548,327,43,0.023471615720524017
no.alt.irc-treff,no.org.isoc-no,296,53,8,0.02346041055718475
no.folklore.overtro,no.sources.wanted,131,218,8,0.02346041055718475
no.marked.bil,no.test,1423,6390,179,0.02344773382237359
no.alt.pompel-og-pilt,no.biz.annonser.data,329,1548,43,0.023446019629225736
no.telepost,no.vitser,417,3558,91,0.023429454170957775
no.havforskning,no.skole.diverse,398,563,22,0.023429179978700747
no.alt.diskusjoner,no.vr,2368,166,58,0.023424878836833602
no.ai,no.linux,254,3024,75,0.023415547923821417
no.alt.mat,no.eunet.hjelp,1286,244,35,0.023411371237458192
no.prat.seksualitet,no.pressemeldinger.diskusjon,883,79,22,0.023404255319148935
no.it.emacs,no.prat.aksjer,395,480,20,0.023391812865497075
no.havforskning,no.tele,398,2097,57,0.023379819524200166
no.biz.nettilbydere,no.psykologi,686,584,29,0.023368251410153102
no.radio_tv,no.tungregning,583,118,16,0.02335766423357664
no.bil,no.perl,2153,564,62,0.023352165725047083
no.alt.amiga,no.org.efn.diskusjon,343,446,18,0.023346303501945526
no.mswindow,no.tele,358,2097,56,0.02334305960817007
no.ai,no.amiga,254,1544,41,0.02333523050654525
no.alt.fan.de-lillos,no.folklore.overtro,176,131,7,0.023333333333333334
no.alt.fan.de-lillos,no.alt.gledesutbrudd,176,1754,44,0.02332979851537646
no.marked.diskusjon,no.ms-windows,187,3235,78,0.02332535885167464
no.alt.pompel-og-pilt,no.telepost,329,417,17,0.023319615912208505
no.c,no.marked.bil,1036,1423,56,0.023304203079483977
no.amiga,no.x,1544,301,42,0.02329450915141431
no.alt.flame,no.vit.diverse,2515,473,68,0.023287671232876714
no.c,no.prat.ufo,1036,327,31,0.023273273273273273
no.medisin,no.slekt.programmer,1038,589,37,0.023270440251572325
no.bolig,no.vr,978,166,26,0.023255813953488372
no.kjemi,no.org.nobug.diverse,746,90,19,0.023255813953488372
no.norsk,no.slekt.programmer,1963,589,58,0.023255813953488372
no.sport.diverse,no.sport.volleyball,1507,165,38,0.023255813953488372
no.alt.sjokolade,no.test,656,6390,160,0.023235550392099912
no.org.nobug.diverse,no.prat.narkotika,90,527,14,0.02321724709784411
no.folklore.overtro,no.prat.seksualitet,131,883,23,0.02320887991927346
no.it.emacs,no.org.nobug.diverse,395,90,11,0.023206751054852322
no.marked.diskusjon,no.skole.diverse,187,563,17,0.023192360163710776
no.biz.nettilbydere,no.telepost,686,417,25,0.023191094619666047
no.marked.bil,no.skole.diverse,1423,563,45,0.023183925811437404
no.alt.motorsykler,no.vit.diverse,1690,473,49,0.023178807947019868
no.eunet.drift,no.it.emacs,135,395,12,0.023166023166023165
no.musikk,no.uninett.diverse,3669,262,89,0.02316501821967725
no.havforskning,no.prat.seksualitet,398,883,29,0.0231629392971246
no.film,no.telepost,2587,417,68,0.02316076294277929
no.alt.arkiv,no.medisin,199,1038,28,0.02315963606286187
no.lisp,no.ms-windows,302,3235,80,0.023141452126120916
no.sport.diverse,no.standard,1507,129,37,0.023139462163852407
no.lisp,no.musikk.klassisk,302,229,12,0.023121387283236993
no.skole.diverse,no.sources.list,563,101,15,0.023112480739599383
no.alt.flame,no.test,2515,6390,201,0.023092830882352942
no.prat.ufo,no.tegnsett,327,249,13,0.023090586145648313
no.spill.rollespill,no.standard,447,129,13,0.023090586145648313
no.alt.flame,no.marked.data,2515,7987,237,0.023088163662932294
no.perl,no.spill.sjakk,564,145,16,0.023088023088023088
no.it.emacs,no.spill.rollespill,395,447,19,0.023086269744835967
no.alt.gledesutbrudd,no.slekt,1754,1837,81,0.023076923076923078
no.biz.diskusjoner,no.sources.list,431,101,12,0.023076923076923078
no.norsk,no.vr,1963,166,48,0.023065833733781835
no.ai,no.tele,254,2097,53,0.023063533507397736
no.marked.diskusjon,no.x,187,301,11,0.023060796645702306
no.alt.arkiv,no.bil,199,2153,53,0.023053501522401043
no.jus,no.slekt.programmer,1852,589,55,0.02305113160100587
no.slekt,no.tegnsett,1837,249,47,0.0230505149583129
no.alt.pompelog,no.pressemeldinger.diskusjon,143,79,5,0.02304147465437788
no.folklore.generelt,no.it.emacs,49,395,10,0.02304147465437788
no.alt.radio-tv.irma-1000,no.marked.bil,309,1423,39,0.02303603071470762
no.org.nobug.diverse,no.stortinget,90,665,17,0.023035230352303523
no.alt.arkiv,no.pressemeldinger,199,334,12,0.023032629558541268
no.folklore.generelt,no.uninett.diverse,49,262,7,0.023026315789473683
no.alt.pompel-og-pilt,no.reiser,329,1050,31,0.022997032640949554
no.marked,no.news.drift,8430,379,198,0.022993845081872025
no.alt.diskusjoner,no.prat.aksjer,2368,480,64,0.022988505747126436
no.alt.pompelog,no.uninett.hjelp,143,124,6,0.022988505747126436
no.alt.radio_tv.irma1000,no.c,210,1036,28,0.022988505747126436
no.folklore.generelt,no.standard,49,129,4,0.022988505747126436
no.alkohol,no.slekt.programmer,1192,589,40,0.022975301550832855
no.biz.diskusjoner,no.musikk,431,3669,92,0.022954091816367265
no.biz.annonser,no.student.samfund,2197,255,55,0.0229453483521068
no.alt.radio-tv.irma-1000,no.radio_tv,309,583,20,0.022935779816513763
no.marked.bolig,no.org.efn.diskusjon,892,446,30,0.022935779816513763
no.alt.radio_tv.irma1000,no.net,210,1218,32,0.022922636103151862
no.alt.radio_tv.irma1000,no.mail.diverse,210,995,27,0.022920203735144314
no.marked,no.slekt,8430,1837,230,0.02291521370927568
no.alt.katter,no.nuug,774,164,21,0.022900763358778626
no.mswindow,no.org.efn.diskusjon,358,446,18,0.022900763358778626
no.student.nett,no.tex,452,218,15,0.022900763358778626
no.biz.diskusjoner,no.pc,431,7029,167,0.022898669957493487
no.embnet,no.slekt.programmer,260,589,19,0.02289156626506024
no.litteratur,no.vr,1532,166,38,0.02289156626506024
no.prat.aksjer,no.sources.list,480,101,13,0.022887323943661973
no.irc,no.spill.rollespill,1475,447,43,0.022884513038850453
no.lisp,no.spill.sjakk,302,145,10,0.02288329519450801
no.litteratur,no.slekt.etterlysning,1532,1240,62,0.022878228782287822
no.biz.nettilbydere,no.nuug,686,164,19,0.02286401925391095
no.alt.radio-tv.irma-1000,no.folklore.generelt,309,49,8,0.022857142857142857
no.ai,no.biz.nettilbydere,254,686,21,0.022850924918389554
no.ai,no.elektronikk,254,2253,56,0.02284781721746226
no.elektronikk,no.prat.aksjer,2253,480,61,0.02282934131736527
no.bil,no.org.efn.diskusjon,2153,446,58,0.022825659189295553
no.alt.radio-tv.irma-1000,no.unix,309,1439,39,0.022820362785254535
no.amiga,no.vit.diverse,1544,473,45,0.02281947261663286
no.news.diverse,no.uninett.hjelp,1893,124,45,0.02281947261663286
no.alt.radio_tv.irma1000,no.jus,210,1852,46,0.022817460317460316
no.linux,no.skole.diverse,3024,563,80,0.02281151981750784
no.kryptografi,no.speider,359,493,19,0.022809123649459785
no.slekt,no.unix,1837,1439,73,0.022791133312519512
no.ms-windows,no.org.efn.diskusjon,3235,446,82,0.02278410669630453
no.folklore.edb,no.litteratur,219,1532,39,0.0227803738317757
no.alt.radio-tv.irma-1000,no.slekt.programmer,309,589,20,0.022779043280182234
no.alt.irc-treff,no.norsk.fagord,296,243,12,0.022770398481973434
no.mswindow,no.unix,358,1439,40,0.022766078542970972
no.ms-windows,no.sport.fotball,3235,629,86,0.022763366860772894
no.biz.diskusjoner,no.norsk.fagord,431,243,15,0.02276176024279211
no.stortinget,no.test,665,6390,157,0.022760220353725717
no.film,no.pressemeldinger,2587,334,65,0.02275910364145658
no.multimedia,no.sources.list,1383,101,33,0.022742935906271536
no.amiga,no.vr,1544,166,38,0.022727272727272728
no.it.diverse,no.tegnsett,606,249,19,0.022727272727272728
no.kjemi,no.pressemeldinger,746,334,24,0.022727272727272728
no.linux,no.slekt,3024,1837,108,0.022722491058278983
no.general,no.x,7081,301,164,0.022720975339429204
no.medisin,no.speider,1038,493,34,0.022712090848363394
no.musikk.gitar,no.perl,1148,564,38,0.022700119474313024
no.eunet.drift,no.news.diverse,135,1893,45,0.0226928895612708
no.bibsys,no.marked.bolig,235,892,25,0.022686025408348458
no.psykologi,no.slekt.programmer,584,589,26,0.022667829119442023
no.audio,no.it.emacs,2493,395,64,0.0226628895184136
no.it.emacs,no.prat.ufo,395,327,16,0.0226628895184136
no.hobby.diverse,no.spill.rollespill,817,447,28,0.022653721682847898
no.amiga,no.uninett.diverse,1544,262,40,0.022650056625141562
no.ai,no.sport.diverse,254,1507,39,0.02264808362369338
no.embnet,no.spill,260,2992,72,0.022641509433962263
no.norsk.fagord,no.prat.aksjer,243,480,16,0.02263083451202263
no.biz.nettilbydere,no.tex,686,218,20,0.02262443438914027
no.alt.irc-treff,no.skole.diverse,296,563,19,0.02261904761904762
no.musikk.gitar,no.tungregning,1148,118,28,0.022617124394184167
no.alt.god.jul,no.eunet.hjelp,570,244,18,0.022613065326633167
no.bolig,no.norsk.fagord,978,243,27,0.022613065326633167
no.musikk.gitar,no.slekt,1148,1837,66,0.022610483042137718
no.eunet.hjelp,no.tungregning,244,118,8,0.022598870056497175
no.sources.wanted,no.sport.orientering,218,144,8,0.022598870056497175
no.kryptografi,no.musikk,359,3669,89,0.022594567149022596
no.ai,no.it.diverse,254,606,19,0.022592152199762187
no.havforskning,no.marked,398,8430,195,0.02258774470056759
no.marked,no.org.efn.diskusjon,8430,446,196,0.02258064516129032
no.bibsys,no.tex,235,218,10,0.022573363431151242
no.havforskning,no.prat.ufo,398,327,16,0.022566995768688293
no.alt.frustrasjoner,no.folklore.overtro,3041,131,70,0.02256608639587363
no.alt.flame,no.bil,2515,2153,103,0.022562979189485213
no.alt.pompel-og-pilt,no.pressemeldinger.diskusjon,329,79,9,0.022556390977443608
no.alt.motorsykler,no.embnet,1690,260,43,0.022548505506030415
no.musikk.klassisk,no.religion,229,1585,40,0.02254791431792559
no.hobby.diverse,no.slekt.programmer,817,589,31,0.022545454545454546
no.biz.diskusjoner,no.uninett.katalog,431,68,11,0.022540983606557378
no.alt.motorsykler,no.havforskning,1690,398,46,0.022526934378060724
no.it.diverse,no.marked.bolig,606,892,33,0.022525597269624574
no.slekt.programmer,no.www,589,3452,89,0.022520242914979758
no.bolig,no.uninett.drift,978,112,24,0.0225140712945591
no.alt.radio-tv.irma-1000,no.prat.ufo,309,327,14,0.022508038585209004
no.marked.bil,no.unix,1423,1439,63,0.022508038585209004
no.norsk.fagord,no.radio-tv,243,2075,51,0.022496691662990738
no.tungregning,no.vit.diverse,118,473,13,0.02249134948096886
no.jus,no.slekt.etterlysning,1852,1240,68,0.022486772486772486
no.mail.drift,no.marked.data,430,7987,185,0.02247327502429543
no.alt.irc-treff,no.uninett.katalog,296,68,8,0.02247191011235955
no.bibsys,no.religion,235,1585,40,0.02247191011235955
no.it.os.os2,no.jus,332,1852,48,0.02247191011235955
no.ef,no.prat.aksjer,567,480,23,0.0224609375
no.prat.ufo,no.sport.fotball,327,629,21,0.022459893048128343
no.havforskning,no.marked.bil,398,1423,40,0.022459292532285232
no.slekt.programmer,no.tele,589,2097,59,0.022459078797106968
no.alt.amiga,no.tegnsett,343,249,13,0.022452504317789293
no.prat.aksjer,no.uninett.drift,480,112,13,0.022452504317789293
no.alt.pompelog,no.mswindow,143,358,11,0.022448979591836733
no.alt.mat,no.tex,1286,218,33,0.022433718558803536
no.alt.pompel-og-pilt,no.tex,329,218,12,0.022429906542056073
no.amiga,no.test,1544,6390,174,0.022422680412371134
no.bil,no.folklore.edb,2153,219,52,0.022413793103448276
no.medisin,no.slekt,1038,1837,63,0.02240398293029872
no.alt.flame,no.biz.annonser.data,2515,1548,89,0.022395571212883745
no.multimedia,no.uninett.hjelp,1383,124,33,0.022388059701492536
no.jus,no.uninett.drift,1852,112,43,0.022384174908901613
no.bolig,no.nuug,978,164,25,0.022381378692927483
no.alt.irc-treff,no.marked.bolig,296,892,26,0.022375215146299483
no.alt.mat.drikke,no.nuug,659,164,18,0.02236024844720497
no.alt.fan.de-lillos,no.prat.ufo,176,327,11,0.022357723577235773
no.marked.jobb,no.skole.diverse,2181,563,60,0.022354694485842028
no.irc,no.sport.fotball,1475,629,46,0.022351797862001945
no.marked.diskusjon,no.norsk,187,1963,47,0.02234902520209225
no.lisp,no.spill,302,2992,72,0.0223463687150838
no.test,no.vit.diverse,6390,473,150,0.022344704305079698
no.alt.katter,no.marked.diskusjon,774,187,21,0.022340425531914895
no.alt.gledesutbrudd,no.sport.fotball,1754,629,52,0.02230802230802231
no.it.emacs,no.test,395,6390,148,0.022299231580533374
no.multimedia,no.slekt.programmer,1383,589,43,0.022291342664593053
no.news.diverse,no.pressemeldinger.diskusjon,1893,79,43,0.022291342664593053
no.bil,no.slekt,2153,1837,87,0.022290545734050732
no.org.dnd,no.x,66,301,8,0.022284122562674095
no.net,no.prat.aksjer,1218,480,37,0.022275737507525588
no.alkohol,no.slekt,1192,1837,66,0.022274721565980427
no.folklore.edb,no.it.os.os2,219,332,12,0.022263450834879406
no.alt.katter,no.test,774,6390,156,0.02226027397260274
no.film,no.sport.fotball,2587,629,70,0.02225047679593134
no.alt.amiga,no.x,343,301,14,0.022222222222222223
no.alt.sjokolade,no.tex,656,218,19,0.022222222222222223
no.biz,no.standard,55,129,4,0.022222222222222223
no.eunet.drift,no.folklore.generelt,135,49,4,0.022222222222222223
no.film,no.folklore.edb,2587,219,61,0.022222222222222223
no.lisp,no.org.dnd,302,66,8,0.022222222222222223
no.nuug,no.org.dnd,164,66,5,0.022222222222222223
no.org.dnd,no.tungregning,66,118,4,0.022222222222222223
no.org.nobug.diverse,no.org.nobug.nytt,90,2,2,0.022222222222222223
no.pressemeldinger,no.sport.diverse,334,1507,40,0.02220988339811216
no.alkohol,no.prat.ufo,1192,327,33,0.02220726783310902
no.kjemi,no.test,746,6390,155,0.02220312276178198
no.elektronikk,no.prat.ufo,2253,327,56,0.022187004754358162
no.religion,no.vr,1585,166,38,0.022183304144775248
no.alt.fan.de-lillos,no.kjemi,176,746,20,0.022172949002217297
no.it.diverse,no.marked.bil,606,1423,44,0.02216624685138539
no.alt.mat.drikke,no.pressemeldinger.diskusjon,659,79,16,0.0221606648199446
no.bolig,no.standard,978,129,24,0.0221606648199446
no.litteratur,no.standard,1532,129,36,0.022153846153846152
no.prat.aksjer,no.vr,480,166,14,0.022151898734177215
no.c,no.tungregning,1036,118,25,0.022143489813994686
no.alt.irc-treff,no.biz.annonser,296,2197,54,0.02214022140221402
no.prat.narkotika,no.vr,527,166,15,0.022123893805309734
no.religion,no.tex,1585,218,39,0.022108843537414966
no.alt.mat.drikke,no.marked.data,659,7987,187,0.022106631989596878
no.skole.diverse,no.sykkel,563,1148,37,0.022102747909199524
no.alt.config,no.it.os.os2,408,332,16,0.022099447513812154
no.ef,no.mswindow,567,358,20,0.022099447513812154
no.org.nobug.diverse,no.typografi,90,280,8,0.022099447513812154
no.folklore.overtro,no.it.os.os2,131,332,10,0.02207505518763797
no.alt.amiga,no.havforskning,343,398,16,0.022068965517241378
no.musikk.gitar,no.vit.diverse,1148,473,35,0.022068095838587643
no.net,no.pressemeldinger.diskusjon,1218,79,28,0.02206461780929866
no.prat.politikk,no.spill.sjakk,1152,145,28,0.02206461780929866
no.sport.diverse,no.x,1507,301,39,0.022046353872244205
no.ef,no.test,567,6390,150,0.022036139268400177
no.biz.annonser.data,no.uninett.diverse,1548,262,39,0.0220214568040655
no.amiga,no.musikk.gitar,1544,1148,58,0.02201974183750949
no.norsk,no.slekt.etterlysning,1963,1240,69,0.022016592214422464
no.alt.config,no.marked.bolig,408,892,28,0.0220125786163522
no.irc,no.norsk.fagord,1475,243,37,0.022010707911957167
no.alt.motorsykler,no.org.efn.diskusjon,1690,446,46,0.02200956937799043
no.audio,no.prat.narkotika,2493,527,65,0.021996615905245348
no.alt.gledesutbrudd,no.eunet.hjelp,1754,244,43,0.021994884910485932
no.medisin,no.slekt.etterlysning,1038,1240,49,0.021982951996410947
no.alt.pompel-og-pilt,no.musikk.klassisk,329,229,12,0.02197802197802198
no.biz,no.folklore.overtro,55,131,4,0.02197802197802198
no.lisp,no.vitser,302,3558,83,0.021975112523166536
no.medisin,no.sources.wanted,1038,218,27,0.021969080553295363
no.alt.amiga,no.uninett.diverse,343,262,13,0.02195945945945946
no.slekt.programmer,no.tegnsett,589,249,18,0.02195121951219512
no.alt.radio-tv.irma-1000,no.sport.diverse,309,1507,39,0.021947101857062466
no.alkohol,no.uninett.drift,1192,112,28,0.0219435736677116
no.ms-windows,no.psykologi,3235,584,82,0.021942734814021942
no.ms-windows,no.speider,3235,493,80,0.021929824561403508
no.alt.flame,no.alt.pompel-og-pilt,2515,329,61,0.021918792669780814
no.slekt,no.uninett.diverse,1837,262,45,0.021908471275559883
no.alt.irc-treff,no.musikk,296,3669,85,0.02190721649484536
no.alt.sjokolade,no.telepost,656,417,23,0.021904761904761906
no.lisp,no.marked,302,8430,187,0.021884142773551784
no.alkohol,no.marked.bil,1192,1423,56,0.021883548261039467
no.hobby.diverse,no.nuug,817,164,21,0.021875
no.ai,no.sykkel,254,1148,30,0.021865889212827987
no.slekt.programmer,no.uninett.drift,589,112,15,0.021865889212827987
no.alt.irc-treff,no.marked.jobb,296,2181,53,0.021864686468646866
no.biz.annonser,no.typografi,2197,280,53,0.021864686468646866
no.marked.bolig,no.religion,892,1585,53,0.021864686468646866
no.it.emacs,no.vr,395,166,12,0.02185792349726776
no.audio,no.kryptografi,2493,359,61,0.02185596560372626
no.alt.god.jul,no.marked.data,570,7987,183,0.021853355624552186
no.folklore.overtro,no.sport.diverse,131,1507,35,0.021834061135371178
no.alt.radio_tv.irma1000,no.irc,210,1475,36,0.021831412977562158
no.slekt.etterlysning,no.speider,1240,493,37,0.021816037735849055
no.irc,no.tungregning,1475,118,34,0.021808851828094934
no.alt.motorsykler,no.it.diverse,1690,606,49,0.021806853582554516
no.alt.pompel-og-pilt,no.prat.ufo,329,327,14,0.021806853582554516
no.org.dnd,no.uninett.diverse,66,262,7,0.021806853582554516
no.biz.nettilbydere,no.test,686,6390,151,0.021805054151624547
no.general,no.typografi,7081,280,157,0.02179344808439756
no.kryptografi,no.marked.bil,359,1423,38,0.021788990825688075
no.multimedia,no.tungregning,1383,118,32,0.021783526208304968
no.multimedia,no.spill.rollespill,1383,447,39,0.021775544388609715
no.musikk.gitar,no.vr,1148,166,28,0.02177293934681182
no.marked.bolig,no.skole.diverse,892,563,31,0.021769662921348316
no.marked.diskusjon,no.perl,187,564,16,0.021768707482993196
no.havforskning,no.spill.rollespill,398,447,18,0.02176541717049577
no.it.emacs,no.pc,395,7029,158,0.021745114230663363
no.alkohol,no.uninett.hjelp,1192,124,28,0.021739130434782608
no.alt.gledesutbrudd,no.pressemeldinger.diskusjon,1754,79,39,0.021739130434782608
no.alt.god.jul,no.eunet.drift,570,135,15,0.021739130434782608
no.alt.katter,no.slekt.programmer,774,589,29,0.021739130434782608
no.alt.pompelog,no.typografi,143,280,9,0.021739130434782608
no.audio,no.typografi,2493,280,59,0.021739130434782608
no.nuug,no.spill.rollespill,164,447,13,0.021739130434782608
no.org.nobug.diverse,no.spill.sjakk,90,145,5,0.021739130434782608
no.alt.diskusjoner,no.sources.wanted,2368,218,55,0.021730541288028447
no.c,no.marked.diskusjon,1036,187,26,0.02172096908939014
no.org.efn.diskusjon,no.slekt.programmer,446,589,22,0.02171767028627838
no.skole.diverse,no.slekt,563,1837,51,0.021711366538952746
no.mswindow,no.x,358,301,14,0.021705426356589147
no.marked.bolig,no.news.drift,892,379,27,0.021704180064308683
no.bibsys,no.sport.diverse,235,1507,37,0.021700879765395895
no.spill.rollespill,no.tungregning,447,118,12,0.0216998191681736
no.jus,no.pressemeldinger.diskusjon,1852,79,41,0.021693121693121695
no.folklore.edb,no.sykkel,219,1148,29,0.021674140508221227
no.eunet.hjelp,no.kjemi,244,746,21,0.021671826625386997
no.alt.mat,no.standard,1286,129,30,0.021660649819494584
no.alt.irc-treff,no.bolig,296,978,27,0.02165196471531676
no.slekt.programmer,no.vr,589,166,16,0.02165087956698241
no.ai,no.tex,254,218,10,0.021645021645021644
no.org.decus,no.sources.wanted,18,218,5,0.021645021645021644
no.alt.arkiv,no.biz.annonser.data,199,1548,37,0.021637426900584796
no.biz.diskusjoner,no.sport.diverse,431,1507,41,0.02161307327358988
no.ai,no.folklore.edb,254,219,10,0.02159827213822894
no.eunet.diverse,no.news.diverse,141,1893,43,0.021597187343043698
no.alt.diskusjoner,no.eunet.diverse,2368,141,53,0.021579804560260585
no.bil,no.uninett.diverse,2153,262,51,0.021573604060913704
no.ai,no.audio,254,2493,58,0.021569356638155446
no.alt.mat,no.eunet.drift,1286,135,30,0.021567217828900073
no.prat.aksjer,no.www,480,3452,83,0.02156404260846973
no.ef,no.marked.bil,567,1423,42,0.021560574948665298
no.alt.config,no.org.dnd,408,66,10,0.021551724137931036
no.kryptografi,no.slekt.programmer,359,589,20,0.021551724137931036
no.prat.politikk,no.standard,1152,129,27,0.0215311004784689
no.alt.flame,no.uninett.skole,2515,522,64,0.021527077026572486
no.alt.mat.drikke,no.prat.aksjer,659,480,24,0.021524663677130046
no.bolig,no.slekt.programmer,978,589,33,0.02151238591916558
no.alt.irctreff,no.radio_tv,82,583,14,0.021505376344086023
no.eunet.diverse,no.pressemeldinger,141,334,10,0.021505376344086023
no.org.dnd,no.uninett.hjelp,66,124,4,0.021505376344086023
no.amiga,no.student.nett,1544,452,42,0.021494370522006142
no.alt.gledesutbrudd,no.prat.aksjer,1754,480,47,0.021490626428898034
no.biz.diskusjoner,no.spill,431,2992,72,0.021486123545210387
no.marked.bolig,no.tegnsett,892,249,24,0.021486123545210387
no.norsk,no.standard,1963,129,44,0.021484375
no.marked.bil,no.prat.aksjer,1423,480,40,0.02147074610842727
no.nuug,no.prat.seksualitet,164,883,22,0.021463414634146343
no.alt.god.jul,no.folklore.generelt,570,49,13,0.02145214521452145
no.sources.list,no.typografi,101,280,8,0.021447721179624665
no.it.emacs,no.vitser,395,3558,83,0.02144702842377261
no.net,no.uninett.katalog,1218,68,27,0.021445591739475776
no.eunet.hjelp,no.typografi,244,280,11,0.021442495126705652
no.tegnsett,no.video,249,942,25,0.02144082332761578
no.vitser,no.x,3558,301,81,0.021439915299100054
no.nuug,no.slekt,164,1837,42,0.021439509954058193
no.alt.frustrasjoner,no.sport.fotball,3041,629,77,0.021430559421096576
no.prat.aksjer,no.uninett.skole,480,522,21,0.021406727828746176
no.pressemeldinger.diskusjon,no.student.samfund,79,255,7,0.021406727828746176
no.spill,no.x,2992,301,69,0.021401985111662532
no.biz.nettilbydere,no.pressemeldinger.diskusjon,686,79,16,0.021361815754339118
no.hobby.diverse,no.slekt.etterlysning,817,1240,43,0.02135054617676266
no.kryptografi,no.sport.diverse,359,1507,39,0.021346469622331693
no.eunet.hjelp,no.multimedia,244,1383,34,0.021343377275580666
no.eunet.diverse,no.film,141,2587,57,0.02134032197678772
no.org.isoc-no,no.stortinget,53,665,15,0.021337126600284494
no.prat.seksualitet,no.tex,883,218,23,0.021335807050092765
no.alt.irctreff,no.x,82,301,8,0.021333333333333333
no.hobby.diverse,no.it.os.os2,817,332,24,0.021333333333333333
no.student.samfund,no.video,255,942,25,0.021331058020477817
no.prat.aksjer,no.sykkel,480,1148,34,0.02132998745294856
no.medisin,no.spill.rollespill,1038,447,31,0.021320495185694635
no.alkohol,no.sport.fotball,1192,629,38,0.02131239484015704
no.biz.nettilbydere,no.standard,686,129,17,0.021303258145363407
no.alt.god.jul,no.sport.fotball,570,629,25,0.02129471890971039
no.bil,no.sport.fotball,2153,629,58,0.021292217327459617
no.slekt,no.tele,1837,2097,82,0.021287642782969886
no.alt.amiga,no.alt.pompel-og-pilt,343,329,14,0.02127659574468085
no.alt.arkiv,no.vit.diverse,199,473,14,0.02127659574468085
no.alt.mat.drikke,no.slekt.programmer,659,589,26,0.02127659574468085
no.amiga,no.typografi,1544,280,38,0.02127659574468085
no.biz.diskusjoner,no.folklore.generelt,431,49,10,0.02127659574468085
no.folklore.overtro,no.speider,131,493,13,0.02127659574468085
no.prat.narkotika,no.spill.sjakk,527,145,14,0.02127659574468085
no.bil,no.tegnsett,2153,249,50,0.021258503401360544
no.ai,no.biz.annonser,254,2197,51,0.02125
no.alt.motorsykler,no.alt.pompel-og-pilt,1690,329,42,0.021244309559939303
no.bolig,no.telepost,978,417,29,0.0212298682284041
no.elektronikk,no.tegnsett,2253,249,52,0.02122448979591837
no.ms-windows,no.slekt.etterlysning,3235,1240,93,0.021223185759926974
no.pc,no.prat.narkotika,7029,527,157,0.02121908365995405
no.ai,no.www,254,3452,77,0.021217966381923394
no.alt.katter,no.marked.data,774,7987,182,0.02121459377549831
no.bibsys,no.ms-windows,235,3235,72,0.02118893466745144
no.bolig,no.folklore.overtro,978,131,23,0.02117863720073665
no.it.emacs,no.musikk.gitar,395,1148,32,0.021178027796161483
no.general,no.tegnsett,7081,249,152,0.02117581499024798
no.prat.ufo,no.sport.diverse,327,1507,38,0.021158129175946547
no.eunet.drift,no.media,135,734,18,0.021151586368977675
no.alt.flame,no.prat.narkotika,2515,527,63,0.021148036253776436
no.kryptografi,no.pc,359,7029,153,0.021147201105736004
no.alt.flame,no.hobby.diverse,2515,817,69,0.021146184492798037
no.ai,no.musikk.klassisk,254,229,10,0.021141649048625793
no.alt.frustrasjoner,no.eunet.hjelp,3041,244,68,0.021137705937208578
no.alt.pompel-og-pilt,no.slekt.programmer,329,589,19,0.021134593993325918
no.embnet,no.vitser,260,3558,79,0.0211286440224659
no.alt.mat,no.nuug,1286,164,30,0.02112676056338028
no.folklore.edb,no.general,219,7081,151,0.02112183522170933
no.musikk.gitar,no.student.samfund,1148,255,29,0.021106259097525473
no.it.os.os2,no.tegnsett,332,249,12,0.0210896309314587
no.musikk,no.spill.rollespill,3669,447,85,0.021086579012651947
no.embnet,no.pressemeldinger.diskusjon,260,79,7,0.02108433734939759
no.radio-tv,no.slekt.programmer,2075,589,55,0.02108087389804523
no.alt.radio-tv.irma-1000,no.skole.diverse,309,563,18,0.02107728337236534
no.marked.diskusjon,no.tegnsett,187,249,9,0.02107728337236534
no.bolig,no.test,978,6390,152,0.02106430155210643
no.alt.radio_tv.irma1000,no.musikk.gitar,210,1148,28,0.021052631578947368
no.audio,no.telepost,2493,417,60,0.021052631578947368
no.folklore.generelt,no.spill.sjakk,49,145,4,0.021052631578947368
no.general,no.norsk.fagord,7081,243,151,0.021051164087550537
no.alkohol,no.tungregning,1192,118,27,0.021044427123928292
no.mail.drift,no.slekt.programmer,430,589,21,0.021042084168336674
no.elektronikk,no.telepost,2253,417,55,0.021032504780114723
no.embnet,no.sykkel,260,1148,29,0.02102973168963017
no.amiga,no.spill.rollespill,1544,447,41,0.021025641025641025
no.alt.fan.de-lillos,no.nuug,176,164,7,0.021021021021021023
no.biz.diskusjoner,no.slekt.programmer,431,589,21,0.021021021021021023
no.alt.mat,no.slekt.etterlysning,1286,1240,52,0.021018593371059015
no.perl,no.video,564,942,31,0.021016949152542375
no.alt.motorsykler,no.lisp,1690,302,41,0.021014864172219375
no.bolig,no.pressemeldinger,978,334,27,0.021011673151750974
no.reiser,no.uninett.diverse,1050,262,27,0.021011673151750974
no.prat.aksjer,no.tegnsett,480,249,15,0.02100840336134454
no.eunet.diverse,no.media,141,734,18,0.021003500583430573
no.kryptografi,no.musikk.gitar,359,1148,31,0.02100271002710027
no.uninett.katalog,no.unix,68,1439,31,0.02100271002710027
no.biz.diskusjoner,no.vitser,431,3558,82,0.020987970309700538
no.tungregning,no.unix,118,1439,32,0.02098360655737705
no.alt.tegneserier,no.skole.diverse,1043,563,33,0.02097902097902098
no.sykkel,no.vr,1148,166,27,0.02097902097902098
no.standard,no.video,129,942,22,0.020972354623450904
no.sport.fotball,no.vitser,629,3558,86,0.020970495001219214
no.alt.motorsykler,no.video,1690,942,54,0.02094647013188518
no.alt.arkiv,no.sport.diverse,199,1507,35,0.020945541591861162
no.org.dnd,no.standard,66,129,4,0.020942408376963352
no.uninett.drift,no.vit.diverse,112,473,12,0.020942408376963352
no.embnet,no.slekt,260,1837,43,0.020934761441090556
no.havforskning,no.prat.aksjer,398,480,18,0.020930232558139535
no.skole.diverse,no.tex,563,218,16,0.02091503267973856
no.ms-windows,no.typografi,3235,280,72,0.02091199535288992
no.alt.flame,no.perl,2515,564,63,0.020888594164456233
no.lisp,no.pc,302,7029,150,0.020888455646845844
no.mswindow,no.uninett.skole,358,522,18,0.02088167053364269
no.eunet.hjelp,no.media,244,734,20,0.020876826722338204
no.alt.radio-tv.irma-1000,no.musikk.klassisk,309,229,11,0.020872865275142316
no.musikk.gitar,no.uninett.hjelp,1148,124,26,0.02086677367576244
no.alt.radio-tv.irma-1000,no.general,309,7081,151,0.02085923470092554
no.pressemeldinger.diskusjon,no.religion,79,1585,34,0.020858895705521473
no.alt.radio-tv.irma-1000,no.vitser,309,3558,79,0.02085533262935586
no.biz,no.biz.annonser,55,2197,46,0.02085222121486854
no.prat.narkotika,no.video,527,942,30,0.020847810979847115
no.medisin,no.prat.aksjer,1038,480,31,0.020847343644922665
no.alt.fan.de-lillos,no.tungregning,176,118,6,0.020833333333333332
no.alt.sjokolade,no.pressemeldinger.diskusjon,656,79,15,0.020833333333333332
no.bil,no.speider,2153,493,54,0.020833333333333332
no.pressemeldinger.diskusjon,no.uninett.katalog,79,68,3,0.020833333333333332
no.sport.volleyball,no.standard,165,129,6,0.020833333333333332
no.audio,no.x,2493,301,57,0.02082572159298502
no.alt.pompelog,no.irc,143,1475,33,0.02082018927444795
no.prat.aksjer,no.student.nett,480,452,19,0.0208105147864184
no.slekt.etterlysning,no.sport.diverse,1240,1507,56,0.020810107766629504
no.marked.bolig,no.sport.fotball,892,629,31,0.02080536912751678
no.it.emacs,no.spill.sjakk,395,145,11,0.020793950850661626
no.alt.arkiv,no.norsk.fagord,199,243,9,0.020785219399538105
no.marked.diskusjon,no.student.samfund,187,255,9,0.020785219399538105
no.ai,no.mac,254,2742,61,0.020783645655877342
no.eunet.hjelp,no.speider,244,493,15,0.02077562326869806
no.it.os.os2,no.mail.diverse,332,995,27,0.02076923076923077
no.bil,no.student.nett,2153,452,53,0.020768025078369907
no.alt.tegneserier,no.sport.fotball,1043,629,34,0.020757020757020756
no.elektronikk,no.student.samfund,2253,255,51,0.020757020757020756
no.biz.annonser,no.slekt,2197,1837,82,0.020748987854251014
no.audio,no.uninett.diverse,2493,262,56,0.020748425342719527
no.alt.tegneserier,no.marked.diskusjon,1043,187,25,0.02074688796680498
no.eunet.diverse,no.litteratur,141,1532,34,0.020744356314826115
no.ai,no.radio_tv,254,583,17,0.020731707317073172
no.musikk.gitar,no.typografi,1148,280,29,0.020729092208720514
no.alt.god.jul,no.tex,570,218,16,0.02072538860103627
no.reiser,no.typografi,1050,280,27,0.02072141212586339
no.it.diverse,no.test,606,6390,142,0.02071782900496061
no.norsk.fagord,no.spill.rollespill,243,447,14,0.020710059171597635
no.alt.mat.drikke,no.test,659,6390,143,0.02070663191427744
no.biz.annonser,no.folklore.edb,2197,219,49,0.020701309674693705
no.folklore.edb,no.sport.diverse,219,1507,35,0.02069781194559432
no.alt.irctreff,no.org.dnd,82,66,3,0.020689655172413793
no.alt.fan.de-lillos,no.film,176,2587,56,0.020687107499076467
no.biz.diskusjoner,no.sykkel,431,1148,32,0.02068519715578539
no.alt.flame,no.havforskning,2515,398,59,0.020672740014015416
no.alt.config,no.marked,408,8430,179,0.020672133040766833
no.musikk.klassisk,no.vr,229,166,8,0.020671834625323
no.prat.ufo,no.uninett.katalog,327,68,8,0.020671834625323
no.film,no.prat.ufo,2587,327,59,0.02066549912434326
no.it.diverse,no.sport.fotball,606,629,25,0.02066115702479339
no.alt.irc-treff,no.vitser,296,3558,78,0.02065677966101695
no.mswindow,no.pressemeldinger,358,334,14,0.02064896755162242
no.ai,no.prat.seksualitet,254,883,23,0.02064631956912029
no.alt.radio_tv.irma1000,no.pressemeldinger,210,334,11,0.020637898686679174
no.standard,no.tele,129,2097,45,0.02063273727647868
no.alkohol,no.norsk.fagord,1192,243,29,0.020625889046941678
no.alt.sjokolade,no.pressemeldinger,656,334,20,0.020618556701030927
no.org.isoc-no,no.spill.sjakk,53,145,4,0.020618556701030927
no.alt.irc-treff,no.video,296,942,25,0.020610057708161583
no.audio,no.prat.aksjer,2493,480,60,0.02059732234809475
no.ai,no.radio-tv,254,2075,47,0.020595968448729185
no.ai,no.slekt.programmer,254,589,17,0.020581113801452784
no.alt.flame,no.uninett.diverse,2515,262,56,0.02058066887173833
no.marked.jobb,no.tegnsett,2181,249,49,0.020579588408231837
no.alt.amiga,no.lisp,343,302,13,0.020569620253164556
no.alt.irc-treff,no.sources.list,296,101,8,0.02056555269922879
no.alt.arkiv,no.unix,199,1439,33,0.020560747663551402
no.org.isoc-no,no.speider,53,493,11,0.020560747663551402
no.alt.pompelog,no.news.diverse,143,1893,41,0.02055137844611529
no.musikk.klassisk,no.tex,229,218,9,0.02054794520547945
no.prat.narkotika,no.sources.wanted,527,218,15,0.02054794520547945
no.folklore.generelt,no.kjemi,49,746,16,0.02053915275994865
no.perl,no.prat.aksjer,564,480,21,0.020527859237536656
no.alt.tegneserier,no.sources.list,1043,101,23,0.020517395182872437
no.biz.annonser.data,no.norsk.fagord,1548,243,36,0.020512820512820513
no.havforskning,no.ms-windows,398,3235,73,0.02050561797752809
no.sport.fotball,no.www,629,3452,82,0.020505126281570394
no.bil,no.marked.diskusjon,2153,187,47,0.020497165285651986
no.ms-windows,no.x,3235,301,71,0.02049062049062049
no.norsk,no.pressemeldinger.diskusjon,1963,79,41,0.02048975512243878
no.bolig,no.tungregning,978,118,22,0.020484171322160148
no.alt.god.jul,no.marked.bil,570,1423,40,0.02048131080389145
no.it.os.os2,no.stortinget,332,665,20,0.02047082906857728
no.audio,no.tegnsett,2493,249,55,0.020468924451060664
no.spill.rollespill,no.x,447,301,15,0.020463847203274217
no.mac,no.x,2742,301,61,0.0204560697518444
no.alt.irctreff,no.telepost,82,417,10,0.02044989775051125
no.reiser,no.spill.rollespill,1050,447,30,0.02044989775051125
no.folklore.edb,no.prat.aksjer,219,480,14,0.020437956204379562
no.spill.rollespill,no.student.nett,447,452,18,0.02043132803632236
no.marked,no.perl,8430,564,180,0.02042205582028591
no.nuug,no.religion,164,1585,35,0.020420070011668612
no.alt.frustrasjoner,no.mswindow,3041,358,68,0.0204142900030021
no.musikk,no.typografi,3669,280,79,0.02041343669250646
no.biz.annonser.data,no.student.nett,1548,452,40,0.02040816326530612
no.eunet.diverse,no.kryptografi,141,359,10,0.02040816326530612
no.kultur.fritid.friluftsliv,no.velkommen,95,55,3,0.02040816326530612
no.ai,no.spill.rollespill,254,447,14,0.020378457059679767
no.student.samfund,no.www,255,3452,74,0.020368841178089733
no.biz.diskusjoner,no.marked.data,431,7987,168,0.020363636363636365
no.havforskning,no.org.isoc-no,398,53,9,0.020361990950226245
no.alt.frustrasjoner,no.tex,3041,218,65,0.020350657482780213
no.alt.pompelog,no.norsk,143,1963,42,0.020348837209302327
no.alt.katter,no.musikk.klassisk,774,229,20,0.02034587995930824
no.slekt.programmer,no.stortinget,589,665,25,0.02034174125305126
no.bolig,no.prat.ufo,978,327,26,0.020328381548084442
no.net,no.slekt.programmer,1218,589,36,0.020327498588368152
no.marked.bolig,no.perl,892,564,29,0.020322354590049056
no.news.diverse,no.vr,1893,166,41,0.020317145688800792
no.eunet.hjelp,no.kryptografi,244,359,12,0.02030456852791878
no.alt.flame,no.tegnsett,2515,249,55,0.020302694721299374
no.alt.config,no.spill.sjakk,408,145,11,0.02029520295202952
no.org.nobug.diverse,no.perl,90,564,13,0.0202808112324493
no.religion,no.sport.fotball,1585,629,44,0.020276497695852536
no.alkohol,no.tex,1192,218,28,0.020260492040520984
no.irc,no.marked.diskusjon,1475,187,33,0.020257826887661142
no.prat.ufo,no.www,327,3452,75,0.020248380129589634
no.musikk.klassisk,no.uninett.hjelp,229,124,7,0.02023121387283237
no.c,no.uninett.hjelp,1036,124,23,0.020228671943711522
no.sources.wanted,no.video,218,942,23,0.020228671943711522
no.alt.mat,no.prat.aksjer,1286,480,35,0.020219526285384173
no.nuug,no.sykkel,164,1148,26,0.02021772939346812
no.media,no.uninett.hjelp,734,124,17,0.020214030915576695
no.folklore.edb,no.video,219,942,23,0.020210896309314587
no.alt.mat,no.musikk.klassisk,1286,229,30,0.020202020202020204
no.it.emacs,no.marked.bil,395,1423,36,0.020202020202020204
no.slekt.programmer,no.tungregning,589,118,14,0.020202020202020204
no.medisin,no.uninett.hjelp,1038,124,23,0.02019315188762072
no.slekt.programmer,no.uninett.katalog,589,68,13,0.020186335403726708
no.pc,no.student.nett,7029,452,148,0.02018273557888995
no.biz.nettilbydere,no.sport.fotball,686,629,26,0.02017067494181536
no.reiser,no.telepost,1050,417,29,0.020166898470097356
no.sykkel,no.tex,1148,218,27,0.020164301717699777
no.news.drift,no.slekt.etterlysning,379,1240,32,0.020163831127914304
no.marked.data,no.stortinget,7987,665,171,0.020162716660771136
no.marked.diskusjon,no.org.dnd,187,66,5,0.020161290322580645
no.nuug,no.prat.politikk,164,1152,26,0.020155038759689922
no.marked.diskusjon,no.tex,187,218,8,0.020151133501259445
no.pc,no.uninett.diverse,7029,262,144,0.020148313977892823
no.biz.diskusjoner,no.marked,431,8430,175,0.020147363573566657
no.alt.sjokolade,no.org.isoc-no,656,53,14,0.02014388489208633
no.marked.diskusjon,no.uninett.skole,187,522,14,0.02014388489208633
no.folklore.generelt,no.student.samfund,49,255,6,0.020134228187919462
no.musikk.gitar,no.uninett.katalog,1148,68,24,0.020134228187919462
no.prat.ufo,no.standard,327,129,9,0.020134228187919462
no.bil,no.typografi,2153,280,48,0.02012578616352201
no.prat.politikk,no.vr,1152,166,26,0.020123839009287926
no.alt.amiga,no.nuug,343,164,10,0.02012072434607646
no.norsk.fagord,no.uninett.drift,243,112,7,0.020114942528735632
no.alt.tegneserier,no.uninett.hjelp,1043,124,23,0.020104895104895104
no.alkohol,no.musikk.klassisk,1192,229,28,0.020100502512562814
no.musikk,no.speider,3669,493,82,0.020098039215686276
no.alt.tegneserier,no.prat.aksjer,1043,480,30,0.020093770931011386
no.alt.god.jul,no.org.nobug.diverse,570,90,13,0.02009273570324575
no.sport.diverse,no.tungregning,1507,118,32,0.020087884494664157
no.alt.mat,no.marked.diskusjon,1286,187,29,0.02008310249307479
no.musikk.klassisk,no.psykologi,229,584,16,0.020075282308657464
no.marked.diskusjon,no.tungregning,187,118,6,0.020066889632107024
no.alkohol,no.pressemeldinger.diskusjon,1192,79,25,0.020064205457463884
no.mac,no.skole.diverse,2742,563,65,0.020061728395061727
no.alt.mat.drikke,no.org.isoc-no,659,53,14,0.02005730659025788
no.eunet.hjelp,no.uninett.drift,244,112,7,0.02005730659025788
no.amiga,no.reiser,1544,1050,51,0.02005505308690523
no.alt.pompelog,no.multimedia,143,1383,30,0.020053475935828877
no.pressemeldinger,no.uninett.hjelp,334,124,9,0.0200445434298441
no.alt.katter,no.eunet.hjelp,774,244,20,0.02004008016032064
no.musikk.klassisk,no.typografi,229,280,10,0.02004008016032064
no.alt.fan.de-lillos,no.mail.diverse,176,995,23,0.02003484320557491
no.alt.flame,no.reiser,2515,1050,70,0.020028612303290415
no.elektronikk,no.norsk.fagord,2253,243,49,0.020024519820187985
no.folklore.generelt,no.hobby.diverse,49,817,17,0.020023557126030624
no.biz.nettilbydere,no.musikk.gitar,686,1148,36,0.020022246941045607
no.musikk,no.student.samfund,3669,255,77,0.020015596568754873
no.alt.irc-treff,no.elektronikk,296,2253,50,0.020008003201280513
no.film,no.vr,2587,166,54,0.020007410151908114
no.alt.diskusjoner,no.slekt.programmer,2368,589,58,0.020006898930665748
no.ai,no.hobby.diverse,254,817,21,0.02
no.alt.gledesutbrudd,no.alt.irctreff,1754,82,36,0.02
no.alt.pompelog,no.uninett.drift,143,112,5,0.02
no.biz,no.lisp,55,302,7,0.02
no.folklore.generelt,no.kryptografi,49,359,8,0.02
no.folklore.generelt,no.org.isoc-no,49,53,2,0.02
no.folklore.overtro,no.radio_tv,131,583,14,0.02
no.folklore.overtro,no.uninett.hjelp,131,124,5,0.02
no.hobby.diverse,no.slekt,817,1837,52,0.019984627209838585
no.alt.config,no.mswindow,408,358,15,0.019973368841544607
no.alt.gledesutbrudd,no.marked.diskusjon,1754,187,38,0.019968470835522858
no.amiga,no.eunet.hjelp,1544,244,35,0.019965772960638905
no.mswindow,no.stortinget,358,665,20,0.019940179461615155
no.perl,no.sources.list,564,101,13,0.019938650306748466
no.spill.rollespill,no.tex,447,218,13,0.019938650306748466
no.c,no.org.nobug.diverse,1036,90,22,0.019927536231884056
no.marked.bil,no.uninett.skole,1423,522,38,0.019926586261143155
no.alt.katter,no.slekt,774,1837,51,0.019921875
no.prat.aksjer,no.speider,480,493,19,0.019916142557651992
no.norsk.fagord,no.sources.wanted,243,218,9,0.01991150442477876
no.slekt,no.telepost,1837,417,44,0.019909502262443438
no.embnet,no.tele,260,2097,46,0.0199048031155344
no.linux,no.mswindow,3024,358,66,0.019903498190591073
no.alt.motorsykler,no.alt.radio-tv.irma-1000,1690,309,39,0.01989795918367347
no.pc,no.x,7029,301,143,0.01989703631556978
no.org.dnd,no.spill.rollespill,66,447,10,0.019880715705765408
no.net,no.sport.fotball,1218,629,36,0.019878520154610713
no.alt.motorsykler,no.amiga,1690,1544,63,0.019867549668874173
no.havforskning,no.tex,398,218,12,0.019867549668874173
no.musikk.klassisk,no.pressemeldinger.diskusjon,229,79,6,0.019867549668874173
no.kjemi,no.slekt.programmer,746,589,26,0.019862490450725745
no.religion,no.slekt.etterlysning,1585,1240,55,0.019855595667870037
no.alt.mat,no.sources.list,1286,101,27,0.019852941176470587
no.bibsys,no.reiser,235,1050,25,0.01984126984126984
no.prat.seksualitet,no.spill.sjakk,883,145,20,0.01984126984126984
no.media,no.slekt,734,1837,50,0.019833399444664817
no.embnet,no.skole.diverse,260,563,16,0.01982651796778191
no.alt.motorsykler,no.uninett.skole,1690,522,43,0.0198248040571692
no.alt.config,no.velkommen,408,55,9,0.019823788546255508
no.it.emacs,no.uninett.katalog,395,68,9,0.019823788546255508
no.tegnsett,no.vitser,249,3558,74,0.01982319849986606
no.alt.katter,no.mswindow,774,358,22,0.01981981981981982
no.biz.diskusjoner,no.eunet.drift,431,135,11,0.01981981981981982
no.prat.seksualitet,no.x,883,301,23,0.019810508182601206
no.biz.annonser,no.prat.aksjer,2197,480,52,0.019809523809523808
no.alt.pompelog,no.vr,143,166,6,0.019801980198019802
no.marked.data,no.mswindow,7987,358,162,0.01979714041305145
no.bibsys,no.it.os.os2,235,332,11,0.019784172661870502
no.bibsys,no.musikk.klassisk,235,229,9,0.01978021978021978
no.slekt.etterlysning,no.www,1240,3452,91,0.01977830906324712
no.norsk.fagord,no.tungregning,243,118,7,0.01977401129943503
no.havforskning,no.pc,398,7029,144,0.019772071948372924
no.slekt.etterlysning,no.sources.list,1240,101,26,0.01977186311787072
no.ms-windows,no.prat.aksjer,3235,480,72,0.01976393082624211
no.irc,no.it.os.os2,1475,332,35,0.019751693002257337
no.test,no.video,6390,942,142,0.019749652294853964
no.alt.motorsykler,no.radio_tv,1690,583,44,0.01973979362943024
no.linux,no.pressemeldinger,3024,334,65,0.019738839963559063
no.alkohol,no.mswindow,1192,358,30,0.019736842105263157
no.biz,no.student.samfund,55,255,6,0.019736842105263157
no.mail.drift,no.test,430,6390,132,0.019736842105263157
no.bibsys,no.pressemeldinger,235,334,11,0.01971326164874552
no.musikk.gitar,no.x,1148,301,28,0.019704433497536946
no.prat.narkotika,no.x,527,301,16,0.019704433497536946
no.sport.fotball,no.stortinget,629,665,25,0.019700551615445233
no.irc,no.pressemeldinger.diskusjon,1475,79,30,0.01968503937007874
no.alt.frustrasjoner,no.prat.ufo,3041,327,65,0.019679079624583713
no.eunet.drift,no.kjemi,135,746,17,0.019675925925925927
no.skole.diverse,no.sport.fotball,563,629,23,0.019674935842600515
no.hobby.diverse,no.test,817,6390,139,0.019666100735710245
no.spill.sjakk,no.tex,145,218,7,0.019662921348314606
no.norsk,no.uninett.drift,1963,112,40,0.019656019656019656
no.alt.pompel-og-pilt,no.spill,329,2992,64,0.019649984648449494
no.alt.fan.de-lillos,no.spill.rollespill,176,447,12,0.019639934533551555
no.alt.irc-treff,no.prat.ufo,296,327,12,0.019639934533551555
no.alt.diskusjoner,no.musikk.klassisk,2368,229,50,0.01963093835885355
no.havforskning,no.slekt.programmer,398,589,19,0.01962809917355372
no.alt.arkiv,no.marked.bolig,199,892,21,0.019626168224299065
no.reiser,no.x,1050,301,26,0.019622641509433963
no.mail.diverse,no.slekt.etterlysning,995,1240,43,0.019616788321167884
no.marked.diskusjon,no.www,187,3452,70,0.019613337069207062
no.musikk,no.pressemeldinger,3669,334,77,0.019612837493632195
no.alt.mat,no.prat.ufo,1286,327,31,0.019595448798988623
no.alt.amiga,no.net,343,1218,30,0.019595035924232528
no.alt.flame,no.amiga,2515,1544,78,0.019593067068575734
no.alt.arkiv,no.tex,199,218,8,0.019559902200488997
no.marked.jobb,no.vr,2181,166,45,0.01954821894005213
no.marked.jobb,no.slekt,2181,1837,77,0.019538188277087035
no.general,no.speider,7081,493,145,0.01951810472472742
no.musikk,no.x,3669,301,76,0.019517205957883924
no.alt.fan.de-lillos,no.hobby.diverse,176,817,19,0.019507186858316223
no.alt.radio-tv.irma-1000,no.reiser,309,1050,26,0.019504876219054765
no.prat.aksjer,no.sport.diverse,480,1507,38,0.019497178040020522
no.marked.diskusjon,no.speider,187,493,13,0.019490254872563718
no.uninett.diverse,no.vitser,262,3558,73,0.01948225246864158
no.kryptografi,no.radio_tv,359,583,18,0.01948051948051948
no.prat.narkotika,no.sources.list,527,101,12,0.01948051948051948
no.eunet.drift,no.multimedia,135,1383,29,0.019476158495634655
no.alt.fan.de-lillos,no.radio-tv,176,2075,43,0.01947463768115942
no.folklore.generelt,no.prat.narkotika,49,527,11,0.019469026548672566
no.mail.diverse,no.sport.fotball,995,629,31,0.0194601381042059
no.news.drift,no.spill.sjakk,379,145,10,0.019455252918287938
no.kryptografi,no.prat.aksjer,359,480,16,0.019441069258809233
no.amiga,no.marked.diskusjon,1544,187,33,0.019434628975265017
no.alt.config,no.slekt.programmer,408,589,19,0.019427402862985686
no.biz.annonser.data,no.org.efn.diskusjon,1548,446,38,0.019427402862985686
no.sport.fotball,no.vit.diverse,629,473,21,0.01942645698427382
no.it.diverse,no.standard,606,129,14,0.019417475728155338
no.ef,no.slekt.programmer,567,589,22,0.019400352733686066
no.folklore.overtro,no.spill.rollespill,131,447,11,0.019400352733686066
no.medisin,no.tungregning,1038,118,22,0.019400352733686066
no.eunet.hjelp,no.norsk,244,1963,42,0.019399538106235566
no.marked.bil,no.prat.politikk,1423,1152,49,0.019398258115597783
no.eunet.diverse,no.multimedia,141,1383,29,0.01939799331103679
no.alt.fan.de-lillos,no.stortinget,176,665,16,0.019393939393939394
no.eunet.diverse,no.norsk,141,1963,40,0.01937984496124031
no.it.diverse,no.spill.rollespill,606,447,20,0.01936108422071636
no.alt.sjokolade,no.slekt.etterlysning,656,1240,36,0.01935483870967742
no.litteratur,no.sources.list,1532,101,31,0.019350811485642945
no.marked,no.vit.diverse,8430,473,169,0.019349667964277537
no.alt.god.jul,no.slekt.programmer,570,589,22,0.019349164467897976
no.folklore.overtro,no.www,131,3452,68,0.01934566145092461
no.marked.bil,no.prat.narkotika,1423,527,37,0.01934134866701516
no.hobby.diverse,no.pressemeldinger.diskusjon,817,79,17,0.019340159271899887
no.org.isoc-no,no.prat.narkotika,53,527,11,0.019332161687170474
no.alt.pompelog,no.unix,143,1439,30,0.019329896907216496
no.ef,no.org.dnd,567,66,12,0.01932367149758454
no.mswindow,no.norsk,358,1963,44,0.01932367149758454
no.biz,no.irc,55,1475,29,0.019320453031312457
no.test,no.uninett.skole,6390,522,131,0.01931868455979944
no.bolig,no.spill.rollespill,978,447,27,0.019313304721030045
no.jus,no.sport.fotball,1852,629,47,0.019309778142974528
no.biz,no.vit.diverse,55,473,10,0.019305019305019305
no.biz,no.uninett.diverse,55,262,6,0.01929260450160772
no.alt.frustrasjoner,no.bibsys,3041,235,62,0.019290603609209707
no.news.drift,no.test,379,6390,128,0.01927420569191387
no.irc,no.tex,1475,218,32,0.01926550270921132
no.alt.flame,no.it.emacs,2515,395,55,0.01926444833625219
no.prat.seksualitet,no.pressemeldinger,883,334,23,0.019262981574539362
no.it.emacs,no.spill,395,2992,64,0.019259705085765876
no.prat.aksjer,no.religion,480,1585,39,0.0192497532082922
no.alt.fan.de-lillos,no.prat.seksualitet,176,883,20,0.019249278152069296
no.ms-windows,no.uninett.diverse,3235,262,66,0.019236374234916934
no.alt.arkiv,no.org.dnd,199,66,5,0.019230769230769232
no.alt.irctreff,no.it.emacs,82,395,9,0.019230769230769232
no.alt.katter,no.slekt.etterlysning,774,1240,38,0.019230769230769232
no.alt.radio_tv.irma1000,no.norsk,210,1963,41,0.019230769230769232
no.havforskning,no.pressemeldinger.diskusjon,398,79,9,0.019230769230769232
no.film,no.typografi,2587,280,54,0.019196587273373623
no.embnet,no.tex,260,218,9,0.019189765458422176
no.musikk.klassisk,no.tegnsett,229,249,9,0.019189765458422176
no.bolig,no.slekt,978,1837,53,0.019188993482983346
no.alt.katter,no.standard,774,129,17,0.019187358916478554
no.alt.fan.de-lillos,no.tegnsett,176,249,8,0.019184652278177457
no.alt.sjokolade,no.eunet.diverse,656,141,15,0.01918158567774936
no.musikk.klassisk,no.org.nobug.diverse,229,90,6,0.019169329073482427
no.sources.list,no.tex,101,218,6,0.019169329073482427
no.speider,no.spill.sjakk,493,145,12,0.019169329073482427
no.medisin,no.pressemeldinger.diskusjon,1038,79,21,0.01916058394160584
no.marked.diskusjon,no.pressemeldinger.diskusjon,187,79,5,0.019157088122605363
no.prat.narkotika,no.test,527,6390,130,0.019154265507588034
no.mail.diverse,no.musikk.klassisk,995,229,23,0.019150707743547043
no.litteratur,no.tungregning,1532,118,31,0.019147621988882025
no.eunet.hjelp,no.it.emacs,244,395,12,0.019138755980861243
no.irc,no.musikk.klassisk,1475,229,32,0.019138755980861243
no.sport.diverse,no.sport.orientering,1507,144,31,0.019135802469135803
no.marked.bolig,no.speider,892,493,26,0.01913171449595291
no.it.os.os2,no.linux,332,3024,63,0.019131491041603402
no.marked.bolig,no.typografi,892,280,22,0.019130434782608695
no.biz.annonser,no.sport.fotball,2197,629,53,0.019112874143526866
no.alt.frustrasjoner,no.prat.aksjer,3041,480,66,0.019102749638205498
no.alt.fan.de-lillos,no.litteratur,176,1532,32,0.01909307875894988
no.sport.volleyball,no.uninett.diverse,165,262,8,0.01909307875894988
no.folklore.generelt,no.tex,49,218,5,0.019083969465648856
no.jus,no.uninett.hjelp,1852,124,37,0.019082001031459517
no.havforskning,no.norsk.fagord,398,243,12,0.019077901430842606
no.prat.aksjer,no.slekt.programmer,480,589,20,0.019065776930409915
no.alt.radio-tv.irma-1000,no.tele,309,2097,45,0.01905972045743329
no.folklore.edb,no.radio_tv,219,583,15,0.01905972045743329
no.radio-tv,no.slekt.etterlysning,2075,1240,62,0.019059329849369814
no.eunet.drift,no.pressemeldinger.diskusjon,135,79,4,0.01904761904761905
no.alt.god.jul,no.test,570,6390,130,0.01903367496339678
no.eunet.hjelp,no.student.nett,244,452,13,0.01903367496339678
no.bil,no.telepost,2153,417,48,0.0190325138778747
no.audio,no.student.nett,2493,452,55,0.01903114186851211
no.eunet.hjelp,no.folklore.overtro,244,131,7,0.019021739130434784
no.biz.nettilbydere,no.speider,686,493,22,0.01901469317199654
no.alt.radio_tv.irma1000,no.folklore.edb,210,219,8,0.019002375296912115
no.alt.irc-treff,no.marked.diskusjon,296,187,9,0.0189873417721519
no.alt.mat.drikke,no.sport.fotball,659,629,24,0.0189873417721519
no.folklore.overtro,no.reiser,131,1050,22,0.01898188093183779
no.org.nobug.diverse,no.spill.rollespill,90,447,10,0.018975332068311195
no.alt.amiga,no.alt.frustrasjoner,343,3041,63,0.018970189701897018
no.bil,no.prat.aksjer,2153,480,49,0.018962848297213623
no.havforskning,no.marked.data,398,7987,156,0.018957345971563982
no.marked.data,no.perl,7987,564,159,0.01894661582459485
no.bibsys,no.general,235,7081,136,0.01894150417827298
no.alt.katter,no.eunet.diverse,774,141,17,0.01893095768374165
no.alt.arkiv,no.spill.rollespill,199,447,12,0.01892744479495268
no.eunet.hjelp,no.pressemeldinger.diskusjon,244,79,6,0.01892744479495268
no.eunet.hjelp,no.perl,244,564,15,0.018915510718789406
no.alt.fan.de-lillos,no.biz.nettilbydere,176,686,16,0.018912529550827423
no.norsk.fagord,no.reiser,243,1050,24,0.018912529550827423
no.alt.radio_tv.irma1000,no.news.diverse,210,1893,39,0.0188953488372093
no.alt.radio-tv.irma-1000,no.sykkel,309,1148,27,0.01888111888111888
no.alt.pompel-og-pilt,no.ms-windows,329,3235,66,0.018867924528301886
no.embnet,no.pressemeldinger,260,334,11,0.018867924528301886
no.amiga,no.folklore.overtro,1544,131,31,0.018856447688564478
no.mswindow,no.spill,358,2992,62,0.018856447688564478
no.it.os.os2,no.ms-windows,332,3235,66,0.018851756640959727
no.biz.diskusjoner,no.tex,431,218,12,0.018838304552590265
no.alt.arkiv,no.prat.seksualitet,199,883,20,0.018832391713747645
no.audio,no.nuug,2493,164,49,0.018788343558282208
no.slekt.programmer,no.spill,589,2992,66,0.018776671408250355
no.mac,no.norsk.fagord,2742,243,55,0.01877133105802048
no.eunet.drift,no.unix,135,1439,29,0.018770226537216828
no.musikk.gitar,no.slekt.programmer,1148,589,32,0.0187683284457478
no.alt.diskusjoner,no.standard,2368,129,46,0.018767849857201143
no.pressemeldinger.diskusjon,no.x,79,301,7,0.01876675603217158
no.embnet,no.marked.bil,260,1423,31,0.018765133171912834
no.it.diverse,no.prat.aksjer,606,480,20,0.01876172607879925
no.marked.jobb,no.prat.aksjer,2181,480,49,0.01875957120980092
no.pc,no.sport.fotball,7029,629,141,0.01875748303844619
no.irc,no.slekt.programmer,1475,589,38,0.018756169792694965
no.alt.arkiv,no.video,199,942,21,0.01875
no.embnet,no.musikk.klassisk,260,229,9,0.01875
no.marked.bolig,no.test,892,6390,134,0.018746502518186905
no.irc,no.sources.list,1475,101,29,0.01874595992243051
no.bolig,no.sources.wanted,978,218,22,0.018739352640545145
no.prat.aksjer,no.tungregning,480,118,11,0.018739352640545145
no.embnet,no.spill.rollespill,260,447,13,0.018731988472622477
no.religion,no.sources.list,1585,101,31,0.018731117824773415
no.alt.irctreff,no.media,82,734,15,0.018726591760299626
no.alt.tegneserier,no.slekt.programmer,1043,589,30,0.018726591760299626
no.biz.annonser.data,no.sport.fotball,1548,629,40,0.018717828731867104
no.psykologi,no.test,584,6390,128,0.018697049371895997
no.bil,no.x,2153,301,45,0.0186799501867995
no.alt.amiga,no.news.diverse,343,1893,41,0.01867881548974943
no.folklore.edb,no.marked.jobb,219,2181,44,0.01867572156196944
no.ai,no.marked.bolig,254,892,21,0.018666666666666668
no.bil,no.mswindow,2153,358,46,0.018661257606490872
no.media,no.mswindow,734,358,20,0.018656716417910446
no.marked.bil,no.news.drift,1423,379,33,0.018654607122668174
no.marked,no.telepost,8430,417,162,0.01865284974093264
no.marked,no.prat.narkotika,8430,527,164,0.018651199818037076
no.eunet.drift,no.lisp,135,302,8,0.018648018648018648
no.alt.radio_tv.irma1000,no.tungregning,210,118,6,0.018633540372670808
no.biz.annonser.data,no.psykologi,1548,584,39,0.018633540372670808
no.speider,no.tex,493,218,13,0.01862464183381089
no.eunet.hjelp,no.mswindow,244,358,11,0.018612521150592216
no.general,no.student.samfund,7081,255,134,0.018605942793668426
no.eunet.drift,no.uninett.skole,135,522,12,0.018604651162790697
no.biz,no.folklore.edb,55,219,5,0.01858736059479554
no.folklore.edb,no.velkommen,219,55,5,0.01858736059479554
no.prat.politikk,no.sources.wanted,1152,218,25,0.01858736059479554
no.marked.data,no.skole.diverse,7987,563,156,0.01858470335954253
no.vr,no.www,166,3452,66,0.018581081081081082
no.prat.aksjer,no.unix,480,1439,35,0.018577494692144373
no.folklore.generelt,no.typografi,49,280,6,0.018575851393188854
no.slekt.programmer,no.uninett.hjelp,589,124,13,0.018571428571428572
no.alt.irctreff,no.lisp,82,302,7,0.01856763925729443
no.biz.annonser,no.prat.ufo,2197,327,46,0.018563357546408393
no.alt.amiga,no.jus,343,1852,40,0.018561484918793503
no.eunet.drift,no.kryptografi,135,359,9,0.018556701030927835
no.lisp,no.marked.data,302,7987,151,0.018554927500614403
no.perl,no.slekt.programmer,564,589,21,0.018551236749116608
no.media,no.spill.sjakk,734,145,16,0.01853997682502897
no.marked.bil,no.stortinget,1423,665,38,0.018536585365853658
no.bibsys,no.vitser,235,3558,69,0.01852846401718582
no.alt.tegneserier,no.uninett.drift,1043,112,21,0.018518518518518517
no.it.diverse,no.nuug,606,164,14,0.018518518518518517
no.musikk.gitar,no.spill.rollespill,1148,447,29,0.018518518518518517
no.ai,no.spill,254,2992,59,0.018512707875745216
no.news.drift,no.spill.rollespill,379,447,15,0.018495684340320593
no.general,no.sport.fotball,7081,629,140,0.018494055482166448
no.medisin,no.musikk.klassisk,1038,229,23,0.018488745980707395
no.alt.amiga,no.irc,343,1475,33,0.018487394957983194
no.it.emacs,no.sources.list,395,101,9,0.018480492813141684
no.pressemeldinger.diskusjon,no.telepost,79,417,9,0.018480492813141684
no.alt.irc-treff,no.spill.sjakk,296,145,8,0.018475750577367205
no.reiser,no.tex,1050,218,23,0.018473895582329317
no.irc,no.uninett.hjelp,1475,124,29,0.018471337579617834
no.kryptografi,no.mswindow,359,358,13,0.018465909090909092
no.kjemi,no.slekt.etterlysning,746,1240,36,0.018461538461538463
no.kryptografi,no.vitser,359,3558,71,0.01846073842953718
no.nuug,no.reiser,164,1050,22,0.018456375838926176
no.speider,no.video,493,942,26,0.018452803406671398
no.musikk.gitar,no.skole.diverse,1148,563,31,0.018452380952380953
no.litteratur,no.uninett.hjelp,1532,124,30,0.01845018450184502
no.musikk,no.telepost,3669,417,74,0.018444666001994018
no.ai,no.norsk.fagord,254,243,9,0.018442622950819672
no.it.diverse,no.uninett.drift,606,112,13,0.018439716312056736
no.slekt.programmer,no.standard,589,129,13,0.018439716312056736
no.eunet.diverse,no.x,141,301,8,0.018433179723502304
no.ai,no.musikk,254,3669,71,0.018431983385254414
no.student.samfund,no.vitser,255,3558,69,0.01842948717948718
no.bibsys,no.marked.bil,235,1423,30,0.018427518427518427
no.marked.jobb,no.radio_tv,2181,583,50,0.018422991893883568
no.alt.tegneserier,no.tungregning,1043,118,21,0.018421052631578946
no.alkohol,no.eunet.drift,1192,135,24,0.01841903300076746
no.prat.ufo,no.spill,327,2992,60,0.01841055538508745
no.nuug,no.pressemeldinger,164,334,9,0.018404907975460124
no.prat.aksjer,no.standard,480,129,11,0.01839464882943144
no.alt.gledesutbrudd,no.standard,1754,129,34,0.01838831800973499
no.news.diverse,no.sources.list,1893,101,36,0.018386108273748723
no.marked.bolig,no.prat.ufo,892,327,22,0.018379281537176273
no.musikk.gitar,no.test,1148,6390,136,0.01837341259119157
no.alt.motorsykler,no.telepost,1690,417,38,0.01836636056065732
no.prat.aksjer,no.sport.fotball,480,629,20,0.018365472910927456
no.spill,no.typografi,2992,280,59,0.01836290071584189
no.alt.fan.de-lillos,no.alt.frustrasjoner,176,3041,58,0.018360240582462804
no.spill.rollespill,no.unix,447,1439,34,0.0183585313174946
no.alt.flame,no.embnet,2515,260,50,0.01834862385321101
no.alt.diskusjoner,no.slekt.etterlysning,2368,1240,65,0.0183460344340954
no.musikk.gitar,no.slekt.etterlysning,1148,1240,43,0.01833688699360341
no.alt.tegneserier,no.uninett.katalog,1043,68,20,0.01833180568285976
no.medisin,no.sport.fotball,1038,629,30,0.01832620647525962
no.org.efn.diskusjon,no.test,446,6390,123,0.01832265753016535
no.alt.flame,no.biz.diskusjoner,2515,431,53,0.018320082958866227
no.multimedia,no.musikk.klassisk,1383,229,29,0.01831964624131396
no.linux,no.prat.aksjer,3024,480,63,0.018308631211857017
no.musikk.klassisk,no.net,229,1218,26,0.018296973961998593
no.eunet.hjelp,no.org.nobug.diverse,244,90,6,0.018292682926829267
no.org.efn.diskusjon,no.slekt,446,1837,41,0.018287243532560213
no.alt.amiga,no.mail.diverse,343,995,24,0.0182648401826484
no.pressemeldinger,no.uninett.drift,334,112,8,0.0182648401826484
no.spill.sjakk,no.x,145,301,8,0.0182648401826484
no.alt.fan.de-lillos,no.net,176,1218,25,0.018261504747991233
no.spill.rollespill,no.sport.diverse,447,1507,35,0.018238665971860343
no.alt.pompelog,no.litteratur,143,1532,30,0.0182370820668693
no.audio,no.uninett.skole,2493,522,54,0.0182370820668693
no.marked.jobb,no.nuug,2181,164,42,0.0182370820668693
no.bil,no.radio_tv,2153,583,49,0.018235950874581318
no.sport.diverse,no.typografi,1507,280,32,0.018233618233618232
no.alt.arkiv,no.radio_tv,199,583,14,0.018229166666666668
no.marked,no.student.nett,8430,452,159,0.018227673965378884
no.embnet,no.norsk.fagord,260,243,9,0.018218623481781375
no.spill.rollespill,no.uninett.drift,447,112,10,0.018214936247723135
no.alt.fan.de-lillos,no.news.diverse,176,1893,37,0.018208661417322834
no.alt.radio-tv.irma-1000,no.spill,309,2992,59,0.018198642813078345
no.nuug,no.radio-tv,164,2075,40,0.018190086402910415
no.alt.god.jul,no.slekt,570,1837,43,0.018189509306260575
no.ai,no.alt.irctreff,254,82,6,0.01818181818181818
no.prat.aksjer,no.psykologi,480,584,19,0.01818181818181818
no.radio-tv,no.vr,2075,166,40,0.01817355747387551
no.amiga,no.tegnsett,1544,249,32,0.018171493469619535
no.alt.irc-treff,no.ms-windows,296,3235,63,0.018166089965397925
no.embnet,no.marked,260,8430,155,0.01816051552431166
no.perl,no.test,564,6390,124,0.01815519765739385
no.ms-windows,no.norsk.fagord,3235,243,62,0.018149882903981264
no.hobby.diverse,no.tegnsett,817,249,19,0.018147086914995225
no.uninett.katalog,no.video,68,942,18,0.018145161290322582
no.alt.katter,no.uninett.hjelp,774,124,16,0.018140589569160998
no.alt.pompelog,no.musikk.gitar,143,1148,23,0.018138801261829655
no.musikk.klassisk,no.nuug,229,164,7,0.018134715025906734
no.c,no.prat.aksjer,1036,480,27,0.018132975151108125
no.alt.irctreff,no.student.samfund,82,255,6,0.01812688821752266
no.bolig,no.org.nobug.diverse,978,90,19,0.01811248808388942
no.media,no.org.isoc-no,734,53,14,0.018111254851228976
no.norsk,no.tungregning,1963,118,37,0.018101761252446183
no.alt.irctreff,no.alt.pompelog,82,143,4,0.01809954751131222
no.eunet.drift,no.org.nobug.diverse,135,90,4,0.01809954751131222
no.slekt.programmer,no.student.samfund,589,255,15,0.018094089264173704
no.alt.arkiv,no.slekt.programmer,199,589,14,0.01808785529715762
no.mail.drift,no.mswindow,430,358,14,0.01808785529715762
no.radio_tv,no.reiser,583,1050,29,0.01807980049875312
no.film,no.musikk.klassisk,2587,229,50,0.018076644974692697
no.slekt,no.sykkel,1837,1148,53,0.018076398362892224
no.biz.diskusjoner,no.radio_tv,431,583,18,0.018072289156626505
no.linux,no.marked.diskusjon,3024,187,57,0.018072289156626505
no.org.nobug.diverse,no.pressemeldinger.diskusjon,90,79,3,0.018072289156626505
no.religion,no.sources.wanted,1585,218,32,0.018068887634105024
no.mswindow,no.uninett.diverse,358,262,11,0.0180623973727422
no.musikk,no.nuug,3669,164,68,0.018061088977423638
no.prat.ufo,no.uninett.hjelp,327,124,8,0.01805869074492099
no.musikk.klassisk,no.org.isoc-no,229,53,5,0.018050541516245487
no.tex,no.www,218,3452,65,0.018030513176144243
no.alt.arkiv,no.linux,199,3024,57,0.018003790271636132
no.mac,no.student.samfund,2742,255,53,0.018002717391304348
no.marked.diskusjon,no.radio-tv,187,2075,40,0.018001800180018002
no.alt.flame,no.alt.pompelog,2515,143,47,0.01800076599004213
no.irc,no.slekt.etterlysning,1475,1240,48,0.01799775028121485
no.eunet.diverse,no.student.samfund,141,255,7,0.017994858611825194
no.sport.volleyball,no.tungregning,165,118,5,0.017985611510791366
no.general,no.spill.rollespill,7081,447,133,0.017985125084516565
no.marked,no.mswindow,8430,358,155,0.017954361172246032
no.film,no.slekt,2587,1837,78,0.017947537965945698
no.elektronikk,no.mswindow,2253,358,46,0.01793372319688109
no.kultur.fritid.friluftsliv,no.vit.diverse,95,473,10,0.017921146953405017
no.media,no.tungregning,734,118,15,0.017921146953405017
no.org.dnd,no.tex,66,218,5,0.017921146953405017
no.speider,no.vit.diverse,493,473,17,0.01791359325605901
no.elektronikk,no.slekt.programmer,2253,589,50,0.01790830945558739
no.alt.arkiv,no.radio-tv,199,2075,40,0.017905102954341987
no.ai,no.general,254,7081,129,0.017901748542880933
no.linux,no.sources.wanted,3024,218,57,0.017896389324960755
no.prat.aksjer,no.video,480,942,25,0.01789549033643522
no.alt.radio_tv.irma1000,no.lisp,210,302,9,0.017892644135188866
no.alt.diskusjoner,no.pressemeldinger.diskusjon,2368,79,43,0.01788685524126456
no.amiga,no.pressemeldinger,1544,334,33,0.01788617886178862
no.prat.politikk,no.slekt.etterlysning,1152,1240,42,0.017872340425531916
no.alt.irc-treff,no.bil,296,2153,43,0.017871986699916874
no.prat.ufo,no.unix,327,1439,31,0.017867435158501442
no.alt.flame,no.pressemeldinger,2515,334,50,0.01786352268667381
no.hobby.diverse,no.kultur.fritid.friluftsliv,817,95,16,0.017857142857142856
no.audio,no.marked.diskusjon,2493,187,47,0.01785036080516521
no.alt.motorsykler,no.tegnsett,1690,249,34,0.01784776902887139
no.alt.arkiv,no.www,199,3452,64,0.017842207973236688
no.alt.fan.de-lillos,no.student.nett,176,452,11,0.017828200972447326
no.prat.ufo,no.x,327,301,11,0.017828200972447326
no.alt.fan.de-lillos,no.it.emacs,176,395,10,0.017825311942959002
no.folklore.generelt,no.uninett.skole,49,522,10,0.017825311942959002
no.alt.config,no.folklore.generelt,408,49,8,0.017817371937639197
no.it.os.os2,no.unix,332,1439,31,0.017816091954022988
no.religion,no.standard,1585,129,30,0.017814726840855107
no.irc,no.uninett.katalog,1475,68,27,0.017810026385224276
no.alt.radio-tv.irma-1000,no.ms-windows,309,3235,62,0.017805858701895463
no.marked.diskusjon,no.religion,187,1585,31,0.017805858701895463
no.biz.nettilbydere,no.musikk.klassisk,686,229,16,0.017797552836484983
no.spill.rollespill,no.uninett.katalog,447,68,9,0.017786561264822136
no.biz.annonser,no.speider,2197,493,47,0.017782822550132426
no.alt.pompel-og-pilt,no.marked,329,8430,153,0.01777829421333953
no.musikk.gitar,no.uninett.drift,1148,112,22,0.017770597738287562
no.pc,no.tegnsett,7029,249,127,0.017759753880576143
no.prat.seksualitet,no.speider,883,493,24,0.01775147928994083
no.folklore.overtro,no.linux,131,3024,55,0.017741935483870968
no.bolig,no.sport.fotball,978,629,28,0.01773274224192527
no.mac,no.slekt.programmer,2742,589,58,0.017720745493431105
no.ms-windows,no.prat.ufo,3235,327,62,0.017714285714285714
no.news.diverse,no.tungregning,1893,118,35,0.01771255060728745
no.alt.flame,no.kryptografi,2515,359,50,0.017705382436260624
no.sykkel,no.tungregning,1148,118,22,0.017684887459807074
no.radio-tv,no.uninett.drift,2075,112,38,0.017682643089809214
no.folklore.edb,no.ms-windows,219,3235,60,0.01767825574543312
no.elektronikk,no.vr,2253,166,42,0.01766933108960875
no.marked.diskusjon,no.sources.list,187,101,5,0.0176678445229682
no.it.os.os2,no.standard,332,129,8,0.017660044150110375
no.alt.frustrasjoner,no.marked.diskusjon,3041,187,56,0.017654476670870115
no.audio,no.skole.diverse,2493,563,53,0.017649017649017648
no.alt.amiga,no.alt.fan.de-lillos,343,176,9,0.01764705882352941
no.it.os.os2,no.marked.diskusjon,332,187,9,0.01764705882352941
no.alt.fan.de-lillos,no.c,176,1036,21,0.017632241813602016
no.telepost,no.tex,417,218,11,0.017628205128205128
no.alt.radio_tv.irma1000,no.alt.sjokolade,210,656,15,0.01762632197414806
no.alt.fan.de-lillos,no.prat.politikk,176,1152,23,0.017624521072796936
no.alt.fan.de-lillos,no.multimedia,176,1383,27,0.01762402088772846
no.net,no.org.isoc-no,1218,53,22,0.017614091273018415
no.sport.diverse,no.uninett.drift,1507,112,28,0.01759899434318039
no.slekt,no.standard,1837,129,34,0.017598343685300208
no.slekt.programmer,no.student.nett,589,452,18,0.017595307917888565
no.marked.diskusjon,no.sources.wanted,187,218,7,0.017587939698492462
no.pc,no.speider,7029,493,130,0.017586580086580088
no.spill.rollespill,no.video,447,942,24,0.017582417582417582
no.jus,no.tungregning,1852,118,34,0.01756198347107438
no.skole.diverse,no.test,563,6390,120,0.017561832284501682
no.norsk.fagord,no.sykkel,243,1148,24,0.01755669348939283
no.linux,no.vr,3024,166,55,0.017543859649122806
no.marked.diskusjon,no.musikk.gitar,187,1148,23,0.01753048780487805
no.vit.diverse,no.vr,473,166,11,0.01751592356687898
no.kjemi,no.mswindow,746,358,19,0.017511520737327188
no.bolig,no.uninett.katalog,978,68,18,0.017509727626459144
no.sport.fotball,no.video,629,942,27,0.017487046632124352
no.spill.rollespill,no.www,447,3452,67,0.017484342379958245
no.marked.bolig,no.spill.rollespill,892,447,23,0.017477203647416412
no.alt.sjokolade,no.sources.list,656,101,13,0.01747311827956989
no.alt.radio_tv.irma1000,no.biz.diskusjoner,210,431,11,0.01746031746031746
no.eunet.drift,no.norsk,135,1963,36,0.01745877788554801
no.prat.seksualitet,no.vr,883,166,18,0.01745877788554801
no.mswindow,no.sport.diverse,358,1507,32,0.01745771958537916
no.bibsys,no.tele,235,2097,40,0.017452006980802792
no.alt.irc-treff,no.musikk.klassisk,296,229,9,0.01744186046511628
no.alt.irctreff,no.alt.radio_tv.irma1000,82,210,5,0.017421602787456445
no.it.diverse,no.kultur.fritid.friluftsliv,606,95,12,0.01741654571843251
no.film,no.sources.wanted,2587,218,48,0.017410228509249184
no.nuug,no.spill,164,2992,54,0.017408123791102514
no.prat.aksjer,no.typografi,480,280,13,0.01740294511378849
no.audio,no.speider,2493,493,51,0.01737649063032368
no.eunet.diverse,no.musikk.gitar,141,1148,22,0.017363851617995266
no.ai,no.it.os.os2,254,332,10,0.017361111111111112
no.alt.arkiv,no.skole.diverse,199,563,13,0.017356475300400534
no.alt.motorsykler,no.prat.aksjer,1690,480,37,0.017346460384435068
no.radio_tv,no.video,583,942,26,0.01734489659773182
no.biz.diskusjoner,no.it.os.os2,431,332,13,0.017333333333333333
no.musikk,no.prat.ufo,3669,327,68,0.017311608961303463
no.alkohol,no.sources.list,1192,101,22,0.01730920535011802
no.radio-tv,no.sources.wanted,2075,218,39,0.01730257320319432
no.org.dnd,no.uninett.skole,66,522,10,0.01730103806228374
no.marked.diskusjon,no.vr,187,166,6,0.01729106628242075
no.hobby.diverse,no.x,817,301,19,0.017288444040036398
no.alt.pompelog,no.prat.politikk,143,1152,22,0.01728201099764336
no.alt.arkiv,no.tele,199,2097,39,0.017279574656623838
no.alt.radio_tv.irma1000,no.vitser,210,3558,64,0.017278617710583154
no.alt.pompelog,no.perl,143,564,12,0.017266187050359712
no.eunet.hjelp,no.uninett.skole,244,522,13,0.017264276228419653
no.alt.mat.drikke,no.vr,659,166,14,0.01726263871763255
no.kjemi,no.pressemeldinger.diskusjon,746,79,14,0.01726263871763255
no.mail.diverse,no.org.dnd,995,66,18,0.01725790987535954
no.audio,no.folklore.edb,2493,219,46,0.0172543135783946
no.norsk,no.sources.list,1963,101,35,0.01724987678659438
no.marked.bil,no.religion,1423,1585,51,0.017247210010145418
no.alt.fan.de-lillos,no.vit.diverse,176,473,11,0.017241379310344827
no.alt.god.jul,no.pressemeldinger.diskusjon,570,79,11,0.017241379310344827
no.alt.irc-treff,no.slekt.programmer,296,589,15,0.017241379310344827
no.alt.irctreff,no.ef,82,567,11,0.017241379310344827
no.alt.mat.drikke,no.folklore.generelt,659,49,12,0.017241379310344827
no.slekt.programmer,no.vit.diverse,589,473,18,0.017241379310344827
no.spill,no.student.samfund,2992,255,55,0.017230576441102756
no.marked.bolig,no.psykologi,892,584,25,0.01722949689869056
no.marked.jobb,no.mswindow,2181,358,43,0.017227564102564104
no.alt.radio-tv.irma-1000,no.marked,309,8430,148,0.01722733092771505
no.marked.bolig,no.uninett.drift,892,112,17,0.017223910840932118
no.slekt.etterlysning,no.vit.diverse,1240,473,29,0.0172209026128266
no.alt.config,no.slekt,408,1837,38,0.017217942908926143
no.alt.flame,no.sykkel,2515,1148,62,0.01721743960011108
no.org.dnd,no.psykologi,66,584,11,0.017214397496087636
no.org.efn.diskusjon,no.spill.sjakk,446,145,10,0.01721170395869191
no.biz,no.kryptografi,55,359,7,0.0171990171990172
no.sport.volleyball,no.tegnsett,165,249,7,0.0171990171990172
no.alt.fan.de-lillos,no.musikk,176,3669,65,0.017195767195767195
no.jus,no.sources.list,1852,101,33,0.0171875
no.alt.flame,no.skole.diverse,2515,563,52,0.017184401850627893
no.alt.config,no.prat.aksjer,408,480,15,0.01718213058419244
no.embnet,no.it.os.os2,260,332,10,0.01718213058419244
no.alt.radio_tv.irma1000,no.sport.diverse,210,1507,29,0.017180094786729858
no.folklore.edb,no.mac,219,2742,50,0.017176228100309172
no.org.isoc-no,no.prat.aksjer,53,480,9,0.01717557251908397
no.sport.fotball,no.sykkel,629,1148,30,0.017172295363480253
no.slekt.etterlysning,no.vitser,1240,3558,81,0.017171931312274753
no.slekt,no.tungregning,1837,118,33,0.01716961498439126
no.alt.amiga,no.alt.radio-tv.irma-1000,343,309,11,0.0171606864274571
no.alt.sjokolade,no.slekt.programmer,656,589,21,0.01715686274509804
no.marked.diskusjon,no.psykologi,187,584,13,0.017150395778364115
no.alt.irctreff,no.student.nett,82,452,9,0.017142857142857144
no.ef,no.spill.sjakk,567,145,12,0.017142857142857144
no.alt.sjokolade,no.slekt,656,1837,42,0.017135862913096694
no.kryptografi,no.marked,359,8430,148,0.01712764726304826
no.marked.data,no.org.efn.diskusjon,7987,446,142,0.01712700518634664
no.bil,no.nuug,2153,164,39,0.017120280948200176
no.alt.irc-treff,no.telepost,296,417,12,0.017118402282453638
no.lisp,no.slekt,302,1837,36,0.017118402282453638
no.sources.wanted,no.spill,218,2992,54,0.017110266159695818
no.alt.frustrasjoner,no.musikk.klassisk,3041,229,55,0.017107309486780714
no.alt.flame,no.typografi,2515,280,47,0.01710334788937409
no.marked,no.uninett.diverse,8430,262,146,0.01708401591387784
no.tele,no.vr,2097,166,38,0.01707865168539326
no.eunet.diverse,no.it.emacs,141,395,9,0.017077798861480076
no.amiga,no.norsk.fagord,1544,243,30,0.01707455890722823
no.linux,no.student.samfund,3024,255,55,0.017059553349875932
no.biz.nettilbydere,no.spill.rollespill,686,447,19,0.017055655296229804
no.prat.narkotika,no.standard,527,129,11,0.017054263565891473
no.alt.sjokolade,no.mswindow,656,358,17,0.017051153460381142
no.slekt.programmer,no.unix,589,1439,34,0.017051153460381142
no.biz.nettilbydere,no.org.nobug.diverse,686,90,13,0.01703800786369594
no.spill.sjakk,no.student.nett,145,452,10,0.017035775127768313
no.marked.bolig,no.norsk.fagord,892,243,19,0.017025089605734768
no.ms-windows,no.slekt.programmer,3235,589,64,0.01702127659574468
no.kjemi,no.sport.fotball,746,629,23,0.017011834319526627
no.ef,no.sport.fotball,567,629,20,0.017006802721088437
no.kryptografi,no.spill,359,2992,56,0.016995447647951443
no.alt.arkiv,no.slekt,199,1837,34,0.016983016983016984
no.alt.pompel-og-pilt,no.alt.radio_tv.irma1000,329,210,9,0.016981132075471698
no.folklore.edb,no.pc,219,7029,121,0.016977690472849725
no.news.diverse,no.spill.sjakk,1893,145,34,0.016966067864271458
no.bolig,no.slekt.etterlysning,978,1240,37,0.016964695093993582
no.marked,no.skole.diverse,8430,563,150,0.016962569263824494
no.marked.diskusjon,no.spill,187,2992,53,0.01695457453614843
no.alt.troll,no.org.isoc-no,7,53,1,0.01694915254237288
no.marked.data,no.vit.diverse,7987,473,141,0.01694915254237288
no.sport.volleyball,no.student.samfund,165,255,7,0.01694915254237288
no.perl,no.slekt,564,1837,40,0.0169419737399407
no.marked,no.uninett.skole,8430,522,149,0.016926047938202887
no.biz,no.it.diverse,55,606,11,0.016923076923076923
no.biz.annonser.data,no.student.samfund,1548,255,30,0.01692047377326565
no.bibsys,no.sykkel,235,1148,23,0.016911764705882352
no.alt.radio_tv.irma1000,no.radio-tv,210,2075,38,0.016911437472185136
no.media,no.slekt.programmer,734,589,22,0.016910069177555727
no.alt.katter,no.uninett.katalog,774,68,14,0.016908212560386472
no.eunet.diverse,no.typografi,141,280,7,0.016908212560386472
no.alt.irc-treff,no.musikk.gitar,296,1148,24,0.016901408450704224
no.alt.radio_tv.irma1000,no.student.nett,210,452,11,0.016897081413210446
no.bibsys,no.org.dnd,235,66,5,0.016891891891891893
no.folklore.overtro,no.tele,131,2097,37,0.016887266088544045
no.folklore.generelt,no.speider,49,493,9,0.016885553470919325
no.biz.nettilbydere,no.sources.wanted,686,218,15,0.01687289088863892
no.eunet.diverse,no.uninett.skole,141,522,11,0.01687116564417178
no.mail.diverse,no.org.nobug.diverse,995,90,18,0.016869728209934397
no.film,no.folklore.overtro,2587,131,45,0.016835016835016835
no.mac,no.sources.wanted,2742,218,49,0.01683270353830299
no.prat.seksualitet,no.slekt,883,1837,45,0.016822429906542057
no.general,no.mswindow,7081,358,123,0.016812465828321486
no.audio,no.musikk.klassisk,2493,229,45,0.016809861785580874
no.alt.fan.de-lillos,no.marked.diskusjon,176,187,6,0.01680672268907563
no.prat.ufo,no.sources.wanted,327,218,9,0.016791044776119403
no.prat.ufo,no.tex,327,218,9,0.016791044776119403
no.alt.arkiv,no.film,199,2587,46,0.016788321167883213
no.biz.annonser,no.vr,2197,166,39,0.016781411359724614
no.folklore.edb,no.spill.sjakk,219,145,6,0.01675977653631285
no.slekt.etterlysning,no.tele,1240,2097,55,0.01675807434491164
no.spill.sjakk,no.typografi,145,280,7,0.01674641148325359
no.psykologi,no.spill.sjakk,584,145,12,0.016736401673640166
no.alt.mat,no.uninett.drift,1286,112,23,0.016727272727272726
no.slekt,no.vit.diverse,1837,473,38,0.016725352112676055
no.alt.pompel-og-pilt,no.pc,329,7029,121,0.016719635207959098
no.pressemeldinger,no.vitser,334,3558,64,0.01671891327063741
no.mswindow,no.radio-tv,358,2075,40,0.01671541997492687
no.hobby.diverse,no.tex,817,218,17,0.01669941060903733
no.bibsys,no.spill,235,2992,53,0.016698172652804034
no.alt.mat,no.mswindow,1286,358,27,0.016697588126159554
no.alt.motorsykler,no.skole.diverse,1690,563,37,0.016696750902527077
no.linux,no.spill.rollespill,3024,447,57,0.016695957820738138
no.musikk.klassisk,no.reiser,229,1050,21,0.016693163751987282
no.prat.aksjer,no.spill,480,2992,57,0.016691068814055635
no.alt.motorsykler,no.perl,1690,564,37,0.016689219666215605
no.tele,no.tex,2097,218,38,0.01668862538427756
no.musikk.klassisk,no.skole.diverse,229,563,13,0.01668806161745828
no.alt.gledesutbrudd,no.eunet.drift,1754,135,31,0.016684607104413347
no.alt.config,no.sport.fotball,408,629,17,0.016666666666666666
no.alt.fan.de-lillos,no.uninett.katalog,176,68,4,0.016666666666666666
no.alt.motorsykler,no.uninett.diverse,1690,262,32,0.016666666666666666
no.marked.data,no.marked.diskusjon,7987,187,134,0.016666666666666666
no.alt.config,no.marked.bil,408,1423,30,0.01665741254858412
no.alt.motorsykler,no.eunet.diverse,1690,141,30,0.01665741254858412
no.alt.mat,no.tungregning,1286,118,23,0.0166545981173063
no.alt.diskusjoner,no.eunet.drift,2368,135,41,0.016653127538586516
no.vitser,no.vr,3558,166,61,0.016653016653016654
no.tex,no.video,218,942,19,0.016652059596844872
no.marked.data,no.news.drift,7987,379,137,0.016648438449386318
no.alt.frustrasjoner,no.eunet.drift,3041,135,52,0.016645326504481434
no.folklore.overtro,no.prat.aksjer,131,480,10,0.016638935108153077
no.it.os.os2,no.tex,332,218,9,0.0166358595194085
no.elektronikk,no.folklore.overtro,2253,131,39,0.016631130063965886
no.alt.irctreff,no.alt.katter,82,774,14,0.0166270783847981
no.folklore.generelt,no.news.drift,49,379,7,0.0166270783847981
no.marked.bil,no.vit.diverse,1423,473,31,0.016621983914209115
no.alt.flame,no.x,2515,301,46,0.01660649819494585
no.musikk,no.tegnsett,3669,249,64,0.01660612350804359
no.bolig,no.uninett.hjelp,978,124,18,0.016605166051660517
no.slekt.programmer,no.video,589,942,25,0.016600265604249667
no.alt.radio_tv.irma1000,no.multimedia,210,1383,26,0.016592214422463305
no.musikk.gitar,no.sport.fotball,1148,629,29,0.016590389016018305
no.alt.flame,no.bolig,2515,978,57,0.01658905704307334
no.spill.rollespill,no.vr,447,166,10,0.01658374792703151
no.c,no.uninett.katalog,1036,68,18,0.016574585635359115
no.musikk.klassisk,no.org.efn.diskusjon,229,446,11,0.016566265060240965
no.norsk,no.uninett.hjelp,1963,124,34,0.016561130053580127
no.folklore.generelt,no.mail.diverse,49,995,17,0.016553067185978577
no.musikk.gitar,no.prat.ufo,1148,327,24,0.016540317022742935
no.alt.irc-treff,no.biz.annonser.data,296,1548,30,0.016538037486218304
no.ai,no.vitser,254,3558,62,0.016533333333333334
no.film,no.norsk.fagord,2587,243,46,0.016522988505747127
no.litteratur,no.uninett.katalog,1532,68,26,0.016518424396442185
no.alt.amiga,no.pressemeldinger,343,334,11,0.016516516516516516
no.sources.list,no.unix,101,1439,25,0.0165016501650165
no.spill.rollespill,no.vitser,447,3558,65,0.01649746192893401
no.musikk.klassisk,no.video,229,942,19,0.016493055555555556
no.mail.diverse,no.org.isoc-no,995,53,17,0.016488845780795344
no.marked.data,no.uninett.skole,7987,522,138,0.016485485605065107
no.embnet,no.prat.aksjer,260,480,12,0.016483516483516484
no.marked.data,no.prat.narkotika,7987,527,138,0.0164756446991404
no.alt.katter,no.org.nobug.diverse,774,90,14,0.01647058823529412
no.skole.diverse,no.x,563,301,14,0.01647058823529412
no.folklore.edb,no.marked.bolig,219,892,18,0.01646843549862763
no.musikk.gitar,no.pressemeldinger,1148,334,24,0.01646090534979424
no.alt.god.jul,no.prat.aksjer,570,480,17,0.016456921587608905
no.alt.amiga,no.marked,343,8430,142,0.016452323021666087
no.marked.data,no.slekt,7987,1837,159,0.016451112260734608
no.alt.amiga,no.psykologi,343,584,15,0.01644736842105263
no.nuug,no.spill.sjakk,164,145,5,0.01644736842105263
no.alt.flame,no.student.nett,2515,452,48,0.01644398766700925
no.audio,no.vr,2493,166,43,0.01643730886850153
no.audio,no.slekt,2493,1837,70,0.01643192488262911
no.alt.god.jul,no.mswindow,570,358,15,0.01642935377875137
no.folklore.generelt,no.org.efn.diskusjon,49,446,8,0.01642710472279261
no.musikk.klassisk,no.student.nett,229,452,11,0.016417910447761194
no.alt.radio-tv.irma-1000,no.marked.data,309,7987,134,0.016417544719431514
no.it.os.os2,no.vit.diverse,332,473,13,0.016414141414141416
no.alt.gledesutbrudd,no.vr,1754,166,31,0.01641079936474325
no.sport.diverse,no.vr,1507,166,27,0.016403402187120292
no.alt.irc-treff,no.mac,296,2742,49,0.01639344262295082
no.bibsys,no.spill.rollespill,235,447,11,0.01639344262295082
no.ef,no.org.isoc-no,567,53,10,0.01639344262295082
no.it.os.os2,no.nuug,332,164,8,0.01639344262295082
no.mail.drift,no.org.dnd,430,66,8,0.01639344262295082
no.musikk.klassisk,no.sport.diverse,229,1507,28,0.01639344262295082
no.alt.amiga,no.alt.katter,343,774,18,0.01637852593266606
no.alt.pompel-og-pilt,no.marked.data,329,7987,134,0.016377413835248107
no.lisp,no.sport.fotball,302,629,15,0.016375545851528384
no.pressemeldinger,no.vit.diverse,334,473,13,0.0163727959697733
no.ai,no.reiser,254,1050,21,0.01636788776305534
no.alt.radio_tv.irma1000,no.film,210,2587,45,0.016351744186046513
no.prat.politikk,no.slekt.programmer,1152,589,28,0.01634559252772913
no.alt.fan.de-lillos,no.org.efn.diskusjon,176,446,10,0.016339869281045753
no.alt.gledesutbrudd,no.uninett.drift,1754,112,30,0.016339869281045753
no.biz.annonser,no.telepost,2197,417,42,0.016329704510108865
no.marked.bolig,no.musikk.klassisk,892,229,18,0.016319129646418858
no.mail.drift,no.sport.fotball,430,629,17,0.016314779270633396
no.biz.annonser,no.mswindow,2197,358,41,0.016308671439936355
no.alt.amiga,no.sources.wanted,343,218,9,0.016304347826086956
no.alt.tegneserier,no.pressemeldinger.diskusjon,1043,79,18,0.016304347826086956
no.medisin,no.radio_tv,1038,583,26,0.016300940438871474
no.amiga,no.prat.ufo,1544,327,30,0.016295491580662683
no.alt.config,no.test,408,6390,109,0.016295410375242937
no.elektronikk,no.slekt.etterlysning,2253,1240,56,0.016293279022403257
no.eunet.hjelp,no.student.samfund,244,255,8,0.016293279022403257
no.general,no.prat.aksjer,7081,480,121,0.016263440860215053
no.alt.radio-tv.irma-1000,no.org.dnd,309,66,6,0.016260162601626018
no.prat.aksjer,no.spill.sjakk,480,145,10,0.016260162601626018
no.film,no.nuug,2587,164,44,0.01625415589213151
no.marked.diskusjon,no.unix,187,1439,26,0.01625
no.amiga,no.radio_tv,1544,583,34,0.016244624940277116
no.alt.arkiv,no.spill,199,2992,51,0.01624203821656051
no.alt.arkiv,no.mac,199,2742,47,0.01624049758120249
no.it.diverse,no.spill.sjakk,606,145,12,0.016238159675236806
no.musikk.klassisk,no.sykkel,229,1148,22,0.016236162361623615
no.marked,no.pressemeldinger,8430,334,140,0.016233766233766232
no.it.diverse,no.musikk.gitar,606,1148,28,0.016222479721900347
no.audio,no.prat.ufo,2493,327,45,0.016216216216216217
no.it.diverse,no.pressemeldinger,606,334,15,0.016216216216216217
no.alt.katter,no.prat.aksjer,774,480,20,0.01620745542949757
no.havforskning,no.musikk.klassisk,398,229,10,0.01620745542949757
no.skole.diverse,no.video,563,942,24,0.016205266711681297
no.marked.diskusjon,no.sport.fotball,187,629,13,0.0161892901618929
no.nuug,no.tele,164,2097,36,0.016179775280898877
no.embnet,no.pc,260,7029,116,0.01617175519308518
no.prat.seksualitet,no.tegnsett,883,249,18,0.01615798922800718
no.alt.fan.de-lillos,no.norsk,176,1963,34,0.016152019002375298
no.slekt.etterlysning,no.uninett.skole,1240,522,28,0.016147635524798153
no.bolig,no.tex,978,218,19,0.016142735768903994
no.radio-tv,no.standard,2075,129,35,0.016136468418626097
no.havforskning,no.mswindow,398,358,12,0.016129032258064516
no.kryptografi,no.spill.sjakk,359,145,8,0.016129032258064516
no.sport.diverse,no.uninett.katalog,1507,68,25,0.016129032258064516
no.marked.data,no.radio_tv,7987,583,136,0.016125207493478778
no.biz.annonser.data,no.typografi,1548,280,29,0.016120066703724293
no.multimedia,no.uninett.katalog,1383,68,23,0.01610644257703081
no.marked.bolig,no.tungregning,892,118,16,0.01609657947686117
no.film,no.standard,2587,129,43,0.016086793864571642
no.norsk.fagord,no.student.nett,243,452,11,0.01608187134502924
no.alt.fan.de-lillos,no.radio_tv,176,583,12,0.01606425702811245
no.news.diverse,no.uninett.katalog,1893,68,31,0.01606217616580311
no.spill.rollespill,no.sport.fotball,447,629,17,0.016052880075542966
no.ms-windows,no.tegnsett,3235,249,55,0.01603966170895305
no.elektronikk,no.sources.wanted,2253,218,39,0.016036184210526317
no.c,no.mswindow,1036,358,22,0.016034985422740525
no.alt.flame,no.alt.radio_tv.irma1000,2515,210,43,0.01603281133482476
no.org.nobug.diverse,no.telepost,90,417,8,0.01603206412825651
no.bibsys,no.slekt.programmer,235,589,13,0.016029593094944512
no.eunet.diverse,no.sport.diverse,141,1507,26,0.016029593094944512
no.media,no.org.nobug.diverse,734,90,13,0.016029593094944512
no.alt.arkiv,no.biz,199,55,4,0.016
no.slekt,no.uninett.katalog,1837,68,30,0.016
no.alt.amiga,no.alt.motorsykler,343,1690,32,0.015992003998001
no.spill.sjakk,no.sport.diverse,145,1507,26,0.015990159901599015
no.alt.mat.drikke,no.mswindow,659,358,16,0.015984015984015984
no.telepost,no.vit.diverse,417,473,14,0.01598173515981735
no.elektronikk,no.nuug,2253,164,38,0.015973097940311057
no.alt.katter,no.org.isoc-no,774,53,13,0.01597051597051597
no.alt.amiga,no.vr,343,166,8,0.015968063872255488
no.marked.jobb,no.speider,2181,493,42,0.015957446808510637
no.radio_tv,no.slekt,583,1837,38,0.01595298068849706
no.prat.ufo,no.vitser,327,3558,61,0.015951882845188285
no.spill,no.standard,2992,129,49,0.015950520833333332
no.radio-tv,no.tex,2075,218,36,0.01595037660611431
no.org.isoc-no,no.psykologi,53,584,10,0.01594896331738437
no.alt.pompel-og-pilt,no.skole.diverse,329,563,14,0.015945330296127564
no.eunet.hjelp,no.www,244,3452,58,0.01594282572842221
no.prat.seksualitet,no.radio_tv,883,583,23,0.01593901593901594
no.marked.diskusjon,no.uninett.katalog,187,68,4,0.01593625498007968
no.sources.wanted,no.uninett.fik,218,37,4,0.01593625498007968
no.biz.annonser.data,no.speider,1548,493,32,0.015928322548531607
no.c,no.folklore.generelt,1036,49,17,0.015917602996254682
no.alt.amiga,no.multimedia,343,1383,27,0.015891701000588582
no.folklore.overtro,no.marked.bolig,131,892,16,0.015888778550148957
no.reiser,no.sources.list,1050,101,18,0.01588702559576346
no.typografi,no.vitser,280,3558,60,0.015881418740074114
no.alt.gledesutbrudd,no.mswindow,1754,358,33,0.015873015873015872
no.alt.mat.drikke,no.slekt,659,1837,39,0.015873015873015872
no.folklore.edb,no.musikk.klassisk,219,229,7,0.015873015873015872
no.folklore.edb,no.sport.volleyball,219,165,6,0.015873015873015872
no.reiser,no.vr,1050,166,19,0.015873015873015872
no.c,no.org.isoc-no,1036,53,17,0.01585820895522388
no.pressemeldinger,no.skole.diverse,334,563,14,0.015855039637599093
no.alt.config,no.marked.data,408,7987,131,0.01585188770571152
no.alt.mat,no.uninett.hjelp,1286,124,22,0.01585014409221902
no.alt.arkiv,no.audio,199,2493,42,0.015849056603773583
no.marked.bil,no.sport.fotball,1423,629,32,0.015841584158415842
no.prat.ufo,no.sykkel,327,1148,23,0.01584022038567493
no.alt.arkiv,no.sykkel,199,1148,21,0.01583710407239819
no.pc,no.prat.aksjer,7029,480,117,0.015827922077922076
no.bolig,no.folklore.generelt,978,49,16,0.01582591493570722
no.org.dnd,no.student.samfund,66,255,5,0.015822784810126583
no.alt.motorsykler,no.speider,1690,493,34,0.01582131223825035
no.alt.amiga,no.bibsys,343,235,9,0.015817223198594025
no.alt.sjokolade,no.eunet.hjelp,656,244,14,0.01580135440180587
no.alt.radio-tv.irma-1000,no.pressemeldinger,309,334,10,0.01579778830963665
no.sources.wanted,no.tele,218,2097,36,0.015796401930671347
no.marked.jobb,no.prat.ufo,2181,327,39,0.015795868772782502
no.nuug,no.prat.aksjer,164,480,10,0.015772870662460567
no.embnet,no.marked.data,260,7987,128,0.015765488360635547
no.litteratur,no.pressemeldinger.diskusjon,1532,79,25,0.015762925598991173
no.musikk.klassisk,no.prat.aksjer,229,480,11,0.015759312320916905
no.org.isoc-no,no.pressemeldinger,53,334,6,0.015748031496062992
no.it.os.os2,no.prat.politikk,332,1152,23,0.01574264202600958
no.marked.bolig,no.pressemeldinger,892,334,19,0.015741507870753936
no.reiser,no.uninett.drift,1050,112,18,0.015734265734265736
no.reiser,no.sport.fotball,1050,629,26,0.01572897761645493
no.it.os.os2,no.net,332,1218,24,0.015727391874180863
no.alt.irctreff,no.perl,82,564,10,0.015723270440251572
no.marked.bolig,no.slekt.etterlysning,892,1240,33,0.01572177227251072
no.alt.radio-tv.irma-1000,no.pressemeldinger.diskusjon,309,79,6,0.015706806282722512
no.embnet,no.ms-windows,260,3235,54,0.015693112467306015
no.bil,no.norsk.fagord,2153,243,37,0.015684612123781264
no.litteratur,no.tex,1532,218,27,0.01567034242600116
no.it.os.os2,no.org.efn.diskusjon,332,446,12,0.015665796344647518
no.multimedia,no.sport.fotball,1383,629,31,0.015648662291771833
no.bil,no.biz,2153,55,34,0.015639374425023
no.alt.mat,no.pressemeldinger.diskusjon,1286,79,21,0.015625
no.eunet.drift,no.student.samfund,135,255,6,0.015625
no.medisin,no.uninett.katalog,1038,68,17,0.015610651974288337
no.skole.diverse,no.sources.wanted,563,218,12,0.015604681404421327
no.prat.narkotika,no.uninett.hjelp,527,124,10,0.015600624024960999
no.alt.fan.de-lillos,no.typografi,176,280,7,0.015590200445434299
no.bibsys,no.marked,235,8430,133,0.015588373183309892
no.irc,no.prat.aksjer,1475,480,30,0.015584415584415584
no.bibsys,no.telepost,235,417,10,0.01557632398753894
no.embnet,no.org.dnd,260,66,5,0.01557632398753894
no.spill.rollespill,no.tele,447,2097,39,0.015568862275449102
no.pc,no.typografi,7029,280,112,0.015562039738780047
no.alt.diskusjoner,no.uninett.drift,2368,112,38,0.015561015561015561
no.biz,no.eunet.diverse,55,141,3,0.015544041450777202
no.kultur.fritid.friluftsliv,no.speider,95,493,9,0.015544041450777202
no.news.drift,no.sport.orientering,379,144,8,0.015533980582524271
no.alt.fan.de-lillos,no.jus,176,1852,31,0.015523284927391086
no.marked.bolig,no.org.nobug.diverse,892,90,15,0.015511892450879007
no.kryptografi,no.sport.volleyball,359,165,8,0.015503875968992248
no.org.dnd,no.prat.ufo,66,327,6,0.015503875968992248
no.norsk.fagord,no.pc,243,7029,111,0.015500628403854211
no.multimedia,no.slekt.etterlysning,1383,1240,40,0.01548586914440573
no.alt.fan.de-lillos,no.prat.aksjer,176,480,10,0.015479876160990712
no.it.emacs,no.slekt.programmer,395,589,15,0.015479876160990712
no.biz,no.mail.diverse,55,995,16,0.015473887814313346
no.alt.irc-treff,no.sykkel,296,1148,22,0.015471167369901548
no.alt.sjokolade,no.org.dnd,656,66,11,0.015471167369901548
no.it.os.os2,no.tele,332,2097,37,0.015468227424749164
no.musikk.klassisk,no.sport.volleyball,229,165,6,0.015463917525773196
no.biz.annonser,no.x,2197,301,38,0.015447154471544716
no.org.isoc-no,no.vit.diverse,53,473,8,0.015444015444015444
no.pressemeldinger.diskusjon,no.spill.rollespill,79,447,8,0.015444015444015444
no.bibsys,no.marked.data,235,7987,125,0.015437816475237742
no.marked.jobb,no.slekt.etterlysning,2181,1240,52,0.01543484713564856
no.marked.bolig,no.mswindow,892,358,19,0.015434606011372868
no.sources.list,no.spill,101,2992,47,0.015430072225869994
no.it.diverse,no.tungregning,606,118,11,0.015427769985974754
no.eunet.diverse,no.unix,141,1439,24,0.015424164524421594
no.alt.radio-tv.irma-1000,no.tex,309,218,8,0.015414258188824663
no.alt.amiga,no.norsk,343,1963,35,0.015411712901805373
no.org.dnd,no.prat.narkotika,66,527,9,0.015410958904109588
no.alt.mat.drikke,no.org.dnd,659,66,11,0.015406162464985995
no.biz.annonser.data,no.vr,1548,166,26,0.015402843601895734
no.marked.data,no.psykologi,7987,584,130,0.01540101883663073
no.radio-tv,no.sources.list,2075,101,33,0.015398973401773215
no.biz.annonser,no.norsk.fagord,2197,243,37,0.015397419891801914
no.alt.irc-treff,no.pc,296,7029,111,0.015386747990019406
no.alt.mat,no.vr,1286,166,22,0.015384615384615385
no.alt.pompelog,no.marked.diskusjon,143,187,5,0.015384615384615385
no.biz.diskusjoner,no.musikk.klassisk,431,229,10,0.015384615384615385
no.it.os.os2,no.uninett.diverse,332,262,9,0.015384615384615385
no.radio_tv,no.vit.diverse,583,473,16,0.015384615384615385
no.bibsys,no.pc,235,7029,110,0.015376013419066257
no.film,no.marked.diskusjon,2587,187,42,0.015373352855051245
no.marked.bil,no.speider,1423,493,29,0.015368309485956544
no.pressemeldinger.diskusjon,no.sport.diverse,79,1507,24,0.015364916773367477
no.biz.annonser,no.slekt.etterlysning,2197,1240,52,0.01536189069423929
no.alt.motorsykler,no.kryptografi,1690,359,31,0.015361744301288404
no.biz.annonser,no.spill.rollespill,2197,447,40,0.015360983102918587
no.it.diverse,no.velkommen,606,55,10,0.015360983102918587
no.alt.radio-tv.irma-1000,no.pc,309,7029,111,0.015359070153590702
no.biz.annonser,no.tegnsett,2197,249,37,0.015359070153590702
no.alt.pompelog,no.student.nett,143,452,9,0.015358361774744027
no.marked.bil,no.nuug,1423,164,24,0.015355086372360844
no.slekt.etterlysning,no.spill,1240,2992,64,0.015355086372360844
no.pressemeldinger,no.standard,334,129,7,0.015350877192982455
no.alt.flame,no.folklore.overtro,2515,131,40,0.015349194167306216
no.alt.irctreff,no.tegnsett,82,249,5,0.015337423312883436
no.jus,no.uninett.katalog,1852,68,29,0.015335801163405606
no.musikk.klassisk,no.x,229,301,8,0.01532567049808429
no.tungregning,no.video,118,942,16,0.01532567049808429
no.alt.frustrasjoner,no.eunet.diverse,3041,141,48,0.015315890236119975
no.alkohol,no.uninett.katalog,1192,68,19,0.015310233682514102
no.alt.pompelog,no.student.samfund,143,255,6,0.015306122448979591
no.biz.annonser,no.slekt.programmer,2197,589,42,0.015306122448979591
no.prat.seksualitet,no.uninett.drift,883,112,15,0.015306122448979591
no.prat.seksualitet,no.slekt.etterlysning,883,1240,32,0.015303682448589193
no.medisin,no.org.nobug.diverse,1038,90,17,0.0153015301530153
no.alt.irc-treff,no.audio,296,2493,42,0.015289406625409537
no.net,no.slekt.etterlysning,1218,1240,37,0.015282940933498555
no.alt.frustrasjoner,no.alt.irctreff,3041,82,47,0.01527958387516255
no.org.dnd,no.stortinget,66,665,11,0.015277777777777777
no.spill.rollespill,no.sykkel,447,1148,24,0.015276893698281349
no.sport.fotball,no.tele,629,2097,41,0.015270018621973929
no.alt.fan.de-lillos,no.org.nobug.diverse,176,90,4,0.015267175572519083
no.biz.nettilbydere,no.uninett.drift,686,112,12,0.015267175572519083
no.eunet.drift,no.folklore.overtro,135,131,4,0.015267175572519083
no.sources.wanted,no.spill.rollespill,218,447,10,0.015267175572519083
no.alt.god.jul,no.musikk.klassisk,570,229,12,0.015247776365946633
no.amiga,no.student.samfund,1544,255,27,0.015237020316027089
no.alt.tegneserier,no.org.nobug.diverse,1043,90,17,0.015232974910394265
no.ms-windows,no.nuug,3235,164,51,0.015232974910394265
no.bibsys,no.sport.volleyball,235,165,6,0.015228426395939087
no.it.os.os2,no.uninett.katalog,332,68,6,0.015228426395939087
no.media,no.org.dnd,734,66,12,0.015228426395939087
no.org.dnd,no.pressemeldinger,66,334,6,0.015228426395939087
no.film,no.prat.aksjer,2587,480,46,0.015226746110559417
no.alt.arkiv,no.musikk,199,3669,58,0.015223097112860892
no.spill.sjakk,no.uninett.skole,145,522,10,0.015220700152207
no.ai,no.prat.aksjer,254,480,11,0.015214384508990318
no.audio,no.norsk.fagord,2493,243,41,0.015213358070500928
no.alt.fan.de-lillos,no.marked.bolig,176,892,16,0.015209125475285171
no.folklore.generelt,no.sources.wanted,49,218,4,0.015209125475285171
no.marked.diskusjon,no.sykkel,187,1148,20,0.015209125475285171
no.alt.frustrasjoner,no.nuug,3041,164,48,0.015204307887234716
no.alt.radio_tv.irma1000,no.uninett.hjelp,210,124,5,0.015197568389057751
no.bolig,no.mswindow,978,358,20,0.015197568389057751
no.biz.nettilbydere,no.folklore.generelt,686,49,11,0.015193370165745856
no.media,no.uninett.katalog,734,68,12,0.015189873417721518
no.alt.fan.de-lillos,no.kryptografi,176,359,8,0.015180265654648957
no.bil,no.slekt.programmer,2153,589,41,0.015179563124768604
no.eunet.hjelp,no.tele,244,2097,35,0.015177797051170859
no.slekt,no.test,1837,6390,123,0.015177690029615006
no.prat.seksualitet,no.slekt.programmer,883,589,22,0.015172413793103448
no.nuug,no.www,164,3452,54,0.015160022459292532
no.biz,no.pressemeldinger.diskusjon,55,79,2,0.015151515151515152
no.svar,no.velkommen,12,55,1,0.015151515151515152
no.audio,no.student.samfund,2493,255,41,0.015145917990395271
no.alkohol,no.alt.irctreff,1192,82,19,0.015139442231075698
no.linux,no.standard,3024,129,47,0.015132002575660013
no.news.diverse,no.org.isoc-no,1893,53,29,0.015127803860198226
no.mac,no.prat.aksjer,2742,480,48,0.015122873345935728
no.org.isoc-no,no.telepost,53,417,7,0.01511879049676026
no.biz.annonser.data,no.folklore.overtro,1548,131,25,0.015114873035066506
no.bil,no.pressemeldinger,2153,334,37,0.015102040816326531
no.alt.pompelog,no.it.emacs,143,395,8,0.01509433962264151
no.prat.aksjer,no.vitser,480,3558,60,0.015082956259426848
no.norsk.fagord,no.sport.diverse,243,1507,26,0.015081206496519721
no.marked.bolig,no.slekt.programmer,892,589,22,0.015078821110349555
no.folklore.edb,no.slekt.programmer,219,589,12,0.01507537688442211
no.prat.ufo,no.tele,327,2097,36,0.01507537688442211
no.it.emacs,no.marked,395,8430,131,0.015067862893949851
no.marked.jobb,no.spill.rollespill,2181,447,39,0.015063731170336037
no.marked.bil,no.uninett.diverse,1423,262,25,0.015060240963855422
no.alt.radio_tv.irma1000,no.uninett.diverse,210,262,7,0.015053763440860216
no.musikk,no.norsk.fagord,3669,243,58,0.015049299429164505
no.biz.nettilbydere,no.uninett.hjelp,686,124,12,0.015037593984962405
no.marked,no.prat.aksjer,8430,480,132,0.015037593984962405
no.biz.diskusjoner,no.spill.rollespill,431,447,13,0.015028901734104046
no.sport.fotball,no.student.nett,629,452,16,0.015023474178403756
no.kultur.fritid.friluftsliv,no.norsk.fagord,95,243,5,0.015015015015015015
no.musikk.klassisk,no.spill.rollespill,229,447,10,0.015015015015015015
no.slekt,no.uninett.hjelp,1837,124,29,0.015010351966873706
no.medisin,no.uninett.drift,1038,112,17,0.01500441306266549
no.marked.bolig,no.uninett.hjelp,892,124,15,0.014985014985014986
no.marked.diskusjon,no.sport.diverse,187,1507,25,0.014979029358897543
no.prat.aksjer,no.pressemeldinger,480,334,12,0.014962593516209476
no.alt.flame,no.it.diverse,2515,606,46,0.014959349593495935
no.bolig,no.radio_tv,978,583,23,0.01495448634590377
no.pressemeldinger.diskusjon,no.www,79,3452,52,0.014946823799942513
no.sport.diverse,no.uninett.hjelp,1507,124,24,0.014934660858743
no.amiga,no.skole.diverse,1544,563,31,0.014932562620423893
no.news.drift,no.sport.volleyball,379,165,8,0.014925373134328358
no.alt.diskusjoner,no.alt.irctreff,2368,82,36,0.014913007456503728
no.alt.amiga,no.kjemi,343,746,16,0.014911463187325256
no.marked.bolig,no.standard,892,129,15,0.014910536779324055
no.ai,no.skole.diverse,254,563,12,0.014906832298136646
no.alt.fan.de-lillos,no.reiser,176,1050,18,0.014900662251655629
no.marked,no.speider,8430,493,131,0.014899909008189263
no.alt.amiga,no.film,343,2587,43,0.01489435400069276
no.medisin,no.org.isoc-no,1038,53,16,0.014883720930232559
no.folklore.edb,no.spill,219,2992,47,0.014854614412136535
no.pc,no.slekt.etterlysning,7029,1240,121,0.01485027000490918
no.mac,no.standard,2742,129,42,0.014846235418875928
no.biz.annonser.data,no.nuug,1548,164,25,0.014819205690574985
no.prat.aksjer,no.uninett.katalog,480,68,8,0.014814814814814815
no.sources.list,no.spill.rollespill,101,447,8,0.014814814814814815
no.svar,no.uninett.diverse,12,262,4,0.014814814814814815
no.pc,no.slekt.programmer,7029,589,111,0.014786199547089384
no.spill,no.vr,2992,166,46,0.014781491002570694
no.mac,no.slekt.etterlysning,2742,1240,58,0.014780835881753314
no.skole.diverse,no.velkommen,563,55,9,0.014778325123152709
no.radio-tv,no.uninett.hjelp,2075,124,32,0.014766958929395477
no.marked.diskusjon,no.reiser,187,1050,18,0.014766201804757998
no.alt.radio-tv.irma-1000,no.spill.rollespill,309,447,11,0.01476510067114094
no.alt.pompelog,no.sport.diverse,143,1507,24,0.014760147601476014
no.alt.tegneserier,no.it.os.os2,1043,332,20,0.014760147601476014
no.alt.irc-treff,no.marked.bil,296,1423,25,0.01475796930342385
no.musikk.gitar,no.org.nobug.diverse,1148,90,18,0.014754098360655738
no.org.nobug.diverse,no.sykkel,90,1148,18,0.014754098360655738
no.biz.annonser.data,no.spill.rollespill,1548,447,29,0.014750762970498474
no.alt.arkiv,no.spill.sjakk,199,145,5,0.014749262536873156
no.alt.fan.de-lillos,no.amiga,176,1544,25,0.014749262536873156
no.bil,no.student.samfund,2153,255,35,0.014749262536873156
no.org.nobug.diverse,no.video,90,942,15,0.014749262536873156
no.prat.seksualitet,no.sources.wanted,883,218,16,0.014746543778801843
no.net,no.org.nobug.diverse,1218,90,19,0.01474010861132661
no.alkohol,no.marked.diskusjon,1192,187,20,0.014716703458425313
no.alt.fan.de-lillos,no.alt.flame,176,2515,39,0.014705882352941176
no.amiga,no.uninett.drift,1544,112,24,0.014705882352941176
no.pressemeldinger.diskusjon,no.unix,79,1439,22,0.014705882352941176
no.bil,no.it.os.os2,2153,332,36,0.014699877501020826
no.tele,no.uninett.drift,2097,112,32,0.014699127239320165
no.alt.motorsykler,no.eunet.hjelp,1690,244,28,0.014690451206715634
no.alt.mat.drikke,no.sources.list,659,101,11,0.014686248331108143
no.alt.pompelog,no.religion,143,1585,25,0.014679976512037582
no.alt.config,no.alt.troll,408,7,6,0.014669926650366748
no.religion,no.spill.sjakk,1585,145,25,0.01466275659824047
no.marked.bil,no.org.efn.diskusjon,1423,446,27,0.014657980456026058
no.slekt.etterlysning,no.sport.fotball,1240,629,27,0.014657980456026058
no.alt.flame,no.student.samfund,2515,255,40,0.014652014652014652
no.sport.volleyball,no.uninett.drift,165,112,4,0.014652014652014652
no.biz,no.mail.drift,55,430,7,0.014644351464435146
no.ai,no.biz.annonser.data,254,1548,26,0.01463963963963964
no.alt.frustrasjoner,no.pressemeldinger.diskusjon,3041,79,45,0.014634146341463415
no.alt.frustrasjoner,no.sources.wanted,3041,218,47,0.014632627646326276
no.alt.pompelog,no.audio,143,2493,38,0.014626635873749037
no.marked.bolig,no.tex,892,218,16,0.014625228519195612
no.prat.narkotika,no.radio_tv,527,583,16,0.014625228519195612
no.alt.arkiv,no.reiser,199,1050,18,0.01462225832656377
no.folklore.edb,no.musikk,219,3669,56,0.014613778705636743
no.alt.mat.drikke,no.eunet.hjelp,659,244,13,0.014606741573033709
no.pc,no.pressemeldinger,7029,334,106,0.01460658674383354
no.c,no.spill.sjakk,1036,145,17,0.014604810996563574
no.slekt,no.video,1837,942,40,0.014603870025556773
no.pressemeldinger.diskusjon,no.radio-tv,79,2075,31,0.01460197833254828
no.folklore.generelt,no.musikk.klassisk,49,229,4,0.014598540145985401
no.audio,no.sources.wanted,2493,218,39,0.014595808383233533
no.kryptografi,no.slekt.etterlysning,359,1240,23,0.014593908629441625
no.alt.gledesutbrudd,no.uninett.hjelp,1754,124,27,0.014586709886547812
no.eunet.hjelp,no.musikk.gitar,244,1148,20,0.014577259475218658
no.slekt,no.uninett.drift,1837,112,28,0.014575741801145237
no.alt.gledesutbrudd,no.slekt.etterlysning,1754,1240,43,0.014571331751948491
no.biz.annonser.data,no.it.os.os2,1548,332,27,0.01457096600107933
no.kjemi,no.musikk.klassisk,746,229,14,0.014568158168574402
no.alt.radio_tv.irma1000,no.litteratur,210,1532,25,0.014560279557367502
no.linux,no.uninett.drift,3024,112,45,0.014558395341313491
no.mac,no.marked.diskusjon,2742,187,42,0.014547973675095255
no.eunet.drift,no.film,135,2587,39,0.014535967200894522
no.alt.fan.de-lillos,no.uninett.skole,176,522,10,0.014534883720930232
no.it.emacs,no.radio_tv,395,583,14,0.014522821576763486
no.general,no.prat.ufo,7081,327,106,0.014516570802519857
no.eunet.drift,no.perl,135,564,10,0.01451378809869376
no.alt.katter,no.eunet.drift,774,135,13,0.014508928571428572
no.folklore.edb,no.vitser,219,3558,54,0.014504431909750202
no.alt.katter,no.org.dnd,774,66,12,0.014492753623188406
no.org.efn.nyheter,no.uninett.katalog,2,68,1,0.014492753623188406
no.sykkel,no.uninett.drift,1148,112,18,0.014492753623188406
no.folklore.overtro,no.general,131,7081,103,0.014488676325784218
no.eunet.hjelp,no.sport.diverse,244,1507,25,0.014484356894553883
no.alt.tegneserier,no.tex,1043,218,18,0.014481094127111826
no.lisp,no.slekt.etterlysning,302,1240,22,0.014473684210526316
no.speider,no.sport.fotball,493,629,16,0.014466546112115732
no.alt.katter,no.sport.fotball,774,629,20,0.014461315979754157
no.it.diverse,no.vr,606,166,11,0.01445466491458607
no.amiga,no.speider,1544,493,29,0.01444223107569721
no.alt.arkiv,no.alt.irctreff,199,82,4,0.01444043321299639
no.alt.pompelog,no.uninett.katalog,143,68,3,0.014423076923076924
no.it.os.os2,no.org.nobug.diverse,332,90,6,0.014423076923076924
no.org.dnd,no.spill.sjakk,66,145,3,0.014423076923076924
no.alt.radio_tv.irma1000,no.perl,210,564,11,0.014416775884665793
no.spill.sjakk,no.sport.fotball,145,629,11,0.014416775884665793
no.folklore.overtro,no.musikk,131,3669,54,0.014415376401494928
no.marked.diskusjon,no.sport.volleyball,187,165,5,0.01440922190201729
no.alt.fan.de-lillos,no.religion,176,1585,25,0.014400921658986175
no.amiga,no.sources.wanted,1544,218,25,0.014392630972941854
no.alt.sjokolade,no.folklore.generelt,656,49,10,0.014388489208633094
no.kultur.fritid.friluftsliv,no.marked.diskusjon,95,187,4,0.014388489208633094
no.standard,no.svar,129,12,2,0.014388489208633094
no.alt.arkiv,no.marked.bil,199,1423,23,0.014383989993746092
no.marked.bolig,no.vr,892,166,15,0.014381591562799617
no.slekt.etterlysning,no.stortinget,1240,665,27,0.01437699680511182
no.pressemeldinger,no.sykkel,334,1148,21,0.014373716632443531
no.elektronikk,no.tex,2253,218,35,0.014367816091954023
no.biz.diskusjoner,no.sport.fotball,431,629,15,0.014354066985645933
no.alt.arkiv,no.general,199,7081,103,0.014351400306534763
no.bil,no.slekt.etterlysning,2153,1240,48,0.014349775784753363
no.musikk.gitar,no.prat.aksjer,1148,480,23,0.014330218068535825
no.skole.diverse,no.spill.sjakk,563,145,10,0.014326647564469915
no.marked.bil,no.slekt,1423,1837,46,0.01431238332296204
no.mswindow,no.typografi,358,280,9,0.014308426073131956
no.pressemeldinger,no.video,334,942,18,0.014308426073131956
no.mswindow,no.perl,358,564,13,0.014301430143014302
no.mac,no.vr,2742,166,41,0.01430066271363795
no.standard,no.sykkel,129,1148,18,0.014297061159650517
no.bolig,no.musikk.klassisk,978,229,17,0.014285714285714285
no.eunet.hjelp,no.linux,244,3024,46,0.014276846679081317
no.alt.diskusjoner,no.it.os.os2,2368,332,38,0.014274981217129978
no.folklore.generelt,no.media,49,734,11,0.014248704663212436
no.marked,no.marked.diskusjon,8430,187,121,0.014241996233521657
no.nuug,no.pc,164,7029,101,0.014241398759165257
no.alkohol,no.org.nobug.diverse,1192,90,18,0.014240506329113924
no.org.nobug.diverse,no.prat.aksjer,90,480,8,0.014234875444839857
no.alt.amiga,no.unix,343,1439,25,0.014228799089356859
no.marked.jobb,no.norsk.fagord,2181,243,34,0.014225941422594143
no.alt.motorsykler,no.nuug,1690,164,26,0.014223194748358862
no.org.isoc-no,no.slekt.programmer,53,589,9,0.014218009478672985
no.spill.rollespill,no.uninett.hjelp,447,124,8,0.014209591474245116
no.folklore.generelt,no.stortinget,49,665,10,0.014204545454545454
no.bibsys,no.prat.aksjer,235,480,10,0.014184397163120567
no.pressemeldinger.diskusjon,no.speider,79,493,8,0.014184397163120567
no.tegnsett,no.uninett.fik,249,37,4,0.014184397163120567
no.slekt.etterlysning,no.uninett.diverse,1240,262,21,0.014179608372721135
no.slekt,no.student.nett,1837,452,32,0.014178112538768276
no.alt.arkiv,no.ms-windows,199,3235,48,0.014176018901358535
no.alt.pompelog,no.radio-tv,143,2075,31,0.01417466849565615
no.folklore.generelt,no.student.nett,49,452,7,0.01417004048582996
no.alt.motorsykler,no.norsk.fagord,1690,243,27,0.01416579223504722
no.musikk.klassisk,no.standard,229,129,5,0.014164305949008499
no.prat.narkotika,no.slekt,527,1837,33,0.014157014157014158
no.org.dnd,no.prat.politikk,66,1152,17,0.014154870940882597
no.slekt.programmer,no.sport.fotball,589,629,17,0.014154870940882597
no.prat.aksjer,no.sport.volleyball,480,165,9,0.014150943396226415
no.alt.radio_tv.irma1000,no.unix,210,1439,23,0.014145141451414513
no.alt.pompelog,no.kryptografi,143,359,7,0.014141414141414142
no.mswindow,no.sykkel,358,1148,21,0.014141414141414142
no.marked.data,no.prat.aksjer,7987,480,118,0.014133429153191998
no.multimedia,no.org.isoc-no,1383,53,20,0.014124293785310734
no.it.os.os2,no.norsk.fagord,332,243,8,0.014109347442680775
no.sources.wanted,no.www,218,3452,51,0.014092290688035369
no.marked.bil,no.slekt.etterlysning,1423,1240,37,0.01408987052551409
no.bibsys,no.sport.fotball,235,629,12,0.014084507042253521
no.biz,no.stortinget,55,665,10,0.014084507042253521
no.news.drift,no.sport.fotball,379,629,14,0.014084507042253521
no.alt.flame,no.video,2515,942,48,0.014080375476679377
no.alt.amiga,no.litteratur,343,1532,26,0.014061654948620876
no.norsk.fagord,no.pressemeldinger,243,334,8,0.014059753954305799
no.musikk.klassisk,no.www,229,3452,51,0.014049586776859505
no.elektronikk,no.standard,2253,129,33,0.0140485312899106
no.alt.motorsykler,no.marked.diskusjon,1690,187,26,0.014046461372231226
no.alt.amiga,no.vitser,343,3558,54,0.014036911879386535
no.folklore.overtro,no.marked.jobb,131,2181,32,0.014035087719298246
no.sport.volleyball,no.uninett.hjelp,165,124,4,0.014035087719298246
no.prat.seksualitet,no.standard,883,129,14,0.014028056112224449
no.alt.flame,no.bibsys,2515,235,38,0.014011799410029498
no.alt.irctreff,no.typografi,82,280,5,0.014005602240896359
no.amiga,no.sport.fotball,1544,629,30,0.013999066728884742
no.alt.motorsykler,no.sport.fotball,1690,629,32,0.013992129427197202
no.eunet.hjelp,no.radio-tv,244,2075,32,0.013992129427197202
no.kryptografi,no.test,359,6390,93,0.01397235576923077
no.folklore.generelt,no.irc,49,1475,21,0.013972055888223553
no.alt.radio-tv.irma-1000,no.telepost,309,417,10,0.013966480446927373
no.mail.drift,no.slekt.etterlysning,430,1240,23,0.013964784456587736
no.amiga,no.telepost,1544,417,27,0.013960703205791106
no.kjemi,no.org.isoc-no,746,53,11,0.013959390862944163
no.biz,no.hobby.diverse,55,817,12,0.013953488372093023
no.musikk.klassisk,no.tele,229,2097,32,0.013949433304272014
no.nuug,no.skole.diverse,164,563,10,0.01394700139470014
no.spill.rollespill,no.typografi,447,280,10,0.01394700139470014
no.alt.mat.drikke,no.eunet.diverse,659,141,11,0.01394169835234474
no.marked.data,no.student.nett,7987,452,116,0.013937282229965157
no.medisin,no.telepost,1038,417,20,0.013937282229965157
no.news.diverse,no.sport.orientering,1893,144,28,0.013937282229965157
no.bolig,no.it.os.os2,978,332,18,0.01393188854489164
no.alt.sjokolade,no.spill.sjakk,656,145,11,0.013924050632911392
no.alt.flame,no.prat.ufo,2515,327,39,0.013913663931501962
no.marked.diskusjon,no.pc,187,7029,99,0.013910355486862442
no.marked.jobb,no.slekt.programmer,2181,589,38,0.013909224011713031
no.alt.katter,no.sources.list,774,101,12,0.013904982618771726
no.bil,no.prat.ufo,2153,327,34,0.013900245298446443
no.general,no.slekt.etterlysning,7081,1240,114,0.013890581211161204
no.audio,no.eunet.drift,2493,135,36,0.013888888888888888
no.folklore.generelt,no.norsk.fagord,49,243,4,0.013888888888888888
no.reiser,no.tungregning,1050,118,16,0.013888888888888888
no.sources.list,no.sport.fotball,101,629,10,0.013888888888888888
no.alt.gledesutbrudd,no.spill.sjakk,1754,145,26,0.013881473571809931
no.ms-windows,no.telepost,3235,417,50,0.0138811771238201
no.alt.radio_tv.irma1000,no.audio,210,2493,37,0.01387846961740435
no.alt.flame,no.sport.fotball,2515,629,43,0.013866494679135763
no.eunet.hjelp,no.folklore.generelt,244,49,4,0.01384083044982699
no.eunet.diverse,no.pressemeldinger.diskusjon,141,79,3,0.013824884792626729
no.havforskning,no.sport.fotball,398,629,14,0.013820335636722606
no.biz,no.film,55,2587,36,0.013814274750575594
no.radio_tv,no.test,583,6390,95,0.013812154696132596
no.alt.motorsykler,no.folklore.edb,1690,219,26,0.013807753584705257
no.eunet.hjelp,no.pc,244,7029,99,0.01379983272930025
no.alt.motorsykler,no.slekt,1690,1837,48,0.013797068123023858
no.lisp,no.test,302,6390,91,0.013785790031813362
no.pressemeldinger.diskusjon,no.radio_tv,79,583,9,0.013782542113323124
no.eunet.diverse,no.linux,141,3024,43,0.013773222293401666
no.spill.sjakk,no.stortinget,145,665,11,0.01376720901126408
no.folklore.overtro,no.mac,131,2742,39,0.013761467889908258
no.biz.annonser,no.nuug,2197,164,32,0.013739802490339202
no.skole.diverse,no.tegnsett,563,249,11,0.01373283395755306
no.c,no.slekt.programmer,1036,589,22,0.01372426699937617
no.biz.nettilbydere,no.org.isoc-no,686,53,10,0.013717421124828532
no.pressemeldinger,no.spill,334,2992,45,0.013715330691862237
no.marked.jobb,no.uninett.drift,2181,112,31,0.013704686118479222
no.hobby.diverse,no.spill.sjakk,817,145,13,0.0136986301369863
no.it.diverse,no.slekt,606,1837,33,0.013692946058091286
no.tele,no.uninett.hjelp,2097,124,30,0.013692377909630305
no.marked.bolig,no.spill.sjakk,892,145,14,0.013685239491691105
no.alt.fan.de-lillos,no.telepost,176,417,8,0.013675213675213675
no.alt.fan.de-lillos,no.audio,176,2493,36,0.013672616786935056
no.marked.diskusjon,no.musikk,187,3669,52,0.013669821240799159
no.it.os.os2,no.news.diverse,332,1893,30,0.01366742596810934
no.slekt.programmer,no.x,589,301,12,0.01366742596810934
no.ms-windows,no.student.samfund,3235,255,47,0.013650885855358699
no.religion,no.uninett.hjelp,1585,124,23,0.013641755634638196
no.c,no.pressemeldinger.diskusjon,1036,79,15,0.013636363636363636
no.prat.politikk,no.uninett.drift,1152,112,17,0.0136327185244587
no.marked.data,no.telepost,7987,417,113,0.01362923652152937
no.mail.drift,no.sport.volleyball,430,165,8,0.013628620102214651
no.prat.narkotika,no.uninett.katalog,527,68,8,0.013628620102214651
no.alt.radio_tv.irma1000,no.general,210,7081,98,0.013624357013763381
no.nuug,no.vitser,164,3558,50,0.013616557734204794
no.marked,no.typografi,8430,280,117,0.01361573373676248
no.havforskning,no.slekt.etterlysning,398,1240,22,0.013613861386138614
no.eunet.hjelp,no.film,244,2587,38,0.013605442176870748
no.folklore.generelt,no.tegnsett,49,249,4,0.013605442176870748
no.musikk.klassisk,no.sources.wanted,229,218,6,0.013605442176870748
no.norsk.fagord,no.velkommen,243,55,4,0.013605442176870748
no.alt.fan.de-lillos,no.video,176,942,15,0.013599274705349048
no.it.os.os2,no.litteratur,332,1532,25,0.013594344752582926
no.marked.bolig,no.x,892,301,16,0.013593882752761258
no.perl,no.sport.fotball,564,629,16,0.013593882752761258
no.folklore.generelt,no.vit.diverse,49,473,7,0.013592233009708738
no.reiser,no.sources.wanted,1050,218,17,0.013589128697042365
no.alt.radio_tv.irma1000,no.musikk,210,3669,52,0.01358766657956624
no.org.isoc-no,no.unix,53,1439,20,0.01358695652173913
no.alt.irc-treff,no.spill,296,2992,44,0.013563501849568433
no.alt.amiga,no.student.samfund,343,255,8,0.013559322033898305
no.uninett.diverse,no.uninett.fik,262,37,4,0.013559322033898305
no.bil,no.vr,2153,166,31,0.013548951048951048
no.sykkel,no.uninett.hjelp,1148,124,17,0.013545816733067729
no.alt.gledesutbrudd,no.tungregning,1754,118,25,0.01353546291283162
no.alt.mat.drikke,no.org.nobug.diverse,659,90,10,0.013531799729364006
no.marked.diskusjon,no.vitser,187,3558,50,0.013531799729364006
no.it.diverse,no.sources.wanted,606,218,11,0.013530135301353014
no.ef,no.it.os.os2,567,332,12,0.013528748590755355
no.marked.data,no.sport.fotball,7987,629,115,0.013527820256440419
no.alt.fan.de-lillos,no.folklore.generelt,176,49,3,0.013513513513513514
no.biz,no.it.emacs,55,395,6,0.013513513513513514
no.elektronikk,no.spill.rollespill,2253,447,36,0.013513513513513514
no.it.emacs,no.velkommen,395,55,6,0.013513513513513514
no.alt.fan.de-lillos,no.irc,176,1475,22,0.013505217925107428
no.mac,no.uninett.drift,2742,112,38,0.013494318181818182
no.ms-windows,no.spill.rollespill,3235,447,49,0.01348747591522158
no.eunet.drift,no.linux,135,3024,42,0.013474494706448507
no.folklore.overtro,no.sykkel,131,1148,17,0.01347068145800317
no.alt.amiga,no.mac,343,2742,41,0.013469119579500657
no.alt.irctreff,no.folklore.edb,82,219,4,0.013468013468013467
no.eunet.drift,no.vr,135,166,4,0.013468013468013467
no.standard,no.vit.diverse,129,473,8,0.013468013468013467
no.pressemeldinger.diskusjon,no.reiser,79,1050,15,0.013464991023339317
no.linux,no.slekt.programmer,3024,589,48,0.013464235624123423
no.biz.annonser.data,no.pressemeldinger,1548,334,25,0.013462574044157244
no.slekt.programmer,no.vitser,589,3558,55,0.013440860215053764
no.mac,no.uninett.hjelp,2742,124,38,0.013437057991513438
no.spill.sjakk,no.unix,145,1439,21,0.013435700575815739
no.alt.arkiv,no.prat.aksjer,199,480,9,0.013432835820895522
no.it.emacs,no.marked.data,395,7987,111,0.01342038447587958
no.alt.diskusjoner,no.uninett.hjelp,2368,124,33,0.013420089467263115
no.slekt.programmer,no.sykkel,589,1148,23,0.013418903150525088
no.biz.diskusjoner,no.slekt,431,1837,30,0.013404825737265416
no.elektronikk,no.eunet.hjelp,2253,244,33,0.013392857142857142
no.biz,no.multimedia,55,1383,19,0.013389711064129669
no.eunet.drift,no.litteratur,135,1532,22,0.013373860182370821
no.alt.arkiv,no.amiga,199,1544,23,0.013372093023255814
no.alt.amiga,no.uninett.drift,343,112,6,0.013363028953229399
no.elektronikk,no.sport.fotball,2253,629,38,0.013361462728551337
no.ai,no.ms-windows,254,3235,46,0.01336044147545745
no.mswindow,no.tegnsett,358,249,8,0.01335559265442404
no.alt.fan.de-lillos,no.elektronikk,176,2253,32,0.013350020859407593
no.it.diverse,no.musikk.klassisk,606,229,11,0.013349514563106795
no.alkohol,no.slekt.etterlysning,1192,1240,32,0.013333333333333334
no.mail.diverse,no.spill.sjakk,995,145,15,0.013333333333333334
no.marked.bil,no.tegnsett,1423,249,22,0.013333333333333334
no.psykologi,no.slekt.etterlysning,584,1240,24,0.013333333333333334
no.sykkel,no.uninett.katalog,1148,68,16,0.013333333333333334
no.norsk.fagord,no.vitser,243,3558,50,0.013329778725673154
no.musikk,no.slekt.programmer,3669,589,56,0.013326987148976678
no.amiga,no.standard,1544,129,22,0.013325257419745608
no.alt.fan.de-lillos,no.marked.bil,176,1423,21,0.013307984790874524
no.multimedia,no.tex,1383,218,21,0.013291139240506329
no.alt.fan.de-lillos,no.org.isoc-no,176,53,3,0.01327433628318584
no.sport.volleyball,no.uninett.skole,165,522,9,0.01327433628318584
no.ms-windows,no.radio_tv,3235,583,50,0.01326963906581741
no.bolig,no.eunet.hjelp,978,244,16,0.013266998341625208
no.alt.mat,no.org.nobug.diverse,1286,90,18,0.013254786450662739
no.alt.frustrasjoner,no.slekt.etterlysning,3041,1240,56,0.013254437869822486
no.biz.nettilbydere,no.slekt,686,1837,33,0.01325301204819277
no.prat.seksualitet,no.telepost,883,417,17,0.013250194855806703
no.ai,no.mswindow,254,358,8,0.013245033112582781
no.folklore.generelt,no.perl,49,564,8,0.013223140495867768
no.alt.pompelog,no.amiga,143,1544,22,0.013213213213213212
no.ms-windows,no.tex,3235,218,45,0.013204225352112676
no.bibsys,no.slekt,235,1837,27,0.013202933985330073
no.eunet.diverse,no.vr,141,166,4,0.013201320132013201
no.sources.wanted,no.vit.diverse,218,473,9,0.013196480938416423
no.linux,no.uninett.hjelp,3024,124,41,0.013196009011908594
no.alt.amiga,no.tungregning,343,118,6,0.013186813186813187
no.alt.amiga,no.alt.sjokolade,343,656,13,0.013184584178498986
no.skole.diverse,no.standard,563,129,9,0.013177159590043924
no.pressemeldinger,no.slekt.programmer,334,589,12,0.013172338090010977
no.alt.amiga,no.media,343,734,14,0.01317027281279398
no.multimedia,no.pressemeldinger.diskusjon,1383,79,19,0.013167013167013167
no.alt.motorsykler,no.bibsys,1690,235,25,0.013157894736842105
no.folklore.edb,no.svar,219,12,3,0.013157894736842105
no.marked.jobb,no.standard,2181,129,30,0.013157894736842105
no.org.dnd,no.vit.diverse,66,473,7,0.013157894736842105
no.slekt,no.vr,1837,166,26,0.013151239251390997
no.slekt,no.sport.fotball,1837,629,32,0.01314708299096138
no.alt.amiga,no.alt.mat.drikke,343,659,13,0.01314459049544995
no.irc,no.spill.sjakk,1475,145,21,0.013133208255159476
no.alt.fan.de-lillos,no.www,176,3452,47,0.01312482546774644
no.alt.fan.de-lillos,no.alt.radio_tv.irma1000,176,210,5,0.013123359580052493
no.alt.flame,no.marked.bil,2515,1423,51,0.013120658605608439
no.eunet.hjelp,no.litteratur,244,1532,23,0.013120365088419851
no.alt.pompelog,no.linux,143,3024,41,0.013115802943058221
no.ai,no.biz,254,55,4,0.013114754098360656
no.biz,no.skole.diverse,55,563,8,0.013114754098360656
no.biz.annonser.data,no.musikk.klassisk,1548,229,23,0.013112884834663626
no.alt.gledesutbrudd,no.sources.list,1754,101,24,0.013107591480065538
no.alt.pompel-og-pilt,no.eunet.drift,329,135,6,0.013100436681222707
no.eunet.hjelp,no.sykkel,244,1148,18,0.013100436681222707
no.test,no.uninett.diverse,6390,262,86,0.013097776424002438
no.alt.pompel-og-pilt,no.slekt,329,1837,28,0.013096351730589336
no.eunet.diverse,no.video,141,942,14,0.013096351730589336
no.biz,no.it.os.os2,55,332,5,0.013089005235602094
no.alt.flame,no.marked.bolig,2515,892,44,0.013083556348498365
no.slekt,no.student.samfund,1837,255,27,0.013075060532687652
no.mac,no.mswindow,2742,358,40,0.013071895424836602
no.norsk.fagord,no.spill.sjakk,243,145,5,0.013054830287206266
no.org.nobug.diverse,no.prat.politikk,90,1152,16,0.013050570962479609
no.bibsys,no.slekt.etterlysning,235,1240,19,0.01304945054945055
no.general,no.tex,7081,218,94,0.013046495489243581
no.sport.volleyball,no.uninett.katalog,165,68,3,0.013043478260869565
no.jus,no.org.nobug.diverse,1852,90,25,0.013041210224308816
no.alt.diskusjoner,no.tungregning,2368,118,32,0.013039934800325998
no.marked.diskusjon,no.uninett.hjelp,187,124,4,0.013029315960912053
no.mac,no.spill.rollespill,2742,447,41,0.013024142312579416
no.eunet.hjelp,no.spill.sjakk,244,145,5,0.013020833333333334
no.test,no.x,6390,301,86,0.013020439061317184
no.alt.amiga,no.uninett.hjelp,343,124,6,0.013015184381778741
no.marked.diskusjon,no.mswindow,187,358,7,0.013011152416356878
no.alt.god.jul,no.org.isoc-no,570,53,8,0.013008130081300813
no.biz.annonser,no.sources.wanted,2197,218,31,0.013003355704697987
no.eunet.diverse,no.mac,141,2742,37,0.013000702740688685
no.musikk,no.slekt.etterlysning,3669,1240,63,0.01300041271151465
no.eunet.hjelp,no.general,244,7081,94,0.012999585119623841
no.biz.annonser,no.eunet.diverse,2197,141,30,0.012998266897746967
no.alt.pompelog,no.mac,143,2742,37,0.012991573033707866
no.musikk.klassisk,no.sport.fotball,229,629,11,0.012987012987012988
no.org.dnd,no.svar,66,12,1,0.012987012987012988
no.prat.aksjer,no.sport.orientering,480,144,8,0.012987012987012988
no.audio,no.sport.fotball,2493,629,40,0.012978585334198572
no.marked.jobb,no.sport.fotball,2181,629,36,0.012977649603460706
no.alt.radio_tv.irma1000,no.spill,210,2992,41,0.012970578930718128
no.norsk,no.uninett.katalog,1963,68,26,0.012967581047381545
no.general,no.marked.diskusjon,7081,187,93,0.012961672473867597
no.alt.radio-tv.irma-1000,no.sport.fotball,309,629,12,0.012958963282937365
no.prat.seksualitet,no.velkommen,883,55,12,0.012958963282937365
no.alt.fan.de-lillos,no.it.diverse,176,606,10,0.012953367875647668
no.svar,no.x,12,301,4,0.012944983818770227
no.pc,no.prat.ufo,7029,327,94,0.012944092536491324
no.sport.diverse,no.tex,1507,218,22,0.012918379330593071
no.spill,no.spill.sjakk,2992,145,40,0.012915724895059735
no.alt.amiga,no.musikk.gitar,343,1148,19,0.012907608695652174
no.audio,no.pressemeldinger,2493,334,36,0.012898602651379433
no.alt.diskusjoner,no.spill.sjakk,2368,145,32,0.012898024989923419
no.alt.amiga,no.elektronikk,343,2253,33,0.012875536480686695
no.alt.amiga,no.standard,343,129,6,0.012875536480686695
no.marked.data,no.typografi,7987,280,105,0.012864493996569469
no.alt.pompelog,no.vitser,143,3558,47,0.012862616310892173
no.alt.flame,no.nuug,2515,164,34,0.01285444234404537
no.alt.motorsykler,no.typografi,1690,280,25,0.012853470437017995
no.pressemeldinger,no.sources.wanted,334,218,7,0.012844036697247707
no.pressemeldinger,no.tex,334,218,7,0.012844036697247707
no.biz.diskusjoner,no.mswindow,431,358,10,0.012836970474967908
no.alt.fan.de-lillos,no.folklore.edb,176,219,5,0.01282051282051282
no.alt.radio-tv.irma-1000,no.eunet.hjelp,309,244,7,0.01282051282051282
no.marked.diskusjon,no.standard,187,129,4,0.01282051282051282
no.bil,no.eunet.diverse,2153,141,29,0.012803532008830023
no.alt.flame,no.speider,2515,493,38,0.012794612794612794
no.folklore.generelt,no.jus,49,1852,24,0.012786361214704315
no.alt.fan.de-lillos,no.eunet.diverse,176,141,4,0.012779552715654952
no.alt.frustrasjoner,no.standard,3041,129,40,0.012779552715654952
no.marked.diskusjon,no.spill.rollespill,187,447,8,0.012779552715654952
no.prat.politikk,no.tungregning,1152,118,16,0.012759170653907496
no.alt.mat.drikke,no.eunet.drift,659,135,10,0.012755102040816327
no.bil,no.musikk.klassisk,2153,229,30,0.012755102040816327
no.news.drift,no.org.decus,379,18,5,0.012755102040816327
no.marked.bil,no.vr,1423,166,20,0.012746972594008922
no.kryptografi,no.marked.data,359,7987,105,0.012741172187841281
no.alt.god.jul,no.org.dnd,570,66,8,0.012738853503184714
no.alt.motorsykler,no.sources.wanted,1690,218,24,0.012738853503184714
no.biz,no.net,55,1218,16,0.012728719172633254
no.marked.data,no.spill.rollespill,7987,447,106,0.012728146013448608
no.prat.narkotika,no.slekt.programmer,527,589,14,0.012704174228675136
no.spill,no.tungregning,2992,118,39,0.012699446434386193
no.org.nobug.diverse,no.religion,90,1585,21,0.012696493349455865
no.it.os.os2,no.marked.bil,332,1423,22,0.012694748990190421
no.elektronikk,no.eunet.diverse,2253,141,30,0.012690355329949238
no.ai,no.marked.bil,254,1423,21,0.012681159420289856
no.alt.irc-treff,no.radio_tv,296,583,11,0.012672811059907835
no.alt.arkiv,no.slekt.etterlysning,199,1240,18,0.012667135819845179
no.kultur.film,no.pressemeldinger.diskusjon,1,79,1,0.012658227848101266
no.svar,no.uninett.katalog,12,68,1,0.012658227848101266
no.biz,no.kjemi,55,746,10,0.012642225031605562
no.prat.ufo,no.slekt,327,1837,27,0.012634534394010294
no.alt.amiga,no.linux,343,3024,42,0.01263157894736842
no.biz.annonser,no.standard,2197,129,29,0.012625163256421419
no.biz.diskusjoner,no.test,431,6390,85,0.012618764845605701
no.alt.fan.de-lillos,no.spill.sjakk,176,145,4,0.012618296529968454
no.net,no.org.dnd,1218,66,16,0.012618296529968454
no.biz.annonser,no.folklore.overtro,2197,131,29,0.012614180078294911
no.alt.pompelog,no.film,143,2587,34,0.012611275964391691
no.prat.narkotika,no.slekt.etterlysning,527,1240,22,0.012607449856733524
no.alt.pompelog,no.spill,143,2992,39,0.012596899224806201
no.biz.annonser.data,no.x,1548,301,23,0.012595837897042717
no.biz.nettilbydere,no.tungregning,686,118,10,0.012594458438287154
no.ai,no.slekt,254,1837,26,0.012590799031476998
no.prat.politikk,no.velkommen,1152,55,15,0.012583892617449664
no.marked.bil,no.slekt.programmer,1423,589,25,0.012581781580271767
no.alt.fan.de-lillos,no.sport.fotball,176,629,10,0.012578616352201259
no.alt.radio_tv.irma1000,no.uninett.drift,210,112,4,0.012578616352201259
no.it.os.os2,no.www,332,3452,47,0.012576933369012578
no.it.os.os2,no.medisin,332,1038,17,0.012564671101256468
no.biz.annonser.data,no.slekt,1548,1837,42,0.012563565659587198
no.biz,no.marked.diskusjon,55,187,3,0.012552301255230125
no.marked.diskusjon,no.velkommen,187,55,3,0.012552301255230125
no.alt.mat.drikke,no.uninett.katalog,659,68,9,0.012534818941504178
no.religion,no.uninett.drift,1585,112,21,0.012529832935560859
no.biz.annonser,no.musikk.klassisk,2197,229,30,0.012520868113522538
no.psykologi,no.sport.fotball,584,629,15,0.012520868113522538
no.eunet.hjelp,no.ms-windows,244,3235,43,0.012514551804423749
no.alt.motorsykler,no.pressemeldinger,1690,334,25,0.01250625312656328
no.slekt.etterlysning,no.sources.wanted,1240,218,18,0.0125
no.sport.fotball,no.uninett.diverse,629,262,11,0.0125
no.alt.amiga,no.audio,343,2493,35,0.012495537308104248
no.alt.motorsykler,no.student.samfund,1690,255,24,0.012493492972410203
no.religion,no.tungregning,1585,118,21,0.01248513674197384
no.eunet.diverse,no.general,141,7081,89,0.012477218561615029
no.biz,no.news.diverse,55,1893,24,0.012474012474012475
no.alt.irc-treff,no.marked.data,296,7987,102,0.012467913458012467
no.alt.radio_tv.irma1000,no.uninett.skole,210,522,9,0.012448132780082987
no.amiga,no.nuug,1544,164,21,0.012448132780082987
no.musikk,no.prat.aksjer,3669,480,51,0.012445095168374817
no.radio_tv,no.uninett.katalog,583,68,8,0.012441679626749611
no.standard,no.www,129,3452,44,0.012439920836867402
no.audio,no.uninett.drift,2493,112,32,0.012436844150796735
no.it.os.os2,no.perl,332,564,11,0.012429378531073447
no.marked.bil,no.student.nett,1423,452,23,0.012419006479481642
no.alt.irc-treff,no.test,296,6390,82,0.01241671714112659
no.elektronikk,no.uninett.drift,2253,112,29,0.012414383561643835
no.mswindow,no.vitser,358,3558,48,0.012409513960703205
no.news.diverse,no.org.dnd,1893,66,24,0.012403100775193798
no.alt.amiga,no.alt.flame,343,2515,35,0.012398157987956075
no.it.os.os2,no.multimedia,332,1383,21,0.012396694214876033
no.prat.aksjer,no.student.samfund,480,255,9,0.012396694214876033
no.alt.arkiv,no.vitser,199,3558,46,0.012395580706009162
no.biz.annonser.data,no.tegnsett,1548,249,22,0.012394366197183098
no.spill,no.uninett.drift,2992,112,38,0.012393998695368558
no.it.emacs,no.slekt.etterlysning,395,1240,20,0.01238390092879257
no.biz.annonser,no.radio_tv,2197,583,34,0.012381646030589949
no.norsk.fagord,no.speider,243,493,9,0.012379642365887207
no.it.os.os2,no.pc,332,7029,90,0.012377939760693164
no.norsk.fagord,no.vr,243,166,5,0.012376237623762377
no.prat.aksjer,no.slekt.etterlysning,480,1240,21,0.012360211889346674
no.hobby.diverse,no.vr,817,166,12,0.012358393408856848
no.alt.pompel-og-pilt,no.test,329,6390,82,0.012354979659484707
no.speider,no.test,493,6390,84,0.012354758052654803
no.alt.radio_tv.irma1000,no.mac,210,2742,36,0.012345679012345678
no.eunet.diverse,no.marked.diskusjon,141,187,4,0.012345679012345678
no.eunet.hjelp,no.vr,244,166,5,0.012345679012345678
no.telepost,no.test,417,6390,83,0.012343842950624628
no.tex,no.vitser,218,3558,46,0.012332439678284183
no.alt.sjokolade,no.sport.volleyball,656,165,10,0.012330456226880395
no.eunet.hjelp,no.prat.politikk,244,1152,17,0.012327773749093546
no.eunet.drift,no.mswindow,135,358,6,0.012320328542094456
no.it.os.os2,no.pressemeldinger.diskusjon,332,79,5,0.012315270935960592
no.alt.fan.de-lillos,no.perl,176,564,9,0.012311901504787962
no.speider,no.sport.volleyball,493,165,8,0.012307692307692308
no.alt.god.jul,no.slekt.etterlysning,570,1240,22,0.012304250559284116
no.alt.katter,no.folklore.generelt,774,49,10,0.012300123001230012
no.biz.nettilbydere,no.velkommen,686,55,9,0.012295081967213115
no.marked,no.sport.fotball,8430,629,110,0.012291876187283496
no.marked,no.x,8430,301,106,0.012289855072463768
no.it.diverse,no.org.isoc-no,606,53,8,0.01228878648233487
no.folklore.edb,no.mswindow,219,358,7,0.012280701754385965
no.alt.amiga,no.perl,343,564,11,0.012276785714285714
no.alt.amiga,no.marked.data,343,7987,101,0.012273666302102321
no.folklore.overtro,no.video,131,942,13,0.012264150943396227
no.alt.mat.drikke,no.slekt.etterlysning,659,1240,23,0.012260127931769723
no.sport.fotball,no.test,629,6390,85,0.012258436688779925
no.news.diverse,no.org.nobug.diverse,1893,90,24,0.01225114854517611
no.marked.bolig,no.slekt,892,1837,33,0.012240356083086053
no.pressemeldinger,no.speider,334,493,10,0.012239902080783354
no.marked.jobb,no.sources.wanted,2181,218,29,0.012236286919831224
no.marked.diskusjon,no.sport.orientering,187,144,4,0.012232415902140673
no.sport.volleyball,no.vr,165,166,4,0.012232415902140673
no.ai,no.pc,254,7029,88,0.012230715774843642
no.marked.bil,no.perl,1423,564,24,0.012226184411614875
no.jus,no.org.isoc-no,1852,53,23,0.012221041445270989
no.kultur.fritid.friluftsliv,no.sykkel,95,1148,15,0.012214983713355049
no.marked.data,no.x,7987,301,100,0.012212994626282364
no.alt.motorsykler,no.x,1690,301,24,0.012201321809862735
no.eunet.hjelp,no.spill,244,2992,39,0.012198936502971536
no.bolig,no.sources.list,978,101,13,0.012195121951219513
no.it.os.os2,no.vr,332,166,6,0.012195121951219513
no.alt.pompelog,no.uninett.skole,143,522,8,0.0121765601217656
no.alkohol,no.biz,1192,55,15,0.012175324675324676
no.kultur.fritid.friluftsliv,no.prat.politikk,95,1152,15,0.012175324675324676
no.eunet.hjelp,no.religion,244,1585,22,0.012174875484228001
no.jus,no.spill.sjakk,1852,145,24,0.012164216928535226
no.norsk.fagord,no.org.nobug.diverse,243,90,4,0.0121580547112462
no.sources.list,no.sykkel,101,1148,15,0.012155591572123177
no.it.os.os2,no.psykologi,332,584,11,0.012154696132596685
no.marked.data,no.uninett.diverse,7987,262,99,0.012147239263803681
no.pressemeldinger,no.vr,334,166,6,0.012145748987854251
no.general,no.slekt.programmer,7081,589,92,0.01214040643969385
no.alt.amiga,no.radio-tv,343,2075,29,0.012138970280452072
no.amiga,no.uninett.hjelp,1544,124,20,0.012135922330097087
no.marked,no.nuug,8430,164,103,0.012130491108232246
no.elektronikk,no.pressemeldinger,2253,334,31,0.012128325508607199
no.marked,no.tegnsett,8430,249,104,0.012128279883381924
no.biz.nettilbydere,no.org.dnd,686,66,9,0.012113055181695828
no.linux,no.slekt.etterlysning,3024,1240,51,0.012105388084500356
no.marked.bil,no.psykologi,1423,584,24,0.012102874432677761
no.pressemeldinger.diskusjon,no.tele,79,2097,26,0.012093023255813953
no.it.os.os2,no.slekt.programmer,332,589,11,0.012087912087912088
no.marked,no.spill.rollespill,8430,447,106,0.012085281039790218
no.linux,no.prat.ufo,3024,327,40,0.012080942313500454
no.alt.fan.de-lillos,no.norsk.fagord,176,243,5,0.012077294685990338
no.slekt.programmer,no.telepost,589,417,12,0.012072434607645875
no.eunet.drift,no.student.nett,135,452,7,0.01206896551724138
no.it.os.os2,no.student.samfund,332,255,7,0.01206896551724138
no.slekt.etterlysning,no.video,1240,942,26,0.012059369202226345
no.alt.amiga,no.stortinget,343,665,12,0.012048192771084338
no.pc,no.spill.rollespill,7029,447,89,0.012048192771084338
no.alt.irc-treff,no.sport.fotball,296,629,11,0.012035010940919038
no.biz.annonser.data,no.sources.wanted,1548,218,21,0.012034383954154728
no.bil,no.tungregning,2153,118,27,0.012032085561497326
no.mac,no.tungregning,2742,118,34,0.012031139419674451
no.reiser,no.standard,1050,129,14,0.01201716738197425
no.norsk,no.spill.sjakk,1963,145,25,0.01200192030724916
no.marked,no.student.samfund,8430,255,103,0.012001864367280355
no.c,no.musikk.klassisk,1036,229,15,0.012
no.alt.pompelog,no.medisin,143,1038,14,0.011996572407883462
no.alt.frustrasjoner,no.vr,3041,166,38,0.011991164405175133
no.test,no.typografi,6390,280,79,0.011986041571840389
no.mswindow,no.religion,358,1585,23,0.011979166666666667
no.ms-windows,no.musikk.klassisk,3235,229,41,0.011977797253870874
no.alt.irctreff,no.unix,82,1439,18,0.011976047904191617
no.biz,no.student.nett,55,452,6,0.011976047904191617
no.musikk,no.sources.wanted,3669,218,46,0.011976047904191617
no.slekt.etterlysning,no.student.nett,1240,452,20,0.011961722488038277
no.slekt,no.typografi,1837,280,25,0.011950286806883365
no.eunet.diverse,no.student.nett,141,452,7,0.011945392491467578
no.alt.amiga,no.pc,343,7029,87,0.011942347288949898
no.alt.diskusjoner,no.org.nobug.diverse,2368,90,29,0.011939069575957185
no.slekt.etterlysning,no.test,1240,6390,90,0.011936339522546418
no.org.nobug.diverse,no.pressemeldinger,90,334,5,0.011933174224343675
no.marked.bil,no.mswindow,1423,358,21,0.011931818181818182
no.uninett.drift,no.www,112,3452,42,0.01192504258943782
no.irc,no.org.isoc-no,1475,53,18,0.011920529801324504
no.it.os.os2,no.video,332,942,15,0.011914217633042097
no.alt.pompelog,no.general,143,7081,85,0.011906429471914833
no.alt.fan.de-lillos,no.pressemeldinger,176,334,6,0.011904761904761904
no.alt.fan.de-lillos,no.slekt.programmer,176,589,9,0.011904761904761904
no.norsk.fagord,no.svar,243,12,3,0.011904761904761904
no.org.nobug.diverse,no.sport.volleyball,90,165,3,0.011904761904761904
no.alt.katter,no.it.os.os2,774,332,13,0.011893870082342177
no.org.isoc-no,no.prat.seksualitet,53,883,11,0.011891891891891892
no.skole.diverse,no.tungregning,563,118,8,0.01188707280832095
no.net,no.spill.sjakk,1218,145,16,0.011878247958426132
no.biz.nettilbydere,no.vr,686,166,10,0.011876484560570071
no.musikk,no.vr,3669,166,45,0.011873350923482849
no.alt.fan.de-lillos,no.sport.volleyball,176,165,4,0.011869436201780416
no.alt.radio_tv.irma1000,no.folklore.overtro,210,131,4,0.011869436201780416
no.it.diverse,no.telepost,606,417,12,0.011869436201780416
no.biz,no.prat.seksualitet,55,883,11,0.011866235167206042
no.alt.amiga,no.general,343,7081,87,0.011857707509881422
no.marked.jobb,no.uninett.hjelp,2181,124,27,0.011852502194907815
no.sources.wanted,no.sykkel,218,1148,16,0.011851851851851851
no.marked.bolig,no.sources.wanted,892,218,13,0.011850501367365542
no.it.os.os2,no.uninett.skole,332,522,10,0.011848341232227487
no.alt.flame,no.folklore.edb,2515,219,32,0.011843079200592153
no.alt.fan.de-lillos,no.vr,176,166,4,0.011834319526627219
no.c,no.it.os.os2,1036,332,16,0.011834319526627219
no.folklore.generelt,no.marked.bolig,49,892,11,0.011827956989247311
no.mswindow,no.psykologi,358,584,11,0.011815252416756176
no.alt.radio_tv.irma1000,no.media,210,734,11,0.011789924973204717
no.eunet.drift,no.tele,135,2097,26,0.011786038077969175
no.alt.irctreff,no.news.diverse,82,1893,23,0.0117827868852459
no.it.os.os2,no.prat.narkotika,332,527,10,0.011778563015312132
no.perl,no.slekt.etterlysning,564,1240,21,0.011777902411665733
no.bolig,no.org.isoc-no,978,53,12,0.011776251226692836
no.alt.troll,no.pressemeldinger.diskusjon,7,79,1,0.011764705882352941
no.folklore.generelt,no.religion,49,1585,19,0.011764705882352941
no.ef,no.slekt.etterlysning,567,1240,21,0.011758118701007838
no.alt.pompelog,no.sykkel,143,1148,15,0.011755485893416929
no.org.isoc-no,no.prat.politikk,53,1152,14,0.011754827875734676
no.bolig,no.eunet.diverse,978,141,13,0.011754068716094032
no.mac,no.sources.list,2742,101,33,0.011743772241992882
no.elektronikk,no.it.os.os2,2253,332,30,0.011741682974559686
no.alt.irc-treff,no.prat.aksjer,296,480,9,0.011734028683181226
no.alt.irc-treff,no.folklore.generelt,296,49,4,0.011730205278592375
no.hobby.diverse,no.sources.wanted,817,218,12,0.011730205278592375
no.prat.aksjer,no.uninett.hjelp,480,124,7,0.011725293132328308
no.musikk,no.standard,3669,129,44,0.011720831113478956
no.audio,no.mswindow,2493,358,33,0.01171043293115685
no.eunet.drift,no.sport.diverse,135,1507,19,0.01170671595810228
no.org.dnd,no.typografi,66,280,4,0.011695906432748537
no.spill,no.uninett.hjelp,2992,124,36,0.011688311688311689
no.student.nett,no.test,452,6390,79,0.011681206565133816
no.amiga,no.slekt,1544,1837,39,0.011669658886894075
no.alt.fan.de-lillos,no.medisin,176,1038,14,0.011666666666666667
no.marked.bolig,no.radio_tv,892,583,17,0.011659807956104253
no.sources.list,no.video,101,942,12,0.011639185257032008
no.irc,no.org.nobug.diverse,1475,90,18,0.011635423400129283
no.mswindow,no.nuug,358,164,6,0.011627906976744186
no.norsk.fagord,no.org.decus,243,18,3,0.011627906976744186
no.religion,no.uninett.katalog,1585,68,19,0.011627906976744186
no.svar,no.tegnsett,12,249,3,0.011627906976744186
no.general,no.musikk.klassisk,7081,229,84,0.011624688624411846
no.havforskning,no.test,398,6390,78,0.011624441132637855
no.alt.flame,no.slekt,2515,1837,50,0.011622501162250116
no.ms-windows,no.pressemeldinger,3235,334,41,0.011621315192743764
no.alt.pompel-og-pilt,no.sport.fotball,329,629,11,0.011615628299894404
no.it.os.os2,no.student.nett,332,452,9,0.011612903225806452
no.marked,no.slekt.etterlysning,8430,1240,111,0.011612093315200335
no.norsk.fagord,no.sport.fotball,243,629,10,0.01160092807424594
no.biz.annonser,no.it.os.os2,2197,332,29,0.0116
no.marked.bolig,no.uninett.katalog,892,68,11,0.011591148577449948
no.prat.seksualitet,no.sport.volleyball,883,165,12,0.011583011583011582
no.biz.annonser.data,no.uninett.drift,1548,112,19,0.01157830591102986
no.alt.irc-treff,no.eunet.diverse,296,141,5,0.011574074074074073
no.alt.radio_tv.irma1000,no.linux,210,3024,37,0.011573350015639663
no.marked.data,no.speider,7987,493,97,0.011571036621734462
no.it.os.os2,no.typografi,332,280,7,0.011570247933884297
no.audio,no.folklore.overtro,2493,131,30,0.01156515034695451
no.medisin,no.sources.list,1038,101,13,0.011545293072824156
no.film,no.tex,2587,218,32,0.01153984853948792
no.alt.radio-tv.irma-1000,no.prat.aksjer,309,480,9,0.011538461538461539
no.spill.sjakk,no.tungregning,145,118,3,0.011538461538461539
no.alt.pompelog,no.www,143,3452,41,0.011536297129994372
no.alt.irc-treff,no.biz,296,55,4,0.011527377521613832
no.alt.tegneserier,no.slekt.etterlysning,1043,1240,26,0.011519716437749225
no.sources.wanted,no.vitser,218,3558,43,0.011518885614787035
no.bil,no.sources.wanted,2153,218,27,0.01151877133105802
no.eunet.hjelp,no.mac,244,2742,34,0.011517615176151762
no.folklore.generelt,no.litteratur,49,1532,18,0.011516314779270634
no.folklore.overtro,no.vitser,131,3558,42,0.011516314779270634
no.kryptografi,no.slekt,359,1837,25,0.011515430677107323
no.general,no.sources.wanted,7081,218,83,0.011502217294900221
no.biz.diskusjoner,no.slekt.etterlysning,431,1240,19,0.011501210653753027
no.musikk.klassisk,no.vitser,229,3558,43,0.011485042735042736
no.bolig,no.pressemeldinger.diskusjon,978,79,12,0.011483253588516746
no.alt.irctreff,no.kryptografi,82,359,5,0.011467889908256881
no.embnet,no.slekt.etterlysning,260,1240,17,0.011463250168577209
no.eunet.drift,no.tex,135,218,4,0.011461318051575931
no.litteratur,no.spill.sjakk,1532,145,19,0.011459589867310011
no.general,no.nuug,7081,164,82,0.011447717436828144
no.slekt.etterlysning,no.sykkel,1240,1148,27,0.011435832274459974
no.marked.data,no.pressemeldinger,7987,334,94,0.01142579312021393
no.mswindow,no.musikk.gitar,358,1148,17,0.011417058428475487
no.tele,no.tungregning,2097,118,25,0.01141552511415525
no.elektronikk,no.musikk.klassisk,2253,229,28,0.011409942950285249
no.org.nobug.diverse,no.slekt.etterlysning,90,1240,15,0.011406844106463879
no.alt.radio_tv.irma1000,no.tele,210,2097,26,0.011398509425690487
no.org.efn.diskusjon,no.slekt.etterlysning,446,1240,19,0.011397720455908818
no.slekt.etterlysning,no.spill.rollespill,1240,447,19,0.011390887290167866
no.it.os.os2,no.uninett.drift,332,112,5,0.011389521640091117
no.it.os.os2,no.news.drift,332,379,8,0.011379800853485065
no.embnet,no.sport.fotball,260,629,10,0.011376564277588168
no.alt.amiga,no.typografi,343,280,7,0.011363636363636364
no.alt.gullkorn,no.alt.irctreff,7,82,1,0.011363636363636364
no.alt.irctreff,no.alt.troll,82,7,1,0.011363636363636364
no.sport.volleyball,no.typografi,165,280,5,0.011363636363636364
no.marked.bil,no.spill.rollespill,1423,447,21,0.011357490535424553
no.alt.mat.drikke,no.biz,659,55,8,0.0113314447592068
no.marked.jobb,no.musikk.klassisk,2181,229,27,0.011330255979857323
no.biz.annonser,no.uninett.hjelp,2197,124,26,0.011328976034858388
no.hobby.diverse,no.sport.volleyball,817,165,11,0.01132852729145211
no.folklore.edb,no.test,219,6390,74,0.011323641928079572
no.alt.radio-tv.irma-1000,no.slekt,309,1837,24,0.011310084825636193
no.news.diverse,no.sport.volleyball,1893,165,23,0.011302211302211302
no.alkohol,no.it.os.os2,1192,332,17,0.0112806901128069
no.spill.sjakk,no.uninett.hjelp,145,124,3,0.011278195488721804
no.alt.fan.de-lillos,no.unix,176,1439,18,0.011271133375078271
no.media,no.slekt.etterlysning,734,1240,22,0.011270491803278689
no.alt.irctreff,no.mail.diverse,82,995,12,0.011267605633802818
no.alt.flame,no.spill.rollespill,2515,447,33,0.011266643905769888
no.kryptografi,no.sport.fotball,359,629,11,0.011258955987717503
no.alt.pompel-og-pilt,no.prat.aksjer,329,480,9,0.01125
no.eunet.drift,no.mac,135,2742,32,0.01124780316344464
no.org.nobug.diverse,no.unix,90,1439,17,0.011243386243386243
no.alt.irc-treff,no.marked,296,8430,97,0.011241163518368293
no.alt.irc-treff,no.eunet.hjelp,296,244,6,0.011235955056179775
no.alt.pompelog,no.uninett.fik,143,37,2,0.011235955056179775
no.org.dnd,no.perl,66,564,7,0.011235955056179775
no.pressemeldinger.diskusjon,no.sources.list,79,101,2,0.011235955056179775
no.alt.mat.drikke,no.it.os.os2,659,332,11,0.011224489795918367
no.litteratur,no.org.nobug.diverse,1532,90,18,0.011221945137157107
no.it.os.os2,no.prat.aksjer,332,480,9,0.0112079701120797
no.musikk.klassisk,no.speider,229,493,8,0.011204481792717087
no.mac,no.prat.ufo,2742,327,34,0.011202635914332784
no.alt.mat,no.uninett.katalog,1286,68,15,0.011202389843166542
no.alt.irc-treff,no.alt.motorsykler,296,1690,22,0.01120162932790224
no.marked.bil,no.uninett.drift,1423,112,17,0.011198945981554678
no.reiser,no.uninett.hjelp,1050,124,13,0.01119724375538329
no.alt.arkiv,no.pc,199,7029,80,0.01119194180190263
no.alt.irc-treff,no.slekt.etterlysning,296,1240,17,0.01119157340355497
no.alt.pompelog,no.alt.radio-tv.irma-1000,143,309,5,0.011185682326621925
no.audio,no.standard,2493,129,29,0.011183956806787505
no.folklore.generelt,no.psykologi,49,584,7,0.011182108626198083
no.it.os.os2,no.x,332,301,7,0.011182108626198083
no.folklore.generelt,no.net,49,1218,14,0.0111731843575419
no.slekt.etterlysning,no.tungregning,1240,118,15,0.011169024571854059
no.folklore.generelt,no.medisin,49,1038,12,0.011162790697674419
no.eunet.diverse,no.folklore.overtro,141,131,3,0.011152416356877323
no.alt.tegneserier,no.folklore.generelt,1043,49,12,0.011111111111111112
no.prat.seksualitet,no.tungregning,883,118,11,0.011111111111111112
no.pressemeldinger.diskusjon,no.svar,79,12,1,0.011111111111111112
no.c,no.slekt.etterlysning,1036,1240,25,0.011106175033318524
no.alt.motorsykler,no.folklore.overtro,1690,131,20,0.01110494169905608
no.biz.nettilbydere,no.slekt.programmer,686,589,14,0.011102299762093577
no.slekt.etterlysning,no.tex,1240,218,16,0.011095700416088766
no.folklore.edb,no.musikk.gitar,219,1148,15,0.011094674556213017
no.prat.politikk,no.uninett.hjelp,1152,124,14,0.011093502377179081
no.sport.volleyball,no.vit.diverse,165,473,7,0.011093502377179081
no.alt.irctreff,no.alt.mat,82,1286,15,0.011086474501108648
no.it.os.os2,no.uninett.hjelp,332,124,5,0.011086474501108648
no.biz.nettilbydere,no.eunet.drift,686,135,9,0.011083743842364532
no.audio,no.eunet.hjelp,2493,244,30,0.011082379017362394
no.alt.motorsykler,no.eunet.drift,1690,135,20,0.0110803324099723
no.alt.fan.de-lillos,no.biz.annonser,176,2197,26,0.011077971878994461
no.bil,no.standard,2153,129,25,0.011076650420912717
no.linux,no.sport.fotball,3024,629,40,0.011071132023249377
no.spill.sjakk,no.standard,145,129,3,0.01107011070110701
no.folklore.overtro,no.musikk.gitar,131,1148,14,0.011067193675889328
no.alt.motorsykler,no.musikk.klassisk,1690,229,21,0.011064278187565859
no.ai,no.marked,254,8430,95,0.011060658982419374
no.alt.fan.de-lillos,no.alt.troll,176,7,2,0.011049723756906077
no.prat.seksualitet,no.uninett.hjelp,883,124,11,0.01104417670682731
no.alt.config,no.slekt.etterlysning,408,1240,18,0.011042944785276074
no.alt.mat.drikke,no.sport.volleyball,659,165,9,0.011042944785276074
no.alt.radio-tv.irma-1000,no.it.os.os2,309,332,7,0.011041009463722398
no.folklore.generelt,no.reiser,49,1050,12,0.011039558417663294
no.it.os.os2,no.speider,332,493,9,0.011029411764705883
no.norsk.fagord,no.uninett.hjelp,243,124,4,0.011019283746556474
no.alt.katter,no.spill.sjakk,774,145,10,0.011001100110011002
no.ms-windows,no.vr,3235,166,37,0.010998810939357907
no.it.diverse,no.slekt.programmer,606,589,13,0.010998307952622674
no.eunet.drift,no.www,135,3452,39,0.010992108229988726
no.org.efn.nyheter,no.org.nobug.diverse,2,90,1,0.01098901098901099
no.alt.mat,no.kultur.fritid.friluftsliv,1286,95,15,0.010980966325036604
no.marked.bil,no.prat.ufo,1423,327,19,0.01097631426920855
no.pressemeldinger,no.test,334,6390,73,0.01097579311381747
no.it.emacs,no.org.dnd,395,66,5,0.010964912280701754
no.alt.pompel-og-pilt,no.slekt.etterlysning,329,1240,17,0.01095360824742268
no.alt.fan.de-lillos,no.sources.list,176,101,3,0.010948905109489052
no.eunet.diverse,no.radio-tv,141,2075,24,0.010948905109489052
no.marked.diskusjon,no.org.nobug.diverse,187,90,3,0.010948905109489052
no.folklore.generelt,no.prat.politikk,49,1152,13,0.010942760942760943
no.linux,no.tungregning,3024,118,34,0.010939510939510939
no.alt.flame,no.vr,2515,166,29,0.010935143288084464
no.c,no.sport.fotball,1036,629,18,0.01092896174863388
no.biz.annonser,no.tungregning,2197,118,25,0.010917030567685589
no.audio,no.sources.list,2493,101,28,0.010911925175370226
no.alt.radio_tv.irma1000,no.uninett.katalog,210,68,3,0.01090909090909091
no.prat.aksjer,no.slekt,480,1837,25,0.010907504363001745
no.prat.aksjer,no.spill.rollespill,480,447,10,0.010905125408942203
no.musikk.gitar,no.norsk.fagord,1148,243,15,0.010901162790697675
no.amiga,no.tex,1544,218,19,0.010900745840504877
no.bolig,no.eunet.drift,978,135,12,0.010899182561307902
no.media,no.sources.list,734,101,9,0.010895883777239709
no.havforskning,no.org.dnd,398,66,5,0.010893246187363835
no.alt.arkiv,no.mswindow,199,358,6,0.010889292196007259
no.prat.aksjer,no.test,480,6390,74,0.01088875809299588
no.biz.annonser,no.tex,2197,218,26,0.010883214734198409
no.biz.nettilbydere,no.eunet.hjelp,686,244,10,0.010869565217391304
no.kultur.musikk.diverse,no.org.nobug.diverse,3,90,1,0.010869565217391304
no.medisin,no.mswindow,1038,358,15,0.010861694424330196
no.film,no.uninett.drift,2587,112,29,0.010861423220973783
no.it.emacs,no.sport.fotball,395,629,11,0.01085883514313919
no.alt.motorsykler,no.student.nett,1690,452,23,0.010854176498348278
no.alt.irctreff,no.c,82,1036,12,0.0108499095840868
no.org.dnd,no.speider,66,493,6,0.0108499095840868
no.marked.data,no.slekt.etterlysning,7987,1240,99,0.010845749342681859
no.litteratur,no.org.isoc-no,1532,53,17,0.010841836734693877
no.eunet.hjelp,no.marked.jobb,244,2181,26,0.010837849103793247
no.film,no.slekt.etterlysning,2587,1240,41,0.010829371368198627
no.alt.irc-treff,no.mswindow,296,358,7,0.010819165378670788
no.alt.amiga,no.marked.jobb,343,2181,27,0.010812975570684821
no.alt.fan.de-lillos,no.sport.diverse,176,1507,18,0.010810810810810811
no.musikk.klassisk,no.spill.sjakk,229,145,4,0.010810810810810811
no.tegnsett,no.test,249,6390,71,0.010809987819732034
no.folklore.generelt,no.it.diverse,49,606,7,0.010802469135802469
no.alt.gledesutbrudd,no.slekt.programmer,1754,589,25,0.010785159620362382
no.alt.irctreff,no.alt.tegneserier,82,1043,12,0.01078167115902965
no.org.nobug.diverse,no.vit.diverse,90,473,6,0.010771992818671455
no.biz.annonser,no.eunet.hjelp,2197,244,26,0.010766045548654244
no.org.nobug.diverse,no.sport.diverse,90,1507,17,0.010759493670886076
no.alt.irctreff,no.svar,82,12,1,0.010752688172043012
no.kultur.fritid.friluftsliv,no.skole.diverse,95,563,7,0.010752688172043012
no.mswindow,no.uninett.drift,358,112,5,0.010752688172043012
no.alt.radio_tv.irma1000,no.pc,210,7029,77,0.01075118681932421
no.prat.politikk,no.sport.volleyball,1152,165,14,0.010744435917114352
no.sources.wanted,no.sport.fotball,218,629,9,0.010739856801909307
no.general,no.vr,7081,166,77,0.010739191073919107
no.it.emacs,no.mswindow,395,358,8,0.010738255033557046
no.slekt.programmer,no.spill.rollespill,589,447,11,0.010731707317073172
no.slekt.programmer,no.sport.volleyball,589,165,8,0.010723860589812333
no.folklore.edb,no.marked.data,219,7987,87,0.010715605370119473
no.mswindow,no.prat.politikk,358,1152,16,0.0107095046854083
no.alt.radio_tv.irma1000,no.religion,210,1585,19,0.010698198198198198
no.alt.pompelog,no.bibsys,143,235,4,0.0106951871657754
no.litteratur,no.mswindow,1532,358,20,0.0106951871657754
no.hobby.diverse,no.standard,817,129,10,0.010683760683760684
no.biz,no.musikk.klassisk,55,229,3,0.010676156583629894
no.org.dnd,no.sources.wanted,66,218,3,0.010676156583629894
no.linux,no.sources.list,3024,101,33,0.010672703751617076
no.bibsys,no.sport.orientering,235,144,4,0.010666666666666666
no.norsk.fagord,no.test,243,6390,70,0.01066585403016913
no.alt.pompel-og-pilt,no.spill.sjakk,329,145,5,0.010660980810234541
no.elektronikk,no.tungregning,2253,118,25,0.010656436487638534
no.biz.nettilbydere,no.mswindow,686,358,11,0.010648596321393998
no.alt.fan.de-lillos,no.psykologi,176,584,8,0.010638297872340425
no.biz,no.eunet.drift,55,135,2,0.010638297872340425
no.alt.flame,no.norsk.fagord,2515,243,29,0.010626603151337486
no.bil,no.folklore.overtro,2153,131,24,0.010619469026548672
no.folklore.generelt,no.it.os.os2,49,332,4,0.010610079575596816
no.radio-tv,no.tungregning,2075,118,23,0.010599078341013824
no.prat.ufo,no.velkommen,327,55,4,0.010582010582010581
no.pressemeldinger.diskusjon,no.uninett.drift,79,112,2,0.010582010582010581
no.alt.amiga,no.musikk,343,3669,42,0.01057934508816121
no.alt.frustrasjoner,no.slekt.programmer,3041,589,38,0.010579064587973273
no.slekt.etterlysning,no.unix,1240,1439,28,0.010562052055827989
no.test,no.tex,6390,218,69,0.01055207218229087
no.marked.jobb,no.tungregning,2181,118,24,0.01054945054945055
no.bibsys,no.eunet.hjelp,235,244,5,0.010548523206751054
no.pc,no.student.samfund,7029,255,76,0.010543840177580466
no.sport.fotball,no.uninett.skole,629,522,12,0.010535557506584723
no.biz.diskusjoner,no.spill.sjakk,431,145,6,0.010526315789473684
no.mswindow,no.sources.wanted,358,218,6,0.010526315789473684
no.norsk,no.org.isoc-no,1963,53,21,0.010526315789473684
no.it.os.os2,no.mac,332,2742,32,0.01051939513477975
no.folklore.edb,no.marked,219,8430,90,0.010515247108307046
no.alt.amiga,no.uninett.skole,343,522,9,0.010514018691588784
no.alt.fan.de-lillos,no.bolig,176,978,12,0.010507880910683012
no.biz,no.uninett.skole,55,522,6,0.010507880910683012
no.folklore.overtro,no.ms-windows,131,3235,35,0.010507355148604023
no.irc,no.org.dnd,1475,66,16,0.010491803278688525
no.alt.radio_tv.irma1000,no.pressemeldinger.diskusjon,210,79,3,0.01048951048951049
no.alt.radio_tv.irma1000,no.www,210,3452,38,0.010485651214128035
no.amiga,no.prat.aksjer,1544,480,21,0.010484273589615577
no.alkohol,no.org.dnd,1192,66,13,0.010441767068273093
no.alt.diskusjoner,no.biz,2368,55,25,0.010425354462051709
no.alt.irc-treff,no.slekt,296,1837,22,0.010421601136901942
no.alt.arkiv,no.marked,199,8430,89,0.010421545667447307
no.alt.radio_tv.irma1000,no.sykkel,210,1148,14,0.010416666666666666
no.eunet.diverse,no.org.isoc-no,141,53,2,0.010416666666666666
no.org.decus,no.pressemeldinger.diskusjon,18,79,1,0.010416666666666666
no.alt.fan.de-lillos,no.bil,176,2153,24,0.010412147505422993
no.alt.gledesutbrudd,no.org.nobug.diverse,1754,90,19,0.010410958904109589
no.it.diverse,no.slekt.etterlysning,606,1240,19,0.010399562123700055
no.marked.bil,no.musikk.klassisk,1423,229,17,0.010397553516819572
no.org.nobug.diverse,no.prat.seksualitet,90,883,10,0.010384215991692628
no.alt.amiga,no.sport.diverse,343,1507,19,0.010376843255051884
no.mswindow,no.standard,358,129,5,0.01037344398340249
no.radio-tv,no.uninett.katalog,2075,68,22,0.010372465818010372
no.audio,no.it.os.os2,2493,332,29,0.010371959942775394
no.alt.diskusjoner,no.uninett.katalog,2368,68,25,0.010369141435089175
no.musikk.gitar,no.tex,1148,218,14,0.010355029585798817
no.folklore.overtro,no.spill,131,2992,32,0.01035263668715626
no.news.drift,no.svar,379,12,4,0.0103359173126615
no.folklore.overtro,no.mswindow,131,358,5,0.010330578512396695
no.kultur.fritid.friluftsliv,no.prat.seksualitet,95,883,10,0.010330578512396695
no.eunet.diverse,no.spill,141,2992,32,0.010319251854240567
no.eunet.drift,no.video,135,942,11,0.010318949343339587
no.alt.flame,no.musikk.klassisk,2515,229,28,0.010309278350515464
no.audio,no.spill.rollespill,2493,447,30,0.010309278350515464
no.kryptografi,no.musikk.klassisk,359,229,6,0.010309278350515464
no.marked.bil,no.norsk.fagord,1423,243,17,0.010309278350515464
no.norsk.fagord,no.spill,243,2992,33,0.010306058713304185
no.marked,no.slekt.programmer,8430,589,92,0.010305813823232889
no.alt.amiga,no.spill,343,2992,34,0.010299909118448955
no.biz.annonser.data,no.tex,1548,218,18,0.010297482837528604
no.alt.pompel-og-pilt,no.mswindow,329,358,7,0.010294117647058823
no.multimedia,no.org.nobug.diverse,1383,90,15,0.0102880658436214
no.mswindow,no.musikk,358,3669,41,0.010286001003512292
no.sport.orientering,no.tegnsett,144,249,4,0.010282776349614395
no.folklore.overtro,no.slekt,131,1837,20,0.01026694045174538
no.bil,no.uninett.drift,2153,112,23,0.010258697591436218
no.alt.fan.de-lillos,no.tex,176,218,4,0.010256410256410256
no.pressemeldinger.diskusjon,no.tungregning,79,118,2,0.010256410256410256
no.marked.data,no.slekt.programmer,7987,589,87,0.010248556956060785
no.havforskning,no.kultur.fritid.friluftsliv,398,95,5,0.010245901639344262
no.it.os.os2,no.sykkel,332,1148,15,0.010238907849829351
no.mac,no.tex,2742,218,30,0.010238907849829351
no.eunet.drift,no.musikk.gitar,135,1148,13,0.010236220472440945
no.marked.bil,no.student.samfund,1423,255,17,0.010234798314268514
no.marked.jobb,no.org.nobug.diverse,2181,90,23,0.010231316725978648
no.eunet.drift,no.general,135,7081,73,0.010219795604087919
no.prat.narkotika,no.sport.volleyball,527,165,7,0.010218978102189781
no.alt.pompelog,no.biz,143,55,2,0.01020408163265306
no.kjemi,no.spill.sjakk,746,145,9,0.01020408163265306
no.musikk.klassisk,no.uninett.katalog,229,68,3,0.01020408163265306
no.pressemeldinger.diskusjon,no.sources.wanted,79,218,3,0.01020408163265306
no.alt.flame,no.mswindow,2515,358,29,0.010196905766526019
no.nuug,no.sport.fotball,164,629,8,0.01019108280254777
no.folklore.generelt,no.spill.rollespill,49,447,5,0.010183299389002037
no.biz,no.medisin,55,1038,11,0.010166358595194085
no.it.diverse,no.org.nobug.diverse,606,90,7,0.010159651669085631
no.it.os.os2,no.skole.diverse,332,563,9,0.010158013544018058
no.it.os.os2,no.org.dnd,332,66,4,0.01015228426395939
no.org.isoc-no,no.video,53,942,10,0.01015228426395939
no.eunet.hjelp,no.reiser,244,1050,13,0.01014832162373146
no.alt.frustrasjoner,no.spill.sjakk,3041,145,32,0.010145846544071021
no.reiser,no.spill.sjakk,1050,145,12,0.01014370245139476
no.ai,no.slekt.etterlysning,254,1240,15,0.010141987829614604
no.org.decus,no.prat.aksjer,18,480,5,0.010141987829614604
no.prat.aksjer,no.telepost,480,417,9,0.010135135135135136
no.ai,no.spill.sjakk,254,145,4,0.010126582278481013
no.musikk,no.uninett.hjelp,3669,124,38,0.010119840213049267
no.marked.jobb,no.tex,2181,218,24,0.010105263157894737
no.alt.radio-tv.irma-1000,no.test,309,6390,67,0.010102533172496984
no.alt.irctreff,no.net,82,1218,13,0.010101010101010102
no.bil,no.spill.rollespill,2153,447,26,0.010101010101010102
no.org.isoc-no,no.spill.rollespill,53,447,5,0.010101010101010102
no.alt.tegneserier,no.mswindow,1043,358,14,0.010093727469358327
no.kjemi,no.velkommen,746,55,8,0.01008827238335435
no.biz,no.org.efn.diskusjon,55,446,5,0.010080645161290322
no.alt.god.jul,no.it.os.os2,570,332,9,0.010078387458006719
no.medisin,no.org.dnd,1038,66,11,0.010064043915827997
no.biz,no.jus,55,1852,19,0.010063559322033898
no.film,no.uninett.hjelp,2587,124,27,0.010059612518628911
no.alt.mat.drikke,no.spill.sjakk,659,145,8,0.010050251256281407
no.eunet.drift,no.org.dnd,135,66,2,0.010050251256281407
no.mswindow,no.reiser,358,1050,14,0.010043041606886656
no.alt.config,no.kultur.fritid.friluftsliv,408,95,5,0.010040160642570281
no.marked.diskusjon,no.telepost,187,417,6,0.010033444816053512
no.slekt.programmer,no.tex,589,218,8,0.010012515644555695
no.alt.gullkorn,no.alt.irc-treff,7,296,3,0.01
no.alt.irc-treff,no.alt.troll,296,7,3,0.01
no.musikk.gitar,no.sport.volleyball,1148,165,13,0.01
no.alt.pompelog,no.marked.jobb,143,2181,23,0.009995654063450673
no.embnet,no.spill.sjakk,260,145,4,0.00997506234413965
no.biz,no.tegnsett,55,249,3,0.009966777408637873
no.eunet.drift,no.vit.diverse,135,473,6,0.009966777408637873
no.tegnsett,no.velkommen,249,55,3,0.009966777408637873
no.alt.fan.de-lillos,no.biz.annonser.data,176,1548,17,0.00995899238429994
no.norsk,no.org.dnd,1963,66,20,0.009955201592832254
no.eunet.drift,no.uninett.katalog,135,68,2,0.009950248756218905
no.kjemi,no.org.dnd,746,66,8,0.009950248756218905
no.pressemeldinger.diskusjon,no.uninett.hjelp,79,124,2,0.009950248756218905
no.amiga,no.slekt.programmer,1544,589,21,0.009943181818181818
no.alt.amiga,no.biz.annonser,343,2197,25,0.009940357852882704
no.alt.fan.de-lillos,no.standard,176,129,3,0.009933774834437087
no.prat.ufo,no.slekt.programmer,327,589,9,0.009922822491730982
no.org.efn.diskusjon,no.sport.volleyball,446,165,6,0.009917355371900827
no.pc,no.sources.wanted,7029,218,71,0.009894091415830546
no.pc,no.tex,7029,218,71,0.009894091415830546
no.bolig,no.spill.sjakk,978,145,11,0.009892086330935251
no.alt.god.jul,no.spill.sjakk,570,145,7,0.009887005649717515
no.uninett.hjelp,no.www,124,3452,35,0.009884213499011578
no.musikk,no.uninett.drift,3669,112,37,0.009882478632478632
no.folklore.generelt,no.news.diverse,49,1893,19,0.009880395215808632
no.org.isoc-no,no.religion,53,1585,16,0.009864364981504316
no.alt.motorsykler,no.mswindow,1690,358,20,0.009861932938856016
no.film,no.slekt.programmer,2587,589,31,0.00985691573926868
no.news.diverse,no.velkommen,1893,55,19,0.009849663037843442
no.norsk,no.org.nobug.diverse,1963,90,20,0.009837678307919331
no.org.isoc-no,no.skole.diverse,53,563,6,0.009836065573770493
no.alt.amiga,no.uninett.katalog,343,68,4,0.009828009828009828
no.sport.orientering,no.vit.diverse,144,473,6,0.009819967266775777
no.sport.volleyball,no.student.nett,165,452,6,0.009819967266775777
no.alt.diskusjoner,no.sources.list,2368,101,24,0.0098159509202454
no.alt.arkiv,no.alt.gullkorn,199,7,2,0.00980392156862745
no.alt.mat,no.org.isoc-no,1286,53,13,0.00980392156862745
no.org.efn.nyheter,no.sources.list,2,101,1,0.00980392156862745
no.biz,no.perl,55,564,6,0.009787928221859706
no.hobby.diverse,no.uninett.drift,817,112,9,0.009782608695652175
no.alt.radio-tv.irma-1000,no.slekt.etterlysning,309,1240,15,0.009778357235984355
no.eunet.hjelp,no.org.dnd,244,66,3,0.009771986970684038
no.mswindow,no.prat.seksualitet,358,883,12,0.009764035801464606
no.bil,no.uninett.hjelp,2153,124,22,0.00975609756097561
no.folklore.generelt,no.prat.seksualitet,49,883,9,0.009750812567713976
no.org.dnd,no.student.nett,66,452,5,0.009746588693957114
no.org.nobug.diverse,no.reiser,90,1050,11,0.00974313551815766
no.norsk.fagord,no.uninett.katalog,243,68,3,0.00974025974025974
no.alkohol,no.org.isoc-no,1192,53,12,0.009732360097323601
no.sport.volleyball,no.stortinget,165,665,8,0.009732360097323601
no.biz.nettilbydere,no.spill.sjakk,686,145,8,0.009720534629404616
no.hobby.diverse,no.tungregning,817,118,9,0.009719222462203024
no.biz.annonser,no.org.nobug.diverse,2197,90,22,0.009713024282560706
no.alt.amiga,no.bil,343,2153,24,0.009708737864077669
no.biz,no.folklore.generelt,55,49,1,0.009708737864077669
no.eunet.hjelp,no.uninett.katalog,244,68,3,0.009708737864077669
no.eunet.diverse,no.slekt,141,1837,19,0.009698825931597753
no.slekt.programmer,no.test,589,6390,67,0.009693287037037037
no.alt.pompelog,no.elektronikk,143,2253,23,0.00969237252423093
no.it.os.os2,no.norsk,332,1963,22,0.009678838539375276
no.alt.amiga,no.speider,343,493,8,0.00966183574879227
no.telepost,no.video,417,942,13,0.009658246656760773
no.alt.irc-treff,no.it.os.os2,296,332,6,0.00964630225080386
no.folklore.edb,no.kultur.fritid.friluftsliv,219,95,3,0.00964630225080386
no.audio,no.uninett.hjelp,2493,124,25,0.009645061728395061
no.it.os.os2,no.marked.jobb,332,2181,24,0.009642426677380474
no.it.os.os2,no.slekt.etterlysning,332,1240,15,0.009633911368015413
no.biz.annonser.data,no.standard,1548,129,16,0.00963275135460566
no.slekt.programmer,no.spill.sjakk,589,145,7,0.009628610729023384
no.prat.narkotika,no.telepost,527,417,9,0.009625668449197862
no.alt.config,no.svar,408,12,4,0.009615384615384616
no.alt.fan.de-lillos,no.eunet.hjelp,176,244,4,0.009615384615384616
no.marked.bolig,no.org.isoc-no,892,53,9,0.009615384615384616
no.alt.diskusjoner,no.folklore.generelt,2368,49,23,0.00960735171261487
no.alt.frustrasjoner,no.uninett.drift,3041,112,30,0.009606147934678195
no.film,no.mswindow,2587,358,28,0.009598902982516283
no.uninett.hjelp,no.vitser,124,3558,35,0.009596928982725527
no.alt.diskusjoner,no.org.isoc-no,2368,53,23,0.009591326105087573
no.alt.frustrasjoner,no.it.os.os2,3041,332,32,0.009577970667464832
no.alt.amiga,no.www,343,3452,36,0.009577015163607342
no.film,no.folklore.generelt,2587,49,25,0.009574875526618154
no.embnet,no.test,260,6390,63,0.009564293304994687
no.eunet.hjelp,no.vitser,244,3558,36,0.009559214020180564
no.eunet.diverse,no.www,141,3452,34,0.009553245293621804
no.marked.bolig,no.sport.volleyball,892,165,10,0.009551098376313277
no.radio-tv,no.spill.sjakk,2075,145,21,0.009549795361527967
no.biz.nettilbydere,no.radio_tv,686,583,12,0.00954653937947494
no.spill.sjakk,no.www,145,3452,34,0.009542520348021331
no.alt.irctreff,no.spill.rollespill,82,447,5,0.009541984732824428
no.pc,no.vr,7029,166,68,0.009541181422758524
no.alt.irctreff,no.alt.mat.drikke,82,659,7,0.009536784741144414
no.folklore.generelt,no.norsk,49,1963,19,0.009533366783743101
no.alt.motorsykler,no.uninett.drift,1690,112,17,0.009523809523809525
no.speider,no.uninett.fik,493,37,5,0.009523809523809525
no.alt.amiga,no.tele,343,2097,23,0.009515928837401738
no.mac,no.musikk.klassisk,2742,229,28,0.009514101257220523
no.alt.amiga,no.alt.irctreff,343,82,4,0.009501187648456057
no.it.emacs,no.slekt,395,1837,21,0.009497964721845319
no.alt.gledesutbrudd,no.org.isoc-no,1754,53,17,0.009497206703910615
no.slekt.etterlysning,no.tegnsett,1240,249,14,0.009491525423728813
no.alt.amiga,no.alt.irc-treff,343,296,6,0.009478672985781991
no.psykologi,no.velkommen,584,55,6,0.009478672985781991
no.spill.sjakk,no.uninett.katalog,145,68,2,0.009478672985781991
no.slekt.etterlysning,no.spill.sjakk,1240,145,13,0.009475218658892129
no.it.os.os2,no.media,332,734,10,0.00946969696969697
no.eunet.drift,no.medisin,135,1038,11,0.00946643717728055
no.alt.fan.de-lillos,no.mswindow,176,358,5,0.00945179584120983
no.folklore.overtro,no.pc,131,7029,67,0.009445932609615114
no.biz.annonser.data,no.velkommen,1548,55,15,0.009445843828715366
no.biz.nettilbydere,no.slekt.etterlysning,686,1240,18,0.009433962264150943
no.kultur.fritid.friluftsliv,no.svar,95,12,1,0.009433962264150943
no.psykologi,no.sport.volleyball,584,165,7,0.009433962264150943
no.org.nobug.diverse,no.slekt,90,1837,18,0.009429020429544265
no.marked,no.norsk.fagord,8430,243,81,0.009427374301675978
no.alt.amiga,no.video,343,942,12,0.009426551453260016
no.alt.radio_tv.irma1000,no.elektronikk,210,2253,23,0.009426229508196722
no.alt.amiga,no.religion,343,1585,18,0.009424083769633508
no.eunet.drift,no.marked.diskusjon,135,187,3,0.009404388714733543
no.eunet.drift,no.religion,135,1585,16,0.009389671361502348
no.alt.mat.drikke,no.kultur.fritid.friluftsliv,659,95,7,0.009370816599732263
no.alt.irc-treff,no.eunet.drift,296,135,4,0.00936768149882904
no.musikk.gitar,no.spill.sjakk,1148,145,12,0.00936768149882904
no.bil,no.tex,2153,218,22,0.009365687526607066
no.kultur.fritid.friluftsliv,no.musikk.klassisk,95,229,3,0.009345794392523364
no.nuug,no.slekt.etterlysning,164,1240,13,0.009345794392523364
no.org.isoc-no,no.velkommen,53,55,1,0.009345794392523364
no.elektronikk,no.uninett.hjelp,2253,124,22,0.009341825902335456
no.mac,no.uninett.katalog,2742,68,26,0.009339080459770116
no.alt.flame,no.marked.diskusjon,2515,187,25,0.009338812103100485
no.it.diverse,no.radio_tv,606,583,11,0.00933786078098472
no.tungregning,no.vitser,118,3558,34,0.009335529928610654
no.slekt.etterlysning,no.vr,1240,166,13,0.00933237616654702
no.film,no.tungregning,2587,118,25,0.009328358208955223
no.musikk,no.tungregning,3669,118,35,0.009328358208955223
no.marked.bil,no.telepost,1423,417,17,0.009325287986834888
no.alt.fan.de-lillos,no.tele,176,2097,21,0.009325044404973356
no.alt.amiga,no.org.nobug.diverse,343,90,4,0.009324009324009324
no.it.os.os2,no.sources.list,332,101,4,0.009324009324009324
no.alt.irctreff,no.amiga,82,1544,15,0.00931098696461825
no.alt.irctreff,no.eunet.drift,82,135,2,0.009302325581395349
no.biz,no.news.drift,55,379,4,0.009302325581395349
no.alt.motorsykler,no.slekt.programmer,1690,589,21,0.009300265721877768
no.spill.rollespill,no.test,447,6390,63,0.009300265721877768
no.pressemeldinger,no.slekt,334,1837,20,0.009298000929800094
no.alt.irctreff,no.eunet.hjelp,82,244,3,0.009287925696594427
no.alt.amiga,no.prat.narkotika,343,527,8,0.009280742459396751
no.folklore.generelt,no.musikk.gitar,49,1148,11,0.00927487352445194
no.folklore.generelt,no.sykkel,49,1148,11,0.00927487352445194
no.musikk.gitar,no.org.isoc-no,1148,53,11,0.009243697478991597
no.org.isoc-no,no.sykkel,53,1148,11,0.009243697478991597
no.alt.fan.de-lillos,no.spill,176,2992,29,0.009238611022618668
no.general,no.standard,7081,129,66,0.009238521836506159
no.spill,no.uninett.katalog,2992,68,28,0.009234828496042216
no.alt.flame,no.tex,2515,218,25,0.009231905465288036
no.marked.bil,no.sources.wanted,1423,218,15,0.00922509225092251
no.it.os.os2,no.radio-tv,332,2075,22,0.009224318658280923
no.folklore.edb,no.marked.bil,219,1423,15,0.00921942224953903
no.biz,no.nuug,55,164,2,0.009216589861751152
no.alt.tegneserier,no.org.isoc-no,1043,53,10,0.009208103130755065
no.biz,no.prat.politikk,55,1152,11,0.00919732441471572
no.alt.irc-treff,no.alt.pompelog,296,143,4,0.009195402298850575
no.alt.sjokolade,no.it.os.os2,656,332,9,0.009193054136874362
no.marked.bil,no.pressemeldinger,1423,334,16,0.009190120620333142
no.alt.tegneserier,no.sport.volleyball,1043,165,11,0.009189640768588136
no.alt.fan.de-lillos,no.vitser,176,3558,34,0.009189189189189189
no.alt.irctreff,no.mswindow,82,358,4,0.009174311926605505
no.lisp,no.mswindow,302,358,6,0.009174311926605505
no.musikk.klassisk,no.sources.list,229,101,3,0.009174311926605505
no.norsk.fagord,no.telepost,243,417,6,0.009174311926605505
no.alt.mat,no.spill.sjakk,1286,145,13,0.009167842031029619
no.alt.amiga,no.bolig,343,978,12,0.009167303284950344
no.folklore.generelt,no.video,49,942,9,0.009164969450101833
no.alt.flame,no.standard,2515,129,24,0.00916030534351145
no.alt.pompel-og-pilt,no.it.os.os2,329,332,6,0.00916030534351145
no.prat.ufo,no.pressemeldinger,327,334,6,0.00916030534351145
no.eunet.drift,no.pc,135,7029,65,0.009156219185800818
no.marked.bolig,no.sources.list,892,101,9,0.009146341463414634
no.org.dnd,no.sykkel,66,1148,11,0.00914380714879468
no.alt.flame,no.slekt.etterlysning,2515,1240,34,0.009137328675087342
no.kultur.fritid.friluftsliv,no.news.diverse,95,1893,18,0.009137055837563452
no.it.os.os2,no.prat.seksualitet,332,883,11,0.009136212624584718
no.eunet.drift,no.radio-tv,135,2075,20,0.0091324200913242
no.mail.drift,no.svar,430,12,4,0.0091324200913242
no.sport.fotball,no.student.samfund,629,255,8,0.0091324200913242
no.eunet.diverse,no.marked.jobb,141,2181,21,0.009126466753585397
no.alt.arkiv,no.marked.data,199,7987,74,0.009122287968441814
no.alt.diskusjoner,no.org.dnd,2368,66,22,0.00912106135986733
no.marked.jobb,no.spill.sjakk,2181,145,21,0.00911062906724512
no.linux,no.pressemeldinger.diskusjon,3024,79,28,0.009105691056910569
no.it.os.os2,no.marked.data,332,7987,75,0.009097525473071324
no.alt.amiga,no.sources.list,343,101,4,0.00909090909090909
no.alt.irctreff,no.psykologi,82,584,6,0.00909090909090909
no.musikk.klassisk,no.spill,229,2992,29,0.009085213032581453
no.alt.amiga,no.biz.annonser.data,343,1548,17,0.009071504802561366
no.it.os.os2,no.spill.rollespill,332,447,7,0.009067357512953367
no.ai,no.marked.data,254,7987,74,0.009060854658993511
no.alkohol,no.spill.sjakk,1192,145,12,0.009056603773584906
no.prat.aksjer,no.x,480,301,7,0.00904392764857881
no.bil,no.pressemeldinger.diskusjon,2153,79,20,0.009041591320072333
no.alt.pompelog,no.prat.narkotika,143,527,6,0.009036144578313253
no.biz,no.typografi,55,280,3,0.009036144578313253
no.typografi,no.velkommen,280,55,3,0.009036144578313253
no.standard,no.vitser,129,3558,33,0.0090311986863711
no.general,no.pressemeldinger.diskusjon,7081,79,64,0.009019165727170236
no.eunet.diverse,no.tele,141,2097,20,0.009017132551848512
no.prat.ufo,no.slekt.etterlysning,327,1240,14,0.00901481004507405
no.alt.pompelog,no.tele,143,2097,20,0.009009009009009009
no.mswindow,no.org.nobug.diverse,358,90,4,0.009009009009009009
no.alt.motorsykler,no.prat.ufo,1690,327,18,0.009004502251125562
no.folklore.edb,no.slekt.etterlysning,219,1240,13,0.008990318118948824
no.alt.fan.de-lillos,no.marked.jobb,176,2181,21,0.00898972602739726
no.marked.jobb,no.uninett.katalog,2181,68,20,0.008972633467922835
no.it.os.os2,no.tungregning,332,118,4,0.008968609865470852
no.slekt,no.x,1837,301,19,0.008966493629070316
no.marked.data,no.norsk.fagord,7987,243,73,0.008949368640431532
no.alt.flame,no.pressemeldinger.diskusjon,2515,79,23,0.008945935433683392
no.jus,no.org.dnd,1852,66,17,0.008942661756970016
no.marked.data,no.student.samfund,7987,255,73,0.008936222303831558
no.alt.gullkorn,no.folklore.edb,7,219,2,0.008928571428571428
no.kultur.fritid.friluftsliv,no.org.decus,95,18,1,0.008928571428571428
no.nuug,no.test,164,6390,58,0.008928571428571428
no.kultur.fritid.friluftsliv,no.psykologi,95,584,6,0.008915304606240713
no.hobby.diverse,no.org.nobug.diverse,817,90,8,0.008898776418242492
no.alt.irctreff,no.spill.sjakk,82,145,2,0.008888888888888889
no.telepost,no.uninett.fik,417,37,4,0.008888888888888889
no.marked.bil,no.typografi,1423,280,15,0.008886255924170616
no.alt.arkiv,no.test,199,6390,58,0.008880722707089266
no.alt.irctreff,no.norsk,82,1963,18,0.008880118401578688
no.alt.motorsykler,no.standard,1690,129,16,0.00887409872434831
no.marked,no.prat.ufo,8430,327,77,0.008870967741935484
no.alt.gledesutbrudd,no.org.dnd,1754,66,16,0.008869179600886918
no.alt.irctreff,no.jus,82,1852,17,0.008868022952529996
no.biz.annonser,no.pressemeldinger.diskusjon,2197,79,20,0.008865248226950355
no.it.os.os2,no.musikk.gitar,332,1148,13,0.008861622358554875
no.alt.radio_tv.irma1000,no.marked.jobb,210,2181,21,0.008860759493670886
no.alt.flame,no.sources.wanted,2515,218,24,0.008859357696566999
no.alt.gledesutbrudd,no.uninett.katalog,1754,68,16,0.008859357696566999
no.org.nobug.diverse,no.radio-tv,90,2075,19,0.008853681267474371
no.alt.radio_tv.irma1000,no.org.decus,210,18,2,0.008849557522123894
no.org.efn.nyheter,no.uninett.drift,2,112,1,0.008849557522123894
no.slekt.etterlysning,no.standard,1240,129,12,0.008843036109064112
no.slekt,no.spill.rollespill,1837,447,20,0.0088339222614841
no.bibsys,no.test,235,6390,58,0.008832038982792752
no.musikk,no.tex,3669,218,34,0.008824292758889176
no.biz.annonser.data,no.org.isoc-no,1548,53,14,0.008821676118462508
no.eunet.hjelp,no.test,244,6390,58,0.008819951338199513
no.marked.data,no.tegnsett,7987,249,72,0.008819206271435572
no.jus,no.kultur.fritid.friluftsliv,1852,95,17,0.008808290155440414
no.it.os.os2,no.spill,332,2992,29,0.008801213960546282
no.alt.amiga,no.sykkel,343,1148,13,0.008795669824086604
no.alt.flame,no.eunet.hjelp,2515,244,24,0.008775137111517367
no.alt.irctreff,no.speider,82,493,5,0.008771929824561403
no.mail.drift,no.spill.sjakk,430,145,5,0.008771929824561403
no.hobby.diverse,no.pressemeldinger,817,334,10,0.008764241893076249
no.org.nobug.diverse,no.tele,90,2097,19,0.008763837638376383
no.mswindow,no.skole.diverse,358,563,8,0.008762322015334063
no.tungregning,no.www,118,3452,31,0.0087595365922577
no.alt.fan.de-lillos,no.general,176,7081,63,0.008757297748123435
no.mswindow,no.tex,358,218,5,0.008756567425569177
no.biz.annonser,no.uninett.drift,2197,112,20,0.00873743993010048
no.eunet.hjelp,no.tex,244,218,4,0.008733624454148471
no.mswindow,no.slekt,358,1837,19,0.008731617647058824
no.alt.gledesutbrudd,no.kultur.fritid.friluftsliv,1754,95,16,0.00872885979268958
no.alt.config,no.biz,408,55,4,0.008714596949891068
no.mail.diverse,no.sport.volleyball,995,165,10,0.008695652173913044
no.musikk.klassisk,no.radio_tv,229,583,7,0.008695652173913044
no.biz.annonser.data,no.slekt.etterlysning,1548,1240,24,0.008683068017366137
no.biz.annonser.data,no.pressemeldinger.diskusjon,1548,79,14,0.008679479231246125
no.film,no.org.nobug.diverse,2587,90,23,0.008666164280331574
no.prat.narkotika,no.velkommen,527,55,5,0.008665511265164644
no.eunet.hjelp,no.medisin,244,1038,11,0.00865460267505901
no.alt.fan.de-lillos,no.alt.motorsykler,176,1690,16,0.008648648648648649
no.lisp,no.sport.volleyball,302,165,4,0.008639308855291577
no.alt.radio_tv.irma1000,no.marked,210,8430,74,0.008638804576231613
no.alt.amiga,no.kryptografi,343,359,6,0.008620689655172414
no.alt.irc-treff,no.velkommen,296,55,3,0.008620689655172414
no.slekt.etterlysning,no.sport.volleyball,1240,165,12,0.008614501076812634
no.sport.orientering,no.sykkel,144,1148,11,0.00858704137392662
no.eunet.diverse,no.perl,141,564,6,0.008583690987124463
no.alt.irctreff,no.www,82,3452,30,0.008561643835616438
no.audio,no.tex,2493,218,23,0.00855654761904762
no.eunet.diverse,no.medisin,141,1038,10,0.00855431993156544
no.alt.pompelog,no.spill.rollespill,143,447,5,0.008547008547008548
no.org.decus,no.tex,18,218,2,0.008547008547008548
no.pressemeldinger.diskusjon,no.sport.fotball,79,629,6,0.008547008547008548
no.biz.nettilbydere,no.eunet.diverse,686,141,7,0.00853658536585366
no.medisin,no.spill.sjakk,1038,145,10,0.008525149190110827
no.mswindow,no.slekt.programmer,358,589,8,0.008519701810436636
no.mswindow,no.test,358,6390,57,0.008518905993125093
no.alt.radio-tv.irma-1000,no.sport.volleyball,309,165,4,0.00851063829787234
no.biz,no.x,55,301,3,0.0084985835694051
no.velkommen,no.x,55,301,3,0.0084985835694051
no.amiga,no.tungregning,1544,118,14,0.00849514563106796
no.mswindow,no.vit.diverse,358,473,7,0.00849514563106796
no.alt.motorsykler,no.spill.rollespill,1690,447,18,0.008494572911750826
no.spill,no.tex,2992,218,27,0.008482563619227144
no.alt.troll,no.uninett.drift,7,112,1,0.00847457627118644
no.fritid.spill.rollespill,no.tungregning,1,118,1,0.00847457627118644
no.lisp,no.velkommen,302,55,3,0.00847457627118644
no.eunet.diverse,no.musikk,141,3669,32,0.008470089994706194
no.ms-windows,no.sources.wanted,3235,218,29,0.008469626168224298
no.musikk.klassisk,no.unix,229,1439,14,0.008464328899637243
no.bolig,no.kultur.fritid.friluftsliv,978,95,9,0.008458646616541353
no.alt.fan.de-lillos,no.x,176,301,4,0.008456659619450317
no.it.os.os2,no.spill.sjakk,332,145,4,0.008456659619450317
no.pc,no.standard,7029,129,60,0.0084530853761623
no.folklore.generelt,no.multimedia,49,1383,12,0.008450704225352112
no.uninett.hjelp,no.vit.diverse,124,473,5,0.008445945945945946
no.spill.sjakk,no.vitser,145,3558,31,0.008442265795206972
no.alt.irctreff,no.linux,82,3024,26,0.008441558441558441
no.kultur.fritid.friluftsliv,no.sport.orientering,95,144,2,0.008438818565400843
no.eunet.diverse,no.hobby.diverse,141,817,8,0.008421052631578947
no.alt.irctreff,no.radio-tv,82,2075,18,0.008415147265077139
no.bil,no.eunet.hjelp,2153,244,20,0.008413967185527976
no.prat.ufo,no.test,327,6390,56,0.00840714607416304
no.folklore.overtro,no.slekt.programmer,131,589,6,0.008403361344537815
no.marked.jobb,no.sources.list,2181,101,19,0.008395934600088379
no.hobby.diverse,no.sport.orientering,817,144,8,0.008394543546694649
no.eunet.drift,no.spill,135,2992,26,0.00838439213157046
no.alt.pompelog,no.tex,143,218,3,0.008379888268156424
no.amiga,no.eunet.diverse,1544,141,14,0.008378216636744464
no.alt.fan.de-lillos,no.sykkel,176,1148,11,0.008377760853008377
no.mswindow,no.uninett.hjelp,358,124,4,0.008368200836820083
no.alt.gledesutbrudd,no.velkommen,1754,55,15,0.008361204013377926
no.multimedia,no.org.dnd,1383,66,12,0.008350730688935281
no.org.dnd,no.telepost,66,417,4,0.008350730688935281
no.folklore.edb,no.slekt,219,1837,17,0.008337420304070623
no.alt.fan.de-lillos,no.org.dnd,176,66,2,0.008333333333333333
no.sources.wanted,no.spill.sjakk,218,145,3,0.008333333333333333
no.eunet.hjelp,no.marked.data,244,7987,68,0.008330270733798849
no.marked,no.vr,8430,166,71,0.008328445747800587
no.litteratur,no.sport.volleyball,1532,165,14,0.008318478906714201
no.alt.arkiv,no.sport.volleyball,199,165,3,0.008310249307479225
no.alt.radio-tv.irma-1000,no.biz,309,55,3,0.008310249307479225
no.audio,no.biz,2493,55,21,0.008310249307479225
no.marked.bolig,no.pressemeldinger.diskusjon,892,79,8,0.008307372793354102
no.org.decus,no.slekt.programmer,18,589,5,0.008305647840531562
no.general,no.it.os.os2,7081,332,61,0.008297062023939063
no.alt.pompelog,no.pc,143,7029,59,0.008294671727822297
no.biz.nettilbydere,no.sport.volleyball,686,165,7,0.008293838862559242
no.it.diverse,no.uninett.hjelp,606,124,6,0.008287292817679558
no.eunet.drift,no.marked.jobb,135,2181,19,0.00827165868524162
no.prat.politikk,no.uninett.katalog,1152,68,10,0.008264462809917356
no.sources.list,no.tele,101,2097,18,0.008256880733944955
no.slekt.programmer,no.sport.orientering,589,144,6,0.008253094910591471
no.folklore.generelt,no.skole.diverse,49,563,5,0.008237232289950576
no.it.os.os2,no.marked.bolig,332,892,10,0.008237232289950576
no.eunet.hjelp,no.slekt,244,1837,17,0.008236434108527133
no.pressemeldinger.diskusjon,no.vr,79,166,2,0.00823045267489712
no.org.isoc-no,no.reiser,53,1050,9,0.008226691042047532
no.it.os.os2,no.sport.diverse,332,1507,15,0.008223684210526315
no.elektronikk,no.pressemeldinger.diskusjon,2253,79,19,0.008214440121054907
no.eunet.diverse,no.vit.diverse,141,473,5,0.008210180623973728
no.alt.amiga,no.it.emacs,343,395,6,0.00819672131147541
no.alt.irctreff,no.alt.sjokolade,82,656,6,0.00819672131147541
no.prat.seksualitet,no.sources.list,883,101,8,0.00819672131147541
no.sources.list,no.spill.sjakk,101,145,2,0.00819672131147541
no.ai,no.test,254,6390,54,0.00819423368740516
no.alt.fan.de-lillos,no.skole.diverse,176,563,6,0.008185538881309686
no.alt.pompelog,no.vit.diverse,143,473,5,0.008183306055646482
no.alt.tegneserier,no.org.dnd,1043,66,9,0.008181818181818182
no.eunet.drift,no.slekt,135,1837,16,0.0081799591002045
no.audio,no.slekt.programmer,2493,589,25,0.008177952240758913
no.eunet.diverse,no.vitser,141,3558,30,0.008176614881439084
no.bibsys,no.eunet.drift,235,135,3,0.008174386920980926
no.alt.irctreff,no.prat.politikk,82,1152,10,0.008169934640522876
no.alt.pompel-og-pilt,no.sport.volleyball,329,165,4,0.00816326530612245
no.norsk.fagord,no.slekt.etterlysning,243,1240,12,0.008157715839564922
no.eunet.hjelp,no.marked,244,8430,70,0.008135750813575081
no.slekt.etterlysning,no.uninett.hjelp,1240,124,11,0.008130081300813009
no.alkohol,no.folklore.generelt,1192,49,10,0.008123476848090982
no.reiser,no.uninett.katalog,1050,68,9,0.008115419296663661
no.biz.diskusjoner,no.org.dnd,431,66,4,0.008113590263691683
no.audio,no.slekt.etterlysning,2493,1240,30,0.008101539292465569
no.eunet.diverse,no.it.diverse,141,606,6,0.008097165991902834
no.sport.fotball,no.tungregning,629,118,6,0.008097165991902834
no.slekt.etterlysning,no.student.samfund,1240,255,12,0.008091706001348618
no.ms-windows,no.standard,3235,129,27,0.008091099790230746
no.eunet.diverse,no.mswindow,141,358,4,0.00808080808080808
no.biz.annonser,no.folklore.generelt,2197,49,18,0.00807899461400359
no.alt.god.jul,no.biz,570,55,5,0.008064516129032258
no.prat.politikk,no.sources.list,1152,101,10,0.008045052292839904
no.org.dnd,no.unix,66,1439,12,0.008037508372404554
no.sport.fotball,no.tegnsett,629,249,7,0.008036739380022962
no.marked,no.musikk.klassisk,8430,229,69,0.008032596041909196
no.marked.jobb,no.pressemeldinger.diskusjon,2181,79,18,0.008028545941123996
no.elektronikk,no.eunet.drift,2253,135,19,0.008020261713803293
no.marked.data,no.prat.ufo,7987,327,66,0.008001939864209506
no.eunet.drift,no.norsk.fagord,135,243,3,0.008
no.org.dnd,no.video,66,942,8,0.008
no.org.efn.nyheter,no.uninett.hjelp,2,124,1,0.008
no.jus,no.sport.volleyball,1852,165,16,0.0079960019990005
no.ai,no.sport.fotball,254,629,7,0.007990867579908675
no.eunet.hjelp,no.musikk,244,3669,31,0.007985574446161773
no.marked.bil,no.tex,1423,218,13,0.007985257985257985
no.alt.motorsykler,no.it.os.os2,1690,332,16,0.007976071784646061
no.org.isoc-no,no.tele,53,2097,17,0.007969995311767463
no.uninett.drift,no.vitser,112,3558,29,0.007964844822850866
no.amiga,no.musikk.klassisk,1544,229,14,0.007959067652075043
no.bibsys,no.spill.sjakk,235,145,3,0.007957559681697613
no.alt.fan.de-lillos,no.it.os.os2,176,332,4,0.007936507936507936
no.org.dnd,no.religion,66,1585,13,0.007936507936507936
no.biz.annonser.data,no.mswindow,1548,358,15,0.007932310946589107
no.marked,no.sources.wanted,8430,218,68,0.007925407925407926
no.hobby.diverse,no.radio_tv,817,583,11,0.007919366450683946
no.net,no.velkommen,1218,55,10,0.00791765637371338
no.biz,no.prat.ufo,55,327,3,0.0079155672823219
no.folklore.generelt,no.slekt.programmer,49,589,5,0.007898894154818325
no.biz,no.psykologi,55,584,5,0.007886435331230283
no.elektronikk,no.folklore.generelt,2253,49,18,0.00788091068301226
no.alt.pompel-og-pilt,no.biz,329,55,3,0.007874015748031496
no.eunet.diverse,no.norsk.fagord,141,243,3,0.007874015748031496
no.eunet.diverse,no.prat.seksualitet,141,883,8,0.007874015748031496
no.film,no.sources.list,2587,101,21,0.007874015748031496
no.audio,no.uninett.katalog,2493,68,20,0.007870916961826053
no.biz.annonser.data,no.tungregning,1548,118,13,0.007864488808227465
no.alt.irctreff,no.religion,82,1585,13,0.007859733978234583
no.alt.pompelog,no.norsk.fagord,143,243,3,0.007832898172323759
no.eunet.drift,no.prat.politikk,135,1152,10,0.007830853563038372
no.alt.fan.de-lillos,no.slekt.etterlysning,176,1240,11,0.007829181494661922
no.alt.gledesutbrudd,no.folklore.generelt,1754,49,14,0.007825600894354388
no.alt.amiga,no.hobby.diverse,343,817,9,0.007819287576020852
no.marked.bil,no.uninett.hjelp,1423,124,12,0.007817589576547232
no.musikk.klassisk,no.slekt,229,1837,16,0.007804878048780488
no.amiga,no.eunet.drift,1544,135,13,0.0078031212484993995
no.ms-windows,no.uninett.hjelp,3235,124,26,0.007800780078007801
no.musikk.klassisk,no.telepost,229,417,5,0.0078003120124804995
no.marked.diskusjon,no.slekt.programmer,187,589,6,0.007792207792207792
no.org.decus,no.sport.fotball,18,629,5,0.00778816199376947
no.eunet.drift,no.ms-windows,135,3235,26,0.00777511961722488
no.mac,no.sport.fotball,2742,629,26,0.007772795216741405
no.biz,no.pressemeldinger,55,334,3,0.007772020725388601
no.folklore.generelt,no.sport.diverse,49,1507,12,0.007772020725388601
no.bil,no.org.isoc-no,2153,53,17,0.0077661032434901784
no.sport.fotball,no.typografi,629,280,7,0.007760532150776054
no.kultur.fritid.friluftsliv,no.sport.volleyball,95,165,2,0.007751937984496124
no.ms-windows,no.spill.sjakk,3235,145,26,0.007751937984496124
no.org.isoc-no,no.sport.diverse,53,1507,12,0.007751937984496124
no.prat.ufo,no.radio_tv,327,583,7,0.007751937984496124
no.biz.nettilbydere,no.kultur.fritid.friluftsliv,686,95,6,0.007741935483870968
no.folklore.overtro,no.test,131,6390,50,0.007726781023025807
no.audio,no.tungregning,2493,118,20,0.007719027402547279
no.bil,no.uninett.katalog,2153,68,17,0.007713248638838476
no.sources.list,no.vitser,101,3558,28,0.007711374277058662
no.it.os.os2,no.marked,332,8430,67,0.007705577918343876
no.marked.bolig,no.telepost,892,417,10,0.007698229407236336
no.alt.troll,no.uninett.hjelp,7,124,1,0.007692307692307693
no.eunet.hjelp,no.org.decus,244,18,2,0.007692307692307693
no.org.dnd,no.slekt.programmer,66,589,5,0.007692307692307693
no.org.efn.nyheter,no.standard,2,129,1,0.007692307692307693
no.sport.orientering,no.tungregning,144,118,2,0.007692307692307693
no.hobby.diverse,no.sources.list,817,101,7,0.007683863885839737
no.biz.nettilbydere,no.sources.list,686,101,6,0.0076824583866837385
no.alt.fan.de-lillos,no.ms-windows,176,3235,26,0.007680945347119645
no.spill.sjakk,no.tegnsett,145,249,3,0.0076726342710997444
no.alt.flame,no.uninett.drift,2515,112,20,0.007671653241273495
no.alt.pompelog,no.musikk,143,3669,29,0.007665873645255088
no.eunet.drift,no.reiser,135,1050,9,0.007653061224489796
no.it.os.os2,no.prat.ufo,332,327,5,0.00764525993883792
no.alt.sjokolade,no.eunet.drift,656,135,6,0.007643312101910828
no.alt.flame,no.uninett.hjelp,2515,124,20,0.007636502481863307
no.alt.radio_tv.irma1000,no.bolig,210,978,9,0.007633587786259542
no.kultur.fritid.friluftsliv,no.x,95,301,3,0.007633587786259542
no.slekt,no.spill.sjakk,1837,145,15,0.007625826131164209
no.musikk.klassisk,no.perl,229,564,6,0.007623888182973317
no.alt.radio_tv.irma1000,no.marked.diskusjon,210,187,3,0.007614213197969543
no.eunet.diverse,no.reiser,141,1050,9,0.007614213197969543
no.marked.bil,no.sport.volleyball,1423,165,12,0.007614213197969543
no.alt.amiga,no.marked.diskusjon,343,187,4,0.0076045627376425855
no.amiga,no.slekt.etterlysning,1544,1240,21,0.00760043431053203
no.marked.bil,no.x,1423,301,13,0.007597895967270602
no.alt.fan.de-lillos,no.mac,176,2742,22,0.007596685082872928
no.film,no.it.os.os2,2587,332,22,0.0075940628236106315
no.pressemeldinger.diskusjon,no.student.nett,79,452,4,0.007590132827324478
no.eunet.diverse,no.religion,141,1585,13,0.007589025102159953
no.eunet.diverse,no.pc,141,7029,54,0.007588532883642495
no.prat.aksjer,no.radio_tv,480,583,8,0.007582938388625593
no.amiga,no.org.isoc-no,1544,53,12,0.007570977917981073
no.alt.irctreff,no.multimedia,82,1383,11,0.007565337001375516
no.general,no.uninett.drift,7081,112,54,0.007564084605687071
no.spill.sjakk,no.student.samfund,145,255,3,0.007556675062972292
no.alt.radio-tv.irma-1000,no.mswindow,309,358,5,0.0075528700906344415
no.c,no.sport.volleyball,1036,165,9,0.007550335570469799
no.musikk,no.uninett.katalog,3669,68,28,0.007549204637368563
no.org.decus,no.tegnsett,18,249,2,0.007547169811320755
no.biz.annonser.data,no.slekt.programmer,1548,589,16,0.007543611504007544
no.pressemeldinger.diskusjon,no.slekt.programmer,79,589,5,0.007541478129713424
no.alt.troll,no.it.emacs,7,395,3,0.007518796992481203
no.pressemeldinger,no.uninett.katalog,334,68,3,0.007518796992481203
no.pressemeldinger.diskusjon,no.velkommen,79,55,1,0.007518796992481203
no.alt.mat,no.biz,1286,55,10,0.007513148009015778
no.ms-windows,no.tungregning,3235,118,25,0.007512019230769231
no.marked.diskusjon,no.test,187,6390,49,0.007506127450980392
no.amiga,no.uninett.katalog,1544,68,12,0.0075
no.musikk.klassisk,no.pc,229,7029,54,0.007495835646862854
no.linux,no.uninett.katalog,3024,68,23,0.007494297816878462
no.alt.fan.de-lillos,no.marked,176,8430,64,0.007492390540856942
no.org.nobug.diverse,no.radio_tv,90,583,5,0.0074850299401197605
no.alt.mat,no.it.os.os2,1286,332,12,0.007471980074719801
no.mswindow,no.student.nett,358,452,6,0.007462686567164179
no.slekt.etterlysning,no.uninett.drift,1240,112,10,0.007451564828614009
no.uninett.katalog,no.vit.diverse,68,473,4,0.0074487895716946
no.alt.fan.de-lillos,no.kultur.fritid.friluftsliv,176,95,2,0.007434944237918215
no.linux,no.musikk.klassisk,3024,229,24,0.007432641684732115
no.alt.amiga,no.it.diverse,343,606,7,0.0074309978768577496
no.biz,no.unix,55,1439,11,0.007417397167902899
no.unix,no.velkommen,1439,55,11,0.007417397167902899
no.amiga,no.mswindow,1544,358,14,0.007415254237288136
no.alt.fan.de-lillos,no.pc,176,7029,53,0.007410514541387025
no.alt.amiga,no.vit.diverse,343,473,6,0.007407407407407408
no.alt.gullkorn,no.standard,7,129,1,0.007407407407407408
no.alt.radio_tv.irma1000,no.prat.politikk,210,1152,10,0.0073964497041420114
no.alt.motorsykler,no.tex,1690,218,14,0.007391763463569166
no.bibsys,no.radio_tv,235,583,6,0.007389162561576354
no.musikk.gitar,no.pressemeldinger.diskusjon,1148,79,9,0.007389162561576354
no.musikk.klassisk,no.slekt.programmer,229,589,6,0.007389162561576354
no.pressemeldinger.diskusjon,no.sykkel,79,1148,9,0.007389162561576354
no.alt.radio_tv.irma1000,no.slekt,210,1837,15,0.0073818897637795275
no.biz,no.sources.wanted,55,218,2,0.007380073800738007
no.biz.annonser.data,no.org.nobug.diverse,1548,90,12,0.007380073800738007
no.sport.orientering,no.standard,144,129,2,0.007380073800738007
no.tex,no.velkommen,218,55,2,0.007380073800738007
no.elektronikk,no.uninett.katalog,2253,68,17,0.007378472222222222
no.film,no.spill.sjakk,2587,145,20,0.007374631268436578
no.sport.fotball,no.velkommen,629,55,5,0.007363770250368188
no.slekt,no.tex,1837,218,15,0.007352941176470588
no.alt.gledesutbrudd,no.sport.volleyball,1754,165,14,0.007349081364829396
no.folklore.overtro,no.slekt.etterlysning,131,1240,10,0.0073475385745775165
no.it.os.os2,no.sources.wanted,332,218,4,0.007326007326007326
no.it.diverse,no.mswindow,606,358,7,0.0073145245559038665
no.alt.irctreff,no.general,82,7081,52,0.007312614259597806
no.c,no.org.dnd,1036,66,8,0.007312614259597806
no.alt.motorsykler,no.sources.list,1690,101,13,0.007311586051743532
no.alt.arkiv,no.sport.fotball,199,629,6,0.0072992700729927005
no.alt.troll,no.folklore.overtro,7,131,1,0.0072992700729927005
no.ms-windows,no.pressemeldinger.diskusjon,3235,79,24,0.00729483282674772
no.reiser,no.velkommen,1050,55,8,0.007292616226071103
no.alt.pompelog,no.biz.nettilbydere,143,686,6,0.007290400972053463
no.slekt.etterlysning,no.typografi,1240,280,11,0.00728959575878065
no.biz.nettilbydere,no.sport.orientering,686,144,6,0.007281553398058253
no.norsk.fagord,no.slekt,243,1837,15,0.007263922518159807
no.norsk.fagord,no.slekt.programmer,243,589,6,0.007263922518159807
no.eunet.hjelp,no.slekt.programmer,244,589,6,0.007255139056831923
no.alt.radio_tv.irma1000,no.bil,210,2153,17,0.007246376811594203
no.kultur.fritid.friluftsliv,no.unix,95,1439,11,0.007222586999343401
no.ms-windows,no.uninett.drift,3235,112,24,0.0072223894071622025
no.test,no.vr,6390,166,47,0.007220771239821785
no.org.dnd,no.reiser,66,1050,8,0.007220216606498195
no.pressemeldinger.diskusjon,no.spill,79,2992,22,0.007215480485405051
no.prat.aksjer,no.tex,480,218,5,0.007215007215007215
no.film,no.uninett.katalog,2587,68,19,0.007207890743550834
no.prat.aksjer,no.pressemeldinger.diskusjon,480,79,4,0.007207207207207207
no.eunet.drift,no.spill.sjakk,135,145,2,0.007194244604316547
no.it.emacs,no.sport.volleyball,395,165,4,0.007194244604316547
no.alt.pompelog,no.bolig,143,978,8,0.0071877807726864335
no.pc,no.tungregning,7029,118,51,0.0071871476888387825
no.kjemi,no.kultur.fritid.friluftsliv,746,95,6,0.00718562874251497
no.alt.amiga,no.mswindow,343,358,5,0.007183908045977011
no.it.os.os2,no.musikk.klassisk,332,229,4,0.00718132854578097
no.pc,no.uninett.hjelp,7029,124,51,0.007181075753308927
no.biz,no.www,55,3452,25,0.007179781734635267
no.film,no.pressemeldinger.diskusjon,2587,79,19,0.007177937287495277
no.alt.irctreff,no.film,82,2587,19,0.007169811320754717
no.spill.sjakk,no.telepost,145,417,4,0.007168458781362007
no.alt.amiga,no.pressemeldinger.diskusjon,343,79,3,0.007159904534606206
no.havforskning,no.sport.volleyball,398,165,4,0.007155635062611807
no.musikk.klassisk,no.pressemeldinger,229,334,4,0.007155635062611807
no.bil,no.sources.list,2153,101,16,0.0071492403932082215
no.alt.troll,no.telepost,7,417,3,0.007125890736342043
no.alt.pompelog,no.slekt,143,1837,14,0.007121057985757884
no.linux,no.org.nobug.diverse,3024,90,22,0.0071151358344113845
no.embnet,no.sport.volleyball,260,165,3,0.0071090047393364926
no.eunet.hjelp,no.it.diverse,244,606,6,0.0071090047393364926
no.mswindow,no.speider,358,493,6,0.007100591715976331
no.org.isoc-no,no.radio-tv,53,2075,15,0.00709891150023663
no.alt.troll,no.eunet.drift,7,135,1,0.0070921985815602835
no.alt.sjokolade,no.biz,656,55,5,0.007082152974504249
no.alt.sjokolade,no.velkommen,656,55,5,0.007082152974504249
no.eunet.drift,no.sykkel,135,1148,9,0.00706436420722135
no.eunet.diverse,no.marked,141,8430,60,0.007049700387733521
no.bolig,no.sport.volleyball,978,165,8,0.007048458149779736
no.it.os.os2,no.musikk,332,3669,28,0.00704757110495847
no.alt.amiga,no.musikk.klassisk,343,229,4,0.007042253521126761
no.eunet.diverse,no.org.efn.nyheter,141,2,1,0.007042253521126761
no.eunet.diverse,no.spill.sjakk,141,145,2,0.007042253521126761
no.folklore.overtro,no.svar,131,12,1,0.007042253521126761
no.org.dnd,no.sport.diverse,66,1507,11,0.007042253521126761
no.folklore.generelt,no.tele,49,2097,15,0.0070389488503050214
no.alt.config,no.sport.volleyball,408,165,4,0.007029876977152899
no.musikk.gitar,no.sport.orientering,1148,144,9,0.007014809041309431
no.alt.frustrasjoner,no.tungregning,3041,118,22,0.007013069811922219
no.alt.frustrasjoner,no.uninett.hjelp,3041,124,22,0.006999681832643971
no.folklore.generelt,no.kultur.fritid.friluftsliv,49,95,1,0.006993006993006993
no.perl,no.svar,564,12,4,0.006993006993006993
no.elektronikk,no.org.isoc-no,2253,53,16,0.0069868995633187774
no.alt.god.jul,no.alt.troll,570,7,4,0.006980802792321117
no.amiga,no.it.os.os2,1544,332,13,0.006977992485238862
no.tele,no.uninett.katalog,2097,68,15,0.0069767441860465115
no.student.samfund,no.test,255,6390,46,0.006970753144415821
no.marked.diskusjon,no.slekt,187,1837,14,0.006965174129353234
no.news.drift,no.velkommen,379,55,3,0.0069605568445475635
no.alt.mat,no.sport.volleyball,1286,165,10,0.006939625260235947
no.biz.annonser.data,no.folklore.generelt,1548,49,11,0.0069356872635561164
no.litteratur,no.org.dnd,1532,66,11,0.006931316950220542
no.slekt.etterlysning,no.uninett.katalog,1240,68,9,0.006928406466512702
no.alt.fan.de-lillos,no.linux,176,3024,22,0.006922592825676526
no.pressemeldinger.diskusjon,no.vitser,79,3558,25,0.0069213732004429675
no.biz,no.prat.narkotika,55,527,4,0.006920415224913495
no.marked.data,no.nuug,7987,164,56,0.006917850525015441
no.skole.diverse,no.sport.volleyball,563,165,5,0.006915629322268326
no.kultur.fritid.friluftsliv,no.sport.diverse,95,1507,11,0.0069138906348208675
no.svar,no.typografi,12,280,2,0.006896551724137931
no.alt.radio_tv.irma1000,no.amiga,210,1544,12,0.006888633754305396
no.biz.annonser,no.spill.sjakk,2197,145,16,0.006878761822871883
no.elektronikk,no.org.nobug.diverse,2253,90,16,0.006875805758487323
no.alt.motorsykler,no.slekt.etterlysning,1690,1240,20,0.006872852233676976
no.linux,no.org.isoc-no,3024,53,21,0.0068717277486911
no.jus,no.velkommen,1852,55,13,0.006863780359028511
no.org.nobug.diverse,no.spill,90,2992,21,0.006860503103560928
no.bil,no.folklore.generelt,2153,49,15,0.006858710562414266
no.sources.wanted,no.test,218,6390,45,0.006856620447965869
no.alt.amiga,no.biz.nettilbydere,343,686,7,0.00684931506849315
no.org.decus,no.standard,18,129,1,0.00684931506849315
no.elektronikk,no.sources.list,2253,101,16,0.006843455945252352
no.alt.amiga,no.marked.bil,343,1423,12,0.0068415051311288486
no.pressemeldinger.diskusjon,no.slekt,79,1837,13,0.006831318970047294
no.alt.motorsykler,no.pressemeldinger.diskusjon,1690,79,12,0.006829823562891292
no.alt.frustrasjoner,no.biz,3041,55,21,0.006829268292682927
no.it.os.os2,no.religion,332,1585,13,0.006827731092436975
no.hobby.diverse,no.uninett.katalog,817,68,6,0.006825938566552901
no.musikk.klassisk,no.org.dnd,229,66,2,0.006825938566552901
no.folklore.overtro,no.marked,131,8430,58,0.006821121956956369
no.sport.fotball,no.unix,629,1439,14,0.006815968841285297
no.alt.radio-tv.irma-1000,no.eunet.drift,309,135,3,0.006802721088435374
no.alt.troll,no.eunet.diverse,7,141,1,0.006802721088435374
no.eunet.hjelp,no.video,244,942,8,0.006791171477079796
no.alt.mat,no.folklore.generelt,1286,49,9,0.006787330316742082
no.mac,no.pressemeldinger.diskusjon,2742,79,19,0.006780870806566738
no.alt.tegneserier,no.spill.sjakk,1043,145,8,0.006779661016949152
no.folklore.generelt,no.unix,49,1439,10,0.006765899864682003
no.alt.gledesutbrudd,no.it.os.os2,1754,332,14,0.006756756756756757
no.alt.mat,no.velkommen,1286,55,9,0.006756756756756757
no.biz.diskusjoner,no.sport.volleyball,431,165,4,0.006756756756756757
no.biz,no.religion,55,1585,11,0.006752608962553714
no.alt.pompelog,no.reiser,143,1050,8,0.006751054852320675
no.bolig,no.org.dnd,978,66,7,0.006750241080038573
no.marked.data,no.sources.wanted,7987,218,55,0.006748466257668712
no.marked.data,no.tex,7987,218,55,0.006748466257668712
no.biz,no.eunet.hjelp,55,244,2,0.006734006734006734
no.alt.flame,no.prat.aksjer,2515,480,20,0.0067226890756302525
no.alt.pompelog,no.it.diverse,143,606,5,0.006720430107526882
no.marked.jobb,no.org.dnd,2181,66,15,0.006720430107526882
no.media,no.sport.volleyball,734,165,6,0.006718924972004479
no.alt.pompelog,no.alt.troll,143,7,1,0.006711409395973154
no.biz,no.kultur.fritid.friluftsliv,55,95,1,0.006711409395973154
no.mail.diverse,no.velkommen,995,55,7,0.006711409395973154
no.mswindow,no.norsk.fagord,358,243,4,0.006700167504187605
no.eunet.drift,no.marked,135,8430,57,0.006699576868829337
no.medisin,no.sport.volleyball,1038,165,8,0.0066945606694560665
no.musikk.klassisk,no.test,229,6390,44,0.0066920152091254756
no.alt.motorsykler,no.tungregning,1690,118,12,0.0066815144766146995
no.pressemeldinger,no.tungregning,334,118,3,0.0066815144766146995
no.biz.nettilbydere,no.uninett.katalog,686,68,5,0.006675567423230975
no.marked.data,no.vr,7987,166,54,0.006667489813557229
no.alt.irctreff,no.uninett.skole,82,522,4,0.006666666666666667
no.uninett.katalog,no.vitser,68,3558,24,0.006662965019433648
no.marked.bil,no.org.nobug.diverse,1423,90,10,0.00665335994677312
no.alt.radio-tv.irma-1000,no.spill.sjakk,309,145,3,0.0066518847006651885
no.alt.diskusjoner,no.velkommen,2368,55,16,0.006647278770253427
no.sport.fotball,no.standard,629,129,5,0.006640106241699867
no.pc,no.uninett.drift,7029,112,47,0.006625317169438962
no.biz.annonser.data,no.uninett.hjelp,1548,124,11,0.006622516556291391
no.folklore.overtro,no.sport.fotball,131,629,5,0.006622516556291391
no.kultur.fritid.friluftsliv,no.stortinget,95,665,5,0.006622516556291391
no.radio-tv,no.velkommen,2075,55,14,0.006616257088846881
no.org.efn.diskusjon,no.svar,446,12,3,0.006593406593406593
no.alt.flame,no.alt.irctreff,2515,82,17,0.006589147286821705
no.org.dnd,no.www,66,3452,23,0.006580829756795422
no.irc,no.velkommen,1475,55,10,0.006578947368421052
no.mswindow,no.sources.list,358,101,3,0.006578947368421052
no.alt.amiga,no.prat.seksualitet,343,883,8,0.006568144499178982
no.mswindow,no.student.samfund,358,255,4,0.006568144499178982
no.it.os.os2,no.reiser,332,1050,9,0.0065549890750182084
no.org.efn.diskusjon,no.sport.fotball,446,629,7,0.006554307116104869
no.folklore.generelt,no.linux,49,3024,20,0.006550933508024894
no.alt.irc-treff,no.sport.volleyball,296,165,3,0.006550218340611353
no.slekt.etterlysning,no.sport.orientering,1240,144,9,0.006545454545454545
no.alt.gullkorn,no.x,7,301,2,0.006535947712418301
no.marked.bil,no.tungregning,1423,118,10,0.006531678641410843
no.it.diverse,no.sport.volleyball,606,165,5,0.006527415143603133
no.kultur.fritid.friluftsliv,no.www,95,3452,23,0.0065266742338251985
no.alt.troll,no.lisp,7,302,2,0.006514657980456026
no.embnet,no.mswindow,260,358,4,0.006514657980456026
no.it.diverse,no.svar,606,12,4,0.006514657980456026
no.kultur.fritid.friluftsliv,no.radio-tv,95,2075,14,0.006493506493506494
no.radio_tv,no.uninett.fik,583,37,4,0.006493506493506494
no.biz.annonser,no.eunet.drift,2197,135,15,0.006473888649115235
no.kultur.fritid.friluftsliv,no.prat.narkotika,95,527,4,0.006472491909385114
no.spill.sjakk,no.vr,145,166,2,0.006472491909385114
no.biz.annonser.data,no.sport.volleyball,1548,165,11,0.006462984723854289
no.alt.flame,no.eunet.drift,2515,135,17,0.006456513482719331
no.alt.radio_tv.irma1000,no.medisin,210,1038,8,0.0064516129032258064
no.medisin,no.velkommen,1038,55,7,0.006445672191528545
no.alt.flame,no.eunet.diverse,2515,141,17,0.006441834028040924
no.alt.irctreff,no.musikk,82,3669,24,0.006439495572846793
no.alt.katter,no.sport.volleyball,774,165,6,0.006430868167202572
no.alt.pompelog,no.prat.ufo,143,327,3,0.006423982869379015
no.alt.frustrasjoner,no.kultur.fritid.friluftsliv,3041,95,20,0.006418485237483954
no.hobby.diverse,no.uninett.hjelp,817,124,6,0.006417112299465241
no.lisp,no.svar,302,12,2,0.00641025641025641
no.spill.sjakk,no.svar,145,12,1,0.00641025641025641
no.alt.frustrasjoner,no.sources.list,3041,101,20,0.0064061499039077515
no.org.dnd,no.skole.diverse,66,563,4,0.0064
no.biz,no.telepost,55,417,3,0.006396588486140725
no.alt.radio_tv.irma1000,no.reiser,210,1050,8,0.006389776357827476
no.media,no.velkommen,734,55,5,0.006377551020408163
no.biz,no.reiser,55,1050,7,0.006375227686703097
no.alt.radio-tv.irma-1000,no.alt.troll,309,7,2,0.006369426751592357
no.kultur.fritid.friluftsliv,no.news.drift,95,379,3,0.006369426751592357
no.org.dnd,no.prat.seksualitet,66,883,6,0.006362672322375398
no.linux,no.spill.sjakk,3024,145,20,0.006351222610352493
no.marked,no.standard,8430,129,54,0.006349206349206349
no.eunet.drift,no.hobby.diverse,135,817,6,0.006342494714587738
no.audio,no.folklore.generelt,2493,49,16,0.006334125098970704
no.alt.irctreff,no.sport.diverse,82,1507,10,0.006333122229259025
no.org.isoc-no,no.radio_tv,53,583,4,0.006329113924050633
no.sport.fotball,no.vr,629,166,5,0.006329113924050633
no.folklore.generelt,no.marked.jobb,49,2181,14,0.00631768953068592
no.amiga,no.folklore.generelt,1544,49,10,0.006317119393556538
no.org.isoc-no,no.www,53,3452,22,0.006316393913293138
no.alt.fan.de-lillos,no.alt.pompelog,176,143,2,0.006309148264984227
no.marked.bolig,no.org.dnd,892,66,6,0.0063025210084033615
no.lisp,no.org.decus,302,18,2,0.006289308176100629
no.radio-tv,no.sport.volleyball,2075,165,14,0.006289308176100629
no.bil,no.org.nobug.diverse,2153,90,14,0.006280843427545985
no.general,no.spill.sjakk,7081,145,45,0.006266536694053753
no.alt.mat.drikke,no.sport.orientering,659,144,5,0.006265664160401002
no.alt.irctreff,no.pressemeldinger.diskusjon,82,79,1,0.00625
no.eunet.hjelp,no.prat.seksualitet,244,883,7,0.00625
no.org.nobug.diverse,no.www,90,3452,22,0.00625
no.eunet.diverse,no.sykkel,141,1148,8,0.00624512099921936
no.folklore.generelt,no.slekt.etterlysning,49,1240,8,0.00624512099921936
no.c,no.kultur.fritid.friluftsliv,1036,95,7,0.006227758007117438
no.svar,no.vit.diverse,12,473,3,0.006224066390041493
no.biz.annonser,no.uninett.katalog,2197,68,14,0.006219458018658374
no.sport.orientering,no.stortinget,144,665,5,0.006218905472636816
no.biz.diskusjoner,no.velkommen,431,55,3,0.006211180124223602
no.eunet.hjelp,no.norsk.fagord,244,243,3,0.006198347107438017
no.mswindow,no.video,358,942,8,0.006191950464396285
no.test,no.tungregning,6390,118,40,0.006184291898577613
no.alt.flame,no.org.nobug.diverse,2515,90,16,0.006179992275009656
no.org.dnd,no.slekt.etterlysning,66,1240,8,0.0061633281972265025
no.alt.radio_tv.irma1000,no.typografi,210,280,3,0.006160164271047228
no.it.emacs,no.kultur.fritid.friluftsliv,395,95,3,0.006160164271047228
no.folklore.generelt,no.radio-tv,49,2075,13,0.006158218853623875
no.amiga,no.org.nobug.diverse,1544,90,10,0.006157635467980296
no.musikk,no.org.nobug.diverse,3669,90,23,0.006156316916488222
no.musikk,no.sources.list,3669,101,23,0.006138243928476114
no.prat.aksjer,no.svar,480,12,3,0.006134969325153374
no.prat.ufo,no.sport.volleyball,327,165,3,0.006134969325153374
no.kultur.fritid.friluftsliv,no.net,95,1218,8,0.006130268199233717
no.biz.annonser,no.sources.list,2197,101,14,0.006129597197898424
no.alt.diskusjoner,no.kultur.fritid.friluftsliv,2368,95,15,0.006127450980392157
no.amiga,no.sources.list,1544,101,10,0.0061162079510703364
no.nuug,no.sport.volleyball,164,165,2,0.0061162079510703364
no.alt.flame,no.tungregning,2515,118,16,0.00611387084447841
no.kultur.fritid.friluftsliv,no.perl,95,564,4,0.0061068702290076335
no.biz,no.elektronikk,55,2253,14,0.006102877070619006
no.alt.pompelog,no.marked,143,8430,52,0.006102570120877831
no.biz.annonser.data,no.sources.list,1548,101,10,0.006101281269066504
no.norsk.fagord,no.radio_tv,243,583,5,0.0060901339829476245
no.eunet.drift,no.musikk,135,3669,23,0.006083046813012431
no.ef,no.kultur.fritid.friluftsliv,567,95,4,0.0060790273556231
no.eunet.drift,no.prat.narkotika,135,527,4,0.0060790273556231
no.alt.sjokolade,no.alt.troll,656,7,4,0.006069802731411229
no.alt.katter,no.biz,774,55,5,0.006067961165048544
no.org.nobug.diverse,no.vitser,90,3558,22,0.006067291781577496
no.nuug,no.org.efn.nyheter,164,2,1,0.006060606060606061
no.org.dnd,no.tele,66,2097,13,0.0060465116279069765
no.alt.mat.drikke,no.alt.troll,659,7,4,0.006042296072507553
no.mac,no.org.nobug.diverse,2742,90,17,0.006039076376554174
no.eunet.hjelp,no.marked.bil,244,1423,10,0.006035003017501509
no.test,no.uninett.drift,6390,112,39,0.006034349373356026
no.kultur.fritid.friluftsliv,no.slekt.etterlysning,95,1240,8,0.006028636021100226
no.biz,no.uninett.drift,55,112,1,0.006024096385542169
no.org.efn.diskusjon,no.velkommen,446,55,3,0.006024096385542169
no.radio_tv,no.slekt.programmer,583,589,7,0.006008583690987125
no.kryptografi,no.sport.orientering,359,144,3,0.006
no.prat.narkotika,no.sport.orientering,527,144,4,0.005997001499250375
no.mail.diverse,no.svar,995,12,6,0.005994005994005994
no.alt.troll,no.stortinget,7,665,4,0.005988023952095809
no.org.efn.nyheter,no.vr,2,166,1,0.005988023952095809
no.it.os.os2,no.test,332,6390,40,0.00598623166716552
no.biz,no.norsk,55,1963,12,0.005982053838484547
no.norsk,no.velkommen,1963,55,12,0.005982053838484547
no.kultur.fritid.friluftsliv,no.tele,95,2097,13,0.005966039467645709
no.alt.motorsykler,no.vr,1690,166,11,0.005962059620596206
no.skole.diverse,no.uninett.drift,563,112,4,0.005961251862891207
no.student.nett,no.velkommen,452,55,3,0.005952380952380952
no.marked.bil,no.sources.list,1423,101,9,0.005940594059405941
no.sport.fotball,no.tex,629,218,5,0.0059382422802850355
no.folklore.generelt,no.sport.fotball,49,629,4,0.005934718100890208
no.marked,no.tex,8430,218,51,0.005932301965802024
no.folklore.edb,no.sport.fotball,219,629,5,0.005931198102016607
no.alkohol,no.sport.volleyball,1192,165,8,0.005930318754633061
no.alt.troll,no.pressemeldinger,7,334,2,0.0058997050147492625
no.alt.irctreff,no.mail.drift,82,430,3,0.005893909626719057
no.alt.radio_tv.irma1000,no.vit.diverse,210,473,4,0.005891016200294551
no.slekt.etterlysning,no.x,1240,301,9,0.00587467362924282
no.marked.jobb,no.org.isoc-no,2181,53,13,0.00585321927059883
no.alt.frustrasjoner,no.velkommen,3041,55,18,0.005847953216374269
no.alt.irctreff,no.uninett.diverse,82,262,2,0.005847953216374269
no.biz,no.marked.jobb,55,2181,13,0.005847953216374269
no.eunet.drift,no.uninett.fik,135,37,1,0.005847953216374269
no.kultur.fritid.friluftsliv,no.tegnsett,95,249,2,0.005847953216374269
no.norsk.fagord,no.sources.list,243,101,2,0.005847953216374269
no.alt.flame,no.uninett.katalog,2515,68,15,0.005841121495327103
no.marked.bil,no.standard,1423,129,9,0.005832793259883344
no.alt.frustrasjoner,no.org.dnd,3041,66,18,0.005827128520556815
no.spill.rollespill,no.telepost,447,417,5,0.005820721769499418
no.net,no.sport.volleyball,1218,165,8,0.005818181818181818
no.religion,no.sport.orientering,1585,144,10,0.005817335660267597
no.alt.gullkorn,no.vr,7,166,1,0.005813953488372093
no.tungregning,no.velkommen,118,55,1,0.005813953488372093
no.radio_tv,no.sport.fotball,583,629,7,0.005809128630705394
no.biz,no.ms-windows,55,3235,19,0.005808621216753286
no.alt.irctreff,no.vitser,82,3558,21,0.005802707930367505
no.musikk,no.spill.sjakk,3669,145,22,0.0058016877637130804
no.biz,no.sport.diverse,55,1507,9,0.005795235028976175
no.marked.diskusjon,no.pressemeldinger,187,334,3,0.005791505791505791
no.alt.fan.de-lillos,no.marked.data,176,7987,47,0.005791030064070971
no.alt.katter,no.kultur.fritid.friluftsliv,774,95,5,0.005787037037037037
no.kultur.fritid.friluftsliv,no.pressemeldinger.diskusjon,95,79,1,0.005780346820809248
no.sport.fotball,no.uninett.katalog,629,68,4,0.005772005772005772
no.marked,no.uninett.drift,8430,112,49,0.005769457200047097
no.alt.radio_tv.irma1000,no.marked.data,210,7987,47,0.005766871165644172
no.biz.nettilbydere,no.svar,686,12,4,0.005763688760806916
no.mswindow,no.vr,358,166,3,0.005758157389635317
no.pc,no.spill.sjakk,7029,145,41,0.00574793214636198
no.it.os.os2,no.org.decus,332,18,2,0.005747126436781609
no.biz.diskusjoner,no.kultur.fritid.friluftsliv,431,95,3,0.0057361376673040155
no.velkommen,no.www,55,3452,20,0.005735589331803843
no.mac,no.org.dnd,2742,66,16,0.0057306590257879654
no.stortinget,no.uninett.fik,665,37,4,0.0057306590257879654
no.alt.irctreff,no.sykkel,82,1148,7,0.005723630417007359
no.eunet.drift,no.vitser,135,3558,21,0.005718954248366013
no.uninett.katalog,no.www,68,3452,20,0.005714285714285714
no.biz,no.litteratur,55,1532,9,0.005703422053231939
no.folklore.generelt,no.prat.aksjer,49,480,3,0.005703422053231939
no.folklore.overtro,no.marked.data,131,7987,46,0.005698711595639247
no.hobby.diverse,no.org.dnd,817,66,5,0.0056947608200455585
no.it.diverse,no.sources.list,606,101,4,0.005689900426742532
no.eunet.hjelp,no.hobby.diverse,244,817,6,0.005687203791469194
no.mswindow,no.prat.narkotika,358,527,5,0.005681818181818182
no.norsk,no.sport.volleyball,1963,165,12,0.005671077504725898
no.embnet,no.kultur.fritid.friluftsliv,260,95,2,0.0056657223796034
no.amiga,no.biz,1544,55,9,0.005660377358490566
no.ef,no.sport.orientering,567,144,4,0.005657708628005658
no.eunet.diverse,no.uninett.fik,141,37,1,0.005649717514124294
no.svar,no.vr,12,166,1,0.005649717514124294
no.musikk,no.pressemeldinger.diskusjon,3669,79,21,0.005634558626240944
no.alt.mat.drikke,no.velkommen,659,55,4,0.005633802816901409
no.amiga,no.org.dnd,1544,66,9,0.005621486570893191
no.alt.amiga,no.ms-windows,343,3235,20,0.005621135469364812
no.uninett.hjelp,no.velkommen,124,55,1,0.0056179775280898875
no.alt.radio_tv.irma1000,no.biz.nettilbydere,210,686,5,0.005611672278338945
no.eunet.hjelp,no.vit.diverse,244,473,4,0.005610098176718092
no.biz,no.tele,55,2097,12,0.005607476635514018
no.tele,no.velkommen,2097,55,12,0.005607476635514018
no.eunet.diverse,no.tex,141,218,2,0.0056022408963585435
no.general,no.tungregning,7081,118,40,0.0055873725380639755
no.general,no.uninett.hjelp,7081,124,40,0.005582693649685973
no.amiga,no.pressemeldinger.diskusjon,1544,79,9,0.0055762081784386614
no.havforskning,no.sport.orientering,398,144,3,0.0055658627087198514
no.alt.gledesutbrudd,no.biz,1754,55,10,0.005558643690939411
no.alt.diskusjoner,no.sport.volleyball,2368,165,14,0.0055577610162763
no.havforskning,no.spill.sjakk,398,145,3,0.005555555555555556
no.kultur.fritid.friluftsliv,no.sport.fotball,95,629,4,0.005555555555555556
no.sport.orientering,no.tex,144,218,2,0.005555555555555556
no.eunet.drift,no.test,135,6390,36,0.005547850208044383
no.folklore.edb,no.sport.orientering,219,144,2,0.00554016620498615
no.alt.amiga,no.slekt,343,1837,12,0.005535055350553505
no.audio,no.org.isoc-no,2493,53,14,0.005529225908372828
no.org.dnd,no.prat.aksjer,66,480,3,0.0055248618784530384
no.psykologi,no.sport.orientering,584,144,4,0.0055248618784530384
no.kjemi,no.sport.volleyball,746,165,5,0.005518763796909493
no.religion,no.velkommen,1585,55,9,0.005518087063151441
no.perl,no.sport.volleyball,564,165,4,0.005517241379310344
no.eunet.diverse,no.slekt.programmer,141,589,4,0.005509641873278237
no.marked.data,no.musikk.klassisk,7987,229,45,0.005507281850446702
no.pc,no.sources.list,7029,101,39,0.005499929488083486
no.alt.fan.de-lillos,no.alt.gullkorn,176,7,1,0.005494505494505495
no.alt.fan.de-lillos,no.slekt,176,1837,11,0.005494505494505495
no.alt.tegneserier,no.biz,1043,55,6,0.005494505494505495
no.alt.tegneserier,no.velkommen,1043,55,6,0.005494505494505495
no.alt.flame,no.biz,2515,55,14,0.005477308294209703
no.alt.config,no.sport.orientering,408,144,3,0.00546448087431694
no.audio,no.org.nobug.diverse,2493,90,14,0.005449591280653951
no.ms-windows,no.org.nobug.diverse,3235,90,18,0.005442999697611128
no.eunet.diverse,no.musikk.klassisk,141,229,2,0.005434782608695652
no.prat.politikk,no.sport.orientering,1152,144,7,0.005430566330488751
no.it.os.os2,no.vitser,332,3558,21,0.005427759110881365
no.eunet.drift,no.it.diverse,135,606,4,0.005427408412483039
no.folklore.overtro,no.velkommen,131,55,1,0.005405405405405406
no.sport.fotball,no.x,629,301,5,0.005405405405405406
no.test,no.uninett.hjelp,6390,124,35,0.005402068220404383
no.alt.amiga,no.slekt.programmer,343,589,5,0.005393743257820928
no.sources.list,no.www,101,3452,19,0.005376344086021506
no.alt.amiga,no.folklore.edb,343,219,3,0.005366726296958855
no.biz.annonser,no.org.isoc-no,2197,53,12,0.005361930294906166
no.it.diverse,no.sport.orientering,606,144,4,0.005361930294906166
no.kultur.fritid.friluftsliv,no.typografi,95,280,2,0.005361930294906166
no.amiga,no.spill.sjakk,1544,145,9,0.005357142857142857
no.biz.annonser.data,no.eunet.diverse,1548,141,9,0.005357142857142857
no.ms-windows,no.sport.orientering,3235,144,18,0.005355548943766736
no.alt.radio_tv.irma1000,no.vr,210,166,2,0.0053475935828877
no.eunet.drift,no.org.isoc-no,135,53,1,0.0053475935828877
no.kryptografi,no.org.decus,359,18,2,0.005333333333333333
no.alt.irctreff,no.marked.jobb,82,2181,12,0.0053309640159928924
no.eunet.drift,no.marked.data,135,7987,43,0.0053224408961505135
no.org.isoc-no,no.slekt,53,1837,10,0.005319148936170213
no.eunet.hjelp,no.marked.bolig,244,892,6,0.005309734513274336
no.film,no.org.dnd,2587,66,14,0.005305039787798408
no.mail.diverse,no.sport.orientering,995,144,6,0.00529567519858782
no.news.diverse,no.svar,1893,12,10,0.005277044854881266
no.kultur.fritid.friluftsliv,no.reiser,95,1050,6,0.0052677787532923615
no.multimedia,no.spill.sjakk,1383,145,8,0.005263157894736842
no.sources.list,no.vit.diverse,101,473,3,0.005253940455341506
no.alt.radio_tv.irma1000,no.ms-windows,210,3235,18,0.005252407353370295
no.folklore.generelt,no.pressemeldinger,49,334,2,0.005249343832020997
no.kultur.fritid.friluftsliv,no.prat.aksjer,95,480,3,0.005244755244755245
no.standard,no.test,129,6390,34,0.005242868157286045
no.alt.radio_tv.irma1000,no.video,210,942,6,0.005235602094240838
no.alt.irctreff,no.spill,82,2992,16,0.005232177894048398
no.biz,no.linux,55,3024,16,0.005223636957231472
no.it.os.os2,no.org.isoc-no,332,53,2,0.005221932114882507
no.alt.troll,no.news.drift,7,379,2,0.005208333333333333
no.alt.mat,no.org.dnd,1286,66,7,0.0052044609665427505
no.elektronikk,no.org.dnd,2253,66,12,0.005201560468140442
no.alt.motorsykler,no.biz,1690,55,9,0.005184331797235023
no.alt.flame,no.slekt.programmer,2515,589,16,0.0051813471502590676
no.alt.irctreff,no.uninett.drift,82,112,1,0.0051813471502590676
no.religion,no.sport.volleyball,1585,165,9,0.005169442848937392
no.folklore.generelt,no.www,49,3452,18,0.00516795865633075
no.alt.katter,no.alt.troll,774,7,4,0.005148005148005148
no.alt.amiga,no.norsk.fagord,343,243,3,0.005145797598627788
no.kultur.fritid.friluftsliv,no.sources.list,95,101,1,0.005128205128205128
no.biz.annonser.data,no.telepost,1548,417,10,0.005115089514066497
no.biz.annonser,no.sport.volleyball,2197,165,12,0.005106382978723404
no.medisin,no.sport.orientering,1038,144,6,0.00510204081632653
no.it.os.os2,no.slekt,332,1837,11,0.005097312326227989
no.alt.amiga,no.medisin,343,1038,7,0.005094614264919942
no.pc,no.pressemeldinger.diskusjon,7029,79,36,0.005090497737556561
no.alt.amiga,no.spill.rollespill,343,447,4,0.005089058524173028
no.bibsys,no.mswindow,235,358,3,0.005084745762711864
no.alt.tegneserier,no.sport.orientering,1043,144,6,0.005080440304826418
no.marked.data,no.standard,7987,129,41,0.005077399380804953
no.alt.amiga,no.org.isoc-no,343,53,2,0.005076142131979695
no.alt.amiga,no.test,343,6390,34,0.005075384385729213
no.kultur.fritid.friluftsliv,no.lisp,95,302,2,0.005063291139240506
no.sport.orientering,no.student.nett,144,452,3,0.00505902192242833
no.alt.amiga,no.student.nett,343,452,4,0.0050568900126422255
no.ai,no.sport.orientering,254,144,2,0.005050505050505051
no.alt.amiga,no.biz,343,55,2,0.005050505050505051
no.linux,no.sport.volleyball,3024,165,16,0.005042546485975417
no.biz,no.video,55,942,5,0.005040322580645161
no.general,no.sources.list,7081,101,36,0.005037783375314861
no.sport.orientering,no.student.samfund,144,255,2,0.005037783375314861
no.mac,no.org.isoc-no,2742,53,14,0.005034160373966199
no.alt.sjokolade,no.sport.orientering,656,144,4,0.005025125628140704
no.ms-windows,no.sport.volleyball,3235,165,17,0.005025125628140704
no.spill.sjakk,no.velkommen,145,55,1,0.005025125628140704
no.alt.gullkorn,no.it.emacs,7,395,2,0.005
no.nuug,no.uninett.fik,164,37,1,0.005
no.alt.radio_tv.irma1000,no.it.emacs,210,395,3,0.0049833887043189366
no.radio-tv,no.sport.orientering,2075,144,11,0.004981884057971014
no.eunet.hjelp,no.skole.diverse,244,563,4,0.0049813200498132005
no.musikk.gitar,no.org.dnd,1148,66,6,0.004966887417218543
no.marked.data,no.uninett.drift,7987,112,40,0.004963394962154114
no.folklore.generelt,no.spill,49,2992,15,0.00495703899537343
no.alt.irctreff,no.prat.narkotika,82,527,3,0.0049504950495049506
no.sport.orientering,no.uninett.diverse,144,262,2,0.0049504950495049506
no.film,no.org.isoc-no,2587,53,13,0.0049486105824134
no.alt.flame,no.it.os.os2,2515,332,14,0.004941757853865161
no.it.emacs,no.svar,395,12,2,0.0049382716049382715
no.eunet.drift,no.prat.seksualitet,135,883,5,0.004935834155972359
no.marked.diskusjon,no.slekt.etterlysning,187,1240,7,0.004929577464788733
no.norsk.fagord,no.sport.volleyball,243,165,2,0.0049261083743842365
no.spill.rollespill,no.sport.volleyball,447,165,3,0.0049261083743842365
no.pressemeldinger.diskusjon,no.video,79,942,5,0.004921259842519685
no.alt.flame,no.spill.sjakk,2515,145,13,0.004911220249338874
no.general,no.org.nobug.diverse,7081,90,35,0.0049047085201793725
no.irc,no.sport.volleyball,1475,165,8,0.004901960784313725
no.marked.diskusjon,no.org.decus,187,18,1,0.004901960784313725
no.multimedia,no.velkommen,1383,55,7,0.004891684136967156
no.mswindow,no.org.isoc-no,358,53,2,0.004889975550122249
no.hobby.diverse,no.telepost,817,417,6,0.004885993485342019
no.kultur.fritid.friluftsliv,no.norsk,95,1963,10,0.0048828125
no.alt.arkiv,no.alt.troll,199,7,1,0.004878048780487805
no.radio_tv,no.spill.rollespill,583,447,5,0.004878048780487805
no.alt.frustrasjoner,no.org.isoc-no,3041,53,15,0.004871711594673595
no.ms-windows,no.org.dnd,3235,66,16,0.004870624048706241
no.perl,no.velkommen,564,55,3,0.00487012987012987
no.biz,no.mswindow,55,358,2,0.004866180048661801
no.it.emacs,no.org.decus,395,18,2,0.004866180048661801
no.eunet.diverse,no.marked.bolig,141,892,5,0.0048638132295719845
no.alt.pompelog,no.marked.bolig,143,892,5,0.0048543689320388345
no.eunet.diverse,no.org.dnd,141,66,1,0.0048543689320388345
no.kryptografi,no.velkommen,359,55,2,0.0048543689320388345
no.marked.bolig,no.sport.orientering,892,144,5,0.004849660523763337
no.alt.katter,no.velkommen,774,55,4,0.0048484848484848485
no.svar,no.unix,12,1439,7,0.004847645429362881
no.ef,no.velkommen,567,55,3,0.004846526655896607
no.alt.config,no.alt.gullkorn,408,7,2,0.004842615012106538
no.alt.god.jul,no.velkommen,570,55,3,0.00482315112540193
no.marked,no.tungregning,8430,118,41,0.004819560362054778
no.alt.pompelog,no.bil,143,2153,11,0.004814004376367615
no.alt.pompelog,no.org.dnd,143,66,1,0.004807692307692308
no.ai,no.sport.volleyball,254,165,2,0.004796163069544364
no.litteratur,no.sport.orientering,1532,144,8,0.004796163069544364
no.musikk.klassisk,no.slekt.etterlysning,229,1240,7,0.0047879616963064295
no.alt.tegneserier,no.alt.troll,1043,7,5,0.004784688995215311
no.folklore.generelt,no.marked.bil,49,1423,7,0.00477815699658703
no.bil,no.sport.volleyball,2153,165,11,0.004768097095795405
no.alt.irctreff,no.standard,82,129,1,0.004761904761904762
no.eunet.diverse,no.ms-windows,141,3235,16,0.004761904761904762
no.alt.pompelog,no.ms-windows,143,3235,16,0.004759071980963712
no.film,no.sport.volleyball,2587,165,13,0.004746257758305951
no.alt.pompel-og-pilt,no.kultur.fritid.friluftsliv,329,95,2,0.004739336492890996
no.mswindow,no.org.dnd,358,66,2,0.004739336492890996
no.sport.orientering,no.typografi,144,280,2,0.004739336492890996
no.sport.orientering,no.uninett.katalog,144,68,1,0.004739336492890996
no.org.isoc-no,no.vitser,53,3558,17,0.0047301057317751805
no.alt.config,no.org.decus,408,18,2,0.0047169811320754715
no.biz,no.radio-tv,55,2075,10,0.0047169811320754715
no.mswindow,no.uninett.katalog,358,68,2,0.0047169811320754715
no.biz.annonser.data,no.radio_tv,1548,583,10,0.004714757190004715
no.alt.amiga,no.prat.politikk,343,1152,7,0.004704301075268817
no.alt.flame,no.org.isoc-no,2515,53,12,0.004694835680751174
no.alt.radio_tv.irma1000,no.tex,210,218,2,0.004694835680751174
no.folklore.generelt,no.sport.volleyball,49,165,1,0.004694835680751174
no.audio,no.pressemeldinger.diskusjon,2493,79,12,0.0046875
no.alkohol,no.kultur.fritid.friluftsliv,1192,95,6,0.00468384074941452
no.svar,no.telepost,12,417,2,0.00468384074941452
no.marked.bil,no.pressemeldinger.diskusjon,1423,79,7,0.0046822742474916385
no.folklore.generelt,no.mac,49,2742,13,0.004679625629949604
no.eunet.hjelp,no.marked.diskusjon,244,187,2,0.004662004662004662
no.kultur.fritid.friluftsliv,no.marked.bil,95,1423,7,0.004632693580410324
no.alt.arkiv,no.org.decus,199,18,1,0.004629629629629629
no.alt.pompelog,no.video,143,942,5,0.004629629629629629
no.alt.motorsykler,no.folklore.generelt,1690,49,8,0.00462160600808781
no.spill.sjakk,no.video,145,942,5,0.0046210720887245845
no.hobby.diverse,no.org.isoc-no,817,53,4,0.004618937644341801
no.pressemeldinger,no.sources.list,334,101,2,0.004618937644341801
no.org.nobug.diverse,no.skole.diverse,90,563,3,0.004615384615384616
no.elektronikk,no.spill.sjakk,2253,145,11,0.004608294930875576
no.hobby.diverse,no.velkommen,817,55,4,0.004608294930875576
no.alt.radio_tv.irma1000,no.biz.annonser,210,2197,11,0.004590984974958264
no.alt.troll,no.biz.diskusjoner,7,431,2,0.0045871559633027525
no.fritid.spill.rollespill,no.tex,1,218,1,0.0045871559633027525
no.marked,no.uninett.hjelp,8430,124,39,0.004580152671755725
no.media,no.sport.orientering,734,144,4,0.004576659038901602
no.org.efn.nyheter,no.sources.wanted,2,218,1,0.0045662100456621
no.ms-windows,no.uninett.katalog,3235,68,15,0.004562043795620438
no.alt.radio_tv.irma1000,no.marked.bolig,210,892,5,0.004557885141294439
no.biz,no.vr,55,166,1,0.004545454545454545
no.sport.volleyball,no.video,165,942,5,0.004537205081669692
no.alt.radio_tv.irma1000,no.svar,210,12,1,0.004524886877828055
no.folklore.overtro,no.marked.bil,131,1423,7,0.004524886877828055
no.it.os.os2,no.pressemeldinger,332,334,3,0.004524886877828055
no.ms-windows,no.sources.list,3235,101,15,0.004516711833785004
no.slekt,no.sport.volleyball,1837,165,9,0.004515805318615153
no.org.nobug.diverse,no.pc,90,7029,32,0.0045153097220262456
no.alt.radio_tv.irma1000,no.bibsys,210,235,2,0.004514672686230248
no.kjemi,no.sport.orientering,746,144,4,0.004514672686230248
no.alkohol,no.sport.orientering,1192,144,6,0.004511278195488722
no.eunet.diverse,no.prat.narkotika,141,527,3,0.004511278195488722
no.marked.bil,no.radio_tv,1423,583,9,0.004506760140210316
no.alt.amiga,no.prat.ufo,343,327,3,0.004497751124437781
no.eunet.diverse,no.marked.bil,141,1423,7,0.00449582530507386
no.alt.mat.drikke,no.svar,659,12,3,0.004491017964071856
no.marked,no.pressemeldinger.diskusjon,8430,79,38,0.004485893046865777
no.alt.irctreff,no.medisin,82,1038,5,0.004484304932735426
no.biz.annonser.data,no.eunet.hjelp,1548,244,8,0.004484304932735426
no.marked.bil,no.spill.sjakk,1423,145,7,0.004484304932735426
no.general,no.kultur.fritid.friluftsliv,7081,95,32,0.004479283314669653
no.irc,no.kultur.fritid.friluftsliv,1475,95,7,0.004478566858605247
no.bil,no.kultur.fritid.friluftsliv,2153,95,10,0.004468275245755138
no.pressemeldinger,no.slekt.etterlysning,334,1240,7,0.004467134652201659
no.folklore.generelt,no.vitser,49,3558,16,0.004455583402951824
no.stortinget,no.svar,665,12,3,0.004451038575667656
no.alt.troll,no.folklore.edb,7,219,1,0.0044444444444444444
no.alt.irctreff,no.reiser,82,1050,5,0.0044365572315882874
no.alt.fan.de-lillos,no.test,176,6390,29,0.004436285757992963
no.alt.amiga,no.skole.diverse,343,563,4,0.004434589800443459
no.alt.radio-tv.irma-1000,no.sport.orientering,309,144,2,0.004434589800443459
no.alt.troll,no.org.efn.diskusjon,7,446,2,0.004434589800443459
no.havforskning,no.velkommen,398,55,2,0.004434589800443459
no.org.dnd,no.vitser,66,3558,16,0.004434589800443459
no.kultur.fritid.friluftsliv,no.medisin,95,1038,5,0.004432624113475178
no.litteratur,no.velkommen,1532,55,7,0.004430379746835443
no.kryptografi,no.kultur.fritid.friluftsliv,359,95,2,0.004424778761061947
no.alt.tegneserier,no.kultur.fritid.friluftsliv,1043,95,5,0.00441306266548985
no.bil,no.eunet.drift,2153,135,10,0.004389815627743635
no.skole.diverse,no.uninett.hjelp,563,124,3,0.0043859649122807015
no.alt.irctreff,no.pc,82,7029,31,0.004378531073446328
no.alt.troll,no.student.nett,7,452,2,0.00437636761487965
no.eunet.drift,no.kultur.fritid.friluftsliv,135,95,1,0.004366812227074236
no.it.os.os2,no.mswindow,332,358,3,0.004366812227074236
no.marked,no.sources.list,8430,101,37,0.004356016011302095
no.alt.fan.de-lillos,no.velkommen,176,55,1,0.004347826086956522
no.alt.troll,no.prat.politikk,7,1152,5,0.004332755632582322
no.kultur.fritid.friluftsliv,no.litteratur,95,1532,7,0.004320987654320987
no.multimedia,no.svar,1383,12,6,0.004319654427645789
no.musikk,no.org.isoc-no,3669,53,16,0.004317323259579061
no.audio,no.org.dnd,2493,66,11,0.0043171114599686025
no.sport.volleyball,no.vitser,165,3558,16,0.004316158618829242
no.biz,no.musikk,55,3669,16,0.004314994606256742
no.alt.pompelog,no.org.nobug.diverse,143,90,1,0.004310344827586207
no.sport.volleyball,no.x,165,301,2,0.004310344827586207
no.biz,no.mac,55,2742,12,0.004308797127468581
no.musikk.gitar,no.org.decus,1148,18,5,0.004306632213608958
no.eunet.diverse,no.test,141,6390,28,0.004305705059203444
no.alt.radio_tv.irma1000,no.marked.bil,210,1423,7,0.004305043050430504
no.alt.pompelog,no.biz.annonser,143,2197,10,0.004291845493562232
no.org.nobug.diverse,no.sport.orientering,90,144,1,0.004291845493562232
no.org.isoc-no,no.spill,53,2992,13,0.004287598944591029
no.biz,no.spill,55,2992,13,0.0042847725774555045
no.eunet.diverse,no.skole.diverse,141,563,3,0.0042796005706134095
no.biz.annonser.data,no.kultur.fritid.friluftsliv,1548,95,7,0.004278728606356968
no.ms-windows,no.org.isoc-no,3235,53,14,0.004276114844227245
no.prat.ufo,no.sport.orientering,327,144,2,0.0042643923240938165
no.skole.diverse,no.sport.orientering,563,144,3,0.004261363636363636
no.folklore.generelt,no.slekt,49,1837,8,0.004259850905218318
no.alt.arkiv,no.uninett.fik,199,37,1,0.00425531914893617
no.alt.troll,no.musikk.klassisk,7,229,1,0.00425531914893617
no.eunet.diverse,no.kultur.fritid.friluftsliv,141,95,1,0.00425531914893617
no.slekt.etterlysning,no.telepost,1240,417,7,0.004242424242424243
no.marked.bolig,no.velkommen,892,55,4,0.0042417815482502655
no.alt.amiga,no.folklore.overtro,343,131,2,0.00423728813559322
no.alt.irctreff,no.sport.fotball,82,629,3,0.00423728813559322
no.bibsys,no.org.efn.nyheter,235,2,1,0.00423728813559322
no.alt.gledesutbrudd,no.sport.orientering,1754,144,8,0.004232804232804233
no.alt.frustrasjoner,no.folklore.generelt,3041,49,13,0.004224894377640559
no.linux,no.org.dnd,3024,66,13,0.004224894377640559
no.prat.seksualitet,no.uninett.katalog,883,68,4,0.004223864836325237
no.general,no.org.isoc-no,7081,53,30,0.004222972972972973
no.alt.flame,no.sources.list,2515,101,11,0.004222648752399232
no.biz,no.general,55,7081,30,0.004221784407542921
no.org.dnd,no.radio-tv,66,2075,9,0.004221388367729831
no.mswindow,no.tungregning,358,118,2,0.004219409282700422
no.marked.data,no.uninett.hjelp,7987,124,34,0.004209483719202674
no.news.diverse,no.org.decus,1893,18,8,0.004203888596952181
no.marked.data,no.spill.sjakk,7987,145,34,0.0041985675475426035
no.pressemeldinger,no.spill.sjakk,334,145,2,0.0041928721174004195
no.org.nobug.diverse,no.sport.fotball,90,629,3,0.004189944134078212
no.alt.pompelog,no.hobby.diverse,143,817,4,0.0041841004184100415
no.kultur.fritid.friluftsliv,no.spill.sjakk,95,145,1,0.0041841004184100415
no.sources.list,no.test,101,6390,27,0.004176980198019802
no.biz,no.musikk.gitar,55,1148,5,0.004173622704507512
no.biz,no.vitser,55,3558,15,0.004168982768204558
no.alt.irctreff,no.prat.seksualitet,82,883,4,0.004162330905306972
no.eunet.drift,no.slekt.programmer,135,589,3,0.004160887656033287
no.biz.annonser.data,no.sport.orientering,1548,144,7,0.004154302670623145
no.biz.annonser.data,no.spill.sjakk,1548,145,7,0.004151838671411625
no.alt.troll,no.bibsys,7,235,1,0.004149377593360996
no.alt.irctreff,no.tele,82,2097,9,0.004147465437788019
no.mail.drift,no.velkommen,430,55,2,0.004140786749482402
no.skole.diverse,no.vr,563,166,3,0.004132231404958678
no.ef,no.sport.volleyball,567,165,3,0.00411522633744856
no.fritid.spill.rollespill,no.norsk.fagord,1,243,1,0.00411522633744856
no.kultur.film,no.norsk.fagord,1,243,1,0.00411522633744856
no.pressemeldinger.diskusjon,no.sport.volleyball,79,165,1,0.00411522633744856
no.amiga,no.sport.volleyball,1544,165,7,0.004112808460634548
no.biz,no.pc,55,7029,29,0.004110559886605245
no.marked,no.spill.sjakk,8430,145,35,0.004098360655737705
no.skole.diverse,no.telepost,563,417,4,0.004098360655737705
no.org.decus,no.vit.diverse,18,473,2,0.00408997955010225
no.alt.radio_tv.irma1000,no.prat.narkotika,210,527,3,0.004087193460490463
no.eunet.hjelp,no.org.nobug.nytt,244,2,1,0.004081632653061225
no.general,no.velkommen,7081,55,29,0.004080484029829745
no.eunet.diverse,no.marked.data,141,7987,33,0.004076590487955528
no.general,no.org.dnd,7081,66,29,0.004074178139926945
no.alt.frustrasjoner,no.sport.volleyball,3041,165,13,0.004071406201064829
no.alt.amiga,no.marked.bolig,343,892,5,0.0040650406504065045
no.alt.radio_tv.irma1000,no.uninett.fik,210,37,1,0.0040650406504065045
no.alt.troll,no.media,7,734,3,0.0040650406504065045
no.sport.fotball,no.uninett.drift,629,112,3,0.0040650406504065045
no.prat.ufo,no.telepost,327,417,3,0.004048582995951417
no.it.os.os2,no.sport.volleyball,332,165,2,0.00404040404040404
no.marked.bil,no.uninett.katalog,1423,68,6,0.00404040404040404
no.musikk,no.org.dnd,3669,66,15,0.004032258064516129
no.spill.sjakk,no.tele,145,2097,9,0.004030452306314375
no.pressemeldinger,no.sport.volleyball,334,165,2,0.004024144869215292
no.biz.annonser,no.velkommen,2197,55,9,0.004012483281319661
no.alt.troll,no.eunet.hjelp,7,244,1,0.004
no.biz,no.spill.rollespill,55,447,2,0.004
no.org.efn.nyheter,no.tegnsett,2,249,1,0.004
no.spill.rollespill,no.velkommen,447,55,2,0.004
no.alt.diskusjoner,no.sport.orientering,2368,144,10,0.003996802557953637
no.alt.pompelog,no.test,143,6390,26,0.003995696941755033
no.spill.sjakk,no.test,145,6390,26,0.003994469196497158
no.biz.annonser,no.org.dnd,2197,66,9,0.003992901508429458
no.org.decus,no.slekt.etterlysning,18,1240,5,0.0039904229848363925
no.ms-windows,no.velkommen,3235,55,13,0.003967043027158987
no.alt.motorsykler,no.org.nobug.diverse,1690,90,7,0.003948110547095319
no.folklore.generelt,no.general,49,7081,28,0.003942551393973529
no.alt.fan.de-lillos,no.pressemeldinger.diskusjon,176,79,1,0.003937007874015748
no.ai,no.org.efn.nyheter,254,2,1,0.00392156862745098
no.alt.irctreff,no.biz.nettilbydere,82,686,3,0.00392156862745098
no.alt.troll,no.tegnsett,7,249,1,0.00392156862745098
no.eunet.hjelp,no.svar,244,12,1,0.00392156862745098
no.kultur.fritid.friluftsliv,no.ms-windows,95,3235,13,0.003919204100090443
no.alt.irctreff,no.biz.diskusjoner,82,431,2,0.003913894324853229
no.alt.pompelog,no.prat.seksualitet,143,883,4,0.003913894324853229
no.marked.diskusjon,no.radio_tv,187,583,3,0.003911342894393742
no.alt.radio_tv.irma1000,no.hobby.diverse,210,817,4,0.0039100684261974585
no.prat.seksualitet,no.sport.orientering,883,144,4,0.0039100684261974585
no.sport.orientering,no.www,144,3452,14,0.003908431044109436
no.eunet.hjelp,no.prat.narkotika,244,527,3,0.00390625
no.spill.sjakk,no.uninett.drift,145,112,1,0.00390625
no.biz,no.marked,55,8430,33,0.003904401325130147
no.alt.fan.de-lillos,no.alt.irctreff,176,82,1,0.0038910505836575876
no.multimedia,no.sport.volleyball,1383,165,6,0.0038910505836575876
no.alt.flame,no.org.dnd,2515,66,10,0.0038895371450797353
no.bolig,no.velkommen,978,55,4,0.003887269193391642
no.eunet.diverse,no.prat.politikk,141,1152,5,0.0038819875776397515
no.spill.sjakk,no.sykkel,145,1148,5,0.0038819875776397515
no.kultur.fritid.friluftsliv,no.nuug,95,164,1,0.003875968992248062
no.biz.annonser,no.sport.orientering,2197,144,9,0.0038593481989708405
no.pressemeldinger,no.spill.rollespill,334,447,3,0.0038560411311053984
no.marked.data,no.tungregning,7987,118,31,0.0038394847659152837
no.mswindow,no.sport.volleyball,358,165,2,0.003838771593090211
no.alt.gullkorn,no.student.samfund,7,255,1,0.0038314176245210726
no.c,no.svar,1036,12,4,0.0038314176245210726
no.embnet,no.org.efn.nyheter,260,2,1,0.0038314176245210726
no.kultur.fritid.friluftsliv,no.mail.drift,95,430,2,0.0038240917782026767
no.sport.volleyball,no.sykkel,165,1148,5,0.00382262996941896
no.pc,no.uninett.katalog,7029,68,27,0.003818953323903819
no.kultur.film,no.uninett.diverse,1,262,1,0.003816793893129771
no.pressemeldinger.diskusjon,no.slekt.etterlysning,79,1240,5,0.00380517503805175
no.org.efn.nyheter,no.uninett.diverse,2,262,1,0.0038022813688212928
no.alt.troll,no.uninett.skole,7,522,2,0.003795066413662239
no.folklore.generelt,no.musikk,49,3669,14,0.003779697624190065
no.alt.troll,no.embnet,7,260,1,0.0037593984962406013
no.alt.troll,no.prat.narkotika,7,527,2,0.0037593984962406013
no.radio_tv,no.tex,583,218,3,0.0037593984962406013
no.student.samfund,no.svar,255,12,1,0.0037593984962406013
no.sport.volleyball,no.unix,165,1439,6,0.0037546933667083854
no.prat.aksjer,no.velkommen,480,55,2,0.00375234521575985
no.sport.orientering,no.uninett.hjelp,144,124,1,0.003745318352059925
no.film,no.kultur.fritid.friluftsliv,2587,95,10,0.0037425149700598802
no.alt.radio_tv.irma1000,no.prat.ufo,210,327,2,0.003738317757009346
no.marked.data,no.pressemeldinger.diskusjon,7987,79,30,0.0037332005973120955
no.alt.irctreff,no.litteratur,82,1532,6,0.0037313432835820895
no.alt.irctreff,no.marked.diskusjon,82,187,1,0.0037313432835820895
no.alt.troll,no.uninett.diverse,7,262,1,0.0037313432835820895
no.test,no.uninett.katalog,6390,68,24,0.003730183400683867
no.biz.annonser.data,no.uninett.katalog,1548,68,6,0.0037267080745341614
no.it.emacs,no.sport.orientering,395,144,2,0.0037243947858473
no.alt.pompelog,no.marked.data,143,7987,30,0.003703703703703704
no.musikk,no.sport.orientering,3669,144,14,0.0036851803106080546
no.net,no.sport.orientering,1218,144,5,0.0036845983787767134
no.pc,no.velkommen,7029,55,26,0.0036837631056956645
no.kultur.fritid.friluftsliv,no.mail.diverse,95,995,4,0.003683241252302026
no.biz,no.tex,55,218,1,0.003676470588235294
no.speider,no.velkommen,493,55,2,0.003663003663003663
no.folklore.overtro,no.sport.orientering,131,144,1,0.0036496350364963502
no.alt.radio_tv.irma1000,no.org.dnd,210,66,1,0.0036363636363636364
no.kultur.fritid.friluftsliv,no.media,95,734,3,0.0036319612590799033
no.velkommen,no.vitser,55,3558,13,0.003611111111111111
no.sport.volleyball,no.www,165,3452,13,0.003607103218645949
no.marked.data,no.org.nobug.diverse,7987,90,29,0.00360337972166998
no.linux,no.velkommen,3024,55,11,0.003585397653194263
no.kultur.fritid.friluftsliv,no.religion,95,1585,6,0.0035842293906810036
no.sport.orientering,no.tele,144,2097,8,0.0035826242722794446
no.alt.amiga,no.tex,343,218,2,0.0035778175313059034
no.kultur.fritid.friluftsliv,no.vitser,95,3558,13,0.0035714285714285713
no.pressemeldinger.diskusjon,no.test,79,6390,23,0.0035681042506981076
no.amiga,no.sport.orientering,1544,144,6,0.0035671819262782403
no.org.nobug.diverse,no.test,90,6390,23,0.0035620257085333747
no.alt.irctreff,no.mac,82,2742,10,0.0035536602700781805
no.marked,no.org.nobug.diverse,8430,90,30,0.0035335689045936395
no.musikk.klassisk,no.velkommen,229,55,1,0.0035335689045936395
no.alt.radio_tv.irma1000,no.kryptografi,210,359,2,0.003527336860670194
no.alt.frustrasjoner,no.org.nobug.diverse,3041,90,11,0.0035256410256410257
no.alt.flame,no.folklore.generelt,2515,49,9,0.0035225048923679062
no.jus,no.sport.orientering,1852,144,7,0.003519356460532931
no.alt.troll,no.perl,7,564,2,0.0035149384885764497
no.general,no.uninett.katalog,7081,68,25,0.0035092644581695676
no.radio_tv,no.skole.diverse,583,563,4,0.0035026269702276708
no.alt.radio_tv.irma1000,no.test,210,6390,23,0.0034970351223962293
no.alt.gullkorn,no.typografi,7,280,1,0.0034965034965034965
no.alt.troll,no.ef,7,567,2,0.0034965034965034965
no.alt.troll,no.typografi,7,280,1,0.0034965034965034965
no.mail.drift,no.sport.orientering,430,144,2,0.0034965034965034965
no.bil,no.sport.orientering,2153,144,8,0.0034949759720401923
no.biz.diskusjoner,no.sport.orientering,431,144,2,0.0034904013961605585
no.marked.data,no.sources.list,7987,101,28,0.0034739454094292804
no.spill.sjakk,no.sport.orientering,145,144,1,0.003472222222222222
no.alt.god.jul,no.svar,570,12,2,0.0034482758620689655
no.prat.politikk,no.svar,1152,12,4,0.0034482758620689655
no.org.decus,no.unix,18,1439,5,0.003443526170798898
no.audio,no.spill.sjakk,2493,145,9,0.003423354887790034
no.alt.irctreff,no.marked,82,8430,29,0.0034186019097017565
no.film,no.velkommen,2587,55,9,0.003418154196733764
no.hobby.diverse,no.mswindow,817,358,4,0.0034158838599487617
no.musikk,no.sport.volleyball,3669,165,13,0.003402250719706883
no.alt.troll,no.radio_tv,7,583,2,0.003401360544217687
no.marked.bil,no.org.isoc-no,1423,53,5,0.003399048266485384
no.audio,no.sport.volleyball,2493,165,9,0.0033975084937712344
no.spill.rollespill,no.sport.orientering,447,144,2,0.003395585738539898
no.marked.bil,no.velkommen,1423,55,5,0.0033944331296673455
no.folklore.overtro,no.sport.volleyball,131,165,1,0.003389830508474576
no.alt.troll,no.prat.seksualitet,7,883,3,0.0033821871476888386
no.embnet,no.uninett.fik,260,37,1,0.0033783783783783786
no.eunet.hjelp,no.org.isoc-no,244,53,1,0.0033783783783783786
no.marked.bil,no.org.dnd,1423,66,5,0.0033692722371967657
no.org.decus,no.typografi,18,280,1,0.003367003367003367
no.folklore.generelt,no.ms-windows,49,3235,11,0.003360831041857623
no.alt.irctreff,no.sources.wanted,82,218,1,0.0033444816053511705
no.alt.irctreff,no.tex,82,218,1,0.0033444816053511705
no.sykkel,no.velkommen,1148,55,4,0.003336113427856547
no.general,no.sport.volleyball,7081,165,24,0.003323179174743838
no.elektronikk,no.sport.volleyball,2253,165,8,0.0033195020746887966
no.alt.motorsykler,no.uninett.hjelp,1690,124,6,0.00331858407079646
no.reiser,no.sport.volleyball,1050,165,4,0.0033030553261767133
no.org.dnd,no.spill,66,2992,10,0.0032808398950131233
no.alt.katter,no.sport.orientering,774,144,3,0.003278688524590164
no.alt.troll,no.net,7,1218,4,0.003276003276003276
no.eunet.drift,no.prat.aksjer,135,480,2,0.0032626427406199023
no.org.dnd,no.pc,66,7029,23,0.003252262443438914
no.biz,no.marked.data,55,7987,26,0.003243512974051896
no.spill.sjakk,no.sport.volleyball,145,165,1,0.003236245954692557
no.sport.orientering,no.vr,144,166,1,0.003236245954692557
no.psykologi,no.uninett.fik,584,37,2,0.0032310177705977385
no.jus,no.svar,1852,12,6,0.0032292787944025836
no.kultur.fritid.friluftsliv,no.musikk.gitar,95,1148,4,0.003228410008071025
no.alt.fan.de-lillos,no.eunet.drift,176,135,1,0.0032258064516129032
no.alt.radio-tv.irma-1000,no.org.efn.nyheter,309,2,1,0.0032258064516129032
no.kultur.fritid.friluftsliv,no.linux,95,3024,10,0.0032164683177870698
no.sport.diverse,no.velkommen,1507,55,5,0.0032113037893384713
no.kultur.fritid.friluftsliv,no.sources.wanted,95,218,1,0.003205128205128205
no.kultur.fritid.friluftsliv,no.tex,95,218,1,0.003205128205128205
no.alt.pompelog,no.marked.bil,143,1423,5,0.0032030749519538757
no.marked,no.uninett.katalog,8430,68,27,0.0031873450596151577
no.embnet,no.velkommen,260,55,1,0.0031847133757961785
no.bil,no.velkommen,2153,55,7,0.0031803725579282144
no.biz,no.marked.bolig,55,892,3,0.0031779661016949155
no.alt.gullkorn,no.alt.radio-tv.irma-1000,7,309,1,0.0031746031746031746
no.uninett.diverse,no.velkommen,262,55,1,0.0031645569620253164
no.org.dnd,no.slekt,66,1837,6,0.0031628887717448603
no.alt.troll,no.religion,7,1585,5,0.00315059861373661
no.alt.frustrasjoner,no.sport.orientering,3041,144,10,0.0031496062992125984
no.amiga,no.velkommen,1544,55,5,0.003136762860727729
no.it.os.os2,no.sport.fotball,332,629,3,0.003131524008350731
no.alt.radio-tv.irma-1000,no.svar,309,12,1,0.003125
no.pressemeldinger,no.sport.fotball,334,629,3,0.003125
no.alt.irctreff,no.audio,82,2493,8,0.0031164783794312427
no.biz.annonser.data,no.org.dnd,1548,66,5,0.003107520198881293
no.org.dnd,no.test,66,6390,20,0.003107520198881293
no.sport.volleyball,no.tele,165,2097,7,0.0031042128603104213
no.alt.mat,no.alt.troll,1286,7,4,0.0031031807602792862
no.org.isoc-no,no.slekt.etterlysning,53,1240,4,0.0031031807602792862
no.org.dnd,no.radio_tv,66,583,2,0.0030911901081916537
no.alt.irctreff,no.norsk.fagord,82,243,1,0.0030864197530864196
no.pc,no.sport.orientering,7029,144,22,0.0030764927982100407
no.alt.radio_tv.irma1000,no.spill.rollespill,210,447,2,0.0030534351145038168
no.kultur.fritid.friluftsliv,no.marked.bolig,95,892,3,0.003048780487804878
no.mswindow,no.sport.fotball,358,629,3,0.003048780487804878
no.elektronikk,no.velkommen,2253,55,7,0.003042155584528466
no.bibsys,no.kultur.fritid.friluftsliv,235,95,1,0.00303951367781155
no.alt.pompel-og-pilt,no.org.efn.nyheter,329,2,1,0.0030303030303030303
no.marked.jobb,no.sport.orientering,2181,144,7,0.0030198446937014668
no.alt.gullkorn,no.alt.mat.drikke,7,659,2,0.0030120481927710845
no.it.os.os2,no.kultur.film,332,1,1,0.0030120481927710845
no.elektronikk,no.kultur.fritid.friluftsliv,2253,95,7,0.00299017513882956
no.alt.irctreff,no.slekt.programmer,82,589,2,0.0029895366218236174
no.org.efn.nyheter,no.pressemeldinger,2,334,1,0.0029850746268656717
no.biz.annonser.data,no.eunet.drift,1548,135,5,0.0029797377830750892
no.it.diverse,no.uninett.katalog,606,68,2,0.002976190476190476
no.org.isoc-no,no.pc,53,7029,21,0.002974082991077751
no.alt.amiga,no.it.os.os2,343,332,2,0.0029717682020802376
no.alt.pompelog,no.biz.annonser.data,143,1548,5,0.0029655990510083037
no.eunet.hjelp,no.kultur.fritid.friluftsliv,244,95,1,0.0029585798816568047
no.alt.irctreff,no.video,82,942,3,0.002938295788442703
no.alt.irctreff,no.embnet,82,260,1,0.002932551319648094
no.biz,no.sport.fotball,55,629,2,0.002932551319648094
no.kultur.fritid.friluftsliv,no.slekt.programmer,95,589,2,0.002932551319648094
no.eunet.drift,no.marked.bolig,135,892,3,0.0029296875
no.alt.arkiv,no.sport.orientering,199,144,1,0.0029239766081871343
no.eunet.drift,no.slekt.etterlysning,135,1240,4,0.0029175784099197666
no.general,no.sport.orientering,7081,144,21,0.002915047196002221
no.eunet.hjelp,no.spill.rollespill,244,447,2,0.002902757619738752
no.pressemeldinger,no.svar,334,12,1,0.002898550724637681
no.alt.troll,no.biz.nettilbydere,7,686,2,0.002894356005788712
no.mac,no.velkommen,2742,55,8,0.0028684116170670493
no.spill,no.sport.volleyball,2992,165,9,0.0028589580686149934
no.norsk,no.sport.orientering,1963,144,6,0.0028557829604950024
no.svar,no.tele,12,2097,6,0.0028530670470756064
no.alt.motorsykler,no.uninett.katalog,1690,68,5,0.002852253280091272
no.org.decus,no.pressemeldinger,18,334,1,0.002849002849002849
no.alt.troll,no.reiser,7,1050,3,0.0028462998102466793
no.alt.pompelog,no.skole.diverse,143,563,2,0.002840909090909091
no.alt.irctreff,no.bolig,82,978,3,0.002838221381267739
no.perl,no.sport.orientering,564,144,2,0.0028328611898017
no.alt.motorsykler,no.kultur.fritid.friluftsliv,1690,95,5,0.0028089887640449437
no.org.isoc-no,no.test,53,6390,18,0.0028015564202334632
no.pc,no.sport.volleyball,7029,165,20,0.0027878449958182324
no.fritid.spill.rollespill,no.kryptografi,1,359,1,0.002785515320334262
no.stortinget,no.velkommen,665,55,2,0.002785515320334262
no.kultur.fritid.friluftsliv,no.test,95,6390,18,0.0027833616823875057
no.mac,no.spill.sjakk,2742,145,8,0.0027787426189649182
no.eunet.hjelp,no.prat.aksjer,244,480,2,0.002770083102493075
no.sport.orientering,no.video,144,942,3,0.002770083102493075
no.c,no.velkommen,1036,55,3,0.0027573529411764708
no.radio_tv,no.spill.sjakk,583,145,2,0.0027548209366391185
no.alt.gullkorn,no.kryptografi,7,359,1,0.0027397260273972603
no.alt.pompelog,no.slekt.programmer,143,589,2,0.0027397260273972603
no.alt.troll,no.kryptografi,7,359,1,0.0027397260273972603
no.alt.irctreff,no.marked.data,82,7987,22,0.002733938113582702
no.alt.flame,no.velkommen,2515,55,7,0.0027311744049941474
no.alt.god.jul,no.sport.volleyball,570,165,2,0.002728512960436562
no.folklore.generelt,no.marked,49,8430,23,0.0027199621570482497
no.biz,no.marked.bil,55,1423,4,0.0027137042062415195
no.kultur.fritid.friluftsliv,no.multimedia,95,1383,4,0.0027137042062415195
no.bil,no.org.dnd,2153,66,6,0.0027112516945323093
no.mswindow,no.svar,358,12,1,0.0027100271002710027
no.alt.gullkorn,no.media,7,734,2,0.0027063599458728013
no.eunet.hjelp,no.slekt.etterlysning,244,1240,4,0.002702702702702703
no.kryptografi,no.svar,359,12,1,0.002702702702702703
no.folklore.generelt,no.pc,49,7029,19,0.0026915993766822494
no.media,no.svar,734,12,2,0.002688172043010753
no.musikk.klassisk,no.sport.orientering,229,144,1,0.002688172043010753
no.radio_tv,no.sport.volleyball,583,165,2,0.002680965147453083
no.alt.sjokolade,no.kultur.fritid.friluftsliv,656,95,2,0.0026702269692923898
no.kultur.fritid.friluftsliv,no.musikk,95,3669,10,0.002663825253063399
no.sport.fotball,no.uninett.hjelp,629,124,2,0.002663115845539281
no.kjemi,no.svar,746,12,2,0.0026455026455026454
no.kultur.fritid.friluftsliv,no.marked.jobb,95,2181,6,0.0026431718061674008
no.alt.irctreff,no.biz.annonser,82,2197,6,0.0026396832380114386
no.alt.amiga,no.uninett.fik,343,37,1,0.002638522427440633
no.news.drift,no.org.efn.nyheter,379,2,1,0.002631578947368421
no.multimedia,no.sport.orientering,1383,144,4,0.0026263952724885093
no.biz.annonser,no.kultur.fritid.friluftsliv,2197,95,6,0.0026246719160104987
no.bil,no.spill.sjakk,2153,145,6,0.002617801047120419
no.sport.volleyball,no.tex,165,218,1,0.002617801047120419
no.sport.diverse,no.uninett.fik,1507,37,4,0.0025974025974025974
no.norsk.fagord,no.sport.orientering,243,144,1,0.0025906735751295338
no.marked.data,no.sport.orientering,7987,144,21,0.002589395807644883
no.eunet.hjelp,no.sport.orientering,244,144,1,0.002583979328165375
no.alt.irc-treff,no.kultur.fritid.friluftsliv,296,95,1,0.002564102564102564
no.marked.bil,no.sport.orientering,1423,144,4,0.0025591810620601407
no.spill,no.sport.orientering,2992,144,8,0.0025575447570332483
no.sport.orientering,no.unix,144,1439,4,0.00253324889170361
no.kultur.fritid.friluftsliv,no.pc,95,7029,18,0.0025330706445257528
no.alt.katter,no.org.decus,774,18,2,0.002531645569620253
no.it.emacs,no.kultur.film,395,1,1,0.002531645569620253
no.alt.diskusjoner,no.svar,2368,12,6,0.002527379949452401
no.alt.amiga,no.velkommen,343,55,1,0.0025188916876574307
no.elektronikk,no.sport.orientering,2253,144,6,0.002509410288582183
no.havforskning,no.org.efn.nyheter,398,2,1,0.002506265664160401
no.alkohol,no.svar,1192,12,3,0.002497918401332223
no.folklore.generelt,no.marked.data,49,7987,20,0.00249500998003992
no.embnet,no.sport.orientering,260,144,1,0.0024813895781637717
no.irc,no.sport.orientering,1475,144,4,0.002476780185758514
no.alt.troll,no.havforskning,7,398,1,0.0024752475247524753
no.kultur.fritid.friluftsliv,no.marked,95,8430,21,0.002469426152398871
no.folklore.generelt,no.mswindow,49,358,1,0.0024630541871921183
no.alt.radio_tv.irma1000,no.it.diverse,210,606,2,0.002457002457002457
no.alt.config,no.alt.diskusjoner.usa,408,1,1,0.0024509803921568627
no.alt.config,no.samfunn.politikk.utenriks,408,1,1,0.0024509803921568627
no.marked,no.sport.volleyball,8430,165,21,0.00244926522043387
no.alt.config,no.org.efn.nyheter,408,2,1,0.0024449877750611247
no.alt.irctreff,no.musikk.gitar,82,1148,3,0.0024449877750611247
no.net,no.svar,1218,12,3,0.0024449877750611247
no.alt.irctreff,no.alt.pompel-og-pilt,82,329,1,0.0024390243902439024
no.alt.amiga,no.prat.aksjer,343,480,2,0.00243605359317905
no.mac,no.sport.orientering,2742,144,7,0.0024313997915943034
no.musikk,no.velkommen,3669,55,9,0.0024226110363391655
no.alt.irctreff,no.kjemi,82,746,2,0.002421307506053269
no.news.drift,no.uninett.fik,379,37,1,0.0024096385542168677
no.radio-tv,no.svar,2075,12,5,0.0024015369836695487
no.mswindow,no.prat.aksjer,358,480,2,0.0023923444976076554
no.org.efn.nyheter,no.telepost,2,417,1,0.0023923444976076554
no.kultur.fritid.friluftsliv,no.prat.ufo,95,327,1,0.0023752969121140144
no.marked.data,no.org.isoc-no,7987,53,19,0.0023687819473881063
no.kultur.fritid.friluftsliv,no.pressemeldinger,95,334,1,0.002336448598130841
no.fritid.spill.rollespill,no.mail.drift,1,430,1,0.002325581395348837
no.biz,no.slekt.etterlysning,55,1240,3,0.0023219814241486067
no.mail.drift,no.org.efn.nyheter,430,2,1,0.002320185614849188
no.linux,no.svar,3024,12,7,0.00231099372730274
no.havforskning,no.uninett.fik,398,37,1,0.002304147465437788
no.org.decus,no.telepost,18,417,1,0.002304147465437788
no.spill,no.velkommen,2992,55,7,0.002302631578947368
no.alt.frustrasjoner,no.svar,3041,12,7,0.002298095863427446
no.alt.motorsykler,no.velkommen,1690,55,4,0.0022975301550832855
no.alt.troll,no.mail.drift,7,430,1,0.0022935779816513763
no.sport.volleyball,no.test,165,6390,15,0.0022935779816513763
no.alt.radio_tv.irma1000,no.biz.annonser.data,210,1548,4,0.002280501710376283
no.alt.irc-treff,no.sport.orientering,296,144,1,0.002277904328018223
no.alt.gledesutbrudd,no.alt.troll,1754,7,4,0.0022766078542970974
no.alt.gledesutbrudd,no.svar,1754,12,4,0.0022701475595913734
no.biz.diskusjoner,no.svar,431,12,1,0.0022624434389140274
no.alt.frustrasjoner,no.uninett.katalog,3041,68,7,0.002256608639587363
no.alt.config,no.uninett.fik,408,37,1,0.0022522522522522522
no.lisp,no.sport.orientering,302,144,1,0.0022471910112359553
no.marked,no.org.isoc-no,8430,53,19,0.0022448015122873348
no.kultur.film,no.org.efn.diskusjon,1,446,1,0.002242152466367713
no.marked,no.org.dnd,8430,66,19,0.0022413589713341986
no.marked.data,no.org.dnd,7987,66,18,0.00224019912881145
no.marked.data,no.uninett.katalog,7987,68,18,0.0022396416573348264
no.prat.seksualitet,no.svar,883,12,2,0.0022396416573348264
no.fritid.spill.rollespill,no.spill.rollespill,1,447,1,0.0022371364653243847
no.mail.drift,no.org.decus,430,18,1,0.0022371364653243847
no.org.efn.diskusjon,no.org.efn.nyheter,446,2,1,0.0022371364653243847
no.marked,no.sport.orientering,8430,144,19,0.0022209234365867915
no.marked.data,no.sport.volleyball,7987,165,18,0.0022129333661175315
no.alt.radio_tv.irma1000,no.norsk.fagord,210,243,1,0.0022123893805309734
no.marked.bolig,no.org.decus,892,18,2,0.0022026431718061676
no.film,no.sport.orientering,2587,144,6,0.0022018348623853213
no.radio_tv,no.slekt.etterlysning,583,1240,4,0.0021990104452996153
no.alt.gullkorn,no.student.nett,7,452,1,0.002183406113537118
no.spill.rollespill,no.svar,447,12,1,0.002183406113537118
no.test,no.velkommen,6390,55,14,0.0021769553724148654
no.eunet.drift,no.prat.ufo,135,327,1,0.0021691973969631237
no.alt.irctreff,no.test,82,6390,14,0.0021678538247135335
no.sport.orientering,no.vitser,144,3558,8,0.002165674066053059
no.alt.troll,no.multimedia,7,1383,3,0.0021629416005767843
no.alt.amiga,no.reiser,343,1050,3,0.002158273381294964
no.alt.irctreff,no.elektronikk,82,2253,5,0.002145922746781116
no.mail.drift,no.uninett.fik,430,37,1,0.002145922746781116
no.eunet.diverse,no.prat.ufo,141,327,1,0.0021413276231263384
no.slekt,no.uninett.fik,1837,37,4,0.0021390374331550803
no.marked.jobb,no.sport.volleyball,2181,165,5,0.0021358393848782574
no.marked,no.velkommen,8430,55,18,0.002125900555096256
no.telepost,no.velkommen,417,55,1,0.0021231422505307855
no.kultur.fritid.friluftsliv,no.mac,95,2742,6,0.0021193924408336277
no.alt.pompel-og-pilt,no.sport.orientering,329,144,1,0.00211864406779661
no.biz,no.slekt,55,1837,4,0.00211864406779661
no.eunet.diverse,no.it.os.os2,141,332,1,0.00211864406779661
no.eunet.hjelp,no.musikk.klassisk,244,229,1,0.00211864406779661
no.marked.data,no.velkommen,7987,55,17,0.002118380062305296
no.fritid.slektsforsking.diverse,no.vit.diverse,1,473,1,0.0021141649048625794
no.fritid.spill.rollespill,no.vit.diverse,1,473,1,0.0021141649048625794
no.kultur.film,no.vit.diverse,1,473,1,0.0021141649048625794
no.alt.diskusjoner,no.alt.troll,2368,7,5,0.002109704641350211
no.alt.troll,no.news.diverse,7,1893,4,0.002109704641350211
no.it.os.os2,no.sport.orientering,332,144,1,0.002105263157894737
no.pressemeldinger,no.sport.orientering,334,144,1,0.0020964360587002098
no.alt.troll,no.vit.diverse,7,473,1,0.0020876826722338203
no.kultur.film,no.prat.aksjer,1,480,1,0.0020833333333333333
no.kultur.fritid.friluftsliv,no.slekt,95,1837,4,0.002074688796680498
no.org.efn.diskusjon,no.uninett.fik,446,37,1,0.002074688796680498
no.mac,no.sport.volleyball,2742,165,6,0.002068252326783868
no.alt.amiga,no.sport.fotball,343,629,2,0.002061855670103093
no.alt.irctreff,no.marked.bolig,82,892,2,0.00205761316872428
no.alt.troll,no.prat.aksjer,7,480,1,0.00205761316872428
no.alt.troll,no.irc,7,1475,3,0.002028397565922921
no.fritid.slektsforsking.diverse,no.speider,1,493,1,0.002028397565922921
no.svar,no.www,12,3452,7,0.00202487706103558
no.org.efn.nyheter,no.speider,2,493,1,0.0020242914979757085
no.norsk,no.org.decus,1963,18,4,0.0020232675771370764
no.folklore.generelt,no.test,49,6390,13,0.0020230314347961407
no.irc,no.svar,1475,12,3,0.0020215633423180594
no.kultur.musikk.diverse,no.speider,3,493,1,0.00202020202020202
no.alt.troll,no.mail.diverse,7,995,2,0.002
no.mswindow,no.sport.orientering,358,144,1,0.001996007984031936
no.mswindow,no.spill.sjakk,358,145,1,0.00199203187250996
no.alt.flame,no.alt.troll,2515,7,5,0.001986491855383393
no.speider,no.svar,493,12,1,0.001984126984126984
no.mail.diverse,no.org.decus,995,18,2,0.0019782393669634025
no.kultur.fritid.friluftsliv,no.spill,95,2992,6,0.0019474196689386564
no.alt.troll,no.amiga,7,1544,3,0.001937984496124031
no.kultur.fritid.friluftsliv,no.video,95,942,2,0.001932367149758454
no.eunet.drift,no.marked.bil,135,1423,3,0.0019292604501607716
no.alt.gullkorn,no.c,7,1036,2,0.0019212295869356388
no.alt.troll,no.c,7,1036,2,0.0019212295869356388
no.alt.troll,no.medisin,7,1038,2,0.0019175455417066154
no.sport.fotball,no.telepost,629,417,2,0.0019157088122605363
no.org.efn.nyheter,no.uninett.skole,2,522,1,0.0019120458891013384
no.audio,no.sport.orientering,2493,144,5,0.001899696048632219
no.linux,no.sport.orientering,3024,144,6,0.0018975332068311196
no.reiser,no.svar,1050,12,2,0.0018867924528301887
no.religion,no.svar,1585,12,3,0.0018820577164366374
no.biz,no.prat.aksjer,55,480,1,0.0018726591760299626
no.biz,no.test,55,6390,12,0.001865381625990984
no.alt.tegneserier,no.uninett.fik,1043,37,2,0.0018552875695732839
no.alt.troll,no.bil,7,2153,4,0.0018552875695732839
no.kultur.fritid.friluftsliv,no.org.efn.diskusjon,95,446,1,0.001851851851851852
no.alt.radio_tv.irma1000,no.it.os.os2,210,332,1,0.0018484288354898336
no.org.decus,no.prat.narkotika,18,527,1,0.001838235294117647
no.alt.radio_tv.irma1000,no.prat.seksualitet,210,883,2,0.0018331805682859762
no.kultur.fritid.friluftsliv,no.student.nett,95,452,1,0.0018315018315018315
no.biz,no.speider,55,493,1,0.0018281535648994515
no.mac,no.svar,2742,12,5,0.0018188432157148053
no.mac,no.org.decus,2742,18,5,0.0018148820326678765
no.alt.irctreff,no.ms-windows,82,3235,6,0.001812141347025068
no.alt.irctreff,no.vit.diverse,82,473,1,0.0018050541516245488
no.marked.jobb,no.velkommen,2181,55,4,0.0017921146953405018
no.bolig,no.sport.orientering,978,144,2,0.0017857142857142857
no.fritid.spill.rollespill,no.skole.diverse,1,563,1,0.0017761989342806395
no.kultur.film,no.skole.diverse,1,563,1,0.0017761989342806395
no.org.efn.nyheter,no.perl,2,564,1,0.0017699115044247787
no.ef,no.org.efn.nyheter,567,2,1,0.0017605633802816902
no.alt.gullkorn,no.perl,7,564,1,0.0017543859649122807
no.eunet.hjelp,no.prat.ufo,244,327,1,0.0017543859649122807
no.alt.god.jul,no.org.efn.nyheter,570,2,1,0.0017513134851138354
no.alt.gullkorn,no.ef,7,567,1,0.0017452006980802793
no.skole.diverse,no.svar,563,12,1,0.0017421602787456446
no.eunet.hjelp,no.it.os.os2,244,332,1,0.0017391304347826088
no.alt.god.jul,no.alt.gullkorn,570,7,1,0.001736111111111111
no.org.decus,no.skole.diverse,18,563,1,0.0017241379310344827
no.sport.volleyball,no.telepost,165,417,1,0.0017211703958691911
no.org.decus,no.sykkel,18,1148,2,0.001718213058419244
no.alt.motorsykler,no.org.dnd,1690,66,3,0.0017113519680547634
no.org.efn.nyheter,no.psykologi,2,584,1,0.0017094017094017094
no.mswindow,no.musikk.klassisk,358,229,1,0.0017064846416382253
no.eunet.diverse,no.spill.rollespill,141,447,1,0.0017035775127768314
no.c,no.sport.orientering,1036,144,2,0.001697792869269949
no.org.efn.diskusjon,no.sport.orientering,446,144,1,0.001697792869269949
no.alt.troll,no.psykologi,7,584,1,0.001694915254237288
no.org.efn.nyheter,no.slekt.programmer,2,589,1,0.001694915254237288
no.musikk.gitar,no.uninett.fik,1148,37,2,0.0016906170752324597
no.radio_tv,no.svar,583,12,1,0.0016835016835016834
no.alt.troll,no.slekt.programmer,7,589,1,0.0016806722689075631
no.alkohol,no.alt.troll,1192,7,2,0.001670843776106934
no.biz,no.sykkel,55,1148,2,0.0016652789342214821
no.org.decus,no.psykologi,18,584,1,0.0016638935108153079
no.ef,no.uninett.fik,567,37,1,0.001658374792703151
no.alkohol,no.org.decus,1192,18,2,0.0016556291390728477
no.spill,no.uninett.fik,2992,37,5,0.0016534391534391533
no.alt.god.jul,no.uninett.fik,570,37,1,0.0016501650165016502
no.fritid.spill.rollespill,no.it.diverse,1,606,1,0.0016501650165016502
no.it.diverse,no.it.os.unix.linux.diverse,606,1,1,0.0016501650165016502
no.it.diverse,no.it.os.unix.linux.nettverk,606,1,1,0.0016501650165016502
no.it.diverse,no.kultur.film,606,1,1,0.0016501650165016502
no.alt.frustrasjoner,no.org.decus,3041,18,5,0.0016371971185330713
no.alt.troll,no.it.diverse,7,606,1,0.0016339869281045752
no.kultur.fritid.friluftsliv,no.uninett.skole,95,522,1,0.0016233766233766235
no.alt.troll,no.jus,7,1852,3,0.0016163793103448276
no.eunet.diverse,no.prat.aksjer,141,480,1,0.0016129032258064516
no.alt.pompelog,no.prat.aksjer,143,480,1,0.001607717041800643
no.alkohol,no.velkommen,1192,55,2,0.001606425702811245
no.jus,no.uninett.fik,1852,37,3,0.0015906680805938495
no.skole.diverse,no.uninett.katalog,563,68,1,0.0015873015873015873
no.folklore.generelt,no.radio_tv,49,583,1,0.001584786053882726
no.alt.gullkorn,no.news.diverse,7,1893,3,0.0015814443858724301
no.speider,no.sport.orientering,493,144,1,0.0015723270440251573
no.biz,no.radio_tv,55,583,1,0.0015698587127158557
no.alt.irctreff,no.slekt,82,1837,3,0.0015657620041753654
no.biz,no.slekt.programmer,55,589,1,0.0015552099533437014
no.general,no.svar,7081,12,11,0.0015532335498446767
no.alt.gullkorn,no.alt.mat,7,1286,2,0.001549186676994578
no.alt.mat,no.svar,1286,12,2,0.0015432098765432098
no.alt.troll,no.norsk,7,1963,3,0.001525165226232842
no.alt.sjokolade,no.org.efn.nyheter,656,2,1,0.0015220700152207
no.slekt,no.sport.orientering,1837,144,3,0.0015166835187057635
no.alt.mat,no.uninett.fik,1286,37,2,0.001514004542013626
no.alt.flame,no.sport.orientering,2515,144,4,0.0015065913370998117
no.alt.god.jul,no.kultur.fritid.friluftsliv,570,95,1,0.0015060240963855422
no.fritid.slektsforsking.diverse,no.stortinget,1,665,1,0.0015037593984962407
no.kultur.film,no.stortinget,1,665,1,0.0015037593984962407
no.org.efn.nyheter,no.stortinget,2,665,1,0.0015015015015015015
no.alt.flame,no.sport.volleyball,2515,165,4,0.0014947683109118087
no.org.isoc-no,no.sport.fotball,53,629,1,0.0014684287812041115
no.org.decus,no.stortinget,18,665,1,0.001466275659824047
no.alt.radio_tv.irma1000,no.prat.aksjer,210,480,1,0.001451378809869376
no.eunet.diverse,no.slekt.etterlysning,141,1240,2,0.0014503263234227702
no.alt.troll,no.www,7,3452,5,0.0014475969889982628
no.alt.sjokolade,no.uninett.fik,656,37,1,0.001445086705202312
no.alt.troll,no.radio-tv,7,2075,3,0.001443001443001443
no.alt.mat.drikke,no.uninett.fik,659,37,1,0.0014388489208633094
no.org.decus,no.radio-tv,18,2075,3,0.0014354066985645933
no.eunet.drift,no.skole.diverse,135,563,1,0.0014347202295552368
no.alt.troll,no.tele,7,2097,3,0.0014278914802475012
no.biz.nettilbydere,no.org.decus,686,18,1,0.001422475106685633
no.alt.god.jul,no.sport.orientering,570,144,1,0.001402524544179523
no.marked.bil,no.org.decus,1423,18,2,0.001389854065323141
no.alt.gullkorn,no.unix,7,1439,2,0.0013850415512465374
no.alt.troll,no.unix,7,1439,2,0.0013850415512465374
no.bil,no.org.decus,2153,18,3,0.0013837638376383763
no.radio_tv,no.sport.orientering,583,144,1,0.0013774104683195593
no.marked.jobb,no.svar,2181,12,3,0.0013698630136986301
no.kultur.fritid.friluftsliv,no.marked.data,95,7987,11,0.0013629042250030976
no.kultur.film,no.media,1,734,1,0.0013623978201634877
no.alt.troll,no.musikk,7,3669,5,0.001362026695723236
no.alt.gullkorn,no.irc,7,1475,2,0.0013513513513513514
no.alt.irctreff,no.bil,82,2153,3,0.0013440860215053765
no.alt.irctreff,no.stortinget,82,665,1,0.0013404825737265416
no.kjemi,no.kultur.film,746,1,1,0.0013404825737265416
no.kjemi,no.org.efn.nyheter,746,2,1,0.0013386880856760374
no.spill,no.svar,2992,12,4,0.0013333333333333333
no.media,no.org.decus,734,18,1,0.0013315579227696406
no.alt.troll,no.kjemi,7,746,1,0.0013297872340425532
no.sport.diverse,no.svar,1507,12,2,0.0013183915622940012
no.linux,no.org.decus,3024,18,4,0.0013166556945358788
no.alt.frustrasjoner,no.alt.troll,3041,7,4,0.001314060446780552
no.org.decus,no.sport.diverse,18,1507,2,0.0013131976362442547
no.alt.troll,no.litteratur,7,1532,2,0.0013012361743656475
no.eunet.diverse,no.sport.fotball,141,629,1,0.0013003901170351106
no.litteratur,no.svar,1532,12,2,0.0012970168612191958
no.alt.radio_tv.irma1000,no.skole.diverse,210,563,1,0.0012953367875647669
no.alt.katter,no.kultur.film,774,1,1,0.0012919896640826874
no.alt.gullkorn,no.alt.katter,7,774,1,0.001282051282051282
no.kjemi,no.uninett.fik,746,37,1,0.0012787723785166241
no.litteratur,no.uninett.fik,1532,37,2,0.0012763241863433313
no.alt.katter,no.svar,774,12,1,0.0012738853503184713
no.alt.gullkorn,no.religion,7,1585,2,0.0012578616352201257
no.alt.radio_tv.irma1000,no.slekt.programmer,210,589,1,0.0012531328320802004
no.mswindow,no.slekt.etterlysning,358,1240,2,0.0012531328320802004
no.org.decus,no.religion,18,1585,2,0.0012492192379762648
no.alt.diskusjoner,no.uninett.fik,2368,37,3,0.0012489592006661116
no.mswindow,no.spill.rollespill,358,447,1,0.0012437810945273632
no.alt.katter,no.uninett.fik,774,37,1,0.0012345679012345679
no.hobby.diverse,no.kultur.film,817,1,1,0.0012239902080783353
no.amiga,no.kultur.fritid.friluftsliv,1544,95,2,0.0012217470983506415
no.alt.gullkorn,no.hobby.diverse,7,817,1,0.001215066828675577
no.hobby.diverse,no.svar,817,12,1,0.0012077294685990338
no.hobby.diverse,no.org.decus,817,18,1,0.001199040767386091
no.audio,no.velkommen,2493,55,3,0.0011787819253438114
no.alt.motorsykler,no.svar,1690,12,2,0.001176470588235294
no.audio,no.kultur.fritid.friluftsliv,2493,95,3,0.0011605415860735009
no.alt.flame,no.kultur.fritid.friluftsliv,2515,95,3,0.0011507479861910242
no.alt.motorsykler,no.org.isoc-no,1690,53,2,0.0011487650775416428
no.eunet.hjelp,no.sport.fotball,244,629,1,0.0011467889908256881
no.alt.gledesutbrudd,no.alt.gullkorn,1754,7,2,0.0011370096645821489
no.kultur.film,no.prat.seksualitet,1,883,1,0.0011325028312570782
no.alt.irctreff,no.alt.motorsykler,82,1690,2,0.0011299435028248588
no.alt.gullkorn,no.prat.seksualitet,7,883,1,0.0011248593925759281
no.svar,no.vitser,12,3558,4,0.0011217049915872126
no.marked.bolig,no.svar,892,12,1,0.0011074197120708748
no.alt.motorsykler,no.spill.sjakk,1690,145,2,0.0010911074740861974
no.alt.troll,no.slekt,7,1837,2,0.0010857763300760044
no.mac,no.uninett.fik,2742,37,3,0.001080691642651297
no.sport.orientering,no.test,144,6390,7,0.001072468208978091
no.kultur.film,no.video,1,942,1,0.0010615711252653928
no.org.efn.nyheter,no.video,2,942,1,0.0010604453870625664
no.bolig,no.svar,978,12,1,0.0010111223458038423
no.fritid.spill.rollespill,no.mail.diverse,1,995,1,0.0010050251256281408
no.kultur.film,no.mail.diverse,1,995,1,0.0010050251256281408
no.mail.diverse,no.org.efn.nyheter,995,2,1,0.001004016064257028
no.norsk,no.uninett.fik,1963,37,2,0.001001001001001001
no.alt.frustrasjoner,no.uninett.fik,3041,37,3,0.000975609756097561
no.mail.diverse,no.uninett.fik,995,37,1,0.0009699321047526673
no.c,no.org.efn.nyheter,1036,2,1,0.0009643201542912247
no.kultur.film,no.medisin,1,1038,1,0.0009633911368015414
no.medisin,no.org.efn.nyheter,1038,2,1,0.0009624639076034649
no.alt.gullkorn,no.radio-tv,7,2075,2,0.0009615384615384616
no.alt.tegneserier,no.kultur.film,1043,1,1,0.0009587727708533077
no.alt.tegneserier,no.org.efn.nyheter,1043,2,1,0.0009578544061302681
no.alt.gullkorn,no.alt.tegneserier,7,1043,1,0.0009532888465204957
no.medisin,no.svar,1038,12,1,0.0009532888465204957
no.c,no.org.decus,1036,18,1,0.000949667616334283
no.medisin,no.org.decus,1038,18,1,0.0009478672985781991
no.org.decus,no.tele,18,2097,2,0.000946521533364884
no.org.decus,no.reiser,18,1050,1,0.0009372071227741331
no.c,no.uninett.fik,1036,37,1,0.0009328358208955224
no.medisin,no.uninett.fik,1038,37,1,0.000931098696461825
no.alt.troll,no.ms-windows,7,3235,3,0.0009262117937635072
no.bil,no.svar,2153,12,2,0.0009246417013407304
no.ms-windows,no.org.decus,3235,18,3,0.0009230769230769231
no.alt.gullkorn,no.marked.jobb,7,2181,2,0.0009149130832570906
no.marked.jobb,no.org.decus,2181,18,2,0.0009103322712790169
no.alt.troll,no.biz.annonser,7,2197,2,0.0009082652134423251
no.biz.annonser,no.org.decus,2197,18,2,0.0009037505648441031
no.elektronikk,no.svar,2253,12,2,0.0008837825894829872
no.fritid.spill.rollespill,no.sykkel,1,1148,1,0.0008710801393728223
no.musikk.gitar,no.org.efn.nyheter,1148,2,1,0.0008703220191470844
no.org.efn.nyheter,no.sykkel,2,1148,1,0.0008703220191470844
no.fritid.slektsforsking.diverse,no.prat.politikk,1,1152,1,0.0008680555555555555
no.fritid.spill.rollespill,no.prat.politikk,1,1152,1,0.0008680555555555555
no.kultur.film,no.prat.politikk,1,1152,1,0.0008680555555555555
no.alt.gullkorn,no.sykkel,7,1148,1,0.0008665511265164644
no.alt.troll,no.musikk.gitar,7,1148,1,0.0008665511265164644
no.alt.troll,no.sykkel,7,1148,1,0.0008665511265164644
no.org.decus,no.www,18,3452,3,0.0008653014133256418
no.alt.gullkorn,no.prat.politikk,7,1152,1,0.0008635578583765112
no.org.decus,no.prat.politikk,18,1152,1,0.000855431993156544
no.pc,no.svar,7029,12,6,0.0008528784648187633
no.alt.diskusjoner,no.alt.gullkorn,2368,7,2,0.0008428150021070375
no.alt.troll,no.vitser,7,3558,3,0.0008422234699606962
no.alt.diskusjoner,no.org.decus,2368,18,2,0.0008389261744966443
no.alkohol,no.org.efn.nyheter,1192,2,1,0.0008382229673093043
no.reiser,no.sport.orientering,1050,144,1,0.0008382229673093043
no.musikk.gitar,no.velkommen,1148,55,1,0.0008319467554076539
no.net,no.org.efn.nyheter,1218,2,1,0.0008203445447087777
no.kultur.musikk.diverse,no.net,3,1218,1,0.000819672131147541
no.alt.gullkorn,no.net,7,1218,1,0.0008169934640522876
no.alkohol,no.uninett.fik,1192,37,1,0.0008143322475570033
no.net,no.org.decus,1218,18,1,0.0008097165991902834
no.fritid.slektsforsking.diverse,no.slekt.etterlysning,1,1240,1,0.0008064516129032258
no.alt.gullkorn,no.audio,7,2493,2,0.0008006405124099279
no.alt.troll,no.audio,7,2493,2,0.0008006405124099279
no.audio,no.svar,2493,12,2,0.0007990411506192569
no.net,no.uninett.fik,1218,37,1,0.0007974481658692185
no.alt.flame,no.svar,2515,12,2,0.0007920792079207921
no.svar,no.test,12,6390,5,0.000781616382679381
no.alt.mat,no.kultur.film,1286,1,1,0.0007776049766718507
no.alt.mat,no.org.efn.nyheter,1286,2,1,0.000777000777000777
no.slekt.etterlysning,no.velkommen,1240,55,1,0.0007727975270479134
no.film,no.uninett.fik,2587,37,2,0.0007627765064836003
no.alt.irctreff,no.slekt.etterlysning,82,1240,1,0.000757002271006813
no.alt.troll,no.mac,7,2742,2,0.0007280669821623589
no.alt.pompelog,no.slekt.etterlysning,143,1240,1,0.000723589001447178
no.multimedia,no.org.efn.nyheter,1383,2,1,0.000722543352601156
no.alt.gullkorn,no.multimedia,7,1383,1,0.0007199424046076314
no.marked,no.svar,8430,12,6,0.0007112375533428165
no.org.decus,no.pc,18,7029,5,0.0007100255609201931
no.alt.troll,no.general,7,7081,5,0.0007059155724975293
no.general,no.org.decus,7081,18,5,0.00070482097547223
no.multimedia,no.uninett.fik,1383,37,1,0.0007047216349541931
no.fritid.spill.rollespill,no.unix,1,1439,1,0.0006949270326615705
no.kultur.film,no.unix,1,1439,1,0.0006949270326615705
no.org.efn.nyheter,no.unix,2,1439,1,0.0006944444444444445
no.alt.radio_tv.irma1000,no.slekt.etterlysning,210,1240,1,0.0006901311249137336
no.fritid.spill.rollespill,no.irc,1,1475,1,0.0006779661016949153
no.irc,no.org.efn.nyheter,1475,2,1,0.0006775067750677507
no.irc,no.org.decus,1475,18,1,0.0006702412868632708
no.org.efn.nyheter,no.sport.diverse,2,1507,1,0.000663129973474801
no.irc,no.uninett.fik,1475,37,1,0.0006618133686300463
no.alt.gullkorn,no.sport.diverse,7,1507,1,0.0006609385327164573
no.alt.troll,no.sport.diverse,7,1507,1,0.0006609385327164573
no.alt.gullkorn,no.linux,7,3024,2,0.0006602839220864972
no.alt.troll,no.linux,7,3024,2,0.0006602839220864972
no.kultur.film,no.litteratur,1,1532,1,0.0006527415143603133
no.litteratur,no.org.efn.nyheter,1532,2,1,0.0006523157208088715
no.alt.gullkorn,no.litteratur,7,1532,1,0.0006501950585175553
no.biz.annonser.data,no.org.nobug.nytt,1548,2,1,0.0006455777921239509
no.litteratur,no.org.decus,1532,18,1,0.0006455777921239509
no.alt.gullkorn,no.amiga,7,1544,1,0.0006451612903225806
no.alt.troll,no.biz.annonser.data,7,1548,1,0.0006435006435006435
no.biz.annonser.data,no.svar,1548,12,1,0.0006414368184733803
no.amiga,no.org.decus,1544,18,1,0.0006406149903907751
no.biz.annonser.data,no.org.decus,1548,18,1,0.0006389776357827476
no.alt.amiga,no.slekt.etterlysning,343,1240,1,0.0006321112515802782
no.kultur.film,no.religion,1,1585,1,0.0006309148264984228
no.org.efn.nyheter,no.religion,2,1585,1,0.0006305170239596469
no.ms-windows,no.svar,3235,12,2,0.0006163328197226503
no.marked,no.org.decus,8430,18,5,0.0005922065616487031
no.alt.motorsykler,no.alt.troll,1690,7,1,0.0005896226415094339
no.alt.motorsykler,no.org.decus,1690,18,1,0.0005858230814294083
no.alt.motorsykler,no.uninett.fik,1690,37,1,0.0005793742757821553
no.alt.gullkorn,no.www,7,3452,2,0.0005785363031530228
no.alt.gledesutbrudd,no.kultur.film,1754,1,1,0.0005701254275940707
no.alt.gledesutbrudd,no.org.efn.nyheter,1754,2,1,0.0005698005698005698
no.pc,no.uninett.fik,7029,37,4,0.0005664117813650524
no.alt.gledesutbrudd,no.org.decus,1754,18,1,0.000564652738565782
no.alt.gledesutbrudd,no.uninett.fik,1754,37,1,0.0005586592178770949
no.alt.gullkorn,no.musikk,7,3669,2,0.0005443658138268917
no.fritid.slektsforsking.diverse,no.slekt,1,1837,1,0.0005443658138268917
no.org.efn.nyheter,no.slekt,2,1837,1,0.000544069640914037
no.musikk,no.svar,3669,12,2,0.0005436259853220984
no.fritid.spill.rollespill,no.jus,1,1852,1,0.0005399568034557236
no.jus,no.kultur.film,1852,1,1,0.0005399568034557236
no.jus,no.org.efn.nyheter,1852,2,1,0.0005396654074473826
no.alt.motorsykler,no.sport.volleyball,1690,165,1,0.0005393743257820927
no.org.decus,no.slekt,18,1837,1,0.0005393743257820927
no.alt.gullkorn,no.jus,7,1852,1,0.0005382131324004305
no.jus,no.org.decus,1852,18,1,0.0005350454788657035
no.slekt,no.velkommen,1837,55,1,0.0005288207297726071
no.kultur.film,no.news.diverse,1,1893,1,0.0005282620179609086
no.news.diverse,no.org.efn.nyheter,1893,2,1,0.0005279831045406547
no.news.diverse,no.org.nobug.nytt,1893,2,1,0.0005279831045406547
no.news.diverse,no.uninett.fik,1893,37,1,0.0005184033177812338
no.fritid.spill.rollespill,no.norsk,1,1963,1,0.0005094243504839531
no.kultur.film,no.norsk,1,1963,1,0.0005094243504839531
no.norsk,no.org.efn.nyheter,1963,2,1,0.0005091649694501018
no.alt.gullkorn,no.norsk,7,1963,1,0.0005078720162519045
no.norsk,no.svar,1963,12,1,0.0005065856129685917
no.marked.data,no.svar,7987,12,4,0.0005003126954346467
no.marked.data,no.org.decus,7987,18,4,0.0004999375078115235
no.kultur.film,no.radio-tv,1,2075,1,0.00048192771084337347
no.org.efn.nyheter,no.radio-tv,2,2075,1,0.0004816955684007707
no.kultur.film,no.tele,1,2097,1,0.0004768717215069146
no.org.efn.nyheter,no.tele,2,2097,1,0.00047664442326024784
no.org.nobug.nytt,no.tele,2,2097,1,0.00047664442326024784
no.alt.gullkorn,no.tele,7,2097,1,0.00047551117451260106
no.alt.troll,no.marked,7,8430,4,0.0004743270484999407
no.test,no.uninett.fik,6390,37,3,0.00046699875466998757
no.bil,no.kultur.film,2153,1,1,0.00046446818392940084
no.marked.jobb,no.org.efn.nyheter,2181,2,1,0.00045829514207149406
no.marked.jobb,no.org.nobug.nytt,2181,2,1,0.00045829514207149406
no.alt.troll,no.marked.jobb,7,2181,1,0.0004572473708276177
no.marked.jobb,no.uninett.fik,2181,37,1,0.0004510599909788002
no.elektronikk,no.kultur.film,2253,1,1,0.0004438526409232135
no.alt.gullkorn,no.elektronikk,7,2253,1,0.0004426737494466578
no.elektronikk,no.org.decus,2253,18,1,0.0004405286343612335
no.elektronikk,no.uninett.fik,2253,37,1,0.00043687199650502403
no.alt.troll,no.pc,7,7029,3,0.00042656050049765394
no.alt.gullkorn,no.general,7,7081,3,0.0004234297812279464
no.alt.diskusjoner,no.fritid.spill.rollespill,2368,1,1,0.0004222972972972973
no.alt.diskusjoner,no.kultur.film,2368,1,1,0.0004222972972972973
no.alt.diskusjoner,no.org.efn.nyheter,2368,2,1,0.00042211903756859433
no.audio,no.kultur.film,2493,1,1,0.00040112314480545525
no.audio,no.org.efn.nyheter,2493,2,1,0.00040096230954290296
no.audio,no.org.decus,2493,18,1,0.00039840637450199205
no.audio,no.uninett.fik,2493,37,1,0.00039541320680110717
no.alt.flame,no.uninett.fik,2515,37,1,0.0003920031360250882
no.film,no.kultur.film,2587,1,1,0.00038654812524159255
no.film,no.org.efn.nyheter,2587,2,1,0.0003863987635239567
no.alt.troll,no.film,7,2587,1,0.0003856536829926726
no.film,no.svar,2587,12,1,0.00038491147036181676
no.film,no.org.decus,2587,18,1,0.00038402457757296467
no.fritid.spill.rollespill,no.mac,1,2742,1,0.00036469730123997083
no.mac,no.org.efn.nyheter,2742,2,1,0.0003645643456069996
no.marked,no.uninett.fik,8430,37,3,0.00035444234404536864
no.kultur.film,no.spill,1,2992,1,0.00033422459893048126
no.org.efn.nyheter,no.spill,2,2992,1,0.0003341129301703976
no.alt.troll,no.spill,7,2992,1,0.000333555703802535
no.fritid.spill.rollespill,no.linux,1,3024,1,0.00033068783068783067
no.kultur.film,no.linux,1,3024,1,0.00033068783068783067
no.linux,no.org.efn.nyheter,3024,2,1,0.00033057851239669424
no.alt.diskusjoner.usa,no.alt.frustrasjoner,1,3041,1,0.0003288391976323578
no.alt.frustrasjoner,no.fritid.spill.rollespill,3041,1,1,0.0003288391976323578
no.alt.frustrasjoner,no.kultur.film,3041,1,1,0.0003288391976323578
no.alt.frustrasjoner,no.samfunn.politikk.utenriks,3041,1,1,0.0003288391976323578
no.alt.frustrasjoner,no.alt.gullkorn,3041,7,1,0.0003281916639317361
no.linux,no.uninett.fik,3024,37,1,0.000326797385620915
no.org.decus,no.test,18,6390,2,0.00031220730565095225
no.fritid.spill.rollespill,no.ms-windows,1,3235,1,0.0003091190108191654
no.kultur.film,no.ms-windows,1,3235,1,0.0003091190108191654
no.alt.gullkorn,no.ms-windows,7,3235,1,0.000308546744831842
no.fritid.spill.rollespill,no.www,1,3452,1,0.00028968713789107763
no.kultur.film,no.www,1,3452,1,0.00028968713789107763
no.org.efn.nyheter,no.www,2,3452,1,0.0002896032435563278
no.general,no.org.nobug.nytt,7081,2,2,0.00028244598220590313
no.general,no.uninett.fik,7081,37,2,0.0002810567734682406
no.org.efn.nyheter,no.vitser,2,3558,1,0.0002809778027535825
no.org.decus,no.vitser,18,3558,1,0.0002797202797202797
no.uninett.fik,no.vitser,37,3558,1,0.0002782415136338342
no.fritid.spill.rollespill,no.musikk,1,3669,1,0.0002725538293813028
no.kultur.film,no.musikk,1,3669,1,0.0002725538293813028
no.musikk,no.org.efn.nyheter,3669,2,1,0.00027247956403269756
no.musikk,no.org.decus,3669,18,1,0.00027129679869777537
no.musikk,no.uninett.fik,3669,37,1,0.0002699055330634278
no.fritid.spill.rollespill,no.test,1,6390,1,0.00015649452269170578
no.kultur.film,no.test,1,6390,1,0.00015649452269170578
no.samfunn.media.radio-tv,no.test,1,6390,1,0.00015649452269170578
no.org.efn.nyheter,no.test,2,6390,1,0.00015647003598810827
no.alt.gullkorn,no.test,7,6390,1,0.00015634771732332708
no.alt.troll,no.test,7,6390,1,0.00015634771732332708
no.fritid.slektsforsking.diverse,no.pc,1,7029,1,0.0001422677479015507
no.fritid.spill.rollespill,no.pc,1,7029,1,0.0001422677479015507
no.kultur.film,no.pc,1,7029,1,0.0001422677479015507
no.org.efn.nyheter,no.pc,2,7029,1,0.0001422475106685633
no.alt.gullkorn,no.pc,7,7029,1,0.00014214641080312722
no.fritid.spill.rollespill,no.general,1,7081,1,0.00014122299110295156
no.general,no.kultur.film,7081,1,1,0.00014122299110295156
no.general,no.org.efn.nyheter,7081,2,1,0.0001412030499858797
no.general,no.kultur.musikk.diverse,7081,3,1,0.00014118311449950587
no.fritid.spill.rollespill,no.marked.data,1,7987,1,0.000125203455615375
no.kultur.film,no.marked.data,1,7987,1,0.000125203455615375
no.marked.data,no.org.efn.nyheter,7987,2,1,0.00012518778167250875
no.marked.data,no.org.nobug.nytt,7987,2,1,0.00012518778167250875
no.alt.gullkorn,no.marked.data,7,7987,1,0.00012510947078693858
no.alt.troll,no.marked.data,7,7987,1,0.00012510947078693858
no.fritid.spill.rollespill,no.marked,1,8430,1,0.00011862396204033214
no.kultur.film,no.marked,1,8430,1,0.00011862396204033214
no.marked,no.org.efn.nyheter,8430,2,1,0.00011860989206499822
no.alt.gullkorn,no.marked,7,8430,1,0.00011853959222380275
