from_newsgroup,to_newsgroup,number_of_references
no.alt.flame,unknown,4239
no.general,no.alt.diskusjoner,2534
no.general,unknown,2408
no.alt.diskusjoner,no.general,2362
no.alt.frustrasjoner,no.general,1488
no.general,no.alt.frustrasjoner,1244
no.norsk,no.general,1106
no.prat.politikk,no.general,1069
no.general,no.prat.politikk,1029
no.general,no.norsk,969
no.religion,no.general,933
no.alt.frustrasjoner,unknown,932
no.general,no.religion,915
no.religion,unknown,878
no.jus,no.general,783
no.alt.motorsykler,unknown,726
no.alt.frustrasjoner,no.alt.gledesutbrudd,717
no.general,no.jus,695
no.news.diverse,no.general,674
no.general,no.alt.flame,638
no.alt.flame,no.general,628
no.general,no.irc,620
no.marked.data,no.marked,617
no.alt.gledesutbrudd,no.alt.frustrasjoner,611
no.marked,no.marked.data,611
no.pc,unknown,610
no.irc,no.general,598
no.alt.diskusjoner,unknown,594
no.ms-windows,no.pc,546
no.musikk,unknown,546
no.norsk,unknown,541
no.alt.diskusjoner,no.alt.frustrasjoner,537
no.pc,no.ms-windows,536
no.general,no.news.diverse,517
no.alt.frustrasjoner,no.alt.diskusjoner,512
no.film,unknown,400
no.jus,unknown,400
no.general,no.pc,395
no.pc,no.general,384
no.stortinget,no.alt.diskusjoner,368
no.alt.diskusjoner,no.stortinget,357
no.general,no.stortinget,354
no.unix,no.linux,351
no.mac,unknown,347
no.general,no.ef,345
no.pc,no.marked.data,345
no.news.diverse,unknown,338
no.alt.diskusjoner,no.irc,336
no.linux,no.unix,333
no.ef,no.alt.diskusjoner,329
no.jus,no.alt.diskusjoner,329
no.irc,no.alt.diskusjoner,327
no.stortinget,no.general,327
no.ef,no.general,326
no.alt.diskusjoner,no.ef,325
no.marked.data,no.pc,321
no.alt.diskusjoner,no.religion,319
no.prat.narkotika,no.alkohol,319
no.religion,no.alt.diskusjoner,313
no.alt.diskusjoner,no.jus,310
no.alkohol,no.prat.narkotika,305
no.musikk,no.marked,303
no.org.efn.diskusjon,no.general,299
no.vitser,unknown,297
no.biz.annonser,no.marked.data,292
no.marked.data,no.biz.annonser,285
no.general,no.org.efn.diskusjon,284
no.marked,unknown,283
no.biz.annonser,no.marked,276
no.marked,no.musikk,276
no.alt.gledesutbrudd,unknown,275
no.linux,unknown,274
no.pc,no.marked,269
no.marked,no.biz.annonser,267
no.audio,unknown,262
no.marked,no.pc,261
no.alkohol,no.general,252
no.alt.frustrasjoner,no.pc,248
no.general,no.marked,246
no.psykologi,no.alt.diskusjoner,238
no.alt.diskusjoner,no.psykologi,233
no.pc,no.alt.frustrasjoner,232
no.general,no.alkohol,229
no.tele,no.general,229
no.jus,no.irc,228
no.slekt,unknown,227
no.irc,unknown,226
no.alt.diskusjoner,no.news.diverse,223
no.multimedia,no.marked,223
no.marked,no.multimedia,220
no.prat.politikk,no.stortinget,220
no.general,no.tele,218
no.spill,unknown,213
no.pc,no.spill,212
no.alkohol,no.alt.diskusjoner,210
no.general,no.net,209
no.alt.diskusjoner,no.alkohol,208
no.alt.mat,no.general,207
no.irc,no.jus,204
no.pc,no.mac,203
no.marked,no.general,202
no.linux,no.pc,201
no.spill,no.pc,198
no.news.diverse,no.alt.diskusjoner,196
no.general,no.mail.diverse,195
no.mac,no.pc,195
no.marked.data,unknown,195
no.radio-tv,no.general,195
no.ms-windows,unknown,193
no.audio,no.film,190
no.alt.flame,no.alt.diskusjoner,189
no.audio,no.marked,188
no.alt.frustrasjoner,no.news.diverse,187
no.film,no.audio,185
no.net,no.general,185
no.marked,no.audio,184
no.telepost,no.general,183
no.pc,no.linux,182
no.general,no.litteratur,181
no.general,no.telepost,180
no.mail.diverse,no.general,179
no.norsk,no.prat.politikk,179
no.prat.politikk,no.alt.diskusjoner,179
no.alt.frustrasjoner,no.norsk,175
no.musikk,no.general,175
no.news.diverse,no.alt.frustrasjoner,175
no.norsk,no.alt.frustrasjoner,175
no.general,no.multimedia,174
no.news.diverse,no.mac,172
no.sport.diverse,unknown,171
no.bil,unknown,170
no.mac,no.marked,167
no.musikk,no.audio,166
no.general,no.alt.mat,165
no.marked,no.mac,164
no.alt.frustrasjoner,no.vitser,163
no.pc,no.elektronikk,163
no.elektronikk,no.pc,162
no.norsk,no.jus,162
no.pc,no.multimedia,162
no.linux,no.marked,160
no.tele,unknown,160
no.bil,no.alt.motorsykler,159
no.general,no.radio-tv,159
no.marked,no.marked.jobb,159
no.musikk.gitar,no.musikk,159
no.litteratur,no.general,158
no.mac,no.multimedia,158
no.marked,no.linux,158
no.marked.data,no.biz.annonser.data,158
no.marked.jobb,no.marked,158
no.mail.diverse,no.mail.drift,157
no.mail.drift,no.mail.diverse,157
no.alt.motorsykler,no.bil,156
no.film,no.general,156
no.jus,no.org.efn.diskusjon,156
no.multimedia,no.pc,156
no.general,no.skole.diverse,155
no.multimedia,no.general,155
no.multimedia,no.mac,155
no.audio,no.musikk,154
no.radio-tv,unknown,154
no.biz.annonser.data,no.marked.data,153
no.general,no.audio,153
no.alt.gledesutbrudd,no.general,152
no.alt.motorsykler,no.general,152
no.general,no.alt.gledesutbrudd,151
no.general,no.musikk,151
no.norsk,no.skole.diverse,150
no.musikk,no.musikk.gitar,149
no.skole.diverse,no.norsk,149
no.prat.politikk,no.skole.diverse,148
no.linux,no.general,147
no.prat.politikk,no.norsk,146
no.skole.diverse,no.general,146
no.alt.frustrasjoner,no.jus,145
no.audio,no.multimedia,145
no.skole.diverse,no.prat.politikk,145
no.alkohol,unknown,144
no.audio,no.general,144
no.multimedia,no.audio,142
no.news.diverse,no.mail.diverse,142
no.general,no.film,139
no.unix,unknown,139
no.mail.diverse,no.marked,138
no.jus,no.alt.frustrasjoner,137
no.vitser,no.alt.frustrasjoner,137
no.alt.flame,no.alt.frustrasjoner,136
no.linux,no.net,136
no.marked.data,no.mac,136
no.alt.diskusjoner,no.prat.seksualitet,135
no.alt.frustrasjoner,no.marked,135
no.mac,no.marked.data,135
no.ms-windows,no.marked.data,135
no.norsk,no.alt.diskusjoner,135
no.ef,no.c,134
no.elektronikk,no.marked,134
no.net,no.linux,134
no.c,no.ef,131
no.marked,no.elektronikk,130
no.marked,no.mail.diverse,130
no.general,no.alt.motorsykler,129
no.mac,no.linux,129
no.prat.seksualitet,unknown,129
no.linux,no.mail.diverse,128
no.jus,no.marked,127
no.linux,no.mac,127
no.sykkel,no.alt.frustrasjoner,127
no.alt.diskusjoner,no.marked,126
no.alt.diskusjoner,no.pc,126
no.kjemi,no.litteratur,126
no.mail.diverse,no.net,126
no.musikk,no.multimedia,126
no.alt.frustrasjoner,no.alt.flame,125
no.mail.diverse,no.linux,125
no.marked.data,no.ms-windows,124
no.general,no.c,123
no.net,no.mail.diverse,123
no.stortinget,no.prat.politikk,123
no.alt.diskusjoner,no.alt.flame,122
no.alt.frustrasjoner,no.sykkel,122
no.ms-windows,no.marked,122
no.prat.politikk,unknown,122
no.kjemi,no.marked,121
no.litteratur,no.kjemi,121
no.linux,no.multimedia,119
no.mail.drift,no.marked,119
no.marked,no.kjemi,119
no.linux,no.litteratur,118
no.litteratur,no.multimedia,118
no.mac,no.mail.drift,118
no.mac,no.news.diverse,118
no.marked,no.mail.drift,118
no.multimedia,no.litteratur,118
no.psykologi,no.general,118
no.kjemi,no.mail.diverse,117
no.kjemi,no.mail.drift,117
no.litteratur,no.marked,117
no.mac,no.litteratur,117
no.mail.drift,no.mac,117
no.marked,no.litteratur,117
no.multimedia,no.linux,117
no.psykologi,no.religion,117
no.mail.drift,no.kjemi,116
no.marked,no.ms-windows,116
no.multimedia,no.marked.data,116
no.litteratur,no.linux,115
no.mac,no.mail.diverse,115
no.mail.diverse,no.kjemi,115
no.prat.narkotika,no.general,115
no.radio-tv,no.film,115
no.alt.tegneserier,no.general,114
no.embnet,no.c,114
no.kjemi,no.linux,114
no.linux,no.kjemi,114
no.litteratur,no.mac,114
no.mail.drift,no.linux,114
no.ef,no.embnet,113
no.mail.diverse,no.mac,113
no.audio,no.elektronikk,112
no.c,no.embnet,112
no.embnet,no.ef,112
no.linux,no.mail.drift,112
no.mac,no.kjemi,112
no.marked.data,no.multimedia,112
no.org.efn.diskusjon,no.jus,112
no.alt.gledesutbrudd,no.alt.diskusjoner,111
no.kjemi,no.mac,111
no.org.efn.diskusjon,no.irc,111
no.irc,no.org.efn.diskusjon,110
no.multimedia,no.musikk,110
no.pc,no.alt.diskusjoner,110
no.elektronikk,no.audio,109
no.mail.drift,no.litteratur,109
no.litteratur,no.mail.diverse,108
no.litteratur,no.mail.drift,108
no.mail.diverse,no.litteratur,108
no.mail.diverse,no.multimedia,108
no.mail.diverse,no.news.diverse,108
no.marked,no.jus,108
no.multimedia,no.mail.diverse,108
no.elektronikk,unknown,107
no.pc,no.vitser,107
no.bil,no.elektronikk,106
no.general,no.marked.jobb,105
no.litteratur,unknown,105
no.religion,no.psykologi,105
no.spill,no.general,105
no.spill,no.marked,105
no.elektronikk,no.bil,104
no.mail.drift,no.multimedia,104
no.marked,no.alt.diskusjoner,104
no.marked,no.net,104
no.net,no.marked,104
no.general,no.radio_tv,103
no.multimedia,no.mail.drift,103
no.sykkel,unknown,103
no.c,no.general,102
no.jus,no.musikk,102
no.kjemi,no.multimedia,102
no.marked,no.alt.frustrasjoner,102
no.marked,no.spill,102
no.prat.narkotika,no.prat.politikk,102
no.amiga,unknown,101
no.general,no.prat.narkotika,101
no.kjemi,no.medisin,101
no.jus,no.mail.diverse,100
no.multimedia,no.kjemi,100
no.prat.narkotika,no.alt.diskusjoner,100
no.test,unknown,100
no.alt.diskusjoner,no.prat.politikk,99
no.general,no.spill,99
no.multimedia,no.marked.jobb,99
no.biz.annonser,no.biz.annonser.data,98
no.jus,no.linux,98
no.marked.jobb,no.multimedia,98
no.norsk,no.news.diverse,98
no.medisin,no.kjemi,97
no.alt.frustrasjoner,no.alt.mat,96
no.irc,no.havforskning,96
no.jus,no.norsk,96
no.musikk,no.mac,95
no.radio_tv,no.general,95
no.alt.tegneserier,unknown,94
no.biz.annonser.data,no.biz.annonser,94
no.unix,no.general,94
no.vitser,no.general,94
no.alt.diskusjoner,no.multimedia,93
no.alt.tegneserier,no.film,93
no.embnet,no.havforskning,93
no.general,no.psykologi,93
no.havforskning,no.embnet,93
no.news.diverse,no.norsk,93
no.c,unknown,92
no.havforskning,no.c,92
no.havforskning,no.irc,92
no.kjemi,no.alt.diskusjoner,92
no.news.diverse,no.marked,92
no.prat.politikk,no.prat.narkotika,92
no.c,no.havforskning,91
no.ef,no.havforskning,91
no.general,no.news.drift,91
no.lisp,no.general,91
no.news.diverse,no.news.drift,91
no.alt.frustrasjoner,no.elektronikk,90
no.embnet,no.film,90
no.general,no.alt.tegneserier,90
no.havforskning,no.ef,90
no.linux,no.jus,90
no.mac,no.marked.jobb,90
no.news.diverse,no.musikk,90
no.alt.diskusjoner,no.net,89
no.alt.diskusjoner,no.norsk,89
no.alt.flame,no.spill,89
no.alt.mat,no.alt.frustrasjoner,89
no.alt.motorsykler,no.elektronikk,89
no.film,no.c,89
no.film,no.embnet,89
no.general,no.linux,89
no.irc,no.c,89
no.irc,no.embnet,89
no.marked.jobb,no.general,89
no.multimedia,no.net,89
no.net,no.multimedia,89
no.vitser,no.alt.diskusjoner,89
no.alt.diskusjoner,no.vitser,88
no.alt.flame,no.musikk,88
no.c,no.film,88
no.ef,no.film,88
no.irc,no.film,88
no.mac,no.musikk,88
no.marked.jobb,no.mac,88
no.psykologi,unknown,88
no.alkohol,no.stortinget,87
no.alt.diskusjoner,no.alt.gledesutbrudd,87
no.film,no.irc,87
no.film,no.musikk,87
no.uninett.skole,no.general,87
no.vitser,no.pc,87
no.embnet,no.irc,86
no.film,no.alt.tegneserier,86
no.film,no.ef,86
no.general,no.embnet,86
no.irc,no.ef,86
no.mail.diverse,no.jus,86
no.stortinget,no.alkohol,86
no.film,no.radio-tv,85
no.general,no.biz.annonser,85
no.general,no.uninett.skole,85
no.c,no.irc,84
no.ef,no.irc,84
no.film,no.havforskning,84
no.havforskning,no.film,84
no.jus,no.kjemi,84
no.film,no.marked,83
no.musikk,no.film,83
no.musikk,no.jus,83
no.news.diverse,no.sport.diverse,83
no.alt.frustrasjoner,no.net,82
no.jus,no.net,82
no.marked,no.film,82
no.marked.jobb,no.mail.diverse,82
no.multimedia,no.alt.diskusjoner,82
no.kjemi,no.jus,81
no.mac,no.net,81
no.mail.diverse,no.marked.jobb,81
no.marked.jobb,no.litteratur,81
no.news.diverse,no.pc,81
no.alt.config,no.news.diverse,80
no.alt.mat,unknown,80
no.linux,no.marked.jobb,80
no.litteratur,no.marked.jobb,80
no.mail.drift,no.marked.jobb,80
no.marked.jobb,no.mail.drift,80
no.net,no.alt.diskusjoner,80
no.news.diverse,no.www,80
no.tele,no.alt.diskusjoner,80
no.jus,no.litteratur,79
no.kjemi,no.havforskning,79
no.mail.diverse,unknown,79
no.ms-windows,no.multimedia,79
no.musikk,no.linux,79
no.net,no.mac,79
no.news.diverse,no.alt.config,79
no.news.drift,no.general,79
no.norsk,no.litteratur,79
no.prat.narkotika,unknown,79
no.unix,no.pc,79
no.elektronikk,no.alt.motorsykler,78
no.kjemi,no.marked.jobb,78
no.linux,no.irc,78
no.mac,no.general,78
no.mail.drift,no.net,78
no.marked.jobb,no.linux,78
no.net,no.jus,78
no.net,no.mail.drift,78
no.pc,no.net,78
no.alt.diskusjoner,no.kjemi,77
no.alt.gledesutbrudd,no.alt.mat,77
no.havforskning,no.kjemi,77
no.musikk,no.marked.data,77
no.alt.mat,no.alt.diskusjoner,76
no.alt.motorsykler,no.alt.diskusjoner,76
no.general,no.elektronikk,76
no.jus,no.pc,76
no.alt.config,no.alt.frustrasjoner,75
no.alt.diskusjoner,no.elektronikk,75
no.audio,no.c,75
no.general,no.www,75
no.jus,no.mail.drift,75
no.linux,no.musikk,75
no.litteratur,no.film,75
no.marked.jobb,no.kjemi,75
no.marked.jobb,no.marked.data,75
no.multimedia,no.ms-windows,75
no.musikk,no.news.diverse,75
no.norsk,no.marked,75
no.norsk,no.stortinget,75
no.alt.config,no.general,74
no.alt.tegneserier,no.c,74
no.audio,no.ef,74
no.bil,no.marked,74
no.c,no.audio,74
no.ef,no.audio,74
no.elektronikk,no.alt.frustrasjoner,74
no.general,no.kjemi,74
no.irc,no.linux,74
no.litteratur,no.jus,74
no.litteratur,no.norsk,74
no.marked.data,no.marked.jobb,74
no.marked.data,no.musikk,74
no.news.diverse,no.jus,74
no.news.diverse,no.kjemi,74
no.news.diverse,no.net,74
no.news.diverse,no.telepost,74
no.alt.mat,no.alt.gledesutbrudd,73
no.alt.tegneserier,no.ef,73
no.alt.tegneserier,no.embnet,73
no.jus,no.mac,73
no.news.diverse,no.linux,73
no.spill,no.multimedia,73
no.alt.frustrasjoner,no.alt.config,72
no.audio,no.marked.data,72
no.c,no.alt.tegneserier,72
no.ef,no.alt.tegneserier,72
no.general,no.havforskning,72
no.irc,no.marked,72
no.marked,no.vitser,72
no.news.drift,no.net,72
no.alt.frustrasjoner,no.alt.motorsykler,71
no.audio,no.embnet,71
no.biz.nettilbydere,no.tele,71
no.elektronikk,no.general,71
no.embnet,no.alt.tegneserier,71
no.general,no.sport.diverse,71
no.it.emacs,no.general,71
no.kjemi,no.net,71
no.medisin,no.alt.diskusjoner,71
no.multimedia,no.spill,71
no.norsk,no.pc,71
no.prat.politikk,no.religion,71
no.telepost,no.news.diverse,71
no.embnet,no.audio,70
no.general,no.mac,70
no.mac,no.jus,70
no.net,no.news.drift,70
no.alt.tegneserier,no.audio,69
no.audio,no.alt.tegneserier,69
no.ef,unknown,69
no.elektronikk,no.alt.diskusjoner,69
no.general,no.marked.data,69
no.jus,no.religion,69
no.net,no.kjemi,69
no.net,no.pc,69
no.www,unknown,69
no.alt.diskusjoner,no.alt.motorsykler,68
no.alt.frustrasjoner,no.alkohol,68
no.embnet,no.general,68
no.jus,no.havforskning,68
no.mail.drift,no.jus,68
no.musikk,no.litteratur,68
no.news.drift,no.news.diverse,68
no.pc,no.jus,68
no.spill,no.ms-windows,68
no.alt.diskusjoner,no.audio,67
no.audio,no.alt.diskusjoner,67
no.film,no.litteratur,67
no.litteratur,no.musikk,67
no.marked,no.bil,67
no.marked.data,no.audio,67
no.news.diverse,no.mail.drift,67
no.pc,no.unix,67
no.tele,no.biz.nettilbydere,67
no.video,no.audio,67
no.vitser,no.marked,67
no.alt.config,no.alt.motorsykler,66
no.alt.diskusjoner,no.alt.config,66
no.alt.frustrasjoner,no.radio-tv,66
no.marked,no.irc,66
no.ms-windows,no.spill,66
no.alt.frustrasjoner,no.linux,65
no.alt.motorsykler,no.marked,65
no.biz.annonser,no.general,65
no.havforskning,no.jus,65
no.marked,no.medisin,65
no.marked,no.musikk.gitar,65
no.marked,no.norsk,65
no.net,no.news.diverse,65
no.news.diverse,no.multimedia,65
no.news.diverse,no.slekt,65
no.sport.diverse,no.general,65
no.general,no.vitser,64
no.medisin,no.marked,64
no.musikk.gitar,no.marked,64
no.alt.motorsykler,no.alt.frustrasjoner,63
no.jus,no.multimedia,63
no.net,no.alt.frustrasjoner,63
no.pc,no.mail.diverse,63
no.tele,no.marked,63
no.elektronikk,no.vitser,62
no.it.diverse,no.pc,62
no.linux,no.c,62
no.mac,no.irc,62
no.pc,no.it.diverse,62
no.vitser,no.elektronikk,62
no.alkohol,no.alt.config,61
no.alkohol,no.alt.frustrasjoner,61
no.alt.diskusjoner,no.tele,61
no.alt.god.jul,no.ef,61
no.alt.motorsykler,no.alt.gledesutbrudd,61
no.general,no.lisp,61
no.litteratur,no.net,61
no.musikk,no.mail.diverse,61
no.musikk,no.mail.drift,61
no.net,no.litteratur,61
no.religion,no.prat.politikk,61
no.sport.fotball,unknown,61
no.alt.frustrasjoner,no.musikk,60
no.biz.annonser,no.pc,60
no.ef,no.alt.god.jul,60
no.elektronikk,no.multimedia,60
no.jus,no.news.diverse,60
no.mac,no.ef,60
no.net,no.c,60
no.net,no.ef,60
no.net,no.norsk,60
no.pc,no.biz.annonser,60
no.slekt,no.news.diverse,60
no.tegnsett,no.general,60
no.ef,no.mac,59
no.irc,no.kjemi,59
no.irc,no.mac,59
no.jus,no.ef,59
no.jus,no.marked.data,59
no.linux,no.medisin,59
no.marked,no.biz.annonser.data,59
no.marked.jobb,unknown,59
no.medisin,no.litteratur,59
no.medisin,no.multimedia,59
no.multimedia,no.jus,59
no.multimedia,no.medisin,59
no.musikk,no.kjemi,59
no.norsk,no.linux,59
no.norsk,no.musikk,59
no.org.efn.diskusjon,unknown,59
no.alt.diskusjoner,no.medisin,58
no.alt.god.jul,no.multimedia,58
no.alt.tegneserier,no.havforskning,58
no.biz.annonser.data,no.marked,58
no.litteratur,no.medisin,58
no.mail.diverse,no.pc,58
no.pc,no.news.diverse,58
no.radio-tv,no.alt.god.jul,58
no.sport.diverse,no.news.diverse,58
no.tele,no.pc,58
no.alt.config,no.alkohol,57
no.c,no.net,57
no.ef,no.jus,57
no.ef,no.multimedia,57
no.ef,no.net,57
no.irc,no.musikk,57
no.kjemi,no.general,57
no.medisin,no.linux,57
no.multimedia,no.elektronikk,57
no.musikk,no.net,57
no.net,no.musikk.gitar,57
no.alt.diskusjoner,no.alt.mat,56
no.alt.flame,no.news.diverse,56
no.alt.flame,no.pc,56
no.alt.gledesutbrudd,no.alt.motorsykler,56
no.havforskning,no.alt.tegneserier,56
no.jus,no.embnet,56
no.jus,no.musikk.gitar,56
no.kjemi,no.musikk.gitar,56
no.litteratur,no.alt.diskusjoner,56
no.marked.data,no.general,56
no.multimedia,no.musikk.gitar,56
no.musikk.gitar,no.net,56
no.net,no.musikk,56
no.norsk,no.net,56
no.radio-tv,no.alt.frustrasjoner,56
no.radio_tv,unknown,56
no.video,no.film,56
no.www,no.ms-windows,56
no.alt.config,no.alt.diskusjoner,55
no.alt.diskusjoner,no.litteratur,55
no.alt.irc-treff,unknown,55
no.c,no.linux,55
no.jus,no.c,55
no.kjemi,no.irc,55
no.kjemi,no.musikk,55
no.linux,no.marked.data,55
no.mac,no.musikk.gitar,55
no.multimedia,no.alt.god.jul,55
no.musikk.gitar,no.multimedia,55
no.alt.god.jul,no.mac,54
no.audio,no.havforskning,54
no.audio,no.mac,54
no.irc,no.audio,54
no.irc,no.litteratur,54
no.linux,no.musikk.gitar,54
no.linux,no.norsk,54
no.litteratur,no.musikk.gitar,54
no.mac,no.alt.god.jul,54
no.mail.diverse,no.musikk.gitar,54
no.mail.drift,no.musikk.gitar,54
no.mswindow,no.pc,54
no.multimedia,no.ef,54
no.musikk,no.irc,54
no.net,unknown,54
no.tele,no.alt.frustrasjoner,54
no.ai,no.psykologi,53
no.alt.frustrasjoner,no.mail.diverse,53
no.c,no.jus,53
no.embnet,no.jus,53
no.general,no.ai,53
no.general,no.bil,53
no.havforskning,no.general,53
no.havforskning,no.linux,53
no.irc,no.mail.diverse,53
no.lisp,no.perl,53
no.mail.diverse,no.musikk,53
no.mail.drift,no.musikk,53
no.marked,no.alt.motorsykler,53
no.marked.data,no.jus,53
no.marked.data,no.linux,53
no.multimedia,unknown,53
no.musikk.gitar,no.jus,53
no.musikk.gitar,no.kjemi,53
no.musikk.gitar,no.linux,53
no.musikk.gitar,no.litteratur,53
no.musikk.gitar,no.mac,53
no.musikk.gitar,no.mail.diverse,53
no.musikk.gitar,no.mail.drift,53
no.psykologi,no.ai,53
no.radio_tv,no.multimedia,53
no.alt.flame,no.net,52
no.alt.frustrasjoner,no.irc,52
no.alt.frustrasjoner,no.radio_tv,52
no.alt.katter,no.alt.motorsykler,52
no.alt.mat.drikke,no.alt.mat,52
no.alt.tegneserier,no.marked,52
no.audio,no.irc,52
no.audio,no.video,52
no.jus,no.audio,52
no.jus,no.bil,52
no.linux,no.havforskning,52
no.mac,no.audio,52
no.mac,no.havforskning,52
no.pc,no.mswindow,52
no.www,no.pc,52
no.alt.flame,no.alt.gledesutbrudd,51
no.alt.irc-treff,no.alt.irctreff,51
no.alt.mat,no.alt.mat.drikke,51
no.audio,no.jus,51
no.film,no.marked.data,51
no.havforskning,no.audio,51
no.havforskning,no.litteratur,51
no.havforskning,no.mac,51
no.irc,no.mail.drift,51
no.irc,no.net,51
no.marked.jobb,no.medisin,51
no.multimedia,no.radio_tv,51
no.radio-tv,no.elektronikk,51
no.www,no.general,51
no.alt.diskusjoner,no.mail.diverse,50
no.alt.tegneserier,no.norsk,50
no.bil,no.jus,50
no.havforskning,no.marked,50
no.irc,no.alt.tegneserier,50
no.jus,no.alt.tegneserier,50
no.linux,no.alt.frustrasjoner,50
no.linux,no.ef,50
no.litteratur,no.havforskning,50
no.marked,no.alt.tegneserier,50
no.multimedia,no.norsk,50
no.net,no.irc,50
no.news.diverse,no.litteratur,50
no.norsk,no.irc,50
no.pc,no.biz.annonser.data,50
no.ai,no.general,49
no.alt.diskusjoner,no.alt.arkiv,49
no.alt.flame,no.vitser,49
no.alt.gledesutbrudd,no.musikk,49
no.alt.tegneserier,no.jus,49
no.elektronikk,no.mac,49
no.film,no.alt.gledesutbrudd,49
no.havforskning,no.mail.diverse,49
no.havforskning,no.mail.drift,49
no.jus,no.elektronikk,49
no.jus,no.news.drift,49
no.marked,no.havforskning,49
no.news.drift,no.mail.diverse,49
no.norsk,no.multimedia,49
no.pc,no.norsk,49
no.tele,no.telepost,49
no.alkohol,no.marked,48
no.alt.config,no.alt.gledesutbrudd,48
no.audio,no.mail.diverse,48
no.biz.annonser.data,no.pc,48
no.biz.nettilbydere,no.general,48
no.elektronikk,no.jus,48
no.general,no.mail.drift,48
no.general,no.unix,48
no.jus,no.film,48
no.jus,no.marked.jobb,48
no.litteratur,no.irc,48
no.mac,no.elektronikk,48
no.mail.diverse,no.havforskning,48
no.mail.diverse,no.news.drift,48
no.mail.drift,no.havforskning,48
no.medisin,no.mail.diverse,48
no.ms-windows,no.www,48
no.news.diverse,no.alt.flame,48
no.news.diverse,no.marked.jobb,48
no.news.diverse,no.musikk.gitar,48
no.news.drift,no.jus,48
no.pc,no.musikk,48
no.alt.diskusjoner,no.alt.pompelog,47
no.alt.pompel-og-pilt,no.alt.radio-tv.irma-1000,47
no.alt.pompelog,no.alt.diskusjoner,47
no.alt.tegneserier,no.irc,47
no.alt.tegneserier,no.litteratur,47
no.audio,no.kjemi,47
no.bil,no.general,47
no.c,no.marked,47
no.jus,no.tele,47
no.mail.diverse,no.c,47
no.mail.diverse,no.irc,47
no.marked.data,no.film,47
no.medisin,no.marked.jobb,47
no.musikk,no.alt.gledesutbrudd,47
no.net,no.havforskning,47
no.pc,no.www,47
no.stortinget,unknown,47
no.alt.arkiv,no.alt.diskusjoner,46
no.alt.god.jul,no.general,46
no.alt.radio-tv.irma-1000,no.mail.diverse,46
no.audio,no.linux,46
no.audio,no.litteratur,46
no.audio,no.marked.jobb,46
no.c,no.kjemi,46
no.c,no.litteratur,46
no.c,no.mac,46
no.irc,no.multimedia,46
no.kjemi,no.c,46
no.mac,no.c,46
no.mac,no.medisin,46
no.marked.data,no.spill,46
no.musikk,no.pc,46
no.musikk.gitar,no.marked.jobb,46
no.norsk,no.org.efn.diskusjon,46
no.telepost,no.tele,46
no.alkohol,no.alt.mat,45
no.alt.flame,no.alt.config,45
no.alt.frustrasjoner,no.alt.god.jul,45
no.alt.radio-tv.irma-1000,no.kjemi,45
no.alt.radio-tv.irma-1000,no.mail.drift,45
no.alt.radio-tv.irma-1000,no.marked,45
no.ef,no.linux,45
no.ef,no.litteratur,45
no.embnet,no.linux,45
no.embnet,no.litteratur,45
no.film,no.video,45
no.general,no.musikk.gitar,45
no.general,no.vit.diverse,45
no.havforskning,no.multimedia,45
no.kjemi,no.audio,45
no.kryptografi,no.general,45
no.litteratur,no.c,45
no.mail.drift,no.irc,45
no.mail.drift,no.medisin,45
no.marked,no.c,45
no.marked.jobb,no.musikk.gitar,45
no.medisin,no.mac,45
no.musikk.klassisk,no.musikk,45
no.net,no.telepost,45
no.psykologi,no.litteratur,45
no.spill.sjakk,unknown,45
no.telepost,no.net,45
no.alt.diskusjoner,no.news.drift,44
no.alt.god.jul,no.alt.flame,44
no.alt.god.jul,no.alt.tegneserier,44
no.alt.god.jul,no.audio,44
no.alt.motorsykler,no.alt.config,44
no.alt.motorsykler,no.alt.mat,44
no.audio,no.bil,44
no.audio,no.mail.drift,44
no.c,no.elektronikk,44
no.c,no.mail.diverse,44
no.c,no.mail.drift,44
no.ef,no.kjemi,44
no.elektronikk,no.marked.data,44
no.embnet,no.kjemi,44
no.embnet,no.mac,44
no.film,no.jus,44
no.general,no.alt.god.jul,44
no.general,no.biz.nettilbydere,44
no.havforskning,no.net,44
no.kjemi,no.alt.radio-tv.irma-1000,44
no.kjemi,no.ef,44
no.kjemi,no.embnet,44
no.mac,no.embnet,44
no.mac,no.lisp,44
no.mail.diverse,no.audio,44
no.mail.diverse,no.medisin,44
no.medisin,no.mail.drift,44
no.musikk.gitar,no.news.diverse,44
no.news.diverse,no.vitser,44
no.radio-tv,no.alt.tegneserier,44
no.spill,no.marked.data,44
no.alkohol,no.alt.gledesutbrudd,43
no.alkohol,no.ef,43
no.alt.arkiv,no.alt.config,43
no.alt.diskusjoner,no.radio_tv,43
no.alt.frustrasjoner,no.film,43
no.alt.god.jul,no.radio-tv,43
no.alt.mat,no.alt.motorsykler,43
no.alt.radio-tv.irma-1000,no.alt.pompel-og-pilt,43
no.alt.tegneserier,no.alt.god.jul,43
no.alt.tegneserier,no.mail.diverse,43
no.audio,no.alt.god.jul,43
no.bil,no.audio,43
no.bil,no.film,43
no.ef,no.mail.diverse,43
no.ef,no.mail.drift,43
no.ef,no.marked,43
no.elektronikk,no.c,43
no.embnet,no.mail.diverse,43
no.embnet,no.mail.drift,43
no.embnet,no.marked,43
no.film,no.linux,43
no.film,no.mail.diverse,43
no.general,no.uninett.diverse,43
no.linux,no.embnet,43
no.litteratur,no.embnet,43
no.litteratur,no.marked.data,43
no.mail.diverse,no.alt.radio-tv.irma-1000,43
no.mail.diverse,no.norsk,43
no.marked.data,no.hobby.diverse,43
no.multimedia,no.havforskning,43
no.norsk,no.mail.diverse,43
no.tele,no.net,43
no.alt.config,no.alt.arkiv,42
no.alt.diskusjoner,no.prat.narkotika,42
no.alt.flame,no.alt.god.jul,42
no.alt.frustrasjoner,no.alt.pompelog,42
no.alt.mat,no.alkohol,42
no.alt.radio-tv.irma-1000,no.net,42
no.alt.tegneserier,no.kjemi,42
no.alt.tegneserier,no.linux,42
no.alt.tegneserier,no.mac,42
no.alt.tegneserier,no.mail.drift,42
no.bil,no.c,42
no.bil,no.litteratur,42
no.bil,no.musikk,42
no.c,no.bil,42
no.c,no.multimedia,42
no.ef,no.elektronikk,42
no.film,no.bil,42
no.film,no.kjemi,42
no.film,no.mac,42
no.general,no.eunet.diverse,42
no.hobby.diverse,no.marked.data,42
no.irc,no.elektronikk,42
no.irc,no.marked.data,42
no.it.diverse,no.marked.data,42
no.kjemi,no.film,42
no.linux,no.audio,42
no.lisp,no.mac,42
no.litteratur,no.alt.tegneserier,42
no.litteratur,no.audio,42
no.litteratur,no.ef,42
no.mac,no.film,42
no.mail.diverse,no.marked.data,42
no.mail.drift,no.alt.radio-tv.irma-1000,42
no.mail.drift,no.c,42
no.mail.drift,no.news.drift,42
no.marked,no.alt.radio-tv.irma-1000,42
no.marked,no.news.diverse,42
no.marked.data,no.litteratur,42
no.musikk,no.marked.jobb,42
no.musikk,no.norsk,42
no.news.diverse,no.irc,42
no.news.drift,no.norsk,42
no.radio_tv,no.alt.diskusjoner,42
no.religion,no.jus,42
no.slekt.etterlysning,unknown,42
no.spill,no.sport.diverse,42
no.sport.diverse,no.spill,42
no.tele,no.jus,42
no.telepost,no.alt.diskusjoner,42
no.alt.config,no.alt.mat,41
no.alt.frustrasjoner,no.mac,41
no.alt.frustrasjoner,no.unix,41
no.alt.god.jul,no.c,41
no.alt.god.jul,no.embnet,41
no.alt.god.jul,no.marked,41
no.alt.motorsykler,no.alt.katter,41
no.alt.pompel-og-pilt,no.alt.tegneserier,41
no.alt.pompel-og-pilt,no.c,41
no.alt.tegneserier,no.bil,41
no.elektronikk,no.irc,41
no.film,no.multimedia,41
no.irc,no.musikk.gitar,41
no.it.diverse,unknown,41
no.kjemi,no.alt.tegneserier,41
no.kjemi,unknown,41
no.linux,no.film,41
no.linux,no.lisp,41
no.mac,no.alt.tegneserier,41
no.mail.diverse,no.embnet,41
no.mail.diverse,no.film,41
no.mail.drift,no.embnet,41
no.mail.drift,no.marked.data,41
no.marked,no.alkohol,41
no.marked,no.embnet,41
no.marked.data,no.elektronikk,41
no.marked.data,no.mail.diverse,41
no.marked.jobb,no.audio,41
no.net,no.alt.flame,41
no.net,no.audio,41
no.net,no.embnet,41
no.net,no.tele,41
no.psykologi,no.jus,41
no.psykologi,no.vit.diverse,41
no.stortinget,no.norsk,41
no.alkohol,no.alt.arkiv,40
no.alt.frustrasjoner,no.ai,40
no.alt.gledesutbrudd,no.alkohol,40
no.alt.gledesutbrudd,no.alt.config,40
no.alt.god.jul,no.litteratur,40
no.alt.god.jul,no.mail.diverse,40
no.alt.god.jul,no.net,40
no.alt.pompel-og-pilt,no.audio,40
no.alt.pompel-og-pilt,no.bil,40
no.alt.pompel-og-pilt,no.ef,40
no.alt.pompel-og-pilt,no.elektronikk,40
no.alt.pompel-og-pilt,no.embnet,40
no.alt.pompelog,no.alt.frustrasjoner,40
no.alt.pompelog,no.alt.gledesutbrudd,40
no.alt.pompelog,no.alt.mat,40
no.alt.tegneserier,no.multimedia,40
no.audio,no.net,40
no.bil,no.embnet,40
no.ef,no.alkohol,40
no.ef,no.bil,40
no.elektronikk,no.ef,40
no.elektronikk,no.film,40
no.embnet,no.bil,40
no.embnet,no.elektronikk,40
no.film,no.mail.drift,40
no.general,no.alt.pompel-og-pilt,40
no.general,no.alt.radio-tv.irma-1000,40
no.havforskning,no.musikk.gitar,40
no.hobby.diverse,no.multimedia,40
no.irc,no.marked.jobb,40
no.jus,no.alkohol,40
no.kjemi,no.news.diverse,40
no.lisp,no.linux,40
no.mail.diverse,no.alt.tegneserier,40
no.mail.diverse,no.ef,40
no.mail.drift,no.audio,40
no.mail.drift,no.ef,40
no.marked,no.ef,40
no.marked.data,no.mail.drift,40
no.multimedia,no.irc,40
no.musikk,no.musikk.klassisk,40
no.net,no.alt.tegneserier,40
no.norsk,no.mac,40
no.norsk,no.news.drift,40
no.pc,no.tele,40
no.slekt.etterlysning,no.slekt,40
no.alt.diskusjoner,no.telepost,39
no.alt.gledesutbrudd,no.alt.pompelog,39
no.alt.god.jul,no.havforskning,39
no.alt.god.jul,no.jus,39
no.alt.god.jul,no.kjemi,39
no.alt.god.jul,no.linux,39
no.alt.god.jul,no.mail.drift,39
no.alt.mat,no.alt.config,39
no.alt.pompel-og-pilt,no.havforskning,39
no.alt.tegneserier,no.marked.data,39
no.alt.tegneserier,no.marked.jobb,39
no.audio,no.alt.radio-tv.irma-1000,39
no.bil,no.ef,39
no.bil,no.irc,39
no.bil,no.kjemi,39
no.c,no.alt.god.jul,39
no.elektronikk,no.embnet,39
no.embnet,no.multimedia,39
no.film,no.elektronikk,39
no.film,no.marked.jobb,39
no.general,no.it.emacs,39
no.hobby.diverse,no.marked,39
no.irc,no.bil,39
no.linux,no.alt.tegneserier,39
no.linux,no.news.diverse,39
no.lisp,no.litteratur,39
no.lisp,no.marked,39
no.litteratur,no.bil,39
no.litteratur,no.lisp,39
no.mail.drift,no.alt.tegneserier,39
no.marked,no.tele,39
no.marked.data,no.irc,39
no.medisin,unknown,39
no.multimedia,no.c,39
no.multimedia,no.film,39
no.multimedia,no.hobby.diverse,39
no.musikk,no.alt.frustrasjoner,39
no.net,no.alt.radio-tv.irma-1000,39
no.news.drift,no.alt.diskusjoner,39
no.pc,no.marked.jobb,39
no.student.nett,no.student.samfund,39
no.alkohol,no.jus,38
no.alt.arkiv,no.alkohol,38
no.alt.config,no.alt.flame,38
no.alt.flame,no.prat.seksualitet,38
no.alt.flame,no.stortinget,38
no.alt.gledesutbrudd,no.alt.flame,38
no.alt.gledesutbrudd,no.film,38
no.alt.god.jul,no.musikk.gitar,38
no.alt.pompel-og-pilt,no.film,38
no.alt.pompel-og-pilt,no.general,38
no.alt.pompel-og-pilt,no.irc,38
no.alt.pompel-og-pilt,no.jus,38
no.alt.pompel-og-pilt,no.kjemi,38
no.alt.pompel-og-pilt,no.marked.jobb,38
no.alt.radio-tv.irma-1000,no.audio,38
no.alt.radio-tv.irma-1000,no.c,38
no.alt.tegneserier,no.elektronikk,38
no.alt.tegneserier,no.net,38
no.audio,no.alt.pompel-og-pilt,38
no.audio,no.lisp,38
no.audio,no.musikk.gitar,38
no.bil,no.alt.tegneserier,38
no.bil,no.linux,38
no.bil,no.mac,38
no.c,no.marked.jobb,38
no.c,no.musikk.gitar,38
no.ef,no.musikk.gitar,38
no.elektronikk,no.kjemi,38
no.elektronikk,no.mail.diverse,38
no.elektronikk,no.mail.drift,38
no.embnet,no.alt.god.jul,38
no.embnet,no.eunet.diverse,38
no.embnet,no.net,38
no.eunet.diverse,no.embnet,38
no.general,no.kryptografi,38
no.havforskning,no.marked.data,38
no.irc,no.alt.god.jul,38
no.irc,no.lisp,38
no.it.emacs,unknown,38
no.kjemi,no.bil,38
no.kjemi,no.elektronikk,38
no.kjemi,no.marked.data,38
no.kjemi,no.norsk,38
no.kjemi,no.pc,38
no.linux,no.nuug,38
no.mail.diverse,no.alt.frustrasjoner,38
no.mail.drift,no.film,38
no.marked,no.lisp,38
no.marked.bil,no.marked,38
no.marked.data,no.net,38
no.net,no.film,38
no.net,no.marked.data,38
no.news.drift,no.mail.drift,38
no.radio-tv,no.musikk,38
no.radio_tv,no.alt.frustrasjoner,38
no.speider,unknown,38
no.sport.diverse,no.marked,38
no.student.samfund,no.student.nett,38
no.telepost,no.stortinget,38
no.vit.diverse,no.kjemi,38
no.alkohol,no.ai,37
no.alkohol,no.alt.mat.drikke,37
no.alkohol,no.alt.motorsykler,37
no.alt.flame,no.marked,37
no.alt.frustrasjoner,no.alt.radio_tv.irma1000,37
no.alt.frustrasjoner,no.tele,37
no.alt.god.jul,no.film,37
no.alt.mat,no.alt.pompelog,37
no.alt.pompel-og-pilt,no.linux,37
no.alt.pompel-og-pilt,no.lisp,37
no.alt.pompel-og-pilt,no.litteratur,37
no.alt.pompel-og-pilt,no.mac,37
no.alt.pompel-og-pilt,no.mail.diverse,37
no.alt.pompel-og-pilt,no.mail.drift,37
no.alt.pompel-og-pilt,no.marked,37
no.alt.pompel-og-pilt,no.marked.data,37
no.alt.radio-tv.irma-1000,no.alt.tegneserier,37
no.alt.radio-tv.irma-1000,no.bil,37
no.alt.radio-tv.irma-1000,no.ef,37
no.alt.radio-tv.irma-1000,no.elektronikk,37
no.alt.radio-tv.irma-1000,no.embnet,37
no.alt.tegneserier,no.alt.pompel-og-pilt,37
no.alt.tegneserier,no.alt.radio-tv.irma-1000,37
no.alt.tegneserier,no.musikk.gitar,37
no.bil,no.alt.pompel-og-pilt,37
no.bil,no.alt.radio-tv.irma-1000,37
no.bil,no.havforskning,37
no.bil,no.lisp,37
no.bil,no.marked.data,37
no.bil,no.marked.jobb,37
no.biz.annonser,unknown,37
no.c,no.alt.pompel-og-pilt,37
no.c,no.alt.radio-tv.irma-1000,37
no.c,no.lisp,37
no.ef,no.alt.pompel-og-pilt,37
no.ef,no.alt.radio-tv.irma-1000,37
no.ef,no.lisp,37
no.elektronikk,no.linux,37
no.elektronikk,no.litteratur,37
no.elektronikk,no.musikk,37
no.embnet,no.lisp,37
no.embnet,no.musikk.gitar,37
no.embnet,unknown,37
no.film,no.lisp,37
no.general,no.alt.config,37
no.havforskning,no.alt.god.jul,37
no.havforskning,no.musikk,37
no.jus,no.alt.god.jul,37
no.kjemi,no.alt.god.jul,37
no.lisp,no.mail.diverse,37
no.lisp,no.mail.drift,37
no.lisp,no.marked.data,37
no.mac,no.bil,37
no.mail.diverse,no.alt.diskusjoner,37
no.mail.diverse,no.elektronikk,37
no.mail.diverse,no.lisp,37
no.mail.drift,no.lisp,37
no.mail.drift,no.news.diverse,37
no.marked,no.alt.god.jul,37
no.marked.jobb,no.jus,37
no.marked.jobb,no.lisp,37
no.multimedia,no.embnet,37
no.musikk.gitar,no.havforskning,37
no.news.diverse,no.psykologi,37
no.stortinget,no.alt.flame,37
no.stortinget,no.telepost,37
no.ai,no.alt.gledesutbrudd,36
no.alt.frustrasjoner,no.alt.arkiv,36
no.alt.frustrasjoner,no.musikk.gitar,36
no.alt.god.jul,no.irc,36
no.alt.katter,unknown,36
no.alt.radio-tv.irma-1000,no.havforskning,36
no.alt.radio-tv.irma-1000,no.marked.jobb,36
no.alt.tegneserier,no.alt.motorsykler,36
no.bil,no.mail.diverse,36
no.bil,no.mail.drift,36
no.biz.nettilbydere,no.www,36
no.c,no.marked.data,36
no.ef,no.marked.jobb,36
no.ef,no.musikk,36
no.elektronikk,no.alt.pompel-og-pilt,36
no.elektronikk,no.alt.radio-tv.irma-1000,36
no.elektronikk,no.alt.tegneserier,36
no.elektronikk,no.havforskning,36
no.elektronikk,no.lisp,36
no.elektronikk,no.marked.jobb,36
no.elektronikk,no.radio-tv,36
no.embnet,no.alt.pompel-og-pilt,36
no.embnet,no.alt.radio-tv.irma-1000,36
no.embnet,no.marked.jobb,36
no.havforskning,no.marked.jobb,36
no.jus,no.lisp,36
no.kjemi,no.lisp,36
no.linux,no.news.drift,36
no.lisp,no.c,36
no.lisp,no.marked.jobb,36
no.litteratur,no.alt.god.jul,36
no.mail.diverse,no.alt.god.jul,36
no.mail.drift,no.elektronikk,36
no.marked.data,no.havforskning,36
no.marked.data,no.it.diverse,36
no.marked.data,no.lisp,36
no.marked.jobb,no.film,36
no.marked.jobb,no.irc,36
no.ms-windows,no.mail.diverse,36
no.multimedia,no.alt.tegneserier,36
no.musikk.gitar,no.irc,36
no.net,no.alt.god.jul,36
no.radio-tv,no.jus,36
no.uninett.diverse,no.general,36
no.vitser,no.alt.gledesutbrudd,36
no.alt.config,no.alt.katter,35
no.alt.diskusjoner,no.havforskning,35
no.alt.flame,no.elektronikk,35
no.alt.frustrasjoner,no.alt.tegneserier,35
no.alt.motorsykler,no.alkohol,35
no.alt.motorsykler,no.alt.tegneserier,35
no.alt.pompel-og-pilt,no.alt.god.jul,35
no.alt.pompelog,no.c,35
no.alt.pompelog,no.ef,35
no.alt.pompelog,no.general,35
no.alt.radio-tv.irma-1000,no.film,35
no.alt.radio-tv.irma-1000,no.general,35
no.alt.radio-tv.irma-1000,no.irc,35
no.alt.radio-tv.irma-1000,no.jus,35
no.alt.radio-tv.irma-1000,no.linux,35
no.alt.radio-tv.irma-1000,no.lisp,35
no.alt.radio-tv.irma-1000,no.litteratur,35
no.alt.radio-tv.irma-1000,no.mac,35
no.alt.radio-tv.irma-1000,no.marked.data,35
no.alt.tegneserier,no.lisp,35
no.amiga,no.pc,35
no.bibsys,no.c,35
no.ef,no.marked.data,35
no.embnet,no.marked.data,35
no.film,no.musikk.gitar,35
no.film,no.net,35
no.havforskning,no.bil,35
no.havforskning,no.elektronikk,35
no.havforskning,no.lisp,35
no.irc,no.alt.pompel-og-pilt,35
no.irc,no.alt.radio-tv.irma-1000,35
no.linux,no.alt.god.jul,35
no.linux,no.bil,35
no.linux,no.elektronikk,35
no.lisp,no.embnet,35
no.lisp,no.film,35
no.lisp,no.irc,35
no.litteratur,no.elektronikk,35
no.mac,no.norsk,35
no.mail.diverse,no.ms-windows,35
no.mail.drift,no.alt.god.jul,35
no.marked,no.marked.bil,35
no.marked,no.sport.diverse,35
no.marked.data,no.alt.tegneserier,35
no.marked.data,no.kjemi,35
no.marked.jobb,no.musikk,35
no.musikk,no.bil,35
no.musikk,no.elektronikk,35
no.musikk,no.havforskning,35
no.nuug,no.linux,35
no.pc,no.irc,35
no.perl,no.lisp,35
no.psykologi,no.norsk,35
no.slekt,no.slekt.etterlysning,35
no.ai,no.alkohol,34
no.alkohol,no.alt.god.jul,34
no.alt.config,no.alt.god.jul,34
no.alt.diskusjoner,no.ai,34
no.alt.flame,no.alt.arkiv,34
no.alt.frustrasjoner,no.audio,34
no.alt.frustrasjoner,no.c,34
no.alt.gledesutbrudd,no.ai,34
no.alt.gledesutbrudd,no.vitser,34
no.alt.god.jul,no.alt.config,34
no.alt.god.jul,no.marked.data,34
no.alt.mat.drikke,no.alkohol,34
no.alt.mat.drikke,no.alt.frustrasjoner,34
no.alt.mat.drikke,no.alt.motorsykler,34
no.alt.tegneserier,no.eunet.diverse,34
no.bibsys,no.ef,34
no.bibsys,no.embnet,34
no.bibsys,no.film,34
no.c,no.eunet.diverse,34
no.c,no.musikk,34
no.ef,no.bibsys,34
no.ef,no.eunet.diverse,34
no.embnet,no.bibsys,34
no.eunet.diverse,no.alt.tegneserier,34
no.eunet.diverse,no.c,34
no.eunet.diverse,no.ef,34
no.film,no.alt.god.jul,34
no.film,no.alt.pompel-og-pilt,34
no.film,no.alt.radio-tv.irma-1000,34
no.film,no.bibsys,34
no.general,no.prat.seksualitet,34
no.havforskning,no.alt.pompel-og-pilt,34
no.havforskning,no.alt.radio-tv.irma-1000,34
no.jus,no.alt.pompel-og-pilt,34
no.jus,no.alt.radio-tv.irma-1000,34
no.kjemi,no.alt.pompel-og-pilt,34
no.lisp,no.audio,34
no.lisp,no.bil,34
no.lisp,no.ef,34
no.lisp,no.elektronikk,34
no.lisp,no.havforskning,34
no.lisp,no.jus,34
no.lisp,no.kjemi,34
no.mac,no.alt.pompel-og-pilt,34
no.mac,no.alt.radio-tv.irma-1000,34
no.marked,no.hobby.diverse,34
no.marked.data,no.bil,34
no.marked.jobb,no.c,34
no.marked.jobb,no.havforskning,34
no.marked.jobb,no.pc,34
no.multimedia,no.typografi,34
no.musikk.gitar,no.c,34
no.musikk.gitar,no.ef,34
no.musikk.gitar,no.embnet,34
no.net,no.stortinget,34
no.news.drift,unknown,34
no.norsk,no.ef,34
no.pc,no.amiga,34
no.pc,no.audio,34
no.pc,no.litteratur,34
no.reiser,unknown,34
no.sport.diverse,no.norsk,34
no.tele,no.elektronikk,34
no.typografi,no.multimedia,34
no.vit.diverse,no.psykologi,34
no.ai,no.alt.config,33
no.ai,no.alt.diskusjoner,33
no.ai,no.alt.frustrasjoner,33
no.alt.arkiv,no.ai,33
no.alt.arkiv,no.alt.frustrasjoner,33
no.alt.config,no.ai,33
no.alt.diskusjoner,no.sport.diverse,33
no.alt.flame,no.alkohol,33
no.alt.frustrasjoner,no.ef,33
no.alt.frustrasjoner,no.marked.jobb,33
no.alt.gledesutbrudd,no.alt.radio_tv.irma1000,33
no.alt.god.jul,no.alt.pompel-og-pilt,33
no.alt.god.jul,no.alt.radio-tv.irma-1000,33
no.alt.god.jul,no.bil,33
no.alt.god.jul,no.elektronikk,33
no.alt.katter,no.general,33
no.alt.pompel-og-pilt,no.multimedia,33
no.alt.pompel-og-pilt,no.musikk,33
no.alt.pompel-og-pilt,no.musikk.gitar,33
no.alt.pompel-og-pilt,no.net,33
no.alt.pompelog,no.alt.radio_tv.irma1000,33
no.alt.radio-tv.irma-1000,no.multimedia,33
no.audio,no.pc,33
no.bibsys,no.havforskning,33
no.c,no.bibsys,33
no.elektronikk,no.net,33
no.folklore.edb,no.unix,33
no.general,no.alt.pompelog,33
no.havforskning,no.alt.diskusjoner,33
no.havforskning,no.bibsys,33
no.jus,no.medisin,33
no.jus,no.psykologi,33
no.lisp,no.multimedia,33
no.mail.diverse,no.bil,33
no.mail.drift,no.bil,33
no.mail.drift,no.general,33
no.mail.drift,no.norsk,33
no.marked.data,no.c,33
no.marked.diskusjon,no.marked.data,33
no.marked.jobb,no.alt.tegneserier,33
no.marked.jobb,no.bil,33
no.marked.jobb,no.elektronikk,33
no.marked.jobb,no.embnet,33
no.marked.jobb,no.net,33
no.ms-windows,no.net,33
no.multimedia,no.lisp,33
no.musikk,no.lisp,33
no.musikk.gitar,no.alt.god.jul,33
no.musikk.gitar,no.alt.tegneserier,33
no.musikk.gitar,no.audio,33
no.musikk.gitar,no.film,33
no.news.diverse,no.c,33
no.news.drift,no.mac,33
no.norsk,no.kjemi,33
no.norsk,no.mail.drift,33
no.pc,no.mail.drift,33
no.pc,no.nuug,33
no.stortinget,no.net,33
no.telepost,no.pc,33
no.telepost,unknown,33
no.unix,no.alt.frustrasjoner,33
no.ai,no.alt.arkiv,32
no.ai,no.alt.mat,32
no.alt.arkiv,no.alt.mat,32
no.alt.gledesutbrudd,no.alt.arkiv,32
no.alt.gledesutbrudd,no.alt.tegneserier,32
no.alt.god.jul,no.alkohol,32
no.alt.god.jul,no.lisp,32
no.alt.god.jul,no.marked.jobb,32
no.alt.god.jul,no.musikk,32
no.alt.irc-treff,no.general,32
no.alt.pompelog,no.eunet.hjelp,32
no.alt.radio-tv.irma-1000,no.alt.god.jul,32
no.alt.radio_tv.irma1000,no.alt.gledesutbrudd,32
no.bibsys,no.irc,32
no.bil,no.multimedia,32
no.biz.nettilbydere,no.marked.data,32
no.c,no.eunet.hjelp,32
no.ef,no.eunet.hjelp,32
no.embnet,no.musikk,32
no.eunet.hjelp,no.c,32
no.eunet.hjelp,no.ef,32
no.eunet.hjelp,no.eunet.drift,32
no.folklore.edb,no.linux,32
no.irc,no.bibsys,32
no.it.os.os2,unknown,32
no.linux,no.alt.pompel-og-pilt,32
no.linux,no.alt.radio-tv.irma-1000,32
no.lisp,no.alt.pompel-og-pilt,32
no.lisp,no.alt.radio-tv.irma-1000,32
no.lisp,no.alt.tegneserier,32
no.lisp,no.net,32
no.litteratur,no.alt.pompel-og-pilt,32
no.litteratur,no.alt.radio-tv.irma-1000,32
no.litteratur,no.pc,32
no.mail.diverse,no.alt.pompel-og-pilt,32
no.mail.drift,no.alt.pompel-og-pilt,32
no.marked,no.alt.pompel-og-pilt,32
no.marked.data,no.embnet,32
no.marked.jobb,no.alt.pompel-og-pilt,32
no.marked.jobb,no.alt.radio-tv.irma-1000,32
no.marked.jobb,no.ef,32
no.musikk,no.ef,32
no.musikk.gitar,unknown,32
no.net,no.lisp,32
no.net,no.nuug,32
no.norsk,no.alkohol,32
no.norsk,no.nuug,32
no.norsk,no.sport.diverse,32
no.pc,no.kjemi,32
no.pc,no.radio_tv,32
no.pc,no.telepost,32
no.psykologi,no.news.diverse,32
no.sport.diverse,no.alt.diskusjoner,32
no.vit.diverse,no.general,32
no.vitser,no.news.diverse,32
no.alt.arkiv,no.alt.gledesutbrudd,31
no.alt.frustrasjoner,no.embnet,31
no.alt.frustrasjoner,no.sport.diverse,31
no.alt.god.jul,no.alt.frustrasjoner,31
no.alt.katter,no.alt.config,31
no.alt.mat,no.ai,31
no.alt.pompelog,no.alt.motorsykler,31
no.alt.radio-tv.irma-1000,no.musikk,31
no.alt.radio-tv.irma-1000,no.musikk.gitar,31
no.alt.radio_tv.irma1000,no.alt.frustrasjoner,31
no.alt.radio_tv.irma1000,no.alt.mat,31
no.alt.radio_tv.irma1000,no.alt.pompelog,31
no.alt.tegneserier,no.alt.frustrasjoner,31
no.alt.tegneserier,no.alt.gledesutbrudd,31
no.alt.tegneserier,no.musikk,31
no.bil,no.alt.god.jul,31
no.bil,no.musikk.gitar,31
no.bil,no.net,31
no.c,no.alt.pompelog,31
no.c,no.unix,31
no.ef,no.alt.pompelog,31
no.eunet.diverse,no.general,31
no.eunet.drift,no.eunet.hjelp,31
no.lisp,no.musikk,31
no.litteratur,no.nuug,31
no.mac,no.nuug,31
no.mail.diverse,no.nuug,31
no.mail.drift,no.nuug,31
no.mail.drift,no.pc,31
no.marked,no.nuug,31
no.marked.data,no.alt.pompel-og-pilt,31
no.marked.data,no.alt.radio-tv.irma-1000,31
no.marked.data,no.ef,31
no.ms-windows,no.mswindow,31
no.ms-windows,no.musikk,31
no.multimedia,no.nuug,31
no.musikk,no.c,31
no.musikk.gitar,no.general,31
no.musikk.gitar,no.marked.data,31
no.net,no.elektronikk,31
no.net,no.marked.jobb,31
no.net,no.ms-windows,31
no.news.diverse,no.alt.gledesutbrudd,31
no.news.diverse,no.audio,31
no.news.drift,no.multimedia,31
no.norsk,no.uninett.skole,31
no.nuug,no.net,31
no.nuug,no.norsk,31
no.pc,no.psykologi,31
no.psykologi,no.pc,31
no.radio-tv,no.multimedia,31
no.radio_tv,no.pc,31
no.spill.rollespill,unknown,31
no.uninett.skole,no.litteratur,31
no.alt.arkiv,no.alt.flame,30
no.alt.diskusjoner,no.uninett.diverse,30
no.alt.frustrasjoner,no.kjemi,30
no.alt.frustrasjoner,no.news.drift,30
no.alt.mat,no.alt.arkiv,30
no.alt.mat,no.alt.radio_tv.irma1000,30
no.biz.annonser,no.biz.nettilbydere,30
no.biz.nettilbydere,no.marked,30
no.elektronikk,no.alt.god.jul,30
no.elektronikk,no.musikk.gitar,30
no.eunet.hjelp,no.alt.pompelog,30
no.general,no.eunet.hjelp,30
no.irc,no.pc,30
no.irc,no.spill,30
no.mail.diverse,no.psykologi,30
no.marked.data,no.musikk.gitar,30
no.ms-windows,no.it.diverse,30
no.multimedia,no.news.drift,30
no.multimedia,no.psykologi,30
no.musikk,no.alt.tegneserier,30
no.musikk,no.embnet,30
no.musikk,no.ms-windows,30
no.news.diverse,no.film,30
no.news.drift,no.musikk,30
no.norsk,no.medisin,30
no.nuug,no.litteratur,30
no.nuug,no.mac,30
no.nuug,no.mail.diverse,30
no.nuug,no.mail.drift,30
no.nuug,no.marked,30
no.nuug,no.multimedia,30
no.nuug,no.pc,30
no.org.efn.diskusjon,no.religion,30
no.pc,no.alt.flame,30
no.psykologi,no.mail.diverse,30
no.psykologi,no.multimedia,30
no.typografi,no.general,30
no.alt.config,no.alt.pompelog,29
no.alt.pompelog,no.alkohol,29
no.alt.pompelog,no.alt.config,29
no.alt.radio_tv.irma1000,no.alt.motorsykler,29
no.bil,no.marked.bil,29
no.general,no.biz.diskusjoner,29
no.irc,no.vitser,29
no.kjemi,no.psykologi,29
no.litteratur,no.psykologi,29
no.litteratur,no.uninett.skole,29
no.mac,no.biz.annonser,29
no.marked.data,no.alt.god.jul,29
no.ms-windows,no.general,29
no.multimedia,no.alt.radio-tv.irma-1000,29
no.multimedia,no.bil,29
no.news.drift,no.kjemi,29
no.news.drift,no.linux,29
no.news.drift,no.marked,29
no.news.drift,no.musikk.gitar,29
no.pc,no.sport.diverse,29
no.perl,unknown,29
no.psykologi,no.kjemi,29
no.slekt,no.spill,29
no.sport.diverse,no.pc,29
no.stortinget,no.havforskning,29
no.uninett.diverse,no.alt.diskusjoner,29
no.uninett.skole,no.norsk,29
no.unix,no.c,29
no.vit.diverse,no.alt.diskusjoner,29
no.vit.diverse,unknown,29
no.vitser,no.irc,29
no.alkohol,no.alt.pompelog,28
no.alt.arkiv,no.alt.motorsykler,28
no.alt.diskusjoner,no.eunet.hjelp,28
no.alt.frustrasjoner,no.havforskning,28
no.alt.gledesutbrudd,no.news.diverse,28
no.alt.mat.drikke,no.alt.gledesutbrudd,28
no.alt.motorsykler,no.alt.pompelog,28
no.alt.motorsykler,no.alt.radio_tv.irma1000,28
no.alt.tegneserier,no.radio-tv,28
no.biz.annonser,no.mac,28
no.biz.diskusjoner,no.marked.data,28
no.biz.nettilbydere,no.biz.annonser,28
no.general,no.student.nett,28
no.havforskning,no.stortinget,28
no.havforskning,unknown,28
no.kjemi,no.news.drift,28
no.lisp,no.alt.god.jul,28
no.lisp,no.musikk.gitar,28
no.lisp,unknown,28
no.marked,no.news.drift,28
no.marked.bil,no.bil,28
no.marked.bolig,no.marked,28
no.marked.jobb,no.alt.god.jul,28
no.multimedia,no.alt.pompel-og-pilt,28
no.multimedia,no.news.diverse,28
no.musikk,no.alt.god.jul,28
no.musikk,no.alt.pompel-og-pilt,28
no.musikk,no.alt.radio-tv.irma-1000,28
no.musikk.gitar,no.alt.pompel-og-pilt,28
no.musikk.gitar,no.alt.radio-tv.irma-1000,28
no.musikk.gitar,no.bil,28
no.musikk.gitar,no.elektronikk,28
no.musikk.gitar,no.lisp,28
no.musikk.gitar,no.news.drift,28
no.net,no.alt.pompel-og-pilt,28
no.net,no.bil,28
no.net,no.unix,28
no.news.diverse,no.tele,28
no.news.drift,no.psykologi,28
no.norsk,no.musikk.gitar,28
no.norsk,no.psykologi,28
no.pc,no.news.drift,28
no.perl,no.unix,28
no.psykologi,no.mac,28
no.www,no.biz.nettilbydere,28
no.alt.amiga,unknown,27
no.alt.diskusjoner,no.c,27
no.alt.frustrasjoner,no.alt.katter,27
no.alt.frustrasjoner,no.lisp,27
no.alt.frustrasjoner,no.www,27
no.alt.gledesutbrudd,no.psykologi,27
no.alt.god.jul,no.alt.mat,27
no.alt.motorsykler,no.alt.arkiv,27
no.audio,no.eunet.diverse,27
no.ef,no.norsk,27
no.eunet.diverse,no.audio,27
no.eunet.hjelp,no.alt.diskusjoner,27
no.eunet.hjelp,no.general,27
no.hobby.diverse,no.audio,27
no.it.diverse,no.biz.annonser.data,27
no.it.diverse,no.ms-windows,27
no.kjemi,no.stortinget,27
no.mac,no.news.drift,27
no.mac,no.psykologi,27
no.medisin,no.alkohol,27
no.medisin,no.jus,27
no.ms-windows,no.audio,27
no.musikk,no.alt.flame,27
no.musikk.gitar,no.norsk,27
no.news.diverse,no.havforskning,27
no.news.diverse,no.stortinget,27
no.news.drift,no.alt.frustrasjoner,27
no.news.drift,no.litteratur,27
no.news.drift,no.nuug,27
no.news.drift,no.pc,27
no.org.efn.diskusjon,no.norsk,27
no.pc,no.musikk.gitar,27
no.psykologi,no.alt.gledesutbrudd,27
no.psykologi,no.news.drift,27
no.spill,no.slekt,27
no.sport.diverse,no.alt.frustrasjoner,27
no.stortinget,no.kjemi,27
no.tele,no.alt.flame,27
no.tele,no.stortinget,27
no.unix,no.net,27
no.alt.diskusjoner,no.alt.god.jul,26
no.alt.flame,no.tele,26
no.alt.frustrasjoner,no.prat.seksualitet,26
no.alt.mat,no.alt.god.jul,26
no.biz.diskusjoner,no.c,26
no.biz.diskusjoner,no.general,26
no.bolig,no.marked,26
no.elektronikk,no.ms-windows,26
no.general,no.alt.irc-treff,26
no.general,no.ms-windows,26
no.irc,no.news.diverse,26
no.irc,no.norsk,26
no.jus,no.nuug,26
no.jus,no.radio-tv,26
no.kjemi,no.nuug,26
no.kryptografi,no.org.efn.diskusjon,26
no.linux,no.psykologi,26
no.litteratur,no.news.drift,26
no.mac,no.alt.frustrasjoner,26
no.mail.drift,no.psykologi,26
no.marked,no.marked.bolig,26
no.marked,no.psykologi,26
no.marked.data,no.biz.nettilbydere,26
no.net,no.psykologi,26
no.news.drift,no.c,26
no.news.drift,no.ef,26
no.news.drift,no.eunet.hjelp,26
no.org.efn.diskusjon,no.kryptografi,26
no.psykologi,no.linux,26
no.psykologi,no.mail.drift,26
no.psykologi,no.marked,26
no.psykologi,no.musikk.gitar,26
no.psykologi,no.net,26
no.psykologi,no.nuug,26
no.spill,no.biz.annonser,26
no.spill,no.irc,26
no.stortinget,no.tele,26
no.telepost,no.alt.flame,26
no.vitser,no.alt.flame,26
no.alt.config,no.ef,25
no.alt.flame,no.telepost,25
no.alt.gledesutbrudd,no.alt.god.jul,25
no.alt.god.jul,no.alt.diskusjoner,25
no.alt.god.jul,no.alt.gledesutbrudd,25
no.alt.pompel-og-pilt,unknown,25
no.alt.pompelog,no.net,25
no.alt.pompelog,no.news.drift,25
no.alt.sjokolade,no.alt.frustrasjoner,25
no.alt.sjokolade,no.alt.gledesutbrudd,25
no.audio,no.ms-windows,25
no.biz.annonser,no.musikk,25
no.biz.annonser,no.spill,25
no.c,no.alt.diskusjoner,25
no.c,no.biz.diskusjoner,25
no.c,no.news.drift,25
no.ef,no.alt.config,25
no.ef,no.news.drift,25
no.eunet.hjelp,no.net,25
no.eunet.hjelp,no.news.drift,25
no.irc,no.alt.irc-treff,25
no.ms-windows,no.hobby.diverse,25
no.ms-windows,no.typografi,25
no.musikk.gitar,no.nuug,25
no.musikk.gitar,no.pc,25
no.net,no.eunet.hjelp,25
no.news.diverse,no.ef,25
no.nuug,no.jus,25
no.nuug,no.kjemi,25
no.nuug,no.musikk.gitar,25
no.nuug,no.news.drift,25
no.nuug,no.psykologi,25
no.radio-tv,no.audio,25
no.radio-tv,no.marked,25
no.radio-tv,no.pc,25
no.religion,no.org.efn.diskusjon,25
no.tele,no.www,25
no.typografi,no.audio,25
no.typografi,no.hobby.diverse,25
no.typografi,no.marked,25
no.typografi,no.marked.data,25
no.typografi,no.ms-windows,25
no.typografi,no.musikk,25
no.vitser,no.norsk,25
no.www,no.news.diverse,25
no.x,no.general,25
no.alt.config,unknown,24
no.alt.diskusjoner,no.alt.radio_tv.irma1000,24
no.alt.diskusjoner,no.biz.annonser,24
no.alt.flame,no.alt.mat,24
no.alt.frustrasjoner,no.alt.sjokolade,24
no.alt.frustrasjoner,no.multimedia,24
no.alt.gledesutbrudd,no.alt.katter,24
no.alt.gledesutbrudd,no.linux,24
no.alt.gledesutbrudd,no.musikk.gitar,24
no.alt.katter,no.alt.mat.drikke,24
no.alt.mat,no.film,24
no.alt.mat.drikke,no.alt.katter,24
no.alt.mat.drikke,unknown,24
no.audio,no.hobby.diverse,24
no.biz.diskusjoner,no.ef,24
no.biz.diskusjoner,no.pc,24
no.ef,no.biz.diskusjoner,24
no.folklore.edb,no.pc,24
no.hobby.diverse,no.musikk,24
no.mail.drift,unknown,24
no.marked,no.bolig,24
no.marked,no.slekt,24
no.marked.data,no.marked.diskusjon,24
no.musikk,no.biz.annonser,24
no.musikk,no.hobby.diverse,24
no.musikk.gitar,no.psykologi,24
no.net,no.biz.diskusjoner,24
no.news.drift,no.alt.pompelog,24
no.news.drift,no.org.efn.diskusjon,24
no.norsk,no.radio-tv,24
no.norsk,no.vitser,24
no.org.efn.diskusjon,no.kjemi,24
no.org.efn.diskusjon,no.linux,24
no.org.efn.diskusjon,no.litteratur,24
no.org.efn.diskusjon,no.mac,24
no.org.efn.diskusjon,no.mail.diverse,24
no.org.efn.diskusjon,no.mail.drift,24
no.org.efn.diskusjon,no.marked,24
no.org.efn.diskusjon,no.multimedia,24
no.org.efn.diskusjon,no.net,24
no.org.efn.diskusjon,no.news.drift,24
no.org.efn.diskusjon,no.nuug,24
no.org.efn.diskusjon,no.pc,24
no.org.efn.diskusjon,no.psykologi,24
no.pc,no.org.efn.diskusjon,24
no.slekt,no.marked,24
no.vitser,no.stortinget,24
no.alkohol,no.alt.flame,23
no.alt.flame,no.ai,23
no.alt.flame,no.alt.radio_tv.irma1000,23
no.alt.frustrasjoner,no.litteratur,23
no.alt.frustrasjoner,no.mail.drift,23
no.alt.frustrasjoner,no.religion,23
no.alt.gledesutbrudd,no.alt.mat.drikke,23
no.alt.gledesutbrudd,no.radio_tv,23
no.alt.god.jul,no.alt.motorsykler,23
no.alt.katter,no.alt.gledesutbrudd,23
no.alt.mat.drikke,no.general,23
no.alt.motorsykler,no.alt.god.jul,23
no.audio,no.typografi,23
no.biz.annonser,no.alt.diskusjoner,23
no.biz.annonser,no.audio,23
no.eunet.drift,no.eunet.diverse,23
no.general,no.alt.katter,23
no.hobby.diverse,no.ms-windows,23
no.hobby.diverse,no.typografi,23
no.irc,no.alt.frustrasjoner,23
no.kjemi,no.org.efn.diskusjon,23
no.linux,no.alt.gledesutbrudd,23
no.linux,no.org.efn.diskusjon,23
no.litteratur,no.org.efn.diskusjon,23
no.mac,no.org.efn.diskusjon,23
no.mac,no.tegnsett,23
no.mail.diverse,no.org.efn.diskusjon,23
no.mail.drift,no.org.efn.diskusjon,23
no.marked,no.org.efn.diskusjon,23
no.marked,no.typografi,23
no.marked.data,no.typografi,23
no.ms-windows,no.elektronikk,23
no.multimedia,no.org.efn.diskusjon,23
no.musikk,no.news.drift,23
no.musikk,no.nuug,23
no.musikk,no.typografi,23
no.musikk.gitar,no.alt.frustrasjoner,23
no.musikk.gitar,no.alt.gledesutbrudd,23
no.net,no.alt.pompelog,23
no.net,no.org.efn.diskusjon,23
no.news.diverse,no.nuug,23
no.news.drift,no.unix,23
no.nuug,no.org.efn.diskusjon,23
no.org.efn.diskusjon,no.musikk.gitar,23
no.prat.narkotika,no.stortinget,23
no.psykologi,no.org.efn.diskusjon,23
no.radio-tv,no.marked.data,23
no.radio_tv,no.film,23
no.religion,no.alt.frustrasjoner,23
no.slekt,no.pc,23
no.spill,no.radio_tv,23
no.sport.diverse,no.uninett.diverse,23
no.www,no.marked,23
no.www,no.tele,23
no.x,no.unix,23
no.ai,no.alt.motorsykler,22
no.alt.config,no.alt.radio_tv.irma1000,22
no.alt.diskusjoner,no.biz.diskusjoner,22
no.alt.frustrasjoner,no.alt.mat.drikke,22
no.alt.frustrasjoner,no.marked.data,22
no.alt.gledesutbrudd,no.alt.sjokolade,22
no.alt.god.jul,no.norsk,22
no.alt.irc-treff,no.irc,22
no.alt.motorsykler,no.ai,22
no.alt.pompelog,no.alt.god.jul,22
no.alt.radio_tv.irma1000,no.alt.diskusjoner,22
no.alt.tegneserier,no.eunet.drift,22
no.biz.annonser,no.film,22
no.biz.annonser.data,no.it.diverse,22
no.c,no.eunet.drift,22
no.ef,no.eunet.drift,22
no.embnet,no.eunet.drift,22
no.eunet.diverse,no.eunet.drift,22
no.eunet.diverse,no.havforskning,22
no.eunet.drift,no.alt.tegneserier,22
no.eunet.drift,no.c,22
no.eunet.drift,no.ef,22
no.eunet.drift,no.embnet,22
no.eunet.drift,no.havforskning,22
no.general,no.it.diverse,22
no.havforskning,no.eunet.diverse,22
no.havforskning,no.eunet.drift,22
no.it.emacs,no.prat.politikk,22
no.jus,no.stortinget,22
no.mail.diverse,no.unix,22
no.marked,no.www,22
no.medisin,no.net,22
no.multimedia,no.sport.diverse,22
no.net,no.medisin,22
no.news.diverse,no.medisin,22
no.prat.aksjer,unknown,22
no.radio-tv,no.norsk,22
no.spill,no.speider,22
no.sport.diverse,no.multimedia,22
no.stortinget,no.news.diverse,22
no.unix,no.news.drift,22
no.vit.diverse,no.news.diverse,22
no.ai,unknown,21
no.alkohol,no.alt.radio_tv.irma1000,21
no.alkohol,no.multimedia,21
no.alt.flame,no.alt.katter,21
no.alt.flame,no.alt.mat.drikke,21
no.alt.flame,no.alt.motorsykler,21
no.alt.katter,no.alt.frustrasjoner,21
no.alt.radio_tv.irma1000,no.alkohol,21
no.alt.radio_tv.irma1000,no.alt.config,21
no.biz.diskusjoner,no.marked,21
no.c,no.pc,21
no.film,no.alt.mat,21
no.litteratur,no.news.diverse,21
no.mac,no.ms-windows,21
no.marked,no.biz.nettilbydere,21
no.musikk,no.radio-tv,21
no.musikk.gitar,no.org.efn.diskusjon,21
no.news.diverse,no.spill,21
no.norsk,no.film,21
no.norsk,no.slekt,21
no.nuug,no.musikk,21
no.pc,no.slekt,21
no.radio_tv,no.spill,21
no.speider,no.marked,21
no.speider,no.spill,21
no.tegnsett,no.mac,21
no.uninett.diverse,no.sport.diverse,21
no.unix,no.x,21
no.ai,no.alt.flame,20
no.ai,no.alt.pompelog,20
no.alt.arkiv,no.alt.pompelog,20
no.alt.diskusjoner,no.alt.katter,20
no.alt.diskusjoner,no.alt.mat.drikke,20
no.alt.gledesutbrudd,no.religion,20
no.alt.god.jul,no.alt.pompelog,20
no.alt.god.jul,no.alt.radio_tv.irma1000,20
no.alt.mat,no.alt.flame,20
no.alt.pompelog,no.ai,20
no.alt.pompelog,no.alt.arkiv,20
no.alt.pompelog,no.alt.tegneserier,20
no.alt.radio_tv.irma1000,no.alt.god.jul,20
no.audio,no.biz.annonser,20
no.biz.annonser,no.uninett.diverse,20
no.biz.diskusjoner,no.alt.diskusjoner,20
no.biz.diskusjoner,no.biz.annonser,20
no.biz.diskusjoner,no.eunet.hjelp,20
no.biz.diskusjoner,no.net,20
no.eunet.drift,no.general,20
no.eunet.hjelp,no.biz.diskusjoner,20
no.film,no.biz.annonser,20
no.general,no.eunet.drift,20
no.general,no.medisin,20
no.general,no.reiser,20
no.it.diverse,no.general,20
no.jus,no.alt.gledesutbrudd,20
no.news.diverse,no.embnet,20
no.norsk,no.alt.gledesutbrudd,20
no.org.efn.diskusjon,no.musikk,20
no.pc,no.radio-tv,20
no.prat.politikk,no.alkohol,20
no.psykologi,no.musikk,20
no.radio-tv,no.radio_tv,20
no.religion,no.alt.gledesutbrudd,20
no.slekt,no.multimedia,20
no.slekt,no.speider,20
no.slekt.programmer,unknown,20
no.sport.diverse,no.biz.annonser,20
no.unix,no.mail.diverse,20
no.x,unknown,20
no.ai,no.alt.katter,19
no.ai,no.alt.mat.drikke,19
no.alkohol,no.alt.katter,19
no.alt.arkiv,no.alt.katter,19
no.alt.arkiv,no.alt.mat.drikke,19
no.alt.config,no.alt.mat.drikke,19
no.alt.diskusjoner,no.alt.radio-tv.irma-1000,19
no.alt.diskusjoner,no.unix,19
no.alt.flame,no.irc,19
no.alt.frustrasjoner,no.psykologi,19
no.alt.mat,no.alt.tegneserier,19
no.alt.pompelog,no.biz.diskusjoner,19
no.alt.radio-tv.irma-1000,no.alt.diskusjoner,19
no.alt.radio_tv.irma1000,unknown,19
no.alt.tegneserier,no.alt.mat,19
no.alt.tegneserier,no.alt.pompelog,19
no.biz.annonser,no.it.diverse,19
no.elektronikk,no.spill,19
no.film,no.alt.motorsykler,19
no.general,no.bolig,19
no.it.diverse,no.biz.annonser,19
no.kjemi,no.alkohol,19
no.mac,no.alt.gledesutbrudd,19
no.marked,no.uninett.diverse,19
no.marked.data,no.mswindow,19
no.mswindow,no.marked.data,19
no.multimedia,no.alkohol,19
no.multimedia,no.slekt,19
no.news.diverse,no.alt.radio-tv.irma-1000,19
no.news.drift,no.biz.diskusjoner,19
no.norsk,no.alt.god.jul,19
no.nuug,no.news.diverse,19
no.pc,no.c,19
no.radio-tv,no.havforskning,19
no.slekt,no.norsk,19
no.slekt,no.sport.diverse,19
no.speider,no.slekt,19
no.speider,no.sport.diverse,19
no.spill,no.elektronikk,19
no.spill,no.vitser,19
no.sport.diverse,no.speider,19
no.uninett.diverse,no.biz.annonser,19
no.uninett.diverse,no.marked,19
no.unix,no.norsk,19
no.alt.config,no.alt.radio-tv.irma-1000,18
no.alt.flame,no.alt.sjokolade,18
no.alt.flame,no.musikk.gitar,18
no.alt.frustrasjoner,no.alt.pompel-og-pilt,18
no.alt.gledesutbrudd,no.jus,18
no.alt.god.jul,no.vit.diverse,18
no.alt.god.jul,unknown,18
no.alt.katter,no.ai,18
no.alt.katter,no.alkohol,18
no.alt.katter,no.alt.arkiv,18
no.alt.katter,no.alt.diskusjoner,18
no.alt.katter,no.alt.flame,18
no.alt.katter,no.alt.mat,18
no.alt.mat,no.alt.katter,18
no.alt.mat.drikke,no.ai,18
no.alt.mat.drikke,no.alt.arkiv,18
no.alt.mat.drikke,no.alt.config,18
no.alt.mat.drikke,no.alt.diskusjoner,18
no.alt.mat.drikke,no.alt.flame,18
no.alt.motorsykler,no.alt.mat.drikke,18
no.alt.pompelog,no.unix,18
no.alt.radio-tv.irma-1000,no.alt.arkiv,18
no.alt.radio-tv.irma-1000,no.alt.config,18
no.alt.radio-tv.irma-1000,no.alt.flame,18
no.alt.sjokolade,no.alt.flame,18
no.alt.sjokolade,no.marked.jobb,18
no.alt.sjokolade,no.musikk.gitar,18
no.alt.sjokolade,no.news.diverse,18
no.alt.sjokolade,no.vitser,18
no.alt.tegneserier,no.radio_tv,18
no.biz.annonser,no.mail.diverse,18
no.biz.annonser,no.sport.diverse,18
no.biz.diskusjoner,no.news.drift,18
no.biz.diskusjoner,no.unix,18
no.c,no.alt.frustrasjoner,18
no.c,no.spill,18
no.ef,no.unix,18
no.eunet.hjelp,no.unix,18
no.general,no.vr,18
no.kjemi,no.vit.diverse,18
no.linux,no.spill,18
no.mac,no.alt.config,18
no.marked,no.radio_tv,18
no.marked.bil,no.marked.data,18
no.marked.data,no.marked.bil,18
no.marked.jobb,no.news.diverse,18
no.marked.jobb,no.telepost,18
no.media,no.multimedia,18
no.medisin,no.prat.seksualitet,18
no.multimedia,no.alt.config,18
no.musikk,no.psykologi,18
no.musikk.gitar,no.alt.flame,18
no.musikk.gitar,no.alt.sjokolade,18
no.musikk.gitar,no.vitser,18
no.news.diverse,no.alt.sjokolade,18
no.news.diverse,no.org.efn.diskusjon,18
no.norsk,no.spill,18
no.norsk,no.uninett.diverse,18
no.pc,no.hobby.diverse,18
no.pc,no.video,18
no.radio-tv,no.irc,18
no.radio-tv,no.kjemi,18
no.radio-tv,no.linux,18
no.radio-tv,no.litteratur,18
no.radio-tv,no.mac,18
no.radio-tv,no.mail.diverse,18
no.radio-tv,no.mail.drift,18
no.radio-tv,no.musikk.gitar,18
no.radio-tv,no.net,18
no.radio_tv,no.alt.tegneserier,18
no.radio_tv,no.marked,18
no.religion,no.radio-tv,18
no.skole.diverse,unknown,18
no.spill,no.c,18
no.spill,no.net,18
no.spill,no.norsk,18
no.sport.diverse,no.slekt,18
no.student.nett,no.general,18
no.tegnsett,no.alt.frustrasjoner,18
no.test,no.musikk,18
no.uninett.diverse,no.norsk,18
no.unix,no.alt.diskusjoner,18
no.unix,no.biz.diskusjoner,18
no.unix,no.ef,18
no.unix,no.eunet.hjelp,18
no.vr,no.general,18
no.alkohol,no.kjemi,17
no.alkohol,no.medisin,17
no.alt.config,no.multimedia,17
no.alt.flame,no.film,17
no.alt.flame,no.marked.jobb,17
no.alt.frustrasjoner,no.alt.radio-tv.irma-1000,17
no.alt.frustrasjoner,no.bil,17
no.alt.gledesutbrudd,no.marked.jobb,17
no.alt.motorsykler,no.alt.flame,17
no.alt.pompelog,no.embnet,17
no.biz.annonser,no.norsk,17
no.bolig,no.general,17
no.ef,no.alt.frustrasjoner,17
no.elektronikk,no.alt.flame,17
no.film,no.alt.frustrasjoner,17
no.general,no.student.samfund,17
no.general,no.x,17
no.hobby.diverse,no.pc,17
no.hobby.diverse,no.video,17
no.irc,no.radio_tv,17
no.jus,no.alt.motorsykler,17
no.jus,no.slekt,17
no.linux,no.tegnsett,17
no.mail.diverse,no.slekt,17
no.marked,no.alt.mat,17
no.marked,no.speider,17
no.marked.bil,no.marked.bolig,17
no.marked.bolig,no.marked.bil,17
no.marked.bolig,no.marked.data,17
no.marked.data,no.www,17
no.marked.jobb,no.norsk,17
no.ms-windows,no.mac,17
no.musikk,no.org.efn.diskusjon,17
no.net,no.spill,17
no.news.diverse,no.religion,17
no.norsk,no.biz.annonser,17
no.org.efn.diskusjon,no.news.diverse,17
no.pc,no.norsk.fagord,17
no.prat.seksualitet,no.general,17
no.prat.ufo,unknown,17
no.radio-tv,no.religion,17
no.reiser,no.general,17
no.skole.diverse,no.prat.seksualitet,17
no.slekt,no.jus,17
no.slekt,no.mac,17
no.slekt,no.mail.diverse,17
no.spill,no.uninett.diverse,17
no.tegnsett,no.linux,17
no.tele,no.marked.data,17
no.tele,no.vitser,17
no.telepost,no.marked.jobb,17
no.video,no.hobby.diverse,17
no.video,no.pc,17
no.vit.diverse,no.medisin,17
no.vitser,no.alt.sjokolade,17
no.vitser,no.marked.jobb,17
no.vitser,no.musikk.gitar,17
no.alkohol,no.mac,16
no.alkohol,no.norsk,16
no.alt.arkiv,no.alt.radio-tv.irma-1000,16
no.alt.arkiv,no.net,16
no.alt.flame,no.alt.radio-tv.irma-1000,16
no.alt.frustrasjoner,no.org.efn.diskusjon,16
no.alt.frustrasjoner,no.slekt,16
no.alt.frustrasjoner,no.telepost,16
no.alt.gledesutbrudd,no.c,16
no.alt.gledesutbrudd,no.ef,16
no.alt.gledesutbrudd,no.embnet,16
no.alt.gledesutbrudd,no.havforskning,16
no.alt.mat,no.c,16
no.alt.mat,no.ef,16
no.alt.mat,no.embnet,16
no.alt.mat,no.marked,16
no.alt.motorsykler,no.biz.annonser,16
no.audio,no.alt.frustrasjoner,16
no.bil,no.sykkel,16
no.biz.annonser,no.marked.jobb,16
no.biz.diskusjoner,no.alt.pompelog,16
no.bolig,no.biz.annonser,16
no.bolig,unknown,16
no.general,no.typografi,16
no.havforskning,no.alt.gledesutbrudd,16
no.it.emacs,no.alt.gledesutbrudd,16
no.jus,no.eunet.diverse,16
no.jus,no.spill,16
no.linux,no.slekt,16
no.litteratur,no.slekt,16
no.mac,no.alkohol,16
no.mac,no.slekt,16
no.marked.bolig,no.bolig,16
no.marked.data,no.marked.bolig,16
no.marked.jobb,no.alt.flame,16
no.marked.jobb,no.alt.frustrasjoner,16
no.marked.jobb,no.alt.gledesutbrudd,16
no.marked.jobb,no.alt.sjokolade,16
no.marked.jobb,no.biz.annonser,16
no.marked.jobb,no.vitser,16
no.media,no.marked,16
no.multimedia,no.uninett.diverse,16
no.musikk,no.alt.diskusjoner,16
no.musikk,no.prat.politikk,16
no.net,no.alt.arkiv,16
no.news.diverse,no.marked.data,16
no.norsk,no.alt.tegneserier,16
no.norsk,no.telepost,16
no.norsk,no.unix,16
no.norsk.fagord,no.pc,16
no.pc,no.uninett.diverse,16
no.prat.aksjer,no.general,16
no.prat.seksualitet,no.alt.frustrasjoner,16
no.slekt,no.linux,16
no.slekt,no.litteratur,16
no.sport.diverse,no.radio_tv,16
no.stortinget,no.jus,16
no.uninett.diverse,no.spill,16
no.unix,no.alt.pompelog,16
no.unix,no.folklore.edb,16
no.unix,no.perl,16
no.vitser,no.prat.politikk,16
no.vitser,no.spill,16
no.www,no.marked.data,16
no.alkohol,no.alt.tegneserier,15
no.alt.arkiv,no.alt.tegneserier,15
no.alt.config,no.mac,15
no.alt.diskusjoner,no.mail.drift,15
no.alt.flame,no.alt.pompelog,15
no.alt.flame,no.religion,15
no.alt.frustrasjoner,no.eunet.diverse,15
no.alt.frustrasjoner,no.eunet.drift,15
no.alt.frustrasjoner,no.eunet.hjelp,15
no.alt.gledesutbrudd,no.eunet.diverse,15
no.alt.gledesutbrudd,no.mac,15
no.alt.mat,no.havforskning,15
no.alt.motorsykler,no.film,15
no.alt.motorsykler,no.jus,15
no.alt.pompelog,unknown,15
no.alt.tegneserier,no.alkohol,15
no.alt.tegneserier,no.alt.arkiv,15
no.audio,no.eunet.drift,15
no.biz.annonser,no.bolig,15
no.biz.annonser.data,no.spill,15
no.bolig,no.marked.bolig,15
no.c,no.alt.gledesutbrudd,15
no.c,no.alt.mat,15
no.ef,no.alt.gledesutbrudd,15
no.ef,no.alt.mat,15
no.embnet,no.alt.frustrasjoner,15
no.embnet,no.alt.gledesutbrudd,15
no.embnet,no.alt.mat,15
no.embnet,no.alt.pompelog,15
no.eunet.diverse,no.alt.gledesutbrudd,15
no.eunet.diverse,no.eunet.hjelp,15
no.eunet.drift,no.audio,15
no.folklore.edb,no.general,15
no.havforskning,no.alt.frustrasjoner,15
no.havforskning,no.alt.mat,15
no.irc,no.eunet.diverse,15
no.irc,no.eunet.drift,15
no.jus,no.eunet.drift,15
no.jus,no.speider,15
no.jus,no.sport.diverse,15
no.kryptografi,unknown,15
no.linux,no.alt.pompelog,15
no.linux,no.eunet.hjelp,15
no.linux,no.folklore.edb,15
no.litteratur,no.spill,15
no.mail.diverse,no.biz.annonser,15
no.marked.data,no.sport.diverse,15
no.ms-windows,no.tele,15
no.news.diverse,no.uninett.skole,15
no.norsk,no.havforskning,15
no.norsk,no.radio_tv,15
no.norsk,no.tele,15
no.pc,no.folklore.edb,15
no.radio-tv,no.alt.pompel-og-pilt,15
no.radio-tv,no.alt.radio-tv.irma-1000,15
no.radio-tv,no.bil,15
no.radio-tv,no.c,15
no.radio-tv,no.ef,15
no.radio-tv,no.embnet,15
no.radio-tv,no.lisp,15
no.radio-tv,no.marked.jobb,15
no.radio_tv,no.alt.gledesutbrudd,15
no.radio_tv,no.sport.diverse,15
no.speider,no.jus,15
no.spill,no.biz.annonser.data,15
no.spill,no.litteratur,15
no.spill.sjakk,no.general,15
no.sport.diverse,no.marked.data,15
no.stortinget,no.alt.frustrasjoner,15
no.sykkel,no.bil,15
no.tegnsett,no.norsk,15
no.uninett.diverse,no.multimedia,15
no.uninett.diverse,no.pc,15
no.uninett.diverse,no.radio_tv,15
no.unix,no.www,15
no.www,no.linux,15
no.alt.diskusjoner,no.alt.tegneserier,14
no.alt.diskusjoner,no.linux,14
no.alt.flame,no.jus,14
no.alt.flame,no.norsk,14
no.alt.frustrasjoner,no.speider,14
no.alt.gledesutbrudd,no.eunet.drift,14
no.alt.gledesutbrudd,no.eunet.hjelp,14
no.alt.mat,no.audio,14
no.alt.mat,no.eunet.diverse,14
no.alt.mat,no.eunet.drift,14
no.alt.mat,no.eunet.hjelp,14
no.alt.mat,no.jus,14
no.alt.mat.drikke,no.it.emacs,14
no.alt.motorsykler,no.www,14
no.alt.pompel-og-pilt,no.alt.katter,14
no.alt.pompel-og-pilt,no.alt.mat.drikke,14
no.alt.pompelog,no.eunet.diverse,14
no.alt.pompelog,no.eunet.drift,14
no.alt.pompelog,no.havforskning,14
no.alt.pompelog,no.jus,14
no.alt.radio-tv.irma-1000,no.alt.katter,14
no.alt.radio-tv.irma-1000,no.alt.mat.drikke,14
no.alt.radio_tv.irma1000,no.radio_tv,14
no.alt.tegneserier,no.eunet.hjelp,14
no.bil,no.biz.annonser,14
no.bil,no.religion,14
no.biz.annonser,no.alt.motorsykler,14
no.biz.annonser,no.multimedia,14
no.biz.nettilbydere,unknown,14
no.bolig,no.elektronikk,14
no.elektronikk,no.bolig,14
no.elektronikk,no.hobby.diverse,14
no.embnet,no.eunet.hjelp,14
no.eunet.diverse,no.alt.frustrasjoner,14
no.eunet.diverse,no.alt.mat,14
no.eunet.diverse,no.alt.pompelog,14
no.eunet.diverse,no.jus,14
no.eunet.drift,no.alt.frustrasjoner,14
no.eunet.drift,no.alt.gledesutbrudd,14
no.eunet.drift,no.alt.mat,14
no.eunet.drift,no.alt.pompelog,14
no.eunet.drift,no.jus,14
no.eunet.hjelp,no.alt.frustrasjoner,14
no.eunet.hjelp,no.alt.gledesutbrudd,14
no.eunet.hjelp,no.alt.mat,14
no.eunet.hjelp,no.alt.tegneserier,14
no.eunet.hjelp,no.embnet,14
no.eunet.hjelp,no.eunet.diverse,14
no.eunet.hjelp,no.havforskning,14
no.eunet.hjelp,no.jus,14
no.film,no.radio_tv,14
no.general,no.alt.arkiv,14
no.havforskning,no.alt.pompelog,14
no.havforskning,no.eunet.hjelp,14
no.irc,no.news.drift,14
no.it.diverse,no.www,14
no.jus,no.alt.mat,14
no.jus,no.alt.pompelog,14
no.jus,no.eunet.hjelp,14
no.marked.jobb,no.marked.bil,14
no.marked.jobb,no.marked.bolig,14
no.ms-windows,no.marked.jobb,14
no.musikk,no.alt.motorsykler,14
no.musikk,no.medisin,14
no.net,no.standard,14
no.news.diverse,no.ms-windows,14
no.prat.politikk,no.musikk,14
no.psykologi,no.slekt,14
no.radio-tv,no.spill,14
no.radio_tv,no.alt.radio_tv.irma1000,14
no.radio_tv,no.uninett.diverse,14
no.slekt,no.alt.frustrasjoner,14
no.slekt,no.psykologi,14
no.slekt,no.radio_tv,14
no.slekt,no.sources.wanted,14
no.slekt,no.telepost,14
no.sources.wanted,no.slekt,14
no.sources.wanted,no.telepost,14
no.speider,no.norsk,14
no.spill,no.jus,14
no.spill,no.linux,14
no.spill,no.news.diverse,14
no.sport.diverse,no.alt.gledesutbrudd,14
no.standard,no.net,14
no.tegnsett,no.jus,14
no.tele,no.ms-windows,14
no.telepost,no.norsk,14
no.telepost,no.slekt,14
no.telepost,no.sources.wanted,14
no.typografi,no.alt.frustrasjoner,14
no.typografi,no.norsk,14
no.uninett.skole,no.alt.frustrasjoner,14
no.video,no.multimedia,14
no.www,no.alt.frustrasjoner,14
no.x,no.linux,14
no.ai,no.alt.radio_tv.irma1000,13
no.alt.arkiv,no.alt.radio_tv.irma1000,13
no.alt.diskusjoner,no.spill,13
no.alt.frustrasjoner,no.stortinget,13
no.alt.gledesutbrudd,no.irc,13
no.alt.gledesutbrudd,no.marked,13
no.alt.gledesutbrudd,no.sport.diverse,13
no.alt.katter,no.marked,13
no.alt.mat,no.multimedia,13
no.alt.mat,no.prat.politikk,13
no.alt.mat,no.vit.diverse,13
no.alt.motorsykler,no.audio,13
no.alt.motorsykler,no.irc,13
no.alt.pompelog,no.alt.flame,13
no.alt.pompelog,no.alt.katter,13
no.alt.pompelog,no.alt.mat.drikke,13
no.alt.radio_tv.irma1000,no.ai,13
no.alt.radio_tv.irma1000,no.alt.arkiv,13
no.alt.radio_tv.irma1000,no.alt.flame,13
no.alt.radio_tv.irma1000,no.alt.katter,13
no.alt.radio_tv.irma1000,no.alt.mat.drikke,13
no.audio,no.alt.mat,13
no.audio,no.alt.motorsykler,13
no.biz.annonser,no.bil,13
no.biz.annonser,no.biz.diskusjoner,13
no.biz.diskusjoner,no.ms-windows,13
no.elektronikk,no.biz.annonser,13
no.elektronikk,no.radio_tv,13
no.elektronikk,no.tele,13
no.film,no.pc,13
no.general,no.nuug,13
no.general,no.tegnsett,13
no.havforskning,no.psykologi,13
no.irc,no.slekt,13
no.kjemi,no.slekt,13
no.kryptografi,no.linux,13
no.linux,no.biz.diskusjoner,13
no.marked,no.alt.flame,13
no.marked.bil,no.biz.annonser,13
no.marked.bil,no.marked.jobb,13
no.marked.bolig,no.marked.jobb,13
no.marked.data,no.video,13
no.marked.jobb,no.ms-windows,13
no.multimedia,no.alt.mat,13
no.multimedia,no.biz.annonser,13
no.multimedia,no.media,13
no.multimedia,no.video,13
no.news.diverse,no.bibsys,13
no.news.diverse,no.biz.nettilbydere,13
no.news.diverse,no.bolig,13
no.news.diverse,no.radio-tv,13
no.norsk,no.sources.wanted,13
no.org.efn.diskusjon,no.alt.frustrasjoner,13
no.pc,no.film,13
no.pc,no.vr,13
no.perl,no.general,13
no.psykologi,no.havforskning,13
no.radio-tv,no.news.diverse,13
no.radio-tv,no.sport.diverse,13
no.radio_tv,no.irc,13
no.radio_tv,no.norsk,13
no.slekt,no.kjemi,13
no.sources.wanted,no.norsk,13
no.speider,no.alt.gledesutbrudd,13
no.spill,no.alt.diskusjoner,13
no.spill,no.vr,13
no.standard,no.c,13
no.video,no.marked.data,13
no.vit.diverse,no.litteratur,13
no.alt.diskusjoner,no.musikk,12
no.alt.diskusjoner,no.vr,12
no.alt.flame,no.kjemi,12
no.alt.flame,no.sport.diverse,12
no.alt.frustrasjoner,no.uninett.skole,12
no.alt.gledesutbrudd,no.audio,12
no.alt.gledesutbrudd,no.litteratur,12
no.alt.gledesutbrudd,no.norsk,12
no.alt.katter,no.alt.pompel-og-pilt,12
no.alt.katter,no.alt.pompelog,12
no.alt.katter,no.alt.radio-tv.irma-1000,12
no.alt.katter,no.alt.radio_tv.irma1000,12
no.alt.mat.drikke,no.alt.pompel-og-pilt,12
no.alt.mat.drikke,no.alt.pompelog,12
no.alt.mat.drikke,no.alt.radio-tv.irma-1000,12
no.alt.mat.drikke,no.alt.radio_tv.irma1000,12
no.alt.motorsykler,no.mac,12
no.alt.pompelog,no.audio,12
no.alt.radio-tv.irma-1000,no.news.diverse,12
no.alt.radio-tv.irma-1000,unknown,12
no.alt.radio_tv.irma1000,no.alt.tegneserier,12
no.alt.tegneserier,no.alt.radio_tv.irma1000,12
no.audio,no.bolig,12
no.bil,no.biz.diskusjoner,12
no.bil,no.bolig,12
no.biz.annonser,no.marked.bil,12
no.biz.annonser,no.marked.bolig,12
no.biz.diskusjoner,no.bil,12
no.bolig,no.audio,12
no.elektronikk,no.video,12
no.eunet.diverse,no.film,12
no.eunet.diverse,no.irc,12
no.eunet.drift,no.alt.diskusjoner,12
no.eunet.drift,no.film,12
no.eunet.drift,no.irc,12
no.eunet.drift,no.pc,12
no.film,no.alt.flame,12
no.film,no.eunet.diverse,12
no.film,no.eunet.drift,12
no.general,no.alt.mat.drikke,12
no.havforskning,no.news.drift,12
no.havforskning,no.norsk,12
no.havforskning,no.slekt,12
no.it.emacs,no.linux,12
no.jus,no.bolig,12
no.jus,no.prat.seksualitet,12
no.kjemi,no.spill,12
no.kryptografi,no.www,12
no.linux,no.it.emacs,12
no.linux,no.radio_tv,12
no.linux,no.www,12
no.litteratur,no.skole.diverse,12
no.mac,no.radio_tv,12
no.mac,no.spill,12
no.mail.drift,no.slekt,12
no.marked,no.media,12
no.marked,no.mswindow,12
no.marked.bolig,no.biz.annonser,12
no.marked.data,no.telepost,12
no.medisin,no.norsk.fagord,12
no.mswindow,no.marked,12
no.multimedia,no.vr,12
no.net,no.eunet.diverse,12
no.net,no.eunet.drift,12
no.net,no.slekt,12
no.news.diverse,no.alt.arkiv,12
no.news.diverse,no.biz.annonser,12
no.news.diverse,no.sykkel,12
no.news.drift,no.havforskning,12
no.news.drift,no.slekt,12
no.norsk,no.audio,12
no.norsk,no.typografi,12
no.norsk.fagord,no.medisin,12
no.pc,no.biz.diskusjoner,12
no.pc,no.media,12
no.prat.ufo,no.radio-tv,12
no.radio-tv,no.prat.ufo,12
no.radio_tv,no.elektronikk,12
no.radio_tv,no.slekt,12
no.radio_tv,no.vr,12
no.religion,no.ef,12
no.religion,no.news.diverse,12
no.skole.diverse,no.uninett.skole,12
no.slekt,no.havforskning,12
no.slekt,no.mail.drift,12
no.slekt,no.net,12
no.slekt,no.news.drift,12
no.slekt,no.sources.list,12
no.slekt,no.tegnsett,12
no.speider,no.alt.frustrasjoner,12
no.speider,no.alt.motorsykler,12
no.spill,no.kjemi,12
no.spill,no.mac,12
no.spill,no.radio-tv,12
no.sport.diverse,no.kjemi,12
no.sport.diverse,no.musikk,12
no.stortinget,no.ef,12
no.uninett.diverse,no.vr,12
no.uninett.skole,unknown,12
no.video,no.elektronikk,12
no.vit.diverse,no.havforskning,12
no.vr,no.alt.diskusjoner,12
no.vr,no.multimedia,12
no.vr,no.pc,12
no.vr,no.radio_tv,12
no.vr,no.spill,12
no.vr,no.uninett.diverse,12
no.ai,no.c,11
no.ai,no.ef,11
no.ai,no.embnet,11
no.alkohol,no.c,11
no.alkohol,no.embnet,11
no.alt.arkiv,no.general,11
no.alt.diskusjoner,no.mac,11
no.alt.diskusjoner,no.vit.diverse,11
no.alt.frustrasjoner,no.ms-windows,11
no.alt.frustrasjoner,no.tegnsett,11
no.alt.gledesutbrudd,no.net,11
no.alt.mat,no.litteratur,11
no.alt.motorsykler,no.litteratur,11
no.alt.motorsykler,no.speider,11
no.alt.radio_tv.irma1000,no.audio,11
no.audio,no.alt.gledesutbrudd,11
no.audio,no.radio_tv,11
no.biz.annonser,no.elektronikk,11
no.biz.annonser.data,no.multimedia,11
no.biz.annonser.data,no.sport.diverse,11
no.biz.annonser.data,unknown,11
no.bolig,no.bil,11
no.bolig,no.c,11
no.bolig,no.jus,11
no.c,no.standard,11
no.embnet,no.bolig,11
no.irc,no.alt.gledesutbrudd,11
no.irc,no.sport.diverse,11
no.it.diverse,no.marked,11
no.jus,no.www,11
no.kjemi,no.alt.flame,11
no.kjemi,no.sport.diverse,11
no.linux,no.alt.diskusjoner,11
no.linux,no.sport.diverse,11
no.linux,no.x,11
no.lisp,no.it.emacs,11
no.litteratur,no.alt.gledesutbrudd,11
no.litteratur,no.alt.mat,11
no.litteratur,no.alt.motorsykler,11
no.litteratur,no.sport.diverse,11
no.mac,no.sport.diverse,11
no.mail.diverse,no.telepost,11
no.marked,no.alt.gledesutbrudd,11
no.marked,no.sources.wanted,11
no.marked,no.uninett.skole,11
no.marked.diskusjon,no.marked,11
no.media,no.pc,11
no.ms-windows,no.news.diverse,11
no.mswindow,unknown,11
no.multimedia,no.biz.annonser.data,11
no.multimedia,no.radio-tv,11
no.musikk,no.marked.bolig,11
no.musikk,no.media,11
no.musikk,no.sport.diverse,11
no.news.drift,no.irc,11
no.norsk,no.c,11
no.org.efn.diskusjon,no.org.isoc-no,11
no.pc,no.tegnsett,11
no.prat.seksualitet,no.prat.politikk,11
no.psykologi,no.alt.frustrasjoner,11
no.psykologi,no.spill,11
no.psykologi,no.sport.diverse,11
no.psykologi,no.telepost,11
no.radio_tv,no.audio,11
no.radio_tv,no.linux,11
no.radio_tv,no.mac,11
no.radio_tv,no.stortinget,11
no.religion,no.prat.narkotika,11
no.skole.diverse,no.litteratur,11
no.slekt,no.stortinget,11
no.sources.list,no.slekt,11
no.sources.list,no.sources.wanted,11
no.sources.list,no.speider,11
no.sources.list,no.spill,11
no.sources.list,no.sport.diverse,11
no.sources.list,no.tegnsett,11
no.sources.list,no.telepost,11
no.sources.wanted,no.marked,11
no.sources.wanted,no.sources.list,11
no.sources.wanted,no.speider,11
no.sources.wanted,no.spill,11
no.sources.wanted,no.sport.diverse,11
no.sources.wanted,no.stortinget,11
no.sources.wanted,no.tegnsett,11
no.speider,no.general,11
no.speider,no.sources.list,11
no.speider,no.sources.wanted,11
no.speider,no.tegnsett,11
no.speider,no.telepost,11
no.spill,no.sources.list,11
no.spill,no.sources.wanted,11
no.spill,no.tegnsett,11
no.spill,no.telepost,11
no.sport.diverse,no.biz.annonser.data,11
no.sport.diverse,no.jus,11
no.sport.diverse,no.linux,11
no.sport.diverse,no.litteratur,11
no.sport.diverse,no.mac,11
no.sport.diverse,no.radio-tv,11
no.sport.diverse,no.sources.list,11
no.sport.diverse,no.sources.wanted,11
no.sport.diverse,no.sport.fotball,11
no.sport.diverse,no.tegnsett,11
no.sport.diverse,no.telepost,11
no.stortinget,no.radio_tv,11
no.stortinget,no.slekt,11
no.stortinget,no.sources.wanted,11
no.tegnsett,no.vitser,11
no.telepost,no.mail.diverse,11
no.telepost,no.sources.list,11
no.telepost,no.speider,11
no.telepost,no.spill,11
no.telepost,no.sport.diverse,11
no.telepost,no.tegnsett,11
no.uninett.skole,no.news.diverse,11
no.www,no.vitser,11
no.alt.arkiv,no.kjemi,10
no.alt.arkiv,no.mail.diverse,10
no.alt.arkiv,no.mail.drift,10
no.alt.arkiv,no.marked,10
no.alt.arkiv,no.news.diverse,10
no.alt.config,no.kjemi,10
no.alt.config,no.mail.diverse,10
no.alt.config,no.mail.drift,10
no.alt.config,no.marked,10
no.alt.config,no.net,10
no.alt.diskusjoner,no.slekt,10
no.alt.flame,no.mail.diverse,10
no.alt.flame,no.mail.drift,10
no.alt.frustrasjoner,no.nuug,10
no.alt.mat,no.kjemi,10
no.alt.mat,no.mail.diverse,10
no.alt.pompel-og-pilt,no.alt.diskusjoner,10
no.alt.pompel-og-pilt,no.alt.frustrasjoner,10
no.alt.pompel-og-pilt,no.alt.mat,10
no.alt.tegneserier,no.alt.diskusjoner,10
no.alt.tegneserier,no.pc,10
no.amiga,no.mac,10
no.audio,no.alt.pompelog,10
no.audio,no.alt.radio_tv.irma1000,10
no.biz.annonser,no.litteratur,10
no.biz.diskusjoner,no.marked.jobb,10
no.biz.diskusjoner,unknown,10
no.bolig,no.embnet,10
no.c,no.bolig,10
no.ef,no.bolig,10
no.ef,no.stortinget,10
no.general,no.slekt,10
no.havforskning,no.news.diverse,10
no.havforskning,no.nuug,10
no.havforskning,no.pc,10
no.havforskning,no.sources.list,10
no.havforskning,no.sources.wanted,10
no.havforskning,no.speider,10
no.havforskning,no.spill,10
no.havforskning,no.sport.diverse,10
no.havforskning,no.tegnsett,10
no.havforskning,no.telepost,10
no.irc,no.nuug,10
no.irc,no.psykologi,10
no.irc,no.sources.list,10
no.irc,no.sources.wanted,10
no.irc,no.speider,10
no.irc,no.tegnsett,10
no.irc,no.telepost,10
no.it.diverse,no.marked.jobb,10
no.it.diverse,no.net,10
no.jus,no.prat.narkotika,10
no.jus,no.sources.list,10
no.jus,no.sources.wanted,10
no.jus,no.tegnsett,10
no.jus,no.telepost,10
no.kjemi,no.alt.arkiv,10
no.kjemi,no.alt.config,10
no.kjemi,no.alt.mat,10
no.kjemi,no.sources.list,10
no.kjemi,no.sources.wanted,10
no.kjemi,no.speider,10
no.kjemi,no.tegnsett,10
no.kjemi,no.telepost,10
no.kryptografi,no.marked,10
no.linux,no.sources.list,10
no.linux,no.sources.wanted,10
no.linux,no.speider,10
no.linux,no.telepost,10
no.litteratur,no.biz.annonser,10
no.litteratur,no.sources.list,10
no.litteratur,no.sources.wanted,10
no.litteratur,no.speider,10
no.litteratur,no.tegnsett,10
no.litteratur,no.telepost,10
no.mac,no.mswindow,10
no.mac,no.sources.list,10
no.mac,no.sources.wanted,10
no.mac,no.speider,10
no.mac,no.telepost,10
no.mail.diverse,no.alt.arkiv,10
no.mail.diverse,no.alt.config,10
no.mail.diverse,no.alt.flame,10
no.mail.diverse,no.alt.mat,10
no.mail.diverse,no.sources.list,10
no.mail.diverse,no.sources.wanted,10
no.mail.diverse,no.speider,10
no.mail.diverse,no.spill,10
no.mail.diverse,no.sport.diverse,10
no.mail.diverse,no.tegnsett,10
no.mail.drift,no.alt.arkiv,10
no.mail.drift,no.alt.config,10
no.mail.drift,no.alt.diskusjoner,10
no.mail.drift,no.alt.flame,10
no.mail.drift,no.sources.list,10
no.mail.drift,no.sources.wanted,10
no.mail.drift,no.speider,10
no.mail.drift,no.spill,10
no.mail.drift,no.sport.diverse,10
no.mail.drift,no.tegnsett,10
no.mail.drift,no.telepost,10
no.marked,no.alt.arkiv,10
no.marked,no.alt.config,10
no.marked,no.sources.list,10
no.marked,no.tegnsett,10
no.marked,no.telepost,10
no.marked.bolig,no.musikk,10
no.medisin,no.alt.katter,10
no.medisin,no.alt.mat,10
no.ms-windows,no.norsk.fagord,10
no.mswindow,no.mac,10
no.multimedia,no.alt.frustrasjoner,10
no.multimedia,no.sources.list,10
no.multimedia,no.sources.wanted,10
no.multimedia,no.speider,10
no.multimedia,no.tegnsett,10
no.multimedia,no.telepost,10
no.net,no.alt.config,10
no.net,no.sources.list,10
no.net,no.sources.wanted,10
no.net,no.speider,10
no.net,no.sport.diverse,10
no.net,no.tegnsett,10
no.news.diverse,no.unix,10
no.news.drift,no.sources.list,10
no.news.drift,no.sources.wanted,10
no.news.drift,no.speider,10
no.news.drift,no.spill,10
no.news.drift,no.sport.diverse,10
no.news.drift,no.tegnsett,10
no.news.drift,no.telepost,10
no.norsk,no.embnet,10
no.norsk,no.eunet.diverse,10
no.norsk,no.eunet.drift,10
no.norsk,no.sources.list,10
no.norsk,no.speider,10
no.norsk,no.tegnsett,10
no.pc,no.alt.tegneserier,10
no.pc,no.havforskning,10
no.pc,no.sources.list,10
no.pc,no.sources.wanted,10
no.pc,no.speider,10
no.psykologi,no.radio_tv,10
no.psykologi,no.sources.list,10
no.psykologi,no.sources.wanted,10
no.psykologi,no.speider,10
no.psykologi,no.tegnsett,10
no.radio-tv,no.vitser,10
no.radio_tv,no.net,10
no.religion,no.radio_tv,10
no.slekt,no.irc,10
no.slekt,no.nuug,10
no.slekt.programmer,no.slekt,10
no.sources.list,no.havforskning,10
no.sources.list,no.jus,10
no.sources.list,no.kjemi,10
no.sources.list,no.linux,10
no.sources.list,no.litteratur,10
no.sources.list,no.mac,10
no.sources.list,no.mail.diverse,10
no.sources.list,no.mail.drift,10
no.sources.list,no.marked,10
no.sources.list,no.multimedia,10
no.sources.list,no.net,10
no.sources.list,no.news.drift,10
no.sources.list,no.norsk,10
no.sources.list,no.nuug,10
no.sources.list,no.pc,10
no.sources.list,no.psykologi,10
no.sources.list,no.radio_tv,10
no.sources.wanted,no.havforskning,10
no.sources.wanted,no.jus,10
no.sources.wanted,no.kjemi,10
no.sources.wanted,no.linux,10
no.sources.wanted,no.litteratur,10
no.sources.wanted,no.mac,10
no.sources.wanted,no.mail.diverse,10
no.sources.wanted,no.mail.drift,10
no.sources.wanted,no.multimedia,10
no.sources.wanted,no.net,10
no.sources.wanted,no.news.drift,10
no.sources.wanted,no.nuug,10
no.sources.wanted,no.pc,10
no.sources.wanted,no.psykologi,10
no.sources.wanted,no.radio_tv,10
no.speider,no.havforskning,10
no.speider,no.kjemi,10
no.speider,no.linux,10
no.speider,no.litteratur,10
no.speider,no.mac,10
no.speider,no.mail.diverse,10
no.speider,no.mail.drift,10
no.speider,no.multimedia,10
no.speider,no.net,10
no.speider,no.news.drift,10
no.speider,no.nuug,10
no.speider,no.pc,10
no.speider,no.psykologi,10
no.speider,no.radio_tv,10
no.speider,no.stortinget,10
no.spill,no.alt.gledesutbrudd,10
no.spill,no.havforskning,10
no.spill,no.mail.diverse,10
no.spill,no.mail.drift,10
no.spill,no.news.drift,10
no.spill,no.nuug,10
no.spill,no.psykologi,10
no.spill,no.stortinget,10
no.sport.diverse,no.havforskning,10
no.sport.diverse,no.mail.diverse,10
no.sport.diverse,no.mail.drift,10
no.sport.diverse,no.net,10
no.sport.diverse,no.news.drift,10
no.sport.diverse,no.nuug,10
no.sport.diverse,no.psykologi,10
no.sport.diverse,no.stortinget,10
no.standard,no.tegnsett,10
no.stortinget,no.speider,10
no.stortinget,no.spill,10
no.stortinget,no.sport.diverse,10
no.student.nett,unknown,10
no.sykkel,no.general,10
no.sykkel,no.marked,10
no.tegnsett,no.net,10
no.tegnsett,no.radio_tv,10
no.tegnsett,no.slekt,10
no.tegnsett,no.sources.list,10
no.tegnsett,no.sources.wanted,10
no.tegnsett,no.speider,10
no.tegnsett,no.spill,10
no.tegnsett,no.sport.diverse,10
no.tegnsett,no.telepost,10
no.tegnsett,no.unix,10
no.tegnsett,unknown,10
no.telepost,no.havforskning,10
no.telepost,no.jus,10
no.telepost,no.kjemi,10
no.telepost,no.linux,10
no.telepost,no.litteratur,10
no.telepost,no.mac,10
no.telepost,no.mail.drift,10
no.telepost,no.marked,10
no.telepost,no.multimedia,10
no.telepost,no.news.drift,10
no.telepost,no.nuug,10
no.telepost,no.psykologi,10
no.telepost,no.radio_tv,10
no.test,no.spill,10
no.uninett.skole,no.skole.diverse,10
no.unix,no.mac,10
no.unix,no.nuug,10
no.unix,no.tegnsett,10
no.vit.diverse,no.stortinget,10
no.vitser,no.radio-tv,10
no.www,no.alt.motorsykler,10
no.www,no.it.diverse,10
no.ai,no.alt.tegneserier,9
no.alt.config,no.alt.amiga,9
no.alt.config,no.alt.tegneserier,9
no.alt.diskusjoner,no.alt.amiga,9
no.alt.diskusjoner,no.eunet.drift,9
no.alt.diskusjoner,no.www,9
no.alt.flame,no.litteratur,9
no.alt.flame,no.ms-windows,9
no.alt.flame,no.multimedia,9
no.alt.frustrasjoner,no.biz.annonser,9
no.alt.frustrasjoner,no.it.emacs,9
no.alt.frustrasjoner,no.spill,9
no.alt.god.jul,no.nuug,9
no.alt.irc-treff,no.alt.gledesutbrudd,9
no.alt.mat,no.stortinget,9
no.alt.pompel-og-pilt,no.ai,9
no.alt.pompel-og-pilt,no.alt.arkiv,9
no.alt.pompel-og-pilt,no.alt.config,9
no.alt.pompel-og-pilt,no.alt.flame,9
no.alt.pompel-og-pilt,no.alt.gledesutbrudd,9
no.alt.pompel-og-pilt,no.alt.motorsykler,9
no.alt.pompel-og-pilt,no.alt.pompelog,9
no.alt.pompelog,no.alt.amiga,9
no.alt.radio_tv.irma1000,no.c,9
no.alt.radio_tv.irma1000,no.ef,9
no.alt.radio_tv.irma1000,no.embnet,9
no.alt.tegneserier,no.ai,9
no.alt.tegneserier,no.alt.config,9
no.alt.tegneserier,no.spill,9
no.audio,no.norsk,9
no.bibsys,unknown,9
no.biz.annonser,no.uninett.skole,9
no.biz.diskusjoner,no.biz.annonser.data,9
no.bolig,no.ef,9
no.c,no.ai,9
no.c,no.alkohol,9
no.ef,no.ai,9
no.elektronikk,no.sources.wanted,9
no.embnet,no.ai,9
no.embnet,no.alkohol,9
no.eunet.drift,no.telepost,9
no.folklore.edb,no.norsk.fagord,9
no.general,no.media,9
no.general,no.prat.aksjer,9
no.havforskning,no.radio_tv,9
no.hobby.diverse,no.elektronikk,9
no.it.emacs,no.mac,9
no.jus,no.radio_tv,9
no.kjemi,no.radio_tv,9
no.kryptografi,no.news.diverse,9
no.linux,no.kryptografi,9
no.litteratur,no.radio_tv,9
no.mac,no.amiga,9
no.mac,no.marked.bil,9
no.mac,no.marked.bolig,9
no.mac,no.unix,9
no.mac,no.vitser,9
no.mail.diverse,no.radio_tv,9
no.mail.drift,no.alt.frustrasjoner,9
no.mail.drift,no.radio_tv,9
no.marked,no.it.diverse,9
no.marked,no.kryptografi,9
no.marked,no.stortinget,9
no.marked.bil,no.litteratur,9
no.marked.bil,no.mac,9
no.marked.bil,no.mail.diverse,9
no.marked.bil,no.mail.drift,9
no.marked.bolig,no.litteratur,9
no.marked.bolig,no.mac,9
no.marked.bolig,no.mail.diverse,9
no.marked.bolig,no.mail.drift,9
no.marked.data,no.alt.frustrasjoner,9
no.marked.data,no.biz.diskusjoner,9
no.marked.data,no.media,9
no.marked.data,no.tele,9
no.media,no.general,9
no.media,no.mac,9
no.media,no.musikk,9
no.ms-windows,no.alt.frustrasjoner,9
no.musikk,no.religion,9
no.net,no.it.diverse,9
no.net,no.radio_tv,9
no.news.diverse,no.alt.tegneserier,9
no.news.diverse,no.svar,9
no.news.drift,no.radio_tv,9
no.norsk.fagord,no.ms-windows,9
no.nuug,no.alt.god.jul,9
no.nuug,no.havforskning,9
no.nuug,no.radio_tv,9
no.nuug,no.slekt,9
no.nuug,no.sources.list,9
no.nuug,no.sources.wanted,9
no.nuug,no.speider,9
no.nuug,no.spill,9
no.nuug,no.sport.diverse,9
no.nuug,no.tegnsett,9
no.nuug,no.telepost,9
no.nuug,no.unix,9
no.org.efn.diskusjon,no.alt.tegneserier,9
no.org.efn.diskusjon,no.audio,9
no.org.efn.diskusjon,no.c,9
no.org.efn.diskusjon,no.ef,9
no.org.efn.diskusjon,no.embnet,9
no.org.efn.diskusjon,no.eunet.diverse,9
no.org.isoc-no,no.org.efn.diskusjon,9
no.pc,no.ef,9
no.pc,no.eunet.drift,9
no.perl,no.pc,9
no.prat.politikk,no.havforskning,9
no.radio_tv,no.sources.list,9
no.radio_tv,no.sources.wanted,9
no.radio_tv,no.speider,9
no.radio_tv,no.tegnsett,9
no.radio_tv,no.telepost,9
no.reiser,no.speider,9
no.reiser,no.spill,9
no.skole.diverse,no.alt.diskusjoner,9
no.skole.diverse,no.havforskning,9
no.skole.diverse,no.vit.diverse,9
no.slekt,no.alt.diskusjoner,9
no.slekt,no.elektronikk,9
no.slekt,no.general,9
no.slekt,no.ms-windows,9
no.slekt,no.musikk.gitar,9
no.slekt,no.standard,9
no.slekt,no.tungregning,9
no.sources.list,no.musikk.gitar,9
no.sources.wanted,no.musikk.gitar,9
no.speider,no.musikk.gitar,9
no.speider,no.reiser,9
no.spill,no.musikk.gitar,9
no.spill,no.reiser,9
no.sport.diverse,no.medisin,9
no.sport.diverse,no.musikk.gitar,9
no.sport.volleyball,unknown,9
no.stortinget,no.marked,9
no.student.samfund,no.news.diverse,9
no.tegnsett,no.havforskning,9
no.tegnsett,no.kjemi,9
no.tegnsett,no.litteratur,9
no.tegnsett,no.mail.diverse,9
no.tegnsett,no.mail.drift,9
no.tegnsett,no.marked,9
no.tegnsett,no.multimedia,9
no.tegnsett,no.news.drift,9
no.tegnsett,no.nuug,9
no.tegnsett,no.pc,9
no.tegnsett,no.psykologi,9
no.tegnsett,no.standard,9
no.tele,no.norsk,9
no.telepost,no.alt.frustrasjoner,9
no.telepost,no.eunet.drift,9
no.telepost,no.musikk.gitar,9
no.telepost,no.standard,9
no.typografi,unknown,9
no.uninett.diverse,unknown,9
no.vit.diverse,no.skole.diverse,9
no.vitser,no.sport.diverse,9
no.www,no.alt.diskusjoner,9
no.www,no.mail.diverse,9
no.www,no.net,9
no.ai,no.jus,8
no.alkohol,no.alt.amiga,8
no.alkohol,no.alt.pompel-og-pilt,8
no.alt.amiga,no.alkohol,8
no.alt.amiga,no.alt.config,8
no.alt.amiga,no.alt.diskusjoner,8
no.alt.amiga,no.alt.frustrasjoner,8
no.alt.amiga,no.alt.gledesutbrudd,8
no.alt.amiga,no.alt.god.jul,8
no.alt.amiga,no.alt.mat,8
no.alt.amiga,no.alt.motorsykler,8
no.alt.amiga,no.alt.pompelog,8
no.alt.amiga,no.alt.radio_tv.irma1000,8
no.alt.arkiv,no.c,8
no.alt.arkiv,no.ef,8
no.alt.arkiv,no.embnet,8
no.alt.arkiv,unknown,8
no.alt.config,no.c,8
no.alt.config,no.embnet,8
no.alt.diskusjoner,no.embnet,8
no.alt.diskusjoner,no.film,8
no.alt.flame,no.prat.politikk,8
no.alt.frustrasjoner,no.alt.amiga,8
no.alt.frustrasjoner,no.sources.list,8
no.alt.frustrasjoner,no.sources.wanted,8
no.alt.gledesutbrudd,no.alt.amiga,8
no.alt.gledesutbrudd,no.multimedia,8
no.alt.god.jul,no.ai,8
no.alt.god.jul,no.alt.amiga,8
no.alt.god.jul,no.alt.arkiv,8
no.alt.god.jul,no.pc,8
no.alt.god.jul,no.psykologi,8
no.alt.god.jul,no.spill,8
no.alt.god.jul,no.sport.diverse,8
no.alt.katter,no.alt.tegneserier,8
no.alt.katter,no.jus,8
no.alt.mat,no.alt.amiga,8
no.alt.mat.drikke,no.alt.tegneserier,8
no.alt.mat.drikke,no.c,8
no.alt.motorsykler,no.alt.amiga,8
no.alt.motorsykler,no.alt.pompel-og-pilt,8
no.alt.motorsykler,no.c,8
no.alt.motorsykler,no.ef,8
no.alt.motorsykler,no.embnet,8
no.alt.motorsykler,no.kjemi,8
no.alt.motorsykler,no.net,8
no.alt.motorsykler,no.reiser,8
no.alt.motorsykler,no.spill,8
no.alt.pompel-og-pilt,no.alkohol,8
no.alt.radio-tv.irma-1000,no.ai,8
no.alt.radio-tv.irma-1000,no.alkohol,8
no.alt.radio-tv.irma-1000,no.alt.frustrasjoner,8
no.alt.radio-tv.irma-1000,no.alt.gledesutbrudd,8
no.alt.radio-tv.irma-1000,no.alt.mat,8
no.alt.radio-tv.irma-1000,no.alt.motorsykler,8
no.alt.radio_tv.irma1000,no.alt.amiga,8
no.alt.radio_tv.irma1000,no.marked,8
no.alt.sjokolade,unknown,8
no.alt.tegneserier,no.alt.katter,8
no.alt.tegneserier,no.alt.mat.drikke,8
no.audio,no.biz.diskusjoner,8
no.audio,no.slekt,8
no.audio,no.spill,8
no.audio,no.sport.diverse,8
no.biz.annonser,no.irc,8
no.biz.annonser,no.kryptografi,8
no.biz.annonser,no.linux,8
no.biz.annonser.data,no.biz.diskusjoner,8
no.biz.diskusjoner,no.audio,8
no.biz.diskusjoner,no.bolig,8
no.biz.diskusjoner,no.elektronikk,8
no.bolig,no.biz.diskusjoner,8
no.bolig,no.film,8
no.bolig,no.irc,8
no.bolig,no.marked.jobb,8
no.bolig,no.musikk,8
no.c,no.alt.motorsykler,8
no.c,no.alt.radio_tv.irma1000,8
no.c,no.norsk,8
no.c,no.slekt,8
no.c,no.sport.diverse,8
no.ef,no.alt.motorsykler,8
no.ef,no.alt.radio_tv.irma1000,8
no.ef,no.pc,8
no.elektronikk,no.biz.diskusjoner,8
no.elektronikk,no.slekt,8
no.embnet,no.alt.motorsykler,8
no.embnet,no.alt.radio_tv.irma1000,8
no.eunet.drift,no.news.drift,8
no.film,no.bolig,8
no.film,no.spill,8
no.irc,no.biz.annonser,8
no.irc,no.bolig,8
no.it.diverse,no.alt.frustrasjoner,8
no.it.diverse,no.spill,8
no.kjemi,no.alt.motorsykler,8
no.kryptografi,no.biz.annonser,8
no.kryptografi,no.pc,8
no.linux,no.biz.annonser,8
no.linux,no.ms-windows,8
no.litteratur,no.alt.flame,8
no.litteratur,no.marked.bil,8
no.litteratur,no.marked.bolig,8
no.mac,no.typografi,8
no.mail.diverse,no.it.emacs,8
no.mail.diverse,no.marked.bil,8
no.mail.diverse,no.marked.bolig,8
no.mail.diverse,no.www,8
no.mail.drift,no.marked.bil,8
no.mail.drift,no.marked.bolig,8
no.marked,no.alt.radio_tv.irma1000,8
no.marked,no.sykkel,8
no.marked.bil,no.lisp,8
no.marked.bolig,no.lisp,8
no.marked.bolig,no.musikk.gitar,8
no.marked.data,no.norsk,8
no.marked.data,no.nuug,8
no.marked.diskusjon,unknown,8
no.marked.jobb,no.it.diverse,8
no.media,no.mail.diverse,8
no.media,no.marked.data,8
no.medisin,no.norsk,8
no.medisin,no.stortinget,8
no.ms-windows,no.linux,8
no.ms-windows,no.slekt,8
no.multimedia,no.alt.gledesutbrudd,8
no.musikk,no.biz.annonser.data,8
no.musikk,no.bolig,8
no.musikk.gitar,no.marked.bolig,8
no.musikk.gitar,no.slekt,8
no.musikk.gitar,no.sources.list,8
no.musikk.gitar,no.sources.wanted,8
no.musikk.gitar,no.speider,8
no.musikk.gitar,no.spill,8
no.musikk.gitar,no.sport.diverse,8
no.musikk.gitar,no.tegnsett,8
no.musikk.gitar,no.telepost,8
no.net,no.alt.motorsykler,8
no.net,no.student.nett,8
no.news.diverse,no.eunet.hjelp,8
no.news.diverse,no.lisp,8
no.news.drift,no.eunet.drift,8
no.norsk,no.alt.flame,8
no.norsk,no.marked.data,8
no.org.efn.diskusjon,no.eunet.drift,8
no.org.efn.diskusjon,no.havforskning,8
no.pc,no.alt.god.jul,8
no.pc,no.alt.pompelog,8
no.pc,no.eunet.hjelp,8
no.psykologi,no.irc,8
no.psykologi,no.standard,8
no.psykologi,no.tungregning,8
no.radio_tv,no.havforskning,8
no.radio_tv,no.jus,8
no.radio_tv,no.kjemi,8
no.radio_tv,no.litteratur,8
no.radio_tv,no.mail.diverse,8
no.radio_tv,no.mail.drift,8
no.radio_tv,no.news.drift,8
no.radio_tv,no.nuug,8
no.radio_tv,no.psykologi,8
no.reiser,no.sport.diverse,8
no.slekt,no.audio,8
no.slekt,no.c,8
no.sources.list,no.standard,8
no.sources.list,no.stortinget,8
no.sources.list,no.tungregning,8
no.sources.wanted,no.standard,8
no.sources.wanted,no.tungregning,8
no.speider,no.irc,8
no.speider,no.standard,8
no.speider,no.tungregning,8
no.spill,no.alt.god.jul,8
no.spill,no.alt.motorsykler,8
no.spill,no.alt.tegneserier,8
no.spill,no.audio,8
no.spill,no.film,8
no.spill,no.standard,8
no.spill,no.tungregning,8
no.sport.diverse,no.alt.god.jul,8
no.sport.diverse,no.audio,8
no.sport.diverse,no.c,8
no.sport.diverse,no.irc,8
no.sport.diverse,no.reiser,8
no.sport.diverse,no.standard,8
no.sport.diverse,no.tungregning,8
no.sport.diverse,no.vitser,8
no.standard,no.telepost,8
no.stortinget,no.org.efn.diskusjon,8
no.stortinget,no.sources.list,8
no.stortinget,no.tegnsett,8
no.student.nett,no.net,8
no.tegnsett,no.alt.gledesutbrudd,8
no.tegnsett,no.musikk.gitar,8
no.tegnsett,no.stortinget,8
no.tele,no.unix,8
no.telepost,no.ef,8
no.telepost,no.tungregning,8
no.test,no.general,8
no.test,no.marked.data,8
no.uninett.skole,no.alt.gledesutbrudd,8
no.uninett.skole,no.biz.annonser,8
no.uninett.skole,no.mail.diverse,8
no.uninett.skole,no.marked,8
no.unix,no.jus,8
no.vitser,no.jus,8
no.vitser,no.kjemi,8
no.www,no.irc,8
no.ai,no.alt.god.jul,7
no.ai,no.alt.pompel-og-pilt,7
no.ai,no.eunet.diverse,7
no.ai,no.eunet.drift,7
no.ai,no.eunet.hjelp,7
no.ai,no.havforskning,7
no.alkohol,no.audio,7
no.alkohol,no.eunet.diverse,7
no.alkohol,no.eunet.drift,7
no.alkohol,no.eunet.hjelp,7
no.alkohol,no.havforskning,7
no.alt.arkiv,no.alt.god.jul,7
no.alt.arkiv,no.alt.pompel-og-pilt,7
no.alt.arkiv,no.eunet.diverse,7
no.alt.arkiv,no.eunet.drift,7
no.alt.arkiv,no.eunet.hjelp,7
no.alt.arkiv,no.havforskning,7
no.alt.arkiv,no.jus,7
no.alt.config,no.alt.pompel-og-pilt,7
no.alt.config,no.eunet.diverse,7
no.alt.config,no.eunet.drift,7
no.alt.config,no.eunet.hjelp,7
no.alt.config,no.havforskning,7
no.alt.config,no.jus,7
no.alt.diskusjoner,no.alt.pompel-og-pilt,7
no.alt.diskusjoner,no.eunet.diverse,7
no.alt.flame,no.alt.pompel-og-pilt,7
no.alt.flame,no.bil,7
no.alt.flame,no.www,7
no.alt.frustrasjoner,no.it.diverse,7
no.alt.gledesutbrudd,no.bil,7
no.alt.gledesutbrudd,no.kjemi,7
no.alt.gledesutbrudd,no.mail.diverse,7
no.alt.gledesutbrudd,no.mail.drift,7
no.alt.gledesutbrudd,no.news.drift,7
no.alt.gledesutbrudd,no.nuug,7
no.alt.gledesutbrudd,no.org.efn.diskusjon,7
no.alt.gledesutbrudd,no.pc,7
no.alt.gledesutbrudd,no.slekt,7
no.alt.gledesutbrudd,no.sources.list,7
no.alt.gledesutbrudd,no.sources.wanted,7
no.alt.gledesutbrudd,no.speider,7
no.alt.gledesutbrudd,no.spill,7
no.alt.gledesutbrudd,no.stortinget,7
no.alt.gledesutbrudd,no.tegnsett,7
no.alt.gledesutbrudd,no.telepost,7
no.alt.god.jul,no.eunet.diverse,7
no.alt.god.jul,no.eunet.drift,7
no.alt.god.jul,no.eunet.hjelp,7
no.alt.god.jul,no.news.drift,7
no.alt.god.jul,no.org.efn.diskusjon,7
no.alt.god.jul,no.radio_tv,7
no.alt.god.jul,no.slekt,7
no.alt.god.jul,no.sources.list,7
no.alt.god.jul,no.sources.wanted,7
no.alt.god.jul,no.speider,7
no.alt.god.jul,no.stortinget,7
no.alt.god.jul,no.tegnsett,7
no.alt.god.jul,no.telepost,7
no.alt.katter,no.audio,7
no.alt.katter,no.bil,7
no.alt.katter,no.biz.diskusjoner,7
no.alt.katter,no.bolig,7
no.alt.katter,no.c,7
no.alt.katter,no.ef,7
no.alt.katter,no.elektronikk,7
no.alt.katter,no.embnet,7
no.alt.mat,no.alt.pompel-og-pilt,7
no.alt.mat,no.linux,7
no.alt.mat,no.mac,7
no.alt.mat,no.mail.drift,7
no.alt.mat,no.net,7
no.alt.mat,no.news.drift,7
no.alt.mat,no.norsk,7
no.alt.mat,no.nuug,7
no.alt.mat,no.org.efn.diskusjon,7
no.alt.mat,no.pc,7
no.alt.mat,no.psykologi,7
no.alt.mat,no.radio_tv,7
no.alt.mat,no.slekt,7
no.alt.mat,no.sources.list,7
no.alt.mat,no.sources.wanted,7
no.alt.mat,no.speider,7
no.alt.mat,no.spill,7
no.alt.mat,no.sport.diverse,7
no.alt.mat,no.tegnsett,7
no.alt.mat,no.telepost,7
no.alt.mat.drikke,no.audio,7
no.alt.mat.drikke,no.bil,7
no.alt.mat.drikke,no.biz.diskusjoner,7
no.alt.mat.drikke,no.bolig,7
no.alt.mat.drikke,no.ef,7
no.alt.mat.drikke,no.elektronikk,7
no.alt.mat.drikke,no.embnet,7
no.alt.motorsykler,no.eunet.diverse,7
no.alt.motorsykler,no.eunet.drift,7
no.alt.motorsykler,no.eunet.hjelp,7
no.alt.motorsykler,no.havforskning,7
no.alt.motorsykler,no.linux,7
no.alt.motorsykler,no.mail.diverse,7
no.alt.motorsykler,no.mail.drift,7
no.alt.motorsykler,no.multimedia,7
no.alt.motorsykler,no.news.drift,7
no.alt.motorsykler,no.norsk,7
no.alt.motorsykler,no.nuug,7
no.alt.motorsykler,no.org.efn.diskusjon,7
no.alt.motorsykler,no.pc,7
no.alt.motorsykler,no.psykologi,7
no.alt.motorsykler,no.radio_tv,7
no.alt.motorsykler,no.slekt,7
no.alt.motorsykler,no.sources.list,7
no.alt.motorsykler,no.sources.wanted,7
no.alt.motorsykler,no.sport.diverse,7
no.alt.motorsykler,no.stortinget,7
no.alt.motorsykler,no.tegnsett,7
no.alt.motorsykler,no.telepost,7
no.alt.pompelog,no.kjemi,7
no.alt.pompelog,no.linux,7
no.alt.pompelog,no.litteratur,7
no.alt.pompelog,no.mac,7
no.alt.pompelog,no.mail.diverse,7
no.alt.pompelog,no.mail.drift,7
no.alt.pompelog,no.marked,7
no.alt.pompelog,no.multimedia,7
no.alt.pompelog,no.norsk,7
no.alt.pompelog,no.nuug,7
no.alt.pompelog,no.org.efn.diskusjon,7
no.alt.pompelog,no.pc,7
no.alt.pompelog,no.psykologi,7
no.alt.pompelog,no.radio_tv,7
no.alt.pompelog,no.slekt,7
no.alt.pompelog,no.sources.list,7
no.alt.pompelog,no.sources.wanted,7
no.alt.pompelog,no.speider,7
no.alt.pompelog,no.spill,7
no.alt.pompelog,no.sport.diverse,7
no.alt.pompelog,no.stortinget,7
no.alt.pompelog,no.tegnsett,7
no.alt.pompelog,no.telepost,7
no.alt.radio-tv.irma-1000,no.alt.radio_tv.irma1000,7
no.alt.radio_tv.irma1000,no.eunet.diverse,7
no.alt.radio_tv.irma1000,no.eunet.drift,7
no.alt.radio_tv.irma1000,no.eunet.hjelp,7
no.alt.radio_tv.irma1000,no.havforskning,7
no.alt.radio_tv.irma1000,no.jus,7
no.alt.radio_tv.irma1000,no.kjemi,7
no.alt.radio_tv.irma1000,no.linux,7
no.alt.radio_tv.irma1000,no.litteratur,7
no.alt.radio_tv.irma1000,no.mac,7
no.alt.radio_tv.irma1000,no.mail.diverse,7
no.alt.radio_tv.irma1000,no.mail.drift,7
no.alt.radio_tv.irma1000,no.multimedia,7
no.alt.radio_tv.irma1000,no.net,7
no.alt.radio_tv.irma1000,no.news.drift,7
no.alt.radio_tv.irma1000,no.norsk,7
no.alt.radio_tv.irma1000,no.nuug,7
no.alt.radio_tv.irma1000,no.org.efn.diskusjon,7
no.alt.radio_tv.irma1000,no.pc,7
no.alt.radio_tv.irma1000,no.psykologi,7
no.alt.radio_tv.irma1000,no.slekt,7
no.alt.radio_tv.irma1000,no.sources.list,7
no.alt.radio_tv.irma1000,no.sources.wanted,7
no.alt.radio_tv.irma1000,no.speider,7
no.alt.radio_tv.irma1000,no.spill,7
no.alt.radio_tv.irma1000,no.sport.diverse,7
no.alt.radio_tv.irma1000,no.stortinget,7
no.alt.radio_tv.irma1000,no.tegnsett,7
no.alt.radio_tv.irma1000,no.telepost,7
no.alt.sjokolade,no.alkohol,7
no.alt.sjokolade,no.alt.arkiv,7
no.alt.sjokolade,no.alt.motorsykler,7
no.alt.sjokolade,no.alt.tegneserier,7
no.alt.tegneserier,no.biz.annonser,7
no.alt.tegneserier,no.biz.diskusjoner,7
no.alt.tegneserier,no.bolig,7
no.alt.tegneserier,no.news.drift,7
no.alt.tegneserier,no.nuug,7
no.alt.tegneserier,no.org.efn.diskusjon,7
no.alt.tegneserier,no.psykologi,7
no.alt.tegneserier,no.slekt,7
no.alt.tegneserier,no.sources.list,7
no.alt.tegneserier,no.sources.wanted,7
no.alt.tegneserier,no.speider,7
no.alt.tegneserier,no.sport.diverse,7
no.alt.tegneserier,no.stortinget,7
no.alt.tegneserier,no.tegnsett,7
no.alt.tegneserier,no.telepost,7
no.audio,no.eunet.hjelp,7
no.audio,no.news.diverse,7
no.audio,no.news.drift,7
no.audio,no.nuug,7
no.audio,no.org.efn.diskusjon,7
no.audio,no.psykologi,7
no.audio,no.sources.list,7
no.audio,no.sources.wanted,7
no.audio,no.speider,7
no.audio,no.stortinget,7
no.audio,no.tegnsett,7
no.audio,no.telepost,7
no.biz.annonser,no.alt.mat,7
no.biz.annonser,no.ms-windows,7
no.biz.annonser,no.musikk.gitar,7
no.biz.annonser.data,no.musikk,7
no.biz.diskusjoner,no.embnet,7
no.biz.nettilbydere,no.pc,7
no.bolig,no.kjemi,7
no.bolig,no.linux,7
no.bolig,no.lisp,7
no.bolig,no.litteratur,7
no.bolig,no.marked.data,7
no.bolig,no.musikk.gitar,7
no.c,no.alt.arkiv,7
no.c,no.alt.config,7
no.c,no.nuug,7
no.c,no.org.efn.diskusjon,7
no.c,no.psykologi,7
no.c,no.radio_tv,7
no.c,no.sources.list,7
no.c,no.sources.wanted,7
no.c,no.speider,7
no.c,no.stortinget,7
no.c,no.tegnsett,7
no.c,no.telepost,7
no.ef,no.alt.arkiv,7
no.ef,no.nuug,7
no.ef,no.org.efn.diskusjon,7
no.ef,no.psykologi,7
no.ef,no.radio_tv,7
no.ef,no.slekt,7
no.ef,no.sources.list,7
no.ef,no.sources.wanted,7
no.ef,no.speider,7
no.ef,no.spill,7
no.ef,no.sport.diverse,7
no.ef,no.tegnsett,7
no.ef,no.telepost,7
no.embnet,no.alt.arkiv,7
no.embnet,no.alt.config,7
no.embnet,no.alt.diskusjoner,7
no.embnet,no.biz.diskusjoner,7
no.embnet,no.news.drift,7
no.embnet,no.norsk,7
no.embnet,no.nuug,7
no.embnet,no.org.efn.diskusjon,7
no.embnet,no.pc,7
no.embnet,no.psykologi,7
no.embnet,no.radio_tv,7
no.embnet,no.slekt,7
no.embnet,no.sources.list,7
no.embnet,no.sources.wanted,7
no.embnet,no.speider,7
no.embnet,no.spill,7
no.embnet,no.sport.diverse,7
no.embnet,no.stortinget,7
no.embnet,no.tegnsett,7
no.embnet,no.telepost,7
no.eunet.diverse,no.ai,7
no.eunet.diverse,no.alkohol,7
no.eunet.diverse,no.alt.arkiv,7
no.eunet.diverse,no.alt.config,7
no.eunet.diverse,no.alt.diskusjoner,7
no.eunet.diverse,no.alt.god.jul,7
no.eunet.diverse,no.alt.motorsykler,7
no.eunet.diverse,no.alt.radio_tv.irma1000,7
no.eunet.diverse,no.kjemi,7
no.eunet.diverse,no.linux,7
no.eunet.diverse,no.litteratur,7
no.eunet.diverse,no.mac,7
no.eunet.diverse,no.mail.diverse,7
no.eunet.diverse,no.mail.drift,7
no.eunet.diverse,no.marked,7
no.eunet.diverse,no.multimedia,7
no.eunet.diverse,no.net,7
no.eunet.diverse,no.news.drift,7
no.eunet.diverse,no.norsk,7
no.eunet.diverse,no.nuug,7
no.eunet.diverse,no.org.efn.diskusjon,7
no.eunet.diverse,no.pc,7
no.eunet.diverse,no.psykologi,7
no.eunet.diverse,no.radio_tv,7
no.eunet.diverse,no.slekt,7
no.eunet.diverse,no.sources.list,7
no.eunet.diverse,no.sources.wanted,7
no.eunet.diverse,no.speider,7
no.eunet.diverse,no.spill,7
no.eunet.diverse,no.sport.diverse,7
no.eunet.diverse,no.stortinget,7
no.eunet.diverse,no.tegnsett,7
no.eunet.diverse,no.telepost,7
no.eunet.diverse,unknown,7
no.eunet.drift,no.ai,7
no.eunet.drift,no.alkohol,7
no.eunet.drift,no.alt.arkiv,7
no.eunet.drift,no.alt.config,7
no.eunet.drift,no.alt.god.jul,7
no.eunet.drift,no.alt.motorsykler,7
no.eunet.drift,no.alt.radio_tv.irma1000,7
no.eunet.drift,no.kjemi,7
no.eunet.drift,no.linux,7
no.eunet.drift,no.litteratur,7
no.eunet.drift,no.mac,7
no.eunet.drift,no.mail.diverse,7
no.eunet.drift,no.mail.drift,7
no.eunet.drift,no.marked,7
no.eunet.drift,no.multimedia,7
no.eunet.drift,no.net,7
no.eunet.drift,no.norsk,7
no.eunet.drift,no.nuug,7
no.eunet.drift,no.org.efn.diskusjon,7
no.eunet.drift,no.psykologi,7
no.eunet.drift,no.radio_tv,7
no.eunet.drift,no.slekt,7
no.eunet.drift,no.sources.list,7
no.eunet.drift,no.sources.wanted,7
no.eunet.drift,no.speider,7
no.eunet.drift,no.spill,7
no.eunet.drift,no.sport.diverse,7
no.eunet.drift,no.stortinget,7
no.eunet.drift,no.tegnsett,7
no.eunet.hjelp,no.ai,7
no.eunet.hjelp,no.alkohol,7
no.eunet.hjelp,no.alt.arkiv,7
no.eunet.hjelp,no.alt.config,7
no.eunet.hjelp,no.alt.god.jul,7
no.eunet.hjelp,no.alt.motorsykler,7
no.eunet.hjelp,no.alt.radio_tv.irma1000,7
no.eunet.hjelp,no.audio,7
no.eunet.hjelp,no.kjemi,7
no.eunet.hjelp,no.linux,7
no.eunet.hjelp,no.litteratur,7
no.eunet.hjelp,no.mac,7
no.eunet.hjelp,no.mail.diverse,7
no.eunet.hjelp,no.mail.drift,7
no.eunet.hjelp,no.marked,7
no.eunet.hjelp,no.multimedia,7
no.eunet.hjelp,no.norsk,7
no.eunet.hjelp,no.nuug,7
no.eunet.hjelp,no.org.efn.diskusjon,7
no.eunet.hjelp,no.pc,7
no.eunet.hjelp,no.psykologi,7
no.eunet.hjelp,no.radio_tv,7
no.eunet.hjelp,no.slekt,7
no.eunet.hjelp,no.sources.list,7
no.eunet.hjelp,no.sources.wanted,7
no.eunet.hjelp,no.speider,7
no.eunet.hjelp,no.spill,7
no.eunet.hjelp,no.sport.diverse,7
no.eunet.hjelp,no.stortinget,7
no.eunet.hjelp,no.tegnsett,7
no.eunet.hjelp,no.telepost,7
no.eunet.hjelp,unknown,7
no.film,no.alt.diskusjoner,7
no.film,no.kryptografi,7
no.general,no.sources.wanted,7
no.general,no.standard,7
no.general,no.video,7
no.havforskning,no.ai,7
no.havforskning,no.alkohol,7
no.havforskning,no.alt.arkiv,7
no.havforskning,no.alt.config,7
no.havforskning,no.alt.motorsykler,7
no.havforskning,no.alt.radio_tv.irma1000,7
no.havforskning,no.org.efn.diskusjon,7
no.havforskning,no.standard,7
no.havforskning,no.tungregning,7
no.hobby.diverse,unknown,7
no.irc,no.alt.mat,7
no.irc,no.alt.motorsykler,7
no.irc,no.alt.pompelog,7
no.irc,no.alt.radio_tv.irma1000,7
no.irc,no.eunet.hjelp,7
no.irc,no.standard,7
no.irc,no.stortinget,7
no.irc,no.tungregning,7
no.it.diverse,no.typografi,7
no.it.emacs,no.norsk,7
no.jus,no.ai,7
no.jus,no.alt.arkiv,7
no.jus,no.alt.config,7
no.jus,no.alt.radio_tv.irma1000,7
no.jus,no.prat.politikk,7
no.jus,no.standard,7
no.jus,no.tungregning,7
no.jus,no.uninett.diverse,7
no.kjemi,no.alt.frustrasjoner,7
no.kjemi,no.alt.gledesutbrudd,7
no.kjemi,no.alt.pompelog,7
no.kjemi,no.alt.radio_tv.irma1000,7
no.kjemi,no.bolig,7
no.kjemi,no.eunet.diverse,7
no.kjemi,no.eunet.drift,7
no.kjemi,no.eunet.hjelp,7
no.kjemi,no.standard,7
no.kjemi,no.tungregning,7
no.kryptografi,no.c,7
no.kryptografi,no.jus,7
no.kryptografi,no.mac,7
no.linux,no.alt.mat,7
no.linux,no.alt.motorsykler,7
no.linux,no.alt.radio_tv.irma1000,7
no.linux,no.bolig,7
no.linux,no.eunet.diverse,7
no.linux,no.eunet.drift,7
no.linux,no.marked.bil,7
no.linux,no.marked.bolig,7
no.linux,no.standard,7
no.linux,no.stortinget,7
no.linux,no.tungregning,7
no.lisp,no.bolig,7
no.lisp,no.marked.bil,7
no.lisp,no.marked.bolig,7
no.litteratur,no.alt.frustrasjoner,7
no.litteratur,no.alt.pompelog,7
no.litteratur,no.alt.radio_tv.irma1000,7
no.litteratur,no.bolig,7
no.litteratur,no.eunet.diverse,7
no.litteratur,no.eunet.drift,7
no.litteratur,no.eunet.hjelp,7
no.litteratur,no.religion,7
no.litteratur,no.standard,7
no.litteratur,no.stortinget,7
no.litteratur,no.tungregning,7
no.litteratur,no.www,7
no.mac,no.alt.mat,7
no.mac,no.alt.motorsykler,7
no.mac,no.alt.pompelog,7
no.mac,no.alt.radio_tv.irma1000,7
no.mac,no.bolig,7
no.mac,no.eunet.diverse,7
no.mac,no.eunet.drift,7
no.mac,no.eunet.hjelp,7
no.mac,no.kryptografi,7
no.mac,no.standard,7
no.mac,no.stortinget,7
no.mac,no.tungregning,7
no.mail.diverse,no.alt.gledesutbrudd,7
no.mail.diverse,no.alt.motorsykler,7
no.mail.diverse,no.alt.pompelog,7
no.mail.diverse,no.alt.radio_tv.irma1000,7
no.mail.diverse,no.eunet.diverse,7
no.mail.diverse,no.eunet.drift,7
no.mail.diverse,no.eunet.hjelp,7
no.mail.diverse,no.standard,7
no.mail.diverse,no.stortinget,7
no.mail.diverse,no.tungregning,7
no.mail.diverse,no.uninett.skole,7
no.mail.drift,no.alt.gledesutbrudd,7
no.mail.drift,no.alt.mat,7
no.mail.drift,no.alt.motorsykler,7
no.mail.drift,no.alt.pompelog,7
no.mail.drift,no.alt.radio_tv.irma1000,7
no.mail.drift,no.eunet.diverse,7
no.mail.drift,no.eunet.drift,7
no.mail.drift,no.eunet.hjelp,7
no.mail.drift,no.standard,7
no.mail.drift,no.stortinget,7
no.mail.drift,no.tungregning,7
no.marked,no.alt.mat.drikke,7
no.marked,no.alt.pompelog,7
no.marked,no.eunet.diverse,7
no.marked,no.eunet.drift,7
no.marked,no.eunet.hjelp,7
no.marked,no.standard,7
no.marked,no.tungregning,7
no.marked.bil,no.elektronikk,7
no.marked.bil,no.linux,7
no.marked.bolig,no.linux,7
no.marked.data,no.bolig,7
no.marked.data,no.unix,7
no.marked.data,no.vitser,7
no.marked.diskusjon,no.marked.bil,7
no.marked.diskusjon,no.marked.bolig,7
no.marked.diskusjon,no.media,7
no.marked.diskusjon,no.net,7
no.marked.diskusjon,no.norsk,7
no.marked.diskusjon,no.nuug,7
no.marked.diskusjon,no.pc,7
no.marked.jobb,no.bolig,7
no.media,no.audio,7
no.media,no.marked.jobb,7
no.media,no.prat.ufo,7
no.medisin,no.general,7
no.ms-windows,no.biz.annonser,7
no.multimedia,no.alt.motorsykler,7
no.multimedia,no.alt.pompelog,7
no.multimedia,no.alt.radio_tv.irma1000,7
no.multimedia,no.eunet.diverse,7
no.multimedia,no.eunet.drift,7
no.multimedia,no.eunet.hjelp,7
no.multimedia,no.standard,7
no.multimedia,no.stortinget,7
no.multimedia,no.tungregning,7
no.musikk.gitar,no.biz.annonser,7
no.musikk.gitar,no.bolig,7
no.musikk.gitar,no.radio_tv,7
no.musikk.gitar,no.standard,7
no.musikk.gitar,no.tungregning,7
no.musikk.klassisk,no.alt.frustrasjoner,7
no.net,no.alt.gledesutbrudd,7
no.net,no.alt.mat,7
no.net,no.alt.radio_tv.irma1000,7
no.net,no.tungregning,7
no.news.diverse,no.bil,7
no.news.diverse,no.elektronikk,7
no.news.diverse,no.radio_tv,7
no.news.diverse,no.speider,7
no.news.drift,no.alt.gledesutbrudd,7
no.news.drift,no.alt.god.jul,7
no.news.drift,no.alt.mat,7
no.news.drift,no.alt.motorsykler,7
no.news.drift,no.alt.radio_tv.irma1000,7
no.news.drift,no.alt.tegneserier,7
no.news.drift,no.audio,7
no.news.drift,no.embnet,7
no.news.drift,no.eunet.diverse,7
no.news.drift,no.standard,7
no.news.drift,no.stortinget,7
no.news.drift,no.tungregning,7
no.norsk,no.alt.mat,7
no.norsk,no.alt.motorsykler,7
no.norsk,no.alt.pompelog,7
no.norsk,no.alt.radio_tv.irma1000,7
no.norsk,no.eunet.hjelp,7
no.norsk,no.ms-windows,7
no.norsk,no.religion,7
no.norsk,no.standard,7
no.norsk,no.tungregning,7
no.norsk,no.www,7
no.norsk.fagord,no.general,7
no.nuug,no.alt.frustrasjoner,7
no.nuug,no.alt.gledesutbrudd,7
no.nuug,no.alt.mat,7
no.nuug,no.alt.motorsykler,7
no.nuug,no.alt.pompelog,7
no.nuug,no.alt.radio_tv.irma1000,7
no.nuug,no.alt.tegneserier,7
no.nuug,no.audio,7
no.nuug,no.c,7
no.nuug,no.ef,7
no.nuug,no.embnet,7
no.nuug,no.eunet.diverse,7
no.nuug,no.eunet.drift,7
no.nuug,no.eunet.hjelp,7
no.nuug,no.marked.data,7
no.nuug,no.stortinget,7
no.org.efn.diskusjon,no.alt.gledesutbrudd,7
no.org.efn.diskusjon,no.alt.god.jul,7
no.org.efn.diskusjon,no.alt.mat,7
no.org.efn.diskusjon,no.alt.motorsykler,7
no.org.efn.diskusjon,no.alt.pompelog,7
no.org.efn.diskusjon,no.alt.radio_tv.irma1000,7
no.org.efn.diskusjon,no.eunet.hjelp,7
no.org.efn.diskusjon,no.radio_tv,7
no.org.efn.diskusjon,no.slekt,7
no.org.efn.diskusjon,no.sources.list,7
no.org.efn.diskusjon,no.sources.wanted,7
no.org.efn.diskusjon,no.speider,7
no.org.efn.diskusjon,no.spill,7
no.org.efn.diskusjon,no.sport.diverse,7
no.org.efn.diskusjon,no.stortinget,7
no.org.efn.diskusjon,no.tegnsett,7
no.org.efn.diskusjon,no.telepost,7
no.pc,no.alt.gledesutbrudd,7
no.pc,no.alt.mat,7
no.pc,no.alt.motorsykler,7
no.pc,no.alt.radio_tv.irma1000,7
no.pc,no.embnet,7
no.pc,no.eunet.diverse,7
no.pc,no.religion,7
no.pc,no.slekt.programmer,7
no.pc,no.standard,7
no.pc,no.stortinget,7
no.pc,no.tungregning,7
no.prat.politikk,no.kjemi,7
no.prat.seksualitet,no.vitser,7
no.prat.ufo,no.marked,7
no.prat.ufo,no.media,7
no.psykologi,no.alt.god.jul,7
no.psykologi,no.alt.mat,7
no.psykologi,no.alt.motorsykler,7
no.psykologi,no.alt.pompelog,7
no.psykologi,no.alt.radio_tv.irma1000,7
no.psykologi,no.alt.tegneserier,7
no.psykologi,no.audio,7
no.psykologi,no.c,7
no.psykologi,no.ef,7
no.psykologi,no.embnet,7
no.psykologi,no.eunet.diverse,7
no.psykologi,no.eunet.drift,7
no.psykologi,no.eunet.hjelp,7
no.psykologi,no.stortinget,7
no.radio_tv,no.alt.god.jul,7
no.radio_tv,no.alt.mat,7
no.radio_tv,no.alt.motorsykler,7
no.radio_tv,no.alt.pompelog,7
no.radio_tv,no.c,7
no.radio_tv,no.ef,7
no.radio_tv,no.embnet,7
no.radio_tv,no.eunet.diverse,7
no.radio_tv,no.eunet.drift,7
no.radio_tv,no.eunet.hjelp,7
no.radio_tv,no.musikk.gitar,7
no.radio_tv,no.org.efn.diskusjon,7
no.reiser,no.net,7
no.religion,no.alt.flame,7
no.religion,no.pc,7
no.religion,no.skole.diverse,7
no.religion,no.spill,7
no.skole.diverse,no.kjemi,7
no.skole.diverse,no.religion,7
no.skole.diverse,no.stortinget,7
no.slekt,no.alt.gledesutbrudd,7
no.slekt,no.alt.god.jul,7
no.slekt,no.alt.mat,7
no.slekt,no.alt.motorsykler,7
no.slekt,no.alt.pompelog,7
no.slekt,no.alt.radio_tv.irma1000,7
no.slekt,no.alt.tegneserier,7
no.slekt,no.ef,7
no.slekt,no.embnet,7
no.slekt,no.eunet.diverse,7
no.slekt,no.eunet.drift,7
no.slekt,no.eunet.hjelp,7
no.slekt,no.org.efn.diskusjon,7
no.sources.list,no.alt.frustrasjoner,7
no.sources.list,no.alt.gledesutbrudd,7
no.sources.list,no.alt.god.jul,7
no.sources.list,no.alt.mat,7
no.sources.list,no.alt.motorsykler,7
no.sources.list,no.alt.pompelog,7
no.sources.list,no.alt.radio_tv.irma1000,7
no.sources.list,no.alt.tegneserier,7
no.sources.list,no.audio,7
no.sources.list,no.c,7
no.sources.list,no.ef,7
no.sources.list,no.embnet,7
no.sources.list,no.eunet.diverse,7
no.sources.list,no.eunet.drift,7
no.sources.list,no.eunet.hjelp,7
no.sources.list,no.irc,7
no.sources.list,no.org.efn.diskusjon,7
no.sources.wanted,no.alt.frustrasjoner,7
no.sources.wanted,no.alt.gledesutbrudd,7
no.sources.wanted,no.alt.god.jul,7
no.sources.wanted,no.alt.mat,7
no.sources.wanted,no.alt.motorsykler,7
no.sources.wanted,no.alt.pompelog,7
no.sources.wanted,no.alt.radio_tv.irma1000,7
no.sources.wanted,no.alt.tegneserier,7
no.sources.wanted,no.audio,7
no.sources.wanted,no.c,7
no.sources.wanted,no.ef,7
no.sources.wanted,no.elektronikk,7
no.sources.wanted,no.embnet,7
no.sources.wanted,no.eunet.diverse,7
no.sources.wanted,no.eunet.drift,7
no.sources.wanted,no.eunet.hjelp,7
no.sources.wanted,no.irc,7
no.sources.wanted,no.org.efn.diskusjon,7
no.speider,no.alt.god.jul,7
no.speider,no.alt.mat,7
no.speider,no.alt.pompelog,7
no.speider,no.alt.radio_tv.irma1000,7
no.speider,no.alt.tegneserier,7
no.speider,no.audio,7
no.speider,no.c,7
no.speider,no.ef,7
no.speider,no.embnet,7
no.speider,no.eunet.diverse,7
no.speider,no.eunet.drift,7
no.speider,no.eunet.hjelp,7
no.speider,no.org.efn.diskusjon,7
no.spill,no.alt.frustrasjoner,7
no.spill,no.alt.mat,7
no.spill,no.alt.pompelog,7
no.spill,no.alt.radio_tv.irma1000,7
no.spill,no.ef,7
no.spill,no.embnet,7
no.spill,no.eunet.diverse,7
no.spill,no.eunet.drift,7
no.spill,no.eunet.hjelp,7
no.spill,no.org.efn.diskusjon,7
no.spill,no.religion,7
no.spill.sjakk,no.spill,7
no.sport.diverse,no.alt.flame,7
no.sport.diverse,no.alt.mat,7
no.sport.diverse,no.alt.motorsykler,7
no.sport.diverse,no.alt.pompelog,7
no.sport.diverse,no.alt.radio_tv.irma1000,7
no.sport.diverse,no.alt.tegneserier,7
no.sport.diverse,no.ef,7
no.sport.diverse,no.embnet,7
no.sport.diverse,no.eunet.diverse,7
no.sport.diverse,no.eunet.drift,7
no.sport.diverse,no.eunet.hjelp,7
no.sport.diverse,no.org.efn.diskusjon,7
no.sport.fotball,no.sport.diverse,7
no.standard,no.alt.arkiv,7
no.standard,no.slekt,7
no.standard,no.sources.list,7
no.standard,no.sources.wanted,7
no.standard,no.speider,7
no.standard,no.spill,7
no.standard,no.sport.diverse,7
no.standard,no.student.nett,7
no.standard,no.student.samfund,7
no.standard,no.tungregning,7
no.standard,unknown,7
no.stortinget,no.alt.gledesutbrudd,7
no.stortinget,no.alt.god.jul,7
no.stortinget,no.alt.mat,7
no.stortinget,no.alt.motorsykler,7
no.stortinget,no.alt.pompelog,7
no.stortinget,no.alt.radio_tv.irma1000,7
no.stortinget,no.alt.tegneserier,7
no.stortinget,no.audio,7
no.stortinget,no.c,7
no.stortinget,no.embnet,7
no.stortinget,no.eunet.diverse,7
no.stortinget,no.eunet.drift,7
no.stortinget,no.eunet.hjelp,7
no.stortinget,no.linux,7
no.stortinget,no.litteratur,7
no.stortinget,no.mac,7
no.stortinget,no.mail.diverse,7
no.stortinget,no.mail.drift,7
no.stortinget,no.multimedia,7
no.stortinget,no.news.drift,7
no.stortinget,no.nuug,7
no.stortinget,no.pc,7
no.stortinget,no.psykologi,7
no.stortinget,no.vitser,7
no.student.nett,no.jus,7
no.student.samfund,no.general,7
no.sykkel,no.alkohol,7
no.sykkel,no.jus,7
no.tegnsett,no.alt.god.jul,7
no.tegnsett,no.alt.mat,7
no.tegnsett,no.alt.motorsykler,7
no.tegnsett,no.alt.pompelog,7
no.tegnsett,no.alt.radio_tv.irma1000,7
no.tegnsett,no.alt.tegneserier,7
no.tegnsett,no.audio,7
no.tegnsett,no.c,7
no.tegnsett,no.ef,7
no.tegnsett,no.embnet,7
no.tegnsett,no.eunet.diverse,7
no.tegnsett,no.eunet.drift,7
no.tegnsett,no.eunet.hjelp,7
no.tegnsett,no.org.efn.diskusjon,7
no.tegnsett,no.tungregning,7
no.telepost,no.alt.gledesutbrudd,7
no.telepost,no.alt.god.jul,7
no.telepost,no.alt.mat,7
no.telepost,no.alt.motorsykler,7
no.telepost,no.alt.pompelog,7
no.telepost,no.alt.radio_tv.irma1000,7
no.telepost,no.alt.tegneserier,7
no.telepost,no.audio,7
no.telepost,no.c,7
no.telepost,no.embnet,7
no.telepost,no.eunet.diverse,7
no.telepost,no.eunet.hjelp,7
no.telepost,no.irc,7
no.telepost,no.org.efn.diskusjon,7
no.test,no.alt.diskusjoner,7
no.test,no.audio,7
no.test,no.hobby.diverse,7
no.test,no.marked,7
no.test,no.ms-windows,7
no.test,no.multimedia,7
no.test,no.religion,7
no.test,no.typografi,7
no.typografi,no.mac,7
no.uninett.diverse,no.uninett.hjelp,7
no.uninett.hjelp,no.uninett.diverse,7
no.uninett.skole,no.uninett.diverse,7
no.unix,no.marked.data,7
no.unix,no.news.diverse,7
no.vit.diverse,no.alt.mat,7
no.www,no.alt.flame,7
no.www,no.litteratur,7
no.www,no.norsk,7
no.ai,no.alt.radio-tv.irma-1000,6
no.alkohol,no.alt.irc-treff,6
no.alkohol,no.alt.radio-tv.irma-1000,6
no.alkohol,no.alt.sjokolade,6
no.alkohol,no.film,6
no.alt.arkiv,no.alt.sjokolade,6
no.alt.arkiv,no.standard,6
no.alt.arkiv,no.student.nett,6
no.alt.arkiv,no.student.samfund,6
no.alt.diskusjoner,no.bil,6
no.alt.diskusjoner,no.radio-tv,6
no.alt.flame,no.reiser,6
no.alt.flame,no.sykkel,6
no.alt.frustrasjoner,no.prat.narkotika,6
no.alt.gledesutbrudd,no.alt.pompel-og-pilt,6
no.alt.gledesutbrudd,no.alt.radio-tv.irma-1000,6
no.alt.gledesutbrudd,no.it.emacs,6
no.alt.gledesutbrudd,no.marked.data,6
no.alt.irc-treff,no.ai,6
no.alt.irc-treff,no.alt.config,6
no.alt.irc-treff,no.alt.diskusjoner,6
no.alt.irc-treff,no.alt.frustrasjoner,6
no.alt.irc-treff,no.alt.mat,6
no.alt.katter,no.biz.annonser,6
no.alt.mat,no.alt.radio-tv.irma-1000,6
no.alt.mat,no.biz.annonser,6
no.alt.mat,no.musikk.gitar,6
no.alt.mat.drikke,no.biz.annonser,6
no.alt.mat.drikke,no.marked,6
no.alt.motorsykler,no.alt.radio-tv.irma-1000,6
no.alt.motorsykler,no.alt.sjokolade,6
no.alt.motorsykler,no.marked.bil,6
no.alt.motorsykler,no.musikk.gitar,6
no.alt.pompel-og-pilt,no.biz.diskusjoner,6
no.alt.pompel-og-pilt,no.bolig,6
no.alt.pompelog,no.musikk.gitar,6
no.alt.radio-tv.irma-1000,no.biz.diskusjoner,6
no.alt.radio-tv.irma-1000,no.bolig,6
no.alt.radio_tv.irma1000,no.musikk.gitar,6
no.alt.tegneserier,no.alt.sjokolade,6
no.amiga,no.c,6
no.amiga,no.marked.data,6
no.amiga,no.www,6
no.audio,no.alt.katter,6
no.audio,no.alt.mat.drikke,6
no.audio,no.kryptografi,6
no.bibsys,no.ms-windows,6
no.bibsys,no.norsk.fagord,6
no.bibsys,no.skole.diverse,6
no.bibsys,no.uninett.skole,6
no.bibsys,no.vit.diverse,6
no.bil,no.alt.gledesutbrudd,6
no.bil,no.alt.katter,6
no.bil,no.alt.mat.drikke,6
no.bil,no.kryptografi,6
no.biz.annonser,no.c,6
no.biz.annonser,no.havforskning,6
no.biz.annonser,no.jus,6
no.biz.annonser.data,no.biz.nettilbydere,6
no.biz.diskusjoner,no.alt.katter,6
no.biz.diskusjoner,no.alt.mat.drikke,6
no.biz.diskusjoner,no.alt.pompel-og-pilt,6
no.biz.diskusjoner,no.alt.radio-tv.irma-1000,6
no.biz.diskusjoner,no.alt.tegneserier,6
no.biz.diskusjoner,no.havforskning,6
no.biz.diskusjoner,no.jus,6
no.biz.diskusjoner,no.kjemi,6
no.biz.nettilbydere,no.biz.annonser.data,6
no.biz.nettilbydere,no.net,6
no.bolig,no.alt.katter,6
no.bolig,no.alt.mat.drikke,6
no.bolig,no.alt.pompel-og-pilt,6
no.bolig,no.alt.radio-tv.irma-1000,6
no.bolig,no.alt.tegneserier,6
no.bolig,no.havforskning,6
no.bolig,no.kryptografi,6
no.bolig,no.mac,6
no.c,no.alt.katter,6
no.c,no.alt.mat.drikke,6
no.c,no.biz.annonser,6
no.c,no.kryptografi,6
no.c,no.news.diverse,6
no.c,no.x,6
no.ef,no.alt.katter,6
no.ef,no.alt.mat.drikke,6
no.elektronikk,no.alt.katter,6
no.elektronikk,no.alt.mat.drikke,6
no.elektronikk,no.kryptografi,6
no.elektronikk,no.marked.bil,6
no.embnet,no.alt.katter,6
no.embnet,no.alt.mat.drikke,6
no.embnet,no.biz.annonser,6
no.embnet,no.kryptografi,6
no.eunet.diverse,no.musikk.gitar,6
no.eunet.drift,no.musikk.gitar,6
no.eunet.hjelp,no.musikk.gitar,6
no.eunet.hjelp,no.news.diverse,6
no.film,no.prat.seksualitet,6
no.folklore.edb,no.it.diverse,6
no.general,no.hobby.diverse,6
no.general,no.marked.bil,6
no.general,no.marked.bolig,6
no.general,no.spill.sjakk,6
no.general,no.uninett.hjelp,6
no.irc,no.kryptografi,6
no.it.emacs,no.uninett.skole,6
no.jus,no.biz.annonser,6
no.jus,no.biz.diskusjoner,6
no.jus,no.kryptografi,6
no.kjemi,no.biz.diskusjoner,6
no.kjemi,no.kryptografi,6
no.kryptografi,no.audio,6
no.kryptografi,no.bil,6
no.kryptografi,no.bolig,6
no.kryptografi,no.elektronikk,6
no.kryptografi,no.embnet,6
no.kryptografi,no.film,6
no.kryptografi,no.havforskning,6
no.kryptografi,no.irc,6
no.kryptografi,no.kjemi,6
no.kryptografi,no.lisp,6
no.kryptografi,no.litteratur,6
no.kryptografi,no.marked.jobb,6
no.linux,no.it.os.os2,6
no.lisp,no.kryptografi,6
no.litteratur,no.kryptografi,6
no.mac,no.biz.diskusjoner,6
no.mac,no.it.emacs,6
no.mac,no.media,6
no.mac,no.tele,6
no.mail.diverse,no.media,6
no.mail.drift,no.uninett.drift,6
no.marked,no.alt.katter,6
no.marked,no.marked.diskusjon,6
no.marked,no.prat.ufo,6
no.marked,no.radio-tv,6
no.marked.bil,no.marked.diskusjon,6
no.marked.bil,no.media,6
no.marked.bil,no.net,6
no.marked.bil,no.norsk,6
no.marked.bil,no.nuug,6
no.marked.bil,no.pc,6
no.marked.bil,unknown,6
no.marked.bolig,no.marked.diskusjon,6
no.marked.bolig,no.media,6
no.marked.bolig,no.net,6
no.marked.bolig,no.norsk,6
no.marked.bolig,no.nuug,6
no.marked.data,no.news.diverse,6
no.marked.diskusjon,no.litteratur,6
no.marked.diskusjon,no.mac,6
no.marked.diskusjon,no.mail.diverse,6
no.marked.diskusjon,no.mail.drift,6
no.marked.diskusjon,no.medisin,6
no.marked.diskusjon,no.multimedia,6
no.marked.diskusjon,no.norsk.fagord,6
no.marked.jobb,no.media,6
no.media,no.net,6
no.media,no.norsk,6
no.media,no.nuug,6
no.ms-windows,no.bibsys,6
no.ms-windows,no.litteratur,6
no.ms-windows,no.norsk,6
no.ms-windows,no.skole.diverse,6
no.ms-windows,no.uninett.skole,6
no.ms-windows,no.vit.diverse,6
no.multimedia,no.unix,6
no.musikk,no.slekt,6
no.net,no.media,6
no.net,no.reiser,6
no.net,no.student.samfund,6
no.net,no.uninett.drift,6
no.news.diverse,no.eunet.drift,6
no.news.diverse,no.x,6
no.norsk,no.marked.jobb,6
no.norsk,no.media,6
no.norsk.fagord,no.bibsys,6
no.norsk.fagord,no.skole.diverse,6
no.norsk.fagord,no.uninett.skole,6
no.norsk.fagord,no.vit.diverse,6
no.nuug,no.general,6
no.nuug,no.irc,6
no.nuug,no.media,6
no.nuug,no.standard,6
no.nuug,no.tungregning,6
no.pc,no.marked.bil,6
no.pc,no.marked.diskusjon,6
no.pc,no.medisin,6
no.prat.narkotika,no.medisin,6
no.prat.narkotika,no.perl,6
no.prat.narkotika,no.prat.ufo,6
no.prat.politikk,no.pressemeldinger.diskusjon,6
no.prat.politikk,no.vitser,6
no.prat.seksualitet,no.alt.gledesutbrudd,6
no.prat.seksualitet,no.psykologi,6
no.prat.ufo,no.perl,6
no.prat.ufo,no.prat.narkotika,6
no.radio-tv,no.video,6
no.radio_tv,no.news.diverse,6
no.radio_tv,no.standard,6
no.radio_tv,no.tungregning,6
no.reiser,no.alt.motorsykler,6
no.reiser,no.slekt,6
no.religion,no.alt.motorsykler,6
no.religion,no.musikk,6
no.skole.diverse,no.bibsys,6
no.skole.diverse,no.ms-windows,6
no.skole.diverse,no.norsk.fagord,6
no.slekt,no.musikk,6
no.slekt,no.reiser,6
no.slekt.programmer,no.pc,6
no.speider,no.news.diverse,6
no.standard,no.havforskning,6
no.standard,no.irc,6
no.standard,no.jus,6
no.standard,no.kjemi,6
no.standard,no.linux,6
no.standard,no.litteratur,6
no.standard,no.mac,6
no.standard,no.mail.diverse,6
no.standard,no.mail.drift,6
no.standard,no.marked,6
no.standard,no.multimedia,6
no.standard,no.musikk.gitar,6
no.standard,no.news.drift,6
no.standard,no.norsk,6
no.standard,no.nuug,6
no.standard,no.pc,6
no.standard,no.psykologi,6
no.standard,no.radio_tv,6
no.stortinget,no.musikk.gitar,6
no.stortinget,no.standard,6
no.student.nett,no.alt.arkiv,6
no.student.nett,no.standard,6
no.student.samfund,no.alt.arkiv,6
no.student.samfund,no.net,6
no.student.samfund,no.standard,6
no.tegnsett,no.irc,6
no.tele,no.mac,6
no.test,no.alt.frustrasjoner,6
no.tungregning,no.slekt,6
no.tungregning,no.sources.list,6
no.tungregning,no.sources.wanted,6
no.tungregning,no.speider,6
no.tungregning,no.spill,6
no.tungregning,no.sport.diverse,6
no.tungregning,no.standard,6
no.tungregning,no.tegnsett,6
no.tungregning,no.telepost,6
no.uninett.diverse,no.uninett.skole,6
no.uninett.drift,no.mail.drift,6
no.uninett.drift,no.net,6
no.uninett.drift,no.uninett.diverse,6
no.uninett.hjelp,no.uninett.skole,6
no.uninett.skole,no.bibsys,6
no.uninett.skole,no.ms-windows,6
no.uninett.skole,no.norsk.fagord,6
no.uninett.skole,no.uninett.hjelp,6
no.uninett.skole,no.vit.diverse,6
no.unix,no.lisp,6
no.unix,no.multimedia,6
no.unix,no.tele,6
no.video,no.radio-tv,6
no.video,unknown,6
no.vit.diverse,no.alt.god.jul,6
no.vit.diverse,no.bibsys,6
no.vit.diverse,no.ms-windows,6
no.vit.diverse,no.norsk.fagord,6
no.vit.diverse,no.uninett.skole,6
no.vitser,no.alt.katter,6
no.vitser,no.tegnsett,6
no.x,no.c,6
no.ai,no.alt.irc-treff,5
no.alt.arkiv,no.alt.irc-treff,5
no.alt.config,no.alt.irc-treff,5
no.alt.diskusjoner,no.alt.irc-treff,5
no.alt.diskusjoner,no.marked.jobb,5
no.alt.diskusjoner,no.student.nett,5
no.alt.diskusjoner,no.student.samfund,5
no.alt.diskusjoner,no.typografi,5
no.alt.flame,no.slekt,5
no.alt.frustrasjoner,no.alt.irc-treff,5
no.alt.frustrasjoner,no.media,5
no.alt.frustrasjoner,no.standard,5
no.alt.gledesutbrudd,no.alt.irc-treff,5
no.alt.gledesutbrudd,no.biz.annonser,5
no.alt.god.jul,no.alt.irc-treff,5
no.alt.irc-treff,no.alkohol,5
no.alt.irc-treff,no.alt.arkiv,5
no.alt.irc-treff,no.alt.god.jul,5
no.alt.irc-treff,no.alt.motorsykler,5
no.alt.irctreff,no.irc,5
no.alt.katter,no.medisin,5
no.alt.mat,no.alt.irc-treff,5
no.alt.mat,no.bil,5
no.alt.mat.drikke,no.havforskning,5
no.alt.mat.drikke,no.kjemi,5
no.alt.mat.drikke,no.marked.jobb,5
no.alt.mat.drikke,no.prat.politikk,5
no.alt.motorsykler,no.alt.irc-treff,5
no.alt.pompel-og-pilt,no.biz.annonser,5
no.alt.radio-tv.irma-1000,no.biz.annonser,5
no.audio,no.marked.bil,5
no.audio,no.media,5
no.biz.annonser,no.alt.tegneserier,5
no.biz.annonser,no.embnet,5
no.biz.annonser,no.kjemi,5
no.biz.annonser,no.lisp,5
no.biz.annonser,no.mail.drift,5
no.biz.annonser,no.media,5
no.biz.annonser,no.net,5
no.biz.annonser,no.news.diverse,5
no.biz.diskusjoner,no.biz.nettilbydere,5
no.biz.diskusjoner,no.film,5
no.biz.diskusjoner,no.irc,5
no.biz.diskusjoner,no.kryptografi,5
no.biz.diskusjoner,no.linux,5
no.biz.diskusjoner,no.lisp,5
no.biz.diskusjoner,no.litteratur,5
no.biz.diskusjoner,no.mac,5
no.biz.diskusjoner,no.mail.diverse,5
no.biz.diskusjoner,no.mail.drift,5
no.biz.nettilbydere,no.biz.diskusjoner,5
no.biz.nettilbydere,no.mac,5
no.bolig,no.mail.diverse,5
no.bolig,no.mail.drift,5
no.c,no.amiga,5
no.ef,no.biz.annonser,5
no.ef,no.kryptografi,5
no.eunet.drift,unknown,5
no.film,no.alt.radio_tv.irma1000,5
no.film,no.biz.diskusjoner,5
no.film,no.norsk,5
no.film,no.slekt,5
no.film,no.sport.diverse,5
no.folklore.edb,no.perl,5
no.general,no.norsk.fagord,5
no.general,no.speider,5
no.havforskning,no.biz.annonser,5
no.havforskning,no.biz.diskusjoner,5
no.havforskning,no.bolig,5
no.havforskning,no.kryptografi,5
no.hobby.diverse,no.biz.annonser,5
no.hobby.diverse,no.film,5
no.irc,no.biz.diskusjoner,5
no.it.diverse,no.mail.diverse,5
no.it.diverse,no.religion,5
no.it.emacs,no.alt.frustrasjoner,5
no.jus,no.reiser,5
no.jus,no.student.nett,5
no.kjemi,no.alt.mat.drikke,5
no.kjemi,no.biz.annonser,5
no.kryptografi,no.biz.diskusjoner,5
no.kryptografi,no.ef,5
no.kryptografi,no.mail.diverse,5
no.kryptografi,no.mail.drift,5
no.kryptografi,no.marked.data,5
no.linux,no.tele,5
no.lisp,no.alt.frustrasjoner,5
no.lisp,no.biz.annonser,5
no.lisp,no.biz.diskusjoner,5
no.lisp,no.unix,5
no.litteratur,no.biz.diskusjoner,5
no.litteratur,no.media,5
no.litteratur,no.ms-windows,5
no.litteratur,no.norsk.fagord,5
no.mac,no.alt.katter,5
no.mac,no.alt.mat.drikke,5
no.mac,no.biz.nettilbydere,5
no.mac,no.norsk.fagord,5
no.mac,no.perl,5
no.mail.diverse,no.biz.diskusjoner,5
no.mail.diverse,no.bolig,5
no.mail.diverse,no.it.diverse,5
no.mail.diverse,no.kryptografi,5
no.mail.diverse,no.norsk.fagord,5
no.mail.drift,no.biz.annonser,5
no.mail.drift,no.biz.diskusjoner,5
no.mail.drift,no.bolig,5
no.mail.drift,no.kryptografi,5
no.mail.drift,no.media,5
no.mail.drift,no.norsk.fagord,5
no.marked,no.biz.diskusjoner,5
no.marked,no.norsk.fagord,5
no.marked,no.unix,5
no.marked.bil,no.alt.motorsykler,5
no.marked.bil,no.audio,5
no.marked.bil,no.medisin,5
no.marked.bil,no.multimedia,5
no.marked.bil,no.norsk.fagord,5
no.marked.bolig,no.medisin,5
no.marked.bolig,no.multimedia,5
no.marked.bolig,no.norsk.fagord,5
no.marked.bolig,no.pc,5
no.marked.data,no.amiga,5
no.marked.data,no.kryptografi,5
no.marked.data,no.medisin,5
no.marked.data,no.norsk.fagord,5
no.marked.data,no.radio-tv,5
no.marked.diskusjon,no.prat.narkotika,5
no.marked.diskusjon,no.prat.ufo,5
no.marked.jobb,no.biz.diskusjoner,5
no.marked.jobb,no.kryptografi,5
no.marked.jobb,no.norsk.fagord,5
no.marked.jobb,no.nuug,5
no.marked.jobb,no.sport.diverse,5
no.media,no.alt.frustrasjoner,5
no.media,no.biz.annonser,5
no.media,no.film,5
no.media,no.litteratur,5
no.media,no.mail.drift,5
no.media,no.marked.bil,5
no.media,no.marked.bolig,5
no.media,no.marked.diskusjon,5
no.media,no.medisin,5
no.media,no.norsk.fagord,5
no.media,no.sport.fotball,5
no.medisin,no.marked.data,5
no.medisin,no.media,5
no.medisin,no.musikk,5
no.medisin,no.nuug,5
no.medisin,no.pc,5
no.medisin,no.prat.narkotika,5
no.ms-windows,no.lisp,5
no.ms-windows,no.media,5
no.ms-windows,no.unix,5
no.multimedia,no.norsk.fagord,5
no.musikk,no.norsk.fagord,5
no.musikk.gitar,no.alt.mat,5
no.musikk.gitar,no.alt.motorsykler,5
no.musikk.gitar,no.alt.pompelog,5
no.musikk.gitar,no.alt.radio_tv.irma1000,5
no.musikk.gitar,no.eunet.diverse,5
no.musikk.gitar,no.eunet.drift,5
no.musikk.gitar,no.eunet.hjelp,5
no.musikk.gitar,no.stortinget,5
no.net,no.biz.annonser,5
no.net,no.marked.bil,5
no.net,no.marked.bolig,5
no.net,no.marked.diskusjon,5
no.net,no.norsk.fagord,5
no.news.diverse,no.alkohol,5
no.news.diverse,no.alt.god.jul,5
no.news.diverse,no.alt.pompel-og-pilt,5
no.news.diverse,no.kryptografi,5
no.news.diverse,no.reiser,5
no.news.diverse,no.uninett.diverse,5
no.norsk,no.marked.bil,5
no.norsk,no.marked.bolig,5
no.norsk,no.marked.diskusjon,5
no.norsk,no.norsk.fagord,5
no.norsk.fagord,no.litteratur,5
no.norsk.fagord,no.mac,5
no.norsk.fagord,no.mail.diverse,5
no.norsk.fagord,no.mail.drift,5
no.norsk.fagord,no.marked,5
no.norsk.fagord,no.marked.data,5
no.norsk.fagord,no.media,5
no.norsk.fagord,no.multimedia,5
no.norsk.fagord,no.net,5
no.norsk.fagord,no.norsk,5
no.norsk.fagord,no.nuug,5
no.nuug,no.marked.bil,5
no.nuug,no.marked.bolig,5
no.nuug,no.marked.diskusjon,5
no.nuug,no.medisin,5
no.nuug,no.norsk.fagord,5
no.org.efn.diskusjon,no.film,5
no.pc,no.marked.bolig,5
no.pc,no.prat.narkotika,5
no.pc,no.prat.ufo,5
no.pc,no.svar,5
no.pc,no.uninett.skole,5
no.perl,no.alt.frustrasjoner,5
no.perl,no.c,5
no.perl,no.mac,5
no.perl,no.prat.narkotika,5
no.perl,no.prat.ufo,5
no.perl,no.www,5
no.prat.aksjer,no.marked.data,5
no.prat.narkotika,no.litteratur,5
no.prat.narkotika,no.mac,5
no.prat.narkotika,no.mail.diverse,5
no.prat.narkotika,no.mail.drift,5
no.prat.narkotika,no.marked,5
no.prat.narkotika,no.marked.data,5
no.prat.narkotika,no.media,5
no.prat.narkotika,no.multimedia,5
no.prat.narkotika,no.net,5
no.prat.narkotika,no.norsk,5
no.prat.narkotika,no.norsk.fagord,5
no.prat.narkotika,no.nuug,5
no.prat.narkotika,no.pc,5
no.prat.narkotika,no.religion,5
no.prat.politikk,no.bil,5
no.prat.ufo,no.litteratur,5
no.prat.ufo,no.mac,5
no.prat.ufo,no.mail.diverse,5
no.prat.ufo,no.mail.drift,5
no.prat.ufo,no.marked.data,5
no.prat.ufo,no.medisin,5
no.prat.ufo,no.multimedia,5
no.prat.ufo,no.net,5
no.prat.ufo,no.norsk,5
no.prat.ufo,no.norsk.fagord,5
no.prat.ufo,no.nuug,5
no.prat.ufo,no.pc,5
no.pressemeldinger.diskusjon,no.prat.politikk,5
no.psykologi,no.film,5
no.psykologi,no.prat.seksualitet,5
no.radio-tv,no.alt.diskusjoner,5
no.radio-tv,no.slekt,5
no.radio-tv,no.speider,5
no.slekt,no.film,5
no.slekt,no.uninett.diverse,5
no.slekt,no.uninett.drift,5
no.slekt,no.uninett.hjelp,5
no.slekt,no.uninett.katalog,5
no.slekt.programmer,no.news.diverse,5
no.speider,no.alkohol,5
no.spill,no.student.nett,5
no.spill,no.student.samfund,5
no.sport.diverse,no.film,5
no.sport.diverse,no.marked.jobb,5
no.sport.fotball,no.media,5
no.standard,no.stortinget,5
no.stortinget,no.tungregning,5
no.student.nett,no.spill,5
no.student.nett,no.vitser,5
no.student.samfund,no.spill,5
no.student.samfund,no.vitser,5
no.sykkel,no.alt.diskusjoner,5
no.sykkel,no.alt.gledesutbrudd,5
no.tegnsett,no.alkohol,5
no.tele,no.linux,5
no.test,no.psykologi,5
no.test,no.www,5
no.tungregning,no.havforskning,5
no.tungregning,no.irc,5
no.tungregning,no.jus,5
no.tungregning,no.kjemi,5
no.tungregning,no.linux,5
no.tungregning,no.litteratur,5
no.tungregning,no.mac,5
no.tungregning,no.mail.diverse,5
no.tungregning,no.mail.drift,5
no.tungregning,no.marked,5
no.tungregning,no.multimedia,5
no.tungregning,no.musikk.gitar,5
no.tungregning,no.net,5
no.tungregning,no.news.drift,5
no.tungregning,no.norsk,5
no.tungregning,no.nuug,5
no.tungregning,no.pc,5
no.tungregning,no.psykologi,5
no.tungregning,no.radio_tv,5
no.uninett.diverse,no.news.diverse,5
no.uninett.diverse,no.uninett.drift,5
no.uninett.drift,unknown,5
no.uninett.skole,no.pc,5
no.uninett.skole,no.radio_tv,5
no.unix,no.marked,5
no.unix,no.marked.jobb,5
no.unix,no.org.efn.diskusjon,5
no.video,no.general,5
no.video,no.marked,5
no.vitser,no.alkohol,5
no.vitser,no.film,5
no.vitser,no.student.nett,5
no.vitser,no.student.samfund,5
no.vitser,no.www,5
no.www,no.media,5
no.www,no.perl,5
no.ai,no.audio,4
no.ai,no.bil,4
no.ai,no.bolig,4
no.ai,no.elektronikk,4
no.ai,no.film,4
no.ai,no.vr,4
no.alkohol,no.bil,4
no.alkohol,no.bolig,4
no.alkohol,no.elektronikk,4
no.alt.diskusjoner,no.sources.wanted,4
no.alt.fan.de-lillos,no.alkohol,4
no.alt.fan.de-lillos,no.alt.diskusjoner,4
no.alt.fan.de-lillos,no.alt.frustrasjoner,4
no.alt.flame,no.ef,4
no.alt.flame,no.marked.data,4
no.alt.frustrasjoner,no.bolig,4
no.alt.frustrasjoner,no.perl,4
no.alt.frustrasjoner,no.student.nett,4
no.alt.frustrasjoner,no.tungregning,4
no.alt.frustrasjoner,no.vit.diverse,4
no.alt.gledesutbrudd,no.reiser,4
no.alt.gledesutbrudd,no.standard,4
no.alt.gledesutbrudd,no.tungregning,4
no.alt.god.jul,no.standard,4
no.alt.god.jul,no.tungregning,4
no.alt.irc-treff,no.audio,4
no.alt.katter,no.film,4
no.alt.katter,no.havforskning,4
no.alt.katter,no.irc,4
no.alt.katter,no.it.emacs,4
no.alt.katter,no.kjemi,4
no.alt.katter,no.kryptografi,4
no.alt.katter,no.linux,4
no.alt.katter,no.lisp,4
no.alt.katter,no.litteratur,4
no.alt.katter,no.mac,4
no.alt.katter,no.mail.diverse,4
no.alt.katter,no.mail.drift,4
no.alt.katter,no.marked.bil,4
no.alt.katter,no.marked.bolig,4
no.alt.katter,no.marked.data,4
no.alt.katter,no.marked.jobb,4
no.alt.mat,no.irc,4
no.alt.mat,no.standard,4
no.alt.mat,no.tungregning,4
no.alt.mat.drikke,no.film,4
no.alt.mat.drikke,no.irc,4
no.alt.mat.drikke,no.jus,4
no.alt.mat.drikke,no.kryptografi,4
no.alt.mat.drikke,no.linux,4
no.alt.mat.drikke,no.lisp,4
no.alt.mat.drikke,no.litteratur,4
no.alt.mat.drikke,no.mac,4
no.alt.mat.drikke,no.mail.diverse,4
no.alt.mat.drikke,no.mail.drift,4
no.alt.mat.drikke,no.marked.bil,4
no.alt.mat.drikke,no.marked.bolig,4
no.alt.mat.drikke,no.marked.data,4
no.alt.motorsykler,no.religion,4
no.alt.motorsykler,no.standard,4
no.alt.motorsykler,no.tungregning,4
no.alt.pompel-og-pilt,no.it.emacs,4
no.alt.pompel-og-pilt,no.kryptografi,4
no.alt.pompel-og-pilt,no.marked.bil,4
no.alt.pompel-og-pilt,no.marked.bolig,4
no.alt.pompelog,no.film,4
no.alt.pompelog,no.irc,4
no.alt.pompelog,no.standard,4
no.alt.pompelog,no.tungregning,4
no.alt.radio-tv.irma-1000,no.it.emacs,4
no.alt.radio-tv.irma-1000,no.kryptografi,4
no.alt.radio-tv.irma-1000,no.marked.bil,4
no.alt.radio-tv.irma-1000,no.marked.bolig,4
no.alt.radio_tv.irma1000,no.film,4
no.alt.radio_tv.irma1000,no.irc,4
no.alt.radio_tv.irma1000,no.standard,4
no.alt.radio_tv.irma1000,no.tungregning,4
no.alt.tegneserier,no.it.emacs,4
no.alt.tegneserier,no.kryptografi,4
no.alt.tegneserier,no.marked.bil,4
no.alt.tegneserier,no.marked.bolig,4
no.alt.tegneserier,no.standard,4
no.alt.tegneserier,no.tungregning,4
no.amiga,no.marked.jobb,4
no.amiga,no.tele,4
no.audio,no.alkohol,4
no.audio,no.it.emacs,4
no.audio,no.marked.bolig,4
no.audio,no.standard,4
no.audio,no.tungregning,4
no.audio,no.vit.diverse,4
no.bibsys,no.litteratur,4
no.bil,no.alt.diskusjoner,4
no.bil,no.alt.frustrasjoner,4
no.bil,no.alt.mat,4
no.bil,no.it.emacs,4
no.bil,no.marked.bolig,4
no.bil,no.org.efn.diskusjon,4
no.biz.annonser,no.alt.frustrasjoner,4
no.biz.annonser,no.alt.gledesutbrudd,4
no.biz.annonser,no.alt.god.jul,4
no.biz.annonser,no.alt.katter,4
no.biz.annonser,no.alt.mat.drikke,4
no.biz.annonser,no.alt.pompel-og-pilt,4
no.biz.annonser,no.alt.radio-tv.irma-1000,4
no.biz.annonser,no.ef,4
no.biz.annonser,no.hobby.diverse,4
no.biz.annonser,no.it.emacs,4
no.biz.annonser,no.student.nett,4
no.biz.annonser,no.student.samfund,4
no.biz.diskusjoner,no.it.diverse,4
no.biz.diskusjoner,no.it.emacs,4
no.biz.diskusjoner,no.marked.bil,4
no.biz.diskusjoner,no.marked.bolig,4
no.bolig,no.it.emacs,4
no.bolig,no.marked.bil,4
no.c,no.it.emacs,4
no.c,no.marked.bil,4
no.c,no.marked.bolig,4
no.c,no.tungregning,4
no.ef,no.it.emacs,4
no.ef,no.marked.bil,4
no.ef,no.marked.bolig,4
no.ef,no.standard,4
no.ef,no.tungregning,4
no.elektronikk,no.it.emacs,4
no.elektronikk,no.marked.bolig,4
no.elektronikk,no.media,4
no.embnet,no.it.emacs,4
no.embnet,no.marked.bil,4
no.embnet,no.marked.bolig,4
no.embnet,no.standard,4
no.embnet,no.tungregning,4
no.eunet.diverse,no.news.diverse,4
no.eunet.diverse,no.standard,4
no.eunet.diverse,no.tungregning,4
no.eunet.drift,no.news.diverse,4
no.eunet.drift,no.standard,4
no.eunet.drift,no.tungregning,4
no.eunet.hjelp,no.film,4
no.eunet.hjelp,no.irc,4
no.eunet.hjelp,no.standard,4
no.eunet.hjelp,no.tungregning,4
no.film,no.alkohol,4
no.film,no.alt.katter,4
no.film,no.alt.mat.drikke,4
no.film,no.alt.pompelog,4
no.film,no.eunet.hjelp,4
no.film,no.it.emacs,4
no.film,no.marked.bil,4
no.film,no.marked.bolig,4
no.film,no.news.diverse,4
no.film,no.news.drift,4
no.film,no.nuug,4
no.film,no.org.efn.diskusjon,4
no.film,no.psykologi,4
no.film,no.sources.list,4
no.film,no.sources.wanted,4
no.film,no.speider,4
no.film,no.standard,4
no.film,no.stortinget,4
no.film,no.tegnsett,4
no.film,no.telepost,4
no.general,no.alt.irctreff,4
no.general,no.perl,4
no.general,no.pressemeldinger.diskusjon,4
no.havforskning,no.alt.katter,4
no.havforskning,no.alt.mat.drikke,4
no.havforskning,no.it.emacs,4
no.havforskning,no.marked.bil,4
no.havforskning,no.marked.bolig,4
no.hobby.diverse,no.general,4
no.hobby.diverse,no.media,4
no.hobby.diverse,no.radio-tv,4
no.irc,no.alt.katter,4
no.irc,no.alt.mat.drikke,4
no.irc,no.it.emacs,4
no.irc,no.marked.bil,4
no.irc,no.marked.bolig,4
no.irc,no.unix,4
no.it.diverse,no.multimedia,4
no.it.diverse,no.psykologi,4
no.it.emacs,no.alt.katter,4
no.it.emacs,no.alt.mat.drikke,4
no.it.emacs,no.alt.pompel-og-pilt,4
no.it.emacs,no.alt.radio-tv.irma-1000,4
no.it.emacs,no.alt.tegneserier,4
no.it.emacs,no.audio,4
no.it.emacs,no.bil,4
no.it.emacs,no.biz.annonser,4
no.it.emacs,no.biz.diskusjoner,4
no.it.emacs,no.bolig,4
no.it.emacs,no.c,4
no.it.emacs,no.ef,4
no.it.emacs,no.elektronikk,4
no.it.emacs,no.embnet,4
no.it.emacs,no.film,4
no.it.emacs,no.havforskning,4
no.it.emacs,no.irc,4
no.it.emacs,no.jus,4
no.it.emacs,no.kjemi,4
no.it.emacs,no.kryptografi,4
no.it.emacs,no.lisp,4
no.it.emacs,no.litteratur,4
no.it.emacs,no.mail.diverse,4
no.it.emacs,no.mail.drift,4
no.it.emacs,no.marked,4
no.it.emacs,no.marked.bil,4
no.it.emacs,no.marked.bolig,4
no.it.emacs,no.marked.data,4
no.it.emacs,no.marked.jobb,4
no.it.os.os2,no.linux,4
no.jus,no.alt.katter,4
no.jus,no.alt.mat.drikke,4
no.jus,no.it.emacs,4
no.jus,no.marked.bil,4
no.jus,no.marked.bolig,4
no.jus,no.prat.aksjer,4
no.jus,no.vitser,4
no.kjemi,no.alt.katter,4
no.kjemi,no.it.emacs,4
no.kjemi,no.marked.bil,4
no.kjemi,no.marked.bolig,4
no.kryptografi,no.alt.katter,4
no.kryptografi,no.alt.mat.drikke,4
no.kryptografi,no.alt.pompel-og-pilt,4
no.kryptografi,no.alt.radio-tv.irma-1000,4
no.kryptografi,no.alt.tegneserier,4
no.kryptografi,no.it.emacs,4
no.kryptografi,no.marked.bil,4
no.kryptografi,no.marked.bolig,4
no.linux,no.alt.katter,4
no.linux,no.alt.mat.drikke,4
no.linux,no.media,4
no.linux,no.norsk.fagord,4
no.linux,no.perl,4
no.linux,no.svar,4
no.lisp,no.alt.katter,4
no.lisp,no.alt.mat.drikke,4
no.lisp,no.media,4
no.lisp,no.medisin,4
no.lisp,no.ms-windows,4
no.lisp,no.norsk,4
no.lisp,no.norsk.fagord,4
no.lisp,no.nuug,4
no.lisp,no.pc,4
no.litteratur,no.alt.katter,4
no.litteratur,no.alt.mat.drikke,4
no.litteratur,no.bibsys,4
no.litteratur,no.it.emacs,4
no.litteratur,no.marked.diskusjon,4
no.litteratur,no.perl,4
no.litteratur,no.prat.narkotika,4
no.litteratur,no.prat.ufo,4
no.mac,no.marked.diskusjon,4
no.mac,no.prat.narkotika,4
no.mac,no.prat.ufo,4
no.mail.diverse,no.alt.katter,4
no.mail.diverse,no.alt.mat.drikke,4
no.mail.diverse,no.marked.diskusjon,4
no.mail.diverse,no.mswindow,4
no.mail.diverse,no.perl,4
no.mail.diverse,no.prat.narkotika,4
no.mail.diverse,no.prat.ufo,4
no.mail.drift,no.alt.katter,4
no.mail.drift,no.alt.mat.drikke,4
no.mail.drift,no.it.emacs,4
no.mail.drift,no.marked.diskusjon,4
no.mail.drift,no.perl,4
no.mail.drift,no.prat.narkotika,4
no.mail.drift,no.prat.ufo,4
no.mail.drift,no.unix,4
no.marked,no.it.emacs,4
no.marked,no.perl,4
no.marked,no.prat.narkotika,4
no.marked,no.student.nett,4
no.marked,no.student.samfund,4
no.marked,no.x,4
no.marked.bil,no.alt.katter,4
no.marked.bil,no.alt.mat.drikke,4
no.marked.bil,no.alt.pompel-og-pilt,4
no.marked.bil,no.alt.radio-tv.irma-1000,4
no.marked.bil,no.alt.tegneserier,4
no.marked.bil,no.biz.diskusjoner,4
no.marked.bil,no.bolig,4
no.marked.bil,no.c,4
no.marked.bil,no.ef,4
no.marked.bil,no.embnet,4
no.marked.bil,no.film,4
no.marked.bil,no.general,4
no.marked.bil,no.havforskning,4
no.marked.bil,no.irc,4
no.marked.bil,no.it.emacs,4
no.marked.bil,no.jus,4
no.marked.bil,no.kjemi,4
no.marked.bil,no.kryptografi,4
no.marked.bil,no.perl,4
no.marked.bil,no.prat.narkotika,4
no.marked.bil,no.prat.ufo,4
no.marked.bolig,no.alt.katter,4
no.marked.bolig,no.alt.mat.drikke,4
no.marked.bolig,no.alt.pompel-og-pilt,4
no.marked.bolig,no.alt.radio-tv.irma-1000,4
no.marked.bolig,no.alt.tegneserier,4
no.marked.bolig,no.audio,4
no.marked.bolig,no.bil,4
no.marked.bolig,no.biz.diskusjoner,4
no.marked.bolig,no.c,4
no.marked.bolig,no.ef,4
no.marked.bolig,no.elektronikk,4
no.marked.bolig,no.embnet,4
no.marked.bolig,no.film,4
no.marked.bolig,no.general,4
no.marked.bolig,no.havforskning,4
no.marked.bolig,no.irc,4
no.marked.bolig,no.it.emacs,4
no.marked.bolig,no.jus,4
no.marked.bolig,no.kjemi,4
no.marked.bolig,no.kryptografi,4
no.marked.bolig,no.perl,4
no.marked.bolig,no.prat.narkotika,4
no.marked.bolig,no.prat.ufo,4
no.marked.data,no.alt.diskusjoner,4
no.marked.data,no.alt.katter,4
no.marked.data,no.alt.mat.drikke,4
no.marked.data,no.it.emacs,4
no.marked.data,no.perl,4
no.marked.data,no.prat.aksjer,4
no.marked.data,no.prat.narkotika,4
no.marked.data,no.prat.ufo,4
no.marked.data,no.sources.wanted,4
no.marked.data,no.uninett.diverse,4
no.marked.data,no.uninett.skole,4
no.marked.diskusjon,no.lisp,4
no.marked.diskusjon,no.marked.jobb,4
no.marked.diskusjon,no.musikk,4
no.marked.diskusjon,no.perl,4
no.marked.jobb,no.alt.katter,4
no.marked.jobb,no.alt.mat.drikke,4
no.marked.jobb,no.it.emacs,4
no.marked.jobb,no.marked.diskusjon,4
no.marked.jobb,no.perl,4
no.marked.jobb,no.prat.narkotika,4
no.marked.jobb,no.prat.ufo,4
no.marked.jobb,no.unix,4
no.media,no.elektronikk,4
no.media,no.hobby.diverse,4
no.media,no.lisp,4
no.media,no.ms-windows,4
no.media,no.perl,4
no.media,no.prat.narkotika,4
no.media,unknown,4
no.medisin,no.lisp,4
no.medisin,no.marked.bil,4
no.medisin,no.marked.bolig,4
no.medisin,no.marked.diskusjon,4
no.medisin,no.perl,4
no.medisin,no.prat.ufo,4
no.medisin,no.sport.diverse,4
no.ms-windows,no.mail.drift,4
no.ms-windows,no.medisin,4
no.ms-windows,no.nuug,4
no.ms-windows,no.perl,4
no.ms-windows,no.psykologi,4
no.multimedia,no.it.diverse,4
no.multimedia,no.marked.bil,4
no.multimedia,no.marked.bolig,4
no.multimedia,no.marked.diskusjon,4
no.multimedia,no.perl,4
no.multimedia,no.prat.narkotika,4
no.multimedia,no.prat.ufo,4
no.multimedia,no.www,4
no.musikk,no.alt.mat,4
no.musikk,no.marked.bil,4
no.musikk,no.marked.diskusjon,4
no.musikk,no.perl,4
no.musikk,no.prat.narkotika,4
no.musikk,no.prat.ufo,4
no.musikk,no.spill,4
no.musikk,no.standard,4
no.musikk,no.stortinget,4
no.musikk,no.telepost,4
no.musikk.klassisk,unknown,4
no.net,no.perl,4
no.net,no.prat.narkotika,4
no.net,no.prat.ufo,4
no.net,no.uninett.diverse,4
no.net,no.x,4
no.news.diverse,no.alt.mat,4
no.news.diverse,no.eunet.diverse,4
no.news.diverse,no.it.emacs,4
no.news.diverse,no.marked.bil,4
no.news.diverse,no.marked.bolig,4
no.news.drift,no.film,4
no.news.drift,no.uninett.drift,4
no.norsk,no.lisp,4
no.norsk,no.perl,4
no.norsk,no.prat.narkotika,4
no.norsk,no.prat.ufo,4
no.norsk.fagord,no.folklore.edb,4
no.norsk.fagord,no.lisp,4
no.norsk.fagord,no.marked.bil,4
no.norsk.fagord,no.marked.bolig,4
no.norsk.fagord,no.marked.diskusjon,4
no.norsk.fagord,no.perl,4
no.norsk.fagord,no.prat.narkotika,4
no.norsk.fagord,no.prat.ufo,4
no.norsk.fagord,unknown,4
no.nuug,no.film,4
no.nuug,no.lisp,4
no.nuug,no.perl,4
no.nuug,no.prat.narkotika,4
no.nuug,no.prat.ufo,4
no.nuug,unknown,4
no.org.efn.diskusjon,no.alt.diskusjoner,4
no.org.efn.diskusjon,no.standard,4
no.org.efn.diskusjon,no.tungregning,4
no.pc,no.lisp,4
no.pc,no.perl,4
no.perl,no.linux,4
no.perl,no.litteratur,4
no.perl,no.mail.diverse,4
no.perl,no.mail.drift,4
no.perl,no.marked,4
no.perl,no.marked.data,4
no.perl,no.media,4
no.perl,no.medisin,4
no.perl,no.multimedia,4
no.perl,no.net,4
no.perl,no.norsk,4
no.perl,no.norsk.fagord,4
no.perl,no.nuug,4
no.prat.aksjer,no.lisp,4
no.prat.aksjer,no.litteratur,4
no.prat.aksjer,no.mac,4
no.prat.aksjer,no.mail.diverse,4
no.prat.aksjer,no.mail.drift,4
no.prat.aksjer,no.marked,4
no.prat.aksjer,no.media,4
no.prat.aksjer,no.medisin,4
no.prat.aksjer,no.multimedia,4
no.prat.aksjer,no.net,4
no.prat.aksjer,no.norsk,4
no.prat.aksjer,no.norsk.fagord,4
no.prat.aksjer,no.nuug,4
no.prat.aksjer,no.pc,4
no.prat.aksjer,no.perl,4
no.prat.narkotika,no.jus,4
no.prat.narkotika,no.lisp,4
no.prat.narkotika,no.marked.bil,4
no.prat.narkotika,no.marked.bolig,4
no.prat.narkotika,no.marked.diskusjon,4
no.prat.politikk,no.prat.seksualitet,4
no.prat.seksualitet,no.jus,4
no.prat.ufo,no.lisp,4
no.prat.ufo,no.marked.bil,4
no.prat.ufo,no.marked.bolig,4
no.prat.ufo,no.marked.diskusjon,4
no.pressemeldinger.diskusjon,unknown,4
no.psykologi,no.it.diverse,4
no.psykologi,no.marked.data,4
no.psykologi,no.ms-windows,4
no.psykologi,no.uninett.skole,4
no.psykologi,no.vr,4
no.psykologi,no.www,4
no.radio-tv,no.hobby.diverse,4
no.radio-tv,no.unix,4
no.radio_tv,no.uninett.skole,4
no.reiser,no.student.nett,4
no.reiser,no.student.samfund,4
no.religion,no.bil,4
no.religion,no.vitser,4
no.sources.list,no.film,4
no.sources.list,no.uninett.diverse,4
no.sources.list,no.uninett.drift,4
no.sources.list,no.uninett.hjelp,4
no.sources.list,no.uninett.katalog,4
no.sources.wanted,no.film,4
no.sources.wanted,no.marked.data,4
no.sources.wanted,no.uninett.diverse,4
no.sources.wanted,no.uninett.drift,4
no.sources.wanted,no.uninett.hjelp,4
no.sources.wanted,no.uninett.katalog,4
no.sources.wanted,unknown,4
no.speider,no.film,4
no.speider,no.uninett.diverse,4
no.speider,no.uninett.drift,4
no.speider,no.uninett.hjelp,4
no.speider,no.uninett.katalog,4
no.spill,no.musikk,4
no.spill,no.uninett.drift,4
no.spill,no.uninett.hjelp,4
no.spill,no.uninett.katalog,4
no.sport.diverse,no.uninett.drift,4
no.sport.diverse,no.uninett.hjelp,4
no.sport.diverse,no.uninett.katalog,4
no.standard,no.musikk,4
no.standard,no.uninett.diverse,4
no.standard,no.uninett.drift,4
no.standard,no.uninett.hjelp,4
no.standard,no.uninett.katalog,4
no.stortinget,no.film,4
no.stortinget,no.irc,4
no.student.nett,no.biz.annonser,4
no.student.nett,no.marked,4
no.student.nett,no.reiser,4
no.student.nett,no.religion,4
no.student.samfund,no.biz.annonser,4
no.student.samfund,no.marked,4
no.student.samfund,no.reiser,4
no.tegnsett,no.film,4
no.tegnsett,no.sykkel,4
no.tegnsett,no.tele,4
no.tele,no.amiga,4
no.telepost,no.film,4
no.telepost,no.musikk,4
no.telepost,no.uninett.diverse,4
no.telepost,no.uninett.drift,4
no.telepost,no.uninett.hjelp,4
no.telepost,no.uninett.katalog,4
no.test,no.vitser,4
no.tungregning,no.uninett.diverse,4
no.tungregning,no.uninett.drift,4
no.tungregning,no.uninett.hjelp,4
no.tungregning,no.uninett.katalog,4
no.uninett.diverse,no.net,4
no.uninett.diverse,no.slekt,4
no.uninett.diverse,no.sources.list,4
no.uninett.diverse,no.sources.wanted,4
no.uninett.diverse,no.speider,4
no.uninett.diverse,no.standard,4
no.uninett.diverse,no.tegnsett,4
no.uninett.diverse,no.telepost,4
no.uninett.diverse,no.tungregning,4
no.uninett.diverse,no.uninett.katalog,4
no.uninett.drift,no.mail.diverse,4
no.uninett.drift,no.news.drift,4
no.uninett.drift,no.slekt,4
no.uninett.drift,no.sources.list,4
no.uninett.drift,no.sources.wanted,4
no.uninett.drift,no.speider,4
no.uninett.drift,no.spill,4
no.uninett.drift,no.sport.diverse,4
no.uninett.drift,no.standard,4
no.uninett.drift,no.tegnsett,4
no.uninett.drift,no.telepost,4
no.uninett.drift,no.tungregning,4
no.uninett.drift,no.uninett.hjelp,4
no.uninett.drift,no.uninett.katalog,4
no.uninett.hjelp,no.general,4
no.uninett.hjelp,no.slekt,4
no.uninett.hjelp,no.sources.list,4
no.uninett.hjelp,no.sources.wanted,4
no.uninett.hjelp,no.speider,4
no.uninett.hjelp,no.spill,4
no.uninett.hjelp,no.sport.diverse,4
no.uninett.hjelp,no.standard,4
no.uninett.hjelp,no.tegnsett,4
no.uninett.hjelp,no.telepost,4
no.uninett.hjelp,no.tungregning,4
no.uninett.hjelp,no.uninett.drift,4
no.uninett.hjelp,no.uninett.katalog,4
no.uninett.hjelp,unknown,4
no.uninett.katalog,no.slekt,4
no.uninett.katalog,no.sources.list,4
no.uninett.katalog,no.sources.wanted,4
no.uninett.katalog,no.speider,4
no.uninett.katalog,no.spill,4
no.uninett.katalog,no.sport.diverse,4
no.uninett.katalog,no.standard,4
no.uninett.katalog,no.tegnsett,4
no.uninett.katalog,no.telepost,4
no.uninett.katalog,no.tungregning,4
no.uninett.katalog,no.uninett.diverse,4
no.uninett.katalog,no.uninett.drift,4
no.uninett.katalog,no.uninett.hjelp,4
no.uninett.skole,no.marked.data,4
no.uninett.skole,no.net,4
no.unix,no.irc,4
no.unix,no.mail.drift,4
no.unix,no.ms-windows,4
no.unix,no.vitser,4
no.vit.diverse,no.audio,4
no.vit.diverse,no.elektronikk,4
no.vitser,no.musikk,4
no.vitser,no.religion,4
no.vitser,no.unix,4
no.vr,unknown,4
no.www,no.multimedia,4
no.www,no.psykologi,4
no.x,no.marked,4
no.x,no.net,4
no.x,no.news.diverse,4
no.ai,no.irc,3
no.alkohol,no.irc,3
no.alkohol,no.mail.diverse,3
no.alt.arkiv,no.norsk,3
no.alt.arkiv,no.slekt,3
no.alt.arkiv,no.sources.wanted,3
no.alt.arkiv,no.stortinget,3
no.alt.arkiv,no.telepost,3
no.alt.config,no.ms-windows,3
no.alt.config,no.pc,3
no.alt.diskusjoner,no.marked.data,3
no.alt.diskusjoner,no.musikk.gitar,3
no.alt.diskusjoner,no.nuug,3
no.alt.diskusjoner,no.org.efn.diskusjon,3
no.alt.fan.de-lillos,no.alt.mat,3
no.alt.fan.de-lillos,no.audio,3
no.alt.fan.de-lillos,no.film,3
no.alt.fan.de-lillos,no.mail.diverse,3
no.alt.fan.de-lillos,no.marked,3
no.alt.fan.de-lillos,no.multimedia,3
no.alt.frustrasjoner,no.alt.fan.de-lillos,3
no.alt.frustrasjoner,no.biz.diskusjoner,3
no.alt.frustrasjoner,no.hobby.diverse,3
no.alt.frustrasjoner,no.x,3
no.alt.gledesutbrudd,no.uninett.skole,3
no.alt.god.jul,no.biz.annonser,3
no.alt.irctreff,unknown,3
no.alt.katter,no.vitser,3
no.alt.mat,no.musikk,3
no.alt.motorsykler,no.biz.annonser.data,3
no.alt.motorsykler,no.marked.jobb,3
no.alt.sjokolade,no.film,3
no.amiga,no.audio,3
no.audio,no.alt.irc-treff,3
no.audio,no.reiser,3
no.bil,no.prat.politikk,3
no.bil,no.tele,3
no.biz.annonser,no.alkohol,3
no.biz.annonser,no.prat.ufo,3
no.biz.annonser,no.uninett.hjelp,3
no.biz.annonser.data,no.hobby.diverse,3
no.biz.nettilbydere,no.alkohol,3
no.biz.nettilbydere,no.alt.diskusjoner,3
no.biz.nettilbydere,no.alt.frustrasjoner,3
no.biz.nettilbydere,no.alt.mat,3
no.biz.nettilbydere,no.audio,3
no.biz.nettilbydere,no.film,3
no.biz.nettilbydere,no.mail.diverse,3
no.biz.nettilbydere,no.multimedia,3
no.c,no.ms-windows,3
no.ef,no.religion,3
no.elektronikk,no.vit.diverse,3
no.film,no.media,3
no.film,no.reiser,3
no.film,no.tungregning,3
no.folklore.generelt,no.prat.seksualitet,3
no.havforskning,no.uninett.diverse,3
no.havforskning,no.uninett.drift,3
no.havforskning,no.uninett.hjelp,3
no.havforskning,no.uninett.katalog,3
no.havforskning,no.uninett.skole,3
no.havforskning,no.unix,3
no.hobby.diverse,no.alkohol,3
no.hobby.diverse,no.alt.diskusjoner,3
no.hobby.diverse,no.alt.frustrasjoner,3
no.hobby.diverse,no.alt.mat,3
no.hobby.diverse,no.biz.annonser.data,3
no.hobby.diverse,no.it.diverse,3
no.hobby.diverse,no.mail.diverse,3
no.hobby.diverse,no.prat.ufo,3
no.irc,no.uninett.diverse,3
no.irc,no.uninett.drift,3
no.irc,no.uninett.hjelp,3
no.irc,no.uninett.katalog,3
no.irc,no.uninett.skole,3
no.it.diverse,no.biz.diskusjoner,3
no.it.diverse,no.hobby.diverse,3
no.jus,no.uninett.drift,3
no.jus,no.uninett.hjelp,3
no.jus,no.uninett.katalog,3
no.jus,no.uninett.skole,3
no.jus,no.unix,3
no.kjemi,no.uninett.diverse,3
no.kjemi,no.uninett.drift,3
no.kjemi,no.uninett.hjelp,3
no.kjemi,no.uninett.katalog,3
no.kjemi,no.uninett.skole,3
no.kjemi,no.unix,3
no.linux,no.marked.diskusjon,3
no.linux,no.prat.aksjer,3
no.linux,no.prat.narkotika,3
no.linux,no.prat.ufo,3
no.linux,no.uninett.diverse,3
no.linux,no.uninett.drift,3
no.linux,no.uninett.hjelp,3
no.linux,no.uninett.katalog,3
no.linux,no.uninett.skole,3
no.lisp,no.marked.diskusjon,3
no.lisp,no.prat.aksjer,3
no.lisp,no.prat.narkotika,3
no.lisp,no.prat.ufo,3
no.litteratur,no.prat.aksjer,3
no.litteratur,no.uninett.diverse,3
no.litteratur,no.uninett.drift,3
no.litteratur,no.uninett.hjelp,3
no.litteratur,no.uninett.katalog,3
no.litteratur,no.unix,3
no.mac,no.alt.diskusjoner,3
no.mac,no.prat.aksjer,3
no.mac,no.uninett.diverse,3
no.mac,no.uninett.drift,3
no.mac,no.uninett.hjelp,3
no.mac,no.uninett.katalog,3
no.mac,no.uninett.skole,3
no.mail.diverse,no.alkohol,3
no.mail.diverse,no.prat.aksjer,3
no.mail.diverse,no.tele,3
no.mail.diverse,no.uninett.diverse,3
no.mail.diverse,no.uninett.drift,3
no.mail.diverse,no.uninett.hjelp,3
no.mail.diverse,no.uninett.katalog,3
no.mail.drift,no.ms-windows,3
no.mail.drift,no.prat.aksjer,3
no.mail.drift,no.uninett.diverse,3
no.mail.drift,no.uninett.hjelp,3
no.mail.drift,no.uninett.katalog,3
no.mail.drift,no.uninett.skole,3
no.marked,no.prat.aksjer,3
no.marked,no.reiser,3
no.marked,no.religion,3
no.marked,no.uninett.drift,3
no.marked,no.uninett.hjelp,3
no.marked,no.uninett.katalog,3
no.marked,no.video,3
no.marked.bil,no.ms-windows,3
no.marked.bil,no.musikk,3
no.marked.bil,no.prat.aksjer,3
no.marked.bolig,no.ms-windows,3
no.marked.bolig,no.prat.aksjer,3
no.marked.bolig,unknown,3
no.marked.data,no.news.drift,3
no.marked.data,no.psykologi,3
no.marked.data,no.radio_tv,3
no.marked.data,no.slekt,3
no.marked.data,no.sources.list,3
no.marked.data,no.speider,3
no.marked.data,no.standard,3
no.marked.data,no.tegnsett,3
no.marked.data,no.tungregning,3
no.marked.data,no.uninett.drift,3
no.marked.data,no.uninett.hjelp,3
no.marked.data,no.uninett.katalog,3
no.marked.diskusjon,no.linux,3
no.marked.diskusjon,no.ms-windows,3
no.marked.diskusjon,no.prat.aksjer,3
no.marked.jobb,no.alt.motorsykler,3
no.marked.jobb,no.prat.aksjer,3
no.marked.jobb,no.reiser,3
no.media,no.alkohol,3
no.media,no.alt.diskusjoner,3
no.media,no.alt.mat,3
no.media,no.linux,3
no.media,no.prat.aksjer,3
no.media,no.www,3
no.medisin,no.ms-windows,3
no.medisin,no.prat.aksjer,3
no.ms-windows,no.alt.config,3
no.ms-windows,no.c,3
no.ms-windows,no.marked.bil,3
no.ms-windows,no.marked.bolig,3
no.ms-windows,no.marked.diskusjon,3
no.ms-windows,no.prat.aksjer,3
no.ms-windows,no.prat.narkotika,3
no.ms-windows,no.prat.ufo,3
no.mswindow,no.mail.diverse,3
no.mswindow,no.unix,3
no.multimedia,no.prat.aksjer,3
no.multimedia,no.uninett.drift,3
no.multimedia,no.uninett.hjelp,3
no.multimedia,no.uninett.katalog,3
no.multimedia,no.uninett.skole,3
no.musikk,no.alt.fan.de-lillos,3
no.musikk,no.prat.aksjer,3
no.musikk,no.sources.list,3
no.musikk,no.sources.wanted,3
no.musikk,no.speider,3
no.musikk,no.tegnsett,3
no.musikk,no.tungregning,3
no.musikk,no.uninett.diverse,3
no.musikk,no.uninett.drift,3
no.musikk,no.uninett.hjelp,3
no.musikk,no.uninett.katalog,3
no.musikk,no.uninett.skole,3
no.musikk,no.unix,3
no.musikk.gitar,no.uninett.diverse,3
no.musikk.gitar,no.uninett.drift,3
no.musikk.gitar,no.uninett.hjelp,3
no.musikk.gitar,no.uninett.katalog,3
no.musikk.gitar,no.uninett.skole,3
no.musikk.gitar,no.unix,3
no.net,no.prat.aksjer,3
no.net,no.uninett.hjelp,3
no.net,no.uninett.katalog,3
no.net,no.uninett.skole,3
no.news.diverse,no.alt.katter,3
no.news.diverse,no.alt.mat.drikke,3
no.news.diverse,no.biz.diskusjoner,3
no.news.diverse,no.prat.narkotika,3
no.news.diverse,no.sources.list,3
no.news.diverse,no.sources.wanted,3
no.news.diverse,no.standard,3
no.news.diverse,no.student.samfund,3
no.news.diverse,no.tegnsett,3
no.news.diverse,no.tungregning,3
no.news.diverse,no.uninett.drift,3
no.news.diverse,no.uninett.hjelp,3
no.news.diverse,no.uninett.katalog,3
no.news.diverse,no.vit.diverse,3
no.news.drift,no.marked.data,3
no.news.drift,no.uninett.diverse,3
no.news.drift,no.uninett.hjelp,3
no.news.drift,no.uninett.katalog,3
no.news.drift,no.uninett.skole,3
no.norsk,no.alt.arkiv,3
no.norsk,no.prat.aksjer,3
no.norsk,no.student.nett,3
no.norsk,no.sykkel,3
no.norsk,no.uninett.drift,3
no.norsk,no.uninett.hjelp,3
no.norsk,no.uninett.katalog,3
no.norsk.fagord,no.linux,3
no.norsk.fagord,no.marked.jobb,3
no.norsk.fagord,no.musikk,3
no.norsk.fagord,no.prat.aksjer,3
no.norsk.fagord,no.typografi,3
no.nuug,no.marked.jobb,3
no.nuug,no.ms-windows,3
no.nuug,no.prat.aksjer,3
no.org.nobug.diverse,unknown,3
no.pc,no.alt.config,3
no.pc,no.prat.aksjer,3
no.pc,no.student.nett,3
no.pc,no.student.samfund,3
no.pc,no.uninett.drift,3
no.pc,no.uninett.hjelp,3
no.pc,no.uninett.katalog,3
no.perl,no.marked.bil,3
no.perl,no.marked.bolig,3
no.perl,no.marked.diskusjon,3
no.perl,no.ms-windows,3
no.perl,no.prat.aksjer,3
no.prat.aksjer,no.jus,3
no.prat.aksjer,no.linux,3
no.prat.aksjer,no.marked.bil,3
no.prat.aksjer,no.marked.bolig,3
no.prat.aksjer,no.marked.diskusjon,3
no.prat.aksjer,no.ms-windows,3
no.prat.aksjer,no.prat.narkotika,3
no.prat.aksjer,no.prat.ufo,3
no.prat.narkotika,no.linux,3
no.prat.narkotika,no.marked.jobb,3
no.prat.narkotika,no.ms-windows,3
no.prat.narkotika,no.musikk,3
no.prat.narkotika,no.prat.aksjer,3
no.prat.narkotika,no.radio-tv,3
no.prat.seksualitet,no.speider,3
no.prat.ufo,no.linux,3
no.prat.ufo,no.marked.jobb,3
no.prat.ufo,no.ms-windows,3
no.prat.ufo,no.musikk,3
no.prat.ufo,no.prat.aksjer,3
no.pressemeldinger.diskusjon,no.general,3
no.pressemeldinger.diskusjon,no.pressemeldinger,3
no.psykologi,no.uninett.diverse,3
no.psykologi,no.uninett.drift,3
no.psykologi,no.uninett.hjelp,3
no.psykologi,no.uninett.katalog,3
no.psykologi,no.unix,3
no.radio-tv,no.media,3
no.radio-tv,no.news.drift,3
no.radio-tv,no.nuug,3
no.radio-tv,no.psykologi,3
no.radio-tv,no.sources.list,3
no.radio-tv,no.sources.wanted,3
no.radio-tv,no.standard,3
no.radio-tv,no.student.nett,3
no.radio-tv,no.student.samfund,3
no.radio-tv,no.tegnsett,3
no.radio-tv,no.telepost,3
no.radio-tv,no.tungregning,3
no.radio-tv,no.typografi,3
no.radio-tv,no.uninett.diverse,3
no.radio-tv,no.uninett.drift,3
no.radio-tv,no.uninett.hjelp,3
no.radio-tv,no.uninett.katalog,3
no.radio-tv,no.uninett.skole,3
no.radio_tv,no.tele,3
no.reiser,no.audio,3
no.reiser,no.film,3
no.reiser,no.marked,3
no.reiser,no.marked.jobb,3
no.reiser,no.news.diverse,3
no.reiser,no.vitser,3
no.religion,no.slekt,3
no.religion,no.sport.diverse,3
no.religion,no.student.nett,3
no.religion,no.student.samfund,3
no.slekt,no.marked.data,3
no.slekt,no.radio-tv,3
no.slekt,no.religion,3
no.slekt,no.slekt.programmer,3
no.slekt,no.uninett.skole,3
no.slekt,no.unix,3
no.sources.list,no.marked.data,3
no.sources.list,no.musikk,3
no.sources.list,no.news.diverse,3
no.sources.list,no.uninett.skole,3
no.sources.list,no.unix,3
no.sources.wanted,no.alt.arkiv,3
no.sources.wanted,no.alt.diskusjoner,3
no.sources.wanted,no.general,3
no.sources.wanted,no.musikk,3
no.sources.wanted,no.news.diverse,3
no.sources.wanted,no.uninett.skole,3
no.sources.wanted,no.unix,3
no.speider,no.marked.data,3
no.speider,no.musikk,3
no.speider,no.prat.seksualitet,3
no.speider,no.radio-tv,3
no.speider,no.uninett.skole,3
no.speider,no.unix,3
no.spill,no.it.diverse,3
no.spill,no.uninett.skole,3
no.spill,no.unix,3
no.sport.diverse,no.religion,3
no.sport.diverse,no.uninett.skole,3
no.sport.diverse,no.unix,3
no.standard,no.alt.frustrasjoner,3
no.standard,no.alt.gledesutbrudd,3
no.standard,no.alt.god.jul,3
no.standard,no.alt.mat,3
no.standard,no.alt.motorsykler,3
no.standard,no.alt.pompelog,3
no.standard,no.alt.radio_tv.irma1000,3
no.standard,no.alt.tegneserier,3
no.standard,no.audio,3
no.standard,no.ef,3
no.standard,no.embnet,3
no.standard,no.eunet.diverse,3
no.standard,no.eunet.drift,3
no.standard,no.eunet.hjelp,3
no.standard,no.film,3
no.standard,no.marked.data,3
no.standard,no.news.diverse,3
no.standard,no.org.efn.diskusjon,3
no.standard,no.uninett.skole,3
no.standard,no.unix,3
no.stortinget,no.alt.arkiv,3
no.stortinget,no.uninett.skole,3
no.student.nett,no.litteratur,3
no.student.nett,no.norsk,3
no.student.nett,no.pc,3
no.student.nett,no.radio-tv,3
no.student.nett,no.uninett.diverse,3
no.student.nett,no.uninett.hjelp,3
no.student.nett,no.uninett.skole,3
no.student.samfund,no.pc,3
no.student.samfund,no.radio-tv,3
no.student.samfund,no.religion,3
no.student.samfund,no.uninett.diverse,3
no.student.samfund,no.uninett.hjelp,3
no.student.samfund,no.uninett.skole,3
no.student.samfund,unknown,3
no.tegnsett,no.uninett.diverse,3
no.tegnsett,no.uninett.drift,3
no.tegnsett,no.uninett.hjelp,3
no.tegnsett,no.uninett.katalog,3
no.tele,no.biz.annonser,3
no.tele,no.standard,3
no.telepost,no.alt.arkiv,3
no.telepost,no.marked.data,3
no.telepost,no.uninett.skole,3
no.telepost,no.unix,3
no.test,no.musikk.gitar,3
no.test,no.speider,3
no.tex,unknown,3
no.tungregning,no.marked.data,3
no.tungregning,no.musikk,3
no.tungregning,no.news.diverse,3
no.tungregning,no.stortinget,3
no.tungregning,no.uninett.skole,3
no.tungregning,no.unix,3
no.uninett.diverse,no.havforskning,3
no.uninett.diverse,no.irc,3
no.uninett.diverse,no.jus,3
no.uninett.diverse,no.kjemi,3
no.uninett.diverse,no.linux,3
no.uninett.diverse,no.litteratur,3
no.uninett.diverse,no.mac,3
no.uninett.diverse,no.mail.diverse,3
no.uninett.diverse,no.mail.drift,3
no.uninett.diverse,no.marked.data,3
no.uninett.diverse,no.musikk,3
no.uninett.diverse,no.musikk.gitar,3
no.uninett.diverse,no.news.drift,3
no.uninett.diverse,no.nuug,3
no.uninett.diverse,no.psykologi,3
no.uninett.diverse,no.student.nett,3
no.uninett.diverse,no.student.samfund,3
no.uninett.diverse,no.unix,3
no.uninett.drift,no.havforskning,3
no.uninett.drift,no.irc,3
no.uninett.drift,no.jus,3
no.uninett.drift,no.kjemi,3
no.uninett.drift,no.linux,3
no.uninett.drift,no.litteratur,3
no.uninett.drift,no.mac,3
no.uninett.drift,no.marked,3
no.uninett.drift,no.marked.data,3
no.uninett.drift,no.multimedia,3
no.uninett.drift,no.musikk,3
no.uninett.drift,no.musikk.gitar,3
no.uninett.drift,no.news.diverse,3
no.uninett.drift,no.norsk,3
no.uninett.drift,no.nuug,3
no.uninett.drift,no.pc,3
no.uninett.drift,no.psykologi,3
no.uninett.drift,no.radio_tv,3
no.uninett.drift,no.uninett.skole,3
no.uninett.drift,no.unix,3
no.uninett.hjelp,no.biz.annonser,3
no.uninett.hjelp,no.havforskning,3
no.uninett.hjelp,no.irc,3
no.uninett.hjelp,no.jus,3
no.uninett.hjelp,no.kjemi,3
no.uninett.hjelp,no.linux,3
no.uninett.hjelp,no.litteratur,3
no.uninett.hjelp,no.mac,3
no.uninett.hjelp,no.mail.diverse,3
no.uninett.hjelp,no.mail.drift,3
no.uninett.hjelp,no.marked,3
no.uninett.hjelp,no.marked.data,3
no.uninett.hjelp,no.multimedia,3
no.uninett.hjelp,no.musikk,3
no.uninett.hjelp,no.musikk.gitar,3
no.uninett.hjelp,no.net,3
no.uninett.hjelp,no.news.diverse,3
no.uninett.hjelp,no.news.drift,3
no.uninett.hjelp,no.norsk,3
no.uninett.hjelp,no.nuug,3
no.uninett.hjelp,no.pc,3
no.uninett.hjelp,no.psykologi,3
no.uninett.hjelp,no.radio_tv,3
no.uninett.hjelp,no.student.nett,3
no.uninett.hjelp,no.student.samfund,3
no.uninett.hjelp,no.unix,3
no.uninett.katalog,no.havforskning,3
no.uninett.katalog,no.irc,3
no.uninett.katalog,no.jus,3
no.uninett.katalog,no.kjemi,3
no.uninett.katalog,no.linux,3
no.uninett.katalog,no.litteratur,3
no.uninett.katalog,no.mac,3
no.uninett.katalog,no.mail.diverse,3
no.uninett.katalog,no.mail.drift,3
no.uninett.katalog,no.marked,3
no.uninett.katalog,no.marked.data,3
no.uninett.katalog,no.multimedia,3
no.uninett.katalog,no.musikk,3
no.uninett.katalog,no.musikk.gitar,3
no.uninett.katalog,no.net,3
no.uninett.katalog,no.news.diverse,3
no.uninett.katalog,no.news.drift,3
no.uninett.katalog,no.norsk,3
no.uninett.katalog,no.nuug,3
no.uninett.katalog,no.pc,3
no.uninett.katalog,no.psykologi,3
no.uninett.katalog,no.radio_tv,3
no.uninett.katalog,no.uninett.skole,3
no.uninett.katalog,no.unix,3
no.uninett.skole,no.havforskning,3
no.uninett.skole,no.irc,3
no.uninett.skole,no.jus,3
no.uninett.skole,no.kjemi,3
no.uninett.skole,no.linux,3
no.uninett.skole,no.mac,3
no.uninett.skole,no.mail.drift,3
no.uninett.skole,no.multimedia,3
no.uninett.skole,no.musikk,3
no.uninett.skole,no.musikk.gitar,3
no.uninett.skole,no.news.drift,3
no.uninett.skole,no.nuug,3
no.uninett.skole,no.psykologi,3
no.uninett.skole,no.radio-tv,3
no.uninett.skole,no.slekt,3
no.uninett.skole,no.sources.list,3
no.uninett.skole,no.sources.wanted,3
no.uninett.skole,no.speider,3
no.uninett.skole,no.spill,3
no.uninett.skole,no.sport.diverse,3
no.uninett.skole,no.standard,3
no.uninett.skole,no.stortinget,3
no.uninett.skole,no.student.nett,3
no.uninett.skole,no.student.samfund,3
no.uninett.skole,no.tegnsett,3
no.uninett.skole,no.telepost,3
no.uninett.skole,no.tungregning,3
no.uninett.skole,no.uninett.drift,3
no.uninett.skole,no.uninett.katalog,3
no.uninett.skole,no.unix,3
no.unix,no.alt.gledesutbrudd,3
no.unix,no.havforskning,3
no.unix,no.kjemi,3
no.unix,no.litteratur,3
no.unix,no.musikk,3
no.unix,no.musikk.gitar,3
no.unix,no.psykologi,3
no.unix,no.slekt,3
no.unix,no.sources.list,3
no.unix,no.sources.wanted,3
no.unix,no.speider,3
no.unix,no.spill,3
no.unix,no.sport.diverse,3
no.unix,no.standard,3
no.unix,no.telepost,3
no.unix,no.tungregning,3
no.unix,no.uninett.diverse,3
no.unix,no.uninett.drift,3
no.unix,no.uninett.hjelp,3
no.unix,no.uninett.katalog,3
no.unix,no.uninett.skole,3
no.unix,no.vr,3
no.vitser,no.ai,3
no.vitser,no.alt.arkiv,3
no.vitser,no.alt.config,3
no.vitser,no.alt.mat,3
no.vitser,no.alt.mat.drikke,3
no.vitser,no.alt.motorsykler,3
no.vitser,no.ms-windows,3
no.vitser,no.reiser,3
no.vitser,no.tele,3
no.vitser,no.vr,3
no.vitser,no.x,3
no.vr,no.ai,3
no.vr,no.psykologi,3
no.vr,no.unix,3
no.vr,no.vitser,3
no.vr,no.x,3
no.www,no.prat.politikk,3
no.www,no.prat.seksualitet,3
no.x,no.vitser,3
no.x,no.vr,3
no.ai,no.alt.irctreff,2
no.ai,no.pc,2
no.ai,no.x,2
no.alkohol,no.alt.fan.de-lillos,2
no.alkohol,no.alt.irctreff,2
no.alkohol,no.biz.annonser,2
no.alkohol,no.sykkel,2
no.alkohol,no.x,2
no.alt.amiga,no.marked,2
no.alt.amiga,no.news.diverse,2
no.alt.amiga,no.pc,2
no.alt.arkiv,no.alt.irctreff,2
no.alt.config,no.alt.irctreff,2
no.alt.config,no.news.drift,2
no.alt.diskusjoner,no.alt.fan.de-lillos,2
no.alt.diskusjoner,no.alt.irctreff,2
no.alt.diskusjoner,no.skole.diverse,2
no.alt.diskusjoner,no.tegnsett,2
no.alt.fan.de-lillos,no.musikk,2
no.alt.fan.de-lillos,no.musikk.gitar,2
no.alt.fan.de-lillos,unknown,2
no.alt.flame,no.alt.irctreff,2
no.alt.flame,no.alt.tegneserier,2
no.alt.flame,no.linux,2
no.alt.flame,no.radio_tv,2
no.alt.flame,no.speider,2
no.alt.frustrasjoner,no.alt.irctreff,2
no.alt.frustrasjoner,no.bibsys,2
no.alt.frustrasjoner,no.kryptografi,2
no.alt.frustrasjoner,no.marked.bil,2
no.alt.frustrasjoner,no.marked.bolig,2
no.alt.frustrasjoner,no.prat.politikk,2
no.alt.frustrasjoner,no.prat.ufo,2
no.alt.gledesutbrudd,no.alt.irctreff,2
no.alt.god.jul,no.alt.irctreff,2
no.alt.god.jul,no.alt.katter,2
no.alt.god.jul,no.alt.mat.drikke,2
no.alt.god.jul,no.news.diverse,2
no.alt.irc-treff,no.c,2
no.alt.irc-treff,no.ef,2
no.alt.irc-treff,no.elektronikk,2
no.alt.irc-treff,no.pc,2
no.alt.irctreff,no.ai,2
no.alt.irctreff,no.alkohol,2
no.alt.irctreff,no.alt.arkiv,2
no.alt.irctreff,no.alt.config,2
no.alt.irctreff,no.alt.diskusjoner,2
no.alt.irctreff,no.alt.flame,2
no.alt.irctreff,no.alt.frustrasjoner,2
no.alt.irctreff,no.alt.gledesutbrudd,2
no.alt.irctreff,no.alt.god.jul,2
no.alt.irctreff,no.alt.katter,2
no.alt.irctreff,no.alt.mat,2
no.alt.irctreff,no.alt.mat.drikke,2
no.alt.irctreff,no.alt.pompelog,2
no.alt.irctreff,no.alt.radio_tv.irma1000,2
no.alt.irctreff,no.alt.tegneserier,2
no.alt.katter,no.alt.god.jul,2
no.alt.katter,no.alt.irctreff,2
no.alt.mat,no.alt.irctreff,2
no.alt.mat,no.prat.narkotika,2
no.alt.mat,no.religion,2
no.alt.mat.drikke,no.alt.god.jul,2
no.alt.mat.drikke,no.alt.irctreff,2
no.alt.pompel-og-pilt,no.alt.radio_tv.irma1000,2
no.alt.pompelog,no.alt.irctreff,2
no.alt.radio-tv.irma-1000,no.alt.pompelog,2
no.alt.radio_tv.irma1000,no.alt.irctreff,2
no.alt.tegneserier,no.alt.flame,2
no.alt.tegneserier,no.alt.irctreff,2
no.amiga,no.biz.annonser,2
no.amiga,no.biz.annonser.data,2
no.amiga,no.general,2
no.amiga,no.linux,2
no.amiga,no.x,2
no.audio,no.amiga,2
no.audio,no.bibsys,2
no.audio,no.biz.annonser.data,2
no.audio,no.vitser,2
no.bibsys,no.audio,2
no.bil,no.alt.flame,2
no.bil,no.ms-windows,2
no.bil,no.pc,2
no.bil,no.telepost,2
no.biz.annonser,no.unix,2
no.biz.annonser.data,no.alt.motorsykler,2
no.biz.annonser.data,no.audio,2
no.biz.annonser.data,no.linux,2
no.biz.annonser.data,no.mac,2
no.biz.annonser.data,no.ms-windows,2
no.biz.annonser.data,no.unix,2
no.biz.diskusjoner,no.alt.frustrasjoner,2
no.biz.diskusjoner,no.vitser,2
no.bolig,no.alt.god.jul,2
no.bolig,no.news.diverse,2
no.c,no.alt.irc-treff,2
no.ef,no.alt.irc-treff,2
no.ef,no.news.diverse,2
no.ef,no.x,2
no.elektronikk,no.alt.gledesutbrudd,2
no.elektronikk,no.alt.irc-treff,2
no.embnet,no.x,2
no.film,no.hobby.diverse,2
no.film,no.ms-windows,2
no.film,no.vitser,2
no.folklore.edb,unknown,2
no.folklore.generelt,no.alt.god.jul,2
no.folklore.generelt,no.c,2
no.folklore.generelt,no.general,2
no.folklore.generelt,no.marked,2
no.folklore.overtro,no.c,2
no.folklore.overtro,no.general,2
no.general,no.alt.radio_tv.irma1000,2
no.general,no.marked.diskusjon,2
no.general,no.sources.list,2
no.general,no.sport.fotball,2
no.general,no.svar,2
no.general,no.tungregning,2
no.havforskning,no.medisin,2
no.havforskning,no.prat.politikk,2
no.havforskning,no.skole.diverse,2
no.havforskning,no.vit.diverse,2
no.hobby.diverse,no.alt.god.jul,2
no.hobby.diverse,no.sport.diverse,2
no.irc,no.medisin,2
no.irc,no.ms-windows,2
no.it.diverse,no.alt.gledesutbrudd,2
no.it.diverse,no.it.os.os2,2
no.it.diverse,no.news.diverse,2
no.it.diverse,no.tele,2
no.it.diverse,no.unix,2
no.it.emacs,no.alt.flame,2
no.it.os.os2,no.it.diverse,2
no.it.os.os2,no.unix,2
no.jus,no.ms-windows,2
no.jus,no.sykkel,2
no.kjemi,no.ms-windows,2
no.kjemi,no.prat.politikk,2
no.kjemi,no.skole.diverse,2
no.linux,no.biz.annonser.data,2
no.lisp,no.news.diverse,2
no.litteratur,no.spill.rollespill,2
no.mac,no.biz.annonser.data,2
no.marked,no.alt.amiga,2
no.marked,no.vit.diverse,2
no.marked.bolig,no.alt.god.jul,2
no.marked.data,no.religion,2
no.marked.data,no.student.nett,2
no.marked.data,no.student.samfund,2
no.marked.diskusjon,no.general,2
no.marked.jobb,no.alt.diskusjoner,2
no.marked.jobb,no.amiga,2
no.marked.jobb,no.news.drift,2
no.marked.jobb,no.student.nett,2
no.marked.jobb,no.uninett.diverse,2
no.media,no.news.diverse,2
no.media,no.prat.politikk,2
no.media,no.prat.seksualitet,2
no.medisin,no.havforskning,2
no.medisin,no.irc,2
no.medisin,no.org.efn.diskusjon,2
no.medisin,no.psykologi,2
no.medisin,no.vit.diverse,2
no.ms-windows,no.bil,2
no.ms-windows,no.biz.annonser.data,2
no.ms-windows,no.film,2
no.ms-windows,no.irc,2
no.ms-windows,no.jus,2
no.ms-windows,no.kjemi,2
no.ms-windows,no.vitser,2
no.musikk,no.amiga,2
no.musikk,no.radio_tv,2
no.musikk,no.reiser,2
no.musikk,no.vitser,2
no.musikk.gitar,no.alt.fan.de-lillos,2
no.musikk.gitar,no.org.decus,2
no.net,no.vitser,2
no.net,no.www,2
no.news.diverse,no.alt.radio_tv.irma1000,2
no.news.diverse,no.org.decus,2
no.news.diverse,no.student.nett,2
no.news.drift,no.marked.jobb,2
no.norsk,no.x,2
no.nuug,no.uninett.diverse,2
no.nuug,no.uninett.drift,2
no.nuug,no.uninett.hjelp,2
no.nuug,no.uninett.katalog,2
no.nuug,no.uninett.skole,2
no.pc,no.bil,2
no.pc,no.biz.nettilbydere,2
no.pc,no.typografi,2
no.perl,no.marked.jobb,2
no.perl,no.musikk,2
no.perl,no.prat.politikk,2
no.perl,no.prat.seksualitet,2
no.perl,no.pressemeldinger.diskusjon,2
no.perl,no.radio-tv,2
no.perl,no.reiser,2
no.perl,no.religion,2
no.perl,no.slekt,2
no.perl,no.speider,2
no.perl,no.spill,2
no.perl,no.spill.rollespill,2
no.perl,no.spill.sjakk,2
no.perl,no.sport.diverse,2
no.perl,no.sport.fotball,2
no.prat.aksjer,no.marked.jobb,2
no.prat.aksjer,no.musikk,2
no.prat.narkotika,no.alt.mat,2
no.prat.narkotika,no.prat.seksualitet,2
no.prat.narkotika,no.pressemeldinger.diskusjon,2
no.prat.narkotika,no.reiser,2
no.prat.narkotika,no.slekt,2
no.prat.narkotika,no.speider,2
no.prat.narkotika,no.spill,2
no.prat.narkotika,no.spill.rollespill,2
no.prat.narkotika,no.spill.sjakk,2
no.prat.narkotika,no.sport.diverse,2
no.prat.narkotika,no.sport.fotball,2
no.prat.politikk,no.alt.frustrasjoner,2
no.prat.politikk,no.media,2
no.prat.politikk,no.perl,2
no.prat.politikk,no.prat.ufo,2
no.prat.politikk,no.radio-tv,2
no.prat.politikk,no.reiser,2
no.prat.politikk,no.slekt,2
no.prat.politikk,no.speider,2
no.prat.politikk,no.spill,2
no.prat.politikk,no.spill.rollespill,2
no.prat.politikk,no.spill.sjakk,2
no.prat.politikk,no.sport.diverse,2
no.prat.politikk,no.sport.fotball,2
no.prat.politikk,no.vit.diverse,2
no.prat.politikk,no.www,2
no.prat.seksualitet,no.media,2
no.prat.seksualitet,no.perl,2
no.prat.seksualitet,no.prat.narkotika,2
no.prat.seksualitet,no.prat.ufo,2
no.prat.seksualitet,no.pressemeldinger.diskusjon,2
no.prat.seksualitet,no.radio-tv,2
no.prat.seksualitet,no.reiser,2
no.prat.seksualitet,no.religion,2
no.prat.seksualitet,no.slekt,2
no.prat.seksualitet,no.spill,2
no.prat.seksualitet,no.spill.rollespill,2
no.prat.seksualitet,no.spill.sjakk,2
no.prat.seksualitet,no.sport.diverse,2
no.prat.seksualitet,no.sport.fotball,2
no.prat.seksualitet,no.www,2
no.prat.ufo,no.biz.annonser,2
no.prat.ufo,no.hobby.diverse,2
no.prat.ufo,no.prat.politikk,2
no.prat.ufo,no.prat.seksualitet,2
no.prat.ufo,no.pressemeldinger.diskusjon,2
no.prat.ufo,no.reiser,2
no.prat.ufo,no.religion,2
no.prat.ufo,no.slekt,2
no.prat.ufo,no.speider,2
no.prat.ufo,no.spill,2
no.prat.ufo,no.spill.rollespill,2
no.prat.ufo,no.spill.sjakk,2
no.prat.ufo,no.sport.diverse,2
no.prat.ufo,no.sport.fotball,2
no.pressemeldinger.diskusjon,no.perl,2
no.pressemeldinger.diskusjon,no.prat.narkotika,2
no.pressemeldinger.diskusjon,no.prat.seksualitet,2
no.pressemeldinger.diskusjon,no.prat.ufo,2
no.pressemeldinger.diskusjon,no.radio-tv,2
no.pressemeldinger.diskusjon,no.reiser,2
no.pressemeldinger.diskusjon,no.religion,2
no.pressemeldinger.diskusjon,no.slekt,2
no.pressemeldinger.diskusjon,no.speider,2
no.pressemeldinger.diskusjon,no.spill,2
no.pressemeldinger.diskusjon,no.spill.rollespill,2
no.pressemeldinger.diskusjon,no.spill.sjakk,2
no.pressemeldinger.diskusjon,no.sport.diverse,2
no.pressemeldinger.diskusjon,no.sport.fotball,2
no.psykologi,no.medisin,2
no.radio-tv,no.alt.gledesutbrudd,2
no.radio-tv,no.perl,2
no.radio-tv,no.prat.narkotika,2
no.radio-tv,no.prat.politikk,2
no.radio-tv,no.prat.seksualitet,2
no.radio-tv,no.pressemeldinger.diskusjon,2
no.radio-tv,no.reiser,2
no.radio-tv,no.spill.rollespill,2
no.radio-tv,no.spill.sjakk,2
no.radio-tv,no.sport.fotball,2
no.radio_tv,no.uninett.drift,2
no.radio_tv,no.uninett.hjelp,2
no.radio_tv,no.uninett.katalog,2
no.reiser,no.jus,2
no.reiser,no.musikk,2
no.reiser,no.perl,2
no.reiser,no.prat.narkotika,2
no.reiser,no.prat.politikk,2
no.reiser,no.prat.seksualitet,2
no.reiser,no.prat.ufo,2
no.reiser,no.pressemeldinger.diskusjon,2
no.reiser,no.radio-tv,2
no.reiser,no.religion,2
no.reiser,no.spill.rollespill,2
no.reiser,no.spill.sjakk,2
no.reiser,no.sport.fotball,2
no.religion,no.alkohol,2
no.religion,no.alt.mat,2
no.religion,no.film,2
no.religion,no.litteratur,2
no.religion,no.norsk,2
no.religion,no.perl,2
no.religion,no.prat.seksualitet,2
no.religion,no.prat.ufo,2
no.religion,no.pressemeldinger.diskusjon,2
no.religion,no.reiser,2
no.religion,no.speider,2
no.religion,no.spill.rollespill,2
no.religion,no.spill.sjakk,2
no.religion,no.sport.fotball,2
no.religion,no.test,2
no.skole.diverse,no.slekt,2
no.skole.diverse,no.speider,2
no.skole.diverse,no.spill,2
no.skole.diverse,no.test,2
no.slekt,no.alt.arkiv,2
no.slekt,no.perl,2
no.slekt,no.prat.narkotika,2
no.slekt,no.prat.politikk,2
no.slekt,no.prat.seksualitet,2
no.slekt,no.prat.ufo,2
no.slekt,no.pressemeldinger.diskusjon,2
no.slekt,no.skole.diverse,2
no.slekt,no.spill.rollespill,2
no.slekt,no.spill.sjakk,2
no.slekt,no.sport.fotball,2
no.slekt,no.test,2
no.slekt,no.uninett.fik,2
no.speider,no.perl,2
no.speider,no.prat.narkotika,2
no.speider,no.prat.politikk,2
no.speider,no.prat.ufo,2
no.speider,no.pressemeldinger.diskusjon,2
no.speider,no.religion,2
no.speider,no.skole.diverse,2
no.speider,no.spill.rollespill,2
no.speider,no.spill.sjakk,2
no.speider,no.sport.fotball,2
no.speider,no.test,2
no.spill,no.perl,2
no.spill,no.prat.narkotika,2
no.spill,no.prat.politikk,2
no.spill,no.prat.seksualitet,2
no.spill,no.prat.ufo,2
no.spill,no.pressemeldinger.diskusjon,2
no.spill,no.skole.diverse,2
no.spill,no.spill.rollespill,2
no.spill,no.spill.sjakk,2
no.spill,no.sport.fotball,2
no.spill,no.test,2
no.spill.rollespill,no.perl,2
no.spill.rollespill,no.prat.narkotika,2
no.spill.rollespill,no.prat.politikk,2
no.spill.rollespill,no.prat.seksualitet,2
no.spill.rollespill,no.prat.ufo,2
no.spill.rollespill,no.pressemeldinger.diskusjon,2
no.spill.rollespill,no.radio-tv,2
no.spill.rollespill,no.reiser,2
no.spill.rollespill,no.religion,2
no.spill.rollespill,no.slekt,2
no.spill.rollespill,no.speider,2
no.spill.rollespill,no.spill,2
no.spill.rollespill,no.spill.sjakk,2
no.spill.rollespill,no.sport.diverse,2
no.spill.rollespill,no.sport.fotball,2
no.spill.sjakk,no.perl,2
no.spill.sjakk,no.prat.narkotika,2
no.spill.sjakk,no.prat.politikk,2
no.spill.sjakk,no.prat.seksualitet,2
no.spill.sjakk,no.prat.ufo,2
no.spill.sjakk,no.pressemeldinger.diskusjon,2
no.spill.sjakk,no.radio-tv,2
no.spill.sjakk,no.reiser,2
no.spill.sjakk,no.religion,2
no.spill.sjakk,no.slekt,2
no.spill.sjakk,no.speider,2
no.spill.sjakk,no.spill.rollespill,2
no.spill.sjakk,no.sport.diverse,2
no.spill.sjakk,no.sport.fotball,2
no.sport.diverse,no.perl,2
no.sport.diverse,no.prat.narkotika,2
no.sport.diverse,no.prat.politikk,2
no.sport.diverse,no.prat.seksualitet,2
no.sport.diverse,no.prat.ufo,2
no.sport.diverse,no.pressemeldinger.diskusjon,2
no.sport.diverse,no.spill.rollespill,2
no.sport.diverse,no.spill.sjakk,2
no.sport.fotball,no.perl,2
no.sport.fotball,no.prat.narkotika,2
no.sport.fotball,no.prat.politikk,2
no.sport.fotball,no.prat.seksualitet,2
no.sport.fotball,no.prat.ufo,2
no.sport.fotball,no.pressemeldinger.diskusjon,2
no.sport.fotball,no.radio-tv,2
no.sport.fotball,no.reiser,2
no.sport.fotball,no.religion,2
no.sport.fotball,no.slekt,2
no.sport.fotball,no.speider,2
no.sport.fotball,no.spill,2
no.sport.fotball,no.spill.rollespill,2
no.sport.fotball,no.spill.sjakk,2
no.standard,no.general,2
no.stortinget,no.skole.diverse,2
no.stortinget,no.uninett.hjelp,2
no.stortinget,no.vit.diverse,2
no.student.nett,no.alt.frustrasjoner,2
no.student.nett,no.alt.god.jul,2
no.student.nett,no.marked.jobb,2
no.student.nett,no.x,2
no.student.samfund,no.alt.god.jul,2
no.student.samfund,no.jus,2
no.sykkel,no.alt.flame,2
no.tegnsett,no.marked.data,2
no.tegnsett,no.musikk,2
no.tegnsett,no.news.diverse,2
no.tegnsett,no.uninett.skole,2
no.tegnsett,no.x,2
no.tele,no.biz.annonser.data,2
no.tele,no.it.diverse,2
no.tele,no.news.diverse,2
no.tele,no.radio_tv,2
no.tele,no.tegnsett,2
no.tele,no.uninett.drift,2
no.tele,no.vit.diverse,2
no.test,no.skole.diverse,2
no.test,no.slekt,2
no.tungregning,no.alt.frustrasjoner,2
no.tungregning,no.alt.gledesutbrudd,2
no.tungregning,no.alt.god.jul,2
no.tungregning,no.alt.mat,2
no.tungregning,no.alt.motorsykler,2
no.tungregning,no.alt.pompelog,2
no.tungregning,no.alt.radio_tv.irma1000,2
no.tungregning,no.alt.tegneserier,2
no.tungregning,no.audio,2
no.tungregning,no.c,2
no.tungregning,no.ef,2
no.tungregning,no.embnet,2
no.tungregning,no.eunet.diverse,2
no.tungregning,no.eunet.drift,2
no.tungregning,no.eunet.hjelp,2
no.tungregning,no.film,2
no.tungregning,no.org.efn.diskusjon,2
no.tungregning,unknown,2
no.typografi,no.norsk.fagord,2
no.uninett.drift,no.tele,2
no.uninett.hjelp,no.stortinget,2
no.unix,no.alt.tegneserier,2
no.unix,no.biz.annonser,2
no.unix,no.biz.annonser.data,2
no.unix,no.it.diverse,2
no.unix,no.it.os.os2,2
no.unix,no.mswindow,2
no.unix,no.radio_tv,2
no.unix,no.svar,2
no.vit.diverse,no.marked,2
no.vit.diverse,no.prat.politikk,2
no.vit.diverse,no.tele,2
no.vitser,no.alt.pompel-og-pilt,2
no.vitser,no.alt.radio-tv.irma-1000,2
no.vitser,no.audio,2
no.vitser,no.litteratur,2
no.vitser,no.multimedia,2
no.vitser,no.net,2
no.vitser,no.radio_tv,2
no.vitser,no.slekt,2
no.www,no.marked.jobb,2
no.x,no.ai,2
no.x,no.alkohol,2
no.x,no.audio,2
no.x,no.bil,2
no.x,no.bolig,2
no.x,no.ef,2
no.x,no.elektronikk,2
no.x,no.embnet,2
no.x,no.film,2
no.x,no.irc,2
no.x,no.norsk,2
no.x,no.student.nett,2
no.ai,no.alt.fan.de-lillos,1
no.ai,no.biz.annonser,1
no.ai,no.biz.diskusjoner,1
no.ai,no.kjemi,1
no.ai,no.kryptografi,1
no.ai,no.linux,1
no.ai,no.lisp,1
no.ai,no.litteratur,1
no.ai,no.mac,1
no.ai,no.marked,1
no.ai,no.ms-windows,1
no.ai,no.multimedia,1
no.ai,no.musikk,1
no.ai,no.religion,1
no.alkohol,no.biz.diskusjoner,1
no.alkohol,no.biz.nettilbydere,1
no.alkohol,no.hobby.diverse,1
no.alkohol,no.kryptografi,1
no.alkohol,no.linux,1
no.alkohol,no.lisp,1
no.alkohol,no.litteratur,1
no.alkohol,no.media,1
no.alkohol,no.ms-windows,1
no.alkohol,no.musikk,1
no.alkohol,no.vitser,1
no.alt.amiga,no.spill,1
no.alt.arkiv,no.alt.fan.de-lillos,1
no.alt.arkiv,no.audio,1
no.alt.arkiv,no.bil,1
no.alt.arkiv,no.biz.annonser,1
no.alt.arkiv,no.biz.diskusjoner,1
no.alt.arkiv,no.bolig,1
no.alt.arkiv,no.elektronikk,1
no.alt.arkiv,no.linux,1
no.alt.arkiv,no.mac,1
no.alt.arkiv,no.pc,1
no.alt.arkiv,no.unix,1
no.alt.config,no.alt.fan.de-lillos,1
no.alt.config,no.audio,1
no.alt.config,no.bil,1
no.alt.config,no.biz.annonser,1
no.alt.config,no.biz.diskusjoner,1
no.alt.config,no.bolig,1
no.alt.config,no.elektronikk,1
no.alt.diskusjoner,no.biz.nettilbydere,1
no.alt.diskusjoner,no.bolig,1
no.alt.diskusjoner,no.hobby.diverse,1
no.alt.diskusjoner,no.media,1
no.alt.diskusjoner,no.ms-windows,1
no.alt.diskusjoner,no.reiser,1
no.alt.diskusjoner,no.sykkel,1
no.alt.diskusjoner,no.x,1
no.alt.fan.de-lillos,no.ai,1
no.alt.fan.de-lillos,no.alt.arkiv,1
no.alt.fan.de-lillos,no.alt.config,1
no.alt.fan.de-lillos,no.alt.flame,1
no.alt.fan.de-lillos,no.biz.annonser,1
no.alt.fan.de-lillos,no.biz.nettilbydere,1
no.alt.fan.de-lillos,no.hobby.diverse,1
no.alt.fan.de-lillos,no.media,1
no.alt.flame,no.alt.amiga,1
no.alt.flame,no.alt.fan.de-lillos,1
no.alt.flame,no.audio,1
no.alt.flame,no.biz.annonser,1
no.alt.flame,no.biz.diskusjoner,1
no.alt.flame,no.bolig,1
no.alt.flame,no.c,1
no.alt.flame,no.embnet,1
no.alt.flame,no.it.emacs,1
no.alt.flame,no.psykologi,1
no.alt.flame,no.uninett.skole,1
no.alt.frustrasjoner,no.biz.nettilbydere,1
no.alt.frustrasjoner,no.medisin,1
no.alt.frustrasjoner,no.reiser,1
no.alt.frustrasjoner,no.skole.diverse,1
no.alt.frustrasjoner,no.student.samfund,1
no.alt.frustrasjoner,no.uninett.diverse,1
no.alt.gledesutbrudd,no.biz.diskusjoner,1
no.alt.gledesutbrudd,no.bolig,1
no.alt.gledesutbrudd,no.elektronikk,1
no.alt.gledesutbrudd,no.radio-tv,1
no.alt.gledesutbrudd,no.student.nett,1
no.alt.gledesutbrudd,no.student.samfund,1
no.alt.god.jul,no.biz.annonser.data,1
no.alt.god.jul,no.biz.diskusjoner,1
no.alt.god.jul,no.bolig,1
no.alt.god.jul,no.media,1
no.alt.god.jul,no.ms-windows,1
no.alt.god.jul,no.vitser,1
no.alt.irc-treff,no.alt.pompel-og-pilt,1
no.alt.irc-treff,no.radio-tv,1
no.alt.irc-treff,no.religion,1
no.alt.irctreff,no.audio,1
no.alt.irctreff,no.bil,1
no.alt.irctreff,no.biz.annonser,1
no.alt.irctreff,no.biz.diskusjoner,1
no.alt.irctreff,no.bolig,1
no.alt.irctreff,no.c,1
no.alt.irctreff,no.ef,1
no.alt.irctreff,no.elektronikk,1
no.alt.irctreff,no.embnet,1
no.alt.katter,no.hobby.diverse,1
no.alt.mat,no.alt.fan.de-lillos,1
no.alt.mat,no.biz.diskusjoner,1
no.alt.mat,no.biz.nettilbydere,1
no.alt.mat,no.bolig,1
no.alt.mat,no.elektronikk,1
no.alt.mat,no.hobby.diverse,1
no.alt.mat,no.media,1
no.alt.mat,no.news.diverse,1
no.alt.mat,no.reiser,1
no.alt.motorsykler,no.medisin,1
no.alt.motorsykler,no.musikk,1
no.alt.pompelog,no.bil,1
no.alt.pompelog,no.biz.annonser,1
no.alt.pompelog,no.bolig,1
no.alt.pompelog,no.elektronikk,1
no.alt.radio-tv.irma-1000,no.norsk,1
no.alt.radio_tv.irma1000,no.bil,1
no.alt.radio_tv.irma1000,no.biz.annonser,1
no.alt.radio_tv.irma1000,no.biz.diskusjoner,1
no.alt.radio_tv.irma1000,no.bolig,1
no.alt.radio_tv.irma1000,no.elektronikk,1
no.alt.radio_tv.irma1000,no.news.diverse,1
no.alt.radio_tv.irma1000,no.x,1
no.alt.sjokolade,no.alt.mat,1
no.alt.sjokolade,no.c,1
no.alt.sjokolade,no.general,1
no.alt.sjokolade,no.havforskning,1
no.alt.tegneserier,no.hobby.diverse,1
no.alt.tegneserier,no.ms-windows,1
no.alt.tegneserier,no.unix,1
no.amiga,no.havforskning,1
no.amiga,no.marked,1
no.amiga,no.musikk,1
no.audio,no.ai,1
no.audio,no.alt.fan.de-lillos,1
no.audio,no.biz.nettilbydere,1
no.audio,no.religion,1
no.audio,no.tele,1
no.audio,no.x,1
no.bibsys,no.general,1
no.bibsys,no.marked.jobb,1
no.bil,no.ai,1
no.bil,no.alkohol,1
no.bil,no.hobby.diverse,1
no.bil,no.news.diverse,1
no.bil,no.norsk,1
no.bil,no.slekt,1
no.bil,no.spill,1
no.bil,no.sport.diverse,1
no.bil,no.vitser,1
no.bil,no.x,1
no.biz.annonser,no.alt.fan.de-lillos,1
no.biz.annonser,no.amiga,1
no.biz.annonser,no.medisin,1
no.biz.annonser,no.mswindow,1
no.biz.annonser,no.skole.diverse,1
no.biz.annonser,no.sources.wanted,1
no.biz.annonser,no.sport.fotball,1
no.biz.annonser,no.sykkel,1
no.biz.annonser,no.vit.diverse,1
no.biz.annonser.data,no.alt.god.jul,1
no.biz.annonser.data,no.amiga,1
no.biz.annonser.data,no.c,1
no.biz.annonser.data,no.marked.bil,1
no.biz.annonser.data,no.media,1
no.biz.annonser.data,no.sources.wanted,1
no.biz.annonser.data,no.www,1
no.biz.diskusjoner,no.marked.diskusjon,1
no.biz.nettilbydere,no.alt.fan.de-lillos,1
no.biz.nettilbydere,no.c,1
no.biz.nettilbydere,no.havforskning,1
no.biz.nettilbydere,no.hobby.diverse,1
no.biz.nettilbydere,no.marked.jobb,1
no.biz.nettilbydere,no.media,1
no.bolig,no.ai,1
no.bolig,no.alkohol,1
no.bolig,no.alt.frustrasjoner,1
no.bolig,no.folklore.generelt,1
no.bolig,no.folklore.overtro,1
no.bolig,no.hobby.diverse,1
no.bolig,no.ms-windows,1
no.bolig,no.multimedia,1
no.bolig,no.svar,1
no.bolig,no.x,1
no.c,no.biz.annonser.data,1
no.c,no.medisin,1
no.c,no.perl,1
no.c,no.religion,1
no.c,no.tele,1
no.c,no.vitser,1
no.c,no.www,1
no.ef,no.folklore.generelt,1
no.ef,no.folklore.overtro,1
no.ef,no.hobby.diverse,1
no.ef,no.medisin,1
no.ef,no.ms-windows,1
no.elektronikk,no.ai,1
no.elektronikk,no.alkohol,1
no.elektronikk,no.norsk,1
no.elektronikk,no.religion,1
no.elektronikk,no.sport.diverse,1
no.elektronikk,no.typografi,1
no.elektronikk,no.www,1
no.elektronikk,no.x,1
no.embnet,no.folklore.generelt,1
no.embnet,no.folklore.overtro,1
no.embnet,no.hobby.diverse,1
no.embnet,no.medisin,1
no.embnet,no.ms-windows,1
no.embnet,no.news.diverse,1
no.eunet.diverse,no.student.nett,1
no.eunet.diverse,no.student.samfund,1
no.film,no.ai,1
no.film,no.alt.fan.de-lillos,1
no.film,no.biz.nettilbydere,1
no.film,no.folklore.generelt,1
no.film,no.folklore.overtro,1
no.film,no.medisin,1
no.film,no.religion,1
no.film,no.tele,1
no.film,no.x,1
no.folklore.edb,no.c,1
no.folklore.edb,no.havforskning,1
no.folklore.edb,no.marked.jobb,1
no.folklore.edb,no.spill,1
no.folklore.generelt,no.bolig,1
no.folklore.generelt,no.ef,1
no.folklore.generelt,no.embnet,1
no.folklore.generelt,no.film,1
no.folklore.generelt,no.folklore.overtro,1
no.folklore.generelt,no.havforskning,1
no.folklore.generelt,no.hobby.diverse,1
no.folklore.generelt,no.irc,1
no.folklore.generelt,no.linux,1
no.folklore.generelt,no.lisp,1
no.folklore.generelt,no.litteratur,1
no.folklore.generelt,no.marked.jobb,1
no.folklore.overtro,no.bolig,1
no.folklore.overtro,no.ef,1
no.folklore.overtro,no.embnet,1
no.folklore.overtro,no.film,1
no.folklore.overtro,no.folklore.generelt,1
no.folklore.overtro,no.havforskning,1
no.folklore.overtro,no.hobby.diverse,1
no.folklore.overtro,no.irc,1
no.folklore.overtro,no.linux,1
no.folklore.overtro,no.lisp,1
no.folklore.overtro,no.litteratur,1
no.folklore.overtro,no.marked.jobb,1
no.folklore.overtro,unknown,1
no.general,no.alt.amiga,1
no.general,no.amiga,1
no.general,no.mswindow,1
no.general,no.org.dnd,1
no.general,no.sykkel,1
no.general,no.uninett.drift,1
no.general,no.uninett.fik,1
no.general,no.uninett.katalog,1
no.havforskning,no.radio-tv,1
no.hobby.diverse,no.alt.fan.de-lillos,1
no.hobby.diverse,no.alt.tegneserier,1
no.hobby.diverse,no.bil,1
no.hobby.diverse,no.biz.nettilbydere,1
no.hobby.diverse,no.bolig,1
no.hobby.diverse,no.c,1
no.hobby.diverse,no.ef,1
no.hobby.diverse,no.embnet,1
no.hobby.diverse,no.folklore.generelt,1
no.hobby.diverse,no.folklore.overtro,1
no.hobby.diverse,no.irc,1
no.hobby.diverse,no.linux,1
no.hobby.diverse,no.lisp,1
no.hobby.diverse,no.litteratur,1
no.hobby.diverse,no.marked.bil,1
no.hobby.diverse,no.musikk.gitar,1
no.hobby.diverse,no.spill.sjakk,1
no.hobby.diverse,no.sport.fotball,1
no.irc,no.ai,1
no.irc,no.alkohol,1
no.irc,no.alt.irctreff,1
no.irc,no.folklore.generelt,1
no.irc,no.folklore.overtro,1
no.irc,no.hobby.diverse,1
no.irc,no.radio-tv,1
no.irc,no.religion,1
no.irc,no.tele,1
no.irc,no.x,1
no.it.diverse,no.folklore.edb,1
no.it.diverse,no.reiser,1
no.it.diverse,no.tex,1
no.it.emacs,no.unix,1
no.jus,no.alt.flame,1
no.jus,no.biz.nettilbydere,1
no.jus,no.skole.diverse,1
no.jus,no.student.samfund,1
no.jus,no.vit.diverse,1
no.kjemi,no.radio-tv,1
no.kjemi,no.reiser,1
no.kjemi,no.religion,1
no.kjemi,no.tele,1
no.kjemi,no.vitser,1
no.kryptografi,no.ms-windows,1
no.kryptografi,no.multimedia,1
no.kryptografi,no.musikk,1
no.linux,no.amiga,1
no.linux,no.folklore.generelt,1
no.linux,no.folklore.overtro,1
no.linux,no.hobby.diverse,1
no.linux,no.mswindow,1
no.linux,no.radio-tv,1
no.linux,no.religion,1
no.linux,no.vitser,1
no.lisp,no.folklore.generelt,1
no.lisp,no.folklore.overtro,1
no.lisp,no.hobby.diverse,1
no.lisp,no.x,1
no.litteratur,no.alt.arkiv,1
no.litteratur,no.folklore.generelt,1
no.litteratur,no.folklore.overtro,1
no.litteratur,no.hobby.diverse,1
no.litteratur,no.radio-tv,1
no.litteratur,no.student.nett,1
no.litteratur,no.student.samfund,1
no.litteratur,no.tele,1
no.litteratur,no.vit.diverse,1
no.litteratur,no.vitser,1
no.mac,no.radio-tv,1
no.mac,no.religion,1
no.mac,no.video,1
no.mail.diverse,no.alt.fan.de-lillos,1
no.mail.diverse,no.biz.nettilbydere,1
no.mail.diverse,no.hobby.diverse,1
no.mail.diverse,no.radio-tv,1
no.mail.diverse,no.reiser,1
no.mail.diverse,no.student.nett,1
no.mail.diverse,no.student.samfund,1
no.mail.drift,no.radio-tv,1
no.marked,no.alt.fan.de-lillos,1
no.marked,no.skole.diverse,1
no.marked.bil,no.biz.annonser.data,1
no.marked.bil,no.hobby.diverse,1
no.marked.bil,no.musikk.gitar,1
no.marked.bil,no.musikk.klassisk,1
no.marked.bil,no.news.diverse,1
no.marked.bolig,no.musikk.klassisk,1
no.marked.bolig,no.news.diverse,1
no.marked.diskusjon,no.biz.annonser.data,1
no.marked.diskusjon,no.biz.diskusjoner,1
no.marked.diskusjon,no.musikk.gitar,1
no.marked.diskusjon,no.musikk.klassisk,1
no.marked.diskusjon,no.news.diverse,1
no.marked.jobb,no.skole.diverse,1
no.marked.jobb,no.spill,1
no.marked.jobb,no.student.samfund,1
no.marked.jobb,no.vit.diverse,1
no.media,no.alt.fan.de-lillos,1
no.media,no.alt.god.jul,1
no.media,no.biz.annonser.data,1
no.media,no.biz.nettilbydere,1
no.media,no.musikk.gitar,1
no.media,no.musikk.klassisk,1
no.media,no.radio-tv,1
no.media,no.spill,1
no.medisin,no.alt.motorsykler,1
no.medisin,no.biz.annonser,1
no.medisin,no.c,1
no.medisin,no.ef,1
no.medisin,no.embnet,1
no.medisin,no.film,1
no.medisin,no.musikk.gitar,1
no.medisin,no.news.diverse,1
no.medisin,no.reiser,1
no.medisin,no.skole.diverse,1
no.medisin,no.spill,1
no.medisin,no.student.nett,1
no.medisin,no.student.samfund,1
no.ms-windows,no.alt.god.jul,1
no.ms-windows,no.alt.tegneserier,1
no.ms-windows,no.bolig,1
no.ms-windows,no.ef,1
no.ms-windows,no.embnet,1
no.ms-windows,no.kryptografi,1
no.ms-windows,no.org.efn.diskusjon,1
no.ms-windows,no.religion,1
no.ms-windows,no.sport.diverse,1
no.mswindow,no.biz.annonser,1
no.mswindow,no.general,1
no.mswindow,no.linux,1
no.mswindow,no.net,1
no.mswindow,no.news.diverse,1
no.mswindow,no.svar,1
no.mswindow,no.x,1
no.multimedia,no.alt.fan.de-lillos,1
no.multimedia,no.biz.nettilbydere,1
no.multimedia,no.bolig,1
no.multimedia,no.kryptografi,1
no.multimedia,no.svar,1
no.multimedia,no.vitser,1
no.musikk,no.kryptografi,1
no.musikk,no.tele,1
no.musikk,no.www,1
no.musikk.gitar,no.hobby.diverse,1
no.musikk.gitar,no.marked.bil,1
no.musikk.gitar,no.marked.diskusjon,1
no.musikk.gitar,no.media,1
no.musikk.gitar,no.medisin,1
no.musikk.gitar,no.musikk.klassisk,1
no.musikk.gitar,no.radio-tv,1
no.musikk.klassisk,no.marked.bil,1
no.musikk.klassisk,no.marked.bolig,1
no.musikk.klassisk,no.marked.diskusjon,1
no.musikk.klassisk,no.media,1
no.musikk.klassisk,no.musikk.gitar,1
no.musikk.klassisk,no.net,1
no.musikk.klassisk,no.news.diverse,1
no.musikk.klassisk,no.norsk,1
no.musikk.klassisk,no.nuug,1
no.net,no.mswindow,1
no.net,no.musikk.klassisk,1
no.net,no.radio-tv,1
no.news.diverse,no.alt.amiga,1
no.news.diverse,no.alt.irc-treff,1
no.news.diverse,no.it.diverse,1
no.news.diverse,no.marked.diskusjon,1
no.news.diverse,no.media,1
no.news.diverse,no.musikk.klassisk,1
no.news.drift,no.org.decus,1
no.news.drift,no.radio-tv,1
no.norsk,no.alt.radio-tv.irma-1000,1
no.norsk,no.bil,1
no.norsk,no.elektronikk,1
no.norsk,no.musikk.klassisk,1
no.norsk,no.student.samfund,1
no.norsk,no.svar,1
no.norsk,no.vit.diverse,1
no.nuug,no.musikk.klassisk,1
no.org.decus,no.musikk.gitar,1
no.org.decus,no.news.diverse,1
no.org.decus,no.news.drift,1
no.org.decus,unknown,1
no.org.dnd,unknown,1
no.pc,no.ai,1
no.pc,no.alt.amiga,1
no.pc,no.alt.irc-treff,1
no.pc,no.x,1
no.perl,no.elektronikk,1
no.prat.politikk,no.alt.motorsykler,1
no.prat.politikk,no.musikk.klassisk,1
no.prat.politikk,no.student.samfund,1
no.prat.seksualitet,no.medisin,1
no.psykologi,no.radio-tv,1
no.radio-tv,no.biz.annonser,1
no.radio-tv,no.ms-windows,1
no.radio_tv,no.alt.flame,1
no.radio_tv,no.marked.data,1
no.radio_tv,no.musikk,1
no.radio_tv,no.student.nett,1
no.radio_tv,no.uninett.fik,1
no.radio_tv,no.unix,1
no.radio_tv,no.vitser,1
no.reiser,no.alt.diskusjoner,1
no.reiser,no.alt.flame,1
no.reiser,no.alt.frustrasjoner,1
no.reiser,no.alt.gledesutbrudd,1
no.reiser,no.kjemi,1
no.reiser,no.mail.diverse,1
no.reiser,no.medisin,1
no.religion,no.audio,1
no.religion,no.c,1
no.religion,no.elektronikk,1
no.religion,no.irc,1
no.religion,no.kjemi,1
no.religion,no.linux,1
no.religion,no.mac,1
no.religion,no.marked,1
no.religion,no.ms-windows,1
no.religion,no.tele,1
no.skole.diverse,no.biz.annonser,1
no.skole.diverse,no.jus,1
no.skole.diverse,no.marked,1
no.skole.diverse,no.marked.jobb,1
no.skole.diverse,no.medisin,1
no.skole.diverse,no.student.nett,1
no.skole.diverse,no.student.samfund,1
no.slekt,no.bil,1
no.slekt,no.tele,1
no.slekt,no.vitser,1
no.sources.list,no.radio-tv,1
no.sources.list,no.uninett.fik,1
no.sources.list,unknown,1
no.sources.wanted,no.biz.annonser,1
no.sources.wanted,no.biz.annonser.data,1
no.sources.wanted,no.radio-tv,1
no.sources.wanted,no.uninett.fik,1
no.speider,no.uninett.fik,1
no.spill,no.alt.amiga,1
no.spill,no.bil,1
no.spill,no.folklore.edb,1
no.spill,no.marked.jobb,1
no.spill,no.media,1
no.spill,no.medisin,1
no.spill,no.tele,1
no.spill,no.uninett.fik,1
no.spill.rollespill,no.general,1
no.spill.sjakk,no.hobby.diverse,1
no.sport.diverse,no.bil,1
no.sport.diverse,no.elektronikk,1
no.sport.diverse,no.ms-windows,1
no.sport.diverse,no.sykkel,1
no.sport.diverse,no.tele,1
no.sport.diverse,no.uninett.fik,1
no.sport.fotball,no.alt.gledesutbrudd,1
no.sport.fotball,no.biz.annonser,1
no.sport.fotball,no.general,1
no.sport.fotball,no.hobby.diverse,1
no.sport.fotball,no.sykkel,1
no.sport.orientering,unknown,1
no.standard,no.radio-tv,1
no.standard,no.tele,1
no.standard,no.uninett.fik,1
no.stortinget,no.kryptografi,1
no.stortinget,no.musikk,1
no.stortinget,no.uninett.diverse,1
no.stortinget,no.uninett.drift,1
no.stortinget,no.uninett.fik,1
no.stortinget,no.uninett.katalog,1
no.student.nett,no.alt.diskusjoner,1
no.student.nett,no.alt.gledesutbrudd,1
no.student.nett,no.eunet.diverse,1
no.student.nett,no.mail.diverse,1
no.student.nett,no.medisin,1
no.student.nett,no.news.diverse,1
no.student.nett,no.radio_tv,1
no.student.nett,no.skole.diverse,1
no.student.nett,no.vit.diverse,1
no.student.samfund,no.alt.gledesutbrudd,1
no.student.samfund,no.eunet.diverse,1
no.student.samfund,no.litteratur,1
no.student.samfund,no.mail.diverse,1
no.student.samfund,no.marked.jobb,1
no.student.samfund,no.medisin,1
no.student.samfund,no.musikk,1
no.student.samfund,no.norsk,1
no.student.samfund,no.skole.diverse,1
no.student.samfund,no.vit.diverse,1
no.sykkel,no.alt.motorsykler,1
no.sykkel,no.biz.annonser,1
no.sykkel,no.litteratur,1
no.sykkel,no.sport.diverse,1
no.sykkel,no.sport.fotball,1
no.tegnsett,no.uninett.fik,1
no.tele,no.audio,1
no.tele,no.bil,1
no.tele,no.c,1
no.tele,no.ef,1
no.tele,no.film,1
no.tele,no.irc,1
no.tele,no.kjemi,1
no.tele,no.litteratur,1
no.tele,no.mail.diverse,1
no.tele,no.musikk,1
no.tele,no.religion,1
no.tele,no.slekt,1
no.tele,no.spill,1
no.tele,no.sport.diverse,1
no.telepost,no.radio-tv,1
no.telepost,no.uninett.fik,1
no.test,no.biz.nettilbydere,1
no.test,no.spill.rollespill,1
no.test,no.tele,1
no.tungregning,no.radio-tv,1
no.tungregning,no.uninett.fik,1
no.typografi,no.elektronikk,1
no.typografi,no.tegnsett,1
no.uninett.diverse,no.marked.jobb,1
no.uninett.diverse,no.radio-tv,1
no.uninett.diverse,no.stortinget,1
no.uninett.diverse,no.uninett.fik,1
no.uninett.drift,no.radio-tv,1
no.uninett.drift,no.stortinget,1
no.uninett.drift,no.uninett.fik,1
no.uninett.fik,no.radio_tv,1
no.uninett.fik,no.slekt,1
no.uninett.fik,no.sources.list,1
no.uninett.fik,no.sources.wanted,1
no.uninett.fik,no.speider,1
no.uninett.fik,no.spill,1
no.uninett.fik,no.sport.diverse,1
no.uninett.fik,no.standard,1
no.uninett.fik,no.stortinget,1
no.uninett.fik,no.tegnsett,1
no.uninett.fik,no.telepost,1
no.uninett.fik,no.tungregning,1
no.uninett.fik,no.uninett.diverse,1
no.uninett.fik,no.uninett.drift,1
no.uninett.fik,no.uninett.hjelp,1
no.uninett.fik,no.uninett.katalog,1
no.uninett.fik,unknown,1
no.uninett.hjelp,no.radio-tv,1
no.uninett.hjelp,no.uninett.fik,1
no.uninett.katalog,no.radio-tv,1
no.uninett.katalog,no.stortinget,1
no.uninett.katalog,no.uninett.fik,1
no.uninett.katalog,unknown,1
no.unix,no.radio-tv,1
no.video,no.biz.annonser,1
no.video,no.mac,1
no.vit.diverse,no.biz.annonser,1
no.vit.diverse,no.jus,1
no.vit.diverse,no.marked.jobb,1
no.vit.diverse,no.norsk,1
no.vit.diverse,no.student.nett,1
no.vit.diverse,no.student.samfund,1
no.vitser,no.alt.pompelog,1
no.vitser,no.alt.radio_tv.irma1000,1
no.vitser,no.bil,1
no.vitser,no.c,1
no.vitser,no.linux,1
no.vitser,no.mac,1
no.vitser,no.marked.data,1
no.vitser,no.prat.seksualitet,1
no.vr,no.film,1
no.vr,no.religion,1
no.www,no.biz.annonser.data,1
no.www,no.c,1
no.www,no.elektronikk,1
no.www,no.jus,1
no.www,no.musikk,1
no.www,no.reiser,1
no.www,no.spill,1
no.x,no.alt.diskusjoner,1
no.x,no.alt.radio_tv.irma1000,1
no.x,no.amiga,1
no.x,no.lisp,1
no.x,no.mswindow,1
no.x,no.pc,1
no.x,no.tegnsett,1
