newsgroup,message_id_hash,replacement_char_count,nb_body_length,matched_similarity,shuffled_similarity
no.ai,0debfbac2b14b784,12,705,0.9791685377338235,0.19610374005942124
no.ai,117de86fa437fa76,2,140,0.9339398562318141,0.17243264970320488
no.ai,1298caf112c8cbae,28,880,0.9790081964340996,0.32119665102387673
no.ai,13d5ac298d332c56,29,1635,0.9838429813849049,0.25730288583206257
no.ai,14fef30edb07a1b8,6,433,0.9600248001542508,0.1330119941265215
no.ai,164942b114eb23ee,2,828,0.9933097911161407,0.2372078125271773
no.ai,1d2e410b5013cfbc,28,1334,0.9769782231119396,0.3459943867817272
no.ai,202914214bebf6cb,9,485,0.9454686671863586,0.3329370384903452
no.ai,21a6abb620695cec,15,915,0.967312899898538,0.22073424456189616
no.ai,2fab2999bd24043d,7,610,0.9388372537604134,0.28886100854858254
no.ai,334f912bbff9a48e,8,337,0.9654429145632034,0.36028940462425063
no.ai,4604a3336a182c37,14,494,0.9318679553092576,0.4041448063914257
no.ai,4655906211d6c9ca,1,1096,0.9976424684535673,0.17622573237902533
no.ai,50c2be546f276985,36,2155,0.9805451106106383,0.1105187051671649
no.ai,574ab9edee545191,27,1493,0.9758711033684373,0.2661889018757461
no.ai,5901e639db7df1a3,1,413,0.9933976769246009,0.5686727155241006
no.ai,666dcfa1c13e8594,6,489,0.9805924336750184,0.23962880166030354
no.ai,6a1187d925d2b0da,2,617,0.9926314094603733,0.09456088730657711
no.ai,71e203a201c80565,18,1443,0.9746028580878852,0.10177294130709709
no.ai,73b3d8ec260a728a,3,291,0.9920085755807686,0.2676991380999052
no.ai,748bf51203f66663,2,88,0.9475956884586839,0.1947617539588999
no.ai,78f5d2eb31267b38,24,1356,0.9711970479106103,0.16397589895190745
no.ai,7b83514e47c1f900,2,255,0.9826407430358156,0.24489117236928717
no.ai,85ba6d8ef5e085f7,18,622,0.96723248518494,0.04396761220552491
no.ai,8b436cf2b88567d2,10,284,0.9546351805263682,0.15328980921180688
no.ai,8ff5d07dbfa58218,20,1329,0.9804529428508745,0.18398927491192055
no.ai,913127183a7d56cc,13,802,0.969459115982157,0.06884097923676198
no.ai,920f8faa53024945,42,2048,0.9772279535268018,0.2763540796469048
no.ai,92dd5c903177901d,5,128,0.8916146799227678,0.12124268297053452
no.ai,92f175275985f922,9,672,0.9831952255765674,0.26339330263717153
no.ai,a470beb381e91201,11,272,0.9353636307735659,0.2353826859127188
no.ai,a9f8fa3e4d6a5411,1,166,0.9801075474864861,0.4121724119808473
no.ai,cd9eddd89dc0fd85,8,288,0.9419966456469472,0.22058134131813328
no.ai,d299c66cbe959d82,4,513,0.9837104132167606,0.23964516197885127
no.ai,d8e15c059d8b981c,1,1298,0.9929073266533404,0.32777641541767244
no.ai,db004c412e4e161a,8,237,0.8984961368234243,0.29377766145944295
no.ai,e37bc92d63b3d6a0,5,525,0.9869683498529349,0.3976654225106075
no.ai,e3d038e5c245fdec,31,1264,0.9713983727361614,0.2004680941474996
no.ai,eb7f9823513115d9,1,435,0.9939569963347138,0.15109382847427139
no.ai,ecbbdc05a35ef0d0,92,6436,0.9810728794354324,0.19563753769706746
no.ai,f37ec4133eca75f8,11,346,0.9188706273133045,0.07003719497994336
no.ai,fb778c454b37945e,10,642,0.9726925451916698,0.48162207705681714
no.alkohol,0640c50ff6cf0a8d,4,190,0.9545484133742635,0.363643628306325
no.alkohol,071dbf71200a5dcd,2,21,0.6294737253833391,0.08274304131770335
no.alkohol,1091e087c43b78aa,1,294,0.9920738260021245,0.3827677849895642
no.alkohol,1292dead11f7b5f0,5,488,0.9879209197671961,0.2736945309492155
no.alkohol,14c3f3002780b797,5,103,0.8925168941880189,0.38147062326894327
no.alkohol,14f2bafbbaa40ca2,24,1516,0.9770196099612425,0.31825456469027497
no.alkohol,34e12aabec83613b,5,116,0.86150000450133,0.0302924404410343
no.alkohol,3eb6ed819d42432d,1,84,0.988585074404346,0.05996460465595538
no.alkohol,4257d3995920bc0d,12,738,0.9045805700766167,0.43268172078297634
no.alkohol,45c394df388ee62f,18,675,0.9563617888455116,0.19699387390140424
no.alkohol,4b4bca40ee12bde3,17,489,0.9531179965026123,0.3947421868274139
no.alkohol,560c4c85b61750b8,7,606,0.9707641815672263,0.25418981691708786
no.alkohol,57b0f164368a1369,4,164,0.9455883129257203,0.23787653042551762
no.alkohol,58a9e2d09414dcf5,12,692,0.9464335813078355,0.2475796586521127
no.alkohol,58e46ba38cca0d8d,13,1330,0.9814684244561434,0.3337200796539618
no.alkohol,5a4fd060fa5b7292,4,689,0.9708911244419849,0.19709578105565068
no.alkohol,5a855ed195eafbd1,14,571,0.9674521602393208,0.4474970117133284
no.alkohol,651cbcad728222ca,5,1028,0.983478161318552,0.2693599650550301
no.alkohol,6c8919f1a127359a,38,2541,0.9863880681072282,0.13751145058112846
no.alkohol,728f2c24158dffe2,28,908,0.9507536019474557,0.23039055375025447
no.alkohol,73d5fbad84fd8ea1,22,1498,0.9859713240921777,0.396692378172068
no.alkohol,842915c18dbee022,49,2110,0.9765916570165554,0.35869897085907204
no.alkohol,86a3072499aba24a,1,767,0.9950055061326587,0.31054311106486887
no.alkohol,8ab268659653b2eb,18,843,0.9900014840885176,0.18641468921244653
no.alkohol,9777676fdf96a865,3,610,0.9929653484559504,0.15079225354861417
no.alkohol,98b2dcf8a1aedc00,4,896,0.9641908518024632,0.22062052449537378
no.alkohol,a01110be68dcc001,2,74,0.900800999099754,0.17692488367239104
no.alkohol,ab3c3f5a72ddadcc,2,417,0.9764531397329291,0.16099827780942622
no.alkohol,adf7111ce03d09ca,62,3109,0.9874290351714298,0.33977901077285194
no.alkohol,b28cf2bd31c906a4,4,393,0.984581859658474,0.29694498001754166
no.alkohol,b4c1b88377a7f263,7,982,0.9850963761918681,0.09894461741603745
no.alkohol,b72118300388760a,1,197,0.9961010882850863,0.21996251042720405
no.alkohol,c5591fef43bf6f09,19,1156,0.9830430475763269,0.20538203732293464
no.alkohol,c9497d95ff7a9c25,4,381,0.9858923080995089,0.019291744899526828
no.alkohol,d270f7210bab5326,6,245,0.8988035826698194,0.29126648253926296
no.alkohol,d33da3651979bff3,106,5451,0.9827412899587804,0.33946599985305925
no.alkohol,dcd790c0a6e8250e,44,1851,0.9768570865376515,0.536202892048376
no.alkohol,e55a3de187ec080b,25,1362,0.972988880692655,0.10279269943276789
no.alkohol,eab9573d040e4a62,8,329,0.9004078962250631,0.26867523698497675
no.alkohol,f581f8882f24787d,11,617,0.9728948470275723,0.3270641545425162
no.alkohol,f61dafa829e88a1b,58,2768,0.9814223804077303,0.26560809535373625
no.alkohol,fba38c6344c44649,33,1766,0.9871096171823616,0.24684139615046272
no.alkohol,feadd56f42a7d14f,100,4204,0.9741153767329651,0.10275198796091058
no.alt.arkiv,01c17873effff80e,2,847,0.9870662099362639,0.31758786596688043
no.alt.arkiv,055ba2fd464b7fa0,2,1598,0.9864482393148656,0.45446055346337916
no.alt.arkiv,070d8fb774833ba1,2,342,0.9835638140132155,0.26670489099878464
no.alt.arkiv,0d0da0a5ae5b45ed,2,1622,0.9877309578060973,0.16960374751500176
no.alt.arkiv,114b43edd2aa8875,2,358,0.9838310193752081,0.37896322198453397
no.alt.arkiv,1fe46df69b9abac3,2,330,0.9826473564313745,0.30443023281426457
no.alt.arkiv,2008dd61341220e2,2,785,0.9850335265858019,0.3978388626163221
no.alt.arkiv,215f9e4a41794caa,2,422,0.9852164492399401,0.32259368254714726
no.alt.arkiv,2ba19e287ed17987,2,241,0.9815157205828022,0.26756951729586564
no.alt.arkiv,2f1fdef220af92b4,2,762,0.9853574183031553,0.1229748106059553
no.alt.arkiv,3d7cab9f6b52056b,2,2377,0.9861307703953973,0.2015943729392258
no.alt.arkiv,4702ebda26fce729,2,623,0.9840381621936902,0.08953838917044013
no.alt.arkiv,5aa5bc282199e860,2,270,0.9807585744702518,0.3133488835322495
no.alt.arkiv,62243475c12ddce0,2,1438,0.9859761767243419,0.35312680296798954
no.alt.arkiv,6549bd910f6ff6e3,2,471,0.9857416713906255,0.38134021186429473
no.alt.arkiv,66b797d360fdb4b8,2,326,0.980502168381862,0.1906021473408296
no.alt.arkiv,6bbfefd74c05ffac,2,598,0.9839714244915787,0.1356070390384449
no.alt.arkiv,761c8e11509f29e9,2,330,0.9807367521130224,0.3897454455405285
no.alt.arkiv,77269b6ac5c9b6f6,2,2475,0.9890857959324719,0.27813855630869216
no.alt.arkiv,7acd7e696ffedeff,2,325,0.9839544906186865,0.2409611938957788
no.alt.arkiv,82b2527f869f49c7,1,1382,0.9913681996478114,0.14769451075494672
no.alt.arkiv,8b19a05a61bd4296,2,756,0.984807495940506,0.20309598382345972
no.alt.arkiv,8eae22d5ce6f2c78,2,1051,0.9869434135953296,0.43497510878899076
no.alt.arkiv,9aa38a287cc01923,2,1503,0.9882506977117748,0.3567697127393265
no.alt.arkiv,a367eddf619db795,2,1303,0.9868016503464128,0.3720610965716122
no.alt.arkiv,a40d3cbee0e9308a,2,811,0.9861136761912489,0.6836323258283382
no.alt.arkiv,a83ae8d519fe4276,2,465,0.9819795194102523,0.32341807263143935
no.alt.arkiv,ad4e9ced9b3051ca,2,1281,0.986826922484969,0.2157191889164869
no.alt.arkiv,af2b1d23de21552d,2,344,0.9833106753840201,0.15525222436597602
no.alt.arkiv,b20dd2143aae2bf1,2,1354,0.9863262067440727,0.2673633647888344
no.alt.arkiv,ceb0a7dbde39e4f5,1,2344,0.996378229433697,0.2243348803959602
no.alt.arkiv,d6edb14733abd26b,2,1003,0.9878735051748149,0.2244980343993232
no.alt.arkiv,d7175aeecf51ed91,2,1239,0.9818578967952505,0.2312630597680028
no.alt.arkiv,d782f5d234eab191,2,287,0.9796520513904678,0.1452984353535202
no.alt.arkiv,e77b4ec59183a742,2,709,0.9846719216853353,0.28264664662285954
no.alt.arkiv,e8112e327306af1a,2,625,0.9814197598818442,0.18495646756797315
no.alt.arkiv,f3132fd6c1ec631a,2,730,0.9843304558363675,0.21850948856141728
no.alt.arkiv,f3d86e3861508c8e,2,1132,0.9861801448561526,0.16971906317723537
no.alt.arkiv,f8f263f7507097c0,2,2979,0.9837877517901926,0.21964757992695824
no.alt.arkiv,f96dab251d04b617,2,2087,0.9851649787588441,0.2180782532739932
no.alt.arkiv,fbd1fad6b76a370e,2,522,0.9846427082457582,0.19148703658523006
no.alt.arkiv,fc91f18491baee56,2,946,0.9871378108678397,0.414321396466988
no.alt.config,051bfa92a01a12be,4,112,0.9544869901674711,0.3185144974481721
no.alt.config,0b1abddc496e0486,5,338,0.902981651892928,0.3049922569987965
no.alt.config,0ca1751bf9bffb27,2,75,0.9513872833601906,0.25826008149239327
no.alt.config,2120492f88e2a99a,6,280,0.9562512806266943,0.38235404164795206
no.alt.config,294fef60a6784e99,5,416,0.9815980202236912,0.2271111475153463
no.alt.config,2d442280836f3221,6,564,0.9921059391104831,0.21222930388630856
no.alt.config,32ef962bafa61421,5,379,0.9615677203233588,0.38352508547779457
no.alt.config,340c0d57fa28bfd9,3,230,0.9748209869816368,0.27850409950810323
no.alt.config,3b65fa195ecc9e81,8,618,0.983243240831321,0.27060140743011557
no.alt.config,40855fe007a6c498,5,601,0.9803228530666819,0.23953643130890873
no.alt.config,46b8563fe010be48,15,471,0.9501595973257075,0.21336666503451965
no.alt.config,49cf931c6b07c50a,1,268,0.987314243398652,0.15708416631892996
no.alt.config,4a0e4bddd3b2524b,1,181,0.9918503167161866,0.4020391528117604
no.alt.config,4c9db227f09decb8,4,305,0.9576616980152879,0.3784799780404167
no.alt.config,5127a9ca772df464,5,460,0.9880918896761952,0.35407106568284297
no.alt.config,553a366ccc94a490,17,1384,0.9856338491214032,0.2647538792263752
no.alt.config,612c9350f7752173,2,465,0.9915875139200762,0.21979865262069506
no.alt.config,65254cc6cf4438be,10,924,0.986560232758468,0.37238352151195464
no.alt.config,6683448395261ca6,5,470,0.994065607059374,0.23427885750816815
no.alt.config,68a8e813215d152e,5,812,0.9947494831555639,0.3095580634481902
no.alt.config,6921cd274b2f0196,11,566,0.9689452234808535,0.30831788506227664
no.alt.config,6ae594d53eddc3d8,32,1085,0.9664641891811953,0.15735430817964227
no.alt.config,a791ef942d5a4ec2,3,642,0.9869137723600775,0.4393590568637864
no.alt.config,aeaa4ce1a53c7816,16,1010,0.9714918020269596,0.22281480247240446
no.alt.config,b3be9072e6c16ee2,5,1011,0.9869668422954266,0.16881131369527508
no.alt.config,bb359defa41e4f01,2,350,0.9902966416844697,0.23336101149397884
no.alt.config,c69ff29484e605cc,8,1155,0.9961156397069839,0.12147024076564598
no.alt.config,cbae3d798bf7e236,5,694,0.9801326745609032,0.3276973535259099
no.alt.config,d2068eb70a27ec59,11,628,0.9724530892501838,0.6208559714306036
no.alt.config,d9b991df469c03c4,5,470,0.9678793999793377,0.3937979587661494
no.alt.config,dbd465fc46ee68ce,18,695,0.9640743318705725,0.287636840186834
no.alt.config,e377be3922a4abbb,16,715,0.8780009741681132,0.4732468622708443
no.alt.config,e3b7ea51c7757212,9,557,0.9198376600201131,0.2527414147550138
no.alt.config,e486764f98f73563,3,425,0.9920689272124981,0.20765223443354938
no.alt.config,e55116455a871e9e,3,218,0.9591853526029757,0.21607905027383403
no.alt.config,eb1da8a2e256f51a,17,948,0.9714907332728691,0.3862683017480636
no.alt.config,f284d98892d9a41f,13,733,0.9817101108810781,0.17223553065880107
no.alt.config,f5fff86e043b4d34,3,1012,0.9936413308966163,0.3434346061709623
no.alt.config,f835371a89057ae6,1,274,0.9876194755584058,0.1995268415920355
no.alt.config,f86cc10c32caa6fb,23,1410,0.9806360102875854,0.34442444763955815
no.alt.config,f8d6f4391624bc68,6,846,0.9826917061211219,0.296732529077052
no.alt.config,fc4dc2310ed070cb,39,2822,0.988298120040582,0.2111533751738696
no.alt.diskusjoner,0233867a4866c9bd,2,256,0.9830389075400638,0.17140426283350493
no.alt.diskusjoner,0e2ba4c49b721369,16,935,0.9802682158016357,0.3925491941006895
no.alt.diskusjoner,0f923eba6cec0925,1,388,0.9914440074221758,0.09550453938827755
no.alt.diskusjoner,1173d5a22de3b042,36,1870,0.9647702220926634,0.1269980716251507
no.alt.diskusjoner,12d92dde3414f281,37,2108,0.9828930023499878,0.2933303677681384
no.alt.diskusjoner,168521096114096e,7,875,0.991427126630227,0.19044312113842435
no.alt.diskusjoner,19cc3da64dd695a2,4,559,0.9890467389600505,0.4065001357146387
no.alt.diskusjoner,1a59fcc83051eb71,11,338,0.9280403725638179,0.16972389331150659
no.alt.diskusjoner,1da0c5f0bcd98203,396,20192,0.9814530651512134,0.2900894453831072
no.alt.diskusjoner,201056b8253c3a85,9,758,0.9768530502500975,0.21061078299287675
no.alt.diskusjoner,2ba7beff8664530d,3,271,0.9708595877420013,0.355074862340914
no.alt.diskusjoner,2c0adbfcf167cdba,9,1093,0.9647168223322415,0.308522765132018
no.alt.diskusjoner,31517bc44d740f9d,3,565,0.9843595251392107,0.3794655247485757
no.alt.diskusjoner,39ef76eb7d41afbd,11,473,0.9644764859547665,0.2802748380628763
no.alt.diskusjoner,3d8331c270941f66,6,414,0.9610916185173772,0.08705580441359702
no.alt.diskusjoner,46394efda1f0e7d5,262,17285,0.9918532687313449,0.25486805977449667
no.alt.diskusjoner,54224e0a676a9190,4,507,0.9768389061623156,0.2906539628301695
no.alt.diskusjoner,5c72adbed3c6fe7d,76,3657,0.9599309036225772,0.23415817054274174
no.alt.diskusjoner,603615305fa30ddb,4,300,0.9629842185495308,0.10042776832760655
no.alt.diskusjoner,62012e16796a2921,2,393,0.9869478438427521,0.1840831897999121
no.alt.diskusjoner,76fe22cc5ea88fb0,24,1386,0.9811271042628225,0.1725599584844493
no.alt.diskusjoner,7e02809d06a6c5d8,36,1805,0.9628320876682718,0.22515506169577806
no.alt.diskusjoner,879d4fd4c6f5f5c2,5,414,0.9630563539088792,0.5163552555413685
no.alt.diskusjoner,88358e5edbd7f722,44,2001,0.9850298130095476,0.48687504964894845
no.alt.diskusjoner,886ad9ec02272086,19,1215,0.97688196993521,0.28308808265579
no.alt.diskusjoner,9bdb752850e01602,6,463,0.9696551202770447,0.31958150433211907
no.alt.diskusjoner,9ed06c8247a1b565,11,1350,0.9888648063758363,0.24217408966340503
no.alt.diskusjoner,a718531083c09453,24,1469,0.9729702133485114,0.2676205463427466
no.alt.diskusjoner,ab5e48f2d5e6cae9,13,696,0.9674221281413701,0.27597107291086753
no.alt.diskusjoner,add80e5423b0965c,13,592,0.9706698750120758,0.22533765450307736
no.alt.diskusjoner,b1b54eda90e0dfb6,11,520,0.966196106064697,0.3692686997455197
no.alt.diskusjoner,c315c315491b4d9f,9,624,0.9712958197250048,0.33834221896337885
no.alt.diskusjoner,c8b13a8a53eca60f,33,1561,0.9708462542905588,0.4461118001675161
no.alt.diskusjoner,cc40c959193a27ec,87,5164,0.9719900338336038,0.20938265402218245
no.alt.diskusjoner,d723eedbac59983a,22,964,0.9678876332662479,0.08876779984527305
no.alt.diskusjoner,dad206d0e50f7fbd,6,418,0.9355037994550625,0.24260836703474037
no.alt.diskusjoner,e74872ccf0fee9a1,14,1110,0.9881376986320967,0.17506157865664507
no.alt.diskusjoner,f0d90d62927077c6,6,475,0.9668950273219513,0.4718456552240777
no.alt.diskusjoner,f49cf12851b32b77,27,1402,0.9829905298603614,0.4233123569628153
no.alt.diskusjoner,f6988d5297ca2149,16,672,0.9743447162775744,0.21047275250870986
no.alt.diskusjoner,fa99feeea8bbe5bf,1,225,0.9736745846168461,0.4836709591378802
no.alt.diskusjoner,fd52aa9ded58ee52,17,880,0.9536885636451605,0.3660593774607276
no.alt.fan.de-lillos,0d659d15feeff857,13,558,0.9789412811718954,0.28075738204201584
no.alt.fan.de-lillos,0d842ec156447702,3,277,0.9740396370820477,0.23350535724353652
no.alt.fan.de-lillos,10c4075c282f7085,35,2211,0.9910929773755625,0.10449813392463565
no.alt.fan.de-lillos,1367d9eab2eb38b9,5,237,0.970482353574194,0.25911706840950177
no.alt.fan.de-lillos,22712ac44dc368be,6,313,0.8972975128046788,0.2241023735029076
no.alt.fan.de-lillos,31627a42a634c9a3,3,328,0.9678136682754113,0.36790878299198343
no.alt.fan.de-lillos,3d4b4ebcd05970c2,5,190,0.9277151839464186,0.39978692303619306
no.alt.fan.de-lillos,44ec4cadfe1805b9,1,53,0.9342580585036566,0.26895505741610465
no.alt.fan.de-lillos,4d5b2b5f1b24621c,1,217,0.9896181782931766,0.36830246543517003
no.alt.fan.de-lillos,55b6900f092f751f,2,366,0.992201744752784,0.2853249297286615
no.alt.fan.de-lillos,57d7ed2d98c16ad3,4,621,0.9470133246529874,0.291826632823898
no.alt.fan.de-lillos,5f81c50a8be45c32,7,412,0.9752076126361912,0.29139773823240583
no.alt.fan.de-lillos,6c1578b81e9f3bbb,1,72,0.9695527849001115,0.24762240373994646
no.alt.fan.de-lillos,6c73d6fc0c14c667,16,879,0.9846656686313974,0.10970155454033124
no.alt.fan.de-lillos,756e80ae6f3e9e74,1,280,0.9893704716175635,0.33916369504527755
no.alt.fan.de-lillos,79e27c803cb85644,7,868,0.9862422900499273,0.3958157035138618
no.alt.fan.de-lillos,841ca608c9c0fcd0,2,160,0.9578138233099007,0.2644325871591841
no.alt.fan.de-lillos,866529e1807487a1,1,117,0.9607975975235211,0.2603792894416511
no.alt.fan.de-lillos,8871bef9e926b2a2,14,601,0.963473723273172,0.06599030650151522
no.alt.fan.de-lillos,92506643b8f915c6,2,300,0.992156765996005,0.2984145208142722
no.alt.fan.de-lillos,97e08e68d7203e12,27,1495,0.9861810984334494,0.37841568655486324
no.alt.fan.de-lillos,9f511c264cb09585,1,106,0.9367834943601318,0.22812423988379438
no.alt.fan.de-lillos,ac42dcd448571c24,3,224,0.9145421993708179,0.15906045355281814
no.alt.fan.de-lillos,acf3336b72b84bbe,2,191,0.9759130181297933,0.19330805622567765
no.alt.fan.de-lillos,b513fe4ccb46386e,5,361,0.9761763054672143,0.4731119913712936
no.alt.fan.de-lillos,c7e4958fbd9e1bfa,8,428,0.9684077624019335,0.360143769368075
no.alt.fan.de-lillos,c99b2cd30aefa80d,7,764,0.9790033971241663,0.24642239915201714
no.alt.fan.de-lillos,d14d9631eaed5a66,3,127,0.9386016856173984,0.08983447116925189
no.alt.fan.de-lillos,d2e462ed4a2b3300,5,221,0.9545720811939347,0.22119352783667795
no.alt.fan.de-lillos,d3c3a343cdc3e3c8,9,492,0.9687132828579402,0.15235042374070862
no.alt.fan.de-lillos,e0dfbcbae4e1455e,13,878,0.9873220141001602,0.2597586142910674
no.alt.fan.de-lillos,e3f09223c9e53884,15,368,0.9659925813410257,0.14891446789728724
no.alt.fan.de-lillos,ed5323525574dcf0,10,490,0.973905132456735,0.10226362588634097
no.alt.fan.de-lillos,f0be792ba501c48b,9,456,0.9754638621588486,0.27276855953257984
no.alt.fan.de-lillos,f60033210f8b5671,13,706,0.9800845990965386,0.34289499469409
no.alt.fan.de-lillos,f7d37261f5b1e495,7,591,0.9495567351820162,0.22546904485231525
no.alt.fan.de-lillos,fd73843d09327150,8,393,0.9862519519992485,0.19030691146901627
no.alt.flame,0102ff71287a59d0,10,715,0.9816614114272721,0.2607934942615255
no.alt.flame,0422f3cfc244aed6,1,826,0.9915717137380834,0.23968675574409343
no.alt.flame,0831d6ad0d301f13,10,687,0.9772702769620809,0.2038062653175637
no.alt.flame,1c80248ab82cf6c7,7,552,0.9568924168834567,0.2519725683525446
no.alt.flame,1c86ccc86ec2b9d2,7,545,0.9752608278934863,0.37507879637411645
no.alt.flame,1f4b2aac8ebec55f,6,1017,0.9841387809010735,0.12032753458882164
no.alt.flame,21b6211444ae58a4,16,870,0.9805273494829571,0.21993637340295522
no.alt.flame,2a3f7df5dc22c21c,3,972,0.9945205245734078,0.36716486611954163
no.alt.flame,2a74e7669c6246f3,6,264,0.9285733884345894,0.1461418429793414
no.alt.flame,33418359e34cfa1c,2,576,0.9937742414669091,0.2541114273301012
no.alt.flame,360ffeda7b73a74a,7,973,0.9885839534924218,0.388114671911581
no.alt.flame,3cc17928421018bb,1,976,0.9943257963315746,0.1726137288530331
no.alt.flame,518bb4f4d1edec90,1,3098,0.9964482592511203,0.1946773196494998
no.alt.flame,5bd3841e977396a4,11,593,0.9423290482657999,0.25280290227280355
no.alt.flame,5f6de33cc7445608,4,931,0.9943286180565895,0.2952463442627532
no.alt.flame,644343d1bdd87fda,17,1262,0.9710809251267941,0.20149153234533784
no.alt.flame,6f44589c9cea81ba,2,1900,0.997123781891686,0.03275399718404825
no.alt.flame,6fa80b585e3372a5,8,711,0.9872984741066579,0.18923874421178827
no.alt.flame,75ef926b64a74b3c,3,562,0.9871152222206334,0.23409821273315604
no.alt.flame,76bb5e004ccb9d22,15,945,0.9457702967561399,0.2113691749488573
no.alt.flame,81f877b3b0a76723,1,171,0.9850564442227082,0.322585461370645
no.alt.flame,90d1bd3d31819311,5,874,0.9884804967549375,0.269500116903299
no.alt.flame,99ef24d7d427a991,1,761,0.9974608177338334,0.3002782291943329
no.alt.flame,a6815f274fd54ef3,8,840,0.9871123286373378,0.38557809948295646
no.alt.flame,af9c43009a4ad879,47,1898,0.983306536064914,0.27175271964048164
no.alt.flame,b6b95f18b8a85e7d,41,3533,0.9891335010459256,0.4318472610374272
no.alt.flame,c42b4c0b5f38260e,9,769,0.9711237219582316,0.46557440681528856
no.alt.flame,cbcbb5979a94d796,6,186,0.843196260245472,0.2519148103569067
no.alt.flame,cc0a284fee517f38,11,757,0.9781470654115315,0.2164893072397206
no.alt.flame,cdc82a3229906c96,3,445,0.9877794440585927,0.25655973470060306
no.alt.flame,d0ecab7b72741de4,10,388,0.9675011544457146,0.17389172123258456
no.alt.flame,d1d5d522d01a15f6,13,647,0.9770450473730276,0.42620821051828245
no.alt.flame,d332a50376b71eb5,1,837,0.9951194602977933,0.03547478794538621
no.alt.flame,d38eba4577261f4c,2,771,0.993399360691065,0.33550809080931193
no.alt.flame,da4870131ac6e1ae,3,196,0.9763621353112769,0.1955020663050366
no.alt.flame,dfc32598aa716534,1,835,0.9963694390235492,0.24024968189996287
no.alt.flame,e2138fc2999050fe,3,314,0.9817492898403155,0.12506738561497402
no.alt.flame,e5c5ccf4a9c06582,5,332,0.9745789561006848,0.3217330420355892
no.alt.flame,ea6e2ec66c711ab1,4,342,0.9719738242811445,0.3684638056605501
no.alt.flame,f7313134f5eaae1c,1,788,0.9976743970002994,0.20429403143601968
no.alt.flame,f7d302ae16701e25,1,1117,0.9980255560345106,0.2945030356274776
no.alt.flame,fd127c3d55b596c8,4,831,0.9894021316946959,0.23964057992606458
no.alt.gledesutbrudd,0122f16cdb4cdd77,17,896,0.9684174719804318,0.14601089823983485
no.alt.gledesutbrudd,0bb51634841af5ad,5,438,0.9738378128222137,0.20916868045972417
no.alt.gledesutbrudd,16f9d2656801e42b,11,452,0.9719972028859735,0.37713859566768543
no.alt.gledesutbrudd,1d3ca22dc1ee3586,10,387,0.9483091231869442,0.3186485036914504
no.alt.gledesutbrudd,1d9aa90384a64c8a,32,1344,0.9676332316517248,0.46444572852961297
no.alt.gledesutbrudd,20cf368fa9f1355d,2,245,0.9785940829946856,0.2437012814360373
no.alt.gledesutbrudd,27c98115a44fe7ee,17,753,0.9598427047583413,0.309512009272766
no.alt.gledesutbrudd,304f73bd696eb515,4,230,0.9655416043177069,0.2350636051938177
no.alt.gledesutbrudd,3211c05b077c9bf0,4,214,0.9597438692878132,0.16127080439484745
no.alt.gledesutbrudd,3347bc91fd4056e2,19,762,0.950933413456201,0.1572336833061305
no.alt.gledesutbrudd,34792e203559ea6a,1,100,0.9716383908606208,0.09850609721838723
no.alt.gledesutbrudd,352c1c84245ac6cd,2,225,0.9877920395509431,0.31938055423376355
no.alt.gledesutbrudd,3b672ee285a68f5d,8,462,0.9710545694112641,0.2793924301251333
no.alt.gledesutbrudd,3baece45b52c26be,3,225,0.969210955546841,0.3200082600442895
no.alt.gledesutbrudd,42b2a0c390e1ff71,15,1224,0.9831587468535773,0.24118775881955207
no.alt.gledesutbrudd,4afd7ca44adfd902,6,162,0.9424168841966712,0.3208075585536355
no.alt.gledesutbrudd,4c3207cc40f4521e,3,292,0.9822365196939661,0.4789604693042746
no.alt.gledesutbrudd,4ed0877e68287597,3,186,0.9655691929585057,0.20234986974355076
no.alt.gledesutbrudd,500868304f03b242,7,318,0.9481087291011298,0.21586766285569123
no.alt.gledesutbrudd,58c8d06bd813569d,5,503,0.9690971922907922,0.3701172081115011
no.alt.gledesutbrudd,62e9c12835757c1a,15,416,0.9594808159332375,0.19833579792776992
no.alt.gledesutbrudd,67f9a80bafdf86e4,6,703,0.9875189175211456,0.27987267556937157
no.alt.gledesutbrudd,69a6a2bcd7f538f7,3,286,0.9811238403954076,0.2519477904640702
no.alt.gledesutbrudd,69b3a6549cefb5d3,26,902,0.9737651209192462,0.22678649376328647
no.alt.gledesutbrudd,70905083dbe41fc5,1,254,0.9941595479167366,0.17674348643031473
no.alt.gledesutbrudd,719f79eca56c547f,4,351,0.9648844348127351,0.22813342778286505
no.alt.gledesutbrudd,79ec1d872ff28b94,1,71,0.945653655201561,0.3590325103836618
no.alt.gledesutbrudd,8aa7941334554065,9,1319,0.9891674953912654,0.2856137947736446
no.alt.gledesutbrudd,8d11f4edefed3a36,2,150,0.9749597379075833,0.167536860820444
no.alt.gledesutbrudd,a324110528f5c4c2,7,502,0.9630689000392663,0.3236854006379501
no.alt.gledesutbrudd,b18a56283795e226,3,229,0.9773619659870622,0.3820258019998264
no.alt.gledesutbrudd,b515edbc77a79d56,12,319,0.9516352995425759,0.24103017388304773
no.alt.gledesutbrudd,b78aae744890d5ac,7,396,0.9083485848217288,0.19502009542573803
no.alt.gledesutbrudd,b7c42c15b67afadc,24,869,0.9538244782650195,0.40291400478036177
no.alt.gledesutbrudd,be1116f5b1a64be1,4,592,0.9905997177135956,0.4711449803100139
no.alt.gledesutbrudd,c0ee99ed1522b2c5,2,385,0.9358763786161016,0.2630899042461426
no.alt.gledesutbrudd,cfbe9579b6685b96,3,269,0.9819305538781117,0.27965233653622634
no.alt.gledesutbrudd,e1e56c82c7283ec8,1,106,0.9845338000370586,0.423814695018262
no.alt.gledesutbrudd,e4636f7de6961e2c,4,247,0.9335082298622571,0.17667075420910333
no.alt.gledesutbrudd,e741e47852c1b822,3,488,0.9805803427515902,0.3720073688417843
no.alt.gledesutbrudd,efc6284fb820c5c4,15,479,0.9596667219347489,0.3355730170905866
no.alt.gledesutbrudd,f2f8f1e6193092a4,2,222,0.983932002689768,0.2473730193667331
no.alt.gledesutbrudd,fc7b0809f15d0ff0,10,622,0.9808230305190884,0.3309481250876188
no.alt.god.jul,087d224adf143252,3,440,0.9864814584265515,0.2627532177421209
no.alt.god.jul,0da8dbafe2acd5dc,17,871,0.9769671012163134,0.31454753426722043
no.alt.god.jul,0f02765e642d6799,3,292,0.9824098255286329,0.4211364083756862
no.alt.god.jul,110ab86ef0364e0c,2,97,0.887190362652933,0.12741729108638966
no.alt.god.jul,19f1df6e0fa46fcf,3,4058,0.9956292613255929,0.16259329543658532
no.alt.god.jul,1be6068a5fa8511f,7,554,0.9796661989494929,0.2666204137322353
no.alt.god.jul,26679b051c45ef93,1,25,0.9476610531023091,0.2649811273076348
no.alt.god.jul,2d5637eee37377c0,10,738,0.9687436219161705,0.24359350328273593
no.alt.god.jul,36caf2d8682d42a9,10,636,0.9615781765742923,0.20462488637814236
no.alt.god.jul,435744c1656a38af,6,474,0.9384950314116197,0.2604650141378143
no.alt.god.jul,44853256ba8f0298,13,769,0.9781829825702768,0.31254361194542213
no.alt.god.jul,45c6e1d42b8473d0,2,169,0.977834195918164,0.35633099884282843
no.alt.god.jul,46dc95541fcbc852,3,320,0.9821077720770477,0.08618176972336583
no.alt.god.jul,49e07ec485aaf3d3,8,229,0.9425334246320465,0.3382699394876671
no.alt.god.jul,51407be80d0e602f,1,231,0.9747431089744925,0.28938871673743954
no.alt.god.jul,51525208234b9075,30,1600,0.9688483828681566,0.33725878272917714
no.alt.god.jul,5ee7271c07446aa7,5,140,0.9672452090584137,0.16925803599564102
no.alt.god.jul,669d00c262aee58c,33,1574,0.9748013832619189,0.3351358540948763
no.alt.god.jul,6999863390e2e2b8,1,3828,0.9984705475740037,0.1058940981064027
no.alt.god.jul,6c07477268990009,2,174,0.9919509300629333,0.0857377882039276
no.alt.god.jul,6c4069b9f6b6f598,2,85,0.9283457988698238,0.2186318046792932
no.alt.god.jul,73d6ce4a2a2400a7,5,348,0.9525940101179237,0.3110659983659651
no.alt.god.jul,8bcede8abe53816b,8,615,0.9724159455786514,0.4354021372617155
no.alt.god.jul,90d266461d2bdf63,3,370,0.9752793347890443,0.4345811486859409
no.alt.god.jul,91cbb304c01c0696,6,575,0.9730230131269862,0.3038870499830471
no.alt.god.jul,94ff7fcbe1ffa539,9,1349,0.990009714414147,0.4066891846512026
no.alt.god.jul,9616cd74a37015f5,4,127,0.904561715796287,0.19797322929266797
no.alt.god.jul,9621af0c2407b99d,6,428,0.9577561167311386,0.5196044837180385
no.alt.god.jul,a3c96e58c027aeea,10,526,0.9606833489612228,0.31236544179618075
no.alt.god.jul,a5c94254c22d11ff,14,1054,0.984168730447076,0.1062105800493417
no.alt.god.jul,a71eb62dd9a44269,2,142,0.9803522968257419,0.2764502366190636
no.alt.god.jul,a86c26b5441b436e,11,617,0.9812038471418224,0.3895629402747674
no.alt.god.jul,abc8210462ee544f,2,68,0.9705791718566407,0.08391559431932694
no.alt.god.jul,ac942e5bc056a281,6,345,0.9511240623473657,0.32658725761173885
no.alt.god.jul,b56c07d6de49ea3a,1,197,0.9890624901929761,0.17962382294139187
no.alt.god.jul,bac89cf4b7d3cf4e,25,1585,0.9895533851004623,0.19703762905092181
no.alt.god.jul,c218e207500784ee,3,113,0.9418516775481353,0.38415609421229024
no.alt.god.jul,dd0705b37a9e75f2,15,723,0.9466070282238966,0.33618142784459865
no.alt.god.jul,e0e729cfc13e1822,2,93,0.8389365189130545,0.08057733119738901
no.alt.god.jul,e718b2561694b482,5,232,0.9607162461485229,0.12184611894003052
no.alt.god.jul,fc124bf51b2d62a4,32,1901,0.9874878911015283,0.35659070227795897
no.alt.god.jul,fe49ced036414a01,10,536,0.9724417086647166,0.3099777152054793
no.alt.god.jul,feaec9c0360a1f73,2,382,0.9898567228245602,0.21777761694187103
no.alt.irc-treff,00c471ae1e7833c0,4,130,0.8628607488839415,0.1048900990185763
no.alt.irc-treff,0f755b5841364939,25,1350,0.9798384577448476,0.25993701159121324
no.alt.irc-treff,1617f4e8b0b039fb,5,630,0.9864880848807371,0.3973968912435505
no.alt.irc-treff,2244dd244688d80a,4,412,0.9770464560190993,0.2838942284706195
no.alt.irc-treff,24a5823ef714b00c,12,612,0.9671343184898116,0.33160761442686976
no.alt.irc-treff,27c3a8d12ba62d31,4,386,0.9678136976527327,0.30269156079244264
no.alt.irc-treff,2bfaa4d8392944f6,8,652,0.9747252432241753,0.20132887709170252
no.alt.irc-treff,3bb81bcc9e9c75b1,7,595,0.9696657784429822,0.30733364993376683
no.alt.irc-treff,3fc525dc9ff22e29,5,276,0.9771141523570419,0.3529256842291428
no.alt.irc-treff,413e526a3518b94b,6,769,0.9885687284515483,0.272100467715587
no.alt.irc-treff,4182376b4e5f9a6d,7,428,0.9389555723413155,0.32534638118486503
no.alt.irc-treff,438eb1f2bbaf6e66,2,236,0.9898488273716786,0.2442777503335673
no.alt.irc-treff,4cc29fb33585c157,3,478,0.9843980717708114,0.22506808041401816
no.alt.irc-treff,4d2847352c7bfedb,18,757,0.9735904517521338,0.19042094705307927
no.alt.irc-treff,53b4215bcfbbb1bc,4,253,0.9697811956638515,0.12556490062542466
no.alt.irc-treff,64a8b3634cda249b,25,1229,0.9513260592094971,0.4248207181843686
no.alt.irc-treff,67c99c460a31c20b,3,381,0.9867997011745262,0.3945910460063234
no.alt.irc-treff,6c94549ab76d3ef0,7,408,0.9674037560342544,0.15424356432662406
no.alt.irc-treff,6ca4c42259e8c331,22,940,0.9681054110905924,0.3855191567747736
no.alt.irc-treff,762c0205939a7edd,6,344,0.9866241047027554,0.19716524968675778
no.alt.irc-treff,8b0105467f19c0cf,7,553,0.9742019433323065,0.39938595847948993
no.alt.irc-treff,8b5a169d7d35edf0,10,500,0.9381669586610336,0.1820122895374005
no.alt.irc-treff,8efdf3cd64ef2f8b,19,747,0.9769719486250267,0.5814324604319167
no.alt.irc-treff,94c28ac689cc9c3e,2,246,0.9872242310159235,0.33939653218508714
no.alt.irc-treff,94d0a91bff582085,23,919,0.9567236497877195,0.21922547827816805
no.alt.irc-treff,96a754f913eb4053,4,295,0.9715198415114679,0.25183672732539736
no.alt.irc-treff,a3f908e170730469,12,704,0.9736642802364506,0.29966211534564696
no.alt.irc-treff,a8875b16573fc877,5,539,0.980443932316886,0.18569564090547502
no.alt.irc-treff,ab197305005349da,4,490,0.9861142806429664,0.34451186152939345
no.alt.irc-treff,aef81d56fa2720e8,6,726,0.9696413859661289,0.4412874178540769
no.alt.irc-treff,b12e861966e0a042,5,480,0.9808968894614076,0.155605696608484
no.alt.irc-treff,b171107832a28b73,2,223,0.9867759654806552,0.42421392677672864
no.alt.irc-treff,ca7f48ca9e2207e7,11,790,0.9799211218963478,0.3916950040190054
no.alt.irc-treff,cae289678c1ed881,1,614,0.9935185932321836,0.39229669314224797
no.alt.irc-treff,cfd1d4579594c212,7,124,0.8503474478453116,0.3302082384998406
no.alt.irc-treff,d42394f0c60c5a7a,3,353,0.9671023659041128,0.3746349207347091
no.alt.irc-treff,df102b6cc237743c,7,466,0.9908388510231987,0.2255958143100148
no.alt.irc-treff,e5e1424a1392367f,1,763,0.9941670629729029,0.4101953654592029
no.alt.irc-treff,e9ecf6d80d6bda40,4,561,0.9878282834788871,0.32361525972350436
no.alt.irc-treff,ea011b94070eb606,4,357,0.9525751289820259,0.2789949620550572
no.alt.irc-treff,f6b7bf9d05586525,3,427,0.9676615008885657,0.3231334002267077
no.alt.irc-treff,f7552329cf2352dd,3,435,0.9840716926980156,0.2842253974367459
no.alt.katter,084b074e0d5ea61c,3,517,0.9890327700358976,0.26896579716422603
no.alt.katter,188d7cc715baba6c,20,1082,0.9558828103502697,0.16193514266293188
no.alt.katter,1fb619c11aa88f1a,12,873,0.9566169626590434,0.18669086724387182
no.alt.katter,2026bf257b44628e,2,214,0.9784183537143,0.34830852617574665
no.alt.katter,21dd04872a7f3b5c,28,1322,0.9648581622780328,0.19679008717213253
no.alt.katter,225529a548aaf03c,17,799,0.8945022222253751,0.17540978506137184
no.alt.katter,25a6d7c2bbec0bcf,10,506,0.8512082835440986,0.06496981129310762
no.alt.katter,2a67b8c747cdd7dc,7,278,0.9502509243111981,0.10988374558422574
no.alt.katter,2a842819052973a6,19,1212,0.9813239320213828,0.1835774722117724
no.alt.katter,300ee7b14110ebab,2,158,0.9372459195319941,0.14272365295774003
no.alt.katter,40d729e895772967,4,280,0.9598885884747467,0.39101654005500874
no.alt.katter,425316131c8a1ba2,15,788,0.972532320746226,0.16434376273882723
no.alt.katter,49a98f70157e5468,9,521,0.9530316992524581,0.32508757072738276
no.alt.katter,4fa9a96da646bf77,7,826,0.9830767487551104,0.30460467212146713
no.alt.katter,567b26736f61d9e8,24,1052,0.9562115092173175,0.29187649704515567
no.alt.katter,5fbf391b48da8012,22,889,0.9617444992679108,0.2013827383921304
no.alt.katter,717e11e7877712ee,20,734,0.9615846890411514,0.17695707148053594
no.alt.katter,73cf1bd49c27a62d,7,702,0.9775750923789688,0.09912812463278066
no.alt.katter,78a5357189ef3fdb,5,657,0.9814115020828852,0.16437350708665513
no.alt.katter,8ba411896967a125,9,472,0.9651103176640731,0.19448967377630166
no.alt.katter,8ccf6948d2421066,9,631,0.9861399235228862,0.13982106564526986
no.alt.katter,9302f9e690defcc7,1,144,0.9961735987841097,0.21198775959054092
no.alt.katter,99024f0699e69fba,8,371,0.9653051393702295,0.30539385202616176
no.alt.katter,9a46d67f6be35e4b,15,701,0.9601669880088892,0.20588729595774274
no.alt.katter,9b13d17ba13038f7,6,261,0.9666569509791187,0.1930183302247773
no.alt.katter,9d026e672a7ca2cc,16,949,0.9829050784736824,0.14151454794591353
no.alt.katter,b22fc583e275c1bb,9,704,0.9880110120772633,0.32164834635703016
no.alt.katter,b52e244bfa6c4124,10,653,0.976784039207053,0.17770026233827355
no.alt.katter,be7713de14a467f9,12,528,0.9452873840113059,0.123383608816915
no.alt.katter,c346c42d2000047f,5,354,0.9804976394827849,0.13926883547141075
no.alt.katter,caa7e925b4711b17,8,616,0.9669960556526164,0.15925528165962857
no.alt.katter,cbca43e7c38092aa,38,1469,0.9790903145131118,0.15633351149747038
no.alt.katter,cf1b8e0680fe2044,12,732,0.9856071745012918,0.2933799701746827
no.alt.katter,d07440cf93db877f,9,532,0.9767120973236124,0.2885046330657491
no.alt.katter,d720a460636c4707,22,1187,0.982250524911895,0.1527601971506715
no.alt.katter,de4dfb445b12f3e0,26,1024,0.9734407101067015,0.2502862430324133
no.alt.katter,e60dc81a0ed6a009,25,943,0.9589489717251102,0.2570452289699105
no.alt.katter,e75199bfa08bfd77,7,242,0.9222155115752815,0.32967617935508853
no.alt.katter,f2e1deacbbbe7bd1,27,1208,0.970872194263444,0.13741021350863616
no.alt.katter,f76dd56082973b58,10,468,0.9876127864890608,0.20526202590595335
no.alt.katter,fbd0d2b5a0efb097,3,276,0.981344994473326,0.13035285696331098
no.alt.katter,ffbd442d7ab0e530,2,338,0.9885922805616004,0.2872073570130536
no.alt.mat,02427d0317be4df7,3,375,0.9841166359064932,0.20817930477015062
no.alt.mat,07b84dad5620eb9d,7,326,0.9430843976000037,0.2318489779003093
no.alt.mat,09aa9c3d11511192,1,255,0.99533013547489,0.1555490933267547
no.alt.mat,10a16489132d26bb,57,4834,0.9850134460848109,0.16154449105332602
no.alt.mat,17991e55e3745893,10,567,0.9596214906536884,0.12402034005092397
no.alt.mat,1b00718ec7333f4d,12,1135,0.9168214345477347,0.22256473718079967
no.alt.mat,22fb34eda3653582,8,1032,0.9772983372029986,0.23008500647830288
no.alt.mat,258547e8213f5403,28,1009,0.9601476173766764,0.14177925454340842
no.alt.mat,26c31ca59adbf1e4,10,733,0.9766193994506903,0.3725646361514391
no.alt.mat,2e53388c83ca9e18,16,1021,0.980513439729768,0.20888359371420426
no.alt.mat,31c8f983b1e423eb,7,726,0.9757532793087685,0.26575455589576713
no.alt.mat,36a3c840e3db11a2,7,369,0.9624145921599563,0.24430859950195222
no.alt.mat,3baff65c2c6ec1d8,5,144,0.8750406147048951,0.1587674187729867
no.alt.mat,40bbd4cf67e4c992,6,526,0.9855678969334104,0.20414650717271532
no.alt.mat,441801f42bc3c3d3,13,498,0.9522279812324926,0.2796387023512345
no.alt.mat,4bcf7e056ead8ddb,17,492,0.9384170839654469,0.2530225638024612
no.alt.mat,4d03403189c74a6c,74,2949,0.9703771874356891,0.44945124274154663
no.alt.mat,5548b34ee5df136a,8,468,0.9384249794246002,0.2613504150860834
no.alt.mat,5911c6bed828e4e1,9,539,0.9537627567713891,0.05798642393542317
no.alt.mat,60630aba78a9759f,6,283,0.93892722900166,0.22347163002112216
no.alt.mat,640b35a7a9d6fb0e,24,1076,0.924285815623002,0.19673770174035302
no.alt.mat,6e133e1e09c35d60,39,1928,0.9363354759947438,0.14046833645365597
no.alt.mat,71c559ec81a8ac5b,2,1064,0.9959056918832656,0.3152643358869116
no.alt.mat,76194b3adc01e137,6,449,0.9564636621536033,0.092690853956964
no.alt.mat,789a95fb305fa6dc,43,1621,0.9417304099449127,0.11162413295515586
no.alt.mat,846510d7a2965498,4,195,0.952515068942551,0.19182166118634666
no.alt.mat,87e0c2f0ca72736c,2,208,0.9848702759451327,0.21715817044687594
no.alt.mat,99c886d0962c6c7c,8,183,0.9277699781154494,0.14348112066097182
no.alt.mat,a2d927f4df5e72b7,5,628,0.9882044775785097,0.26058559105314766
no.alt.mat,a8a7d281c7e5f38a,8,440,0.9356570154523368,0.3774465097722507
no.alt.mat,aa443780d28cada6,8,750,0.9518340406320662,0.3105793017724764
no.alt.mat,aaf14c372d0eeb91,1,805,0.9946760118443474,0.38143885781185316
no.alt.mat,b3709f46c6efbc52,18,818,0.9544352210877208,0.2542575710149807
no.alt.mat,bd29b27029f7f1a5,6,370,0.9678801359999331,0.02049452144047153
no.alt.mat,c6ed1935d80453ab,4,136,0.963468199064535,0.1600973534976213
no.alt.mat,d267bb451cba2186,17,1093,0.972109526743736,0.09732007223595952
no.alt.mat,d3e6440a488e2340,5,283,0.9312864939655188,0.12669830577098593
no.alt.mat,d3f67fcb04a3bccc,22,1021,0.9804009659116775,0.36010583916574784
no.alt.mat,dd52310cd3d436f2,11,572,0.9149506206541878,0.2421166088186615
no.alt.mat,e6403314558a4939,8,940,0.984589184010955,0.3440931460314815
no.alt.mat,e93bca08a14460d5,16,903,0.9729242704262595,0.29928956309765253
no.alt.mat,f861285ea888975b,27,1639,0.9775900317422149,0.392652104632649
no.alt.mat.drikke,0006067b68748e68,4,569,0.98314573363357,0.20490933858318783
no.alt.mat.drikke,108d323d8e6b6206,23,2928,0.9883629468217754,0.28351570512770835
no.alt.mat.drikke,18e410b72152699c,7,174,0.87918252121355,0.15578688393317305
no.alt.mat.drikke,22802c80f9b2fa1e,9,583,0.9801316728275687,0.09579842211846307
no.alt.mat.drikke,2d61724aac108247,5,422,0.9875326187373157,0.2041267144782123
no.alt.mat.drikke,374b8f3d8b46a168,4,407,0.9766168963195734,0.0965198936608315
no.alt.mat.drikke,3bed3ddc7fa0a285,9,215,0.8881048570134576,0.08623386847135063
no.alt.mat.drikke,47ec0c57d3ddf3c1,29,1479,0.9857065533156585,0.016073031198399874
no.alt.mat.drikke,51ec227dc6e9f816,10,644,0.9502104201943046,0.31281052319668284
no.alt.mat.drikke,5702b924754fba10,5,208,0.9483715896127879,0.41305401107134
no.alt.mat.drikke,6518a1f90ede9f55,3,406,0.9861827479764459,0.1418648020982304
no.alt.mat.drikke,66a7e7232d4cbd25,4,71,0.8848437180517522,0.08633865500583525
no.alt.mat.drikke,6776a45674a02f5d,13,525,0.9538559707590554,0.11374741297881913
no.alt.mat.drikke,67e33d3151c10a1e,7,279,0.9077240886892927,0.21576969882848773
no.alt.mat.drikke,68a1b164e791ea00,10,386,0.9748775982409438,0.18896763868601715
no.alt.mat.drikke,718b6a60143568a9,4,277,0.9256377644763542,0.27031677934877
no.alt.mat.drikke,757f8f8e0a252dca,8,461,0.9404860257428972,0.16934490549079975
no.alt.mat.drikke,79a2bc00aa1b76c6,11,436,0.9820603994751063,0.22314130044555813
no.alt.mat.drikke,7b29195d115b5791,11,423,0.899030935616555,0.22695363115252748
no.alt.mat.drikke,7b50e96d660b6c0e,9,251,0.9525320945803001,0.36086113539670256
no.alt.mat.drikke,82d6d15626388e9a,3,934,0.9886231023729654,0.2493421417051728
no.alt.mat.drikke,93dbb4ad63b92c18,2,97,0.927176758001349,0.22602022887397136
no.alt.mat.drikke,97b52d7e47a4987e,1,86,0.9678296738295197,0.22434174703039553
no.alt.mat.drikke,aaabe982a0ae1bf4,7,170,0.9068515647611508,0.18118066241170194
no.alt.mat.drikke,ad230b19fddb735f,2,294,0.96877078866907,0.21512551503914024
no.alt.mat.drikke,af0522c29e14bba7,20,1179,0.9594940767895053,0.3157742827382881
no.alt.mat.drikke,b27a76ed42f4f783,4,634,0.9950995202337358,0.28843649447216385
no.alt.mat.drikke,b5a27d0a60043868,23,1268,0.9784938807925846,0.3413454780517409
no.alt.mat.drikke,b916ad306a14a229,9,598,0.9752564457186544,0.3081067195331905
no.alt.mat.drikke,be01701983c19944,27,1003,0.9734393115909021,0.18385398233092579
no.alt.mat.drikke,c841b3c19ceb43c8,9,806,0.9749806799341854,0.2859576966478226
no.alt.mat.drikke,cc2ed28bc47949dc,5,231,0.9794891989639153,0.3016504431043314
no.alt.mat.drikke,d6004579bc1e6329,4,335,0.9351719097332444,0.12998256733126892
no.alt.mat.drikke,d9c47956222858a2,18,897,0.9694833467425731,0.28440999086318125
no.alt.mat.drikke,df705cd567adc363,9,856,0.9851457853074443,0.31205656266871284
no.alt.mat.drikke,e06d491e570e42cb,9,798,0.9704167145332431,0.14883312459357229
no.alt.mat.drikke,e09e0b6b0f3aa430,4,640,0.9713965060883283,0.22090278811822622
no.alt.mat.drikke,eeb9e733e7fb8827,8,385,0.9107720444697947,-0.010121552660673619
no.alt.mat.drikke,f149400165b7fe98,12,556,0.9619786361409574,0.22247229770553195
no.alt.mat.drikke,f3175d8ce4726134,6,454,0.9877169983271358,0.14955184898785664
no.alt.mat.drikke,f3e03aa696aba20f,56,2731,0.984122426603756,0.22718846161230186
no.alt.mat.drikke,f84a9c163a75db57,7,199,0.8149775306771408,0.2954465855221729
no.alt.pompel-og-pilt,05b081f676f43fca,1,312,0.9971079566397739,0.2725563433965913
no.alt.pompel-og-pilt,09fcf878cfe1236e,17,1259,0.9876665414999465,0.2854514152079887
no.alt.pompel-og-pilt,0edda23f76963032,8,325,0.936687509033515,0.20914951682931548
no.alt.pompel-og-pilt,133d714a353ba4b1,1,226,0.9785308310175782,0.17609497588129558
no.alt.pompel-og-pilt,149376745c8c6ee1,6,2410,0.9812590282569014,0.48923203309310836
no.alt.pompel-og-pilt,1e6da9f2623d077f,7,483,0.9724945943612914,0.2522653037715273
no.alt.pompel-og-pilt,1f3f26f72307e11b,10,416,0.9575664689477825,0.2183828320867708
no.alt.pompel-og-pilt,2506ccddb4d64c26,1,417,0.9827163466052192,0.3549450274315803
no.alt.pompel-og-pilt,2563d64631ff2f79,13,660,0.973094618806983,0.3030252568155369
no.alt.pompel-og-pilt,2f29b907a9aaa208,5,343,0.9795408076043481,0.22513543118582838
no.alt.pompel-og-pilt,353366f1d7dfbf5e,5,182,0.97207341910563,0.23433739005329218
no.alt.pompel-og-pilt,3b1f6cbe53055057,1,337,0.987634821889763,0.1823456210566101
no.alt.pompel-og-pilt,3bcafa173972b2fb,8,296,0.9592506289790763,0.1443794834401843
no.alt.pompel-og-pilt,3c1d1f8b67e8380f,1,973,0.998788170206637,0.30527843875019156
no.alt.pompel-og-pilt,4566f4007ce990e0,6,411,0.9790030241664536,0.2318577225368429
no.alt.pompel-og-pilt,4e085e563fefaf24,6,301,0.9682754710975171,0.3508081687357041
no.alt.pompel-og-pilt,4e5165081f2695be,2,631,0.9765609686064519,0.2427572176762923
no.alt.pompel-og-pilt,5ef4f3b267446c53,4,153,0.9674461779875997,0.41021217424760126
no.alt.pompel-og-pilt,6220481a4e43e148,4,263,0.9677276112030493,0.41772792311565066
no.alt.pompel-og-pilt,62562b6cfabbf58b,4,2290,0.9902799368783013,0.34009074639127085
no.alt.pompel-og-pilt,65de5a8ab75a9e91,7,419,0.9641674655549901,0.376083037791131
no.alt.pompel-og-pilt,686434bd8876f77b,1,739,0.9966185202910206,0.3149443333446469
no.alt.pompel-og-pilt,6a02a28c628f0e82,9,392,0.9333319170722068,0.15546103348233378
no.alt.pompel-og-pilt,77e461bb4f043ddf,1,626,0.995297672412158,0.4506282953618623
no.alt.pompel-og-pilt,8652b4f477aeab24,3,319,0.9623010297937726,0.16102508891776768
no.alt.pompel-og-pilt,868831efd717ad5e,5,381,0.9631121700105131,0.14801247528877506
no.alt.pompel-og-pilt,91047a8234eaf5b9,8,503,0.9795468662924658,0.4860055179296327
no.alt.pompel-og-pilt,9911968a47a96563,9,251,0.9558649092815638,0.4346753554213084
no.alt.pompel-og-pilt,9ccdb474226bce22,1,542,0.9923742434887299,0.39652777268888895
no.alt.pompel-og-pilt,9fe37347880258f7,16,507,0.9436836169234863,0.43377728029641516
no.alt.pompel-og-pilt,a8b4e72a39c463e3,20,1005,0.9607167846880019,0.4289354569009915
no.alt.pompel-og-pilt,b07579b40dc70022,1,78,0.9794308921518061,0.219810507883992
no.alt.pompel-og-pilt,b4f53bd5c2903803,8,707,0.9737412696574912,0.33025078980757294
no.alt.pompel-og-pilt,bc69d0cd66d5a988,8,918,0.9839152486326133,0.20624967750300535
no.alt.pompel-og-pilt,ce5f002c5a6ea35e,4,133,0.9328003334015765,0.24891817779776704
no.alt.pompel-og-pilt,cf84b76868ae6a58,8,687,0.9835282133521465,0.3173663471442103
no.alt.pompel-og-pilt,d051bf59b7667692,17,580,0.9571437123180997,0.3138744116201393
no.alt.pompel-og-pilt,d925b62578f0a449,1,259,0.9967309382954832,0.19593388508535622
no.alt.pompel-og-pilt,d9e2df6fb7cf6f73,3,300,0.9836965878241198,0.11165759664136746
no.alt.pompel-og-pilt,de8520f5aad296b6,2,907,0.9952341185714818,0.3862378799229711
no.alt.pompel-og-pilt,f1d483a3b6f2dfac,3,99,0.9450051999767064,0.23090909303759366
no.alt.pompel-og-pilt,fe1f2c24224fa465,2,122,0.9522257924218562,0.37958896583669643
no.alt.radio-tv.irma-1000,0021303bfff657db,20,1042,0.9729705512308954,0.4111786556809731
no.alt.radio-tv.irma-1000,009c802fc7b5bccf,1,99,0.980174601545858,0.33417162014893476
no.alt.radio-tv.irma-1000,02285518f8a85d0b,2,298,0.9838652908338571,0.2486385160245104
no.alt.radio-tv.irma-1000,0305f3850732ed66,6,490,0.9772880619241859,0.16602513001984368
no.alt.radio-tv.irma-1000,0315c396a859227c,4,307,0.9628174647945422,0.2596241897498369
no.alt.radio-tv.irma-1000,059b58e955b3348b,6,181,0.9289424754065951,0.4282068092109154
no.alt.radio-tv.irma-1000,08a989bd379c0b7e,2,85,0.9168290153954572,0.11138197640834668
no.alt.radio-tv.irma-1000,120cf38f184e64b6,1,328,0.9941890719849734,0.2568648544997134
no.alt.radio-tv.irma-1000,13308159ea0c4a0c,4,296,0.9601958390982416,0.19523689958824147
no.alt.radio-tv.irma-1000,257cd409a957a1ec,1,152,0.9755342409466359,0.43643495418016504
no.alt.radio-tv.irma-1000,26a1f9721a132192,2,57,0.9263953910685155,0.08592781802550699
no.alt.radio-tv.irma-1000,362d85732f50c4af,24,978,0.9769425190161056,0.6007734023579345
no.alt.radio-tv.irma-1000,3d8c1d955bf9c2d8,3,220,0.9805239695888206,0.4139666102646024
no.alt.radio-tv.irma-1000,3f2e036d1ebb19bb,8,334,0.9437675738256012,0.26749000204220735
no.alt.radio-tv.irma-1000,4350ab76a830abd0,9,724,0.9795047740443598,0.30823241309345967
no.alt.radio-tv.irma-1000,5487a10e74e0e204,16,735,0.9581961574148511,0.3297404275781131
no.alt.radio-tv.irma-1000,72be098b1fa9b713,18,910,0.9718239800454781,0.3017161001004825
no.alt.radio-tv.irma-1000,795a961ac3b8982f,7,265,0.9567807654007742,0.3180715475165372
no.alt.radio-tv.irma-1000,8b14ee20e212a8c1,5,213,0.9605695112864878,0.22427987525173823
no.alt.radio-tv.irma-1000,8c506d7cc5b7bc5b,6,132,0.8970333064193426,0.31793282949919954
no.alt.radio-tv.irma-1000,94060c21002a03ff,17,805,0.9575014079008926,0.2949207357206433
no.alt.radio-tv.irma-1000,9c1942f829b07e9e,2,488,0.9909033272906967,0.2235597552528044
no.alt.radio-tv.irma-1000,a10a4c730c7185ce,23,965,0.9671212293276271,0.36459416044577825
no.alt.radio-tv.irma-1000,a70d31e18a1ce0e5,10,529,0.9726714979645601,0.41179256590259156
no.alt.radio-tv.irma-1000,acf175c59c835f45,1,242,0.9898375977806341,0.3447215273686407
no.alt.radio-tv.irma-1000,afc55b475e19362f,10,629,0.9725560547536136,0.3842867361989074
no.alt.radio-tv.irma-1000,b33d7caad8281f6d,21,805,0.9781388810254981,0.22031235654424572
no.alt.radio-tv.irma-1000,b5c708287a42f541,15,519,0.971468895965453,0.29414463528498247
no.alt.radio-tv.irma-1000,c4a35e34dbec27f7,1,85,0.9691148717009632,0.1540188114933076
no.alt.radio-tv.irma-1000,c5000d27a9606db2,9,689,0.9737925216920656,0.07532257886942546
no.alt.radio-tv.irma-1000,cab442207eb918f3,4,555,0.9696649045871596,0.23698035778621934
no.alt.radio-tv.irma-1000,d13dd767447deb64,3,242,0.9807198276546534,0.4539015618282125
no.alt.radio-tv.irma-1000,d3192df2ddccfecb,12,1641,0.9788489447036224,0.26161685289474523
no.alt.radio-tv.irma-1000,d42f48a70b34be39,8,539,0.9702805495363039,0.13380986076054252
no.alt.radio-tv.irma-1000,d6dd6f900e4b927a,3,126,0.9584462795625505,0.17427664005747992
no.alt.radio-tv.irma-1000,dd81798c856908b0,8,612,0.9707984354700121,0.2089147065088984
no.alt.radio-tv.irma-1000,e04136274e32d8dc,3,300,0.9723363862026622,0.27614833497360713
no.alt.radio-tv.irma-1000,e5d7c04491323dac,27,938,0.9745673278529522,0.39197399605540145
no.alt.radio-tv.irma-1000,e66217116298f2cf,19,1228,0.9813633688458436,0.2915731450546253
no.alt.radio-tv.irma-1000,ed90ba3051997c68,3,336,0.9802771665684863,0.21804243644579813
no.alt.radio-tv.irma-1000,f44c95c8c6b4f04f,4,526,0.9780915714036951,0.23389967316102253
no.alt.radio-tv.irma-1000,f706f1100bf016e4,2,82,0.9061737862220098,0.05395694904103433
no.alt.sjokolade,01b7934fcf4e655d,2,221,0.9876114809419595,0.23894197708755752
no.alt.sjokolade,0241d31655ad3daa,8,481,0.9800951438943888,0.2800760186381604
no.alt.sjokolade,0815c4ca3c3722f7,5,809,0.9935225213456791,0.2668293385064132
no.alt.sjokolade,0891aa9e2c327fda,12,902,0.9805720723617259,0.3033228964708227
no.alt.sjokolade,1443f4f7273efed4,39,815,0.9681254516531526,0.339358308368774
no.alt.sjokolade,17203503d31a854a,8,385,0.9680145991964539,0.14287773121622233
no.alt.sjokolade,1d6bb1d4e0fc5aec,14,591,0.8823993744003871,0.3103932107571822
no.alt.sjokolade,20a431a2d8ef466c,7,453,0.9808547587720062,0.43017580761166774
no.alt.sjokolade,2f75dec927bbd20d,8,554,0.9868787179492513,0.21224558754857295
no.alt.sjokolade,32407837236a56bd,5,163,0.9435145329660963,0.08048775205331836
no.alt.sjokolade,39eb710e01204457,3,347,0.9913251463928265,0.20353528001157967
no.alt.sjokolade,434514947f45ef0b,12,645,0.9801702613423405,0.3285901204310374
no.alt.sjokolade,46c987337901c4b9,1,521,0.998119519560798,0.14500355700678255
no.alt.sjokolade,4886e27d269055a5,11,762,0.9805597224267707,0.31017053247396587
no.alt.sjokolade,494021e032272aa2,3,147,0.9770213736168287,0.3115620051105276
no.alt.sjokolade,4cb4c4d976b883d1,7,348,0.9711170138355321,0.2614773851136543
no.alt.sjokolade,4d59f2de9ba76805,14,787,0.9605784876549366,0.14937068322283778
no.alt.sjokolade,539791e632708d95,1,150,0.9885210942021352,0.3471105343996963
no.alt.sjokolade,643676e9adf5311e,15,669,0.9727409076876469,0.1953139978440395
no.alt.sjokolade,6e7025a80d084447,18,788,0.9701684921336353,0.23261039275676287
no.alt.sjokolade,71de5aaa52844aa0,41,1794,0.9686084852611994,0.4342575311167499
no.alt.sjokolade,72c2ccc9550da111,2,348,0.9909656041136391,0.18432824319506308
no.alt.sjokolade,7c750de76c18d853,4,134,0.9223750299532386,0.28707494338844447
no.alt.sjokolade,7f58db9fb5d1a199,16,671,0.9737361103534451,0.22169577610839297
no.alt.sjokolade,81901235205853fb,4,424,0.9885925538641077,0.3609133291510996
no.alt.sjokolade,8a5c95257dfe6322,7,306,0.9431788817584753,0.19361830142494893
no.alt.sjokolade,95fde9eed902d67d,2,120,0.966607523470968,0.3100676248174626
no.alt.sjokolade,9630f96e28555c07,5,186,0.9399425803869922,0.2985796194193632
no.alt.sjokolade,99479922954d5c51,6,398,0.982952477860039,0.20552871950567628
no.alt.sjokolade,9956b9d78a570d09,9,486,0.9674796896540562,0.3333507096536223
no.alt.sjokolade,b1e8577acb2369cc,4,488,0.9827777192881194,0.15611840550085654
no.alt.sjokolade,b23c33106d5c4022,10,484,0.9392752336677386,0.010506463141725713
no.alt.sjokolade,b41778c3af915545,8,364,0.9725285620115048,0.20876659168987358
no.alt.sjokolade,ca1b8020d5bc03f8,7,400,0.9853418569935646,0.26209414246020507
no.alt.sjokolade,cd6835e46a017a86,9,915,0.9860581294570392,0.3674573621825901
no.alt.sjokolade,d5b7234a07e6b6f3,4,329,0.9687382070546501,0.3556967867507815
no.alt.sjokolade,d8634346917ab1b3,2,183,0.9748279579577911,0.13636564220270317
no.alt.sjokolade,dcabd7efb0d9d9ee,1,26,0.9265212202830707,0.16474114613067029
no.alt.sjokolade,e3751e65699e30f5,13,855,0.9742540772429392,0.3049189426976372
no.alt.sjokolade,e4731d13ee07d736,43,1704,0.964771715712641,0.30044742098382177
no.alt.sjokolade,ea8b00522848ed3f,5,617,0.9856265165385238,0.26457121987136084
no.alt.sjokolade,f1d348633eed09b8,17,1043,0.9852613430244028,0.4330411079082835
no.alt.tegneserier,06c7541cb16029c8,1,241,0.9942225491673997,0.32597739181120977
no.alt.tegneserier,16dccf894f1ffc50,3,271,0.9616966046067427,0.2934459448454177
no.alt.tegneserier,19cd2e445a6996ba,3,235,0.9782626736845021,0.2648905879313458
no.alt.tegneserier,25d27d498eec6a50,7,637,0.981949511305833,0.48403676894302644
no.alt.tegneserier,295c6830ed4b0215,5,281,0.9719237120708435,0.283043152956139
no.alt.tegneserier,33bc3864288a8924,1,147,0.988343632346108,0.14570531295921907
no.alt.tegneserier,39ae0bf57a59c750,9,349,0.9657412156237553,0.1513643280160339
no.alt.tegneserier,3ae38c78f2e9a18a,8,406,0.9699586301682458,0.0840505890761741
no.alt.tegneserier,3f14b24eea38bf4d,13,725,0.9860522309742371,0.2968107655379325
no.alt.tegneserier,3f85cd5b3e29ead7,3,334,0.9881947623825935,0.19221057356653085
no.alt.tegneserier,4475f13fe36550a4,9,230,0.9522174758131708,0.09077323503506866
no.alt.tegneserier,44f83d833e507bc5,9,456,0.974769260084242,0.1665902366403951
no.alt.tegneserier,4c27b980b60e809b,6,528,0.9713440467036818,0.41632351816720237
no.alt.tegneserier,50fc23b21c71e168,7,3112,0.9750999362067392,0.038168165438083726
no.alt.tegneserier,62bd5012cda78631,2,306,0.9887568523123603,0.3759241710865407
no.alt.tegneserier,63965397f581db2f,2,303,0.9841746252791524,0.3274468059408762
no.alt.tegneserier,67d61abbba7e8145,1,560,0.9943241778872853,0.31228721228431366
no.alt.tegneserier,6a78b12161d6a004,7,318,0.9580150658495851,0.3921582233703368
no.alt.tegneserier,6fb4284cf0f621bf,5,313,0.9721695931341999,0.2719842363525532
no.alt.tegneserier,759c831b9129ddb2,7,457,0.9454287071209632,0.30861689675316467
no.alt.tegneserier,7f05989225517a3a,14,654,0.9801325684060617,0.40039114262404635
no.alt.tegneserier,842e063a98d6d786,4,687,0.9941470620561039,0.2105693244755464
no.alt.tegneserier,8a84bc8325b8256e,1,1012,0.9975573796315551,0.08713073775227044
no.alt.tegneserier,91eed6a81ceffade,9,559,0.9753676297535981,0.41020922324201653
no.alt.tegneserier,960ed2e5ff33345a,16,1051,0.9744605637776678,0.23645635014793326
no.alt.tegneserier,9a87b1576d182127,1,797,0.994345671904762,0.13836789938828498
no.alt.tegneserier,9f1f2d99e14e0170,5,573,0.9653320763381441,0.24714926170538862
no.alt.tegneserier,a68bd05e7aa00caa,11,339,0.9707954449673087,0.14865551343637243
no.alt.tegneserier,a76a16aff893edb2,2,373,0.9876185282274611,0.23032393646740548
no.alt.tegneserier,afac828a2a3e28b7,5,359,0.9813621095882292,0.3960173076429182
no.alt.tegneserier,b2ff9487d16acf3b,3,476,0.9679392689517226,0.09643225364893457
no.alt.tegneserier,b572ca80a7f79971,10,623,0.9650019632013433,0.32738505495484677
no.alt.tegneserier,bc6853f638ed073f,20,1945,0.9744013459589312,0.2942335602872882
no.alt.tegneserier,be090e9a9ccccb3d,9,985,0.9864887554714716,0.28317622494237565
no.alt.tegneserier,cba55ffc23d162da,2,73,0.9456495709664265,0.25506922427358797
no.alt.tegneserier,d5cd493854bb5b2c,6,1607,0.9745216469678103,0.2412430644368992
no.alt.tegneserier,d7df61b7860c407b,6,465,0.9770856906710923,0.09866800085977857
no.alt.tegneserier,e5114f4d6759dcf5,1,743,0.9931051230574048,0.09888225136456179
no.alt.tegneserier,e8a9951b56e241de,1,1128,0.9960363107515015,0.17682188453684913
no.alt.tegneserier,e95b5573da47c429,6,749,0.9906112510763747,0.3288898094965778
no.alt.tegneserier,f0083f42dfaf9071,4,338,0.956537785850701,0.4368993585897229
no.alt.tegneserier,f254a93bd3b9510a,2,503,0.9936743413656757,0.43060850219691993
no.alt.tegneserier,fdd42eb773370c16,6,391,0.9604101982101246,0.3531905788521115
no.amiga,038a70d8714eb293,6,443,0.9708198594871321,0.25497303650396685
no.amiga,0535a5b6758d7967,5,653,0.9871182540294453,0.2667567225450777
no.amiga,072169789c9b3ddf,3,529,0.9912572368874718,0.4080312258408803
no.amiga,11ccb0dfeeda6da6,7,545,0.9865252836527957,0.33686260884307345
no.amiga,12aebcc84f8a7bd7,10,733,0.9811544203866235,0.2307083897061963
no.amiga,12e5cc56fa279d42,4,254,0.9858897290641013,0.20712182845738294
no.amiga,142c5d02c1831a0a,24,1130,0.9801675622731406,0.2979745827667284
no.amiga,1e32f14426cc09d8,10,724,0.9845789937474576,0.12034950175554032
no.amiga,209d017a204c9bae,11,583,0.9766562649315286,0.30593077784054223
no.amiga,22c08dc31bd0351b,7,378,0.9761601322229498,0.23313464680358892
no.amiga,2ee4380f59c2afca,11,585,0.9779405529519156,0.29922849169954435
no.amiga,383713db79cb8c93,13,1056,0.9905669412089484,0.19321396329690524
no.amiga,479a8509367da971,6,336,0.9545789336675448,0.2865786298794768
no.amiga,4e01d1bf9cc24c41,2,309,0.9862618629095875,0.08993031673553331
no.amiga,55a0f5545624fc78,16,1482,0.9882785387664536,0.3219263767119366
no.amiga,56434fe3bddff537,5,605,0.9934538627743729,0.1863439596288611
no.amiga,58a41f9253ee0f19,4,859,0.9934618100665416,0.2884895784518101
no.amiga,5aced0afd7830871,10,698,0.9741789544532723,0.3933471954506297
no.amiga,5c7d16a5656e79d6,20,998,0.9624027552346393,0.3310085716412536
no.amiga,63f757e371495cc6,13,746,0.9757424225524173,0.10480222413961841
no.amiga,646f2e3a19bbe346,19,1132,0.9788892059222966,0.33998371940408817
no.amiga,68f7f7e17317ac31,5,2320,0.9916427386096901,0.36464936104758805
no.amiga,807111ba054ab35d,16,941,0.9884865294363127,0.2964209304559274
no.amiga,837e69a6400d31eb,6,262,0.9523905012510028,0.22357107072253296
no.amiga,8afc0b825cab3a0a,2,232,0.9701640938109612,0.24359434552001252
no.amiga,8e55db9d3593f59b,12,828,0.969827582806373,0.28649548688158555
no.amiga,8f70a8a75c605fed,17,688,0.9819865641932224,0.5607198419911473
no.amiga,9ca53c1ce4b73d88,5,604,0.9892447239029912,0.20935379335218757
no.amiga,9e8971f98e597394,4,221,0.9518399802657667,0.3618607676389779
no.amiga,af5fc200bcd10a1d,21,1336,0.9836441090181339,0.23718493828085402
no.amiga,b49184faebc0167d,16,891,0.9719236416889826,0.26162566122871755
no.amiga,bd75086eeecdcafe,6,290,0.9596128711801316,0.2972717856261593
no.amiga,c0ffd3195875f9bd,8,526,0.9709427978631721,0.38945780701626764
no.amiga,c7dbb7bad7851558,61,3651,0.9830965833843668,0.3050195878990567
no.amiga,d0d04c4eb5736ee1,5,720,0.9922080292936107,0.3567396055207285
no.amiga,d5f71f1644c3416f,49,2216,0.9731141277464206,0.137526997280345
no.amiga,d62187bc4ecb42d1,8,618,0.9848520074426941,0.20890219306570018
no.amiga,dff5d74010129cca,32,1756,0.9759157000282793,0.2730028116938578
no.amiga,ec4b5f83e67fcfc4,1,186,0.9910172096667362,0.4251619829944353
no.amiga,ee24a3d4e68d3648,3,909,0.9872607590856556,0.272303369007907
no.amiga,f198b852f3e3c125,6,451,0.9826457479482867,0.19278201090016028
no.amiga,ff3a421140393f2d,19,908,0.9773570922774923,0.12667843298531606
no.audio,04a82490f947fd01,20,1158,0.9842754873796392,0.2397538596865093
no.audio,06185fe345132da5,1,406,0.975360138570256,0.17507164223309019
no.audio,08a670be4f98e88b,10,1380,0.9931034632895793,0.27545953648695987
no.audio,11bfb49fa4d822ce,18,1072,0.9034252801680502,0.23402666564142838
no.audio,16766170823dac19,12,244,0.9274486021212149,0.4016917980816706
no.audio,16f44b8ed30c4db0,10,625,0.9615974832682016,0.27972137766913074
no.audio,23ca2fe9d48d79e8,14,1067,0.9748906097932432,0.3122841283619187
no.audio,334260b8c24a0973,4,448,0.9720494490343645,0.13362091348927493
no.audio,34e9cb81ce102905,3,147,0.9670701356939643,0.2075762734602428
no.audio,3910fb925bed069a,12,932,0.969722553788202,-0.009798609156670987
no.audio,3c37ba5c99203a36,34,2866,0.9945648350861241,0.4233745509796337
no.audio,40132877e37d6a9d,11,650,0.9762275559806154,0.25657634131972157
no.audio,51d93a4d6642eaef,2,752,0.9860847169112453,0.2345895297755507
no.audio,5d521e3f54048da6,6,215,0.885478488855172,0.3276134530174069
no.audio,5f12cac03a83c81b,1,216,0.9933255070871213,0.35782279159091646
no.audio,6aca0cef3a22f692,12,627,0.974559961298221,0.307504872243889
no.audio,6bf6b16191268984,8,1054,0.9904785780216562,0.3679950713068108
no.audio,6d20ba728b18e971,5,177,0.9653390352209641,0.2315446020415093
no.audio,6fca1dfd8d55f444,19,1000,0.9428416321264342,0.40690201356932154
no.audio,710489bd35a5efd0,18,884,0.9634246225054264,0.24968511346602246
no.audio,76a14a7118407a99,10,913,0.9833864214673063,0.27219143650412764
no.audio,831630ef4be504e8,19,933,0.9755414263514002,0.08279533009350636
no.audio,8359d6d2c3f3a6d6,13,548,0.9634796126859887,0.03970220010820491
no.audio,86b640b62a9c0398,4,541,0.992131155524715,0.2778398217133178
no.audio,88663935fd5d5511,23,877,0.9751217401662932,0.26301108592205624
no.audio,8b6a2018dd9f1dcd,11,547,0.9494714443792227,0.14606346199016385
no.audio,8dac0678ff34b804,19,1050,0.936768988804236,0.10086891783573865
no.audio,96c60161d9084234,35,1921,0.9514827141149322,0.30977223107802176
no.audio,a0609b236624f935,18,1619,0.9780315622145717,0.2918232558091622
no.audio,a16b09d50b840ddd,2,180,0.9843489406388102,0.38793157154601615
no.audio,d1aa0ec3bc8ac716,13,682,0.9839215954825153,0.3627236612924948
no.audio,d9f1173aefd8d5b7,23,909,0.9679155964113761,0.1871336294045685
no.audio,dc096b5c212d57d1,10,492,0.9802455336473963,0.29116303108434255
no.audio,de40a056acdbf5f4,2,396,0.9967026116282823,0.2566188038302417
no.audio,de7da82bb12ffd17,8,1092,0.9916322236271815,0.0945570309599133
no.audio,e7cdba29d4ded685,19,843,0.9730764483206773,0.3768911566799971
no.audio,eba0a9fbf37e1a6a,8,708,0.9623836573507701,0.21426747378182473
no.audio,ee9668f9ceed7f27,10,518,0.8980080066386087,0.1672119856347348
no.audio,f4aa887d8ee8d19e,13,643,0.9829562710046874,0.3406351331806162
no.audio,f6b9b1e672793010,31,2973,0.9830939808668254,0.24739400732016312
no.audio,f7a1b7bebb2262c4,1,27,0.9380978238102589,0.14489000714304387
no.audio,f7a8ae6beed6e267,36,2345,0.9827190546332562,0.3890199888930514
no.bibsys,002ffb01b621afdf,2,293,0.9885309188545003,0.1787074342581412
no.bibsys,00c0c8f2fd207a2f,13,368,0.913130610123217,0.3028454848558171
no.bibsys,086745b42e32b92e,4,309,0.9633540824128116,0.3845410095745673
no.bibsys,19dd751e7b858ef5,9,947,0.9845247715645958,0.18185312064589093
no.bibsys,1ed9e669643fca9f,17,799,0.9573417473625218,0.23028740477902473
no.bibsys,287fdf7e735bfcbe,1,133,0.9919005425076421,0.31154573150233017
no.bibsys,30d0775d3377669d,10,839,0.9739009153822773,0.3419113512228618
no.bibsys,36124317e5ec1393,5,257,0.9554571685336491,0.13837044993925993
no.bibsys,3a76d9f71a3371f1,5,357,0.9192873492803705,0.34830989606884133
no.bibsys,428699dbbbd1a045,12,443,0.9125754430169185,0.3213547231412885
no.bibsys,44510c5c327a5da6,5,790,0.9887502444685937,0.1553957750561057
no.bibsys,4a74485407a1f8ef,2,138,0.9547643449318979,0.06807080260362904
no.bibsys,4b179e140fc7a286,8,747,0.9573716562976554,0.42019521932599196
no.bibsys,4f529429ee15b005,3,144,0.9731166116835148,0.15246956098722195
no.bibsys,4fc54c0e8243510c,3,151,0.967185801624129,0.34957673416113305
no.bibsys,5b58c4fb2396027a,11,661,0.9738307674783453,0.20002161818840533
no.bibsys,5e7cbcff5690b74e,11,1032,0.9758403807681175,0.19190526100125385
no.bibsys,78821350ea0e675c,21,1493,0.9790502493611365,0.11018009402517256
no.bibsys,83b0966f7e0ac401,22,1203,0.9794947657536605,0.3992250909320724
no.bibsys,86145b849de0e42f,1,323,0.9911203806637887,0.279418609078323
no.bibsys,88a72421c51d66c3,12,688,0.9664800335962306,0.3159259291248201
no.bibsys,8c35b0fc0a5c137a,25,1316,0.9869903138485848,0.2441574012482644
no.bibsys,9043a5f79c58e123,19,1064,0.9694055228492299,0.359996667627303
no.bibsys,94ffded7c15ccbda,36,1724,0.9755005490536484,0.2315064470780873
no.bibsys,957f61306a7c85d4,11,665,0.9782412769584545,0.2713202201956059
no.bibsys,a099073479a43ab0,14,795,0.9751510905408626,0.47207311699997334
no.bibsys,a11f94639642cd8a,11,732,0.9880630726259896,0.4603684233039053
no.bibsys,a89c169571d3c686,5,591,0.9729363531319731,0.4701741759182457
no.bibsys,abe5c74f21749049,15,2099,0.9742519790298483,0.41554537549910664
no.bibsys,ba94d162ea6f6536,7,300,0.9185177593003238,0.21050736077240853
no.bibsys,bd5562c9a4b1b8d0,13,605,0.9604388631654859,0.15879824073103138
no.bibsys,bd5c7625d6087e49,5,326,0.9834318987350458,0.34722932559714803
no.bibsys,ce6a65b1fbb43df7,5,465,0.9900087507095454,0.23138686054907445
no.bibsys,d0141756deb29232,11,664,0.9747161700605476,0.2623817259214602
no.bibsys,d35a8efb624ecc36,8,517,0.9301602146893925,0.2474358302840005
no.bibsys,dce1d34c766c6147,3,215,0.9700012512224415,0.23536819163062686
no.bibsys,e4b6a17e34815686,27,1418,0.9762019454667514,0.25654805946990666
no.bibsys,e4fd9dae03960a0c,2,177,0.9821711516522227,0.33289352883481743
no.bibsys,f0db08ce7498f655,15,933,0.9786948575044061,0.18680417772318048
no.bibsys,f3bc598d742b878a,7,434,0.9629690705976064,0.23159332417472236
no.bibsys,feaef9a20230c9ea,3,528,0.9892095096324556,0.3591335218596462
no.bibsys,fefcd3b7a20d2cac,23,683,0.9649900186761222,0.30340624138531885
no.bil,0205446aff7b5778,4,536,0.9898714078010169,0.20780701668158627
no.bil,077fac7cc54c9add,3,149,0.9632848881636689,0.42907500724371134
no.bil,0a21217dc29f99cf,10,697,0.9853996734885022,0.12388761774540893
no.bil,0be291e17b239bd0,16,860,0.9897364576196783,0.2982663076738322
no.bil,0f68fc4617617b0f,11,1271,0.982642220570134,0.19807690570723172
no.bil,2805ff6db04625e4,15,928,0.9783667741643988,0.31084275473231965
no.bil,28997d1116baa82b,8,1748,0.9936077862812581,0.17360335788981426
no.bil,2bff1fdf68c2194d,20,886,0.9687598624539421,0.23731332847884773
no.bil,2ce5c6990df2ac0e,11,381,0.9561840163386984,0.232555333600449
no.bil,3a38b094bf849545,20,981,0.9819043441378024,0.12266770679966599
no.bil,432a2efb4a10d878,11,986,0.9861750076487733,0.057941052087239195
no.bil,47182b40bab9dd3f,136,4664,0.9661815620392022,0.454301501144704
no.bil,4ca721165b29c0f4,3,157,0.9576460851002155,0.3120168915255829
no.bil,4ccf080d96c14d42,3,361,0.985637757570938,0.16067512419063262
no.bil,50cea29d2683b3e8,4,341,0.9834211969614622,0.21004131418410857
no.bil,5b952da6d7b8a944,2,110,0.9725274109521873,0.29029883406416496
no.bil,5f80752331daa9ce,24,1072,0.977976531751914,0.29393683891733724
no.bil,6636d12bc6df32b1,10,470,0.9350019095147826,0.16403105822200065
no.bil,6a78093d843c5d77,2,705,0.9943405075419248,0.21559791434409895
no.bil,6dbc6d5d93c9a607,4,875,0.9878077792584018,0.24107559738503886
no.bil,975a83792b83e9e0,3,380,0.9360029145996093,0.3178904372138839
no.bil,a883169cae3763df,10,224,0.8723832988622079,0.34674315667586103
no.bil,ad47d7c3ed449309,31,1147,0.945276230785537,0.2219939346662396
no.bil,b25249731aedb7e6,10,527,0.9303139888531492,0.2114476306616817
no.bil,b7200498c24f12e1,9,378,0.9556757746243102,0.16122127292879654
no.bil,b7e0ba79cbfe3aba,30,1182,0.9545824604880123,0.09326322855921303
no.bil,b8a0f1e49810740b,9,658,0.9806719489928869,0.1680278017064966
no.bil,bb051395107b3d62,10,787,0.988113728182194,0.22313006652122064
no.bil,bc882dff6a8248d1,1,392,0.9956436389729326,0.34167212332589986
no.bil,c0df97faef003517,1,316,0.993100301004675,0.13275122328194722
no.bil,c2609f4b76734a41,18,826,0.9741007677337886,0.16010398647282542
no.bil,c45a0095e56032a0,2,252,0.9944457161128293,0.1264710775372517
no.bil,c892c0214de0ae25,26,1054,0.9746767716155001,0.1272076228830755
no.bil,cb052dcbc012f8d6,2,82,0.9245938712457848,0.1594118816032748
no.bil,d1b057b3f600a4aa,30,1200,0.9744281846375737,0.15083008870218428
no.bil,d45c4ae423016261,6,286,0.9334996253674551,0.11776906976329311
no.bil,dda01a040190e725,5,422,0.9536187415564922,0.24969097951569247
no.bil,e401394a6d02df09,18,1024,0.9752686735721992,0.10851035417330772
no.bil,e83396ac8b099b15,1,397,0.9961593298295102,0.26415894994859324
no.bil,eeac9994cd5228e0,8,632,0.9313955869618827,0.20747344732722847
no.bil,f5e87897c930a8e7,18,884,0.9774906213249364,0.22904841551226374
no.bil,faa52af8463ead86,5,466,0.9807665365828634,0.16697987325162664
no.bil,fff1c73977607025,24,944,0.9727511285472308,0.250883382338575
no.biz.annonser,0c92640f40b9b6ba,1,97,0.9804142523675389,0.16513029740453541
no.biz.annonser,1281f4ada9b4e51e,5,381,0.9878388932569919,0.140839698780862
no.biz.annonser,1578dd07dbc4cc0c,2,189,0.9817124133091336,0.19048426580020722
no.biz.annonser,2c03e6097591aae5,12,1177,0.9880590346239508,0.2175428177980994
no.biz.annonser,2f734f8e8116ed39,83,8534,0.9902178990275148,0.3510098281360636
no.biz.annonser,2f76695a7c092293,7,3524,0.9772609461459144,0.16096932016966198
no.biz.annonser,34fb4fe3b8f70ccf,17,1319,0.9893939576755258,0.24016688832527774
no.biz.annonser,4730503a702bc791,28,1642,0.9767137369113811,0.11187387872939517
no.biz.annonser,4a1164e03e7613c1,18,1338,0.952182484663307,0.15185069001554116
no.biz.annonser,51e844b184fddc77,5,499,0.9912461619306507,0.23822433340883334
no.biz.annonser,53aad867d8f818b9,10,392,0.9033000904471942,0.33091078439538957
no.biz.annonser,549259430373846e,1,495,0.9875902482809986,0.04499282685046657
no.biz.annonser,56882e1485d11fc0,2,225,0.9430203720591941,0.27973127114668217
no.biz.annonser,5a30a4cd25dcc1b9,2,118,0.9523062283160965,0.15289292904614699
no.biz.annonser,5c12b6690e96b9e3,7,277,0.8638872207180381,0.2926783350002074
no.biz.annonser,5dee89f10868fc25,10,224,0.8219362587333521,0.13352407087544843
no.biz.annonser,6dc1f26bd516d8a0,2,504,0.9948129242700717,0.23696248864011693
no.biz.annonser,6e29e30a32c64574,2,259,0.989466527985761,0.16990426132811323
no.biz.annonser,71122b0fbdd8b597,2,247,0.9776313258899846,0.26167089725079096
no.biz.annonser,72bc522350fb76e1,4,262,0.9906775130440524,0.23396767949370792
no.biz.annonser,77f1fd8fc29e56bc,2,186,0.983354447234033,0.2540969447735881
no.biz.annonser,7cd05d2c28669b5a,1,188,0.9923735248751092,0.08183661769085579
no.biz.annonser,80d7e38950ab46ed,3,179,0.9833372873214579,0.1328558621957291
no.biz.annonser,83091c8db28fbefd,20,966,0.982953658058374,0.22249068014298382
no.biz.annonser,8c69879d65d546b5,4,314,0.9771051354071438,0.21968715847255998
no.biz.annonser,8cec8e9c8cf9ba94,1,409,0.9905485846412387,0.19291581453158338
no.biz.annonser,9f9788ee0d093b7c,12,1529,0.9869770961606906,0.15875169095943759
no.biz.annonser,a1d4d615535e7521,61,2325,0.9789297249286909,0.18707901485061215
no.biz.annonser,a6c94267162a9eca,13,603,0.982101703888288,0.19999744527574395
no.biz.annonser,a6de0883d19804ac,8,1222,0.9940130970473825,0.21576193365190457
no.biz.annonser,b2f094a59d4ba858,2,448,0.9937064839456995,0.13508751556213391
no.biz.annonser,c338d6fb82643db0,1,579,0.9954314540445712,0.13480685956732655
no.biz.annonser,ca3e70b71fc65ec0,9,1021,0.9911201681996735,0.3783866332815918
no.biz.annonser,cb3d4496672cba08,6,504,0.9877217426326581,0.22729992842802763
no.biz.annonser,d37ec79dc4b68de4,6,760,0.9898219424212987,0.2335634252566389
no.biz.annonser,da9aef0a7b01de13,17,1319,0.9893939576755258,0.2567551540847635
no.biz.annonser,db6c086590248dc5,8,481,0.9703743871549472,0.1362663476386652
no.biz.annonser,e72651fad73908cd,2,35,0.9300481894376356,0.2065083190292152
no.biz.annonser,f0fc005b5fc96604,16,749,0.9645754598336002,0.24799546531316882
no.biz.annonser,f5e28c49b37cb41c,11,3760,0.9895497540880865,0.29748322221502155
no.biz.annonser,f79f27cb088c4538,12,2258,0.9904268346575874,0.19689967354593596
no.biz.annonser,fd8b0d83a1e6bb76,1,164,0.9266882364758886,0.21782886639684085
no.biz.annonser,ff273efe32f9400d,2,560,0.9970057001076116,0.09952038763241108
no.biz.annonser.data,0368fdeb92c44277,5,203,0.9157543407342045,0.1936654531515754
no.biz.annonser.data,12dc36fed4f2f901,3,65,0.8967109571541213,0.21029830552336048
no.biz.annonser.data,1e065a62e1da55a0,8,349,0.8063326078856573,0.17813852087490648
no.biz.annonser.data,250204164c02cdb2,1,86,0.9893551165981205,0.17282012524323567
no.biz.annonser.data,355ba23ed6090526,1,156,0.9880498277269842,0.12540860886771893
no.biz.annonser.data,446095bbaabb7f58,8,349,0.8063326078856573,0.16566006279631174
no.biz.annonser.data,4abc943012f62e28,3,107,0.965654874218262,0.16979602954696535
no.biz.annonser.data,4adc20b04cc0b62d,4,670,0.9821728244688661,0.26237355832221393
no.biz.annonser.data,4b0c4ff8fd8f7b21,2,164,0.9713744778172543,0.16459653413365094
no.biz.annonser.data,4e425da8a41426e7,5,535,0.9578697961560978,0.2025093774714456
no.biz.annonser.data,57ccfe0ca014677b,17,1822,0.9933910581141526,0.1966619827758573
no.biz.annonser.data,5b3cf65622fa8c0f,1,383,0.9930443774276319,0.4772746679178988
no.biz.annonser.data,5e31cc4e9297dda7,12,709,0.9825112586050179,0.14410763400829313
no.biz.annonser.data,5e681b6cc092487c,10,568,0.9856350753818309,0.12089474453562289
no.biz.annonser.data,68574c98b9424242,1,109,0.9813158865731416,0.2777959342484246
no.biz.annonser.data,6dd8fa53b6fffc4c,1,137,0.9800863433199205,0.2967749505290577
no.biz.annonser.data,7ab583d3c6cefb2f,5,508,0.9819816145068868,0.28399601615170167
no.biz.annonser.data,84250286055e900d,6,498,0.9801847782530384,0.15435983767080205
no.biz.annonser.data,918b3da77d115b61,1,241,0.9942856171253154,0.11587060699024812
no.biz.annonser.data,94b340f991f779f4,10,530,0.9777055473587283,0.33077317311897664
no.biz.annonser.data,94d4caa8a96e012c,20,1268,0.9601383833940311,0.22734701709932498
no.biz.annonser.data,9c27931fc645e6f5,6,566,0.9837098874560155,0.12332992360289755
no.biz.annonser.data,9c7c135b7b52f74c,6,273,0.9593471373153716,0.13349631768952414
no.biz.annonser.data,ab8697ee8d1866e0,12,720,0.983978061718842,0.44880756962396445
no.biz.annonser.data,ace0eb4844cf6b78,3,120,0.8570927315904511,0.16939120790943943
no.biz.annonser.data,b01e050e4af8c409,2,103,0.8414005047898646,0.3197079301225702
no.biz.annonser.data,b0f9bb3f78173d7f,2,204,0.9827137458632618,0.19506715113242032
no.biz.annonser.data,bb378d55582eb245,4,211,0.955866213711864,0.3601151837248847
no.biz.annonser.data,bccbc297ab52ff53,24,1025,0.8179427617392645,0.19911267061949606
no.biz.annonser.data,c1afa45cc360d1db,24,1141,0.9648313751706976,0.29482360768562665
no.biz.annonser.data,c2726d83317f78ea,1,265,0.9956247180623037,0.21098853988189872
no.biz.annonser.data,c58a18481307b108,5,670,0.9953060148998354,0.2707088926351483
no.biz.annonser.data,d0de89e9c0088d68,6,634,0.9796761368140624,0.26204405537506387
no.biz.annonser.data,d17a402837ada770,5,611,0.9740133162623336,0.2678020543878154
no.biz.annonser.data,d7f5851407997d61,2,259,0.9837896058958818,0.21508836160039344
no.biz.annonser.data,d91e16fdadc77c2e,5,1122,0.9944916937578858,0.2415367033725746
no.biz.annonser.data,de341c13d577df9b,7,552,0.9840425673601588,0.20399395247278676
no.biz.annonser.data,ef938368612c6790,1,491,0.99533709121576,0.2053534786861112
no.biz.annonser.data,f11c8579ef558fc4,4,102,0.9274622242926479,0.24337431423003691
no.biz.annonser.data,f1fa0440c63fa674,1,137,0.9878051189993501,0.2652615732467385
no.biz.annonser.data,f8a36542c3eaf3f2,1,92,0.992564985226364,0.15581474744132848
no.biz.annonser.data,ffc1539d7452e1db,13,452,0.9778507069859862,0.1353121929107965
no.biz.diskusjoner,03f83e984a3fd127,15,444,0.9340043000585413,0.22486499526495
no.biz.diskusjoner,08090613607dae70,21,1204,0.9891561986754518,0.45116981604905637
no.biz.diskusjoner,08fb6717f4027b68,10,767,0.9840179074944426,0.24189173824904034
no.biz.diskusjoner,0dcd6c8441f265d9,4,120,0.9298940096830504,0.31846556171086593
no.biz.diskusjoner,142c8e83f9f61c5a,7,636,0.981805643599778,0.3606120609044864
no.biz.diskusjoner,20d1a104f3eb63d6,20,1488,0.9876665040675404,0.15092542328309755
no.biz.diskusjoner,2a61ee6957ed4412,5,408,0.9795712462278698,0.3136644854292953
no.biz.diskusjoner,2e3ac1627a33d068,2,108,0.9510637696307944,0.09383391085588236
no.biz.diskusjoner,320c5da1b810c5d2,9,671,0.9847701202710196,0.22688759461488697
no.biz.diskusjoner,35c215f92af2f47a,34,2085,0.9848875607430662,0.1537715679201593
no.biz.diskusjoner,3ab02b2b919266e6,24,1233,0.9689819541833714,0.4228502785403039
no.biz.diskusjoner,4e3d5e05a035e2f4,8,561,0.9738546894079554,0.3912774972324692
no.biz.diskusjoner,51478f8b5d16ded2,9,656,0.9878680678161088,0.23496705696197864
no.biz.diskusjoner,5604b791873cfdbd,15,847,0.9892620813162256,0.33769163356151877
no.biz.diskusjoner,5c76cf063a69f1d2,53,3397,0.9670598562133208,0.10242034920362807
no.biz.diskusjoner,5e7de68cd9f7cf1b,1,1096,0.9976424684535673,0.19366564264464825
no.biz.diskusjoner,6af5daedc8106d32,6,397,0.9547907235411576,0.20409627525072155
no.biz.diskusjoner,702fe831b2597d27,7,239,0.9420125431517468,0.14597726869999667
no.biz.diskusjoner,761c8a8995b3c2fe,3,185,0.9759099813937259,0.1785019825510034
no.biz.diskusjoner,8d3ba399ab8882f9,40,2163,0.9848176573842251,0.36919474258894575
no.biz.diskusjoner,97b8f3a54da1a6cd,10,839,0.9559478512774587,0.2608771544508415
no.biz.diskusjoner,9bcddfda4eaf5d3b,1,643,0.9975534626181016,0.11070308499626677
no.biz.diskusjoner,9ea143ee0a4d9224,9,275,0.8597079730445918,0.3971092167192832
no.biz.diskusjoner,a03b174c3ca3e09e,32,1711,0.9837114418658834,0.3202203711690363
no.biz.diskusjoner,a052d32e544b9058,10,464,0.9404372635325571,-0.02004383943298323
no.biz.diskusjoner,a0d4870fcd75be6b,12,750,0.9768220352733505,0.3840850134391139
no.biz.diskusjoner,a85b10c91a89f574,4,637,0.9916848387739148,0.34837462763753974
no.biz.diskusjoner,a88e650a8d914a08,1,134,0.9750865567862167,0.07138281826056717
no.biz.diskusjoner,a9880915c11061e0,2,188,0.9836586202262569,0.38504613084626627
no.biz.diskusjoner,b0c206cc2b1a515b,2,124,0.9517649825705649,0.1638837552283928
no.biz.diskusjoner,b8f74377bf89646a,5,543,0.9914580563457134,0.33967329528159773
no.biz.diskusjoner,bcac8387eadc2f43,2,684,0.9918916140362988,0.32555267759355155
no.biz.diskusjoner,d833ebca80a93239,2,417,0.989594866463285,0.2736012306442014
no.biz.diskusjoner,d9990fe1e01a7dda,3,412,0.9886275576052045,0.24435362676728453
no.biz.diskusjoner,dbc241ff914d41e4,3,411,0.9820910734626165,0.17606646331631948
no.biz.diskusjoner,dc4ba27ec46f46a2,1,2775,0.9960517863464866,0.06061116105958583
no.biz.diskusjoner,def12ac7f6d2bab4,14,678,0.9858713518914046,0.2224122351182588
no.biz.diskusjoner,e342ee3c6ddf9f27,4,582,0.9854004452912075,0.19569440090035398
no.biz.diskusjoner,ee1d20cf7d9a242d,3,157,0.9624911732236597,0.31968727289196935
no.biz.diskusjoner,f2dbf673cccabe1c,23,1297,0.9565671753676146,0.24100068217666865
no.biz.diskusjoner,f32267362344aa33,2,563,0.9920089510808106,0.3420326372754983
no.biz.diskusjoner,fa421d719968b493,23,1337,0.9822260675871184,0.2619518163168145
no.biz.diskusjoner,fd68a52a55d5336d,15,1039,0.9714444167945386,0.15940706886140596
no.biz.nettilbydere,009496afecbdcfd1,16,1038,0.985549341796675,0.38163898453161893
no.biz.nettilbydere,023b6d73e19acfe0,11,806,0.9798268579347628,0.2173600747678646
no.biz.nettilbydere,08e84881dccb9b41,15,752,0.9837286606456134,0.15578793041718
no.biz.nettilbydere,13d781a7da564d19,4,696,0.9821401901457454,0.2199579087371769
no.biz.nettilbydere,15ba257be70208c9,11,697,0.9764165594716091,0.3604842445172859
no.biz.nettilbydere,2ab735c0a1e99068,8,407,0.9735450154373475,0.1915348510998156
no.biz.nettilbydere,2eb1b5c948cb6066,17,663,0.9539141014658351,0.22582901017752507
no.biz.nettilbydere,2fdf2a97a4e79f0e,8,515,0.9596651315702733,0.27504523111518564
no.biz.nettilbydere,3493aaa4de07faf6,5,329,0.9823510041690668,0.2828471421265602
no.biz.nettilbydere,38d1f9aad8f2f978,21,1127,0.9885849334883801,0.16786867738927772
no.biz.nettilbydere,392dab3b2bc2df8d,9,595,0.9693499388102529,0.295531352718317
no.biz.nettilbydere,441988ee32fdaff6,6,175,0.9404379036067743,0.16248576898202088
no.biz.nettilbydere,44e63e798031845c,17,1114,0.9858436151994625,0.35858844271070234
no.biz.nettilbydere,57aa9f039aeee4b4,4,300,0.9834201297784902,0.26724010339577303
no.biz.nettilbydere,5848fd4cdb0c0fa5,7,433,0.9166085144727606,0.4635983954777865
no.biz.nettilbydere,62bce643545125fd,3,333,0.9839218975598744,0.23121154664312205
no.biz.nettilbydere,6ae501e1bc1f70ef,26,1349,0.9761569530106969,0.3890806974565177
no.biz.nettilbydere,6b93520f0e0c2844,8,391,0.9407700066234396,0.28747845209819517
no.biz.nettilbydere,6d0f896050ef349f,6,586,0.970422475770918,0.36897391230722665
no.biz.nettilbydere,741536d50c742655,4,631,0.9840412902032202,0.18787993258239388
no.biz.nettilbydere,7b56269fe855131f,2,411,0.9897964942480708,0.43324962567935005
no.biz.nettilbydere,81f0de54901bcebf,5,801,0.9940336876624583,0.23366576173530268
no.biz.nettilbydere,8811b8048cb21a49,17,1018,0.990314337873295,0.134248633818163
no.biz.nettilbydere,9501f8340f2690ec,5,534,0.9930196144573253,0.11700296092813237
no.biz.nettilbydere,9f6cd59d966309dd,30,1318,0.9879193510456348,0.4811705402059909
no.biz.nettilbydere,a02d6a5c6605532d,2,111,0.965194907663712,0.2984832419592516
no.biz.nettilbydere,a76489615946ec84,11,636,0.96800642969907,0.6513429871483154
no.biz.nettilbydere,a94c46699cf9e911,4,963,0.9939248455884658,0.2822965108623637
no.biz.nettilbydere,adb998280c6b4128,50,2042,0.9788414145161721,0.2273233808059109
no.biz.nettilbydere,adcca6fba65a5a2b,3,230,0.9769016846275885,0.521930283676343
no.biz.nettilbydere,afc37f90e70550b8,5,66,0.7924755205896847,0.15270426112923885
no.biz.nettilbydere,b401b8c5b5b000d6,8,483,0.9444547860121063,0.2629627665147254
no.biz.nettilbydere,ba943d064d957907,7,274,0.9431328848165413,0.18556097541847816
no.biz.nettilbydere,c16dad3226877e20,25,1589,0.9789788464432471,0.229846852177831
no.biz.nettilbydere,c7c60d4837be0bfb,7,475,0.9774950853831468,0.31359026422614167
no.biz.nettilbydere,d751432153c61f84,11,863,0.9893168053898549,0.24250588657135647
no.biz.nettilbydere,dd37d408579c99c0,18,1088,0.9871993169918285,0.36102408850585976
no.biz.nettilbydere,de9fbb249beea96a,10,449,0.9694223272815436,0.3767291537689728
no.biz.nettilbydere,e27799f423b2fad4,5,749,0.9871803023911657,0.22603895047937866
no.biz.nettilbydere,e7989670e36ea790,23,1530,0.9866709117732799,0.22759357089164584
no.biz.nettilbydere,f5ce9ab40f505e98,4,282,0.9815226150020369,0.39376209841761706
no.biz.nettilbydere,f6690b297071aaa8,11,1043,0.9883980431724434,0.18890988731663902
no.bolig,0148931b13e964f0,12,432,0.9065433521781056,0.14458867204021097
no.bolig,08c592ae09ade08f,3,105,0.9632620564554141,0.13799355295785648
no.bolig,0efb0add37ebea73,9,636,0.9910657597176631,0.08172994402001214
no.bolig,12fdbccaf6d53b42,4,267,0.9826628481101051,0.09507348266604375
no.bolig,1e2b76fb4f499d02,88,3281,0.9826384802779339,0.16516209771469226
no.bolig,1e6eb625d6b0ac1c,2,226,0.9521504782675018,0.21035505352876607
no.bolig,2400705cfb34e3d1,3,384,0.9747297480655158,0.0368378524486146
no.bolig,2efd1a411914653d,6,262,0.9643129948756569,0.18445449602123998
no.bolig,309826978d71c487,3,117,0.9353891835143326,0.2696573273149127
no.bolig,3374c73500b00630,10,722,0.9457654161912222,0.38384086472820467
no.bolig,3375b1858dbd2c88,2,171,0.9769280429354421,0.20017873644819942
no.bolig,352be3cae543b04f,24,819,0.9409822807736153,0.20552156173141914
no.bolig,416575a13a0b4336,10,434,0.9066168832377467,0.25149425441570505
no.bolig,430c8e40940ec3ee,3,124,0.912656027744317,0.12303054326637675
no.bolig,43a1273fbce3780d,1,180,0.9922698994012232,0.2095934181194624
no.bolig,4a37ccf41dba8788,16,811,0.9739270739469871,0.2157783809526299
no.bolig,4b546ca87b2c33b9,21,1299,0.9700139987844548,0.16832375952311923
no.bolig,556f45218730f8f3,1,61,0.974826067305434,0.13633152641964408
no.bolig,566df8e75b19b6a5,32,804,0.9521566751592276,0.07412181252985198
no.bolig,5b2548fef4aa2ad8,9,241,0.8235853995281598,0.16097729332529492
no.bolig,654292201fe3e902,5,250,0.8914997212830488,0.17497152969594199
no.bolig,6ac5cb31da8d33a8,18,670,0.9518106761200503,0.3093249622609531
no.bolig,6bce46dab258dd7f,4,109,0.8971669631519177,0.21346723435099707
no.bolig,6f9369e86c1b43a4,28,1142,0.980097406416995,0.21000682212580976
no.bolig,74be57cd131cd227,4,1797,0.9943555767821791,0.309764454461358
no.bolig,75e1d1249126acc5,7,295,0.9551567593004586,0.16209043323284872
no.bolig,8b9fed43e9a92b26,38,1746,0.9851430281628338,0.25653353754974784
no.bolig,96162238c3bb1eb9,7,290,0.9607986311311127,0.16457794055679162
no.bolig,980fc066e876a0f5,2,284,0.9921342922149679,0.29326384374548925
no.bolig,9dfe25f3bf8120db,39,1599,0.9773089288547226,0.17080684894733497
no.bolig,9e8257e24138a532,13,717,0.9709459152503354,0.23933315309601777
no.bolig,a01659d7e3664bb3,3,165,0.9744852698277444,0.12621819827386666
no.bolig,a3fb2f2ad6d00851,13,336,0.8943940451891256,0.1989781663112184
no.bolig,a69ab7fcbbd7fbcf,4,106,0.9411249102098623,0.07092834640264295
no.bolig,aecb4e8d8d3e036c,15,802,0.9628775944479976,0.12558393118794964
no.bolig,b470ab6d9b9163b2,9,314,0.9576719257241058,0.3133153083533301
no.bolig,c1751981d6e6824a,9,365,0.971043984098,0.1523043756327504
no.bolig,c49f0e99fd5f6709,6,229,0.9476895808033388,0.15929531727822527
no.bolig,c81fe7f90e06b363,12,705,0.9770940950273762,0.18531463435616702
no.bolig,d542d984fe9aaa14,14,921,0.9714567114374804,0.28129833339185456
no.bolig,dee16530b1263f38,41,1928,0.987456166042578,0.23920024943794618
no.bolig,df0710bf9076dc74,9,463,0.9464727879827591,0.3110413595448846
no.c,04c9141de4f1bfa0,12,822,0.9817440819260963,0.08859257995719581
no.c,09451f82f21f7ef1,1,280,0.9778688635711199,0.05732443931004384
no.c,0f64de07f3a85a7a,11,961,0.9761191214679373,0.2532397126395713
no.c,345cf418a64074f7,20,868,0.9793796385795003,0.25681498503837513
no.c,390db61d0367a00b,12,1176,0.9857164944223753,0.2398598808567516
no.c,42e933bca61fb808,9,349,0.9391585463915628,0.3131517772603033
no.c,4561c2d5c2f18c4e,7,742,0.9767572004410282,0.136737622326218
no.c,4c38dc36e7336d43,7,1364,0.9942066991830598,0.2473379990010841
no.c,4de055962889ce69,6,228,0.9590404248385381,0.20485985687727581
no.c,5547db2b9fe2d71d,18,629,0.9617653779790845,0.25575825475865654
no.c,5a52091031f64dc4,3,261,0.9823527765774829,0.3526178770901483
no.c,5f059d2c015df233,3,211,0.9787564191983125,0.20713668089634035
no.c,5f11732029ad3c5f,14,968,0.9871115400161474,0.21287126062003725
no.c,647bfe531e2da33d,25,1238,0.9597185090516654,0.2101475609912882
no.c,65c8d2dff8746852,1,249,0.9913438655742848,0.3135126978123299
no.c,6893a054c54d8c21,5,921,0.9854051058179293,0.14785098153584675
no.c,72d1f6d6489338b0,21,872,0.9733484634168571,0.19038736772190612
no.c,7931a6401e85dbeb,8,519,0.9570990855593534,0.05822332293320485
no.c,7ce03b2cacfd5c75,15,1217,0.981918649919847,0.3953540839159017
no.c,7e420c748b9ee703,11,1079,0.9866524569599147,0.15487533742492204
no.c,88240c7d180ff09c,11,533,0.9729750679924479,0.30116648482579805
no.c,8a2e17e46f9dadcc,9,761,0.9817960255344039,0.4782637375820681
no.c,8c9aa2d0f124a6b6,12,811,0.9781084183892513,0.250196930711758
no.c,95301ca2b0630a39,1,483,0.9939634735064596,0.06439793331623252
no.c,9b4ac5510635e68d,2,434,0.996406359677404,0.09419842440748831
no.c,ac1ab2c6289f9acf,4,335,0.9828906286510064,0.09015127019978861
no.c,b38381b88daaeb6b,1,288,0.9923451618581325,0.2627129304137347
no.c,b3afcb76de2314e0,17,907,0.9801324359762634,0.1872622897298061
no.c,b63e933103104b66,10,384,0.9588229321242003,0.2327981540188735
no.c,b88100e88b9eb895,15,2024,0.9914853041099683,0.023838611402540285
no.c,b8b104059c622763,7,677,0.9747123990632026,0.1410771420478679
no.c,bc5d71622557b5bf,1,67,0.9910405454300047,0.22210408499177986
no.c,c55245f52358d633,24,1805,0.9685723717300038,0.2203590613563916
no.c,c6207c40d1a1a93c,2,210,0.9817867872583435,0.23018013472185045
no.c,cfb917b1c243722c,13,717,0.9726375592124352,0.24806419688565048
no.c,d006c8593e4f8907,13,600,0.9757562903171753,0.2773530933063579
no.c,d63b80db3a9103bf,4,298,0.9846589303637222,0.33526395170281753
no.c,d879236f1297632d,8,445,0.9705567654415593,0.19849564626455649
no.c,e09cf827cb0a53b8,9,2994,0.9846780998725662,0.1732346590629388
no.c,e2b40b4444b6a67b,9,559,0.9879443264231629,0.21645115326776643
no.c,e3480fe7abe92e70,15,844,0.9789596754213385,0.15607103715098905
no.c,fed3b5d82b8179d9,9,1079,0.9907902489019265,0.211854856798364
no.ef,05eeed97a314d77e,21,830,0.9495187471362583,0.2705932596014317
no.ef,074c823da7bb2c21,22,1595,0.9866856612618454,0.1429078213150278
no.ef,077ef281c20e1f00,9,664,0.9721849178686157,0.284979301619149
no.ef,11fb2a227a6729f1,5,387,0.9631480937522805,0.2560546821454988
no.ef,1e401a043fef5897,76,4065,0.9779723995477173,0.44026289919570366
no.ef,218981bab6ccfcf6,28,1177,0.9706406873887877,0.334433893549127
no.ef,277ede5c688c465c,16,1382,0.9859554069098749,0.4309699579411995
no.ef,2df8236083d04254,51,2374,0.9730344423548561,0.3764147121804316
no.ef,332d5a3ab735f56b,13,1126,0.979418181546735,0.18230661847937668
no.ef,3736d52810b34132,4,1575,0.9957969676086947,0.29502208706932176
no.ef,43fa6ba6609e1a3a,17,931,0.9700252002675371,0.2110582500528578
no.ef,5516fa5d7b4bf248,15,1031,0.9762499013773025,0.1679672915756402
no.ef,55a8508fe3965048,2,391,0.9902844744685267,0.23270064116509376
no.ef,6024be09b53c4014,21,1162,0.9737119897233636,0.3996063760904486
no.ef,61c743f113a1276f,20,1275,0.9835033261326265,0.3365151776384064
no.ef,63180777c68db1d3,24,984,0.9295692695042277,0.31678748457922273
no.ef,67378a60c3433848,10,653,0.9751986553342638,0.3450620104352817
no.ef,67e5367e1a6bba4d,13,994,0.9867813626960028,0.38534356475916387
no.ef,67fda4afa3e18a54,9,296,0.9331787085839764,0.2740853052449095
no.ef,6855b69a8da2f665,13,1051,0.9241389978130367,0.18334738762008043
no.ef,6b7e7f828227ce1e,2,57,0.883690457772752,0.20789844402630397
no.ef,7414ffe0e7261e32,19,1197,0.9762874243703067,0.22265175063751527
no.ef,78c708bb418d935f,21,774,0.926018512969372,0.1713646921676807
no.ef,826ad8dff64f39bc,17,838,0.9520207776776096,0.3592280629834276
no.ef,85b88c78f860dfea,2,533,0.9872761769981324,0.3082550879001537
no.ef,8c888c27213572b5,11,556,0.9734491644426925,0.42154616182269805
no.ef,9cc4ccf31abf6264,18,827,0.9013437121500416,0.23742192941656454
no.ef,a5dccb0e0f152751,10,277,0.921872648225612,0.17468430197670692
no.ef,a66e90fec0eacf66,21,922,0.9718336318369373,0.3866911525358881
no.ef,a68c215a5cd06c9c,8,246,0.9115803523572928,0.25801255692697106
no.ef,a91b697e4dcf6c8c,15,730,0.9709506414730685,0.1785715184237516
no.ef,bd670c56517335fd,13,767,0.9639138769047879,0.31943178152293156
no.ef,c1bb3c8b704663a9,9,296,0.9225774724546564,0.22214450055809595
no.ef,c7ca6fc74459a76d,10,492,0.9676516907949921,0.27442798374320565
no.ef,cd7ce51c3d04add2,53,3196,0.9818727199657933,0.06589517072743818
no.ef,d0f59999b6b64291,5,1305,0.9923573257747978,0.13290014728279004
no.ef,d463cdfe8eeccc5c,24,1001,0.9645784015763968,0.4027902638005489
no.ef,d4c30619f9b8a480,1,376,0.9950460959002972,0.17011963398094823
no.ef,d71b35aa8b499560,11,649,0.9778181731857983,0.40785395437957395
no.ef,d73beef6d65379bf,4,274,0.9484159140137735,0.22694084970310865
no.ef,d82c74dd5cd0b98d,2,279,0.9785271249783786,0.18654507627375436
no.ef,e819a67ca3c75174,7,299,0.9561868163236292,0.23414236981467346
no.elektronikk,0792cfddc120b9e3,25,1430,0.9850230549687417,0.37042557793904074
no.elektronikk,230d5fba8558257a,7,408,0.9574586695182784,0.2788521962624737
no.elektronikk,23b0ef7651066085,1,128,0.9969474246107816,0.34992611647404337
no.elektronikk,3b79348e7f893434,13,850,0.9820367241771956,0.2677027151055231
no.elektronikk,3d2cb19591f1c9a3,2,355,0.9956124266867296,0.10361130117281911
no.elektronikk,45303447952841b0,7,134,0.9367418004855474,0.11950414795311055
no.elektronikk,49353a506693f483,5,287,0.951969628916232,0.2699450852994353
no.elektronikk,5122427f2cbabe30,7,238,0.9571167761059967,0.04736887989726928
no.elektronikk,626fa45bce716498,7,445,0.9885672474790671,0.2908513038145906
no.elektronikk,64b13e7dd22d4211,10,461,0.977869406480372,0.2716818278889702
no.elektronikk,65cb6ba4ac9ff477,11,610,0.9820839997727058,0.32332657574100804
no.elektronikk,6973bd07a827620e,3,189,0.9757623853806177,0.19314821392268933
no.elektronikk,6bf32b72ddaf1353,95,5019,0.984860868450512,0.4022328061525946
no.elektronikk,6d411383ffe82707,6,218,0.9287292645747219,0.27196648627408704
no.elektronikk,772bc89225ec4978,2,292,0.8948250125789684,0.19952926790649253
no.elektronikk,7b60dbd198597d61,6,275,0.9538419631000137,0.15684651052594087
no.elektronikk,7bb6c980f59a89ed,15,840,0.990419687165268,0.2980163082805108
no.elektronikk,7cc3d094150812a1,2,1466,0.9970329103881932,0.18974418148813532
no.elektronikk,7da7112dcb73efa7,37,1934,0.9891123694477498,0.2272059753722175
no.elektronikk,810b56f813acdde6,1,112,0.9889374115730352,0.18841159268990457
no.elektronikk,84ddcb321b2cdd47,3,326,0.990674548253143,0.29194556770960495
no.elektronikk,89efd10b1ceba3e9,15,1283,0.9881445770726807,0.30957027894809935
no.elektronikk,9356a0a518ced6e6,11,358,0.8519453289980339,0.09029024014370306
no.elektronikk,9395ef7b52417e78,2,311,0.9907279222261043,0.22183662455120698
no.elektronikk,939d447afe43873b,2,466,0.9924068984668601,0.1644612178584421
no.elektronikk,97e667fbad09d8d7,15,1252,0.9813684516343054,0.26947229449997573
no.elektronikk,b207d2020a0b3659,3,410,0.9917392641169412,0.4325968280074206
no.elektronikk,bdc00ccf57f47fa3,42,1884,0.977982903327488,0.046992540341557656
no.elektronikk,be68478197393764,16,769,0.9761245791432825,0.24931274950984952
no.elektronikk,c45130744207d8b6,8,1213,0.9884477779358173,0.1394760262356996
no.elektronikk,c519b292fc564f81,8,515,0.9815318829849685,0.1415581504222566
no.elektronikk,c70216a1f4e6bc9e,3,359,0.9905418019713826,0.2393477770489522
no.elektronikk,cae74e2e2707333b,24,2105,0.9930243643020834,0.3121048236199179
no.elektronikk,cc901e73c7a80cfa,8,635,0.9632646301052127,0.15940808623653394
no.elektronikk,db38f0cf95758cb7,10,304,0.9630828742783675,0.15682974607519493
no.elektronikk,e2b89f23078ad66d,5,687,0.976731801692336,0.32837175294313614
no.elektronikk,e34b65787293c627,5,464,0.9834101080057184,0.270560429244839
no.elektronikk,e452386bfaaf7701,1,104,0.9857236893251876,0.38849164278303827
no.elektronikk,ef6a2a9150e60137,26,842,0.9659200737921997,0.17508481252569602
no.elektronikk,f1eb148ac78b8aa5,4,168,0.9259985247086087,0.07980495551241377
no.elektronikk,f5fd0eff0a5226e6,3,202,0.9600551400724994,0.42612199884214463
no.elektronikk,ffbfa3600eca871d,3,222,0.9652472965145797,0.22585859177832018
no.embnet,089150b7f4b9b2ae,8,516,0.9885389605104296,0.304281104845702
no.embnet,094208ab4d0f6b24,7,152,0.8934073438309413,0.24156738628147112
no.embnet,2301b887ea157f94,4,239,0.9668335136228289,0.2834829192181836
no.embnet,6657f55fcad14abb,7,937,0.9379087519120675,0.040272442588222254
no.embnet,83577db16a6d4543,6,702,0.9291580533705422,0.1279785245807437
no.embnet,88792ffeeb39f47d,7,774,0.9879074018590438,0.18547044345463154
no.embnet,94c74d7b8995bf87,4,565,0.942373179052647,0.15902783572369586
no.embnet,b18017857b1ff45e,4,167,0.9423766246117831,0.22035784461346944
no.embnet,b27ac44e484b5549,1,86,0.9826595648746547,0.1403355177520959
no.embnet,ca066524672da8e2,7,160,0.9376981496748392,0.1407150720692793
no.embnet,ece4969ff89ce19a,7,774,0.9879074018590438,0.12328994358915943
no.eunet.diverse,00297bb9498cee30,24,1223,0.9804261204624383,0.18009560014989076
no.eunet.diverse,07b877a52faf34e0,24,1197,0.9844256278006294,0.24912358255600778
no.eunet.diverse,0a15dd32b354536c,10,432,0.9628661031868218,0.18865738816433059
no.eunet.diverse,14c1c7a524e966a5,23,1055,0.9706022014368229,0.37987288659263085
no.eunet.diverse,1bf69ea23cddf9f1,6,207,0.9417080179817969,0.09147796446481352
no.eunet.diverse,1e47215b6e2a8cd7,15,1436,0.9880563063728134,0.3287715706826807
no.eunet.diverse,266522e8ce8f972c,5,530,0.9816773782435325,0.3055023346533905
no.eunet.diverse,31ad37d2910871a8,5,525,0.9803632730781705,0.274843684086143
no.eunet.diverse,35e27d3ef6efec8a,2,84,0.9537892638085199,0.2084556083158252
no.eunet.diverse,4f0c1970c005a466,17,852,0.9769867208698562,0.435516918695008
no.eunet.diverse,539ebc6727664ef1,6,722,0.9886380218319777,0.28783031745605053
no.eunet.diverse,5575e6c0194e00f1,8,588,0.9829574279339351,0.44738195127041136
no.eunet.diverse,57992437d92f13c0,2,469,0.9914630142736076,0.3000960618893645
no.eunet.diverse,5d78330204e4460f,3,276,0.9748235771298516,0.13170719646873671
no.eunet.diverse,6bf240af3f5e3a81,9,421,0.9603059893711201,0.07147620109935647
no.eunet.diverse,719a6168869134fd,9,792,0.9874560164055662,0.18289957939456547
no.eunet.diverse,72eedc433628c4c7,7,251,0.9415733946925726,0.14098822742858125
no.eunet.diverse,733c806af3e3ac65,4,270,0.971688347300341,0.47358917255018107
no.eunet.diverse,80b3f947eb663c17,7,550,0.9880283877736478,0.45733751016419066
no.eunet.diverse,87f3f7e1f92e15fd,10,357,0.967876996224764,0.18981864938425214
no.eunet.diverse,8e5169c26f2eb852,8,546,0.9799037159139857,0.47908091834904143
no.eunet.diverse,9139903fc515f53a,21,885,0.9789870635473222,0.3909597348189068
no.eunet.diverse,92f3c376db08a62d,11,659,0.9647235601517423,0.22922033843691914
no.eunet.diverse,9b14b3e68390e8b7,1,125,0.9908165189829368,0.2764504547442566
no.eunet.diverse,9f072d3423c5e397,9,387,0.977284884784212,0.2785395252141386
no.eunet.diverse,a99de037276e0734,4,175,0.9683854919940783,0.17927082672189182
no.eunet.diverse,b55cad6773bb84ea,40,2981,0.976431062522475,0.22117223309918163
no.eunet.diverse,b89cb8f07c5a8b7d,11,865,0.9938996381372975,0.17697505215583814
no.eunet.diverse,b9cf632f16e9c97d,13,832,0.9867934844867914,0.2943693994435628
no.eunet.diverse,bad58bd24b228a08,120,6718,0.9867606850303012,0.3138427060460848
no.eunet.diverse,bd1dbafd609d563e,22,1549,0.9861896796863643,0.31385094704588784
no.eunet.diverse,bf5a4024cfd8d810,3,544,0.9888106677585677,0.10747472078080249
no.eunet.diverse,c75b587bf2b6a568,7,931,0.9906660585464785,0.2640681963043474
no.eunet.diverse,dcc4f161359fc198,52,2567,0.9784599894450103,0.3343665025396744
no.eunet.diverse,ddd74d042b9240aa,4,316,0.9551734229720379,0.22803293390626514
no.eunet.diverse,e265781a912e054b,4,423,0.9902249463659124,0.2816385135248571
no.eunet.diverse,e2ac7d2806ecfea4,6,637,0.9894816809833256,0.21690796169526833
no.eunet.diverse,e88c223dc4cdb79b,2,180,0.9574209266483491,0.2588646292991942
no.eunet.diverse,ea3f1884c28feded,44,1737,0.9890471614939383,0.2036898938109542
no.eunet.diverse,eba470385686db0e,8,948,0.9912621507274249,0.3285450220374841
no.eunet.diverse,ef99d246046c7324,10,598,0.9844131199033583,0.26815680294498073
no.eunet.diverse,ffa9f50337969289,1,141,0.9895821043559647,0.41178303743466377
no.eunet.drift,00337390b47789e2,34,1331,0.970244084900392,0.298034466498972
no.eunet.drift,04f14ffc7ddc1f4d,13,900,0.9859993757227227,0.3544035889390359
no.eunet.drift,0824266eeeaf664c,3,208,0.9607091673192834,0.1364726741284188
no.eunet.drift,13a46a19859c866e,12,496,0.9755875651113293,0.12726184403624438
no.eunet.drift,156a6440d66e7f68,3,219,0.9737027964718379,0.3215182091824974
no.eunet.drift,15bbeb01f75aa559,12,815,0.9861435096518676,0.20969301431849507
no.eunet.drift,1bf61948cb197055,23,909,0.9705079209846297,0.13272501023723668
no.eunet.drift,1c2d1235f3e74bab,3,190,0.967761507273548,0.31675226150567587
no.eunet.drift,1d895f56fba10b40,25,1543,0.9657002407532225,0.48177896434464795
no.eunet.drift,273f2efd8fc0c0a6,1,1178,0.9942888694495394,0.19992262793701895
no.eunet.drift,33eac2677706a67c,15,901,0.9764956076428201,0.4350980132518321
no.eunet.drift,36347e51b2e564de,51,1965,0.9420885593140228,0.12349927662732733
no.eunet.drift,437cdbfaa6f12bae,5,140,0.9159685369612292,0.14928040499899467
no.eunet.drift,77ea86f3a58fce04,20,1250,0.9795578298668179,0.25125355137657046
no.eunet.drift,7afa668d35276a67,14,751,0.9776665780048063,0.061453064508373435
no.eunet.drift,7de69c8534380d81,9,554,0.9506911974465642,0.21330254575548177
no.eunet.drift,7df964e640c8b701,6,402,0.9758325927500976,0.4052477580177672
no.eunet.drift,7f3aa7f6eb173253,8,205,0.9198175050152391,0.14315253478397125
no.eunet.drift,87fd30b4f264bf69,5,474,0.9774991104006189,0.3539756675583417
no.eunet.drift,88bcee9678a00186,2,285,0.9925489218946615,0.1366503521482894
no.eunet.drift,8b2f66f51e4f220e,5,326,0.9688973797611727,0.31579871667221315
no.eunet.drift,8c0b47a6689508f1,7,493,0.9847274239693845,0.15604195796106884
no.eunet.drift,8fbc2c962c8dcbfa,18,718,0.9870188766061846,0.1558906933743105
no.eunet.drift,9d4de467752dd399,13,548,0.9754011460824038,0.2813559585972498
no.eunet.drift,a3a99c23194dd693,5,234,0.9426689864021016,0.3003580141055272
no.eunet.drift,a72f588a10ea3093,10,321,0.9586917196051538,0.2476395815358011
no.eunet.drift,ab07163b0c6c1cd6,14,517,0.9742672228816079,0.4246549490071488
no.eunet.drift,ab713759d6c44967,17,794,0.9641382645222704,0.25300111923526275
no.eunet.drift,ba78f50379cd7bec,9,763,0.9820040940043162,0.3028698460476494
no.eunet.drift,bceafb54c4ff5c34,9,604,0.9580527276614418,0.18044058227231444
no.eunet.drift,c477e7c277b7f6cb,45,2055,0.9849866469991652,0.47495595422885367
no.eunet.drift,cdad743b0c1939c7,17,792,0.963656892928659,0.38270272924662235
no.eunet.drift,d1eb8c8b66fe2c87,16,704,0.9699660053425118,0.1955914944370735
no.eunet.drift,d2e946286dcea549,61,2913,0.98457780523124,0.3472277093774758
no.eunet.drift,d81f22dd7ce599fc,10,575,0.9806766106521216,0.2967986305411913
no.eunet.drift,dec4b1f926c98298,9,376,0.9678627113671845,0.3502225986906994
no.eunet.drift,e0d946b640db40a9,26,853,0.9859606800620048,0.30768195174052737
no.eunet.drift,ed875a909fdf44f0,18,757,0.972413270234505,0.44364213988636414
no.eunet.drift,eee755494c6232de,19,1443,0.9905081023936292,0.4742414243680651
no.eunet.drift,f1c3434fc5519f5e,12,709,0.9713577673996857,0.16219737882271937
no.eunet.drift,fd49c0f6833e70b7,20,1125,0.9911828722309116,0.23678171064685444
no.eunet.drift,fe0b6ed5d48c733a,5,404,0.9822597220850852,0.20428309282151313
no.eunet.hjelp,069f0ec264497f16,16,792,0.9843183073665913,0.4381071885412338
no.eunet.hjelp,0ecf29929092db0e,5,653,0.996444505982786,0.32107693591236586
no.eunet.hjelp,1230537d02d1fe92,1,345,0.9945255989135234,0.2690450395107432
no.eunet.hjelp,1b12d3a4009a13ea,8,209,0.9244360536802343,0.3154704059267959
no.eunet.hjelp,1c0da959590b936a,4,404,0.9839879777008027,0.07861562694977649
no.eunet.hjelp,1cc386bdff91d1bf,5,241,0.9250476848361129,0.1604354118929252
no.eunet.hjelp,26ca38d4eeabc3b3,1,322,0.9942753922880099,0.23758900250749668
no.eunet.hjelp,283966c8c0076bd7,15,730,0.979407057756915,0.36676406086557634
no.eunet.hjelp,2b423f4e99e151bc,10,480,0.9582582052124514,0.14544142183096898
no.eunet.hjelp,30a783e9a98b203c,12,470,0.9861056771052401,0.16481908830469566
no.eunet.hjelp,3658931cb3b38791,16,737,0.9813267449103849,0.20870916602681383
no.eunet.hjelp,39567d644f8fba1e,15,546,0.9715582352659216,0.1114607898369259
no.eunet.hjelp,44c0825459c01094,6,1069,0.9807562083864478,0.013491366659914947
no.eunet.hjelp,4ab10858005b2425,26,1208,0.9821142368059275,0.35667003682588866
no.eunet.hjelp,56d173453bf87a5e,6,469,0.9914591062378798,0.20246344923808518
no.eunet.hjelp,570dcb223c268365,8,345,0.9732685191612989,0.11320979391297512
no.eunet.hjelp,6351840d543a144a,43,2370,0.9910909708347979,0.21807024808752096
no.eunet.hjelp,647f7ceaaf7df8fe,8,265,0.9664290888873507,0.23258708503980427
no.eunet.hjelp,73ac027c6591f128,6,290,0.9490514095393304,0.29644486652360547
no.eunet.hjelp,880833e37e45b4c1,7,347,0.9755065449808057,0.22272088910603816
no.eunet.hjelp,884eb8c861079d03,10,668,0.9901323869743694,0.22269340331085768
no.eunet.hjelp,8a4d5ab9ec094d92,9,496,0.9681418062963616,0.24510619768324013
no.eunet.hjelp,8e6e46f889c177c6,4,233,0.9796654656047378,0.16997001797213254
no.eunet.hjelp,9bab2fd8f919ad3b,6,813,0.9943427610557966,0.22348414841169445
no.eunet.hjelp,9e9e7f95d89fddec,7,470,0.9837623116362146,0.26173909596256606
no.eunet.hjelp,a1a5e4cad228fe2d,3,218,0.9855481825524901,0.13962614071206603
no.eunet.hjelp,a4b16bcdf63e6b83,5,283,0.961570697313363,0.29669591440293025
no.eunet.hjelp,a74a9b59a8e1529f,8,441,0.9719405483794064,0.36824587635651373
no.eunet.hjelp,ab548a12cb785023,43,1494,0.9822177598603826,0.267967615564877
no.eunet.hjelp,ad372e45c98ea57b,19,774,0.9789609401565952,0.44307713225982587
no.eunet.hjelp,b2e1ec31e5589427,10,500,0.9638071971467927,0.29672565816631713
no.eunet.hjelp,c6547a7939772a6b,12,618,0.9789326621226887,0.23274748547502694
no.eunet.hjelp,ccdebc1df98beeef,5,325,0.963445293380779,0.3578410359096145
no.eunet.hjelp,cee808fa104738b9,3,172,0.9656358031679505,0.22170278995056142
no.eunet.hjelp,e1dee594550c0503,15,472,0.9432173194410948,0.25316861678615904
no.eunet.hjelp,e46b0ba9f2cf3d98,2,119,0.9686828035615074,0.19934052233259128
no.eunet.hjelp,eb453b2f7060b99b,19,749,0.9834766422402762,0.44779075365971377
no.eunet.hjelp,ebafe73d7f0ae97d,1,786,0.9961722851927283,0.14777282910017062
no.eunet.hjelp,edf07af7e1f33066,7,245,0.946053051386627,0.15529908984668936
no.eunet.hjelp,ee71b48235b54bea,4,632,0.9909848479847608,0.1953076671323627
no.eunet.hjelp,f5b98d5642e3e846,12,760,0.9782145997616529,0.16259111162124673
no.eunet.hjelp,f6946c4cd4ef31f6,6,210,0.9483353630814678,0.10102920310564693
no.eunet.hjelp,fb392838e72a179b,7,516,0.9845448821902383,0.2132029730088556
no.film,0ef12890a2f5d644,6,471,0.9837099115513925,0.25350096788780874
no.film,14143138866c1c2a,13,575,0.9643481839881124,0.22910493393104306
no.film,1b4e9ba368d76862,36,2027,0.9777705123549492,0.09198716271946021
no.film,2936b3796c8be1f5,10,469,0.9411099042640841,0.27849542639478553
no.film,2a4ccbdb0e933401,5,367,0.964509852414577,0.5204042527288277
no.film,2b14dfec8bb834bd,24,1162,0.9581358508376487,0.2072455589249759
no.film,2cf3c879d6536303,13,855,0.978896803132975,0.20486831313632886
no.film,2de984f543c57111,13,1382,0.9875334805330338,0.0559272276793067
no.film,2f33c857a9773141,7,337,0.9336855377591188,0.3187994003833842
no.film,3fcbfc739a336101,12,973,0.9844729518147548,0.26126903046318767
no.film,40c6ff8871e4dda3,1,164,0.9942624915346755,0.010033256700494068
no.film,44a2fc2486694ea7,8,744,0.9814068605959556,0.27081882954743397
no.film,51373125c08518f6,1,215,0.9921301337433768,0.10357034121895686
no.film,519812d2680c1cd8,10,460,0.9703051955858414,0.3077732853260172
no.film,5288ce5eb2968cc5,7,439,0.9693060775882695,0.29550843309196445
no.film,5592969f3cffd2e8,7,660,0.9638313140945683,0.2639725469461377
no.film,582101802ad8ef82,2,402,0.9934427264547004,0.5800655966741445
no.film,5b26d572e1bebc8b,6,516,0.9808128845326988,0.1942030201519049
no.film,6eb3ce6436fa283f,2,405,0.9789399857286366,0.29351203586766844
no.film,71aed239826371a0,7,658,0.9588066389972222,0.15584494454311246
no.film,78f18cb0f5b8fa90,8,578,0.9788344810879055,0.3709783889844429
no.film,83dd5fc88bd30e53,2,389,0.9962751409138292,0.22940478815953885
no.film,8515afedc3f01fe7,4,418,0.9692587408110725,0.29834471248125954
no.film,8a73066049d42d09,6,693,0.9889247932542986,0.2504696790031765
no.film,9a649035f7684e84,4,476,0.984768090481332,0.34004583723317894
no.film,9e01c8ff8e656098,1,220,0.9758977502187771,0.1501535476920387
no.film,a12106e6d0ecc5b5,2,795,0.9962054877995771,0.36073790503015696
no.film,a1dfbfa29398dcae,7,1484,0.9931306757414958,0.09969519639692183
no.film,a8b4058fbdf06fea,4,424,0.9861946281268661,0.33377482761910837
no.film,a8d79429d6128cca,2,284,0.9862721999389614,0.31391013863726364
no.film,b5840530a3231095,4,447,0.9867308269239533,0.11572990199186037
no.film,b6d1ae2fa043c9a1,2,304,0.9811387486600454,0.38535833693426574
no.film,b828a19c4c486855,21,1326,0.9852866086167035,0.25154347788141607
no.film,c3acfd84366043af,9,692,0.9852041924991939,0.2935843111679067
no.film,c9bff68c99a3877b,6,196,0.9410946538239067,0.161745569293913
no.film,cb9430b999855294,3,357,0.9742811838734426,0.24982627466698332
no.film,cc391c90307787d5,8,348,0.9747182469438523,0.3425803087879802
no.film,d791f497cdc001ab,5,315,0.9468081155676541,0.36297448363251134
no.film,e0a181c9545b8b3b,9,379,0.9182231977413935,0.24014468981891987
no.film,e1abecdd5b9124e3,5,699,0.9891366596900185,0.18349360654107316
no.film,e326a06f5b7f298b,8,392,0.9747724943989967,0.3116636120767405
no.film,ec067106361ed700,1,277,0.9891624371403002,0.2096069096742268
no.folklore.edb,09eeee7007902598,11,1581,0.9826739252129557,0.18055428693340003
no.folklore.edb,0a819bcaca7a5a98,5,204,0.9707575270177372,0.28427117750824094
no.folklore.edb,0e304271cee49b0d,6,587,0.9884655054117422,0.8182626039978159
no.folklore.edb,12ff17530f62ba27,2,500,0.9921072637589882,0.3120742876040531
no.folklore.edb,26ae16e9fc2524b9,6,512,0.9891963660628845,0.32871282701583404
no.folklore.edb,37f09a16650dfd72,34,2245,0.9888673875413763,0.3464355937231754
no.folklore.edb,4567434ffd04fc35,68,4441,0.9680493607784771,0.014316717278016365
no.folklore.edb,4dc51694610dfc9f,4,1555,0.9923232589100317,0.4355127928347527
no.folklore.edb,4e2b64f01d59899c,41,2617,0.992811202323414,0.3112788925560612
no.folklore.edb,55e718b885c2761a,7,392,0.9825322142976992,0.20243449175593467
no.folklore.edb,605dbfca738b5d9c,1,419,0.993617150529825,0.15374777141848875
no.folklore.edb,6305c7d8264e5c44,3,328,0.9821471556937722,0.2971889411852808
no.folklore.edb,635c19e80355187c,2,177,0.9661128161216705,0.31993953426861177
no.folklore.edb,7604cd56206b6e93,6,241,0.9795485010372934,0.25982548688383383
no.folklore.edb,7936c7ea7aeb2753,1,353,0.9935272601634799,0.28309164408286364
no.folklore.edb,7e08933b82fb743c,29,2124,0.9900081778901818,0.3174423713931139
no.folklore.edb,7f16ded9206e1ed4,3,261,0.9821813043649922,0.12730953620134947
no.folklore.edb,7fa8968376dd2b44,3,456,0.9886671003181977,0.4414840293373792
no.folklore.edb,829fd4ae94f59764,19,1008,0.9812765738786862,0.46979100244254696
no.folklore.edb,87570e94e817e152,27,1005,0.9723097947969781,0.24296778413905668
no.folklore.edb,8d2a01f57aba2723,4,341,0.9922257799350376,0.15553449514711631
no.folklore.edb,8d4894b084bfde2d,14,1108,0.9926966783070987,0.3970854799171432
no.folklore.edb,8d745f994a95924e,3,134,0.9489132510554551,0.1672263171331487
no.folklore.edb,9157d1a2ab3c31f5,4,657,0.9943800303273478,0.28719381559208534
no.folklore.edb,93dccbbe91b6afc7,1,262,0.995039119461332,0.3426423103745305
no.folklore.edb,9a3ab4e140893a93,10,707,0.9849349499006295,0.3965097982952673
no.folklore.edb,9b50348ae8b2376a,24,1189,0.9814443669987986,0.21125038223836498
no.folklore.edb,a003f453bd06c849,12,816,0.9740263272139478,0.30342506135348246
no.folklore.edb,a7d86f6883560de6,8,703,0.986911411535247,0.2666940088782774
no.folklore.edb,aa06a3ff4e9b14a4,1,208,0.9932511535760576,0.03137889558996425
no.folklore.edb,aa358175f31f0f6e,22,1343,0.9767610646189497,0.04574104365348173
no.folklore.edb,ad7868279dd54a59,8,555,0.9814409239135857,0.28807844453395587
no.folklore.edb,af210f74c429a831,8,642,0.9888808236294191,0.23995855533170657
no.folklore.edb,b7cf0d208d4ae220,1,1973,0.9958392966458148,0.3462625443781573
no.folklore.edb,dc0e960e43ee78cb,13,712,0.9757843460108764,0.28871519293530196
no.folklore.edb,dfa46d3cdbc02408,7,357,0.9846800112936573,0.2532337600512568
no.folklore.edb,e9d0580de0a61d8b,8,364,0.9806442860127486,0.26686429017935887
no.folklore.edb,eac2cd08b4f8b274,9,759,0.9647387726624671,0.30081940393680123
no.folklore.edb,eb5c71d81dbb09c0,3,486,0.9897619665486822,0.28732470866779614
no.folklore.edb,f5c7faf237b671e4,2,1445,0.9946012851809861,0.44455234558626355
no.folklore.edb,f8b499037050a332,3,609,0.9904129408497746,0.21075550041446153
no.folklore.edb,f960f19943d18b00,10,848,0.9921587432135409,0.2940682049631986
no.folklore.generelt,2c40c536cad93948,9,1039,0.9877223917750623,0.13144784347990057
no.folklore.generelt,323313c3b8507656,11,549,0.950011195413257,0.24878046983245192
no.folklore.overtro,54c788ef65b9e27a,8,644,0.9754337933267442,0.19498251459093158
no.general,0b43aaa1b48c65b7,10,581,0.9519897148621809,0.18067634472552505
no.general,0c7f1a7f3c8c64c4,6,278,0.9630421383990652,0.25124534075883176
no.general,0d72bdd3813498f4,14,646,0.9715126344308868,0.09026283830635948
no.general,172c24fd7e71e3ef,36,2049,0.9782648027148816,0.16488161105115498
no.general,17c05e4f574ff403,4,364,0.9777760095350414,0.41757152467642367
no.general,1a8c9a5db877cc63,4,319,0.9706465341765305,0.17005994093162977
no.general,25bd8237eaa5c6a4,3,612,0.9968680810517375,0.3418994352893077
no.general,29289d4582cbdc24,3,162,0.9636712016164417,0.15744456829194492
no.general,2c0900a8e80c7be4,20,1213,0.9786079615766948,0.5090483455167204
no.general,2ee3816eb0449dd3,6,701,0.9869796733675833,0.1666775841566643
no.general,310548f8c247ba4c,35,1832,0.9757893633170975,0.2636547470762305
no.general,31e8efe63283d29b,42,1840,0.9771064585060557,0.16232321569832067
no.general,36927123da38b034,4,311,0.9645530727744877,0.4482267058163272
no.general,4e11fe534279ebfd,5,202,0.9420875896742182,0.336347569508093
no.general,604c35acb9047fc1,2,151,0.9176651653182933,0.39482588360984133
no.general,6ab8733bec336666,16,920,0.9824237273111579,0.04743048089167635
no.general,7426a13cae50d0b4,7,957,0.9680849456279832,0.206445542071515
no.general,790cf6358bc8fef9,6,487,0.9633796564251244,0.2911802429865534
no.general,7ea83f88d4182e95,9,678,0.9810474246596285,0.3395425049596509
no.general,80e4020d725e320d,27,1819,0.96990371640826,0.3165421582047735
no.general,8140a8f6da17875a,1,152,0.9871590707941497,0.048203470641173154
no.general,8231fa620b2de5d2,16,792,0.8081990709405006,0.14361142452709572
no.general,8eb1e2bb6a4ac21a,9,686,0.9693086005633755,0.24757949899947382
no.general,91a8da319870654e,50,2643,0.9293484676616127,0.533281744781715
no.general,922c4dcb48ce9651,5,198,0.9718233293670145,0.23657602378216613
no.general,94c443f7526500d8,6,392,0.9634961331673002,0.2252637895050417
no.general,97d0c81d89919a30,10,628,0.9437884233521845,0.12556467090867626
no.general,9c24cf80df160402,7,272,0.9492189628557227,0.22826176562391243
no.general,a01597c6f76c03bd,14,3768,0.9934281124938257,0.3818563805692244
no.general,a4d268f7f866a16a,17,732,0.9369752829774859,0.3950039425535208
no.general,a54e1153decacf8a,5,867,0.9876072604890728,0.30615922729992884
no.general,aef691ba03b6252c,1,320,0.9909693204444168,0.16271361250321784
no.general,b27d83d93fa891bd,9,822,0.9745007685348553,0.4645246220564162
no.general,b9276cc9da1ca4a1,1,395,0.9888511548776775,0.36166243734478337
no.general,bd46015871cc8488,2,286,0.9922838486451092,0.1639876149870781
no.general,c291715a0fb94469,223,8217,0.9730361553190501,0.3333559043713423
no.general,c5b1141eed16d795,9,495,0.763623902337964,0.29093338514410555
no.general,ddcf1e0e2d22d92e,3,117,0.9254811065303344,0.4207005838865361
no.general,dfefede71c865336,4,270,0.9738262792282599,0.3493341771806801
no.general,eb162f0744983997,25,1105,0.9598646976679489,0.4435616698361785
no.general,edb24c8172af20bb,56,2720,0.9768341726538353,-0.010914111028911435
no.general,eddc9be7343ce8c9,17,1178,0.9817017441830398,0.13201187225344632
no.havforskning,050c48e7d6538498,11,614,0.956313716527014,0.27368061907276825
no.havforskning,0cfee09e5f5c4121,6,481,0.9414526364454401,0.14940323452130547
no.havforskning,0da1fcad3a74bdb9,12,948,0.9864525095661558,0.18025479153998736
no.havforskning,0f30e92c426a27f2,8,291,0.9578168229316446,0.343269176806272
no.havforskning,24367493175072fc,12,627,0.9707610756083267,0.2118192151834847
no.havforskning,282f38bf7e9631b8,36,1944,0.9817421040525902,0.3677144624585916
no.havforskning,284c8aa82b195554,7,1758,0.9883944742808964,0.1698071238451096
no.havforskning,2c34292c9cda7eb5,125,7145,0.9803074512662218,0.12232009570284742
no.havforskning,30b216f83f837ca6,3,421,0.9838239173666479,0.20114105570808818
no.havforskning,36e79a774d60d9a2,32,1315,0.9767263397026948,0.050061991256095346
no.havforskning,3ef8334fb6f9f61c,4,219,0.9657021351230317,0.33399350373409076
no.havforskning,429be13e26139631,73,3378,0.9783609687327902,0.24000234310178198
no.havforskning,58d33eabb280cd17,43,2365,0.9825674567851048,0.3160880637317285
no.havforskning,5b7ecf314281a31a,24,882,0.9615149393353583,0.2645785971584628
no.havforskning,5db56660fd810325,2,256,0.9879250357583149,0.2525749956115522
no.havforskning,65b3bb362cf32694,1,478,0.9965966487104012,0.3373681194722249
no.havforskning,68ade080b77b8fb7,10,549,0.9808424774060397,0.2942190622699547
no.havforskning,697cd48150061baa,11,683,0.9704081869959061,0.20333691728241676
no.havforskning,6a6f4264a488a664,14,621,0.9705949095435495,0.20706596154040727
no.havforskning,6d13dca06e977939,4,883,0.9920613830406717,0.24754403016413662
no.havforskning,7c0e9f56cc9604b6,4,452,0.9699900256294003,0.25749335249154964
no.havforskning,7e858429e68071e4,18,1358,0.9882433088073207,0.15232866871248013
no.havforskning,85e5835015eaa490,12,346,0.9434994749415053,0.3325461705675028
no.havforskning,89124f0c125bc1cf,1,202,0.9629052235854939,0.23869195127127862
no.havforskning,8a7232e3611e61bb,12,946,0.9800196500111907,0.33050852481009707
no.havforskning,921c30d8aa9d3cd5,12,599,0.9602474012248927,0.44288025184212415
no.havforskning,950069db70ca071b,4,469,0.9721320520794501,0.22861125421639555
no.havforskning,9d3ab214b7fd7694,3,770,0.9815261008660141,0.2667247210766719
no.havforskning,9e96955fa6807da9,3,16525,0.9979368156953328,0.1166887336218681
no.havforskning,9f9549d2ecbf2dfa,3,98,0.9224595879762669,0.1353140526040341
no.havforskning,a2663295d982351b,7,359,0.9503941931106674,0.09136964980846622
no.havforskning,b24045b130714ff8,11,623,0.9567206518521425,0.5158527435535702
no.havforskning,bbbdc5b02d897dcc,1,251,0.9964816254265368,0.32711772813272255
no.havforskning,c06a20b59ccfe7c8,11,371,0.9713436725594825,0.3086109958810742
no.havforskning,c08f3562089c8dd3,2,186,0.9674832816576167,0.3933545350178134
no.havforskning,c588e91890195a05,2,455,0.9911904720499426,0.23881405733217909
no.havforskning,d0bc0516042a6868,10,374,0.9705159977323152,0.23609505222896146
no.havforskning,dc68eba1903a00d7,2,3578,0.9950466799823305,0.18413256995343597
no.havforskning,e0754f9318368591,3,332,0.9829963784088157,0.013364241467152134
no.havforskning,e5ee9b56d6b094dc,60,2593,0.9466078599395376,0.14548351592592576
no.havforskning,e5f5181c3a96b2be,2,340,0.9891844382401285,0.15536237347541607
no.havforskning,e667b8d42e3bb5d7,6,286,0.9567987642441069,0.21577268014309958
no.havforskning,e88b2a7adf9ba6fb,4,130,0.9668288957854416,0.2953165631682793
no.hobby.diverse,00950be5a2296066,9,365,0.9748038767199793,0.160607774196245
no.hobby.diverse,0b7f4a723c6dd449,2,132,0.9690215065841596,0.1500016774229038
no.hobby.diverse,0f4e089126b25633,10,658,0.966105552767074,0.3529247958559338
no.hobby.diverse,163f1883f39b7a08,10,404,0.978327848499205,0.1256563967233168
no.hobby.diverse,25d298330e01ea43,13,1025,0.9904895131313595,0.03492647218358481
no.hobby.diverse,2cdb62a7cdf9afb8,5,272,0.973731073254484,0.22756252382607736
no.hobby.diverse,37476f341a2af473,2,87,0.9285456347351855,0.05615926247257265
no.hobby.diverse,3b0ae4f6b27d9cca,3,130,0.9365533935022968,0.25704316682754114
no.hobby.diverse,3f338cb38b49265b,8,289,0.9427274373872284,0.25174555849439584
no.hobby.diverse,42ec42491975f661,1,169,0.9912259402475573,0.1790808598623302
no.hobby.diverse,4847d0dd745ffcc7,28,1185,0.9741434833414901,0.34646021534501936
no.hobby.diverse,49639a4e634c1076,2,71,0.9435550000241468,0.3053443692908601
no.hobby.diverse,4f5280887b803ef8,1,130,0.8766708031378089,0.141322078564992
no.hobby.diverse,4fd3f5810d9c1173,11,1022,0.9752152865131934,0.0773443105491898
no.hobby.diverse,551504a7633b1e7d,2,350,0.9526326147054115,0.01677858577608808
no.hobby.diverse,58001c01a6c2c76f,2,147,0.9777683784432559,0.2774749004569049
no.hobby.diverse,5d6cd5db093b9c0c,39,2366,0.9820100470426253,0.40604295261185913
no.hobby.diverse,5e736d750b664eed,8,324,0.9616134815296354,0.18101362003043817
no.hobby.diverse,6e64d51ab3ef5ee0,6,353,0.93853463116058,0.2646219604223591
no.hobby.diverse,76815f5f61346751,16,1216,0.9887695367963097,0.07180840642519895
no.hobby.diverse,783d8e026ded40a7,8,457,0.9768958999457146,0.2690297062527692
no.hobby.diverse,82cf63e432a7eb65,8,635,0.9819801910043233,0.3578774201179824
no.hobby.diverse,96e35f58eab9110b,7,614,0.9910045492395115,0.2811896190206664
no.hobby.diverse,98c3be7790acfbf7,12,444,0.9284843889496515,0.05846538378541134
no.hobby.diverse,9cace28fa0751616,7,369,0.9374562733272688,0.26586028757469643
no.hobby.diverse,a13407391e29d0d8,6,481,0.9741755894789184,0.3971463466057541
no.hobby.diverse,a75a86091418875e,12,513,0.9057351085938485,0.23166912644044657
no.hobby.diverse,ac5d6d7f54dac9c5,5,245,0.9259122272865348,0.23572019147064557
no.hobby.diverse,b3f12efd6a1ee2b4,6,358,0.9766485665680507,0.09058029646267067
no.hobby.diverse,bfe4c9c59c47fe3b,6,353,0.9713248326019122,0.15067682475233832
no.hobby.diverse,c2a955540650c917,1,202,0.9924076176797688,0.16978509264843852
no.hobby.diverse,c3b7904139be6a53,23,975,0.9887327232454309,0.0697674579984361
no.hobby.diverse,ce6d2c221bf782c0,4,196,0.9686966283213647,0.4747673294094301
no.hobby.diverse,d7027e68430d3702,2,182,0.9932131590793329,0.2380011686740228
no.hobby.diverse,da8b9e080cb65e8d,6,448,0.9411326830379033,0.44747285410329907
no.hobby.diverse,dc84b0e901c766c3,12,715,0.9765675108061566,0.2541784015149308
no.hobby.diverse,e06b44166b2d4cb0,4,553,0.9763383898982199,0.28530193653385133
no.hobby.diverse,ee9943b42d4d7c00,1,45,0.9273321502982885,0.37822301346904047
no.hobby.diverse,efbb2fe5eccf26e7,5,194,0.9746976694919233,0.18350207437338484
no.hobby.diverse,f20cc9d75affb627,4,824,0.9882184670102068,0.3352158671414737
no.hobby.diverse,f7efe8c56e2c3757,13,421,0.9671052606269885,0.3055482980272182
no.hobby.diverse,fdd4e877e55ebea0,15,955,0.9383192651775486,0.3437231056117476
no.irc,0a15a6fd75509721,6,476,0.9836581271575255,0.33969573212726206
no.irc,137c58b2fcc1bbdd,22,1670,0.9872552634518355,0.23178242365208626
no.irc,18b5373e1505f254,12,1109,0.9834318758282253,0.52918783363843
no.irc,2865f2f1ebcbb4bc,17,1085,0.9732891884147706,0.26259580680236905
no.irc,2c743d1b948d2091,8,518,0.9268101435101247,0.3641893883202699
no.irc,326829532bbaeefd,8,1027,0.9825711811598472,0.2381252442159623
no.irc,3580f47c6a8cd83d,18,1012,0.9786024400531619,0.41233901996878586
no.irc,41b8c221dae46785,49,1925,0.9899156443583892,0.30761341691239064
no.irc,4516f1f7be43981e,5,518,0.9887539147968886,0.2962989839057655
no.irc,4d73c65d8f5f0cb1,17,680,0.9644072249512988,0.16430056609174187
no.irc,515f4fce9f9026a6,13,908,0.9820531798345669,0.30941489337846445
no.irc,528f17941cab0016,12,774,0.9764287325264641,0.2636343556246106
no.irc,5c5cb296228d8935,12,599,0.9746598816127967,0.26982037343167115
no.irc,5c780cb6c97d4da6,38,1677,0.9822565464032221,0.44529206215394623
no.irc,634458ca66f09a59,2,681,0.9900091836441701,0.275328812735627
no.irc,696bc25b40b4faf3,3,372,0.9900940409098202,0.33070181917994557
no.irc,711bba4f5298ca2b,31,1136,0.9751300308370217,0.2690656377035443
no.irc,7605eef9a7d93544,3,600,0.9931620355743753,0.469764613203705
no.irc,776d0262a8c1102d,5,314,0.9652165477694372,0.23124519227868806
no.irc,783666650e6d13e2,4,291,0.9763134987310234,0.24353779865886466
no.irc,92ac3062ef1921a8,7,386,0.9853959493185204,0.5107093037917256
no.irc,9d98dc068d798dcc,11,573,0.9714947470636662,0.15609305454780598
no.irc,a95534bdf471ca85,13,594,0.9684060374797346,0.31673788159562377
no.irc,af44e11bbcc0433f,2,259,0.9829950508215531,0.3794887757208863
no.irc,b3a284e836a99088,7,783,0.987098906328149,0.2678305813630839
no.irc,b6fa247a7827f30f,13,655,0.9842908180443325,0.3058481092866956
no.irc,b77081a91fd88a28,3,388,0.9777907410834878,0.2972157974661223
no.irc,ba3071cffeb20e13,36,1308,0.9739438053997358,0.28621806010603895
no.irc,c553a6970ccfc1a5,5,240,0.9684792874740997,0.24198726420290478
no.irc,c8a0e49317d82a8f,67,2216,0.9701906121457665,0.33221073110156324
no.irc,ca3dfd6f60e8871e,13,914,0.9826767271652245,0.43992203020748283
no.irc,cbbb46ed934e7e47,36,1149,0.9845648716440896,0.3138347828020226
no.irc,d54ba10709a8749c,18,1043,0.9850498617942974,0.33331768512282994
no.irc,d94d81fbb51b47e3,15,911,0.9765052120865271,0.3865375990050337
no.irc,dd95308e977f6e3b,2,438,0.990978407944523,0.27432890969904494
no.irc,dedafc00840fcb0c,7,310,0.9506754985527431,0.21090967238467162
no.irc,e3392379ef59f2e6,2,822,0.9950597505563598,0.32409974932162233
no.irc,e8507ff5aae6808b,18,605,0.979626830191625,0.4482334436099762
no.irc,ec96bc75fb485d54,49,2206,0.9723824462254913,0.309069174191004
no.irc,ed3923ba743f9656,5,506,0.985944708498693,0.2581699388745699
no.irc,f3150b713bbb6474,4,472,0.9900816634137123,0.255054510734119
no.irc,fa1e10b7763dd77a,28,1705,0.9876418597886315,0.4008068370754728
no.it.diverse,09feb476388434ed,5,410,0.9768825222087426,0.18480988057546754
no.it.diverse,0b479804bf5aa7e1,6,454,0.97570001938647,0.2989177077717156
no.it.diverse,0ce43742f3202a33,1,112,0.9807343665099563,0.1762181736717846
no.it.diverse,14bad2548c185285,2,143,0.9897544998725786,0.2692394532174001
no.it.diverse,16e403e8edc80666,7,392,0.9540061810832176,0.2816492596463981
no.it.diverse,184148bb506487a3,3,120,0.915427853670184,0.3003323807658239
no.it.diverse,3081beff72550216,7,492,0.975332802223497,0.29195004351217524
no.it.diverse,31ea1854b9e07ed1,8,534,0.9610985990832767,0.10649369311765518
no.it.diverse,351f1357ab3a4a70,9,421,0.9176075918772815,0.2441803880669311
no.it.diverse,44c25a7b59e1f30a,11,804,0.9854693762684511,0.1633655658354113
no.it.diverse,4538957487ee3b2b,4,431,0.9865518320596408,0.2970869540285239
no.it.diverse,4618b48e58be4a3b,9,689,0.9836617477534286,0.2753621699105498
no.it.diverse,4aa90d2fca81cc7a,7,331,0.9687184921963723,0.16757555616161177
no.it.diverse,50fdd5a77a9946cb,8,853,0.9918578909824922,0.21933934123570045
no.it.diverse,5ad9464d41af354b,11,599,0.9616440700009924,0.2050865530127241
no.it.diverse,5f841afa4f456618,2,341,0.9877281499864002,0.11282192316942001
no.it.diverse,62263c1e60a9569a,14,1140,0.9915742665411353,0.16821809783033417
no.it.diverse,64272ff8a7a64878,13,801,0.9836945542767154,0.3076188167228333
no.it.diverse,64f0ae3187974cc3,5,294,0.9511192607734483,0.31558032890084553
no.it.diverse,669063b29158c188,8,589,0.9872471441536258,0.14316920409449746
no.it.diverse,6c43f76d4c031bb8,13,779,0.9863959320942565,0.3343690263463694
no.it.diverse,6d06e9a6c2e643cb,4,365,0.991005486159314,0.20791562987019227
no.it.diverse,7579ea2dd0dc35df,5,566,0.9866781670452496,0.10445135495808236
no.it.diverse,7b9f60533170e3fc,8,547,0.9597857714041124,0.1395824270871029
no.it.diverse,8368a1c728ea246a,13,515,0.9803702219523777,0.12267204326099639
no.it.diverse,9832f0ca655e8a7e,11,565,0.9731542729895307,0.214452510508862
no.it.diverse,9c7b8d83a4d323d1,3,185,0.9871302595453999,0.12064945649009862
no.it.diverse,9e6e0760289bc894,4,413,0.9775115348242313,0.19982001460515228
no.it.diverse,a62384d0034aacd0,2,232,0.9606591595897608,0.25289560530811245
no.it.diverse,b50632bf3d76a1ca,21,1602,0.9898661272686515,0.4248935277531652
no.it.diverse,b6a2f93b466c28c9,5,620,0.9814715614155852,0.26939164946377
no.it.diverse,b8db79f868ba43bd,5,464,0.9759386896322044,0.13566071887730566
no.it.diverse,bed1180a8808dd89,41,2535,0.979874092772328,0.13161542740408602
no.it.diverse,beeb48e11ca27c91,4,325,0.96261116701747,0.11006389668026453
no.it.diverse,bfa3bcdec2840f85,4,264,0.9648352014256071,0.2004346368081304
no.it.diverse,ca676311469266ed,2,195,0.9814630471495472,0.1367741827433587
no.it.diverse,cfb297db2686f18f,9,598,0.9733178607682548,0.3528392086287305
no.it.diverse,d877ffabd3810293,13,846,0.9863259680201393,0.28730013936746096
no.it.diverse,e013d7dc55fa81fa,5,217,0.979418028850457,0.10933019114830599
no.it.diverse,e4010badcd79fc18,1,388,0.9961571527662719,0.10864042241931948
no.it.diverse,e54f0adfc8be5ffd,5,391,0.9738847988514289,0.13807894950056465
no.it.diverse,eaa25960737a8033,15,836,0.9532658569464181,0.20675599615841092
no.it.diverse,ed04c11d1a397455,5,345,0.9701846408932316,0.14251568349996455
no.it.emacs,04b7bc724071c476,10,1067,0.9838309183537052,0.3554109741397371
no.it.emacs,0b934994742d2c9d,3,253,0.9648089925976487,0.27628931518791355
no.it.emacs,0cab9c18ffa3d0ac,7,470,0.9699800237778126,0.31801497534326306
no.it.emacs,124c277bf1c63de6,10,483,0.9723445787939644,0.09486584358669102
no.it.emacs,1dad89935122bb38,11,441,0.9681432180900189,0.27256849186753646
no.it.emacs,212130d7892a2cb0,7,699,0.9928594514102056,0.2829092777354676
no.it.emacs,32190382ae2a9c2b,3,210,0.9729809846636004,0.2312380521896846
no.it.emacs,3d250c02e0379a15,2,223,0.9782604919127816,0.30499550464336417
no.it.emacs,4824544ca2e0b69c,14,976,0.9882501992865413,0.11606011244923842
no.it.emacs,4b84a343fd4665c5,9,565,0.9679291551046756,0.21171876176948762
no.it.emacs,50979ad4f83b5c86,1,101,0.9934531012806194,0.15572095359910923
no.it.emacs,52b92f87de25e764,13,997,0.9761976314177403,0.20540215698034076
no.it.emacs,53a697927166563f,2,244,0.9787686987223871,0.23694823896059153
no.it.emacs,56f94abf26d25c74,5,542,0.9873569520581477,0.1759519945433485
no.it.emacs,5bcdf4a0a04d90af,3,433,0.9907715882102538,0.37987061806976313
no.it.emacs,5c366c1d629770b4,6,487,0.9661101635062084,0.3104785623749137
no.it.emacs,5e25765e61b1a60d,3,368,0.9883006053691651,0.22942461268998182
no.it.emacs,5ed2352d01e9bd54,6,273,0.9462932580335325,0.39458786756173686
no.it.emacs,632f74432f5fbe29,4,524,0.9890698963022696,0.4015394669277011
no.it.emacs,69a674e5e726d452,9,539,0.9893825345125095,0.3030973021430777
no.it.emacs,6cc76c37693bfdc0,1,357,0.9908119237227317,0.3931618674761024
no.it.emacs,6d89f8c150bc4374,4,497,0.991396055909255,0.28735584561162697
no.it.emacs,77898755373a3c69,12,821,0.9861901450946313,0.19315561096416628
no.it.emacs,7ce2a2d568831bf0,31,1759,0.9827910929053044,0.29719559273248514
no.it.emacs,8e786039ab672014,4,575,0.9907587070359181,0.16633235190747392
no.it.emacs,92a15a4c2904101e,11,1316,0.9869360785237347,0.31425446114670674
no.it.emacs,966f411bbec58b4b,3,520,0.9834584104900362,0.4306928668546334
no.it.emacs,b4422018bc665ec9,12,671,0.9750810418310425,0.18092772035649843
no.it.emacs,bf59a8bee82bfeb1,7,759,0.9834429526131372,0.34196033313488283
no.it.emacs,bffa9d98eee2a621,9,469,0.9299331335254263,0.31630608876895144
no.it.emacs,c360a0e2959bcf82,8,340,0.9638426679031602,0.1792807423234347
no.it.emacs,cb7ea1cf67ef2efe,6,511,0.9854708771482388,0.1343094819999416
no.it.emacs,cdd2d6d930362879,7,298,0.9597185811908591,0.26026521861050983
no.it.emacs,cf449390cdafc018,6,1813,0.9839106936181559,0.2146613673028566
no.it.emacs,d4b23514b0dfb50e,15,754,0.9725109145379349,0.23587272810711774
no.it.emacs,da656d8bb447e88f,2,436,0.9956364191421119,0.35065194834252356
no.it.emacs,db33a810548f9413,8,495,0.9684760970089904,0.09697118645157156
no.it.emacs,e48560cbebeebd9b,26,1006,0.9478977040532051,0.4033179488148606
no.it.emacs,e88cf3acd99453fb,3,244,0.9768161556336886,0.40170726167053744
no.it.emacs,faddeada464795cd,13,908,0.9849969439076027,0.10208548167399997
no.it.emacs,fdb67098fd243bd8,6,696,0.9896256711601261,0.2022540419847531
no.it.emacs,ff24bc181d8f6110,2,152,0.9786728682460137,0.42227890505095705
no.it.os.os2,01a3c6909289fd1c,6,281,0.9599438603530346,0.4105354724788972
no.it.os.os2,02a3d5f9b46da28e,14,848,0.9679650466397294,0.1382812255966423
no.it.os.os2,02d8035e4932e2cb,9,834,0.9805498556775254,0.1627439877363409
no.it.os.os2,2b0bbefeb590a474,7,719,0.9918350751096828,0.12284934596872582
no.it.os.os2,328e6e974fd621e3,17,966,0.9883773138441379,0.23900181621940475
no.it.os.os2,363855b5491f9952,30,1227,0.9794027288820728,0.1824958889464655
no.it.os.os2,4339c1c59eea8e11,21,978,0.989000480201987,0.2592055665854344
no.it.os.os2,50dbb2c07091cb1e,14,431,0.9511267987707842,0.06578306797721105
no.it.os.os2,51d14d7ed919f11b,45,2420,0.981932834859287,0.3242697486695028
no.it.os.os2,56223739e112d414,19,886,0.9493761449361079,0.16626912189811793
no.it.os.os2,5623c4d29dc99180,24,1843,0.9846308272481852,0.2472435841194212
no.it.os.os2,57b3b7ec5c4339bf,13,404,0.9459835736832857,0.22476316564433468
no.it.os.os2,60537ebd70c287b2,9,752,0.9949091140269927,0.3091771411847657
no.it.os.os2,609db82762ec9397,4,668,0.9920158718312199,0.16442122500194872
no.it.os.os2,60e8cb3a4c101ddc,14,1308,0.9917023125261094,0.3541013485857861
no.it.os.os2,65bd4c7d946c6a47,4,224,0.9815102296413517,0.3730932465313527
no.it.os.os2,6cb05a31dfca4d08,5,300,0.9409130704429706,0.23996394055160553
no.it.os.os2,6eb22fd9e7e2bdbb,11,490,0.9534597683917395,0.09938143360347085
no.it.os.os2,717ec16572612757,23,1237,0.9845685529754906,0.3297778327226261
no.it.os.os2,7562e0139bdcd15e,10,649,0.9873288374424389,0.16661038115771337
no.it.os.os2,85415274c16a1773,6,309,0.9774678910068652,0.24575049037458105
no.it.os.os2,8592413d18a00711,9,834,0.9880935154185706,0.21244548644438774
no.it.os.os2,93be2d0cd5eb4c33,3,177,0.9648177096818543,0.36244865373170365
no.it.os.os2,9c2a3acb280c3fc2,3,416,0.9931404058010422,0.22966459774135897
no.it.os.os2,9f3053e57f23f2f4,92,5507,0.989742143946556,0.1683871959083429
no.it.os.os2,9ff84e2eb9fd5c77,6,387,0.9579796570525608,0.31085174286655004
no.it.os.os2,a2483c8f07c0a926,11,761,0.9732536939898039,0.24629954970660692
no.it.os.os2,aed7a7d42e6abd29,43,2200,0.9878540542920937,0.20783491898213644
no.it.os.os2,b440e21330e805e8,7,437,0.9540712450427029,0.32363093524718367
no.it.os.os2,bf3d30e2a03ffc1e,5,317,0.9786651967301816,0.2752816487384664
no.it.os.os2,c06b39ccab85935e,21,1004,0.9808724066350857,0.38736553303140336
no.it.os.os2,c143bbb0cef21cc1,5,251,0.9221705341682581,0.20121689091205133
no.it.os.os2,c87dd291c3ec1a0f,4,561,0.9935358436772413,0.19378560736898753
no.it.os.os2,cc9b1f783711fd9d,9,1668,0.9908549806293923,0.22175290217575996
no.it.os.os2,d4c8e42d2e3d81fa,16,948,0.9791794224731801,0.2974593694176785
no.it.os.os2,db2c6b2120aa3d3a,26,1638,0.9890704937519348,0.26350586056217346
no.it.os.os2,dc3d317046f8a71f,14,564,0.9751400986343751,0.15466165035603208
no.it.os.os2,e0a1cf8c76a45eb7,9,502,0.9892152080866673,0.0673325967427984
no.it.os.os2,e9e18e0ad67cb7c3,41,2403,0.9842814426061461,0.19911694454354492
no.it.os.os2,f02ff90ebaffe3e4,9,550,0.9862692640828571,0.20798965562704613
no.it.os.os2,faa9927e709a507a,34,1851,0.9910469684754688,0.07731304594908057
no.it.os.os2,ffebd845066dd74a,22,1262,0.9891317945580357,0.23243574051118832
no.it.os.os2,ffff4099006345d5,3,361,0.9859974091878385,0.3276347646764289
no.jus,00166f176d7313b9,11,821,0.9837292279155124,0.18898087858549226
no.jus,057123db0c2398bc,23,771,0.9272356591746007,0.10336862680723093
no.jus,0beae74177530835,20,593,0.9569798793623135,0.21123217596315516
no.jus,0c7771a29ff14c0e,24,1006,0.9530265548041489,0.24908557540141643
no.jus,1419cabe2c49b8e8,21,1014,0.9649353143763065,0.1045528032619575
no.jus,18fd198b2d2ce78f,25,1378,0.9584705180128055,0.2037714032558104
no.jus,2abc7b1c598a568a,25,818,0.9187543613762541,0.2981936850565897
no.jus,3065ef0ff564a81e,15,1146,0.9906190163793137,0.29215881422581846
no.jus,329a9fc98d1604eb,2,467,0.9890343011044052,0.06207844108844374
no.jus,3416cca11f614232,184,8038,0.9681756909064684,0.16273299786317624
no.jus,38a83e03a67a73d7,12,894,0.987248132341817,0.22663125965839018
no.jus,4027c5363924a8dc,11,460,0.8946746501120618,0.18656591981652954
no.jus,48c398dd2faac7b2,41,1694,0.962273244647535,0.27396650087264046
no.jus,4b70c4c26a0fcd54,15,906,0.9529380033387324,0.20165914891428027
no.jus,4bd01d55e1864390,39,2277,0.9793578713269365,0.3270094355135429
no.jus,4c1de74b7e5cac77,5,480,0.9765095924597351,0.09700149990820314
no.jus,4e01e96cc8954ddf,10,371,0.955806148798147,0.42547835128869965
no.jus,5120f56679193678,36,2858,0.9859239574063029,0.21736768796543066
no.jus,588253ce866647f6,51,2864,0.9720644267476805,0.34490060540735407
no.jus,5f00aed4dc64b097,4,647,0.9943001030562997,0.3744216785142446
no.jus,6c21d3c259cea0f4,18,1383,0.984054801686435,0.24915435177784226
no.jus,74301e5523f96fd6,7,326,0.9252642938308256,0.23799482241717648
no.jus,772a9436af131c5a,6,413,0.9331253329148463,0.3293473479044054
no.jus,85abb8c3073b815e,15,1010,0.9896453090734574,0.255841734530155
no.jus,87be9a5ccc906980,19,1018,0.985728232505102,0.13558206833347203
no.jus,9b43b23c5259f8a2,29,1606,0.982631050739051,0.2788027684098482
no.jus,9dbca8e400006b5f,1,151,0.9918092066724765,0.19342660532659076
no.jus,a7550c636b06e78d,33,1753,0.977663327136663,0.21600700719423802
no.jus,a7d2ad7508d4fffc,69,2805,0.98171664094824,0.2692589435677794
no.jus,a97488503b012ceb,97,4778,0.9837280057311588,-0.026433190348330134
no.jus,b33795de10826442,9,518,0.967799283073376,0.35810785812453017
no.jus,b6d163a6d901320a,30,1922,0.9924823572280399,0.10242003790973328
no.jus,ba9032a24869a7cd,6,278,0.9254131194365369,0.2576594760963284
no.jus,c0a0ee101a0f3f30,9,871,0.9883293331925391,0.19747758046865155
no.jus,c4d381d0a6210255,46,1804,0.9771685208624362,0.29784194530437136
no.jus,c6bb753f43ba5c50,23,1446,0.9813291266793684,0.25454288868218394
no.jus,ddddc16ebd2db67f,71,3932,0.9754050263715028,0.05789299141107523
no.jus,dec3c8642a12e6ae,5,188,0.9167382469848501,0.08394492647107353
no.jus,e12c32a0e46266ea,11,479,0.9802792545935926,0.15148039681475203
no.jus,e349346d0d137849,16,651,0.9765756983463438,0.20237124738965373
no.jus,e596f7872a1d9228,10,606,0.9492764029732684,0.3906115365310794
no.jus,f3414c616533f9cc,22,1411,0.9774510380253542,0.25899261848493205
no.jus,ff1365f4c4baf9d3,3,682,0.9946177207735869,0.20474373324073414
no.kjemi,072887cd1bedc84f,25,1172,0.9614012716866026,0.16015677745637943
no.kjemi,0ce0732adc34078e,4,491,0.9872217791095168,0.14215666299805782
no.kjemi,103f18885991643a,9,507,0.9625997956799061,0.2067207129342429
no.kjemi,16faf188d84098ff,5,550,0.9847327665451023,0.25561553023496997
no.kjemi,1c2b50e91396c40c,28,1904,0.9877917114065684,0.22454472922692897
no.kjemi,270ca7522f44e1ff,7,1060,0.9902615723790819,0.20241592211063014
no.kjemi,275b42dceafff0cd,34,1558,0.9506427124510705,0.24334114902422999
no.kjemi,37c65431b40097f0,11,586,0.901459364405769,0.17931947964003647
no.kjemi,395663d01c1c99da,26,1993,0.9909168783201361,0.3105617789792241
no.kjemi,3cbb38f322e18885,15,696,0.9698692025451633,0.20147519596798522
no.kjemi,46b1db6e27e1d327,33,1081,0.7891217545411829,0.3383569934738992
no.kjemi,48f4e8b7582b0040,4,392,0.9710445520152962,0.35276167690944743
no.kjemi,5093071458c71a7e,4,150,0.9557073255679414,0.22669884051514655
no.kjemi,518747202df99e20,32,2183,0.9809998274534611,0.21966050192114026
no.kjemi,539b582d4c6cc2cc,2,170,0.9746433521369432,0.18751623207271734
no.kjemi,57309f4aaf1ed141,17,1330,0.9557959307365342,0.2518590123579712
no.kjemi,57feaf46dbf0a27a,10,358,0.8480219734061633,0.27805133442065594
no.kjemi,5c991c9fa31744fd,12,707,0.9690643359657295,0.3122244744572911
no.kjemi,62705f409a35744a,13,1177,0.989622758515778,0.29124844658849086
no.kjemi,6a7f7618267beb7f,6,809,0.9896978832381468,0.2061661503240569
no.kjemi,72c8dccf45310806,7,462,0.9854232097616992,0.04331878846228347
no.kjemi,84943da86262f027,8,757,0.9825518233944947,0.21974642088080795
no.kjemi,8838105a1c49f8e0,4,168,0.974964257482669,0.12547507100039856
no.kjemi,8d07efb586eaab23,14,744,0.9821012314694382,0.2637419080902695
no.kjemi,9c00baf00ecd0896,1,373,0.9761974809295558,0.15382185889179448
no.kjemi,9ccbb40a7f10f926,75,3053,0.894318365535563,0.21358842095390201
no.kjemi,b1ebd357bb054fa3,5,736,0.9901956059065715,0.24508224097271758
no.kjemi,b2b96fb72a1cd4ce,16,1079,0.9653179367552533,0.2591576580018186
no.kjemi,bc11ecf0ae0eead9,26,1175,0.9695274763754357,0.10973072924598651
no.kjemi,be5625921b44e132,7,901,0.9756143493887042,0.1717888285441732
no.kjemi,bffe65695d60f934,37,2005,0.9752639129859615,0.32858092294934926
no.kjemi,c27c78354a986543,4,775,0.9810380288028393,0.3012832063923864
no.kjemi,c9af275cb2bb82ea,6,313,0.9326533313209012,0.18643618701375314
no.kjemi,cbe27f346e359f49,6,1118,0.9888717325460706,0.1855923888097897
no.kjemi,d7fdb839a25d7dbe,4,418,0.9852649247992669,0.20031835112954155
no.kjemi,e0d31fb9bb607827,12,741,0.9832172298001537,0.12703606019572897
no.kjemi,e31fc4608994c7c5,11,853,0.9871841456983288,0.23008148435256573
no.kjemi,e8296da1b05fcdca,7,863,0.9662322473166829,0.016697755104910488
no.kjemi,e937e14c8cdc6ff1,10,257,0.9179441584112066,0.31760838346606324
no.kjemi,eab0a5a484688dde,1,297,0.9899493164831802,0.03018423807074273
no.kjemi,f0384a7d92fa6948,6,423,0.9787936397139905,0.16098776892355918
no.kjemi,f3c77bb2b0cbdd4d,13,627,0.975379387685911,0.24790460522473648
no.kjemi,fd26fc562eb8bbfb,5,654,0.9870197968121729,0.13263664123575217
no.kryptografi,02057374a3a3b100,6,530,0.9829639368359439,0.22245049948632192
no.kryptografi,047d305cc551e796,17,1539,0.9914595301560607,0.2845202255019072
no.kryptografi,0729e47135b95d77,9,352,0.9524606077581986,0.11530655845951282
no.kryptografi,094fd207e479eef0,10,1036,0.9882088883345932,0.15777852163483347
no.kryptografi,0d11ec052c059503,9,557,0.9818395237761304,0.23814374399158172
no.kryptografi,1ead69533c359f9f,17,805,0.9772077733625696,0.15993100317434958
no.kryptografi,1f572760b37a3f3d,9,1015,0.9914146695728616,0.29533372434603955
no.kryptografi,2684f863370c02ce,9,543,0.9580084231341653,0.2646154948600289
no.kryptografi,27b13319c14cebe4,2,125,0.9532587169205564,0.29828906197709626
no.kryptografi,2c452ecf3a9865fe,15,654,0.9631153380967842,0.3551584307184992
no.kryptografi,2ed823a2b30df6e9,10,716,0.9802800960457824,0.1171290403819226
no.kryptografi,30989ff6710d45ad,10,626,0.9787713386479594,0.3150071781460381
no.kryptografi,32f66571e151ac3a,6,581,0.9915357710689593,0.3304234835188588
no.kryptografi,3ac3ee9ce639198e,22,1164,0.9745366370900823,0.2815274122321663
no.kryptografi,3e5c609c732c1f21,9,407,0.9544229500842469,0.2920277973531972
no.kryptografi,4d9b375bebc27e70,30,1211,0.961074118890415,0.20256020762083674
no.kryptografi,573ae890f2b883a1,2,737,0.9891865789311318,0.18556392834817298
no.kryptografi,74ec5a2ad9e0ba2e,40,2086,0.9915074009046637,0.27114395403263297
no.kryptografi,778eb4b14245f65b,4,705,0.9937080266206408,0.2275136460013472
no.kryptografi,8683ff30d8c53898,9,642,0.9881966146415813,0.21897002672318563
no.kryptografi,89671f2ba4effe7f,1,701,0.9989564253399859,0.16985845898289312
no.kryptografi,8c5946b8587fc34f,33,1223,0.9592522012681886,0.3238877136846231
no.kryptografi,8d6b85dfa66fc0f2,10,888,0.9866297234772359,0.2070951451267679
no.kryptografi,9302b7854baff13b,4,290,0.9701418770531213,0.46890369467388243
no.kryptografi,9a9bdf78f26166fd,18,771,0.9740306725034866,0.5783513046828472
no.kryptografi,9b36a50b9dfce578,46,3603,0.9921657134507602,0.36442852310353885
no.kryptografi,9c92aba9a1681364,5,257,0.9386135379012457,0.29618278973742207
no.kryptografi,9d3f441b9d3bf979,44,2464,0.9789969519386053,0.14967965762933888
no.kryptografi,a9a8ecd128e914a4,6,513,0.9867638422466053,0.3584919679187108
no.kryptografi,b1bb8615a5441f69,13,739,0.9807497298715325,0.25713323458237
no.kryptografi,b6e41a52452fbce2,10,426,0.9408639614225075,0.22076850802465592
no.kryptografi,bd6177aad35367e1,6,324,0.959078943338059,0.31432830514298377
no.kryptografi,c019fda6633e8222,12,940,0.9799270318803762,0.12905227117482104
no.kryptografi,c083326b4d34f2bd,9,850,0.9718266467124157,0.17374015499595796
no.kryptografi,cad69e38decd4739,6,284,0.948120133334413,0.26707023194699786
no.kryptografi,cc9b44171a560015,3,423,0.9719221052542844,0.2960834571860445
no.kryptografi,cf9ae60b86f7c32f,8,627,0.9593716105395186,0.14436420375418052
no.kryptografi,d319aa5e847a9b92,32,2250,0.9879773629087781,0.2952991075905919
no.kryptografi,e5f0cc58ccc4b2b8,17,1285,0.9829381677946013,0.3267951997856481
no.kryptografi,ed631f3b02e8d13e,21,1136,0.969805577816706,0.3011290874317209
no.kryptografi,ee60e7917f3d0270,4,517,0.9912447706681777,0.27544518657965245
no.kryptografi,ff32d4a20d494317,8,666,0.9829142016230114,0.30401029641585237
no.linux,0036d908550b8b1d,7,760,0.9938145752170765,0.5291000602069496
no.linux,06e32728708a669b,18,1907,0.9826880976810223,0.3238948572268188
no.linux,0932151613e24cdc,6,550,0.9925869724120471,0.19624591683547452
no.linux,094d1ccf5e298ef2,9,1457,0.993405044280244,0.36722795676823533
no.linux,0c46f47a8f015511,27,1519,0.9754176964443066,0.24862893585535897
no.linux,0f77956c83c59a3b,17,908,0.9735694730362304,0.2083876932252913
no.linux,118a57e8bcf6a53b,2,619,0.9959234059966119,0.2579210571340508
no.linux,1202583b2975c039,7,1154,0.9928296316272608,0.1657068057656327
no.linux,1496e87380263585,7,487,0.9835411855948994,0.11840240930033717
no.linux,1638006743b75f33,12,662,0.975856726176812,0.24349167803756627
no.linux,185a64f0f3f8b1e2,14,626,0.9784161434809134,0.15374156493304364
no.linux,1da835197e7292be,13,950,0.9876706290760939,0.3214360448292621
no.linux,2c4c4b9bf39ae2e5,3,760,0.9845589112550348,0.1559990508220158
no.linux,30302ab24c9e8e45,16,779,0.9861511679875734,0.2921716012888063
no.linux,34280058b3433680,2,332,0.9849112856098229,0.2730986692019712
no.linux,4407c4d530d45bc1,17,1279,0.9919327342746591,0.3709383912056229
no.linux,4e55c81ab131935e,14,634,0.9770397587193996,0.23576088409196386
no.linux,51562344c10c4417,22,1598,0.9897505503132307,0.14758351392739516
no.linux,521b649568abd4df,1,738,0.9976086471395706,0.2728795861512007
no.linux,59984a3c69353ada,7,435,0.9806795292775543,0.38824094124103425
no.linux,711289fbfa803fdd,10,538,0.9786367247516361,0.062468171635715275
no.linux,726915ad7a5bbc58,7,583,0.980085293741279,0.12135385920698707
no.linux,7323e5a225f517be,6,626,0.9842830653943204,0.11458881939115312
no.linux,7395e35fb690b5aa,6,836,0.9793604964312165,0.050423017186793526
no.linux,74ef39c7f1b7dbd9,12,641,0.9865956417662279,0.0900419970720945
no.linux,79cd674f7251b8c7,15,2581,0.9949828346590843,0.27152546928723603
no.linux,7f6c9ba01c701ba3,16,729,0.9837743697503047,0.26579586237942515
no.linux,9f71f56701a28a7e,23,1226,0.9908581311465705,0.26182400434384834
no.linux,aaf8620587c99571,14,950,0.9880734908304776,0.2801900339071169
no.linux,aed2c12826a5371c,3,433,0.9861637678661648,0.3007805215552854
no.linux,af854e613caeb168,14,725,0.9811872695949078,0.11503588129997337
no.linux,b70898a176b865e8,2,733,0.9932352548847971,0.3077837465288961
no.linux,bf3aa2aa3971b4ce,4,446,0.9853565240702189,0.19027163914737727
no.linux,c96ecfb04568a840,5,739,0.9857489765052307,0.17761439499050177
no.linux,cd3ef42ffa264673,26,1807,0.9840134211030772,0.2279652030990808
no.linux,cefa223d8b2fc2c1,9,541,0.968026221499683,0.3662555916619379
no.linux,dd5a36b7c577dd93,9,655,0.9869074256743005,0.15767644670389694
no.linux,e175403ccb1a1055,17,715,0.9871754558172339,0.12096340946592102
no.linux,e389cfe0e948f2b0,8,436,0.9751288163817324,0.16186504228537593
no.linux,e57a3240146a6ff7,5,706,0.9833611031574172,0.2769023085760354
no.linux,f11ab9ea413d0a96,4,282,0.9786463386661697,0.16649751662793574
no.linux,fe005cb24b61a563,9,839,0.9798752432530535,0.24863105265730095
no.lisp,00b1dea92273d1e5,4,486,0.969201627222215,0.3300151061253901
no.lisp,01f033196d635542,25,2171,0.9819624664380764,0.11098946354496783
no.lisp,0250fb38214a5499,53,4326,0.9884668020518311,0.1768018395101082
no.lisp,199d859de9475cbe,5,1098,0.9954071923688944,0.17115878736115378
no.lisp,2171c261864791ac,31,1855,0.9824670059793389,0.2213670655014101
no.lisp,26ed5f1f60339a63,26,2057,0.9892673084717424,0.23976355151617904
no.lisp,282704b0a9fa443c,11,917,0.9784959895246464,0.39309100694121324
no.lisp,2bdf60dbe9d9b6f9,10,770,0.9881844383500407,0.2470674410596737
no.lisp,3dc2a3dba8fa7e96,20,4166,0.9948294782632728,0.0744104012634213
no.lisp,405a2b125ee9c039,10,3767,0.988974408302707,0.13345424007257378
no.lisp,4444761e0a002566,2,702,0.9952033948874466,0.30245614370783563
no.lisp,4817ccc1a48f9f40,12,826,0.9796668552275914,0.39977107131752504
no.lisp,4a73e8191c06575b,4,99,0.9340479700203559,0.24855110858142124
no.lisp,4c5e7889946910e1,5,553,0.9882365332435635,0.06966530422729608
no.lisp,537703c93d501288,35,1680,0.9849910221423251,0.17383275457609446
no.lisp,5c34d0f30f81b4e4,14,654,0.9867924372142768,0.17720747299108067
no.lisp,5c91555dd1e3c19f,5,953,0.9921864800950742,0.2850359098086725
no.lisp,621b4e7c64b9b67e,11,567,0.9715880612719301,0.3416850609454699
no.lisp,62ebaf584073b304,113,5579,0.9762299414763591,0.41795909369751727
no.lisp,657cdb05c60b0f85,11,509,0.9638133846703538,0.14672793091862127
no.lisp,6f478438dd795f47,8,714,0.9904650310210813,0.47363170220544126
no.lisp,7aea357f24482de5,9,1167,0.9891762189069662,0.2584968986458138
no.lisp,7b1277da924e8ed4,13,694,0.977176539616609,0.3177122159290365
no.lisp,7bc50ecfe568e97e,11,824,0.9851728676011468,0.014606131405366084
no.lisp,802184e5c22fae91,8,675,0.9905610707053638,0.4491981356550332
no.lisp,885d86b8c85183e4,12,509,0.9733399959453876,0.1757870370987601
no.lisp,8aec7a2ebc159e58,4,240,0.9554244809978325,0.31989267305145824
no.lisp,92066584d29d51f7,3,356,0.9813981174183575,0.29768516383744814
no.lisp,accdfb60dccf1e9a,4,519,0.9793204763212398,0.2931512031358707
no.lisp,ae48fa3d738231eb,13,912,0.9830562141794283,0.1094055030124231
no.lisp,aefd6788815d9917,3,1391,0.9931380017323598,0.09161117821790592
no.lisp,bb1af2416236e7b4,10,821,0.9755103074709023,0.15188744222069525
no.lisp,bd6aec6c070b89a8,35,2044,0.9708928304820978,0.35550975002559687
no.lisp,bf24444b1d9bcae8,1,1025,0.9954779138877576,0.16563527372517958
no.lisp,c00c99216b6fec17,1,163,0.9926001598235314,0.18538749456631176
no.lisp,c9f0d09bf25d4b20,1,318,0.9900925215071031,0.2234281496796041
no.lisp,cccbb976f503e687,1,210,0.976886258798481,0.1343975690949118
no.lisp,d968d11a564e90d9,7,946,0.9919602293473022,0.08396840715688487
no.lisp,e1a45856eb8375f3,9,366,0.9639460624576717,0.21227766691191577
no.lisp,e479263f8e38c5c6,12,666,0.9899688735180944,0.16516291712662196
no.lisp,ed1f9e14e17da720,4,658,0.9942656413159496,0.2642603396166582
no.lisp,fa53bdc3e4498b58,37,2482,0.9862022309901629,0.13287783814193527
no.litteratur,059e47ae7a21cd58,13,376,0.9176413727194355,0.4396692439338262
no.litteratur,12695787968ecfe7,7,325,0.9521175480544009,0.24303708788512624
no.litteratur,1c6526a357c7c274,15,887,0.949471179389694,0.21547760077576622
no.litteratur,21d28e2a2a52b80b,4,107,0.9315441856357737,0.22941263765219821
no.litteratur,2c04255eca6f480a,3,361,0.9895039391740793,0.09136733991864043
no.litteratur,2c7c31a5564568dc,13,470,0.966071308174484,0.19796223385802156
no.litteratur,2e7e14e041091ec4,10,826,0.9897118963687462,0.31430529841193555
no.litteratur,2fd285e84bbb1243,12,814,0.9801731560613063,0.40240844300148887
no.litteratur,33a30d0ea3f0eaee,28,1051,0.9613715723051495,0.23461504163629712
no.litteratur,34582e6dfab45831,15,588,0.9298035321838973,0.05975051552096389
no.litteratur,43ed9c9324a3ffc3,4,370,0.9842047853610056,0.3977680809299841
no.litteratur,4404283219390405,2,89,0.9582067332274073,0.08230732042558939
no.litteratur,51d646852751002d,11,926,0.9826243240392031,0.1936569148672667
no.litteratur,5c868be9067e5be1,10,744,0.9730224666254335,0.2223567734751056
no.litteratur,5f20760aaa26ce97,6,551,0.917560944699138,0.314799435697232
no.litteratur,5fe000b3d2d6b59b,101,5603,0.9860532914722113,0.1528552394518538
no.litteratur,6301d96121e93ef7,10,836,0.9716698279624322,0.27366307337829265
no.litteratur,754ce29741075ecb,3,246,0.9564707852940114,0.2144900184731944
no.litteratur,7593254d0d5ece13,10,297,0.866318526973679,0.24739850999739163
no.litteratur,7f35a43b5ded4ac7,16,831,0.9533216350901714,0.4147450984030312
no.litteratur,81e717d0cc241eba,1,58,0.9252201284776957,0.21873357597233492
no.litteratur,84321284c68bf37e,5,289,0.9828513092978812,0.23149557734734805
no.litteratur,86959f55d5e255ff,22,1050,0.9647529709671238,0.1837391658892712
no.litteratur,88d1e5e8fd15dc3a,9,655,0.9762840940302209,0.15515321969088355
no.litteratur,8e884f613e045c89,6,229,0.9455666056226669,0.3372401308300284
no.litteratur,989657f08308bf67,39,1557,0.9721546200583936,0.30486467509910953
no.litteratur,9bbcafe23d3e8d98,7,479,0.9808265108189986,0.3710877541176189
no.litteratur,9e09fe0bae2a9f7c,15,1414,0.9859747539984433,0.2520727029128691
no.litteratur,a97cc922c1956ec9,4,318,0.9429474951695282,0.2842916510294193
no.litteratur,ad1fcfbd4f362bad,25,1584,0.9735805680455718,0.2628595433273707
no.litteratur,b193a2fc524e973d,7,318,0.9585783031088737,0.4356158274007101
no.litteratur,b63169818293f109,12,762,0.9834919909208255,0.17175065646976392
no.litteratur,b9def1066a9a8570,5,474,0.9831093306416722,0.40290903109668125
no.litteratur,cdc080220b70836f,6,619,0.985225057171233,0.2245710296413962
no.litteratur,d11181534962c457,5,192,0.9399849841891529,0.2092261640326912
no.litteratur,d44a8d4dc0c420d6,45,2801,0.9898529709375016,0.28201204996555185
no.litteratur,d9a279b957f54cc8,4,224,0.9547315343908583,0.4004345493057136
no.litteratur,e35610559f9eb01d,1,181,0.9860944916998212,0.17234699324617256
no.litteratur,ef013d17e7dd788f,69,2377,0.9246044351396472,0.24185825952317846
no.litteratur,f0b8747830df2585,9,563,0.9823073480995125,0.28401700983669603
no.litteratur,fa20d58f214c7cca,22,1115,0.9600833215435092,0.1413005901079727
no.litteratur,ff72662b2db32bfe,5,258,0.9729618064874258,0.2580112727504928
no.mac,11e71b24ea19487c,9,828,0.9942450244123116,0.13792472988146895
no.mac,142d2057fbc664b5,4,307,0.9879161396195646,0.09124498642575322
no.mac,1539cac0156e6de1,14,570,0.9616582292949439,0.11526570763138631
no.mac,1d7b5bec7e40469b,13,1189,0.9849507798244845,0.1363253066722776
no.mac,28a4927307b58fbf,8,563,0.9810384211612517,0.058198068105388044
no.mac,2be9519ffba4a51d,7,356,0.9708138716505249,0.1611360091574666
no.mac,2e976258d11ad0db,20,1014,0.9771265793456598,0.2863596600760168
no.mac,335103584fd29739,7,551,0.9429236849487227,0.2277358306065731
no.mac,34d4ebd504daa3ee,16,800,0.9813187275704409,0.18172985908234765
no.mac,39a295f3290d16a1,6,412,0.9838343961859248,0.06682367746680948
no.mac,3ce21acc7e606d42,27,1836,0.9936753296660272,0.24617586662183297
no.mac,44e80e6ae86f6815,6,190,0.9339022942586376,0.18441245128308023
no.mac,4790723659e2b038,8,578,0.9866158997323939,0.24342246591259292
no.mac,48c75336c0bc7484,5,961,0.9911452063072534,0.34757977149350877
no.mac,4d0629b17cd4c1ed,16,761,0.9498439948996653,0.19531779857351436
no.mac,594f380e084f1a1f,10,607,0.946663502344004,0.264284595036919
no.mac,5a18f0ce34a87292,3,366,0.9816716302753824,0.10302010780220312
no.mac,5cbffa0b9aebed0e,4,626,0.9906826169237679,0.23719911765968685
no.mac,62ce2e0f70c4b8be,24,1016,0.9821728530663285,0.1360004239081626
no.mac,6523d8d39f196e23,1,305,0.9931840707896732,0.4414501136947246
no.mac,6953fdebf7a882b4,4,503,0.9922799531635307,0.343384694917235
no.mac,70cf6469a9aee981,15,984,0.9907717552349322,0.28225245401262117
no.mac,76b12fda3d64278f,3,510,0.9879132771055118,0.10164493908502893
no.mac,7a81373e4c5bfc9d,3,253,0.9848627417806399,0.02363466814353037
no.mac,8518b39e39ff2976,18,877,0.9701078359349442,0.3114580148819922
no.mac,860cb93f25f453d5,1,402,0.9945339531342378,0.19532255078291033
no.mac,8bac212b7335a865,4,575,0.9743065073099838,0.19695690174130223
no.mac,a227b748e3327c90,15,741,0.9837117615847829,0.11248957239773132
no.mac,a804feaa2dc87dd3,1,213,0.9949482955740461,0.3744162589826098
no.mac,a86eb670b0b2c9f3,9,830,0.9903944220601044,0.03746129889961913
no.mac,b206a10125145d10,6,365,0.9770328649061257,0.10120066049561874
no.mac,b78396fb66569b73,2,595,0.9926493009861379,0.16712614341165008
no.mac,bbf43cdffd42f240,1,185,0.9896514414781069,0.20711955114957306
no.mac,bfcf5aba73a141df,6,386,0.9759276464897708,0.2762359866379741
no.mac,c78fd034270dcddd,19,1286,0.9819107068837474,0.2794662783161801
no.mac,c85050cb457b2eac,5,597,0.9879702559355424,0.2799323504263955
no.mac,ca59c7d7e5a9501b,4,278,0.9736194509535763,0.16087286695081454
no.mac,d523fa1b8a4296af,7,886,0.988203728826687,0.21346855652835398
no.mac,d7e9048905752160,2,86,0.967353876513918,0.09331124621675081
no.mac,ebf47bdd5bc119e4,15,1343,0.9808934252934963,0.16723038466242113
no.mac,ec7d0dd7098f7fd5,2,345,0.9917662232405687,0.29344692693121416
no.mac,ede957072bf6e7ec,7,589,0.9891277570993773,0.18225706695364538
no.mail.diverse,04e2aff3cc1f21ec,10,676,0.9837339150936617,0.35412508504173135
no.mail.diverse,0654bb1638f73eba,1,244,0.9902552637317933,0.570135383617702
no.mail.diverse,0d72fd15220d181c,2,414,0.9898980172675494,0.26447119199533653
no.mail.diverse,1dca109afe16659c,15,511,0.9398475981760507,0.24539035256114194
no.mail.diverse,213add1697c6a0d8,11,807,0.9721450249886802,0.047634265447897124
no.mail.diverse,243def22e1c10408,2,119,0.9681433260705845,0.19684855958970143
no.mail.diverse,36f88abf5f3fceec,3,224,0.976997134860925,0.24404564544709778
no.mail.diverse,3804fe029d75ba5a,5,342,0.9767566468070292,0.5165328556508095
no.mail.diverse,397b99d490726f85,6,497,0.9861450895799039,0.21381801120070298
no.mail.diverse,3993b6061f189ad6,3,218,0.8885902077352923,0.23237093730123048
no.mail.diverse,3d560a5c028fc5a6,13,999,0.9897763373871238,0.258860324664223
no.mail.diverse,3eacc4f387f5893f,12,710,0.9815812528518203,0.26646363805671924
no.mail.diverse,452c2ae4a43d2cd2,28,954,0.9732645677570823,0.27741159032990725
no.mail.diverse,532c07640012d0ad,3,424,0.9803203072509039,0.274336517659003
no.mail.diverse,5405a72b5e1c3681,4,302,0.9843394840231722,0.39622495727712775
no.mail.diverse,5a6172b62231f813,25,1293,0.9813166357297172,0.22870814046240548
no.mail.diverse,5d61c873693f60c0,6,706,0.9765054128151712,0.2831487509634543
no.mail.diverse,61674b38a4d31fae,16,604,0.9647048894153301,0.3437604405217939
no.mail.diverse,707dfd52659fdb00,20,3830,0.9931269078549814,0.3107019780082001
no.mail.diverse,81f22d54f15ad7e3,4,276,0.9628947166500849,0.07666901007140896
no.mail.diverse,84eac7adda1363ea,8,583,0.9899781734486816,0.3715033954292472
no.mail.diverse,8a6c963d7f80d5c0,4,236,0.9781983821721839,0.2675239936515817
no.mail.diverse,908269825f57f75e,4,581,0.9941918271803365,0.24073367852262192
no.mail.diverse,9223762e700cdeef,10,737,0.9705595337166864,0.3596636587101069
no.mail.diverse,95665bc56ab9ef4f,5,790,0.9921733770250398,0.2792240666830343
no.mail.diverse,9e342d46c86c5f01,12,818,0.9834864887947661,0.35353772412730483
no.mail.diverse,a0ce5516d03ae874,3,214,0.981096967587134,0.27086713744950347
no.mail.diverse,a1879cae323e0522,13,673,0.9830160126579202,0.35267364370009163
no.mail.diverse,a2054119df96c55b,21,1631,0.973813503787295,0.2777370940139738
no.mail.diverse,a2853a74fb7941aa,12,658,0.9720149111729335,0.2518192840891205
no.mail.diverse,a709bcaeeb92b953,29,1589,0.9881495032445325,0.4996042725130413
no.mail.diverse,a99943f50cfc2996,24,1082,0.9806436276100766,0.259908579551234
no.mail.diverse,aca356c8fffc9d9b,14,1112,0.9909078987527079,0.1495065944080054
no.mail.diverse,b37d484c70ca49c3,25,1842,0.9872131885585679,0.39240109753167596
no.mail.diverse,c51ab13481e2c9cd,6,537,0.9814573296341315,0.45266325408262564
no.mail.diverse,d4bd7108572f0e73,6,540,0.9823466567809089,0.14055642800787665
no.mail.diverse,d8b1aae491e8c401,1,100,0.9829423170163429,0.12603613109258488
no.mail.diverse,da201a32a62b4fa4,3,139,0.9634616049479133,0.2398120584809083
no.mail.diverse,dc155c88e6a812b5,1,151,0.9863420111945462,0.3495049749137429
no.mail.diverse,e8e1bdb8d68cf10b,16,970,0.9907765493988832,0.21830350867963874
no.mail.diverse,eee9c0d72f32e82b,11,749,0.9774663444481044,0.22027482464052162
no.mail.diverse,f4ddaa95794982cb,16,937,0.9818041092378275,0.2523411665129824
no.mail.diverse,ff57faba7f342773,1,637,0.9973991319153203,0.1313267381839687
no.mail.drift,0072a8887c91d12e,16,805,0.9800022084647094,0.4077992628438536
no.mail.drift,08cc5b822120b4f3,3,416,0.9804235511398566,0.255252886802721
no.mail.drift,0c019bfb3bd27a50,14,923,0.9866315601688722,0.20314907939430324
no.mail.drift,0def4cfe2bb753fc,32,1867,0.9866413022998296,0.3334157638797214
no.mail.drift,0e944346a4b176c7,11,1275,0.9599630578921607,0.32557891807455946
no.mail.drift,1a280a504a73075e,6,390,0.9552259593913948,0.24331650074673666
no.mail.drift,292847849761e296,11,798,0.9885087527945429,0.0660646955114065
no.mail.drift,30dac3a3195cdeb1,7,719,0.9705087329373602,0.5245707299646514
no.mail.drift,361114a108e1057a,15,810,0.9763512303327433,0.2639517092360953
no.mail.drift,37fc35f2cced5e6c,8,379,0.9593756305865445,0.18386758011084572
no.mail.drift,3a8e1010bdb075d1,2,222,0.9848489280381568,0.2982837640126523
no.mail.drift,434239fc7934826f,9,667,0.982188148538243,0.29400163183777406
no.mail.drift,434e78f5a6c82fb8,3,469,0.9854295527395966,0.2917240028431185
no.mail.drift,48326986a88c1944,116,4891,0.9861460835665474,0.35600976080306995
no.mail.drift,4acf90c86dfa3ae0,17,607,0.9851870938398429,0.2140964192916391
no.mail.drift,53e232da2774fd62,3,863,0.9933516689619528,0.27066151972774005
no.mail.drift,62957cf000612f64,10,1122,0.993287405331263,0.37982754909909916
no.mail.drift,62d8d87ad7d85674,3,487,0.9838160651979009,0.40122664768013916
no.mail.drift,66b6f20d338b0951,8,464,0.9637134537671982,0.12129841470910027
no.mail.drift,677b92c2185495a5,2,543,0.992529090806358,0.4229583565257234
no.mail.drift,68dce1b8369e51fe,11,512,0.9616763764837939,0.26070110152550713
no.mail.drift,6bb6bc25a2e4426f,1,261,0.9941610903614085,0.13834997742925872
no.mail.drift,6d2bd1a28bd5784d,21,1166,0.9837862900312854,0.4134650507209362
no.mail.drift,7b27632b34841a72,6,403,0.9852227621137293,0.20221526828613928
no.mail.drift,85210c3315955c10,13,562,0.9214250963925504,0.1200468103266225
no.mail.drift,912cd1ebfb15040f,8,843,0.9921820644001933,0.2672674425997526
no.mail.drift,94b6fd710b50c906,8,786,0.9799678441133925,0.34105818342552885
no.mail.drift,9620d532921d19f7,12,797,0.9838132292578309,0.2668209612560192
no.mail.drift,9713417cd7181c7c,16,1331,0.9938646335736329,0.2669589324434052
no.mail.drift,9c762b2a6f5e664d,8,1010,0.9903473853693511,0.2950856149774844
no.mail.drift,9d08597f037e30a0,16,1026,0.9834109955629475,0.6319238206043534
no.mail.drift,a4c5108c5bbbcf49,8,755,0.9905887693554943,0.3113189188472059
no.mail.drift,a7ca8b3cba3c7a7f,21,1842,0.9799550326456877,0.27850359178733874
no.mail.drift,b71aa8692527c2f0,17,1056,0.9826818967148855,0.32949835970415353
no.mail.drift,b9bce61695c95095,4,268,0.9542930708238758,0.26350369171204663
no.mail.drift,be36ada56d5d0682,17,722,0.9748246754025364,0.29910921252922557
no.mail.drift,be9a96bbb7941ae2,3,2355,0.9951856880089166,0.1832880923726476
no.mail.drift,c3146a5470a8a37c,26,1493,0.9843479983191553,0.14670149273531546
no.mail.drift,c43345b56864ed29,19,928,0.9915106917232153,0.21530356979772333
no.mail.drift,d32f765c8e09bb71,22,1683,0.988284446714277,0.4145162820685359
no.mail.drift,d3e85fa81c15954c,9,673,0.976829362867733,0.21119830467162215
no.mail.drift,e3f17e403814b2f9,16,674,0.9681231475638427,0.23083360365221017
no.marked,061150b74766b8ba,12,810,0.9848942227379506,0.1103448415575744
no.marked,06aa00990ba744ed,5,208,0.9678517919105717,0.25488397657251777
no.marked,0c5f73f01979c727,1,433,0.9983631368640372,0.3708475350044344
no.marked,0cdc2e641c1b4ff4,3,223,0.9632025303546853,0.27238283141484515
no.marked,0d352dda85126581,4,146,0.9048804113629747,0.24557385410736537
no.marked,10c33a2fdc934d8d,2,253,0.9929669020235813,0.10637944175575322
no.marked,212fdd50a812d11f,4,247,0.981359209495392,0.24072981515804243
no.marked,2589290ea26f01b6,5,118,0.7926678660650376,0.2208902558251107
no.marked,26065f5d4b67fe39,1,282,0.979446020250588,0.1682086245772024
no.marked,2efde5b70710e29b,20,1555,0.9865961743937829,0.20118470342055192
no.marked,3027b2d1ec62400b,4,178,0.9747145094770105,0.1646418571138323
no.marked,3b0f20899a6c74f5,5,626,0.9882355551727943,0.1692942251680434
no.marked,3ed87e895c9b4747,11,739,0.9695257575992583,0.37955927736311434
no.marked,41c596b88f5c8796,5,163,0.9003998802349731,0.19225580708350365
no.marked,523f3bb3a49fdfd1,4,209,0.9369737323941576,0.12061728575433349
no.marked,52576199016ea97a,6,180,0.8041699195467301,0.10071326753664482
no.marked,559c3a055e74cd93,8,802,0.9721858864086546,0.11569390502991846
no.marked,5a2057fb6bd44eec,4,460,0.9873422502374734,0.252416176090745
no.marked,5ff8adc01fc9d776,11,658,0.9757065156475762,0.13885817307512083
no.marked,732cf0f2aa7f00c3,1,66,0.969630360697598,0.2242884370260267
no.marked,7c38fd53a4cda290,10,523,0.9854405340602821,0.3661755852711994
no.marked,86b2adbbfd99924a,5,136,0.95590482626597,0.36043890264996803
no.marked,8cffa02fdc94eb56,8,1055,0.988820316169266,0.3293312806858339
no.marked,99bc2345ddb72e32,1,287,0.9945666350911978,0.30227179871819354
no.marked,a0801129a8908810,6,369,0.9410943282461107,0.1908301601510513
no.marked,a125312359aa2470,4,181,0.9762409254432182,0.2029612693459673
no.marked,a2b4f942b170842c,2,143,0.9840670812327503,0.12120470667568317
no.marked,a56a8b5dac77f03c,5,157,0.9067022622508307,0.13911373977613734
no.marked,acb9cdee89e152a1,8,906,0.9880088395907713,0.24251409020104256
no.marked,ae60dde14f11785b,4,71,0.7547391859088284,0.11198503832669529
no.marked,b35a850f00ab802c,1,422,0.9773103870300537,0.1322703618453972
no.marked,b97ff39f8ec7b3b6,17,775,0.9393586684569865,0.3392407122588925
no.marked,bc94ed35f22cb7c0,5,668,0.9838340540695955,0.18699258520502707
no.marked,c51af3d25303076c,3,318,0.9573880568938108,0.22981091222820485
no.marked,c57fa667ff8b1367,18,10182,0.9882140209613816,0.3319491572637075
no.marked,c8522e84e00867fa,1,325,0.9897551788849327,0.39717158109633927
no.marked,d44142e27207f847,2,211,0.9939400430452718,0.11433123256795767
no.marked,dd4275d4ae2e1594,2,333,0.9875028529138234,0.18991604011506644
no.marked,e67c44eb70bcf6bb,21,1889,0.987681636773563,0.3418061909439095
no.marked,e70393bac45a3925,1,156,0.9954565280800504,0.08565871153432775
no.marked,e7918359ae14f192,6,142,0.8179010427690654,0.05994721289819088
no.marked,f2a823d2c7b3c72f,4,196,0.9766521275711806,0.1753334752120061
no.marked.bil,0905500958d45783,15,630,0.9447954319169691,0.40935197001411633
no.marked.bil,0a8ef2de9d0786d7,5,122,0.9138597290774038,0.294786610096272
no.marked.bil,0b33d07394978480,3,207,0.9376946947673922,0.3449360815855349
no.marked.bil,155728ca7e2f5101,4,247,0.9688578801578576,0.2475123529361222
no.marked.bil,1f174d1038e1581d,1,109,0.9659545990509744,0.1459701834043676
no.marked.bil,21331efcbca2a52e,5,102,0.9311683638038504,0.20201432977714331
no.marked.bil,21d11c739c849a8e,15,956,0.9870980205829,0.2542017929312893
no.marked.bil,2808d0f7399cff46,6,198,0.9551951500621144,0.14899911083004852
no.marked.bil,3b4905cd4942fdf2,3,206,0.986467679757827,0.1297950780112725
no.marked.bil,53bfe172a1a25fd1,1,123,0.9911939722074443,0.02221377746996079
no.marked.bil,53fb51a045c35858,2,148,0.9870822347955776,0.17385583089270437
no.marked.bil,54323e7fea8f5946,3,51,0.8914163762416674,0.056395715659302445
no.marked.bil,56682ffcfcaaa309,6,280,0.9734952468196522,0.23466698303134464
no.marked.bil,5a822c37919740ce,6,216,0.9524956556392964,0.2840734017433711
no.marked.bil,5b1a0624501d8a8a,2,173,0.9800657820835801,0.14982751284539558
no.marked.bil,5e706080d9e4bae8,1,137,0.9880421538680589,0.05551899447301538
no.marked.bil,682dd2cb47e08ad2,2,139,0.9705592234103568,0.21497311693776108
no.marked.bil,69b9a79d674030f9,5,341,0.9778572875949887,0.13075468715196203
no.marked.bil,6df7f39c848d7f33,7,276,0.9412056250469137,0.24310095898763637
no.marked.bil,72fdeb437cca5a18,3,148,0.9741593344044954,0.29525338968231235
no.marked.bil,73a703f9e4940a6e,4,173,0.9835127064762978,0.08712430946018652
no.marked.bil,74922175ba83b0a1,4,345,0.9864388135476715,0.21572134280902178
no.marked.bil,79e520e0258f9ac7,3,206,0.966446605826348,0.17482581321878266
no.marked.bil,7face445716c5589,3,120,0.9476567783471551,0.12641734299660354
no.marked.bil,81f997f91fb3bd9c,2,125,0.9882188493938927,0.07114490531306497
no.marked.bil,84498e75110c587a,2,74,0.9447850447939061,0.06723058702853553
no.marked.bil,85e9a7f29043a13b,3,228,0.9804254113862507,0.05918733342330141
no.marked.bil,8c5521a6e9e1083a,5,229,0.9575143367790757,0.2823319870398773
no.marked.bil,932454bfd0264194,2,80,0.9605339211311718,0.17468007813703346
no.marked.bil,acd49a9f4a17e712,1,240,0.992110570190521,0.18550109822223754
no.marked.bil,b3505f0a5fa0eedc,3,350,0.9891036455385477,0.1305816993417978
no.marked.bil,b7282d94ed7e7938,7,157,0.9625233961232682,0.16787188759279267
no.marked.bil,bb60ad72966475b9,3,112,0.9449338430470944,0.2691366585508015
no.marked.bil,bbe5cd2a8c8e5808,2,96,0.9853073138973368,0.18622941174894866
no.marked.bil,be756902df706337,3,352,0.9890553106255605,0.189157690601221
no.marked.bil,c73b7ca19c46aa66,1,265,0.9969601209352554,0.1743732299396206
no.marked.bil,c82f1b10539aee78,3,98,0.947457230255591,0.07655774536203212
no.marked.bil,d46e4002d807abf3,8,283,0.9722010564535917,0.20610254113225757
no.marked.bil,d9e468ff6eff1035,3,201,0.9684699323975132,0.23457954146267845
no.marked.bil,de716c85363c6b93,4,310,0.973516230752919,0.19067309208409688
no.marked.bil,e1fc5e2222776a67,3,185,0.9508896804563708,0.128663234278357
no.marked.bil,e6f1ba19e0b8e67c,2,332,0.9918529462965338,0.24398498281964368
no.marked.bolig,12bb16bb7327a188,6,303,0.9531370478548121,0.14527085891182637
no.marked.bolig,13b057d99cf52678,3,165,0.9639117716121762,0.21767258019102223
no.marked.bolig,14afcf55d1375298,6,193,0.9538748331714191,0.15214807124812826
no.marked.bolig,178d8b1547a1668b,5,348,0.9558912985209495,0.2429541848185539
no.marked.bolig,1ebafc1f3b670ee1,2,158,0.9764316406535885,0.1439105527950279
no.marked.bolig,2747d203c7681747,7,248,0.9252557301322256,0.19899487770190938
no.marked.bolig,33bfe4cd8d56f370,17,554,0.9606092725934153,0.17499413329260796
no.marked.bolig,3ad26a6786b2ac82,8,323,0.9218036518125592,0.14106415098040243
no.marked.bolig,41b214128ab04837,6,424,0.9703635842109586,0.19357721820276258
no.marked.bolig,50ef83e0cd7a57fe,6,570,0.9880473395178494,0.2200970206720676
no.marked.bolig,58ce3bb726084637,8,353,0.9654506773609008,0.36702754895345263
no.marked.bolig,64137edee8503017,17,1627,0.9744502143752877,0.2906046301324087
no.marked.bolig,6ad3f7a72262490b,6,223,0.9478698768783475,0.1385812727610195
no.marked.bolig,6b81759f71158342,13,490,0.8949374216919487,0.2881600753074099
no.marked.bolig,6eb6567930ee1c52,8,324,0.9583476099587201,0.15062151028409493
no.marked.bolig,721e25ad50c4c2ee,7,411,0.9750512953414747,0.14208357296670468
no.marked.bolig,7da282f80815562d,2,451,0.9894384465512128,0.19737202028456913
no.marked.bolig,7fce8eb788bf3fc6,12,435,0.966192391893162,0.04893624246618023
no.marked.bolig,8a56d06d1b04a949,7,237,0.9422804656949094,0.12840650612376162
no.marked.bolig,927a2a961a03f590,8,459,0.9810936504956532,0.2015447413191597
no.marked.bolig,94d1b0dc347d203c,4,157,0.9357973520411442,0.14017767736148984
no.marked.bolig,97e82896104fef62,5,261,0.9785647051614719,0.15425188809449114
no.marked.bolig,9a660d8237a9837a,3,294,0.9795999952848006,0.17850743971522612
no.marked.bolig,9ef1f5dee67a9528,6,696,0.9841673398040548,0.13429295974382777
no.marked.bolig,a09a329b670ee00d,13,459,0.9665782666889646,0.18829194561744952
no.marked.bolig,a20db6296540c364,3,248,0.9649855249059687,0.15919340872673604
no.marked.bolig,a915b6a7c5918874,2,192,0.9339836612086961,0.2483062367145534
no.marked.bolig,aa155525b4892574,2,237,0.9937811102558799,0.0788320410600183
no.marked.bolig,ab62c39fe1aa0403,40,2241,0.9770069882041208,0.2941230986143492
no.marked.bolig,acb8e8050ba69716,4,512,0.9646359875331492,0.24776057934667695
no.marked.bolig,af2d5d91fd96bd6c,10,749,0.9689169516286135,0.04905661450037527
no.marked.bolig,b4de9a48a3a4579a,1,133,0.9926888054144188,0.2225873759110983
no.marked.bolig,b6279de0652cf084,2,225,0.9570872424293113,0.19402637454707133
no.marked.bolig,b6c3d90b7ab966ea,4,220,0.9605166682922204,0.1670240023337709
no.marked.bolig,bb1638ebf3483244,4,525,0.978529358521562,0.14295283585908639
no.marked.bolig,c4781d7bce4d55c6,5,152,0.8114461171940625,0.24171101578931886
no.marked.bolig,c4fe4a3e588ee6e3,2,223,0.9397487723056277,0.15963452841634984
no.marked.bolig,ccf7d2ea47050f2f,2,174,0.9829485000125024,0.19394282594213724
no.marked.bolig,db47a60de2e04343,2,107,0.9631767523220106,0.12441978206201959
no.marked.bolig,e7c8973da58141db,15,503,0.940889181443069,0.2172785841836675
no.marked.bolig,fd313ef814995474,8,323,0.9218036518125592,0.20902531827891846
no.marked.bolig,ffa0e5de2fb61d59,2,555,0.9868932532255876,0.09372815995616673
no.marked.data,0485eaeb7840f715,21,691,0.9586903545947215,0.38904017978601696
no.marked.data,0a1d9ec46a5d0a6b,2,973,0.9954227722653457,0.47400427994880684
no.marked.data,0f36a507243d74b6,3,44,0.8968436375324016,0.1191989905487973
no.marked.data,10a8c2a27ab69f4d,9,551,0.9329547080717114,0.10687600868141915
no.marked.data,1825089e726bde23,4,404,0.9921498236192644,0.27664306911832054
no.marked.data,19f3234cdba3a8c3,2,624,0.9926927139952307,0.23241154884257206
no.marked.data,1a0c9b52f3b31515,2,141,0.9819529454530445,0.2208636711510091
no.marked.data,1a3b1193df22526d,2,192,0.9778996860747753,0.34000693166681706
no.marked.data,28ba4e08887eb2ae,6,187,0.9543655291260493,0.35158670930159835
no.marked.data,30ca9a14532cdb4c,6,449,0.9710689650092298,0.484048349794254
no.marked.data,314df1897e248099,2,411,0.9919359100368578,0.13930581487391508
no.marked.data,32a85e6be023fdf0,2,1531,0.9860657924118353,0.01954347555330289
no.marked.data,3712d9195fa625ec,2,275,0.9867453235344162,0.36607532816762284
no.marked.data,3e08c92f6f28c532,2,165,0.9890451813127094,0.25623331003672384
no.marked.data,40f4e9c597321c03,3,40,0.8764826810635111,0.21943374254099196
no.marked.data,4c4b7f6438f423d0,2,137,0.8545065298388844,0.19225281908814018
no.marked.data,4d128f731c0304f4,5,394,0.9843304419746748,0.29565876480920344
no.marked.data,58a21a87f14488b9,8,2604,0.9970895463231272,0.1864458896756001
no.marked.data,657593df46f3a2f4,3,244,0.9831678631456428,0.2429149701514986
no.marked.data,6f51061f10adbede,5,794,0.9854198778077901,0.1890973922507652
no.marked.data,764b79e6aa98773e,9,807,0.9929269534148077,0.28405450611780014
no.marked.data,7f329e5e443480d1,6,330,0.9641031177765358,0.1325981093775531
no.marked.data,7ff1f5dd6c0135ad,3,269,0.9499481307108403,0.03943798707821647
no.marked.data,8b0e42556da0346d,3,173,0.9845983641923175,0.09420923980158653
no.marked.data,8c1f6bdd94ab73b0,2,95,0.9464870252213674,0.21952948046994578
no.marked.data,8d53f63e4cb2156e,1,146,0.9904911135118539,0.25665009313265
no.marked.data,918d5aadef57f288,2,203,0.9873802855005924,0.1983733684879722
no.marked.data,9933cfcc55a963b1,2,355,0.9958142640709009,0.24252355677303855
no.marked.data,9fb072eab4bd03c3,8,374,0.9402332882647293,0.2342703018192139
no.marked.data,a823ff84c91aac3d,2,194,0.9917480385408579,0.16260904689652536
no.marked.data,b18b0e493ecc2103,2,11,0.7236718851569398,0.1905002214149291
no.marked.data,b5ac6fdee8bc68d0,5,145,0.9584459895835423,0.22018984322454074
no.marked.data,baca275f72093322,3,217,0.9398806052285411,0.22674071006716212
no.marked.data,c88581970d9b0577,1,299,0.9953902959217067,0.5447150749159256
no.marked.data,cbd3190948776559,2,233,0.9627803284308112,0.11580641514274699
no.marked.data,d1a76877ca512449,1,97,0.9637128420721311,0.13335408585986905
no.marked.data,d689f2d9f254f020,49,2736,0.9774230016461083,0.28988889848458205
no.marked.data,da6b7102baeb505f,10,977,0.9916418142119041,-0.05092037722748599
no.marked.data,e570a03a231069db,7,220,0.9634195024089498,0.18023052488537902
no.marked.data,e5b3b223024c5f50,5,194,0.9232394757871123,0.21930490643177852
no.marked.data,f81beae17278ec6d,3,77,0.9003716015909254,0.32095911824519047
no.marked.data,fdc314fe6a021b84,1,151,0.9909154001819571,0.26361443248710853
no.marked.diskusjon,0e01d11690ed1d9a,9,905,0.9709345589804044,0.35606572196200303
no.marked.diskusjon,11d3c07cad93504b,7,365,0.9112781537067332,0.16462409591943694
no.marked.diskusjon,165845243117caf7,1,103,0.9914783198528055,0.17440916560222314
no.marked.diskusjon,20b540ee7314cd97,4,205,0.9468036025604941,0.2822272815737846
no.marked.diskusjon,2489cd6e5afbcefd,82,3160,0.8961338665388265,0.24497900995820396
no.marked.diskusjon,27e0a000de33728e,2,429,0.9879552185668401,0.23434242571701672
no.marked.diskusjon,298428ec1567f22e,1,54,0.9837802939645304,0.14971444857892474
no.marked.diskusjon,3f132ce2ab7e9106,16,891,0.9647144829633605,0.23682015907252285
no.marked.diskusjon,426df7873189816a,11,545,0.9718331348576073,0.33385021883489124
no.marked.diskusjon,45193f41acadb5ff,6,471,0.9617334386134964,0.06542996883881518
no.marked.diskusjon,460efc3be742d082,4,146,0.9490658397454148,0.3016777686551175
no.marked.diskusjon,48105a80faddf7e3,11,904,0.9836174988168694,0.40240964884207847
no.marked.diskusjon,4d736991439e28ea,19,892,0.9747620205409078,0.24100204319726945
no.marked.diskusjon,52d0ff7e6a2839d3,2,68,0.8868367383619263,0.3150541073144114
no.marked.diskusjon,59ffdf2945ee77b2,16,909,0.9779566186734256,0.41645952360388183
no.marked.diskusjon,5bbc35d110be30f4,9,486,0.959086489446331,0.5205739333974214
no.marked.diskusjon,62ac976a74a8396a,87,4445,0.9804064218141776,0.17670634001917854
no.marked.diskusjon,653b6725138bc816,2,514,0.9909649418990887,0.2720431622579044
no.marked.diskusjon,65ebe6978bf71fb3,4,222,0.8586699832346182,-0.026241632594552682
no.marked.diskusjon,6aa344fce4a34ce1,10,528,0.9490486358125045,0.24585125464410248
no.marked.diskusjon,6bd3d2f10ead2c70,9,471,0.9652831010604931,0.12261808935918804
no.marked.diskusjon,6fe2a0df1daa53c7,46,2269,0.9537281369273579,0.27015720999424075
no.marked.diskusjon,71017ce7c2827d8f,5,316,0.8354832484471243,0.3686208601770613
no.marked.diskusjon,7748dc689c1389ab,12,614,0.9623776035883691,0.2157187199183085
no.marked.diskusjon,79dcc41db70637dd,19,988,0.9597789037106714,0.26630424551822396
no.marked.diskusjon,7a951f6349594bd7,12,594,0.9666277182268607,0.4197747985751283
no.marked.diskusjon,7c67b7b9255c7a17,6,395,0.9438856096934097,0.21543017659929833
no.marked.diskusjon,8c659af06d126c50,6,372,0.9751939895557217,0.23386298698197303
no.marked.diskusjon,9a2a7f079046a000,8,467,0.9532607920724703,0.21062235143442065
no.marked.diskusjon,9d0df3b97b4203d6,17,741,0.9693040586578762,0.09118645387360558
no.marked.diskusjon,9fd3af3292c2e3f9,28,1599,0.9530069998087182,0.34447056391079856
no.marked.diskusjon,a9577e5758e4aeb7,55,2679,0.9804456140435955,0.40590658316433176
no.marked.diskusjon,b4e12945f0f42aa2,13,558,0.9789412811718954,0.26909151485388366
no.marked.diskusjon,d350287636b7a9bc,39,2541,0.9572759175755876,0.303503473416493
no.marked.diskusjon,d3e4aebae679fa62,36,1906,0.9313363496897231,0.2810735034714933
no.marked.diskusjon,ddba88ea80106bc6,19,1157,0.9702834422653922,0.30589576797799684
no.marked.diskusjon,e10d7c2a2235cfa0,7,405,0.9705136322632402,0.16166528207431388
no.marked.diskusjon,e4a263010afb9de2,19,684,0.9082869056991962,0.04642105863770113
no.marked.diskusjon,ed2a6acfd17c5162,1,227,0.9855813145010855,0.276529212505583
no.marked.jobb,05d31aa48b26079b,96,3868,0.9626028567428168,0.28167390900558953
no.marked.jobb,0a4d4ecada6142a5,19,1536,0.9831864202993702,0.0689279271021743
no.marked.jobb,0d6a4afa03eb0da2,66,3961,0.9756018155240253,0.33913557009537004
no.marked.jobb,19f19984ff8a6df1,25,1144,0.9688403746369544,0.2531983779808865
no.marked.jobb,27d089eecd445342,1,121,0.9486963832687337,0.19953617928716416
no.marked.jobb,36b90088acfd04b9,1,131,0.9858055473053524,0.14248483428365538
no.marked.jobb,3e6b8e7e59e46df4,21,1064,0.9744098264828154,0.016359187978706252
no.marked.jobb,42d0537c8d056a52,5,328,0.9667125659169539,0.14772477809275086
no.marked.jobb,4331e68c19c8c782,24,977,0.9753907528301151,0.2587957740968417
no.marked.jobb,53817820b68ac821,4,350,0.9828346329754898,0.12455826068776432
no.marked.jobb,557293838b29e187,43,2471,0.9877610658418507,0.21578045251432454
no.marked.jobb,58734145827e73c5,25,764,0.9703488992851019,0.15449443545874483
no.marked.jobb,58a80e5c53d60678,10,551,0.9197514692200814,0.23213738278866888
no.marked.jobb,72c35147f3ae091f,20,1513,0.9859138954966344,0.22738840780334338
no.marked.jobb,73145f33cf392bad,22,1196,0.9771665673712657,0.07267805344296044
no.marked.jobb,83ebbc1de8626b86,6,323,0.9632738098775561,0.3839919728473812
no.marked.jobb,84d374d4433df1c8,16,1375,0.9782308083141621,0.08840596325567897
no.marked.jobb,86c7b7d0e317a6bf,4,757,0.9726007814706671,0.32825092094243485
no.marked.jobb,8fe9e6b7f49c98be,24,1198,0.9689389596445326,0.18964554088015878
no.marked.jobb,96371bc057c4d107,38,2016,0.9522577042357538,0.14236478466821884
no.marked.jobb,97f059af5acbdc93,2,617,0.9913399084801883,0.23439639443496973
no.marked.jobb,98ada698b3b24671,12,936,0.9473316857668754,0.04494090132288824
no.marked.jobb,998d6c97ecabbd76,21,1051,0.9801880031197204,0.15882035967075317
no.marked.jobb,99bf38c719d20862,6,619,0.9312393454413948,0.234842008282926
no.marked.jobb,a0234d47bc355e5c,1,244,0.9935357357065271,0.20414516982282643
no.marked.jobb,a89ca6f2b1ba1331,6,496,0.978114958640856,0.17811968546273244
no.marked.jobb,a9a09492dba66e8e,10,686,0.9652621647115739,0.2598947146212264
no.marked.jobb,b291e30d6c1607df,3,520,0.9779355090420071,0.25282249135270785
no.marked.jobb,b95119aaaf11e900,1,1185,0.9980059817533491,0.1825282974404783
no.marked.jobb,b980d92f276c853e,5,255,0.9804688228451788,0.3413384307547694
no.marked.jobb,ba3fd6443eff41f2,1,114,0.9782180002952091,0.07994513991520612
no.marked.jobb,bad3e0d8cdc68772,2,145,0.981167706181177,0.2604882949835499
no.marked.jobb,bb66f47d855a57d0,4,435,0.9767365959155565,0.14997956184046468
no.marked.jobb,cdd89cc74db39770,21,986,0.9126819460417753,0.23540683459225384
no.marked.jobb,ce8a96822f279a3b,30,1567,0.9769787135111521,0.3533037782374887
no.marked.jobb,d01c1292627628f8,2,203,0.9390505195117564,0.12089612597523429
no.marked.jobb,d8bec1ce10d3d0dc,11,1104,0.98833270648202,0.1326951343209869
no.marked.jobb,dd5db8236c262c8b,10,407,0.9761542758841442,0.2514138435121717
no.marked.jobb,de2e85e1f923611f,2,731,0.9886159305106264,0.18948652960986187
no.marked.jobb,eed32aa76c86e7d4,13,569,0.95382239600253,0.18142101999262158
no.marked.jobb,f2ca0ad88654930d,6,342,0.9614870905617733,0.417705061770124
no.marked.jobb,f34b47a341b1c0a6,1,34,0.946140391764087,0.2204450071084443
no.media,0b1a05b62e9e5e1b,11,830,0.9625509602724965,0.2928902183951332
no.media,103d085ea3fd18b3,17,1129,0.9795882633229999,0.1233737524256035
no.media,136a0b095bb6b2dc,29,1665,0.9596503087798685,0.21963703040403612
no.media,13d710fe4f8bb62c,24,811,0.9492811086517589,0.1594461177041478
no.media,1dba9f0030751b5f,2,401,0.9791281749191529,0.17483929872940904
no.media,24dd7188c2a7d931,6,470,0.9070103344559047,0.20300088373983946
no.media,2daea4636f1855b7,4,328,0.979864161871068,0.29609501081348516
no.media,2efe1de6d4eedb36,7,208,0.9126770869061427,0.16288234886042433
no.media,3042b69edb5ebe47,1,146,0.97187910266069,0.21935826819047383
no.media,32b589f85cd919b4,33,1567,0.96825330413481,0.12793654388313636
no.media,356f7b2f011fe3b1,7,305,0.9517948689992141,0.2856132096917716
no.media,399fd9f910e8d7c4,7,431,0.9681669493881712,0.19051971446014498
no.media,5b0cc462af600ba3,7,301,0.9607995339499859,0.3949957385003043
no.media,5c9c164aa5bd5226,26,1327,0.9732524414888355,0.08061407692328634
no.media,680764b8170458d3,6,431,0.9906300990505497,0.2819140087778111
no.media,6b8479ac7cf0d584,3,523,0.9868614084672722,0.23088922633658018
no.media,6cb500de8a80dea9,8,659,0.9780748964109655,0.4223093660718852
no.media,6e9185a1b72789e1,5,357,0.9796827152990224,0.4049502467020244
no.media,80d32cf1f2128818,7,247,0.956203761420997,0.37556963874385
no.media,9280cb1e33219e6e,4,139,0.9526635240779775,0.42227171779312805
no.media,9401e2c033981e4a,1,1075,0.9971028430956066,0.27738825936269557
no.media,99996495d55d400a,12,920,0.9865299791842161,0.18048829280966308
no.media,9b381d6eee7d41d1,11,774,0.9652889259741637,0.15840779734937532
no.media,9e354638c69d26de,9,832,0.9717555871807636,0.1664574437566618
no.media,b040c521cb1beb0c,28,1188,0.950046368945769,0.40665881890665817
no.media,b7c21c59e79f3806,3,317,0.9916473609389354,0.29511568683203715
no.media,c00bc37a89a316d2,6,549,0.9875370624889152,0.33770692486596887
no.media,c2c75a3fc63e1de3,16,501,0.9524280746576128,0.25568259067520865
no.media,c2e7eb1eec43a963,1,195,0.9976495751349137,0.20981698623561992
no.media,cdfacf2ee97fcb11,16,624,0.9731340188245237,0.31862580431275633
no.media,cff6babf35a27fbd,6,689,0.9852884395181533,0.08136442071578401
no.media,d04f0cc2d5b98164,6,464,0.9875729577160551,0.17729529705410868
no.media,d26b6894e98b015e,12,372,0.9255690842845697,0.3290846651676064
no.media,d2a96f6ec810059d,20,1041,0.9799791444927779,0.24693779700120044
no.media,d86c1e75a175806b,1,317,0.9936768462760526,0.22102909375363816
no.media,e917333b2cf85e32,1,342,0.9923047186172881,0.30203963024188507
no.media,ea50a7462d658248,9,376,0.9491163084698329,0.3012230966534977
no.media,ee015b9d402dfda6,12,372,0.9255690842845697,0.1257086009514234
no.media,ef46c9268d89f9ed,3,283,0.9405298429052477,0.17808421165291335
no.media,f221cbc7d56bf83e,1,1114,0.996564935446486,0.38034228279791943
no.media,f61ee38d11ec9726,2,223,0.9832167042143682,0.2729295410740625
no.media,faabe3ad326cb579,7,540,0.9854751098962529,0.3226278376742066
no.medisin,00cf9c19aa643cb0,1,113,0.9847564692170251,0.3898626009163611
no.medisin,09ef96e1f7ae8dee,5,710,0.983009458725179,0.2744013171068587
no.medisin,1b3ba2be81ce2fc1,8,215,0.9186910413000445,0.15964594404356997
no.medisin,1d7d81f8c5c56808,22,1494,0.9632553654156794,0.18685786590948988
no.medisin,1dca62993ca6d71b,9,524,0.9730484851717763,0.09624434994299282
no.medisin,1ee30fce94e5c3e0,22,1299,0.9643235568101084,0.40370775681756516
no.medisin,20bb96b25809230d,1,129,0.9627533213940508,0.29709914527917675
no.medisin,38b27f11d46c8e6f,4,1094,0.9947021070168658,0.18587710136948277
no.medisin,3b00a6ebb5287e3f,11,599,0.9745417280604138,0.166219911486229
no.medisin,3f50dfb39a1645c8,5,224,0.9155509544160039,0.10874618309266876
no.medisin,432b977d9445acd9,5,494,0.9905884035279993,0.24496488929285912
no.medisin,4f6ff0faa0f3ffce,3,718,0.9921977431023635,0.2794655569297775
no.medisin,52575686331fc2ba,28,1721,0.9714589044802338,0.2666621852734963
no.medisin,54087b8edd432f15,20,1249,0.9894704229247449,0.2971476174358076
no.medisin,567080e804bcb2bd,13,1110,0.9804653647140489,0.3483762435603705
no.medisin,5756fdc0e424d49a,49,2078,0.9824643399944682,0.22468318545846017
no.medisin,5bc6286a0790a477,16,510,0.9445747475216312,0.11947551127383538
no.medisin,5f0e1648755afc45,26,1528,0.9832897741112991,0.33392077449316304
no.medisin,63e8cc46a304edc1,7,429,0.9499013857224298,0.29555379097471207
no.medisin,694481c0c91985ae,36,1804,0.9665303723514027,0.24674506723101897
no.medisin,6a32c7169e7981be,20,1184,0.9787928623386407,0.4135565077141201
no.medisin,717556568410305f,19,1041,0.9735698409305741,0.2914792543509643
no.medisin,76b235f64088eebb,20,1173,0.954075064688104,0.18404405353784908
no.medisin,780d09afab067edd,21,945,0.9429321704744079,0.34226617719489616
no.medisin,859fa5c6658d2414,4,310,0.9752810295062722,0.13083911115196584
no.medisin,937381eebe48128d,27,1304,0.9064955138214745,0.17857760045270976
no.medisin,9465dfb40f7ef398,74,4248,0.9733481886479232,0.17145390746494918
no.medisin,a4e4680224c05652,28,1332,0.9805533410905913,0.16230405708324058
no.medisin,a568afc39cae0938,8,361,0.8474632225528738,0.15331287595215232
no.medisin,aa6bbdc435c260f1,50,1788,0.9631409922974308,0.12206892628329119
no.medisin,b5d9c6270284e624,25,1350,0.9712270126589762,0.23395888999617132
no.medisin,b9e9e0c151a0907e,3,327,0.9804179887735758,0.1792169816368566
no.medisin,bba74b890ff58aa0,14,646,0.9795354623558009,0.04404693628837955
no.medisin,ca530be82a7ba03e,12,629,0.9827213148571383,0.04648258269419497
no.medisin,cc6b1d8e41bca5f3,8,812,0.9710148480975918,0.3041269374916326
no.medisin,cfb2052ecc7e4ab5,37,2713,0.9798761444599564,0.28855197531672144
no.medisin,dd4be5887dd49852,4,258,0.970805309172025,0.214600000757819
no.medisin,f03750c5368f0ae5,25,1760,0.9871500985558402,0.2638672144164789
no.medisin,f9bbe022664ebbad,7,106,0.7594384006721574,0.18683643525687535
no.medisin,fd1a969758c257fc,17,1335,0.9866904456647445,0.08457171481211742
no.medisin,ff3ef48b48b98c1f,15,851,0.9754993915218697,0.26036301874352363
no.medisin,fff8eb917af38a9c,26,1947,0.9867027086832683,0.14861894828997713
no.ms-windows,06ff403716165a54,6,508,0.9703646918391621,0.1624751109198694
no.ms-windows,13b493835d125745,3,572,0.9948765453439001,0.06414843420543224
no.ms-windows,152f689863a30c81,11,374,0.9640814224203347,0.26921402820549006
no.ms-windows,19f6a491761422bb,29,1526,0.9876012663771078,0.24222181274985802
no.ms-windows,1a723fd05d73fd7e,4,434,0.9817759145752581,0.45847025814263614
no.ms-windows,2caf364de0279ef0,5,472,0.9731226139240979,0.37964750129680114
no.ms-windows,2cd93a9dcb9e8f68,13,691,0.9864180872526661,0.32404933399466185
no.ms-windows,3a5f325ad081e698,5,344,0.9588852419818895,0.23176968791261893
no.ms-windows,422620b596a64d9c,5,456,0.9864833132697586,0.24575521096685105
no.ms-windows,42730814ed6d59b1,7,226,0.9751458440970295,0.23340759215545157
no.ms-windows,633b768505414836,1,155,0.9906042836381566,0.1665112844224104
no.ms-windows,66ebcbc9d74bc54d,2,508,0.9974243577568883,0.2799899602648497
no.ms-windows,704fc65284081df2,12,584,0.9825755182758942,0.13077324930524625
no.ms-windows,70676b087c8224b1,2,1221,0.9984854713808825,0.4579537090802678
no.ms-windows,72136573c47c1eb5,2,351,0.9913860295269269,0.31091300025858265
no.ms-windows,79bbc857bf52f193,4,318,0.9740169385826783,0.31440271764182004
no.ms-windows,82c38fbb2daacb16,6,267,0.9724050320199418,0.09498404974052779
no.ms-windows,8477ab3968bd06b9,28,1071,0.9704299361776276,0.2841266168077096
no.ms-windows,87f76d73a97c7dc8,17,851,0.9728936789355928,0.3855660418156773
no.ms-windows,8a298475c0ad262d,1,103,0.9615017450651221,0.23702459343027765
no.ms-windows,8b8f80444b556586,2,43,0.9271072324744146,0.2113479935564269
no.ms-windows,9130fcadfe494968,2,189,0.973534711892631,0.12275384206781532
no.ms-windows,93fb72e2cd2dabce,5,259,0.9779795372961534,-0.0002443916153473104
no.ms-windows,9bdf075c429c2037,38,1652,0.9664478519667971,0.19574883991637673
no.ms-windows,a10a8bf4b2a45c9b,17,708,0.9615155988050224,0.32857465224996957
no.ms-windows,aa54dc157971ee89,8,659,0.9879593231257424,0.2018601075677188
no.ms-windows,ab77cdfe2795a16e,3,277,0.9646219301036543,0.35881024754406016
no.ms-windows,ad651a3cf86a3f5b,22,1314,0.9818670653136257,0.22278308036371675
no.ms-windows,b8058a7308a0bdc2,7,450,0.9734933539658629,0.17066241697752998
no.ms-windows,c4d8e4941a1ab5f7,3,460,0.9938628151544068,0.3779625609912946
no.ms-windows,cd58af9a8973a663,2,79,0.7102279250053106,0.1224965401026869
no.ms-windows,d2b944a50de79c1a,4,653,0.9776925849968522,0.33685394765790716
no.ms-windows,d53af83a285ca71a,10,1211,0.9897060264673825,0.08105276317924709
no.ms-windows,d872ccba25a07977,1,138,0.9763324484923478,0.20205477888413273
no.ms-windows,dfd815171a477774,2,523,0.9898196454846131,0.4709486063782949
no.ms-windows,ed76f78079533e0e,2,134,0.9535892821746782,0.11434190211606354
no.ms-windows,eef43a9c9f162c30,14,835,0.9584171757790206,0.24985042986001144
no.ms-windows,ef001e51eafd90d2,11,625,0.9894906884169146,0.20733132416651523
no.ms-windows,ef806faae00cc8ed,25,1223,0.9848640413837961,0.0836519823780487
no.ms-windows,f1061ed2823daf4c,12,1040,0.9955716372704879,0.3759370945418341
no.ms-windows,f666f1de22120df2,7,946,0.9918771335263713,0.22117499104559435
no.ms-windows,f86d470a1b1aca81,11,667,0.9769498574511968,0.1738717826029494
no.multimedia,050d302e2f1ceb5a,14,647,0.9897391872199127,0.11220947490557207
no.multimedia,071427e1e8fba2e9,5,501,0.9796575089294878,0.2544746900937294
no.multimedia,0aa6d3a915916460,2,181,0.9796178090927085,0.05354885412352406
no.multimedia,1b206d0e6251e355,47,1201,0.9646258732565729,0.17837805914271324
no.multimedia,20179fff520fb201,34,1696,0.9801329209583695,0.20168503264283458
no.multimedia,23ab741e2b36cdfa,3,250,0.962114603316164,0.14554566763521248
no.multimedia,25482bc6f608ca48,3,292,0.9856181788859327,0.2737544002002255
no.multimedia,2bb8ff8592753e84,1,625,0.9919048461067942,0.299215296617428
no.multimedia,2f2802e25d7d2a9e,43,2895,0.9772782307757872,0.17665542310886456
no.multimedia,3885ed0a474468f2,1,81,0.992356985108215,0.018388557615940757
no.multimedia,3b43dcc4869c7654,15,549,0.957353903445547,0.2836739404682878
no.multimedia,4d73dfd175b919cc,2,391,0.9876124870027181,0.37672891269696934
no.multimedia,5061720ad7831e53,20,995,0.988187414326925,0.2366516544140844
no.multimedia,50b00f11a0643cf0,15,1634,0.9906082276642834,0.138145452674885
no.multimedia,515b55ca643c0bc7,20,986,0.9815798944614612,0.25919777283900897
no.multimedia,5bcdc52432f44909,1,162,0.9936720414983002,0.18454381570227152
no.multimedia,65c3af857a71f533,3,253,0.9757440205420811,0.24549234071621862
no.multimedia,67502c2d54798fb9,13,1249,0.9901219094381923,0.2664074137995971
no.multimedia,680e483234c95a6e,11,550,0.9840879731690975,0.2374763377157318
no.multimedia,68a48cd1de3597b5,6,465,0.9881413132591506,0.21535133724351307
no.multimedia,6fc4b1229c6177df,1,211,0.9942503312885389,0.17008049904311598
no.multimedia,8b11132900af0ddc,66,4304,0.9859592783333953,0.3380986032701334
no.multimedia,8cbe979b8bf670f9,7,677,0.9932066587298733,0.24050431750624568
no.multimedia,93d2fe2b1195d449,6,308,0.9749134778096789,0.1464814423990267
no.multimedia,956e23402a422b5f,10,388,0.8668550289575236,0.29650887682896404
no.multimedia,9b08758a59dcd956,3,510,0.9925163833730481,0.2211793944572445
no.multimedia,9c6bdd9d4461db74,7,189,0.9486903088987327,0.12430056902476931
no.multimedia,9efa50d78c1179c9,13,350,0.9193466456454105,0.3903258453311035
no.multimedia,a1da1220ef5b5b17,1,292,0.9900527658612158,0.18289781748496362
no.multimedia,a50102788fb4cf86,7,177,0.9309812310501677,0.25907676232757276
no.multimedia,a8864022dc0b48e7,1,288,0.9947269535154237,0.24206446731782488
no.multimedia,a9898fca41d79dfe,5,641,0.9824119152209476,0.09336075508846892
no.multimedia,ab8679a6bb8bbb67,7,1683,0.9963811162445472,0.35701441398973677
no.multimedia,afece19acbcbc30d,7,468,0.9624959740860912,0.40037480898245614
no.multimedia,d091088244e0088c,17,779,0.9728323331707629,0.3436906639848346
no.multimedia,d0ae88f34c654288,11,532,0.9785901302668496,0.20558000658251221
no.multimedia,da8defdd4aecaa68,2,552,0.9941539005304165,0.3608053624686489
no.multimedia,db1f28ab3bb5a8b2,7,426,0.9837011584477169,0.3961912325463309
no.multimedia,e4e2def0a02f65c8,16,1032,0.9820102280531878,0.3365121019117476
no.multimedia,efc018d3b1ce7411,21,973,0.9748534229122668,0.2108837728444348
no.multimedia,f928274ee36a4374,5,414,0.980855537367634,0.181487845082749
no.multimedia,fb72d202ce84c395,4,612,0.9797687423256612,0.29345520091174776
no.multimedia,fbc04cec6da6c6d8,9,657,0.9753011746510974,0.08765797800448019
no.musikk,03bea90d466ccaea,15,769,0.9716036603500946,0.39961358568981525
no.musikk,04712876fd656df2,7,1775,0.9927762619552922,0.37285014048880233
no.musikk,067883345ce77f37,52,6272,0.9849589835421045,0.3134098666339754
no.musikk,0c71e58797aa60b6,12,901,0.9825872897944902,0.42196827713254703
no.musikk,100b6ae43e62f9db,16,638,0.9779238326508037,0.2299136861829085
no.musikk,15f5236ba4f2f41a,3,490,0.9922914284468359,0.26274662809288807
no.musikk,16ea1c8589fd41fd,2,371,0.9808650230907147,0.06868636619175147
no.musikk,1b2a0042f311ee57,11,711,0.9751982555121453,0.24268054914605827
no.musikk,200a8d401fbae86b,16,855,0.9831955505003046,0.22371157460713623
no.musikk,2acc4ef9ff5a8e28,6,374,0.9744292037262102,0.09410307561865569
no.musikk,2adcc0f1dd5bf24b,21,891,0.9889180196623191,0.19505271532870327
no.musikk,2f33898c85709bda,4,196,0.954598971936659,0.22980787858560325
no.musikk,2f8ce66c90ee897f,2,451,0.9841505098081144,0.4057987466488344
no.musikk,3972e65e6b7f62f4,14,706,0.9814713142866016,0.15829787661194744
no.musikk,3aca9d4963da1d34,4,268,0.9620639443908489,0.19614143025343136
no.musikk,3cdf3383caba6e52,14,977,0.9833491652629216,0.18040625840057511
no.musikk,41040b60aaea32fa,13,686,0.9843905682796821,0.3245400168319422
no.musikk,4609e76725580edb,5,289,0.9502284238652874,0.3749530766207203
no.musikk,53d4cd7957b6ef2c,1,76,0.9845379740644113,0.1500496450800087
no.musikk,6ba8d7976b3905f7,1,462,0.9849680945675628,0.31885906155787636
no.musikk,6ebc9f5975005427,5,409,0.980640929608527,0.21682605968691124
no.musikk,6f255cb5fc4b7d42,13,601,0.9747958726635886,0.2328925006937864
no.musikk,7ac67e7be884c27c,11,952,0.9499769046663514,0.1283020390776081
no.musikk,832ca9e95d77d907,24,1402,0.9758103653694518,0.20818866793301716
no.musikk,885e7533d8a82aaf,18,1416,0.9789807633609061,0.18876253499871332
no.musikk,8c1620bda88965e5,3,446,0.9326717475224044,0.1053844766364952
no.musikk,92220c9aa15e49c6,8,526,0.9698129409008924,0.33539100704200153
no.musikk,952b7c7036394b87,8,249,0.9719256941242179,0.4086785459703683
no.musikk,a22d8a7896244ca2,9,515,0.9785654116296852,0.2032579837150354
no.musikk,ac782b132af39d08,2,367,0.9852773200422832,0.3322554679127672
no.musikk,b2a8528642b57e9d,5,533,0.9860044701372304,0.11770275965906195
no.musikk,b7c56b59866a6a64,3,213,0.9509380792115476,0.1943198997648329
no.musikk,c18eed278013d6f0,14,710,0.9763449922241457,0.25449665844172453
no.musikk,c27629c9b4008a64,9,528,0.9793886068153744,0.09711101695096248
no.musikk,c32a14c80a6ea8a1,2,480,0.9913985552027517,0.07365147381941589
no.musikk,d97f278827a05ef7,13,884,0.9802253111495979,0.2865874868219037
no.musikk,d993679b3e0e3dc9,20,653,0.9012425766521975,0.2517200843263318
no.musikk,da13f404b94b2771,30,812,0.8866873048222426,0.20743647480654698
no.musikk,dc65c530fd5ba5d5,4,418,0.9679972079821887,0.21429342984953598
no.musikk,e2dc46da4a26be46,7,472,0.9715772176724707,0.18301905444030378
no.musikk,e6bb3a9d30796ffd,8,448,0.9620955463903745,0.19191991277135242
no.musikk,ef7360b6e25697e3,8,1458,0.9921384608223293,0.3134085552874172
no.musikk.gitar,0d47e44c41f5d014,5,753,0.9919874332366797,0.2919628247986368
no.musikk.gitar,11b23601b5aca7c4,1,177,0.9873323537301657,0.3761240838770887
no.musikk.gitar,19a80297e3a1fd84,1,186,0.9940299592407141,0.22848596525307485
no.musikk.gitar,19ccf9e2bcdfe902,23,1194,0.9843757779989538,0.07452022653071037
no.musikk.gitar,2297ba9f0d34ee07,6,193,0.9510733060073913,0.18974112973641416
no.musikk.gitar,25ded067a6d49e3a,9,1181,0.981796822885509,0.16917785109109015
no.musikk.gitar,29f3fef5b845307c,3,419,0.9912777655452835,0.20562929937876773
no.musikk.gitar,38b0ed5ea837bf69,10,578,0.9771844298309772,0.312635103320274
no.musikk.gitar,3aad2fc7aa2e8a05,1,359,0.9900344664959566,0.18773960401988593
no.musikk.gitar,43936cc2afb8963f,5,431,0.9875582177271022,0.20775937621400262
no.musikk.gitar,44f97bcd826074fb,7,629,0.9887192574498294,0.2692020349547207
no.musikk.gitar,49a609147ebf5c14,18,877,0.9632763403162431,0.07110435988101531
no.musikk.gitar,5044e083057da082,12,768,0.9859597076608566,0.07367635808928469
no.musikk.gitar,55d0a6d90e5617bc,2,508,0.9804568338560321,0.18963117401037605
no.musikk.gitar,5adb57c6eba473d3,28,1333,0.9863456133530988,0.2727337905427357
no.musikk.gitar,866b919ee728b2c2,61,3170,0.9797822544686526,0.24397280332048754
no.musikk.gitar,8cd0046a7bf54c47,24,1253,0.9785959926997343,0.18175892431308063
no.musikk.gitar,8d370e457325eacd,6,862,0.9705013410788513,0.3657902500425281
no.musikk.gitar,92688b49660e9b3c,2,270,0.973610824380454,0.26393788146894764
no.musikk.gitar,92b87bf6a22f13b0,10,411,0.9645199173458173,0.23409855442525043
no.musikk.gitar,944f844e0f3e3b8c,45,2719,0.969851281576873,0.10036623214222085
no.musikk.gitar,a8eddf3a0ec50724,7,618,0.9629215319721788,0.20262884746132118
no.musikk.gitar,b4ddd34179fddc13,27,1284,0.9495893041633132,0.15006674868155376
no.musikk.gitar,b595986928f1a3c4,3,598,0.9883157928296344,0.3869941077699877
no.musikk.gitar,bc605ee2000c4b5a,19,811,0.9583462553240557,0.45602957268748084
no.musikk.gitar,be66c55b11e4113e,7,337,0.9682581129110751,0.19231758029237256
no.musikk.gitar,c0772d54dc32c510,9,233,0.9599746966066879,0.20260052941896753
no.musikk.gitar,c8b02d1930760540,8,777,0.9686016171256503,0.3316012994265326
no.musikk.gitar,c8c3a65324cd25f0,8,660,0.9651917144926103,0.22262227884519492
no.musikk.gitar,cb471fe04ee069c4,2,205,0.9762243328865706,0.15972868025733386
no.musikk.gitar,d4478d0661bf9378,3,646,0.9948532490726254,0.22354131330165944
no.musikk.gitar,d58ebd1e72a107d8,5,257,0.9520449852707444,0.2366549510909355
no.musikk.gitar,d5fba070c98778af,6,313,0.9848025560479308,0.16859033654821604
no.musikk.gitar,d70b344e8d6e1f43,14,1080,0.9896179304539523,0.35957106941598327
no.musikk.gitar,e067ab9b9de2c633,4,155,0.9314692300701432,0.26293152544494675
no.musikk.gitar,e28f9960e0ca72da,2,143,0.9754984902498975,0.2474825693348888
no.musikk.gitar,e8d739347c0c01cb,7,452,0.949811296217857,0.2612570775582981
no.musikk.gitar,eb6f298c35b96af2,11,884,0.9568824658753636,0.24909542224336312
no.musikk.gitar,ef5b280792fde7fe,5,283,0.9682665966919515,0.16992007615596488
no.musikk.gitar,efebefcc31f60c23,6,5048,0.9971593376527149,0.16336981594621147
no.musikk.gitar,f08cac24467bc258,1,88,0.9683837935660172,0.31002457439727527
no.musikk.gitar,f7bfc5295e5338dd,38,1838,0.9689161555415919,0.2854032285286907
no.musikk.gitar,fc229b45c3601ebd,3,89,0.8924345292637328,0.23620784494454883
no.musikk.klassisk,012fa7caf752844e,7,401,0.9668300873426023,0.2239001105205617
no.musikk.klassisk,079e9162e9fafb11,7,667,0.9738799219314574,0.31223927593107487
no.musikk.klassisk,07e947079fee664b,18,799,0.9826406155334307,0.31860270677003394
no.musikk.klassisk,18a191eaa9335c81,3,465,0.9881831689355308,0.21125655610559213
no.musikk.klassisk,1967af1e80d47985,8,235,0.9353241926227279,0.3845010865965539
no.musikk.klassisk,233133922d172781,7,577,0.9658675425252241,0.17950463057521487
no.musikk.klassisk,268205bad9743704,14,677,0.985422367017023,0.32768227032531844
no.musikk.klassisk,327595305bf9269a,19,719,0.9294775209113678,0.14008119611744724
no.musikk.klassisk,38120ff5bfe67eba,3,64,0.9183933921823428,0.19551603910880672
no.musikk.klassisk,3fd9348003ac450f,8,217,0.9494740117671211,0.420232077150884
no.musikk.klassisk,488a84c8274e888a,11,807,0.9810983890493995,0.3814990281669699
no.musikk.klassisk,49836c7a160c6c4d,16,778,0.9785475258243105,0.2400588724609049
no.musikk.klassisk,4cd8c36a5e32b541,13,583,0.9741733563801678,0.12769355105520216
no.musikk.klassisk,51e19eb3b459125f,2,298,0.9925346057142721,0.319455379723159
no.musikk.klassisk,567d6cf72479ec51,4,210,0.960334076576697,0.2649479724669572
no.musikk.klassisk,5d432f37fe5d93be,1,82,0.9451490930631025,0.36917976281603715
no.musikk.klassisk,61b5b61d5ce9e94c,11,579,0.9723420888443461,0.35152898605790506
no.musikk.klassisk,670bcff66a3c0446,2,319,0.9904628024984792,0.23299507644465325
no.musikk.klassisk,68bd8c5e1fce6a1d,10,799,0.9843464319494608,0.16672500174636873
no.musikk.klassisk,6a7c700f96bbf5b3,15,735,0.9721648589891142,0.3542010079985742
no.musikk.klassisk,751f1a94549d95f9,5,414,0.9853337154202828,0.17638235883525757
no.musikk.klassisk,7a1ad7f08dccb7f4,8,593,0.9678449445317342,0.2448388115973277
no.musikk.klassisk,7db803e4d1e898a2,4,378,0.9796454564883051,0.20559296743433222
no.musikk.klassisk,8b5b55c410441326,23,956,0.9744155228756136,0.3425287735158822
no.musikk.klassisk,8f87064cbceeac2d,12,825,0.9826088911874172,0.2722287728055281
no.musikk.klassisk,9c5d18eef2df0ac0,23,1342,0.9847491158845301,0.3642778240153952
no.musikk.klassisk,9d2322693c47ae21,5,134,0.9059784914814023,0.15098334593080526
no.musikk.klassisk,a88549bdad6b6012,14,1145,0.9838544200705375,0.17160100771299774
no.musikk.klassisk,a90a40abe68b990d,4,177,0.9575567375211925,0.2001696121993806
no.musikk.klassisk,a9dd1251ec9b8f2e,5,607,0.9828554863638432,0.28609985103532637
no.musikk.klassisk,b24983a06290ecdb,30,1319,0.9870989559637918,0.2762784632735567
no.musikk.klassisk,b601084cb54ff35b,7,561,0.9744620655419324,0.19770546368004635
no.musikk.klassisk,b630c7bcc8ee8121,12,517,0.9258250233757174,0.33111898749816904
no.musikk.klassisk,d7181af659b21c2d,23,1356,0.9876707438193539,0.24107615327825854
no.musikk.klassisk,dd95f75ec6796e3c,25,2622,0.9941202788603686,0.2885490539232317
no.musikk.klassisk,e1ef1c526dbf9a06,20,1099,0.98342198534574,0.18184843326186095
no.musikk.klassisk,ea10d9b8068f4ea5,8,572,0.9810000286885756,0.26476804007414306
no.musikk.klassisk,eab76510d362bf99,12,543,0.9700294885838677,0.1012275218149399
no.musikk.klassisk,f0356e9508f6fa9e,5,321,0.9709430988889507,0.20338908794886695
no.musikk.klassisk,f15fc5d04cdc407d,5,663,0.9879913907368485,0.3755119549083656
no.musikk.klassisk,f30bb7c48327e664,5,275,0.9429684219988722,0.1999971993925705
no.musikk.klassisk,fcbb5ab0cfdde17d,7,236,0.9515478175734703,0.1399580855613094
no.net,038e57295e054303,3,226,0.9374101368781547,0.3148994560226476
no.net,0d969ab13fdeb56c,4,275,0.9837041233080726,0.19375626207703484
no.net,0e623226b5f7a8bc,13,871,0.9823356023185482,0.15139518155670806
no.net,0f6f32f503a67d76,7,428,0.9735819383725647,0.34599975342870953
no.net,0fc7889dc8c90a90,5,244,0.9131163156707403,0.2541418665491287
no.net,14604d436654a4d2,8,573,0.9829848573029694,0.18837510557171924
no.net,14a65af3e8637918,7,584,0.9691365634706701,0.14272429980484785
no.net,17cda7f00e6c8c78,11,1049,0.9847138054300396,0.33785128241852375
no.net,17f205a01d34c72d,5,935,0.9855964068824663,0.2995703389548089
no.net,1c6991f84b73cf17,14,1173,0.9835820965722849,0.22329619249878496
no.net,213bd3fa4d4dd726,3,602,0.9955535913639313,0.1383512551851698
no.net,29e2da3f8508c451,7,638,0.9789579307845788,0.24737645877741307
no.net,2a384dad23e1f10d,11,668,0.9511466818189975,0.3303611480379774
no.net,2d044e389e9871b0,9,490,0.9854434738028309,0.3217965935918746
no.net,41bcd360b2eabde4,3,254,0.9832338735320924,0.23890528862221402
no.net,4369b439946628ee,2,340,0.9942298020114969,0.4514340755519906
no.net,4d5f92f27cd9e3ad,12,415,0.9562527828294279,0.2786297558261881
no.net,53a8650b3ab78e2a,10,565,0.9681144024223456,0.2720953599871936
no.net,55cba7af1429640d,20,1447,0.9900955253190569,0.19198536998366994
no.net,5975ed7cb8257d9b,20,1235,0.9724765123946442,0.12930033640514013
no.net,5fa0bc4c6bbb2ca6,10,426,0.9660747516744442,0.15701907336305307
no.net,65ee1fc7883b9513,20,1597,0.9874521301666422,0.20396579341962617
no.net,67d4a942a2134bf0,4,119,0.9455995535919431,0.16645893305711817
no.net,6b4e1a5a6a935909,13,630,0.9871914750818241,0.13063922480158144
no.net,7a9211f37e7c49f2,4,197,0.9728138043255778,0.2092689708298365
no.net,815c7dabb4519b94,10,1016,0.9924892626818761,0.34986794505003654
no.net,87b3cb2821a68867,7,426,0.9772001485800564,0.3277791569979975
no.net,8ebd723d855dd091,14,661,0.9738942144197804,0.32943232297660446
no.net,9307f47753c6099f,7,439,0.9759619339697942,0.1993181994216205
no.net,a5d9f6c68ce5519d,20,594,0.9551588901115784,0.21577671961375094
no.net,a8f50b51393ee174,9,662,0.9881962269104824,0.26732778016259895
no.net,b3116db8b1ebd271,7,629,0.9837621071740431,0.34978625704067284
no.net,b4e2bebe674eb71d,9,781,0.9886598394416403,0.24633314968234196
no.net,b9b2559e100d1fed,3,408,0.9924369689669663,0.1610106745772489
no.net,bda963740db8809e,11,1776,0.9948266951381277,0.1443152288029554
no.net,c7672d5fce01c7a5,5,643,0.9907550102087475,0.27099106150059005
no.net,c81971efa2279bdc,40,1366,0.9542293828845204,0.23867326223312113
no.net,cd98764acd5da1a4,6,834,0.9910814688880754,0.4781198681927879
no.net,d3e246c3775a3d14,7,363,0.9692427512102024,0.09823497146941805
no.net,d8cc40a0076318b8,7,355,0.974801762507784,0.2602785692416147
no.net,e020e32b61ce8fed,6,316,0.9790991826292738,0.2414597661180885
no.net,e4266260be5292f9,22,1036,0.9713679576353942,0.2820061841074071
no.net,edffdc05057d7d82,3,122,0.9447321857347097,0.26951494707601287
no.news.diverse,052cb290ed3bc2a1,3,284,0.9514580833512406,0.20893006793067173
no.news.diverse,05f8be9768e9a7a4,44,2715,0.9829310991355948,0.4415692835811154
no.news.diverse,069ec2746f0915a6,3,261,0.9777119554270304,0.4548035512171869
no.news.diverse,09f639d1e5a5278e,46,1927,0.9755637272827156,0.1796777475066804
no.news.diverse,0b8c998ec065d0c7,16,764,0.9588084878349763,0.2808807572417156
no.news.diverse,0cc3d57c8cbae56b,6,529,0.981532985783624,0.32857959002837456
no.news.diverse,12f498aea9711892,5,527,0.983545794409503,0.38804059135340724
no.news.diverse,14063208dab80595,7,357,0.9646917105499554,0.33938229152982646
no.news.diverse,17b8c6adb61e41c8,23,773,0.9501701982023144,0.3677669252185032
no.news.diverse,202bee7000c201be,25,1053,0.9751361485866838,0.3023820165622674
no.news.diverse,21e27bfec271f01d,11,461,0.9674233993218236,0.10949998561994422
no.news.diverse,4c80186242d8448d,5,324,0.9720471800517234,0.22345431660941317
no.news.diverse,56d3f2d04ef7a0bb,21,1242,0.9436505966732878,0.3510370669503706
no.news.diverse,58a10df0d2dd8450,4,416,0.9548330748208065,0.3479176847610547
no.news.diverse,66fc35f6c0b6871e,10,619,0.9695573805852692,0.24552482464562175
no.news.diverse,6ba21d602eab37f1,66,3973,0.988895487327421,0.2691483667890557
no.news.diverse,6f489423adb12539,5,561,0.9894790062630627,0.44733854961118813
no.news.diverse,72842dfb24755fd2,2,243,0.9793501058370657,0.24645026684475804
no.news.diverse,752c4fe05c3d520f,23,1111,0.9759793794275238,0.29059347176192357
no.news.diverse,75d555404e9c4657,3,334,0.9878715923950766,0.4709974809649478
no.news.diverse,7739e2b10ef5f11a,9,786,0.9885976282802215,0.3472128021549969
no.news.diverse,7a31b74b6e29d643,8,588,0.987061860918502,0.2471045508781205
no.news.diverse,807b813c45309601,23,1089,0.9730226527130054,0.452608196012576
no.news.diverse,8138a188b28c3782,5,234,0.9401699668558062,0.23426758824621782
no.news.diverse,8ea59705b298dd4c,11,422,0.9663750939706245,0.38547136618867567
no.news.diverse,94c5e98a33abdbb3,15,567,0.9678401687221093,0.193418880803817
no.news.diverse,957f7832a6050275,27,1516,0.9803448936494661,0.360664523717727
no.news.diverse,96c42c7a6986b20b,5,460,0.9821804098096241,0.15950065640896097
no.news.diverse,a14c5c8c6c782ede,13,759,0.9712626948582216,0.19027801967334124
no.news.diverse,a6f756e2f2076a0f,13,536,0.9783723258159334,0.2905815048756203
no.news.diverse,b16a2ffaa09f1448,12,513,0.9447147433021552,0.3714945777471184
no.news.diverse,bef34d994d79dcd5,1,68,0.938483409646622,0.30088608348038504
no.news.diverse,bf939d9f60e502cd,9,723,0.9781675386847306,0.5337363321742068
no.news.diverse,c034cfcd0634df9d,20,1579,0.9680883708010365,0.49268161099211616
no.news.diverse,c666a6b6abb37c79,3,411,0.9769096115674512,0.33614366998504447
no.news.diverse,d41dadc8164b85fd,3,176,0.9288344169513366,0.2372745803572498
no.news.diverse,db6ea1bc5f1d9115,17,851,0.9477002643214999,0.2693313278359617
no.news.diverse,e324553ac7aed8ec,6,319,0.8430163328329157,0.26596038650286064
no.news.diverse,ecbc2755b0b68c33,20,671,0.9308115436143952,0.34432746610613835
no.news.diverse,eed39bda7003cf2e,4,339,0.9807481446123415,0.24914111377453663
no.news.diverse,f0f96d1db91af11a,10,1051,0.9914467900466265,0.3531546191775466
no.news.diverse,ff9b03948cef02c6,7,408,0.9692613341516916,0.1772728692170222
no.news.drift,01a15e5565847b9f,5,285,0.9773218699309765,0.29269654725809496
no.news.drift,05194bd83ffe247d,14,1719,0.97970936542337,0.1974467937775244
no.news.drift,06417dbab3277ed5,13,488,0.9418801767763717,0.14309817605826614
no.news.drift,12556729b129db4f,44,2029,0.9737174453466019,0.30631422768282773
no.news.drift,1d480c4a40ced645,7,2167,0.9602755440350823,0.2618314541474933
no.news.drift,1e979ae56cda3050,3,419,0.9924483325939025,0.3497715123600732
no.news.drift,2b74518c184e47b9,11,761,0.9631987807888883,0.4411807804258155
no.news.drift,2d1f201c39d80d54,6,513,0.9772569063462742,0.277240748811607
no.news.drift,30656808410ace3c,5,367,0.9719670911037712,0.28508968309182414
no.news.drift,362ae2a914e5ba20,7,294,0.957983588710013,0.4494985878839775
no.news.drift,375a52fbbab550f5,3,188,0.9699724447473583,0.26503101734356355
no.news.drift,399a536ece0031ae,9,307,0.9722495179715371,0.19675451130423255
no.news.drift,44cf08ccc3dffbc0,3,799,0.9949583233120198,0.26074470625652174
no.news.drift,466c24f46c341187,4,889,0.9854467910335526,0.3740029750238347
no.news.drift,4bddb0b0a3dac6d4,2,593,0.9964096505740356,0.37102350072379553
no.news.drift,4f60397d278ac374,3,326,0.9911040011643476,0.1785269814571412
no.news.drift,5913cdffcdcb099d,13,698,0.9627205513690965,0.5229575743383265
no.news.drift,6999568be2a7e2e8,6,717,0.9813918977253204,0.27269360689596606
no.news.drift,6ef2c4d9a8aaf12c,16,848,0.9418716460184766,0.45521281202360453
no.news.drift,767f74b56babffbc,10,838,0.9728780043608638,0.17242785515409723
no.news.drift,7acb495df6f3cf9e,3,318,0.9834306820173797,0.20802063238095636
no.news.drift,7d7b31baa658ff17,7,526,0.9832453024394052,0.35706029152801666
no.news.drift,855ad0ec31c40ba5,3,329,0.9680343754091912,0.14912003781808908
no.news.drift,88485cc022c28d50,4,199,0.9511626662295379,0.41088516708077616
no.news.drift,8a1a5fb79495f334,7,759,0.9868755772193718,0.4519791699896974
no.news.drift,8bf2bf8dec3de1a5,1,206,0.9866487300094344,0.3582061948291262
no.news.drift,8f8f4681ff214c96,4,651,0.9953909925897637,0.40752491572870586
no.news.drift,8fcbd72415585d76,2,618,0.9960054683761144,0.2726610408842582
no.news.drift,902af0b3bb6f0187,15,786,0.9789184920868369,0.6029980483995252
no.news.drift,9c2dc91425a93619,7,397,0.9641672618282435,0.2919831390673647
no.news.drift,a25bc2e59e2ad6ef,4,228,0.9506516094887659,0.28087756611783743
no.news.drift,a9366e7c8492fc09,6,334,0.9799438823758203,0.15816477061793197
no.news.drift,a948cbea45ccb4f9,10,455,0.9787560408690101,0.2957079556252946
no.news.drift,ae01f850ba4dffa0,5,322,0.9710435995749408,0.3595984235137491
no.news.drift,ba6b18699e7fe748,8,489,0.9519977215019124,0.2392213210071637
no.news.drift,bc5d827436df06ea,6,515,0.9842393781556817,0.4081540883910636
no.news.drift,be2b05f9af05c13a,14,884,0.9669316630062151,0.19932779197367864
no.news.drift,bf34b86427888022,7,476,0.986344973126416,0.32364467064514235
no.news.drift,c7e64064c2d82658,6,651,0.9889650417361431,0.3684154813754957
no.news.drift,d6e0970ad677107a,19,816,0.9550937078421411,0.29133397880016015
no.news.drift,e317f6dc4847e460,2,129,0.9636195634138078,0.24047536849236514
no.news.drift,f4b816df30710564,6,539,0.9882020566953079,0.6857451867742755
no.norsk,084252b9d7ec2868,3,238,0.9831899625426617,0.33789197332946397
no.norsk,0acdbd65e6d00757,6,377,0.9771662362281309,0.29983293191735905
no.norsk,1d78242279e161a3,59,3387,0.9858112509267303,0.3247654133745635
no.norsk,1edaae64a7400f4b,82,3744,0.9751473364205943,0.15736886762290983
no.norsk,1f0efc427cc3c632,9,637,0.9779937497355617,0.4029389393950183
no.norsk,211d5c025f1e62ff,6,179,0.9088874526393456,0.2734523225288421
no.norsk,27f29176d1eed711,6,574,0.9904891703619126,0.03658160693082063
no.norsk,2aa1f10c6435e02a,28,1549,0.9773724243907024,0.32176979413123835
no.norsk,4431c6b0bf2cc4c2,36,931,0.9482514692653208,0.379995940478037
no.norsk,4935c33eb8a9ca4e,3,385,0.962359702240259,0.20270712492154422
no.norsk,4f11c8e0f0909f97,23,1159,0.9660545260696056,0.2887511579754055
no.norsk,57c8dcb1e1567f49,12,991,0.9883147702608629,0.2097321714981738
no.norsk,5805d4410a199f78,3,233,0.958489414924129,0.3898630614932487
no.norsk,5b146d91aef3bc9d,14,412,0.8534555744304038,0.23061631749134487
no.norsk,5bd4b24cf5edc624,18,1041,0.9784625526620838,0.22663043633816074
no.norsk,5c61dee2258af2d8,6,491,0.9664190229411749,0.38298240100038017
no.norsk,61a7d26bc973f4ed,6,489,0.9845323733383798,0.3134473701863451
no.norsk,640c58150ea0b3f3,4,147,0.9281677189429993,0.19910462590575714
no.norsk,6b16d69943cf6503,2,432,0.9892029357104317,0.46301229970821606
no.norsk,7bb773c5c1ce5d64,2,414,0.9936456001601911,0.37936381060046975
no.norsk,7c5a294871dd89f8,15,805,0.9652637321048945,0.07172795911095141
no.norsk,8398f57af52edeed,12,448,0.8803620855919845,0.24561469833518307
no.norsk,908d8175bd4e727d,4,317,0.9518071632563093,0.09209549291579176
no.norsk,97ee78cf793fe48a,10,364,0.9289107190893268,0.09250688813829189
no.norsk,9c15f225c58e1a87,25,1391,0.9755203218109513,0.38643945904369215
no.norsk,9edcfd2ae6d958db,10,941,0.9867434312900134,0.2805710619587894
no.norsk,9f95457eb6e1b423,31,2258,0.9894807706800631,0.28748511217320954
no.norsk,9ffcd43d85aff80c,11,652,0.9819913533779463,0.43193633011721977
no.norsk,a507484039434a4a,2,215,0.9804730901301429,0.24674183810416292
no.norsk,ac7522077b5b1ff8,22,1178,0.9699766837673542,0.3191826910479185
no.norsk,acaa067424dcf8e8,3,59,0.9020759291351564,0.1939778288007926
no.norsk,af2f75996a837bd9,20,1111,0.9781923406406555,0.47781176300343575
no.norsk,af6e566ebd8bf2ad,9,619,0.9829938918677591,0.18875728500509542
no.norsk,bdf4597c2dc1c14d,7,617,0.9858496473561711,0.26111638833485745
no.norsk,c4990dee0e1428ee,9,497,0.9727004848846301,0.17714149670485999
no.norsk,c5fca711ddf0fec0,5,689,0.974563705648256,0.28134053962045996
no.norsk,cfeaee1b82046fd8,26,875,0.9472074880328919,0.3954763287879761
no.norsk,d28fc6d8bff15eb2,5,142,0.9239798624907614,0.39690714773147845
no.norsk,d9586073aff02ccf,9,577,0.9823732084141609,0.21436861582190472
no.norsk,e74afd7a759a9341,7,329,0.973000041790165,0.16444598005838476
no.norsk,e79173e92c1a36d6,37,1458,0.9828148905270506,0.1297061551255924
no.norsk,f7974f6624174feb,5,565,0.9780679812737935,0.2702189042298196
no.norsk.fagord,0d0cfb4f708707e7,4,725,0.9896595846038726,0.2849080044413889
no.norsk.fagord,10fd0e95b3f23784,4,624,0.9862268108060821,0.19413739984283
no.norsk.fagord,18ab3afeb4a27245,3,227,0.9720277475979926,0.33081677211785815
no.norsk.fagord,193f221b2a42e43c,12,553,0.9723488747221016,0.18464007796026896
no.norsk.fagord,1ebebca89a46309e,8,526,0.9704590823493154,0.39400043523870304
no.norsk.fagord,275835afe73eae86,10,661,0.9775457979633131,0.2695658818382024
no.norsk.fagord,28bbe7204df37a29,5,453,0.9700631404942026,0.15972305897583502
no.norsk.fagord,2c26867af6e9e402,11,1032,0.9626187998025836,0.2810847980912004
no.norsk.fagord,2ca9f4ed009137a2,1,307,0.9922830434708634,0.22023237800698703
no.norsk.fagord,360286c9418e8328,5,246,0.9657500444521754,0.08314040973274978
no.norsk.fagord,371bc7db65a14d04,2,340,0.9940504438505136,0.24266822825044612
no.norsk.fagord,46804aab0825a9a2,6,383,0.9828152726837883,0.2659056994943214
no.norsk.fagord,4988e2befa047fc4,9,561,0.9747723933997866,0.12613066765553488
no.norsk.fagord,4bc9b5ae81d89e50,1,210,0.993878206084843,0.1753828390885488
no.norsk.fagord,4fa05e1b196cef64,24,1499,0.9841620464537393,0.27099825572697606
no.norsk.fagord,51394a58b7ac6ede,2,476,0.9925233643313205,0.18986927224750863
no.norsk.fagord,5f8367d51b5ac95e,4,1174,0.992198212168526,0.45371602645289927
no.norsk.fagord,619b7a2e90c8ce43,5,581,0.9849099654261574,0.33476833778376214
no.norsk.fagord,626ed9fc4a622b33,5,432,0.9676228608484804,0.16546686172263433
no.norsk.fagord,6b297c1b42aaff21,4,364,0.9711552268355669,0.2683241389153197
no.norsk.fagord,80526e7e842e4650,2,502,0.9869288521679694,0.407035314150031
no.norsk.fagord,8162cea3ce305489,11,1276,0.9889191469661022,0.2272206972173895
no.norsk.fagord,822cc6e37af8cc67,4,449,0.9803744575628627,0.17549880771443338
no.norsk.fagord,884f663a69f11360,7,288,0.9421985248283584,0.28145333867173494
no.norsk.fagord,8a89ddf4ca608332,15,1600,0.989653493584748,0.20830252435204177
no.norsk.fagord,97687680f37e5fc4,16,646,0.9427216295088174,0.4141472233541736
no.norsk.fagord,9d271de2c54da81e,30,1706,0.9797069934354357,0.2281668163409391
no.norsk.fagord,9fd92e09a70604bc,3,510,0.9871074831997929,0.17072621198976307
no.norsk.fagord,a7a86488c18ad1ea,11,543,0.9742055981307949,0.3206455879008904
no.norsk.fagord,a8d4d95722de5108,21,917,0.968424003229871,0.1919580241606847
no.norsk.fagord,b38e9001bffde60b,2,250,0.990918480004436,0.24703202224905868
no.norsk.fagord,bbda3005fd6b4719,2,201,0.990334661520892,0.07186511345958572
no.norsk.fagord,bc1e7346fffcb51e,2,303,0.9691680596540417,0.3361243711158627
no.norsk.fagord,bcc6e6e0771768d8,2,180,0.9862191781929116,0.13423015308703262
no.norsk.fagord,bf6c8b94ce1443b6,54,2906,0.9514047037368641,0.2319546652529928
no.norsk.fagord,c7e967d971482423,26,918,0.9657731039758407,0.2238172442915082
no.norsk.fagord,d344ec2ad88c1cd8,12,528,0.9433432696936356,0.3308917066827456
no.norsk.fagord,d9753d629a9f6ecc,12,643,0.9767132684208623,0.18378512323359963
no.norsk.fagord,d97ae2ca3b98ebe3,6,372,0.9576893963336822,0.0984626364024244
no.norsk.fagord,e407532e4a8e02f2,1,280,0.9918783847136472,0.08087095775616933
no.norsk.fagord,f33549adba8395c9,6,633,0.9787259797761813,0.2666257289143291
no.norsk.fagord,f624ff0736d2fb24,6,423,0.9363457374077155,0.0609280538098074
no.norsk.fagord,fb0f1afafe40927b,6,339,0.9362733249859059,0.2982311073906994
no.nuug,015032a432a26fa2,13,993,0.976268996550289,0.2287587159988049
no.nuug,02402a29278dd919,15,629,0.9624001194935583,0.19139002867942875
no.nuug,08a7f14c215f4085,2,65,0.9640887110374923,0.4331385878912597
no.nuug,101930625ad4ab8a,19,848,0.9246814707987032,0.27345091121174914
no.nuug,1b8d24343f6a58e9,14,948,0.9859785243248421,0.38974278731633727
no.nuug,2030c1e00a8e2654,3,524,0.9918516274731347,0.419761728649251
no.nuug,3861bbe17f34f569,8,381,0.952434087541037,0.12356674903113392
no.nuug,3d48bd71191635eb,11,1030,0.9856840920362532,0.34243335430661137
no.nuug,46226533cbb3d497,31,1341,0.9793131599979554,0.15050912561726654
no.nuug,479f14ebb38e5fbe,7,319,0.9519128368490248,0.10599031158914234
no.nuug,51b510e80f326965,3,316,0.9677689211244236,0.12773554745500662
no.nuug,56003fbcc4a6c06e,12,578,0.9341834659138846,0.207711853897262
no.nuug,591a0b2193b23b4e,15,618,0.9778602111274287,0.06289761428887715
no.nuug,624be8dd39b5aa3b,18,985,0.9747924962424802,0.12279706269493454
no.nuug,6cceea13ea802dfb,1,248,0.9819656003683028,0.36167385251739165
no.nuug,74dc6c3e6de7e8d5,3,329,0.9729757148045639,0.3613820561380576
no.nuug,7a363f205b7dac34,2,97,0.9651498751917192,0.44476925679595397
no.nuug,9945992975bd2875,14,672,0.9632537252587559,0.31156616064523796
no.nuug,a34c82e5c0c551be,7,395,0.9784788435093894,0.35120385374893737
no.nuug,a41269a317094305,124,7253,0.9406307472455879,0.27713623319753355
no.nuug,a7468e7be23db137,71,2769,0.9750248325454062,0.33453386704529087
no.nuug,aa26b2254ae72833,5,551,0.9814609905016186,0.34897017150032156
no.nuug,bada3a3429520083,1,209,0.9632923633206452,0.23211484446993946
no.nuug,c4ba203550aba8ea,9,664,0.9775112631238242,0.1588470568936914
no.nuug,c5f551bd073f4c56,14,538,0.9107043842154986,0.17347510045986703
no.nuug,d69b011d667fb570,3,167,0.976810786008006,0.24560450899524292
no.nuug,dc5a98c3bd542131,29,1155,0.9649451013799734,0.34624358762779434
no.nuug,dfc0a9b5841b4d66,7,637,0.952706256351369,0.3348666122840677
no.nuug,e1063648cc9e7a80,1,145,0.9862113114345543,0.2044670414583485
no.nuug,fbdbcbb623e74c13,14,888,0.9722733424673304,0.3608697303785023
no.nuug,fea1ccef5ea47084,4,455,0.9864903357650895,0.24782472689879415
no.org.dnd,0f6577d66951e664,2,169,0.9550911767831276,0.28983830722258147
no.org.dnd,430515aec83235ff,2,131,0.9606645606760217,0.2166283796680562
no.org.dnd,74204439ccc87ea6,1,789,0.9951981626348542,0.27663836484953247
no.org.dnd,82c6861f32ac8467,2,3164,0.9959614276485115,0.20776230851467903
no.org.dnd,bb300ded89b648f1,6,428,0.9744648369366471,0.27219541054367014
no.org.dnd,c85eea48bc673aec,1,739,0.99811554663932,0.15685290157183535
no.org.dnd,d29599dc22e40708,13,975,0.9665145937522441,0.3993661774149189
no.org.dnd,e06d07161b77d381,1,2503,0.9978423080976278,0.2063908602082285
no.org.efn.diskusjon,0439b961c517dc0e,7,404,0.9512691049762244,0.13016485408879488
no.org.efn.diskusjon,0daad1b2cd1deef2,33,1675,0.98060188699659,0.19997702030809358
no.org.efn.diskusjon,1a95a770692a24ba,4,439,0.9845168320912979,0.3535489718549448
no.org.efn.diskusjon,1ab6ff1dbfbd91cc,5,610,0.9826328167183563,0.34717925820765605
no.org.efn.diskusjon,1ef2cc5bc256eb29,8,743,0.9794588294450814,0.3295395984358785
no.org.efn.diskusjon,27e24aaac35596fb,58,2955,0.965239777796585,0.4317575450544677
no.org.efn.diskusjon,3830d3c4f48023e6,7,553,0.9655384496029277,0.12277719286749104
no.org.efn.diskusjon,434d8a661bfaeac1,15,850,0.9364432624171686,0.29420961153820324
no.org.efn.diskusjon,4378d21a9f6a13df,14,1086,0.9849554529715031,0.17762598780876435
no.org.efn.diskusjon,4b7920c7482f27cc,22,1182,0.9848984429461743,0.3344278376289687
no.org.efn.diskusjon,4f5c37518c67e018,5,379,0.9873196198774227,0.4139998775112987
no.org.efn.diskusjon,50084c2493b13a8e,1,647,0.9972845595128702,-0.00748768360226337
no.org.efn.diskusjon,5d57fa8d28912b4a,129,7058,0.989354814286808,0.3570883776984764
no.org.efn.diskusjon,5ebb8744dace6ad8,42,1699,0.9633936823043369,0.23540474481721302
no.org.efn.diskusjon,63b47192dd860a71,156,7440,0.9858499962455048,0.26788080954795973
no.org.efn.diskusjon,63be562d1d64ec2b,5,562,0.9822890959429899,0.42420958965639843
no.org.efn.diskusjon,68210c4b17729aa6,6,426,0.9868461736882451,0.3402683677084523
no.org.efn.diskusjon,69b29150f2d80dff,9,722,0.9885105155781209,0.3091554321649771
no.org.efn.diskusjon,6aa31a04fb048e02,13,891,0.9892808529155146,0.31634733343273125
no.org.efn.diskusjon,7e107447d83754b6,14,1266,0.9731306937420757,0.3143234664430887
no.org.efn.diskusjon,82c15d86acfc2f10,32,2880,0.9910354252632885,0.43713008130991016
no.org.efn.diskusjon,83d412c0c1a17f98,91,4357,0.9809241280459329,0.21539831827694303
no.org.efn.diskusjon,886a3178aa0988cf,19,1796,0.9894699134558532,0.2613817850537261
no.org.efn.diskusjon,8abd0a0174adc770,10,1044,0.9891738240877543,0.2557881706399983
no.org.efn.diskusjon,ae709465069ee342,36,1624,0.9742391142606471,0.1701447689170372
no.org.efn.diskusjon,af6057607e86276b,3,663,0.9879469267839738,0.3872857541697166
no.org.efn.diskusjon,b423ee91a3046843,71,4219,0.9870184771340321,0.11762642269841597
no.org.efn.diskusjon,bee2947f976b8dde,82,3828,0.9769785944039459,0.3441865630215745
no.org.efn.diskusjon,bf55faea7bf1496f,1,381,0.9961726786111043,0.4117729714207081
no.org.efn.diskusjon,c0bdf77a6875ae76,57,3003,0.9769364559548358,0.31850952400122046
no.org.efn.diskusjon,cad812007403f2a7,39,2349,0.9831556293417292,0.1671770445100214
no.org.efn.diskusjon,cf7aaf4bef6e6481,8,713,0.9790100472684776,0.49773175677728093
no.org.efn.diskusjon,d0285d855b8e74ff,5,582,0.9824849774278307,0.193156707814992
no.org.efn.diskusjon,d3112c8d4a1d905e,9,737,0.9891962602171385,0.26125386945505763
no.org.efn.diskusjon,d7c1f3f1cff89cc0,32,1320,0.9855039791160823,0.3893542969894206
no.org.efn.diskusjon,da9a79c6ff7f2a6c,24,1419,0.9843590394716673,0.16926562856061173
no.org.efn.diskusjon,e5dcb50682b73a06,2,719,0.9963795794655175,0.24034016583274465
no.org.efn.diskusjon,f04c624959068cf2,13,651,0.9583057408168719,0.35803793031634085
no.org.efn.diskusjon,f1da465c6eb60f80,18,2140,0.9911896885851477,0.49295883835882104
no.org.efn.diskusjon,f9468d9fa14ec30a,16,957,0.9777657265032392,0.4650210049613145
no.org.efn.diskusjon,fe1557540ac7da31,56,3184,0.9864537602461444,0.3870642706282875
no.org.efn.diskusjon,fe732908067be65f,36,1949,0.9660294948489667,0.2666668200177364
no.org.isoc-no,001de21292a7fcca,5,512,0.993337921051874,0.18726659908740315
no.org.isoc-no,0649d2252310ecb7,24,1000,0.9729124855127032,0.19013385306708933
no.org.isoc-no,0694015015e26439,6,455,0.9866360351876001,0.21624129542163886
no.org.isoc-no,0e3ac6b4ea58a5b1,17,1015,0.9838154645840752,0.5336838088189908
no.org.isoc-no,1989ec01151c2e2e,4,332,0.9616756939477354,0.41829885470572986
no.org.isoc-no,1cd8f999c1fb4936,43,2572,0.9845657075716935,0.7060238868366846
no.org.isoc-no,373eec11eeb8101e,2,123,0.9745173471856757,0.15337325833593474
no.org.isoc-no,429d9c3c38a827aa,16,1272,0.9898200911098142,0.3939856199731496
no.org.isoc-no,4afdf63415234e96,1,117,0.9283421452409251,0.2125076354550777
no.org.isoc-no,4b2a9e7b40100d6b,18,3003,0.9961366921990904,0.23153193864981036
no.org.isoc-no,5d7b6ddda6de6c02,14,858,0.9690889122438325,0.4360598897971951
no.org.isoc-no,5f6ef0b566c90630,63,2731,0.9740430109398158,0.5122538076600572
no.org.isoc-no,5f6fa5e78d98ed91,56,2914,0.9810660561200902,0.22711210536063628
no.org.isoc-no,6441f0955ff0b751,16,1019,0.9822031128932179,0.21455572061738545
no.org.isoc-no,739eea15b09af221,80,3982,0.9870712031874349,0.3029443655097741
no.org.isoc-no,752b217b03db3cb6,23,1179,0.980508648113371,0.3950206705881839
no.org.isoc-no,791f8e85033652ae,216,11461,0.9875195987024422,0.20184740152436334
no.org.isoc-no,7d8cc7ac264c5d02,22,1124,0.9833808491919565,0.31483886329274047
no.org.isoc-no,7ef5459493579c53,68,4201,0.9848643390702305,0.08208293289586019
no.org.isoc-no,7fb0ea599b52bda1,125,6155,0.9857974442093763,0.37474968402265285
no.org.isoc-no,93dc8f8ec68806b9,30,2089,0.9901700468078497,0.36556034319185704
no.org.isoc-no,97c28970d67fe5b6,31,1408,0.9798170256202567,0.00984058563299436
no.org.isoc-no,9b4b063afe5bad17,8,403,0.9736968576525241,0.32810491348418336
no.org.isoc-no,b7d703217e0eb9bf,95,5371,0.9945657581126316,0.26020789488968143
no.org.isoc-no,b9231a84e755237d,18,663,0.9741514757344509,0.2539688187625812
no.org.isoc-no,bc339405d8e5b860,33,1616,0.9822446479699078,0.43308366074473587
no.org.isoc-no,bcf1a8398bdddc04,3,5023,0.9976882676146033,0.02306627116004211
no.org.isoc-no,c0b2542b0ef87a9f,96,4327,0.9800663194864041,0.1758901567403314
no.org.isoc-no,ce16a603e52d6381,16,555,0.9724097013380194,0.4106559959809961
no.org.isoc-no,dc069925374ef04a,24,1315,0.9782211378208289,0.2642872850384189
no.org.isoc-no,e97ffaeb43d5696f,20,1103,0.9798571455998827,0.4037970965505589
no.org.isoc-no,f03015882b2a04b7,176,7736,0.9836460575768906,0.3606206495322582
no.org.isoc-no,f552e3b922777467,20,996,0.9786819541227655,0.3039460496540668
no.org.nobug.diverse,011985738c4410f5,3,430,0.9942737839530641,0.14738829657067526
no.org.nobug.diverse,1fe5a40463782791,7,641,0.9680651309210283,0.04366483910390779
no.org.nobug.diverse,201fbb1966e5701b,10,538,0.9756732983620405,0.4026851311269024
no.org.nobug.diverse,2275b17fba070e23,3,206,0.9757980038636918,0.18182160527304136
no.org.nobug.diverse,2355471d7306405c,2,44,0.9631894073797863,0.11762495197158483
no.org.nobug.diverse,25a75cb19e859847,6,610,0.9800854920771711,0.14300802835431864
no.org.nobug.diverse,322cdbb4d1d5cb62,42,2959,0.9897607233168854,0.13411604762141996
no.org.nobug.diverse,3abb4576f0946f76,5,482,0.9867564350905227,0.2820292913949482
no.org.nobug.diverse,4174578366f9edd7,5,508,0.9794041922791257,0.26213565610565914
no.org.nobug.diverse,41bb494f10abcd23,8,634,0.9883648881774653,0.36968721100883273
no.org.nobug.diverse,433f2d321b44b66b,3,180,0.9681759792085166,0.21156351864569387
no.org.nobug.diverse,5127c1ed42118b3f,5,698,0.9876258682033162,0.18643192102630501
no.org.nobug.diverse,5345d662a2c026b2,5,498,0.9714609026175127,0.1492707180055891
no.org.nobug.diverse,54142e7212cc5877,7,281,0.9769585134450779,0.4766017638221381
no.org.nobug.diverse,5b50eadb5cd11804,4,127,0.9057091841855517,0.08164816171056528
no.org.nobug.diverse,5bc208a5efeab274,22,1171,0.9888542568943249,0.12431241316939376
no.org.nobug.diverse,5eb842d2ebfa7c9e,31,939,0.9733629309946397,0.49726857581463074
no.org.nobug.diverse,602dcacce356e6f7,5,453,0.9866464062544454,0.4412409447290428
no.org.nobug.diverse,62bccd5bb92088a4,39,2477,0.994217677450844,0.1926462499257359
no.org.nobug.diverse,6a9ef2dee7c7de47,4,362,0.9788084087573334,0.424205967412178
no.org.nobug.diverse,780ebbe95dab97be,18,818,0.9755546599240865,0.12078058809779849
no.org.nobug.diverse,85206373da2f6a74,24,1073,0.9904171471976495,0.3900267853308234
no.org.nobug.diverse,8dab7e3992bfaa37,20,827,0.9765698356914073,0.34837266712138226
no.org.nobug.diverse,99c9f72ec6416a0f,11,1008,0.975102534999127,0.41403945094112127
no.org.nobug.diverse,9ae75396a393b934,2,238,0.9817937954663329,0.19999487279027392
no.org.nobug.diverse,9d36a21f74260d0c,3,210,0.9751748270840072,0.20540442876792453
no.org.nobug.diverse,9f2179b80ab3d31e,11,537,0.9868826844296974,0.25984283034587075
no.org.nobug.diverse,a3f2348fa444e94a,4,284,0.9669246729286848,0.4025461062102524
no.org.nobug.diverse,a91abbc69d7e0e31,21,1111,0.9840173978459663,0.10656057189040087
no.org.nobug.diverse,ade08fa3e2679207,2,362,0.9868900853459223,0.4190130113727517
no.org.nobug.diverse,b03d6e20ee3a8aec,4,530,0.9836823994474335,0.41356821257650206
no.org.nobug.diverse,b638746e120963b8,3,327,0.9838651514850444,0.36474233407287876
no.org.nobug.diverse,cdec0158bf5c9905,1,61,0.958941286631436,0.10738234620487683
no.org.nobug.diverse,cede831c4a364b7f,1,70,0.9313033909929322,0.2833169931098444
no.org.nobug.diverse,d05baafd686a4b53,3,470,0.9880662930482882,0.3856103936979298
no.org.nobug.diverse,d25fa557a1f4c20c,6,525,0.9897521527878814,0.22739808556860505
no.org.nobug.diverse,d2a70473245386b9,8,416,0.9702692454092353,0.2353529581344326
no.org.nobug.diverse,d75700655055dbaf,3,109,0.9520380073208573,0.1593489850054498
no.org.nobug.diverse,d8824ccde9c72c96,9,894,0.9897066975290733,0.15519285502403582
no.org.nobug.diverse,dabb398fa36c78a3,5,256,0.9599497702948914,0.30430621112367834
no.org.nobug.diverse,e247e116edeabf3b,8,622,0.9875914679315806,0.26921479403389736
no.org.nobug.diverse,fbac64fdb51e1f86,4,362,0.9852488197913545,0.46617016374260467
no.pc,159d9024d8ba7b2d,6,503,0.974238039208755,0.34785736527455957
no.pc,17c7a99329586428,6,708,0.9793106529396427,0.36209913848144487
no.pc,19b7c779625b1e02,18,1016,0.9649997230908449,0.2423909931743556
no.pc,1bb54f125fd5580c,22,1317,0.9894652321224174,0.22895392473436857
no.pc,1cbd9257733052a4,29,1874,0.9835953764699936,0.19784054455416666
no.pc,26e806955be6c299,20,924,0.9858822611047127,0.12875935451282822
no.pc,2e6def9277ea5946,8,576,0.9814152524101339,0.15749839155828868
no.pc,3517cd3373a219e2,12,471,0.9812355752550564,0.23152541734933624
no.pc,3f8fa72bf63bd005,4,565,0.9921586796329122,0.1618726869888954
no.pc,4956e4dec5075a60,6,397,0.9410664411069564,0.22723411281778025
no.pc,4e2b4949eea3162c,13,780,0.9765909255138725,0.27167719291002757
no.pc,52fa5bf44f95a512,2,143,0.9617937208280691,0.22286552298396006
no.pc,57acbcbea766b6b6,5,376,0.9815756368166068,0.42741066959418345
no.pc,61f03adacce13068,20,1365,0.9896097583037405,0.3501790063922309
no.pc,6639e4e0ea3e5a82,2,136,0.9670400340492673,0.21074003083466492
no.pc,690462ff7451852b,2,53,0.9434341945740803,0.10676655422011228
no.pc,69f6a1b02eb1de89,3,741,0.9985208312604883,0.2521335255209348
no.pc,72f57233bb503766,10,1037,0.9890399644387373,0.18730064359202692
no.pc,830b8e423dd9b2ac,2,66,0.9578329595502745,0.13675498892818932
no.pc,8a5fcfb2eb4dc9a9,11,679,0.9837357568517756,0.378306662022432
no.pc,8cb16ef0d57c6c17,6,539,0.9623413936384616,0.1583970561110142
no.pc,a192f90f3e99ecd2,4,232,0.9519146687401157,0.23732470832744387
no.pc,a4f1c2851c9d91b9,13,964,0.9859394464196527,0.1616875011427688
no.pc,a6b287c0cf05c3a3,12,942,0.9884674495613813,0.07771221326063946
no.pc,b31d9164de164af6,15,723,0.9397803144762185,0.48506715514456444
no.pc,b5162c7931713abf,2,298,0.9724586167448027,0.20896510595791126
no.pc,b55b8d7ba60f9dbc,7,613,0.9836002685872212,0.33507499570808047
no.pc,b736d5542e7706aa,4,502,0.9821619742887472,0.2721658045027304
no.pc,b8adad1c64de4cff,16,958,0.982034123998227,0.3105321695464018
no.pc,bb163c478d3e5274,6,186,0.9560960995524461,0.20978961809847227
no.pc,c1dc6b48742f93b4,8,268,0.9647432091782242,0.1515011709142813
no.pc,c497cc6040b09c1a,2,1127,0.994977494558229,0.40588678137736944
no.pc,cb89844f8fd8e05a,6,1273,0.9903197650043581,0.06755539503084936
no.pc,cd161db25e8aead2,27,1181,0.9878839137013337,0.15395662968066468
no.pc,cdc1caec84cd5821,29,1339,0.9805175653305086,0.20926546119797207
no.pc,d0c91c2786966bc0,1,466,0.9968853953432877,0.06444247785145543
no.pc,d7cb6ee53fbb65a7,20,1393,0.9834794912315008,0.09689055445242518
no.pc,dba33c803ddc72d4,10,604,0.9837576719605216,0.22404286577677185
no.pc,dccf8849394b698a,1,141,0.986961030299992,0.49769399186164465
no.pc,e08749172d1cf75d,4,324,0.9638140492977936,0.1556419328176113
no.pc,ea0e758db65b5061,23,1878,0.9927745759062263,0.12396434999656611
no.pc,f4428613e3197271,10,435,0.9508892813163521,0.1607303528004528
no.perl,02e8f0bd7090f54e,3,97,0.9809064054780715,0.16271555505925583
no.perl,04940bc5bb2a87c1,9,161,0.9409606873924649,0.24333444051324699
no.perl,0b2a695aeaede18d,3,354,0.9620886823937697,0.21369173825475093
no.perl,0e39c45eb57d8cf5,8,477,0.976333043730827,0.23785051531014564
no.perl,130b82d8c06e1abd,11,403,0.9651393415015016,0.005648162865887873
no.perl,1e29d7bb753bd03b,28,1014,0.9849703662272039,0.20596687638317068
no.perl,2882242f9caeed69,3,417,0.9878583739895912,0.26828455258057127
no.perl,2ea409566d61386c,16,526,0.9434526672323386,0.26468562635152665
no.perl,2eea3a3fae9e993d,8,550,0.9837262766520687,0.24508012271517532
no.perl,341018bceb584076,4,580,0.9913059499232859,0.11363902305531655
no.perl,3c0041afb4ad412d,4,543,0.9922522540312959,0.13548888675701543
no.perl,3c6722f5b932291d,2,534,0.9906449831675015,0.15520942273664046
no.perl,432ea49c4ccf8b35,2,182,0.9653510478951997,0.283934728667338
no.perl,4ad1b5bf62e6a3f4,6,269,0.9527146594732323,0.3445879360601906
no.perl,50ea48fa855251af,13,922,0.9884780461275254,0.3323991265674838
no.perl,520d44e4ab2c2bf3,3,289,0.9621504469544772,0.10897405241635177
no.perl,52979a5ae00d61db,7,543,0.9813274958690272,0.18176040150878506
no.perl,54402d3a9528dbb9,34,2318,0.9883455178060275,0.3209247764110837
no.perl,57b24edfc1010f49,6,676,0.9765571214890979,0.3382798961352145
no.perl,5dd80eb32f6a444a,10,622,0.987386431810179,0.2393455462209117
no.perl,667ca6f376065d20,17,889,0.9747648125920381,0.1563616896872409
no.perl,84d17c85daef1eac,33,1094,0.9666699351193756,0.2771883413797654
no.perl,87d62fdd10670c93,4,485,0.9951564963862556,0.20308663374689745
no.perl,92723c95619ac05f,3,477,0.9936285773573379,0.3723992398989482
no.perl,935b70e0fcb7ef9c,24,964,0.9752635864167986,0.29148787439566476
no.perl,95cf5c6eed34b2e6,5,155,0.9543881402080873,0.11942286273245031
no.perl,988b4f1ef2622222,7,843,0.990271698341789,0.202385625710221
no.perl,a63549fe4ff56901,28,1522,0.9825375608374237,0.22296054058675785
no.perl,a7672607b740ab20,7,520,0.9436400428668898,0.2551999644253206
no.perl,b1664a19d7976d86,16,1491,0.9828601748134718,0.13200578364530485
no.perl,bec47cb6dec66128,7,337,0.9608558251839089,0.11389117811569738
no.perl,c66cc8a76d56f206,13,1005,0.9921906117371924,0.14509065964611909
no.perl,c7e2944a10ef269f,6,460,0.9730739632447835,0.24164831255415575
no.perl,cd78fe38ba6aa347,6,674,0.9899561885051121,0.09683551894742982
no.perl,d087671d2be6aaf8,11,522,0.9654656002427314,0.4279620057943264
no.perl,dfe063ea83e4f926,2,111,0.975230577551209,0.3008603025584317
no.perl,e3fbe1bbbc0134c9,10,1055,0.9793337086122235,0.1768170725539217
no.perl,ef1b47fbc4030ce6,7,677,0.9862260326523322,0.26307021674847714
no.perl,f29afdd3d1bc9661,3,190,0.961164394728607,0.19207855470124507
no.perl,f3322825a324d954,21,615,0.9373231389441506,0.24540420609666702
no.perl,fbd943e3d561c939,2,554,0.9979612068349228,0.06554998166437251
no.perl,ff3a5abf569773c1,4,620,0.9781595827285944,0.1659686372601853
no.prat.aksjer,030d22fcd8abebad,17,610,0.9570204961556826,0.2805087437433115
no.prat.aksjer,030f93fa55eb036c,16,624,0.9633648696158897,0.1862711571766304
no.prat.aksjer,03205f7f73d9f7c4,7,675,0.9837344833742396,0.2640061107524168
no.prat.aksjer,0741ce07a6fb3818,5,336,0.98370618677766,0.19780082405000965
no.prat.aksjer,07e7d47f06787a2b,49,3399,0.9917803184013239,0.2297109142542465
no.prat.aksjer,09831bff2bb10525,14,908,0.9776334710969272,0.14424134663771596
no.prat.aksjer,10577f53a97bbd57,1,360,0.9945617621170373,0.25580188065053244
no.prat.aksjer,1160fc8c2fa86dea,19,791,0.963513957831846,0.020681196153364015
no.prat.aksjer,130ed8f8ff5c01c1,3,93,0.9307332596398086,0.17118179649358584
no.prat.aksjer,143e94fb3a6c778b,5,235,0.978183967329722,0.14404110751730564
no.prat.aksjer,169be59ca654f7aa,16,1048,0.9766051358959532,0.17481439517315148
no.prat.aksjer,185a380f807c351a,2,124,0.9667215624613852,0.23709812755911194
no.prat.aksjer,1f493fd6a454d887,25,1130,0.9793122553129393,0.27134147267309494
no.prat.aksjer,269a23ce6731671b,11,345,0.8879345148100758,0.27263663785794906
no.prat.aksjer,284c38833d3ccfd8,25,744,0.9203495695530363,0.19308227645775303
no.prat.aksjer,2c39d0062064e422,8,210,0.9501785517214764,0.20050202877374057
no.prat.aksjer,3146677637ef8954,6,543,0.9812417400047565,0.26455139375285414
no.prat.aksjer,3239b8ce8afad8ff,22,705,0.9009841826070094,0.19474983566029871
no.prat.aksjer,335bbc88ee2c2264,22,1179,0.9510578295387695,0.44463814976269983
no.prat.aksjer,398267a99bb69e97,4,225,0.9608488925290622,0.26567030369533406
no.prat.aksjer,3e26c7d9ab609d2b,9,355,0.9633076219316133,0.18278381112161068
no.prat.aksjer,3f7ddd97e1559c68,31,1056,0.9749340153881939,0.11671390119482976
no.prat.aksjer,4f72817981b2dae9,6,237,0.9346582868996509,0.043205887205109775
no.prat.aksjer,5a0c0fbaf567a492,1,712,0.9905587049425535,0.1089195530920818
no.prat.aksjer,5c38d2c9371a463f,4,149,0.8703851024871762,0.22005606597511218
no.prat.aksjer,6c62464cf9de859b,15,1297,0.986271724158044,0.3695500628646549
no.prat.aksjer,6faf3cc50080e00d,22,776,0.9679652389981145,0.23658448959326578
no.prat.aksjer,79aa5c90a2958efe,18,925,0.9513447967573264,0.19576870954569017
no.prat.aksjer,81822c9b51d76957,21,933,0.942537220271401,0.328060442602127
no.prat.aksjer,a644a0c913843408,8,319,0.868354297845746,0.2632904054204618
no.prat.aksjer,ada7f9b7e0f32c36,12,667,0.9874366043037043,0.06698863227823681
no.prat.aksjer,b3ee3e87fd5c5cea,41,3003,0.9868286442670956,0.3363080004522025
no.prat.aksjer,b43c6e83a63eadf5,2,379,0.9941545026828615,0.206685273078582
no.prat.aksjer,c2cfd5a6cdbe91a8,12,637,0.9414254561820997,0.3729737980175092
no.prat.aksjer,cba753ef70bd1e68,3,246,0.972548701731071,0.36858238430025253
no.prat.aksjer,ce63ad390d26f48c,3,278,0.9838657737538644,0.35052431925124466
no.prat.aksjer,d5c05583dc1d09ce,22,1019,0.9804822146555149,0.27234232902526945
no.prat.aksjer,ede9620b37c2ee6f,6,699,0.9719047493271141,0.20071065256381948
no.prat.aksjer,eec211e2463c3118,5,514,0.9728360394214529,0.24214394031280495
no.prat.aksjer,f156a98e74dbf649,39,1766,0.9757669996669808,0.12193160524724678
no.prat.aksjer,fb6d4e9b933ea150,45,2087,0.9666002113866528,0.16325843295685422
no.prat.aksjer,fda02a2b98a83068,10,352,0.9617587069224248,0.22896380862388852
no.prat.narkotika,0933dd6499220fd9,35,2316,0.9843818314866775,0.2386957049628534
no.prat.narkotika,0a98d4f63c0950fe,24,1634,0.9805070303308769,0.2559598691697255
no.prat.narkotika,1357b9383aa46719,18,1723,0.9789912815723429,0.1271671127162705
no.prat.narkotika,17b8eb103c12dd30,7,504,0.9653135936029731,0.2823412043766995
no.prat.narkotika,1b7757924807bd41,14,536,0.958803960757045,0.16612659963075396
no.prat.narkotika,1dd5fc8618e00e3d,62,3320,0.9870254322998646,0.484266586935885
no.prat.narkotika,28b64716d011c1b1,1,5872,0.996133973303171,0.18797934113582077
no.prat.narkotika,2a8e7942b1bfe3c3,26,1277,0.9767613686567481,0.21138269760811457
no.prat.narkotika,3e18751e6c78ce47,6,691,0.9856137967661421,0.2390228530527376
no.prat.narkotika,484f368e3baea767,30,1442,0.982765186689769,0.17406264079064337
no.prat.narkotika,48fe867cd361104b,11,691,0.9795571599462979,0.4292285437661852
no.prat.narkotika,4c5f3ddfd002294b,46,1888,0.9687191233819339,0.14567281017325065
no.prat.narkotika,4da92c23a1eb7f4a,38,1503,0.9690984742863051,0.24194905976189007
no.prat.narkotika,4daeab9e631c6f25,6,435,0.9156681593566386,0.2144547081214284
no.prat.narkotika,58da8f8fc25acaab,4,901,0.9901000229967095,0.15295636532293871
no.prat.narkotika,60a92250cf9e0375,27,1610,0.9876850473185879,0.2744852088734285
no.prat.narkotika,6e647a14f1765438,33,1657,0.9769462787583524,0.06888763917446998
no.prat.narkotika,777ac6819278bcea,7,649,0.9869123746209012,0.23772305047549236
no.prat.narkotika,7d18e8c13a194a39,34,2139,0.9740455637658197,0.22127563969869338
no.prat.narkotika,852ae07130e5cd1c,48,2186,0.9785718087956182,0.1782107477092815
no.prat.narkotika,89d781740ec36c40,20,761,0.974912539378135,0.2255951945103471
no.prat.narkotika,8b340db91b3caf21,2,1205,0.9962881719731405,0.1593236585378296
no.prat.narkotika,8b552a82552ddcd2,9,754,0.9730796666086635,0.18214322455077725
no.prat.narkotika,8d3da6cace25978a,4,438,0.9729631446113743,0.3050015179690537
no.prat.narkotika,94ce6d9ba5bade9e,17,1274,0.9831014357327243,0.202182907500336
no.prat.narkotika,9d8cf1eb7e990fd0,7,339,0.9372268303070781,0.12247397360956043
no.prat.narkotika,a2de68acf48b706a,1,173,0.9944598667537183,0.22970504638948283
no.prat.narkotika,a44f75e48317422c,11,790,0.9802085098993077,0.32308087775018457
no.prat.narkotika,a603971c4369fa1f,25,1849,0.9907263932725516,0.35125542506392937
no.prat.narkotika,abcb93056fe46fd3,7,633,0.9816358684034764,0.13042783468760483
no.prat.narkotika,b011bdaadd54229d,6,866,0.9836667768225181,0.2729990550036025
no.prat.narkotika,b400a02c52d932c1,5,238,0.943168132616317,0.1979074456488807
no.prat.narkotika,b6d344a8c1363dc4,7,581,0.9771914225588252,0.3896813799867355
no.prat.narkotika,b9f48f99d6db59e1,5,520,0.977216893947316,0.14904155823287282
no.prat.narkotika,c684e5491afbacba,2,1899,0.9972330601442171,0.3340165988453213
no.prat.narkotika,d2298480565754d5,40,2413,0.9652641741328866,0.16590742782570742
no.prat.narkotika,d2b76d1a9ee92d50,74,3562,0.9860158069784908,0.356786136519753
no.prat.narkotika,d57e8ae624bc6e56,166,9271,0.9807233140358235,0.22276305834621718
no.prat.narkotika,e4f69ab072958312,3,603,0.9825878605862378,0.17417735030997789
no.prat.narkotika,e7ccf0cde21d2435,17,765,0.9782969792680092,0.29547028340264847
no.prat.narkotika,f57e9ca319df083d,200,10554,0.9892941368122263,0.16982780263627145
no.prat.narkotika,fc52d8d60c4594b7,37,1518,0.9725967759150642,0.25416686856717774
no.prat.narkotika,ff44e3038a5f94fb,14,830,0.9682102714098935,0.39999826042829584
no.prat.politikk,045cc123adea48e8,17,651,0.940161656224753,0.13510920483053798
no.prat.politikk,05288922c49a13f4,15,595,0.9132690766138298,0.30305011484708066
no.prat.politikk,2c0c371f3476fbc4,7,759,0.9597084615021875,0.14314755198763043
no.prat.politikk,2d66a915c831a0b4,23,1256,0.9838128897729944,0.09854806856998999
no.prat.politikk,343b8275f23cc210,39,1646,0.9347004220923428,0.12836189688067468
no.prat.politikk,34d68d8bdd45c4ae,20,1085,0.9512472110583695,0.4094240486180232
no.prat.politikk,357a7f35abb7ad1f,29,1305,0.974678516886537,0.18864921898753614
no.prat.politikk,385957a3ce3840b2,3,338,0.9830785550687023,0.2902710223078219
no.prat.politikk,38cee895a6e6077e,1,174,0.985120703544088,0.4002044151309167
no.prat.politikk,3ce3e86c33bed452,41,2287,0.9453720065003575,0.3114387569953048
no.prat.politikk,3d441ea20016b746,10,562,0.9683835313002588,0.21559635375394703
no.prat.politikk,3d56f035ae0c7686,63,1968,0.9533993291351007,0.20437365680932007
no.prat.politikk,40cc61fcb0d44935,17,573,0.9286911028838049,0.07980511868484105
no.prat.politikk,442e3cb050118b02,10,477,0.9699947770429922,0.16982840912001074
no.prat.politikk,4a441ba89602ca79,8,827,0.9848797400322604,0.34967023681297216
no.prat.politikk,4ffb9baeb42182f6,6,342,0.9227985519718709,0.3369330073893689
no.prat.politikk,5a4f66e2ababe440,12,431,0.968662924019862,0.237178007065355
no.prat.politikk,5e1023267fcdcff7,2,307,0.9848068630057747,0.33674261780614034
no.prat.politikk,6969b9b011151736,2,253,0.9885549656342635,0.3841160963526572
no.prat.politikk,7524d31622e1bd28,30,1236,0.9767520803100684,0.22166625713104832
no.prat.politikk,7a04298e83d53218,4,346,0.9201008103455747,0.2281791364317673
no.prat.politikk,95da2c76af6f5d93,131,6680,0.9852957048204783,0.1096471003868292
no.prat.politikk,a3a5b36f239ccd21,11,890,0.977130429933868,0.21506876184195273
no.prat.politikk,a50aed4c08af735f,15,770,0.9731049009578795,0.07214052703991314
no.prat.politikk,b0ee798ba5d3f194,27,1417,0.9742971611007913,0.09204645895380088
no.prat.politikk,b53b6877cbf6fc07,2,671,0.995087261794671,0.3737542547337907
no.prat.politikk,b86541a4171c1eac,61,3471,0.9536992015015975,0.19725831692142126
no.prat.politikk,bbafd5534c1d697c,8,477,0.937441805632898,0.24672311553637116
no.prat.politikk,bea8b3d1b7233fd5,7,610,0.988391457083114,0.20208379060354248
no.prat.politikk,bebe9c5ad60ccda9,45,2247,0.9792478700895496,0.3382619009863173
no.prat.politikk,c2c292a0cf346918,9,669,0.9058445708924322,0.3445719883376988
no.prat.politikk,c34b39456319a0e7,26,1137,0.9710346288128275,0.13212858071121866
no.prat.politikk,c8c8bb8ca5956f05,24,1275,0.9645956808451285,0.10211994703803827
no.prat.politikk,ca86fdb8542ab86a,7,506,0.9706225424589676,0.24879887200046955
no.prat.politikk,cfc2dd241a2ee107,6,288,0.9318054685103383,0.45488781895664
no.prat.politikk,d4bb3d9eb4ac1b45,8,524,0.9036201617655263,0.3908580570041877
no.prat.politikk,ed9a2b2edfe56b18,79,4251,0.9732564278480281,0.18012030872267618
no.prat.politikk,f0e723e0ccfc9d52,3,321,0.9852135293536257,0.17279601768224448
no.prat.politikk,f5b79c713fb6a621,10,842,0.9797070476732294,0.0859252290248151
no.prat.politikk,f8a87a584ddfd932,19,877,0.9728087738963754,0.2234822455188992
no.prat.politikk,fafd9a43c5bb950d,10,1101,0.990941999794474,0.2382448245165282
no.prat.politikk,fefbeb16e4b566f3,43,2258,0.9660312051495286,0.2503316034401027
no.prat.seksualitet,00e469a557627f48,4,384,0.9559434540548216,0.22861083643722577
no.prat.seksualitet,02ad47c6c3e3047c,7,467,0.9850509203004423,0.3084574650811729
no.prat.seksualitet,058526becbd63f09,11,601,0.9509402849253642,0.30071926803188936
no.prat.seksualitet,08a990494d590c98,8,298,0.9551234227078321,0.3344492760704266
no.prat.seksualitet,1c3a71150e786524,1,386,0.9931015972531695,0.20180556056124177
no.prat.seksualitet,1c48a34bf9722d99,28,1143,0.9460752782642858,0.13359344537801826
no.prat.seksualitet,22df5ac5e9e3a67e,41,2058,0.9411762082866785,0.3617029219816185
no.prat.seksualitet,2c000724eef15cb2,20,1022,0.9823298986966662,0.24519348094711907
no.prat.seksualitet,3188ac1ba61440ed,46,1427,0.8379126614275426,0.09258670726580696
no.prat.seksualitet,3203ae51c593bd39,68,2692,0.9668797267992124,0.3051754087857331
no.prat.seksualitet,33918bef1d7a655b,32,1917,0.9730551653710702,0.2898031222234235
no.prat.seksualitet,50f95a9921012e4a,7,213,0.9190827651339843,0.3523706962210247
no.prat.seksualitet,546faf45c5b86511,12,475,0.9350616790760083,0.370298619981927
no.prat.seksualitet,599b8bffcd7377f0,15,414,0.9084420936273983,0.36679429541887665
no.prat.seksualitet,5a7708d6f3a9a9bf,2,179,0.980912456914883,0.2054741851488938
no.prat.seksualitet,61d7ea9e8bcd2ea5,6,179,0.8844692540087342,0.3250218204187077
no.prat.seksualitet,6497e07cb915fdaf,8,194,0.961054381591606,0.09005499052708711
no.prat.seksualitet,7017b00ca46bb74d,5,339,0.9821335645637078,0.38770397220110675
no.prat.seksualitet,7335d2caa3e964b6,4,261,0.974228616054106,0.23266435045828282
no.prat.seksualitet,7614a3626ccc6350,26,1189,0.9560667316236804,0.3615614555159874
no.prat.seksualitet,765f5dd5b09b4d5e,3,402,0.9796948242211246,0.2255555460914312
no.prat.seksualitet,79927540ba2f9f82,2,300,0.9537022569666687,0.2720052080040003
no.prat.seksualitet,7baab0da6bfdb677,11,405,0.9418392528043634,0.1600426102851893
no.prat.seksualitet,806abb86dbe08c5d,18,703,0.9811174854464244,0.12258662395354525
no.prat.seksualitet,8b06120a9229bbba,7,732,0.9842998155617274,0.2499767107512726
no.prat.seksualitet,8bb5fad779dffb22,26,1274,0.9680350629019996,0.2244706006364497
no.prat.seksualitet,92e87f86c4cbba70,1,71,0.9611997840621811,0.23527311635307127
no.prat.seksualitet,96afc8a6c37a8c5c,33,1142,0.9611204639020946,0.20256203617442736
no.prat.seksualitet,b94041f2f22f5eba,29,1790,0.9413715218630045,0.3128825841523166
no.prat.seksualitet,b943221126d21006,20,863,0.9516907469862016,0.12876968627423585
no.prat.seksualitet,bb52e85287ec3661,10,274,0.9567913651124288,0.3681674707522139
no.prat.seksualitet,c9e605bf95f3d73e,10,375,0.938742386443316,0.12980860258951066
no.prat.seksualitet,ca6a5c93a9b52849,5,374,0.9773437548782233,0.22775699839259128
no.prat.seksualitet,d24dc83fd9404fbf,27,1184,0.9400902103805882,0.265180433435965
no.prat.seksualitet,d2d1e88d43e98a3e,7,415,0.9794081328858665,0.37381052476324755
no.prat.seksualitet,d9f07ac511d84c2a,2,98,0.9778673359181315,0.2627135521673887
no.prat.seksualitet,dba7a580d6f30bd9,22,1280,0.9683223757414059,0.1781398765343861
no.prat.seksualitet,e41da88061555b5c,11,574,0.9686530928075635,0.2096984650603315
no.prat.seksualitet,e88c13f330053c14,112,4025,0.9804995977211847,0.20651719566715807
no.prat.seksualitet,edecaa1dcdb54484,31,1737,0.9737438277797098,0.314655453023514
no.prat.seksualitet,fdf96abe6e806ffe,1,63,0.9743388493300058,0.24693365382908347
no.prat.seksualitet,ffbf678c3a37ab06,7,405,0.9615241037926441,0.14492102882402083
no.prat.ufo,0154362c78c7a462,12,510,0.9720629225026686,0.056088512842546366
no.prat.ufo,0603056680bd9f21,18,882,0.899090924014309,0.37764912660411315
no.prat.ufo,07da55d8111c54a7,21,1120,0.9711632656917268,0.38722515314609735
no.prat.ufo,0adb6ce2500d3091,19,1179,0.981846341708378,0.32166818010947007
no.prat.ufo,0b53ccd59726144e,19,1216,0.955452245077067,0.19970593224851815
no.prat.ufo,0cb9a1f4988265af,12,577,0.8985062301776331,0.29786395819786016
no.prat.ufo,244af273942bc3fa,19,1337,0.9772347015896304,0.31927701295218225
no.prat.ufo,2d83b2e1110fa0a5,46,3607,0.9900128060334966,0.3654708580461064
no.prat.ufo,3284e559a2e4279f,20,1616,0.9892290554409738,0.1379926147985115
no.prat.ufo,335a54fb7604bc2d,33,2287,0.9700195956333328,0.36234700545217513
no.prat.ufo,3821a3f58835e828,3,401,0.9861174280104472,0.3947982628880775
no.prat.ufo,3e11c903db2b8628,4,1263,0.9950328812055712,0.24932714996506042
no.prat.ufo,442dadce1d5ec9df,49,2793,0.980571013924744,0.4404632937438375
no.prat.ufo,45a001730ddab240,15,1150,0.9493734215469705,0.30376161338006213
no.prat.ufo,468f15e99ec1f120,50,2557,0.9818102859954732,0.27041382159099525
no.prat.ufo,46fbe3895db183fb,2,473,0.9928819681323447,0.24144516160228527
no.prat.ufo,56c34988c4d18368,109,4935,0.9781697398213326,0.34157065112998564
no.prat.ufo,5c88578b3119f56f,44,1862,0.9542176046994544,0.37350078949014015
no.prat.ufo,5e6c9674420e64cf,21,1406,0.9850523456886497,0.14631540479838126
no.prat.ufo,662b8fc0aee92085,2,380,0.9829329565237556,0.3647333899795185
no.prat.ufo,7352b654a6bc626b,14,963,0.9807599682139216,0.301639198727712
no.prat.ufo,79bd5f7f4a8b795c,36,2247,0.9852217569333152,0.2551872292632884
no.prat.ufo,7b6a96b88710c80c,31,1725,0.9694679465687714,0.3020204483937494
no.prat.ufo,7c732026941c099f,24,1567,0.9799470110554499,0.3115049865600209
no.prat.ufo,7dbb9a53f763f7e1,57,2659,0.9845751331115213,0.25047872133053106
no.prat.ufo,7e5743c6ae805147,4,1361,0.9933939824614614,0.19687790047706513
no.prat.ufo,824367ee4d0f2224,21,1410,0.9855517761131619,0.26582469133776165
no.prat.ufo,854aec80b1130cfe,22,990,0.8980908055676987,0.31730991320372454
no.prat.ufo,89207e53ab3d7ed5,63,4984,0.9915458539483913,0.39259871118094203
no.prat.ufo,8a704228d0feac52,7,845,0.9808173819412542,0.26929606530117317
no.prat.ufo,a83c4512e104247b,12,576,0.9688273187947282,0.19866647568155302
no.prat.ufo,ac0e74a1564bf56d,32,904,0.9352418669199677,0.3356419343879779
no.prat.ufo,b4648be1333682e7,5,965,0.990536789380566,0.2416732906869572
no.prat.ufo,c1b8694d857cfd1a,23,1841,0.9747346550694614,0.20252256879206612
no.prat.ufo,c6de4bfb24c45d41,13,1255,0.9898430149017863,0.12520702629942895
no.prat.ufo,d629d0777808a0e1,14,503,0.9787124822088404,0.37292471147134976
no.prat.ufo,d7d2c40f21fd743c,9,588,0.985714614503822,0.09933927798516692
no.prat.ufo,d8361f925b2c6377,44,3207,0.9940790566115086,0.13081119862765697
no.prat.ufo,ef971a813024053f,28,1301,0.9667330118167362,0.38503960027932266
no.prat.ufo,f3135dfa86313cd6,17,1637,0.9863973350638374,0.2719421370038489
no.prat.ufo,f3394f99a7b22853,12,899,0.9558010932372423,0.21618682994011978
no.prat.ufo,f712e4db0c0d6ab8,9,938,0.9875319490239745,0.25805708885134815
no.prat.ufo,fb4c62864bfac8a6,30,1232,0.9734242242941562,0.16567052047641379
no.pressemeldinger,044fb225a87e545f,23,1675,0.9535241065104602,0.1834104358531239
no.pressemeldinger,138d0bec860dd5fd,35,2040,0.9700051179122482,0.13151434205366533
no.pressemeldinger,24f056eb4325fbdd,38,1719,0.9218576206769693,0.27593343124798897
no.pressemeldinger,26ed6d89e09ab8f7,33,1309,0.9028375279822977,0.19583586246768012
no.pressemeldinger,36a348c00318949b,55,1962,0.9050494413833916,0.1183111510612753
no.pressemeldinger,4ce7986c9d49af44,40,1780,0.9174540478020441,0.1712774438659129
no.pressemeldinger,4e330b49c4452e59,28,1328,0.9491265132148974,0.13672576025510025
no.pressemeldinger,5084bd50825edb82,62,2551,0.9538119167335815,0.12033653134436884
no.pressemeldinger,56a9a7d29052b3b5,72,2404,0.9185921464082133,0.08876986660619764
no.pressemeldinger,621df9805fbe5411,34,1454,0.956665264236906,0.24138752113419484
no.pressemeldinger,6ced24d9446cae8f,38,2220,0.9565763872054391,0.383955314070008
no.pressemeldinger,73f102e1f8fbcfcb,54,1909,0.9089729821739828,0.14369785295468457
no.pressemeldinger,7a26af9e6a2b3b86,11,865,0.9547303933535204,0.24167916269799322
no.pressemeldinger,7a4eb0f6b31c96a1,51,1744,0.9383262678023979,0.3510294492732058
no.pressemeldinger,8084fafc52e9b2af,58,1787,0.8775147517456245,0.1860478973406079
no.pressemeldinger,80e1a7bdfa05e75e,89,3023,0.8203563354406124,0.36009075886851677
no.pressemeldinger,85dc8c9dccf8a3ac,27,1282,0.956373440776073,0.22195285129765804
no.pressemeldinger,9d437c08f61ca058,38,1353,0.9481614460940181,0.14581783550275404
no.pressemeldinger,a38f709e70d5bbd5,49,2083,0.8668745135082085,0.07631737595757827
no.pressemeldinger,ae9757b13caac0af,39,1638,0.8821896432923617,0.25335629783235414
no.pressemeldinger,b7b94403ee3352a3,38,2595,0.9094858932679386,0.19483238148930876
no.pressemeldinger,e62ecaf51dd71479,33,1388,0.90957856544668,0.12277263273043974
no.pressemeldinger,ed12387dfe2c0726,67,3370,0.9364123933974863,0.2035960341474325
no.pressemeldinger,f0b4cb05807e3ae3,45,1442,0.9044327091486073,0.1909138477919989
no.pressemeldinger.diskusjon,160ecd3df8a4d81d,13,569,0.8938424535255043,0.24328779230942948
no.pressemeldinger.diskusjon,2687b1740abc5ab3,14,677,0.9453038636324175,0.25261255725969617
no.pressemeldinger.diskusjon,2c54cf02dbeffac2,12,397,0.8086576707080899,0.282109008042049
no.pressemeldinger.diskusjon,52fbb23fa4c22e7f,18,627,0.8231226093847248,0.5521436709037932
no.pressemeldinger.diskusjon,66b18bb7222d2127,33,1420,0.8995580994025468,0.5070777765309887
no.pressemeldinger.diskusjon,6afe48215cbeab29,34,2006,0.9571474697553874,0.2968885505542924
no.pressemeldinger.diskusjon,7df4e2be47731116,27,804,0.9120922669585543,0.5752482969296205
no.pressemeldinger.diskusjon,88173614a009c3f1,4,402,0.9778297038685092,0.06528725213303757
no.pressemeldinger.diskusjon,a5074cc33ce113bc,11,1137,0.988547736354937,0.31181569560335803
no.pressemeldinger.diskusjon,b2c53ad779b75fd5,6,119,0.8148423498628764,0.45126484235840264
no.pressemeldinger.diskusjon,d9c2ac0a44baadc8,7,167,0.8695611731152841,0.10755267961306252
no.pressemeldinger.diskusjon,dad96130e572bb0e,32,1680,0.9739890370698348,0.20873473508515025
no.pressemeldinger.diskusjon,dbe3cefce82b869f,31,1398,0.8681824037043929,0.2698510382849611
no.psykologi,02077e12a9ff9dce,22,1014,0.9634105642123462,0.3615950964895693
no.psykologi,052a50341b400e80,10,344,0.9725425897577508,0.17069110871515533
no.psykologi,13a2655d4c7662bc,6,283,0.9752329399156331,0.11890143218948146
no.psykologi,14439b17bfaa9a98,11,632,0.9816527452093697,0.21436670834837035
no.psykologi,16faf893dc2b1ec1,10,874,0.9824653072127495,0.07884948367359679
no.psykologi,1a9475d626c0b513,29,2306,0.9894925043068382,0.12491960881850171
no.psykologi,1d68dbc3a513bf21,5,291,0.979018952863289,0.19838440031286342
no.psykologi,2171d8a1dc6d65d3,20,533,0.9381492248259229,0.12680908489792522
no.psykologi,28b9acb0047d5cfc,61,3194,0.975256827947382,0.28272468217487134
no.psykologi,295b855f1f60fede,44,1930,0.9742108405986771,0.3556504046420397
no.psykologi,2eaa9b8d80003143,11,951,0.9810875594000629,0.16259526942994107
no.psykologi,3b4e969b9752a505,17,762,0.9493708194981867,0.16205760792306997
no.psykologi,446f8864521d90a5,4,657,0.9743138973194576,0.21471189346851277
no.psykologi,57e93739aa328120,6,763,0.9891717770881405,0.19372596567232792
no.psykologi,5e5abe404260a493,6,366,0.9685853552405396,0.23130997236416717
no.psykologi,60bc3c1ce75e45df,5,244,0.9667184060982648,0.3770524920487042
no.psykologi,612e8a49c5638663,16,451,0.9692314815788168,0.24512981863154773
no.psykologi,6df2bc89c8eec1ad,15,1282,0.9747400301213494,0.2884822266792378
no.psykologi,74d7ad610c98213c,10,624,0.9751209629205826,0.20699055642613334
no.psykologi,7afaf15c023ec7f5,7,347,0.9233155630188856,0.31081624022382986
no.psykologi,8ebb98fea5bac5ba,1,402,0.9927631197868783,0.3449903480501524
no.psykologi,9c6e7f2b3ba3995c,9,214,0.7894747399834265,0.20226414798686457
no.psykologi,9ee84f800e2d7923,8,664,0.9721547835417244,0.09740085890859938
no.psykologi,a048b61da19453c9,7,563,0.9691288989817834,0.15903345733090157
no.psykologi,a6676f13ca41e69e,4,544,0.9838275981352846,0.28904153897362733
no.psykologi,afd4b7eac40d899c,31,1743,0.9631629914042533,0.2850296222266611
no.psykologi,b33f8c04e505b5c7,9,910,0.9704318701980614,0.32279112287728784
no.psykologi,b8ededb15cdac2eb,44,3018,0.9816931401701772,0.2449654571693744
no.psykologi,bed689985b4f44f7,11,539,0.9548699641902189,0.2555438718152941
no.psykologi,c0be9c16203401dc,4,664,0.9939027004999,0.1145357289846909
no.psykologi,c2074b7a00f52963,8,886,0.9934791029005869,0.3166435537595544
no.psykologi,c2171ead49c51e29,4,360,0.9719764126216027,0.17158750923266533
no.psykologi,c237842743c5322c,15,850,0.9672013088373513,0.2979759036052622
no.psykologi,c6f23226222ed22a,26,1031,0.9754331550823457,0.27012958484744937
no.psykologi,c78cb3ed0be77233,4,267,0.9637823501662962,0.1613024273551917
no.psykologi,cfe6b94c66acbadb,3,269,0.9666351568904175,0.2649001010904358
no.psykologi,dd64cfea83c34ca0,5,827,0.9877680921011442,0.15149784680102674
no.psykologi,e120cdbfb2449b5e,11,1033,0.9649290759552994,0.1531345539905701
no.psykologi,f3232ce27bfea36c,35,2068,0.9815302102268825,0.2506592057955099
no.psykologi,f3c4d1ee52600a6c,13,811,0.9778413424569273,0.18129364679437165
no.psykologi,f47e6ade29be66d4,28,1486,0.9904451841522298,0.045674923592938954
no.psykologi,f534664af5231a97,39,2470,0.9811636309441423,0.20968445396070057
no.psykologi,fc2a882092435e93,22,1795,0.9905439635475629,0.23485730306055527
no.radio-tv,0e63c1c795178387,8,330,0.9521499749188292,0.20196554899250557
no.radio-tv,0e7cebcea285939c,13,517,0.9604379818011095,0.2177369724280209
no.radio-tv,13a376e705d93c83,1,79,0.9772590489711224,0.2803474904165717
no.radio-tv,1f4058aef0e3ff61,24,1781,0.9749597615158015,0.31558233205797337
no.radio-tv,24b3af94af4237aa,2,226,0.989778676325618,0.25346624126994033
no.radio-tv,2606dae79d1fa84a,5,226,0.9535623703025249,0.36490405613167654
no.radio-tv,359025e95980d219,2,217,0.9485703820310557,0.23584088409968235
no.radio-tv,36d0dfec8db7984c,10,723,0.984255430151855,0.3835659537219485
no.radio-tv,3855c75de8bc14b1,19,963,0.9787336322358448,0.1523808539473073
no.radio-tv,3b07852ab6a5aac1,7,517,0.978434912685827,0.3294259515750515
no.radio-tv,3fd33e90703ba342,14,742,0.9727883603019752,0.23224665644069553
no.radio-tv,43672cf48ad329fa,12,490,0.9673914557624319,0.3291617198565066
no.radio-tv,4dc09d7d46fc83bd,9,688,0.9858136277714807,0.3170226882840937
no.radio-tv,5351199ac2aa56c8,7,311,0.9552256699262268,0.2387926076405278
no.radio-tv,60881fb5dda2147f,3,290,0.960865039617339,0.2617538347061292
no.radio-tv,6632e908a2934466,13,592,0.9755290885306039,0.13454750223381554
no.radio-tv,682b1aa0f61a8c5c,8,540,0.9694956536854838,0.13140067743849648
no.radio-tv,6b1d69837edd86a7,3,221,0.9812159698824413,0.37936352733152423
no.radio-tv,6b904e06c38424fc,9,634,0.9683588794341871,0.30282130461567347
no.radio-tv,753c0a4ebb5d5e35,2,270,0.9608574761850324,0.3736460073472814
no.radio-tv,76d13d9e0f1f5f10,8,518,0.941142201300373,0.3447417141072174
no.radio-tv,8017f531cbcfdedc,12,624,0.979071134547905,0.39309057717214085
no.radio-tv,86d112da6ca2172a,31,1583,0.9799519393123471,0.3342640270118318
no.radio-tv,9c0cbddb1d1e84ff,7,531,0.9648549769608925,0.49466092948820717
no.radio-tv,a4d0c435b0fadb79,2,404,0.9872371770162373,0.31222422571208347
no.radio-tv,aa0311e007aa1a38,2,121,0.9795548569040022,0.32353235725216806
no.radio-tv,ac48cc8e66652cad,10,662,0.9806952531806779,0.2736075063297003
no.radio-tv,b10d205a0a5e013d,8,747,0.9864257423715609,0.20624661140965667
no.radio-tv,b435b72b5a0a3eba,5,517,0.9882284125920622,0.2664139341299116
no.radio-tv,bd317e0349160d56,5,231,0.9731240948031512,0.19885789078464616
no.radio-tv,d167c4262912bd4c,17,928,0.9474949550206261,0.30915778706983066
no.radio-tv,d5bcd8c39ee9a797,6,395,0.9587821558299323,0.27772531268023837
no.radio-tv,d967b10715495494,4,482,0.9910809178544654,0.2430508232074294
no.radio-tv,db64269e5838f2ae,9,672,0.964968485787722,0.36415561066501984
no.radio-tv,df6dc9e3564fd30e,15,578,0.9349033016357354,0.3801079919219231
no.radio-tv,e28c65bca5010317,6,411,0.9771517176625527,0.062438860637400485
no.radio-tv,e2c3bd6b29cd9625,20,1834,0.9898874758977679,0.22443869767517732
no.radio-tv,e98b28874227001f,14,678,0.9570235974164512,0.33146961137200903
no.radio-tv,eae4261dca598e46,4,500,0.986238336541044,0.33723927677906046
no.radio-tv,f38d5cabcbee0255,9,1068,0.9839479327284384,0.19191150800266676
no.radio-tv,fbb88b088dc16e2b,6,446,0.9725251901234908,0.27810990607831304
no.radio-tv,ff4ecaae7058675d,28,1973,0.9853761012646604,0.35053755412307264
no.reiser,04cb9f87693909f6,12,1027,0.9884152760731607,0.21708159615263448
no.reiser,153da8599c4d5856,2,325,0.99213947697598,0.1724879825958283
no.reiser,16a41cb88c652441,6,556,0.9823631395567078,0.19054575215132133
no.reiser,16bf3f97210e5613,20,860,0.9493920579878969,0.2443256177383514
no.reiser,18dc70ced1f5bd18,4,187,0.9649359896769291,0.1361543468074544
no.reiser,274b3cd93440dbb5,6,1042,0.988154294416444,0.26381764945098557
no.reiser,2f598b2138ebbceb,18,1225,0.9877097116394853,0.2175109285916756
no.reiser,3085582fe368a467,1,71,0.9701214534997454,0.1289563953767911
no.reiser,4dd136e8577f96c0,1,92,0.9939239876292558,0.13696954929009159
no.reiser,52eacf8e4ad30dce,29,1691,0.9799823367257329,0.10034487446224767
no.reiser,548450503deced90,29,1653,0.982229831885834,0.3884790103844163
no.reiser,5cef56e3e73766c5,21,920,0.9739105387108145,0.1505559444151336
no.reiser,5f2498528050b58c,5,171,0.9295165079968817,0.17176602694924004
no.reiser,606997c427f5d1fb,13,1154,0.9895770084693316,0.3389647460157465
no.reiser,60cfe548482f03be,2,82,0.9578950141702722,0.16119719039405353
no.reiser,7171239bf5daacc7,8,299,0.9462306024400411,0.2176795632942979
no.reiser,7362fe07855933b9,3,237,0.983103976462674,0.31281079927800276
no.reiser,75c040673d4ec140,24,953,0.9779463305201086,0.13897195500349016
no.reiser,83e46395a0cc11b9,6,295,0.9195229672997564,0.2077407954368993
no.reiser,8c4432c98ca19155,9,435,0.9758890288373968,0.14007136801525272
no.reiser,9505b9de3a326cbb,65,2998,0.9899749270353243,0.16302474062088365
no.reiser,9573477c716cebb2,2,102,0.9659302392746977,0.22064414008257557
no.reiser,9835d008137d9c20,19,810,0.9826751711182719,0.10445135969116116
no.reiser,9df8afd2ee689bf5,4,331,0.9845094914821633,0.27710799815845455
no.reiser,a2de55a20920c377,10,338,0.9488242180322571,0.17574413115236354
no.reiser,a51cabcb67f3796f,4,256,0.9792883198584248,0.210418627287337
no.reiser,a58d2c459e84df31,2,170,0.9799046700931001,0.1387500195396417
no.reiser,a85b135c0e8d0baf,13,659,0.9739599527996395,0.18811863225734635
no.reiser,a955c43609c6baa6,6,175,0.9439294035066748,0.2383964528819761
no.reiser,b7f64461bf1ea0a5,3,279,0.9408572948943488,0.22778795842119673
no.reiser,be156ae656bffd62,3,298,0.9483314494762267,0.3828113967011687
no.reiser,bef64fcf2cec2d3a,18,975,0.9849348293622419,0.41344485104905904
no.reiser,c7ff5017a45c056c,13,820,0.988159623654586,0.1970007983312892
no.reiser,cd288b0235aed2cd,10,526,0.9589242182916536,0.23638564720022867
no.reiser,d56ede6d08289dc3,115,5538,0.9749898851963279,0.1487499667465402
no.reiser,d92e83d4eec9d37b,7,269,0.972135362368052,0.11645434046475761
no.reiser,dcb9fb5c54738679,7,365,0.9695230627319906,0.12174985838231998
no.reiser,e65d9413c9d713e9,14,1243,0.9885653534926839,0.24809692795671717
no.reiser,edbb078901825987,6,221,0.9469132985868387,0.25925154039094056
no.reiser,eddf937cff87401f,7,1044,0.9914352757527836,0.3295389903774961
no.reiser,f19ce5a70c76e315,17,570,0.9755553857270259,0.18765504177776005
no.reiser,f3a1fa3738e4caa4,1,58,0.8688894896050349,0.13564826173460545
no.reiser,f51392530af2367f,16,1144,0.97979873792912,0.3608322979762628
no.religion,0827b34ccb51a4cc,158,7879,0.9754040373439454,0.22082326806761557
no.religion,096989ec5aa13de9,12,860,0.9795072304021915,0.05676290906960076
no.religion,0df3eaa58d35023a,12,608,0.9756263090809539,0.4071438618142636
no.religion,16860f55f3a47d4b,8,663,0.9560849723133278,0.40452099429045296
no.religion,1f3ce6b2642a1355,28,1281,0.9797920597735714,0.12000223351849298
no.religion,2caa95126321c33f,7,390,0.977103627582494,0.4229318219934923
no.religion,2d2816700e715421,7,418,0.9664427549758404,0.1775911039356798
no.religion,2e6223c5bca67610,29,1144,0.940651035630249,0.25923301773725393
no.religion,30a30c91fc6d5d57,129,7823,0.9850326042397625,0.2728008934607861
no.religion,3ec710fe1a610e07,5,554,0.9748303531302942,0.38393281862051293
no.religion,4923b3cfe6e41542,11,604,0.9691386503817955,0.09246112198921545
no.religion,49bc0972cb93c781,12,1133,0.9848785734718237,0.36075629315083874
no.religion,578cc0c1d48414dc,13,642,0.9703654839389323,0.44603371635019856
no.religion,5b8c3ea5c8912f3e,68,3505,0.9843664004105719,0.3108918902532994
no.religion,6494813309c10fde,4,555,0.9849949441951197,0.26331854615322203
no.religion,6e917da53f2785c6,7,705,0.9785353824034605,0.22249972137653606
no.religion,79d91f4eaf8dad08,8,542,0.9701367903303683,0.11481048349853169
no.religion,7a200d37b10078c6,20,1005,0.9562416835852217,0.24038475727363132
no.religion,7de48fc690834974,67,3122,0.9764773846775369,0.2163067282789381
no.religion,81937a7d69eec2c0,5,856,0.989166751645804,0.18244146309410003
no.religion,8744af8b5e1bdb7c,5,446,0.9447043166995617,0.3261172451565172
no.religion,87ebdd9ad5c2dbdd,2,631,0.9910318428645988,0.24401841414705308
no.religion,8c541e15b1e4f328,8,452,0.9644563388012738,0.17180883731397278
no.religion,8e36ab821839e7bf,4,527,0.9785899502661818,0.2927230162646772
no.religion,91cf43f3b0514ec3,9,1078,0.987065310384607,0.3947153949255491
no.religion,948f675eb3699a22,82,3123,0.9550834412613417,0.2971507322008805
no.religion,954ed273976387e2,54,2503,0.9807646960530433,0.211027875529412
no.religion,9d11db496b29943f,19,1121,0.980741916034915,0.31565832281340067
no.religion,a40a06967780e219,16,4775,0.9950674582282792,0.06807421524685771
no.religion,a78b51c64506c642,74,2821,0.9833352434653133,0.14622987282922684
no.religion,ab8f330d572f038c,26,1564,0.9830893209567153,0.34021468309223457
no.religion,adfdafd374de9596,27,1177,0.9662297758633618,0.1874468157069254
no.religion,afc99a2025b237a5,58,2819,0.986461904993819,0.18446968211662237
no.religion,afd914eb27e08cd1,113,7077,0.985984508759476,0.20189777077655227
no.religion,b15e3fd7769e10ba,19,1326,0.9212581869636278,0.14925983433246348
no.religion,ba6ff8534c7758c6,32,1488,0.9682950517986084,0.1170184520874087
no.religion,cb7692fbb5ef2a6f,11,1062,0.9891840687200668,0.2750806356461561
no.religion,cf7176400ec138b9,46,2474,0.9833040571564131,0.5071122546664247
no.religion,d1436f0d0a3e4b6f,5,1178,0.9938185282812777,0.2329062562046993
no.religion,d663649503e26a3c,26,1381,0.9793870010684302,0.12459661951409247
no.religion,da5944e3ff607ba1,114,4988,0.9578389154165,0.06723363133473788
no.religion,dab5c25a965acc9a,39,2336,0.98989410064061,0.13526521581367706
no.religion,ef66321749f05a4f,20,971,0.9667549378039515,0.2098813678527257
no.skole.diverse,02f61869cf284bbb,43,1787,0.980214563658971,0.5481615547790165
no.skole.diverse,1ea62e7494cf4a2a,22,640,0.9667906928413187,0.30954248975265686
no.skole.diverse,23c432ea5189ef12,5,268,0.9583492331815675,0.32191311534185973
no.skole.diverse,27aff53cab439a90,22,1264,0.9822642942661105,0.25990984973698333
no.skole.diverse,293824f370a84d49,22,1192,0.9842768604777605,0.21161896637858188
no.skole.diverse,35034813bb1719a7,4,268,0.99000522320104,0.05801346216426113
no.skole.diverse,375128eb05013019,68,2409,0.97431055953826,0.22902162767201698
no.skole.diverse,3a07c72ebbbe28d6,10,849,0.9701200703182283,0.283063072588867
no.skole.diverse,3d15d396cc69f5db,9,422,0.9834735717777183,0.14470220866868774
no.skole.diverse,494143e3cc69ba0e,2,123,0.9683527665615534,0.34020621281733937
no.skole.diverse,4b3804a69b53891e,26,1097,0.9679664702630849,0.2472508826375775
no.skole.diverse,4ffb589ed7040809,28,1667,0.9889232927980924,0.42706234150358524
no.skole.diverse,52e620de84f595e5,21,549,0.9480098549399281,0.3539018500774508
no.skole.diverse,5499b6a548d03ce5,3,113,0.9194979186868979,0.21305419097054226
no.skole.diverse,55b88410ee869e5b,74,3000,0.9743582984787135,0.32266316300622394
no.skole.diverse,5665c80cc5ee3458,9,1294,0.988593811126789,0.2739872719068429
no.skole.diverse,597cfc2221580f6f,10,517,0.9571924883254849,0.19908151619993628
no.skole.diverse,59ce788521918a77,10,427,0.9476253270050576,0.29217373099634214
no.skole.diverse,5e248b1ee2383473,8,830,0.9788971596626063,0.06569472147630118
no.skole.diverse,62747c445931a00d,13,513,0.9647974490822059,0.19668964926900104
no.skole.diverse,674852911fbd5112,22,1128,0.9571059650359712,0.38166510117722596
no.skole.diverse,6999f069f1a105bb,13,678,0.9824036169906781,0.25236275494550503
no.skole.diverse,6b6399e74c29708a,6,355,0.9590604439692243,0.159605626084588
no.skole.diverse,755e3f99d29a4f15,17,818,0.9659407613019028,0.08478137919260494
no.skole.diverse,756339a244925547,52,2128,0.9588258071636274,0.28838034813540575
no.skole.diverse,7941f4ee2de90223,22,609,0.9029039430896625,0.3299390542995655
no.skole.diverse,7f8e01d1b799eb37,13,808,0.989749627427185,0.24368682503743788
no.skole.diverse,91cef1d69563f727,24,1290,0.980419227413977,0.23470651388907926
no.skole.diverse,956474a8ddfcb169,12,960,0.9912796951572602,0.059537810650602624
no.skole.diverse,9c2d93099a6b6e98,8,2091,0.9870876277930613,0.16382268879275222
no.skole.diverse,a05b51316b350088,9,542,0.950720412645924,0.2483131695596332
no.skole.diverse,a8fe71a864150319,11,908,0.9732450041481039,0.31372736147296637
no.skole.diverse,b0188982b226f48e,36,1232,0.9064449513794248,0.30881618288954327
no.skole.diverse,b09a037305e9dbc9,4,264,0.9537633828694578,0.2092778468329169
no.skole.diverse,b60030ab9528dc62,1,159,0.9854496509748787,0.21451640971811622
no.skole.diverse,b6d1e4b81dbde757,20,1364,0.9841496576652512,0.4074411470650815
no.skole.diverse,baf991c95e09cb20,94,3923,0.9642116612205279,0.15261693098463153
no.skole.diverse,cf987a16377d2736,19,745,0.9160485819980849,0.2089263844935035
no.skole.diverse,d1b058fba207ff7c,5,334,0.9687597517834547,0.42601720915044006
no.skole.diverse,d4ebc6dbb679afa1,17,724,0.9717078134035346,0.3636285627261306
no.skole.diverse,e355f06b01a81039,18,643,0.9438275555983262,0.4038728702733681
no.skole.diverse,f321c4f0d0c47bf3,2,289,0.9867369430170564,0.30566408969748987
no.slekt,05d0e194835316cd,5,380,0.9733583698882576,0.1856874220326108
no.slekt,07eb9087fc96ad18,32,1101,0.9523562795536593,0.34182573164244817
no.slekt,13992d6d88bab5ff,2,117,0.9782340287469129,0.29910152493803466
no.slekt,19cf3d95874b4bec,49,1793,0.9836487497498771,0.1672710737139777
no.slekt,1a6a0cc95653be22,7,589,0.9845112955818828,0.35526313136566734
no.slekt,2cef023c8a7a9a0c,9,671,0.9724553774327537,0.3584633789304307
no.slekt,2f7baec17805239a,2,280,0.9779645462934836,0.2611367061640492
no.slekt,345caa5fe1e49b5c,5,669,0.991032262748609,0.4386155791541715
no.slekt,3a3278c7ce9a3c0b,2,190,0.9904145539895286,0.3181474996670295
no.slekt,3b3d3bdd9dea4ca9,3,278,0.9576309650832701,0.3297655893428731
no.slekt,41b68b398a4fbe0d,14,800,0.9835478991915905,0.19429316471097496
no.slekt,4e41f0dfb4c6ce32,9,373,0.9493450953127699,0.2690288432468002
no.slekt,517afbff15f54feb,9,963,0.9785263387865998,0.2753270744176938
no.slekt,5232e1f5d5ecaec4,4,433,0.9559931601191995,0.298396420534241
no.slekt,57a10c0fbf869bd7,10,460,0.94548109817261,0.16713350706779415
no.slekt,5aa889968605d3de,52,1804,0.9523756879914029,0.20766005896898765
no.slekt,5d772a79e2da1c36,8,355,0.9446357274766979,0.3982667503026687
no.slekt,631810372b2213b7,3,137,0.9005380345920169,0.17617402231590343
no.slekt,666d9eabb437b0dc,5,361,0.9845194618225208,0.1954086375495536
no.slekt,69dac2479c6c85d8,12,528,0.8550163745093845,0.047660476970906716
no.slekt,6b9ea232e0e83c6f,27,1382,0.9830419863779969,0.24572654235900235
no.slekt,7265b7bdc68aff60,8,567,0.9661280981611562,0.14950375078099232
no.slekt,7390faceba465f64,3,124,0.9184540465839918,0.13703281234232392
no.slekt,77b395d14c9b89ea,2,654,0.9970675108413987,0.22463174291469912
no.slekt,77ed9253adcd31a9,7,1500,0.9926612374441205,0.3446537642969793
no.slekt,8884d7f42971d294,2,376,0.9607197872738507,0.2555231279012142
no.slekt,8e4cc42d49465065,9,845,0.9701223577154146,0.24043024143993472
no.slekt,947db938ae634313,6,191,0.921576224948026,0.12522097454738512
no.slekt,97af7c5f9ec2e358,2,133,0.9648533820995323,0.18863712193929955
no.slekt,99039de677a4b542,11,385,0.9438361761428233,0.5193515275572615
no.slekt,b2bef753c0d1f8ad,1,143,0.9766611635164134,0.13198234409371948
no.slekt,b8926622e7c281ca,26,1321,0.958049171985557,0.13057244407115667
no.slekt,ba6a481e4899965e,2,117,0.9276492154610206,0.08025600174183892
no.slekt,bb810a919eb3d57c,3,165,0.9479683116927331,0.3196035039865438
no.slekt,c893d464c0ce8f02,6,927,0.9772487387410731,0.3206337111734718
no.slekt,d7229ce6e245550c,7,564,0.9472340920942001,0.223276202526236
no.slekt,dfe8f6a1d908a071,10,249,0.9250987702488792,0.20991969734514535
no.slekt,f0b3ec3437b2e69a,16,1342,0.9915702674766416,0.2339589405850381
no.slekt,f174274a1e9dae82,2,253,0.9640499614875654,0.25093293636317116
no.slekt,f60a5f01451634e3,11,1225,0.9921983844117054,0.2022170313044685
no.slekt,f8bee6750aad74b5,8,355,0.9446357274766979,0.2535253595495673
no.slekt,fd4cf788bb57582a,1,115,0.8833036160787989,0.10851450664697551
no.slekt.etterlysning,0311c7f6b8f1b1d0,6,412,0.9711292918422687,0.2581043769707394
no.slekt.etterlysning,07be10b82624877e,5,256,0.9871314028004212,0.1820640578543287
no.slekt.etterlysning,0897e6248541527c,5,509,0.9933071915366047,0.19578605461003185
no.slekt.etterlysning,0927adc1030b8a46,54,2307,0.9810546515870242,0.34155991052669793
no.slekt.etterlysning,0c50cfcc90fe30f6,12,291,0.852033669872092,0.09800079314757673
no.slekt.etterlysning,0e321080fcefc96f,2,175,0.9782659138422602,0.26901676556107135
no.slekt.etterlysning,1ca5fd74ccb8c8ce,22,1360,0.9665465390929375,0.21218554612003887
no.slekt.etterlysning,25e5006b7bc91b1c,8,786,0.9847516155710626,0.34407396325436923
no.slekt.etterlysning,262bd7bff7af6301,11,614,0.9806155808047052,0.25074902618281186
no.slekt.etterlysning,2b3728578400dcaf,23,1577,0.9544048283598532,0.28536271809732655
no.slekt.etterlysning,3c0c65affe9f1079,15,2071,0.9905094782809634,0.25658877446796197
no.slekt.etterlysning,46b6de5ef456bd98,3,409,0.9901580692289847,0.2866116056680688
no.slekt.etterlysning,4b3e9925bbb53365,17,1774,0.9617184775910709,0.3343023900709246
no.slekt.etterlysning,4c173436506daa36,6,822,0.9929523625156116,0.22993471040570382
no.slekt.etterlysning,5ffabbcf66099ba3,2,289,0.9816032659246734,0.13100191644593673
no.slekt.etterlysning,70a85c4ffa7929d9,2,656,0.9936448951383902,0.2593985985042312
no.slekt.etterlysning,7560fe0d1791616e,9,547,0.9734673091066852,0.20766802553395336
no.slekt.etterlysning,7be00b98fd18c6ac,3,215,0.9344014425638892,0.36091364056810743
no.slekt.etterlysning,7f92b38c2dd4681f,11,521,0.9593781153249389,0.2448478688731806
no.slekt.etterlysning,83a9c14418ef9c4a,5,460,0.9639515997266466,0.15358757747509005
no.slekt.etterlysning,89511275971b6eac,3,123,0.8854142575760949,0.19101069093368667
no.slekt.etterlysning,908c827e54eb1e26,10,452,0.9567869623639685,0.20365900967665282
no.slekt.etterlysning,911712cf6f3dd80d,4,827,0.9892016957164012,0.39978805061136846
no.slekt.etterlysning,980d25f1a41fdc51,6,477,0.9774363119146684,0.2918924868479003
no.slekt.etterlysning,9a6f923c3d525797,22,1162,0.9760584676597879,0.1506602489490509
no.slekt.etterlysning,9add45583a9be39d,8,247,0.9379738212431262,0.306618685225988
no.slekt.etterlysning,9fda7fc4aa5d7a8f,3,225,0.9425014529928102,0.1932037432007765
no.slekt.etterlysning,a32ccbce42cf83a2,7,289,0.9427341318602646,0.1731241839807741
no.slekt.etterlysning,b8465a18ae9c5e99,10,229,0.9099021062636896,0.13686032802584633
no.slekt.etterlysning,c002dc5c29424f34,8,487,0.970099110793999,0.1687104081730617
no.slekt.etterlysning,d079b3817b427df2,26,1495,0.9724556508950449,0.2094901086324224
no.slekt.etterlysning,d2e2034ab8b5e872,30,2560,0.9573297878444468,0.22284846543968415
no.slekt.etterlysning,d8909e563fefe184,3,262,0.9640958820427201,0.21227324551527255
no.slekt.etterlysning,e1a5ea341cdc1467,7,274,0.9618055968667231,0.30108478699525704
no.slekt.etterlysning,e3ddd863373bc942,20,1158,0.978796853335479,0.20257116979736597
no.slekt.etterlysning,e8b89af680df6ce1,9,446,0.9786993458081417,0.5651861614589752
no.slekt.etterlysning,eb5797ae2571e052,4,202,0.9686266536889321,0.30790378895324694
no.slekt.etterlysning,ecb420fe36f8b627,9,546,0.982428759622143,0.31808943953077295
no.slekt.etterlysning,f562089010eadbb3,15,698,0.974349627324395,0.39628074887199816
no.slekt.etterlysning,f592bf38e20a0d21,3,878,0.9901166463999532,0.2980343597093308
no.slekt.etterlysning,faeebf08cb9e1a3e,18,1112,0.9726580759258151,0.24619651469967782
no.slekt.etterlysning,fec38630bf01dd69,9,337,0.9301292652253461,0.21238132590599593
no.slekt.programmer,047f669524cf822f,19,781,0.9688200850483971,0.18783726266281367
no.slekt.programmer,0caab34b2110f113,23,1531,0.9865595992150125,0.35866719079462894
no.slekt.programmer,1021c49039aeb9c7,16,679,0.9739096368736996,0.37002147479816816
no.slekt.programmer,3149a937d1605da0,1,57,0.9842934572103681,0.23660705829592826
no.slekt.programmer,356fce6cbb158d54,11,472,0.9815244849507986,0.13882429080173586
no.slekt.programmer,3e26edb85970fa27,8,615,0.9808270384538766,0.28550329903157884
no.slekt.programmer,3fc37466b0a72bde,24,2356,0.9799005480397932,0.20928610503123013
no.slekt.programmer,4302dd9addf39672,7,560,0.9845025579222191,0.2352119692586256
no.slekt.programmer,49363c86ca05c9ea,1,277,0.9926894790569304,0.29908070134073533
no.slekt.programmer,4e8ae25703867363,11,593,0.9652236217697566,0.14621646450506234
no.slekt.programmer,5262d9f48c7a960d,21,1457,0.979474298789556,0.3519398335849055
no.slekt.programmer,59674a4eb3d2eb4a,24,2760,0.9899821755177269,0.2336074022286973
no.slekt.programmer,5bf00d7de142611a,26,1711,0.9788079566264822,0.21588318315862617
no.slekt.programmer,5fd9c54aebfae3e5,3,350,0.977849177130625,0.38352583250932665
no.slekt.programmer,60049e343509b6b3,5,80,0.9215045174589422,0.1549544118918782
no.slekt.programmer,6e6e8fc1e618b419,27,2007,0.9869461493124119,0.29612413328152054
no.slekt.programmer,71414b7f99b14a82,14,893,0.9816922013648318,0.32889578657552254
no.slekt.programmer,740c164a94ad4dda,39,2029,0.9910754584524923,0.21834570477106335
no.slekt.programmer,7cec1901dc66de8b,29,1317,0.9837032504756114,0.1445215326626345
no.slekt.programmer,83953ec3150d4643,16,1382,0.9623530198748811,0.450411013912961
no.slekt.programmer,8d326f4460914c70,19,1043,0.975729545036919,0.2293248894558981
no.slekt.programmer,91f05bd8d632c8da,8,1678,0.9688615960560668,0.24860859474078195
no.slekt.programmer,963eed6cb19a3182,11,624,0.9751561505985454,0.35055616601973666
no.slekt.programmer,987aef1c10cab221,14,1097,0.9806784279987594,0.1694746335683896
no.slekt.programmer,a734f4d49d51b5e0,6,1299,0.9939660254412014,0.05008449715519774
no.slekt.programmer,ab16e7622724ac3d,18,1037,0.9858544235731614,0.20810254695989425
no.slekt.programmer,b0ace1e0c145f11e,8,539,0.9815668824273429,0.2869298046135611
no.slekt.programmer,b1b5220d4826b9e6,3,156,0.9773452438603151,0.17666941238908732
no.slekt.programmer,d17601ee141c58cd,14,4476,0.9893089872335429,0.40353453680512535
no.slekt.programmer,d772a78441f54cc1,9,415,0.946356951785876,0.2490844583584131
no.slekt.programmer,da8c71703c5c9288,12,798,0.9903780335754762,0.06140759468960595
no.slekt.programmer,df41b1ee7ac28fa9,2,146,0.9753225873580978,0.18117384353360214
no.slekt.programmer,e0f573172a02f071,15,1300,0.9940654941834081,0.295523879636958
no.slekt.programmer,e18d82bd1451f3ba,11,803,0.9689640843059261,0.2388488387287979
no.slekt.programmer,e1c1929ab067f255,35,2550,0.9906887232693954,0.17635801434594603
no.slekt.programmer,e49618f3523473ad,3,394,0.9875286155741314,0.21448129291005472
no.slekt.programmer,e9192dcf48f0b409,8,681,0.9768073184964726,0.34288819687682554
no.slekt.programmer,f1abb304c0955365,15,831,0.9858561835862001,0.2993576300881476
no.slekt.programmer,f1fd21f0a5fc5eb1,19,1782,0.9786918148691028,0.16957059592830012
no.slekt.programmer,f55febc6506ec940,14,674,0.9732442253587698,0.31999892327980856
no.slekt.programmer,f735facc4de2fc69,2,1221,0.9935095387615499,0.36458388682630777
no.slekt.programmer,fe9f18ef1b6afd63,11,466,0.9668958249057304,0.17872295732574836
no.sources.list,0f9ccbef1f2e5195,1,186,0.9898607493686129,0.08113370227398482
no.sources.list,1224fa07aef6354e,1,233,0.9931744586408708,0.03873713525330991
no.sources.list,20f02aa3f69874b8,1,229,0.9915911594023522,0.14782706167839543
no.sources.list,2a8694a7ecc88fcf,1,183,0.9900659832936545,0.24051486444592757
no.sources.list,2fe64b090f35cd72,1,61570,0.9976246021340289,0.17409399145357274
no.sources.list,3330371d987ede18,1,230,0.9921012943608614,0.08374404115813537
no.sources.list,38517eb2171b6fcc,1,412,0.9927073462866624,0.07856558601707687
no.sources.list,41c371c4b18d6190,1,225,0.9904921201720787,0.17889843977221123
no.sources.list,4fe005032d630b2a,1,182,0.9893749260865488,0.21320053586602605
no.sources.list,55ad79ddec74780b,1,185,0.9921724139764341,0.12023375982383717
no.sources.list,5eea64915cd7a6f6,1,225,0.9908656284823821,0.5564682268527261
no.sources.list,639f51ff5986ff5a,1,179,0.9912022439535406,0.3272661627464102
no.sources.list,8d040084303a6cd9,1,309,0.9905425573410506,0.24072263347657283
no.sources.list,920a1762183bdf02,1,185,0.9920779627815817,0.16020599383977316
no.sources.list,96637e92f6f6d728,1,271,0.990875937654171,0.1305398803289016
no.sources.list,99c8aca614a5867e,1,247,0.9907902646139669,0.23474745059316737
no.sources.list,9cb95468444ba569,1,182,0.9926815620564269,0.17073741952079757
no.sources.list,ae5bb3c4c3766250,1,233,0.9925492956737938,0.22993314362977582
no.sources.list,b15413c5bd5c3b30,1,399,0.9918398256854499,0.04944316370396324
no.sources.list,b75176a424e2dc0a,1,190,0.992588891548645,0.20869376993466315
no.sources.list,bae2d99ad4c703f5,1,313,0.9891749614112627,0.15940402939406986
no.sources.list,c0f6a5d0c671e3df,1,180,0.9920219548945762,0.14947478423154387
no.sources.list,c5cf2f72d9fb1904,1,183,0.9901984859034635,0.258323333121774
no.sources.list,cab283b093cebb26,1,184,0.9904640550663796,0.10956784245470111
no.sources.list,cdaf53d30b871a0f,1,440,0.9931923376578129,0.2672547505144545
no.sources.list,d8f327da755db8ac,1,184,0.9914213547190209,0.04342183846963136
no.sources.list,df1c47666112efe9,1,184,0.9910683638896365,0.1851058022826744
no.sources.list,e6813e776edf2f2c,1,407,0.9921458869006932,0.22575532387699498
no.sources.list,e6f8bdf2e7bc9074,1,555,0.9932676797380124,0.12417807437521615
no.sources.list,e96d3a784b168107,1,271,0.9900678073868695,0.19730316043052176
no.sources.list,eb2989ac4b36584e,1,182,0.9912892990632399,0.0817705878768673
no.sources.list,ec8ecd62995d6577,1,270,0.990688031835437,0.17877547182889547
no.sources.list,f2ccddd63d76e14d,1,268,0.9895291561122156,0.22254770999137657
no.sources.list,f8fee84e82dd0368,1,184,0.9916956226743686,0.11846786478896472
no.sources.list,fd462595ccacc0d4,1,181,0.9913965181455084,0.16168106229499973
no.sources.wanted,0eb390860c7e3ce8,7,396,0.980610849254832,0.412592888119947
no.sources.wanted,0f95e987986a777d,4,291,0.9836989023913569,0.15140182882858685
no.sources.wanted,4030889f91f66200,16,1021,0.9581336854946416,0.25152702860576753
no.sources.wanted,42e8d7f674ede13f,4,122,0.9498218690390059,0.19082014597304633
no.sources.wanted,42ea4eb7b28b6bf4,2,220,0.9863443305345865,0.12914739059099095
no.sources.wanted,5522a62f285ea70f,2,176,0.9671148336893829,0.13749177365882412
no.sources.wanted,5bbb1f91e9abcfb6,6,722,0.9908012996824787,0.19708655094309951
no.sources.wanted,649d7759ab8fad7b,2,264,0.9924102213000214,0.1529566210947577
no.sources.wanted,65da06c1ee31191e,4,396,0.9865201940620988,0.14026862707340004
no.sources.wanted,6b42e0469a38d48e,20,1177,0.9798386119162951,0.16844239309541792
no.sources.wanted,76b9ff422d177e6e,1,135,0.9377873932792427,0.30883818052262646
no.sources.wanted,aec01191268a973d,9,613,0.974738231085185,0.23322036374689728
no.sources.wanted,b49f6540eff209de,7,292,0.9450558300518845,0.24188553648036937
no.sources.wanted,c166d25fcc24a722,4,318,0.9877586307517514,0.24946443251110959
no.sources.wanted,c216a72f77190f64,6,1072,0.9928197965203586,0.31894611881794943
no.sources.wanted,d3e6181aa0792d9f,2,261,0.9813233191841318,0.10500113274442484
no.sources.wanted,d63c6ed0d1403926,2,302,0.9860623690063366,0.2401430066594298
no.sources.wanted,d91876097ff80b10,3,182,0.9808339536884203,0.17862156803866955
no.sources.wanted,d95caf0676afb77e,10,552,0.9805681538433986,0.2723812497177588
no.sources.wanted,f342b01ceecb22ab,7,415,0.9740016613957644,0.15696985228994506
no.sources.wanted,fe722b70b4930d5f,9,687,0.987733723289084,0.23682042958957839
no.speider,02516b0d57a60958,3,229,0.9136880970985122,0.17755644288613703
no.speider,0ccdfd2ce81545e8,20,998,0.9743725594881807,0.28543161188102845
no.speider,1b22ae1989b91180,15,758,0.9554157295327094,0.34375523603857716
no.speider,1e5e88dab4979596,11,535,0.9733577931133641,0.4679118412354938
no.speider,23f7a1399eddc616,12,330,0.9361122682282957,0.10187884406675543
no.speider,27dc20d5792200c9,5,318,0.9811852740111741,0.12295422772614353
no.speider,2c16346a853abb8f,10,508,0.9831074236261107,0.15812604929351476
no.speider,2dcbde0b057eab82,13,798,0.9657780351343204,0.4075648142660801
no.speider,34a985c083e7b337,7,366,0.9679600107809241,0.17698900361967052
no.speider,3997501cad76d808,4,99,0.9093338900227885,0.2701462912612073
no.speider,41381820d7fb0f2b,21,733,0.9582179628455352,0.135369895886517
no.speider,4bb13554f6c9861c,11,453,0.962323534800488,0.4773723856211814
no.speider,51ba0e3db86967a9,7,381,0.9744394940871351,0.07958249761506211
no.speider,523c612a7c5340af,3,370,0.9930965907682262,0.3293142546661117
no.speider,52e6522fd5d6009c,114,4449,0.9767569080310509,0.15298925439822705
no.speider,64ef6b1ed56ab186,44,1383,0.9519375587159495,0.214184859779674
no.speider,676df7cf0a24984f,9,394,0.9704983494048262,0.44399578757868186
no.speider,6a96da17655d8690,8,2528,0.9921459051455301,0.12363474893035895
no.speider,7dd1432872fb07bc,7,588,0.9808163876694742,0.1706812900371233
no.speider,853c227786ed0b0c,63,6312,0.9732558149327525,0.25763931636440207
no.speider,8d2e38680b1a1c02,40,2118,0.9760729189624334,0.24664056964812892
no.speider,8ec0d39d7021b873,19,1139,0.9833974904695438,0.18660196629053596
no.speider,99dd5fb4fda290f2,6,2211,0.9795296921665798,0.19843546743204754
no.speider,9bbbf952a7e4901d,4,790,0.9850563121941537,0.18269131788482626
no.speider,aa34b5c7174495c3,4,366,0.946224659735863,0.07243111246954051
no.speider,ae2923dd9df636e6,1,78,0.9753896840224584,0.286266068655028
no.speider,ae9b2bd2f29b2d5b,2,293,0.9912282491791514,0.2301728294251341
no.speider,b20c7439d7378e81,7,506,0.9637932862764702,0.3163372442908108
no.speider,b8b0cab2cebcd6a4,10,636,0.9610596118745013,0.36421432200527265
no.speider,bfd2582bbe2f5165,4,1247,0.9923218622918613,0.39294545941903725
no.speider,c38ee04ce4d286c1,1,78,0.9777896769698297,0.21556633896897406
no.speider,cd6bc3467808f8bf,11,575,0.9781608832754273,0.34955033345642245
no.speider,ced5cbe46eb7ff8f,13,968,0.9768782040527024,0.28879327487041895
no.speider,d3f8034840d38996,15,852,0.985080709683817,0.30131760298870186
no.speider,d82127fd6ab3922c,29,2227,0.9860134715800312,0.34679895204463157
no.speider,da8b8ed0817e79fb,4,601,0.9884526371579934,0.2746701230013973
no.speider,e2a3981c00a424ac,4,344,0.9696838820239333,0.37468078421808815
no.speider,e3795399ae825b8c,14,332,0.9332672182192777,0.2310680233959045
no.speider,e47d050f984ccca3,8,1167,0.9871672416419401,0.226195687652354
no.speider,ed333e6d61403353,8,462,0.9706592934667755,0.3310898171498645
no.speider,f060a2a27d9a587e,3,78,0.8845403324372582,0.3013703893212094
no.speider,fe1a7ecd44a2c6a6,1,193,0.9865903345064262,0.20234125019425245
no.spill,0014aea2e54b3182,25,833,0.9815560053414949,0.27153800124930777
no.spill,028e24b6b903dbd7,27,1416,0.9614605803611713,0.3604635431092972
no.spill,0a131866f4a1a0d1,14,1449,0.9907774671799395,0.3091360091865518
no.spill,0fc3c6aba77898e2,13,994,0.9858028309236186,0.18750282785574063
no.spill,129d3b4170c3734e,7,382,0.9815954385701773,0.10455239897067425
no.spill,12b90a153ea25a64,9,946,0.9921306167361584,0.05246672423913258
no.spill,1907110e02cd1b82,7,425,0.9832500355904533,0.5101077377364657
no.spill,1f5302d76a8709a0,4,340,0.9742213572912053,0.3167889916969625
no.spill,204205c8a06655a8,5,338,0.9763124373114315,0.07484972174444383
no.spill,204dc169a36d8e6e,18,1846,0.9828571397609793,0.16578356422879742
no.spill,273984ce8a569a37,17,730,0.9551967703468368,0.3732900743801791
no.spill,34a615ae97ff4c4d,3,367,0.9798369194654344,0.1336379907770278
no.spill,3d83d4c643ffb101,9,545,0.9677723050742861,0.1598066399694665
no.spill,45ed54a7ef455811,3,779,0.9959620929563042,0.2840648847069555
no.spill,53cb2037b35fe768,10,808,0.9840269770275618,0.24354171252767784
no.spill,69746b615bf9c799,2,145,0.966334409843066,0.027072548683919045
no.spill,6f267d4b69f48a7a,15,1403,0.995131167718021,0.24917045152225645
no.spill,74839588c88bdef3,8,441,0.9722973531655639,0.31943429548979335
no.spill,7acd6c8367644a3e,2,120,0.9710963396833375,0.13381128934525416
no.spill,84a4fa35a1a412ba,5,664,0.9869921610702048,0.17300287644287504
no.spill,85c2b53c0a4d0f96,1,317,0.9962708755933205,0.2966214003928568
no.spill,86723626a8dc5851,11,598,0.9744040513314247,0.06361634988348061
no.spill,9f2c12e97a5e6e08,14,711,0.9704659250693697,0.21884578285597414
no.spill,a2b716d1196bc4fa,4,97,0.9307412645708789,0.2827611868638812
no.spill,a75aee74349c614b,11,346,0.8663863559831138,0.1385444929753623
no.spill,aa841b20f55a0380,1,206,0.969926866225369,0.2821860309259
no.spill,b5a8365cd097309d,4,269,0.9617898327803619,0.2848010358334532
no.spill,b6153be7c38d5c3e,9,415,0.9754164159052197,0.3442824306009024
no.spill,b710024c63262678,2,129,0.965633445454686,0.3241568410813481
no.spill,ba16aa0f3c42b5bb,1,125,0.9715998605023574,0.16145289702290722
no.spill,bbf7c51c2142db9d,6,401,0.9799431528736167,0.3183713251552566
no.spill,bc9f8eed0bc7733a,15,1065,0.9761212423409112,0.10374108769515183
no.spill,c1115d53385769d9,4,665,0.993780181839648,0.2373994805988839
no.spill,cf4efb06062c758d,7,759,0.9845677614451691,0.22132652409980702
no.spill,cfadc50bdef18254,2,177,0.970019098369291,0.2325533191893603
no.spill,d0a7a91375dfeb0f,12,650,0.9518815775470711,0.2809934445053525
no.spill,d2b9b2a5c7d0b2ed,5,209,0.961624922976581,0.2842071819864323
no.spill,dcc34043c33035dc,1,429,0.9934374126281955,0.17574950678107587
no.spill,dd429aa095eab6c2,17,861,0.9608522492847733,0.3340832079176392
no.spill,eb231c23f5d4d2da,5,592,0.9677581484465833,0.16350703101956568
no.spill,ee13d9b80da0c182,4,299,0.9768438715964975,0.11695259471689616
no.spill,fad6e791c26b3ce5,6,318,0.971179863389023,0.22261559169844447
no.spill,ffe956f3f11eeaa4,31,1063,0.968576408646192,0.08196666581567108
no.spill.rollespill,001522b6fe712445,5,506,0.9933277698117212,0.3347391079003071
no.spill.rollespill,0614d51c0fac9b8b,37,2886,0.9874359183556107,0.21895307458863073
no.spill.rollespill,07cc897309e6e0f3,12,910,0.9894851916755243,0.04973272309965486
no.spill.rollespill,0bc09a6a3532006e,1,290,0.9940015936942865,0.2566128838586003
no.spill.rollespill,0c702553cd9aeea7,4,657,0.9948686902661663,0.18856458275362836
no.spill.rollespill,13f5be166b159e99,7,559,0.9867184222878301,0.3046240678230479
no.spill.rollespill,22632c39a58d3414,15,876,0.9834992485301285,0.3422960018298469
no.spill.rollespill,2bdea7029c022a85,10,657,0.9777077362672331,0.06097858277799533
no.spill.rollespill,2dbdae12115cdce3,27,1462,0.9809584871055368,0.2558759770842171
no.spill.rollespill,44b6abbaf071068f,4,939,0.9932028169804988,0.23028869198822233
no.spill.rollespill,4d324fe74f81469b,14,336,0.9571188114575452,0.2770987092294458
no.spill.rollespill,579b475442233b34,33,1677,0.9563845475216318,0.122890824032081
no.spill.rollespill,5f59ec5c96b524a8,12,456,0.9527431576919612,0.24603313471984134
no.spill.rollespill,64e277ee14f0e42e,5,330,0.9652476673707407,0.25801667500800474
no.spill.rollespill,6af5cae54f21595b,1,384,0.9938437606663959,0.11952248931986141
no.spill.rollespill,6bdf7b54337c84ec,9,622,0.9735850871453446,0.18911470079234344
no.spill.rollespill,6daffc3b983c4e0b,50,2603,0.977528478176428,0.3074313580326044
no.spill.rollespill,716386f4d6f81131,7,549,0.9710082745180321,0.18891842031571215
no.spill.rollespill,7d85a246016d0a2c,11,483,0.9772991304605807,0.2666093091905267
no.spill.rollespill,7e38af377c3a397a,29,1567,0.9855104728384169,0.3312845571390741
no.spill.rollespill,831840fbbcda2364,31,1632,0.9636257300168974,0.31833424463509236
no.spill.rollespill,8c6dfe3cf9921363,62,5196,0.9867646722054394,0.39838007993914504
no.spill.rollespill,9202d49be87e779a,10,1276,0.983381325579151,0.23970766751517186
no.spill.rollespill,961b77c9fa54c069,4,283,0.9672136342661933,0.2548835511682509
no.spill.rollespill,9b22ce36404ed09a,8,564,0.9800542593943364,0.408513154556662
no.spill.rollespill,9f567ee12617db11,33,2156,0.9895937713658288,0.23577945901939545
no.spill.rollespill,ab01b92dca9913f8,21,867,0.9721916163525065,0.3357278426318606
no.spill.rollespill,b147263ddf8c24b0,2,138,0.9590865525328166,0.2699448463187629
no.spill.rollespill,bfc7991e88f83e8a,183,8187,0.9892408853229027,0.2345158113547424
no.spill.rollespill,c22f7cecdcdd318e,5,521,0.9767967096513694,0.2524788611197056
no.spill.rollespill,c5dfa4d981fa0850,115,5100,0.9850350171291832,0.2513374920596397
no.spill.rollespill,cd0fb1fe9a88d919,21,1033,0.97685702130893,0.34750915981761155
no.spill.rollespill,d0b1cdc1fa886c0d,4,487,0.9683153745613323,0.19140541961280777
no.spill.rollespill,d741407ba5f1deb2,3,315,0.9831279955118891,0.2935989115279987
no.spill.rollespill,da8c0f1c80930b1d,4,697,0.9924249118398164,0.27917113165371643
no.spill.rollespill,dcc87fceaa58ae53,2,93,0.9462569051955917,0.11769474130361306
no.spill.rollespill,de85dd19d2bfa0d8,28,1840,0.9872695590581286,0.3368927166901305
no.spill.rollespill,e94219bed192917c,121,6098,0.9870390778224268,0.2692262904249158
no.spill.rollespill,e9fdd794b01f228e,11,719,0.9845024386679572,0.3756176818191419
no.spill.rollespill,f7871b30aecab4e2,2,565,0.9923408165798123,0.04281965341945318
no.spill.rollespill,fefe56749c8a9aff,3,368,0.9706991334456023,0.2157150509444275
no.spill.rollespill,ffbacd406a44fcf0,5,525,0.9805052804477985,0.316390602293297
no.spill.sjakk,042ef0e27e5ab5ad,2,153,0.9793392723149856,0.21343312050097443
no.spill.sjakk,0e63c2f5463e5980,9,544,0.9739742800299144,0.2838862284839554
no.spill.sjakk,0f351c2dbd8cf79f,1,339,0.9586385489116548,0.14733289806350264
no.spill.sjakk,1514db25a228ab4c,12,607,0.9729419937157007,0.22794981870432346
no.spill.sjakk,26743b11a5661ff3,5,432,0.9647125456159537,0.19143760357374542
no.spill.sjakk,28580f6bbd1f6449,4,356,0.980830451278551,0.15291222576651112
no.spill.sjakk,31233778b89c814c,1,515,0.9603220450761887,0.12407849277626003
no.spill.sjakk,3602a4de3544871f,2,299,0.9747620335274029,0.09402978200691403
no.spill.sjakk,470c0d7c8490331f,29,1421,0.9759317796280647,0.17291399135038096
no.spill.sjakk,4788a95cc3caa992,7,6127,0.9797837835332072,0.27176513703464783
no.spill.sjakk,4e3e50d4f442cf79,3,169,0.9208232177071669,0.2704288627901155
no.spill.sjakk,4ed33472b99072bf,1,479,0.9632141147837749,0.07341118334843146
no.spill.sjakk,4ef59af9f9c1bd35,1,65,0.9784886935397078,0.27615071669691965
no.spill.sjakk,535b78fff8e2a4b9,10,610,0.9808898124156972,0.153073004484335
no.spill.sjakk,62af9dbe62637499,2,537,0.9650323865458725,0.30517889602376164
no.spill.sjakk,7159da4370dc5c95,4,252,0.9614690946854487,0.020424810747298433
no.spill.sjakk,7696fd58928430fa,1,570,0.9601277502184262,0.08715139167930257
no.spill.sjakk,81b41774105785f4,12,1080,0.9648455399698694,0.2637270111322638
no.spill.sjakk,858f5ea100d55597,2,564,0.9859202378554306,0.31707049312104274
no.spill.sjakk,8fe67f005be4cb31,50,2778,0.9826108575107648,0.25489621753769487
no.spill.sjakk,912b60e86229492a,1,393,0.9612677426370442,0.15943030632429733
no.spill.sjakk,9270c401b66dd884,1,526,0.9597736899948279,0.11134506950021322
no.spill.sjakk,93b662408691f457,1,537,0.9609284224715139,0.10911982395690456
no.spill.sjakk,9896d7ccf9f03b16,11,567,0.9636004925053424,0.26752916236644936
no.spill.sjakk,9ce0afbf74232f0d,1,816,0.9889882370121564,0.5493970291387364
no.spill.sjakk,b17140a9d1690b5d,13,613,0.976850658639312,0.2564352011458504
no.spill.sjakk,b3edd16583f0f3a8,2,97,0.9550270347757607,0.3242456453305708
no.spill.sjakk,ba3c343f93b54bc8,13,655,0.9835295081079516,0.30981284686053573
no.spill.sjakk,bb4e988c53d12032,1,414,0.9596570459235227,-0.03542768544166128
no.spill.sjakk,c1d970cb5b3b25a8,25,4942,0.9902648926632072,0.23148845281289668
no.spill.sjakk,c2c6da07cf6e1137,1,280,0.9981816312665873,0.21068389648114447
no.spill.sjakk,c35b080b426c7063,2,546,0.9862488018304506,0.23980291192063746
no.spill.sjakk,d4ffccef78de0c7b,4,500,0.9470617685130464,0.2104023531740969
no.spill.sjakk,e658d110399f93f3,2,126,0.9661934499815846,0.22944968935666457
no.spill.sjakk,ec7580fa54c7a07c,36,1576,0.9720142491511706,0.2660324558539307
no.spill.sjakk,f35470ff865b297b,14,1397,0.981768928906732,0.27789919199538615
no.spill.sjakk,f5e9b9cb6e03cb00,1,199,0.9938959984392135,0.15150251269067647
no.spill.sjakk,f83768cdc444212b,1,669,0.9853896068608979,0.12078676752403107
no.spill.sjakk,f881ae17aa3b44b4,39,1834,0.9797791049316219,0.3039831630922609
no.spill.sjakk,fc69c0d859ff7620,1,361,0.9618485531041157,0.13519412271374687
no.spill.sjakk,fcba90fc5df7be61,1,446,0.9617532282556729,0.09478698525174695
no.spill.sjakk,fd8df8aaca28ef7e,17,1898,0.9931757781579289,0.16952245460234291
no.sport.diverse,025ef772f143976a,1,201,0.9812585632584682,0.23076087545818544
no.sport.diverse,08b04466a38b3a97,3,140,0.939817626974406,0.14822130643434722
no.sport.diverse,08b339ffe25a471e,3,421,0.9862748153010369,0.2623743992791223
no.sport.diverse,0c4cdb251d6020ee,28,1583,0.9510670603114536,0.367633005461212
no.sport.diverse,0dde0724edc6989d,18,771,0.9746366934148903,0.3499183515027062
no.sport.diverse,21d3db115e56d078,17,822,0.9784477200403677,0.17294124990307427
no.sport.diverse,29955d7976494acf,16,642,0.9314081441371518,0.3463001587607944
no.sport.diverse,2cfd36380c335324,28,1751,0.9771562164105955,0.30380312752603
no.sport.diverse,3a0c2df9cd86885d,2,167,0.9687466462161899,0.12972203560543089
no.sport.diverse,3c3a4b71c2f9c10d,4,272,0.968642770334068,0.09367830142574997
no.sport.diverse,3fe3aac86c7262f2,44,1621,0.947191441196734,0.17900138534937327
no.sport.diverse,4388c5cb52596cff,18,1105,0.965521273928709,0.2504384245451508
no.sport.diverse,4449e5a51656f15b,8,970,0.9895840655945118,0.2113821522865513
no.sport.diverse,4570156c4b03c187,11,877,0.9611574953255516,0.31143796603903945
no.sport.diverse,4a96ce4f8c6aab91,13,775,0.9800375448923891,0.27800348308469564
no.sport.diverse,51e618a04bb813b7,3,102,0.8500239391926933,0.05106087953228989
no.sport.diverse,53d8f7b3bcece6fc,5,645,0.9860889150971904,0.2285569121120557
no.sport.diverse,6551abac90e7ff66,15,705,0.9740221602064888,0.34449390924067247
no.sport.diverse,67c2a3758a117120,10,699,0.9562885539417686,0.20978142485323642
no.sport.diverse,6d79aa83fc0ee2a8,31,1094,0.97417694234675,0.17578637358049606
no.sport.diverse,703f66ebbb425bee,18,1334,0.9795849882349975,0.313661234288825
no.sport.diverse,782635e4fbade5ca,7,186,0.9509209816373906,0.30296188930051926
no.sport.diverse,7ebc58c7a8aa867d,10,743,0.9827557395157284,0.26407442927570574
no.sport.diverse,8d7af28687f612ce,19,451,0.9299051555290826,0.16527806958297056
no.sport.diverse,96a05ee137736c3b,5,234,0.9401699668558062,0.21188505769513188
no.sport.diverse,981aee754f7d9085,5,217,0.9530661812509543,0.18556563284269226
no.sport.diverse,99215d1d970a22b9,11,507,0.9632455218052154,0.27483282672396137
no.sport.diverse,a1676403b87eb721,21,837,0.9621691861422519,0.36443680694742264
no.sport.diverse,a5c8b87000c24d2d,9,386,0.9719338020447724,0.2670446427207457
no.sport.diverse,acd7a53b88bf59b4,11,568,0.9324864275003499,0.3680445744068532
no.sport.diverse,b35784c21ac68814,4,63,0.7472465028416992,0.27531104740960405
no.sport.diverse,b3af2074aee75b10,7,364,0.9263344536900463,0.1555434037982218
no.sport.diverse,b9cf09ee5fbab3fe,2,253,0.9691860034788089,0.46306862767119883
no.sport.diverse,b9dddb681a498b06,3,441,0.9866489812385982,0.27977857225355324
no.sport.diverse,c2f75b5b8d2ecea1,4,140,0.9424127091054535,0.17126881148615483
no.sport.diverse,c36db27937fa32ab,18,658,0.9660756045288853,0.07682468568292776
no.sport.diverse,cbdf0deb0b7638e8,11,469,0.9555899430130252,0.11503900963662747
no.sport.diverse,d90d40bbc6e41865,28,1699,0.9905368499779688,0.34487172414432155
no.sport.diverse,e2ea513de27257df,30,1321,0.9724270059312677,0.19833432348046473
no.sport.diverse,e833a72cc963132b,2,273,0.9775032941409001,0.020298767572933064
no.sport.diverse,ec28b294b7bf2d6c,22,1245,0.9815705714355801,0.17651190498653868
no.sport.diverse,f3109a7123d7bb79,19,969,0.9833564499274395,0.21132241591271977
no.sport.diverse,f53e9a70124d0071,45,1421,0.9358605055945766,0.20329799414027744
no.sport.orientering,036ff9d63d4aac81,6,210,0.8748670906187063,0.1351548504282976
no.sport.orientering,0b130bc0d91be590,2,81,0.89499278971947,0.30410331657877926
no.sport.orientering,0b335c2b9ee0d0b2,17,724,0.9697931817968716,0.22988448679797785
no.sport.orientering,0ca1e74f58164724,217,7255,0.9607709578100867,0.266352031012096
no.sport.orientering,14c3ae06f39d7236,8,571,0.9785701328723383,0.09534776748781339
no.sport.orientering,27609b9ce2c97b0b,13,1483,0.9684784143725674,0.19624322792325608
no.sport.orientering,3206d6038d8d5fc8,21,1012,0.953004012084464,0.12863257959970953
no.sport.orientering,34f02e92fea4a1ca,1,143,0.9957863520379636,0.16376529729939152
no.sport.orientering,3d0c384a4773ef5c,14,2387,0.9947204003771559,0.14479113106986669
no.sport.orientering,46740c515c53409a,5,196,0.9617312862334341,0.25155028257254974
no.sport.orientering,5042b9f48dbda747,8,375,0.9441277736754261,0.14835706478209562
no.sport.orientering,5366a949619e3161,4,244,0.9148445019437612,0.04313012983766959
no.sport.orientering,56154490adee91d1,3,240,0.8806345465440393,0.45008084451382496
no.sport.orientering,56a15945312fe200,20,1219,0.9612733861438905,0.26737441887663027
no.sport.orientering,5c46552ee680eecf,4,120,0.9181226133150641,0.29034186999191014
no.sport.orientering,63e73326855451de,6,350,0.9496449039350864,0.32284476084163516
no.sport.orientering,6a9f4d05ce9c482d,2,99,0.9703988968805265,0.16347901316984775
no.sport.orientering,88c1c3daac563d60,2,416,0.9870029498648618,0.3612084395532866
no.sport.orientering,95892e985690eff1,63,3238,0.970685156745459,0.25799046128346
no.sport.orientering,9a3ea1006913402c,25,1073,0.936362576667692,0.04524042540427427
no.sport.orientering,a4c6f189aebcdf90,21,891,0.9736852273653087,0.16671949863940333
no.sport.orientering,a8165b93490df74f,145,4743,0.9632458239579439,0.16543177000019751
no.sport.orientering,aecc012c6d33a5c1,63,2138,0.9511686934023785,0.30063947479721953
no.sport.orientering,b16a922c0546f579,10,708,0.9846700173328681,0.3659738616091381
no.sport.orientering,d9724b266e9a38dc,3,193,0.9695029880849013,0.4138549043224725
no.sport.orientering,e15dc07e58b65df4,15,1000,0.9602656015902513,0.2876166820588806
no.sport.orientering,e34445c9e6dc9012,1,77,0.9742956874076122,0.22031046856177197
no.sport.orientering,ed404d62bd1acf47,9,462,0.9761539084715117,0.21459325410759755
no.sport.orientering,fdbc106dd4f38d17,2,192,0.9919599695770641,0.30155645189389657
no.sport.orientering,fde52b552cd3a387,6,639,0.9805070245942265,0.3174066841016651
no.sport.volleyball,01eb1df40d91df6f,3,611,0.994695214261926,0.0995161330395739
no.sport.volleyball,032c7fa718cfb195,33,2040,0.9764062456532395,0.007691191527255865
no.sport.volleyball,11b7e3ef8d4328e7,20,936,0.9677347365619835,-0.012428546850918605
no.sport.volleyball,1bc7b469104fc973,13,298,0.919797339771768,0.15585755320335573
no.sport.volleyball,26334941684d87fe,12,433,0.9352781001738284,0.21732653376941283
no.sport.volleyball,333d1abfa2ad4e25,35,1952,0.982976354672901,0.17313481871384287
no.sport.volleyball,38e02d9a8292d090,4,443,0.9849332439338581,-0.018788371200039268
no.sport.volleyball,395e13d97f330ffe,34,1995,0.9820262312585815,0.2967629647359457
no.sport.volleyball,3d5444ab029f108d,2,89,0.8571418592454094,0.15251104154996953
no.sport.volleyball,4a8c00efd44d4f18,37,1553,0.9684316294198682,0.28551230154653273
no.sport.volleyball,4fe5860bfd44a208,103,4376,0.9815002838842957,0.21982174224281908
no.sport.volleyball,5b392632cb24554e,47,2113,0.9826085965993446,0.22493166162785347
no.sport.volleyball,5bc3fb98e73ed4cc,2,221,0.9880960805563994,0.5356906319918672
no.sport.volleyball,5ef9abd5ffc75087,3,130,0.9638791534076018,0.023880344118029497
no.sport.volleyball,649a5b909e7a8ae3,1,100,0.9910535177022038,0.09977377217172373
no.sport.volleyball,6674c5eeb2760199,6,333,0.9759107596868027,0.28113955328416657
no.sport.volleyball,785410ece9a3e8e8,6,237,0.9655310118161805,0.030057800235979884
no.sport.volleyball,7d9a0d2076ff9a25,4,136,0.9182794842643841,0.11269148681373789
no.sport.volleyball,7e944e2b7b87f2b6,6,457,0.9615689301864268,0.16504115385578952
no.sport.volleyball,7fb949aac281d3d9,7,524,0.9715429753957899,0.29342572291818453
no.sport.volleyball,968d5cb9eb335af0,1,238,0.9918774635466553,0.15031107340331293
no.sport.volleyball,98f36b1e7b86d997,5,1980,0.9762543127990044,0.08460088707750453
no.sport.volleyball,9a2a05bdcaafc53c,60,2297,0.9631298685595794,0.2039621309004498
no.sport.volleyball,9dd265fc8f4999df,1,65,0.981827692870607,0.19222340603621638
no.sport.volleyball,a230214d18e65514,8,495,0.9742876129037897,0.10482508350975528
no.sport.volleyball,a39bb24dcf4fa7c1,5,380,0.9774325635150747,0.20985334374955014
no.sport.volleyball,a53eec4f1009421d,17,703,0.9661395014196518,0.25837964437505745
no.sport.volleyball,ae83f1daf9f14a5f,23,912,0.9811805211707697,0.04912445756026673
no.sport.volleyball,b50113da5c3880f4,1,99,0.9871838876712536,0.11015248858293358
no.sport.volleyball,b5eaac09a59c5b86,13,467,0.9785566291525207,0.08029440422368843
no.sport.volleyball,babdf9ca392033fa,14,959,0.9813252803885157,0.2674135871657477
no.sport.volleyball,be5c8c8bb73ce107,5,195,0.9535678712230788,0.2693475478448135
no.sport.volleyball,c10f96c9d1f56f31,4,369,0.9955014485040303,0.19224885279575568
no.sport.volleyball,c7af8b0585688913,37,7924,0.9883223136680679,0.054100422383963155
no.sport.volleyball,c824e99e89a6bea3,5,204,0.9747590557372374,0.156868384530894
no.sport.volleyball,cae073b1e20a7542,13,555,0.9783899533600875,0.3572239569030285
no.sport.volleyball,cb6c8b6b5e31020f,17,517,0.912573057689571,0.37458551747448415
no.sport.volleyball,d0c328b0be1d26cd,1,69,0.9564585131779211,0.4199851655348926
no.sport.volleyball,d70f9b6783490280,7,963,0.9905348664595223,0.25819557016571953
no.sport.volleyball,e457e6f01adf148a,1,112,0.9745519405710504,0.2934633127154705
no.sport.volleyball,ef610d1971a91d2d,21,1289,0.932741310213963,0.16556394263657928
no.sport.volleyball,fa58c3fcd2c75c02,57,2922,0.9599653438464317,0.16406954908118584
no.standard,042bb89907bb6219,10,398,0.9174178199175591,0.1805851556846219
no.standard,04b3403a8af634bb,2,260,0.9823046037473375,0.36074952132642424
no.standard,0fdc1e877ee4e0ff,4,266,0.9669419599890253,0.25343477698804995
no.standard,114439781160018d,9,832,0.9717555871807636,0.20328831041101297
no.standard,1d548bfb470bc197,8,248,0.9571430731754433,0.47708420333605067
no.standard,1d61dba84ed5d56a,2,192,0.9675474632466186,0.3513254608036977
no.standard,1f4cb8b7980bf5f8,4,379,0.9834927133960122,0.27708198848557924
no.standard,22200c9789220d59,5,332,0.970192742265151,0.18185739619822017
no.standard,2ad000b76cca5dd3,1,132,0.9770071493380293,0.18630476556581085
no.standard,2f81f8b197fc7eac,4,3024,0.976270362025082,0.3269901994018301
no.standard,2fda2ef0310a28c0,37,3668,0.9928485042418772,0.08872634620206984
no.standard,2fde7c8db3dca658,36,1163,0.9725787524146758,0.20518425452344893
no.standard,38f2df46e3639aee,6,624,0.9620850964447285,0.30768309418363377
no.standard,3b4305f8d3f6cb86,42,2378,0.9752417984578944,0.35967778218913804
no.standard,472200489a6fde85,7,755,0.9822152419603912,0.3661922729053653
no.standard,688908bc06bbdbe5,7,618,0.9832930658297651,0.45562179870902536
no.standard,699716542f33bfe5,34,1922,0.9375582837039808,0.3550555177421572
no.standard,7ac87140e48eaef4,7,911,0.9864811529974638,0.3070262064801257
no.standard,8447375558b213ce,2,221,0.9755948201315395,0.28156746559764895
no.standard,96e3bcb2b7b52507,3,821,0.9951649799142688,0.29346641136544854
no.standard,a942888a9910e4a1,6,411,0.9683411431089002,0.3579671571900975
no.standard,ad64c02a8605d4c7,17,918,0.9694138264945276,0.3996400286433767
no.standard,b7f64155a232aece,11,508,0.9638743067723604,0.23954675691533958
no.standard,c1940dfd819b27e9,14,693,0.9726390308655339,0.3281307459214241
no.standard,d38618fed712e0e6,10,659,0.9745439823670187,0.31664966915495746
no.standard,e1b8d888af31058c,27,1595,0.9754221640356595,0.1128534001493179
no.standard,e789daaa1c12c528,1,60,0.9661028018953527,0.29852514838122735
no.standard,f5436b636c48b226,7,486,0.9766886467113247,0.4339975339971703
no.standard,f8816a06e6782072,21,1420,0.9817222462620276,0.24797650153780715
no.standard,fbc34c216aaae459,3,287,0.9871019387494845,0.11528943805505104
no.stortinget,0010fd8ed9971256,91,4812,0.9804954507417619,0.29543773246573096
no.stortinget,0f206a8872387232,4,1843,0.9962546036706843,0.4160220945798812
no.stortinget,0fd9dd76d2743f01,47,2290,0.9865956543644278,0.3149911259426847
no.stortinget,1089a18fe05a828c,12,779,0.9322161033078775,0.1558033823496151
no.stortinget,1b387fc9135dc03a,13,630,0.9618863170702806,0.20760767096046653
no.stortinget,1bff07a9fa8f9718,1,483,0.9939720252255356,0.21952176862935646
no.stortinget,1d20406d888b8c6f,11,635,0.9690254790331646,0.2012665935083413
no.stortinget,21bd96b58fc3989e,4,378,0.9827632133669995,0.3048896438858904
no.stortinget,250ea36598e99c96,1,75,0.9547710205339486,0.09865234974303014
no.stortinget,295ac915f02780d3,14,990,0.9908162550976924,0.20990461527605014
no.stortinget,2c6d97eee0c6ee6d,21,697,0.9606401150645922,0.17865379350453608
no.stortinget,39ac2be9c6db1fb2,4,272,0.952263379801124,0.26706834740539653
no.stortinget,3e08f2bcf8f30902,7,702,0.9874999911712115,0.15369785842777495
no.stortinget,3e225e93b6adf693,22,1176,0.977542598366774,0.21350116810193098
no.stortinget,4245e784ffbb5139,2,240,0.9852719593431971,0.40630314072523727
no.stortinget,4cdc18e977d6a67e,72,3300,0.9835865936155437,0.40531639197502617
no.stortinget,5135bc15a7dd9ab4,5,439,0.9630877268904952,0.15916308205317695
no.stortinget,5e97cf0e6bfdfaf4,28,1596,0.951917257913869,0.12396470898966244
no.stortinget,6016ae02a561b4f9,19,1229,0.9753828425703523,0.35536963027742574
no.stortinget,64f42837d0dd0efd,30,1579,0.9866190763071151,0.20016110932761605
no.stortinget,681ee92a647cfb8f,2,220,0.9901032813084817,0.34081813197930116
no.stortinget,6d814cbfb9d2aceb,13,925,0.9813440830823704,0.22450980157053133
no.stortinget,6e45ae0dbff6c502,13,1517,0.990489413907816,0.2819544078085871
no.stortinget,7820ca72e985ec3b,16,686,0.970349158655024,0.13035923082468362
no.stortinget,7eb8e012f0f9c7c6,13,614,0.9738664578130488,0.16543917038009912
no.stortinget,8f02639b5e48f7f6,4,1044,0.9912855573953036,0.2824125639004063
no.stortinget,91239fcf64abd19a,13,877,0.9714777828351366,0.15005010216443418
no.stortinget,989129ba4111916d,17,1013,0.9760360136572918,0.058510955651877805
no.stortinget,a13db3e1e7dc95f0,24,1434,0.970781240450906,0.3355517934758341
no.stortinget,a1d0b2a205299e02,8,303,0.9391540579165767,0.2707622475301137
no.stortinget,a617443ecbe6cbd2,28,1111,0.9293639405189156,0.3081251530952859
no.stortinget,ad51c1a1a920465f,6,827,0.9922719081495045,0.3666851458008742
no.stortinget,c2133164919845e2,7,683,0.9763461806226353,0.13228981751767505
no.stortinget,ca3f541a726f2108,42,1580,0.978729442108734,0.21994974586799526
no.stortinget,caac528738c27e6f,70,3645,0.9644698803742817,0.29316459105949283
no.stortinget,d8ed883dda89883b,6,278,0.9656308264624996,0.19221721994110325
no.stortinget,da64a4134a3620d7,15,704,0.9225792157706582,0.28736224778110114
no.stortinget,db8c5a871969c49f,8,783,0.9838828789990578,0.36563147063081775
no.stortinget,e94830381dd6f6e2,5,339,0.9606384815677923,0.4219705273799305
no.stortinget,ec78d27a843dc756,34,2110,0.9689388274576703,0.3604919633668222
no.stortinget,f43eb8ed7d600f6e,4,329,0.9825296733839689,0.30933710465829206
no.stortinget,fc2bb616797d07da,4,312,0.9628937239012009,0.5092788806976175
no.student.nett,003910cb3dcbc4fe,10,566,0.9730706550291551,0.37833476506951114
no.student.nett,03681a7c431f3328,68,3487,0.9863511435561019,0.08356214376627115
no.student.nett,06cae49d8bf2bbad,4,64,0.8416363875195324,0.2057007182298322
no.student.nett,15941b155cc54033,3,273,0.987451294466724,0.13809918627030618
no.student.nett,16a0b43ee8c8b0eb,2,210,0.9865684997878817,0.03644605046347799
no.student.nett,17f0f8a676068027,1,130,0.9856324976410987,0.18246613855579147
no.student.nett,195994371200611f,4,461,0.98577325961384,0.09673680580918252
no.student.nett,290c6aaab1bd2b86,5,371,0.9596931943045754,0.18921863160912755
no.student.nett,294a20cad29266f4,19,822,0.9806506717938313,0.16865360207925445
no.student.nett,2d7a7c7458793103,8,623,0.9851240378982438,0.34884982924748736
no.student.nett,2eac5eea8fb96c42,8,474,0.9855773618976632,0.15052837827763976
no.student.nett,300fb2d1e49fe5d4,11,641,0.9877213715721276,0.07932427223400436
no.student.nett,3a5dff09ec794b75,8,327,0.9267193481349048,0.22704287225714728
no.student.nett,3e6117518a22b4c1,3,193,0.9785006740899487,0.25310418654284234
no.student.nett,4082f73a865cff37,11,426,0.9677516219255947,0.427790877450984
no.student.nett,48ac724b311bc956,11,404,0.9377381927671561,0.28254016613459226
no.student.nett,51a435e80f47407a,2,217,0.9659296646001033,0.18716940790153494
no.student.nett,51b3dde54f1dfe4f,5,179,0.9416908487561277,0.08785918167761016
no.student.nett,564f2eb08fbc195c,3,516,0.9841594340138456,0.22954967526707568
no.student.nett,609085c1944905e9,6,643,0.9754038074196993,0.16496241226063119
no.student.nett,61c7c90f4b286d54,2,292,0.9741869289815137,0.1857038400983815
no.student.nett,63e879c854c78e3d,12,959,0.9905420210027834,0.14485354311099646
no.student.nett,663a7b6e6c56ef3b,2,541,0.9906784278306522,0.30834933457950087
no.student.nett,6b72cee580121f9f,3,117,0.8430386871222788,0.1281924852463121
no.student.nett,82dcd913666657fe,4,204,0.8963729069778911,0.36653229590995595
no.student.nett,8c07160d37d81eba,4,141,0.9430023168362256,0.33349840687211113
no.student.nett,9105719af463d2cc,7,543,0.9807378627742026,0.08442801963208457
no.student.nett,954729b584abeb02,5,701,0.9842905223302105,0.39430475984870433
no.student.nett,9912b4d652df9b23,14,756,0.976804543541955,0.06782912065761972
no.student.nett,9fa43ce731ddc82d,5,179,0.9361092951041383,0.12489457030590553
no.student.nett,a3bbccd72d09d19e,7,505,0.9632087107247296,0.27428920171532806
no.student.nett,a3e68ec0bab62ea7,5,272,0.96165305259777,0.24208374862196044
no.student.nett,a7f637d4c7f86d6c,15,843,0.9710607616793482,0.18121072417513107
no.student.nett,aa9e282e9613ac73,8,531,0.9709529882310997,0.039487484398534355
no.student.nett,b19c5605c99b8109,4,1137,0.9928251681558155,0.25348651810573825
no.student.nett,c42e437230ee4fab,31,1207,0.9733880956001845,0.16505694273177438
no.student.nett,db6c640c019ec82f,5,422,0.9625981925320259,0.2739982642149887
no.student.nett,ddb166ec95c7cd5a,13,629,0.9729789451158541,0.28898565775678914
no.student.nett,f3443abde9f8d5c4,4,342,0.9559424403209543,0.37887196004914064
no.student.nett,f80e9d028c20b2ee,29,1752,0.9772875954987877,0.21477655698092746
no.student.nett,fc0070734ad40eed,12,895,0.9759193593512132,0.1514956185910776
no.student.nett,ff7829e49c8525f7,46,2336,0.9782349620605064,0.3441794338899938
no.student.samfund,00787e1f0c6fd196,98,4052,0.9782435293044643,0.2577810884395814
no.student.samfund,041276fbb3715ff9,10,794,0.9662978879871896,0.1518876790589369
no.student.samfund,04faf9900047349b,10,554,0.9678508808029147,0.17779433763428465
no.student.samfund,0b8232cbe3a0d5ad,1,131,0.9804749432096943,0.2734354838764667
no.student.samfund,13c9dbc80d29f3ed,4,708,0.9893383341024407,0.2606871981476435
no.student.samfund,162e29be3625ae1d,14,702,0.9755928708069864,0.3003009245182234
no.student.samfund,1b6a216306099595,3,177,0.9753800111821632,0.17634863158301264
no.student.samfund,1f2d5228e22df8a2,4,246,0.8686794026162229,0.34826716507189553
no.student.samfund,2e09f5cd4f4fb4d9,8,812,0.9740886754402974,0.2981747614734132
no.student.samfund,2e7c18f887e28b4e,10,1143,0.9910373498094455,0.3683996950554654
no.student.samfund,3005430c861025d5,2,426,0.9801079627535467,0.23478260407456897
no.student.samfund,32aca8702b68cfae,40,1725,0.9835378830072428,0.04379933991164706
no.student.samfund,3491f0a996bd574f,22,1217,0.9857630667549988,0.40504035365199087
no.student.samfund,48356ae966efe889,2,364,0.9849370898472607,0.2314996608139547
no.student.samfund,4840a043384efd1e,8,612,0.9749020415227465,0.28799524461893355
no.student.samfund,4ba62a9e731aa2cb,4,346,0.9780422262262028,0.0982024163554378
no.student.samfund,52f9442d4393b006,6,1062,0.9890127718974037,0.2061238488137184
no.student.samfund,599053a0ea157357,16,431,0.9173085972232308,0.2761612753240942
no.student.samfund,5ad57ce34b3415cb,3,482,0.9763052232455154,0.32310009990925037
no.student.samfund,5c55ed750c70c7df,5,176,0.7804778139200256,0.4097978583355081
no.student.samfund,5fb508869639d8ba,4,465,0.9891332864567884,0.23595956211775157
no.student.samfund,67b6535822fd0fa7,15,648,0.9767400586401092,0.1369441103322574
no.student.samfund,69f053a8a70329fd,2,331,0.9870074412270067,0.3723415584336962
no.student.samfund,6c30c0700e297d14,4,275,0.9834576924619975,0.3475371647219839
no.student.samfund,6e60de7f5e1e76ad,20,1835,0.9853829186515801,0.49164706369670313
no.student.samfund,6fc40f2c6951261c,7,353,0.9610958431383746,0.24596904744474712
no.student.samfund,7e4835ca7bfa8fd5,7,146,0.821545946943702,0.2591789817764296
no.student.samfund,84036726a4dbaa3a,10,972,0.9879499638078937,0.24063725186182364
no.student.samfund,843c674e462835b3,2,316,0.9878386769906388,0.41754224713043314
no.student.samfund,9422f468a057fb26,5,306,0.9850373444653195,0.2692887085587246
no.student.samfund,9a2332bf24135d1f,26,1374,0.9814848070459301,0.1969416050191506
no.student.samfund,a33505e10dcebcbf,196,8487,0.9536074744089255,0.16763609878527966
no.student.samfund,a706d585a1f207eb,2,46,0.9711196141353164,0.15552856767885762
no.student.samfund,c7261c941f34e093,9,756,0.9778380106975997,0.1696462404793239
no.student.samfund,c837cf2f0f4c3219,11,697,0.9797921199355224,0.4605533252798428
no.student.samfund,cd38a211919caa00,12,620,0.9741149547361138,0.2217167810332803
no.student.samfund,cf77d7326a3dad2a,28,2091,0.9859408864746625,0.3710160408987281
no.student.samfund,d803cf395c41da4a,2,136,0.9220527728854688,0.2277755172336173
no.student.samfund,d9ec25cbe22de775,9,1578,0.9919101070632298,0.3692784827784271
no.student.samfund,e0364fa1ddb0ca92,1,394,0.9935750174055281,0.3159221576165552
no.student.samfund,e0ff145f2891db93,10,955,0.9905886861268837,0.25525988237659625
no.student.samfund,e219e2f326ecb737,5,132,0.8997285802008141,0.18507084339158586
no.svar,00fa1b975d43cf9d,8,1515,0.9956700553096995,0.22284791089830222
no.svar,08c61117ddfd5dfe,8,1520,0.9952474255161049,0.16007739319420364
no.svar,14435293f86df75b,8,1515,0.9956700553096995,0.09819628232087342
no.svar,1fc5c160f9d845de,8,1515,0.9956700553096995,0.2061278031738605
no.svar,20d079feb03c0706,8,1520,0.9952474255161049,0.28011448699780106
no.svar,24a5da33389042b6,269,14565,0.9901184139115476,0.2636304071307856
no.svar,24ca256b7485e99e,74,4863,0.9874035093887356,0.27156015587174287
no.svar,285ab006dc9daa9e,8,1519,0.9953850004468887,0.11434099916097043
no.svar,2eaec74a82ff8471,8,1520,0.9952474255161049,0.14559017607977878
no.svar,39ad6bb1cdb2d153,8,1515,0.9956700553096995,0.13692254659366906
no.svar,5ba991280673e230,8,1515,0.9956700553096995,0.09078958368908945
no.svar,6173653ea6002c7c,266,14324,0.9904380840356081,0.2798781790836474
no.svar,638edf8a23769c44,8,1519,0.9953850004468887,0.19271961987395786
no.svar,64021be4f3d6998a,8,1519,0.9953850004468887,0.1944075845579781
no.svar,6dfee907786b7f4f,8,1519,0.9953850004468887,0.19936183150704156
no.svar,8bbb123f0dcf8d9a,8,1515,0.9956700553096995,0.19388482900360474
no.svar,92a5ec2902393a9f,143,10713,0.9914787997229302,0.38165403964549216
no.svar,95847b5d6f80a591,138,8935,0.9854510059408529,0.1033537085393846
no.svar,9bf1011d9dd8a690,8,1519,0.9953850004468887,0.29020041838445815
no.svar,a1a0781adf5411bc,8,1519,0.9953850004468887,0.22982013242536356
no.svar,a3a19d184b7b5681,120,7866,0.987489866358355,0.35098646597791955
no.svar,a8248a2aeac1ec3f,8,1515,0.9956700553096995,0.1687268324318363
no.svar,adc7bb18042d46d1,120,7866,0.987489866358355,0.0852254240313137
no.svar,afd0a67708fae05c,8,1519,0.9953850004468887,0.1315353437130469
no.svar,afd422926b1f08e3,8,1519,0.9953850004468887,0.04225687913218524
no.svar,b0f3a3635e92ccab,8,1519,0.9953850004468887,0.1850266384252508
no.svar,b1a9462ce4ab1448,8,1515,0.9956700553096995,0.2836997070034389
no.svar,b1e70365c28881b9,8,1515,0.9956700553096995,0.20064935113072535
no.svar,b687ea1d39f232c4,266,14324,0.9904380840356081,0.31240180466289735
no.svar,bc3a3338c8fae64a,74,4835,0.9878541019439498,0.19722076254346438
no.svar,c1f56c570f5d2374,8,1519,0.9953850004468887,0.2088831752191735
no.svar,d4a617a58b5b8ca0,74,4835,0.9878541019439498,0.26948313966074255
no.svar,d8aeffc6d79f3d01,8,1515,0.9956700553096995,0.1836470309727539
no.svar,e46eb67a9ce4abc9,8,1515,0.9956700553096995,0.3980131803383346
no.svar,ef7fd6627ac2784b,8,1515,0.9956700553096995,0.1113313655901966
no.svar,fe2a99141b5f4173,8,1515,0.9956700553096995,0.18124037262429338
no.svar,fe9d0f9dc7fc8dea,8,1515,0.9956700553096995,0.16111547597242457
no.sykkel,04b12df3eda94371,6,795,0.9921336793561913,0.13738686433738284
no.sykkel,07e368848a527bc1,54,2648,0.9409970073191242,0.1764059217376301
no.sykkel,0960d6a9ca275c38,4,626,0.9879565893739679,0.17388166574641906
no.sykkel,1354a3988d0a8a9d,5,252,0.9793139603721741,0.25023477627568863
no.sykkel,1a549cb879c284a7,10,857,0.9752684312983128,0.26378265236279946
no.sykkel,2af3540487bb9791,10,542,0.9578262445267112,0.1688715230091918
no.sykkel,2d0a1ec6a092d334,1,677,0.9979065838285321,0.02732145477121521
no.sykkel,2eeda60e7605442b,25,1557,0.9783921457912439,0.1971213948871129
no.sykkel,30cddcc3fece5949,17,894,0.9592308003217107,0.39506259654982256
no.sykkel,3d144d9ebc8047a8,9,1446,0.9935517784506233,0.25630393574069477
no.sykkel,43d83e8e9eb02bcc,7,280,0.9519494127894981,0.12472547534062654
no.sykkel,43db1b94203886f3,22,1112,0.9840634283256734,0.17954629718176007
no.sykkel,46429fc40b2fdbd0,5,981,0.9685536906355048,0.42908531443477704
no.sykkel,4c1afb936bcfeb7c,63,1850,0.9402866883369064,0.19008894614459543
no.sykkel,4e392b2509814923,6,757,0.9854978426243354,0.29544079673493845
no.sykkel,5322e2767ed5617d,48,2770,0.9913567736962005,0.21161287501699558
no.sykkel,537af8f434aa7c3f,1,390,0.9933555565919723,0.243181785858684
no.sykkel,5a0a94b1cb2898eb,15,780,0.9835407378394538,0.19142545645916953
no.sykkel,66485382d24c1d31,6,522,0.9864502473534001,0.17418245227839016
no.sykkel,6b89f9d82a95d0b7,11,497,0.9502115817551642,0.2822542291326088
no.sykkel,6bf231253fe78859,12,893,0.9877859575720536,0.21522994491735892
no.sykkel,72c4b4b561e1d537,52,2660,0.9926618648147485,0.2489549286285092
no.sykkel,72f1b29ee63d52e3,5,372,0.9788493201194005,0.24382725927469387
no.sykkel,7520353d5c199c80,26,1054,0.9625490731929449,0.2345573417538146
no.sykkel,7cbe484bcb8bedc5,42,1980,0.9453007701119134,0.3868746052361354
no.sykkel,901e41660f606b41,10,512,0.9801285325223049,0.15262609047113626
no.sykkel,a1a7e34e6d9bbe82,3,197,0.9581058464281369,0.27836565166852806
no.sykkel,a236228c21d2af2c,2,1067,0.9973910551391301,0.3991618999219412
no.sykkel,a5c6140abd2ce4d3,7,429,0.9395717209366824,0.2803803307444562
no.sykkel,b1799f72d1986fcb,13,600,0.9750523213106146,0.3623497731153022
no.sykkel,bf18ae8b03094c88,3,252,0.9678332316235928,0.1335363003969202
no.sykkel,c8006e4d7575276b,5,93,0.8697396980886165,0.21672865304822939
no.sykkel,cfbba41cb12648c2,12,930,0.9754654177967835,0.21150285117815473
no.sykkel,e24643410684ffbb,4,248,0.9763107834353583,0.1946115714655598
no.sykkel,e681d66a79446528,4,594,0.9926180698010858,0.2306049559359614
no.sykkel,e8cfc3c741bb46a0,4,162,0.9547939940554402,0.1292844452653901
no.sykkel,e9231d79755fa9f6,15,928,0.9707906370610089,0.1757367653946169
no.sykkel,ef51883d55847187,18,1148,0.9887543767560081,0.2219886609741538
no.sykkel,ef94ff4e1bbb2b8d,14,798,0.9897640187303515,0.31233073741500617
no.sykkel,f0d6252d3c2566f6,16,835,0.9584920595430775,0.24648321354413102
no.sykkel,f4e50330f2cb5c50,16,726,0.9262657396816972,0.24995085654556426
no.sykkel,ff359e653e1a1638,3,325,0.972562471331081,0.084501763624622
no.tegnsett,0e5aef16e71bed73,7,590,0.9762737066441801,0.5136597225458915
no.tegnsett,0f9ec44a630a90cb,2,305,0.9793106658475389,0.22765107597757134
no.tegnsett,26eb1f9c01a3cb0a,56,3047,0.9896206253819028,0.17881944920189258
no.tegnsett,2c1b104edd26a034,1,330,0.9932077415042407,0.4210482374666528
no.tegnsett,3c510368d9220bac,5,452,0.9847597012225419,0.3373850291408953
no.tegnsett,47b790be29a303ab,18,1590,0.9904139435861584,0.42532330706778104
no.tegnsett,4b81ffcd1b92ea42,3,581,0.985721576717013,0.06648711619288888
no.tegnsett,52a9f358315384bb,13,1008,0.9867868981930212,0.4520923099977445
no.tegnsett,54263210f288728a,7,288,0.9667094636733654,0.32289209221156334
no.tegnsett,59bce980e5270360,17,1503,0.9897012153922773,0.3594709114426145
no.tegnsett,5d1a6de2e05570fd,9,536,0.9701938446306176,0.14152354601872508
no.tegnsett,63ff64b13529e647,13,1032,0.9884607346518824,0.20963050604990038
no.tegnsett,6ed9e4cba3293671,12,733,0.9755549055255384,0.2921873953794384
no.tegnsett,6f57f42038bcb418,12,575,0.9659747906051693,0.06400203405013458
no.tegnsett,6f8d6d59abccf092,55,2053,0.9758138833988783,0.27943442176034894
no.tegnsett,6f8fee758b62ea07,3,221,0.9345523868244053,0.41074768537648276
no.tegnsett,75061887c2b28e2b,4,342,0.9810984190037484,0.06083990356964477
no.tegnsett,79b9d51fba0a6b60,1,286,0.9900988290155364,0.4039282203908637
no.tegnsett,80125c5a50c47c48,2,160,0.9722397239391801,0.25358043617610576
no.tegnsett,8584ac88f80432a3,14,540,0.9696250522859197,0.39442197730505885
no.tegnsett,8704db06f7e624d8,7,372,0.9761848580995751,0.2772380093399728
no.tegnsett,8b7f8f357522055e,12,484,0.9499983744192463,0.005418629894861238
no.tegnsett,9c277455016c2ced,4,415,0.97439120115793,0.2381392235451807
no.tegnsett,9ec2d204cd867217,8,809,0.9935528839540704,0.12417157320826215
no.tegnsett,9f05673a320c7770,20,971,0.9831492579317058,0.33693939332595835
no.tegnsett,9f2e092d88675aee,33,1435,0.9724823930980412,0.1973060354975151
no.tegnsett,9f7154275f14df68,3,472,0.9898476819010612,0.07710744726150219
no.tegnsett,a4568bb045137b38,10,442,0.961121692493686,0.5506160348457961
no.tegnsett,a7cc8cba5d89a118,35,1449,0.9789240741592471,0.5113913195075979
no.tegnsett,c3fd5b52d689fcf6,3,375,0.9303370174002882,0.3012230843601809
no.tegnsett,cf812d39031c0835,13,628,0.977649448088488,0.42852598484093885
no.tegnsett,d0f211eb3513d0d1,9,560,0.9829993219808488,0.36257008344127456
no.tegnsett,d505600fdd1583f2,2,336,0.9865883508003165,0.1565251692286198
no.tegnsett,d69de36c6b6c754f,3,1807,0.9962053185669753,0.21907997893831233
no.tegnsett,d8e18fc8355048fb,82,5541,0.994489141318627,0.24571258916905045
no.tegnsett,e31713359778a639,6,374,0.9839553992649184,0.48041840609425923
no.tegnsett,e34a2dd66bc0eeb5,3,174,0.9464432422349733,0.3092912012086847
no.tegnsett,e3ed37a9833a6539,6,446,0.9695822675835174,0.49280477869616035
no.tegnsett,f070fd3e11a232f3,3,322,0.9836360192439633,0.25571198294207087
no.tegnsett,f361f5673ca2ce9c,17,794,0.9372934417102482,0.31101353788752706
no.tegnsett,f399d895fe18df80,5,271,0.9729850732609494,0.0919604004911812
no.tegnsett,f4b7808aada7e623,1,143,0.987822825776258,0.2576287498386448
no.tele,0322af68b122eed4,8,570,0.9847582148735262,0.21965857092757637
no.tele,1011ab56a0b47add,22,1258,0.9752805554917744,0.2826309618917994
no.tele,1a768768c6d1fd9b,92,6178,0.990599676033639,0.3778464904215523
no.tele,204713bd5f14efbe,4,536,0.9867361175588238,0.24386202099208668
no.tele,254d64b2642e1a2b,7,480,0.9692554802504265,0.2404878817809894
no.tele,255e99e1cec27463,25,949,0.9802814470036838,0.2955267468066963
no.tele,25b56c840bc4d6f8,25,1827,0.9937671101271335,0.33663253580385427
no.tele,26ee1f60f7bfe953,26,1144,0.9858652870672518,0.23161059790859337
no.tele,2a30dfe2cadce009,2,808,0.9960001930149267,0.4140233837145136
no.tele,2a81f744167475f6,14,921,0.9907792696770832,0.24026257770304496
no.tele,2b58777f31f3e505,11,372,0.9397277890532911,0.2357220851518311
no.tele,2e1eee2ebeb57132,17,1307,0.989862863003872,0.2600767940623959
no.tele,3a0db4b8926d6d33,54,3033,0.9844417335552628,0.22149901010300238
no.tele,3b4ae17cf0d3a6d1,17,1565,0.9838988380033397,0.23962770677470932
no.tele,3c053a90802dddfe,9,661,0.977769252569041,0.2383869344455637
no.tele,41652793ac3593f2,1,499,0.9929017785730558,0.2592181605299419
no.tele,444781f59f0697eb,20,1570,0.9812452046110779,0.22784958569087335
no.tele,49046534da4f00b7,20,1201,0.9913267739742777,0.14296800453719483
no.tele,4ff234a3e294e35a,4,1054,0.9827199245980854,0.37244437214438064
no.tele,56bf8fd84e4fbde5,33,1860,0.9845656541454743,0.26039455973506265
no.tele,57629f841202b9a3,3,506,0.992424909310492,0.2855602864253742
no.tele,5883c87e7ab62985,1,127,0.9960911899413151,0.17893084601103815
no.tele,5cda60c10d6e2ea1,22,772,0.9630840568305302,0.3385876977882543
no.tele,65f6eff28ab3a9dc,19,1039,0.9730729285486478,0.341564104092891
no.tele,6ae88a57800a8ec1,5,425,0.9830105438403087,0.2502536976190473
no.tele,6c64bea7dcb32ffc,5,515,0.9877117804423976,0.13859528774264893
no.tele,7793a50a3ef57813,8,387,0.9663489168602857,0.19892347782976497
no.tele,7a5b4508f5457ba4,6,311,0.9736524356473555,0.1997883620043933
no.tele,8e829b159f8780a7,9,519,0.9409305972492832,0.08832359516015835
no.tele,91216ee89184ae2a,16,830,0.9754485035912763,0.21936593826145148
no.tele,9f8148f385254687,3,664,0.9937534917929882,0.21849385644025934
no.tele,a0fa4f6d3886a4c0,15,931,0.9774597805475255,0.27818572902646244
no.tele,b22dd44135364a26,6,1206,0.9884512987577618,0.28408845566181684
no.tele,b53698e7333770b0,8,387,0.9486182924839659,0.176792311193403
no.tele,d65647184dc34f4d,5,853,0.9930066186254288,0.35119615995435294
no.tele,d99463b474965fe2,8,681,0.9904567104939116,0.2107296478801333
no.tele,dd76a01b69876276,8,812,0.9769448913125128,0.30866844326834836
no.tele,e0eb4060616aa402,4,126,0.9543365094894715,0.22414074439759812
no.tele,e5b95d267a904747,4,541,0.9854493613393764,0.1364992537372917
no.tele,f423ddb7e692b82e,6,600,0.982264424718919,0.33222395037043734
no.tele,f4c8783d91f2c302,13,937,0.9842651190130172,0.25012942118616005
no.tele,f8068672dc32543c,13,588,0.9839140622946057,0.23436114946307562
no.telepost,0c03760416a9fd29,7,258,0.9335855659598984,0.1296435209890721
no.telepost,12e8e04fe0edc217,20,1155,0.9765992381419993,0.5103514550457449
no.telepost,153ab3676e134592,19,1059,0.9808314641659317,0.3205501388610742
no.telepost,16e367c276635fe4,25,1566,0.9885124774696079,0.5568683418977178
no.telepost,16f93731b5dbc8a6,10,178,0.8959377735345118,0.14077629095300676
no.telepost,29a55991c91e1ab6,2,151,0.97262446913175,0.16975661798740202
no.telepost,331c18844a05821a,11,1008,0.986838338631861,0.19562408044152618
no.telepost,3b504b2e3b91f722,7,339,0.9637667529987195,0.20835741520225484
no.telepost,462804c440058680,2,647,0.9760654302245398,0.34609149002454004
no.telepost,47870752118ef637,9,353,0.9555684299335837,0.29467808159355735
no.telepost,4b83e1f96739e462,42,1226,0.9697971718877569,0.23927847746640707
no.telepost,4ca4833d7aad69de,11,572,0.9651003837022388,0.3174595511336024
no.telepost,572c6b76993a554f,11,626,0.9851559966989307,0.16249873334547504
no.telepost,5d8681045ad5d086,13,797,0.9778103899596368,0.1323392097566936
no.telepost,6583babe233554df,16,861,0.9686753586880368,0.2367553720925619
no.telepost,659e8a651c3ca73a,4,205,0.919433520947302,0.2793006062728243
no.telepost,67d4f3b821f55528,6,444,0.9805218639897582,0.4529881070707118
no.telepost,6853572a872405a8,4,204,0.9482326837695744,0.37840961875268014
no.telepost,6ab5e015f7623266,24,4347,0.9868927752159741,0.1274560654943713
no.telepost,794e8521dfbd9c97,3,309,0.981171187584316,0.12062805570876989
no.telepost,7c7932b82bf2e9f7,5,338,0.9516988436209537,0.39225589927388776
no.telepost,826ca01872dc44f8,1,147,0.9930903744221544,0.46371146249413403
no.telepost,83408c7bd1b1858c,21,1383,0.9894918561860285,0.3899440057119463
no.telepost,87c22956aef8c120,22,954,0.974350852510827,0.21488426639425934
no.telepost,9039d2decec90f62,20,2062,0.9920709766731326,0.15094879700508013
no.telepost,96099bb61a11a002,16,831,0.982335922512236,0.1754744534368558
no.telepost,9a3bffdaea50c65a,12,633,0.9810189631254432,0.3612224981520324
no.telepost,9b3b0917876961a9,10,581,0.9733610443207455,0.370701593207534
no.telepost,9c1db8472bc57441,30,1410,0.9857080315101413,0.2103942588200054
no.telepost,a183fecafded1bb7,9,387,0.9769817059514251,0.07929489690691094
no.telepost,a57276bfaa9040e4,4,295,0.9658455168964518,0.3886762908977203
no.telepost,a98ca79eef675c43,28,2091,0.9906372031162682,0.3009157431938643
no.telepost,aa4fae108084370a,3,181,0.9187091997668579,0.28418933100145277
no.telepost,aae3048c351bb579,28,1753,0.9742877137257254,0.3830382166683638
no.telepost,accbc1efad4b1ebe,10,583,0.9837769440293792,0.18054461680099132
no.telepost,acd5252bb1215904,4,614,0.9809998538099469,0.1489035308538254
no.telepost,bb921e4aaf5e27ef,9,518,0.9751036311941838,0.22383594368073373
no.telepost,c2a72ea3e689cd78,4,468,0.9916919939417209,0.4458337250079541
no.telepost,c6b8b2979c852841,13,792,0.9773126976080324,0.49790575181161467
no.telepost,e6c2d04f16c2f61b,8,665,0.9817696197534057,0.4595776092406534
no.telepost,ed466e3922ec44e8,20,1875,0.9907340305184446,0.28658565792231433
no.telepost,f6303e4e2cdb5749,11,570,0.9763837559042304,0.3317856066952879
no.test,0345531b3fa9116b,1,192,0.9487151743019138,0.07232698132121128
no.test,0bcdf1e74514b502,8,1062,0.9875803247316689,0.23707972321010556
no.test,0c2c5f16c853f308,3,115,0.9701889137244211,0.33829100981556876
no.test,0f6da2991f4b2c10,1,264,0.9908155892227969,0.18305503287726924
no.test,200c18cecaae7dd4,6,91,0.8121849703834862,0.14709830319229591
no.test,25d76b81f4f3cde4,4,194,0.9749938354203549,0.43551521632163337
no.test,298c25bd1eeb6cae,2,82,0.9236988748625106,0.29217841203185163
no.test,2ad6300788113680,1,252,0.9888793945759052,0.2849568645524577
no.test,31f0200168e27f7f,4,209,0.8259726061510767,0.18628536060671777
no.test,3b7010ac1bed6eb8,8,1070,0.9870169306747242,0.4835013636316651
no.test,3ea714210f79cf06,3,168,0.9704568295354998,0.2511263677746879
no.test,3ef81f26ca5b99d0,7,196,0.9368149641734536,0.24305449474253513
no.test,4213bab8c41a4daf,13,1280,0.9797075864023763,0.14296413436409935
no.test,42a76d7529b52177,2,80,0.946557283183217,0.1561067485342397
no.test,4410750875c20a29,11,1178,0.9837191293258042,0.2923464593605104
no.test,511f72c834603e44,6,125,0.9877764395226926,0.185320622000988
no.test,551d70aa746822d0,6,7,0.5146209506458753,0.16346642953107787
no.test,6087c0abd58ea7ca,5,67,0.8207938971438385,0.26798826446679747
no.test,619539d5f6eab679,8,1166,0.989460002569708,0.2976766919606823
no.test,68e7ea02433b7968,8,1049,0.985208584148614,0.4422532644716082
no.test,69a39bdde6ab8ef0,6,24,0.8900312126936393,0.01820268189210995
no.test,69bb74045338620d,3,224,0.9596671263325605,0.2290082561001845
no.test,76e0238f60162dd3,4,80,0.8851200135365531,0.23532530067372323
no.test,80bca8fe93ae1e65,7,218,0.8555942377762679,0.3432514829877353
no.test,83418e92dcad2a35,4,318,0.9790216181636671,0.26456675634140814
no.test,8afb8028350ae623,1,72,0.9758280228896485,0.20065325304298057
no.test,a13c73b191ae9c8d,2,62,0.9062436307127197,0.25216004635265926
no.test,a170058f8bde12f5,6,6,0.4973211401831709,0.11831848496478341
no.test,a2a32d832899b27b,2,105,0.968285006157834,0.34596793854209645
no.test,a3a6a6a07c4c2f9c,17,696,0.9432082559171256,0.3776258233779906
no.test,a67cdce7d4c640fb,8,1112,0.9892854159920349,0.2727436764713168
no.test,af37344b947ce93f,8,1034,0.9844102369804203,0.25360889343469395
no.test,afd477e0af8636a0,8,981,0.9857169206045808,0.35477159681629056
no.test,b580d4c3ee4dda68,2,87,0.9427340320926584,0.28524727729752264
no.test,c66cd73fc85c7e39,11,1314,0.983009466309786,0.1918425415821313
no.test,ce5d480d45ac92f7,9,1158,0.9844150427345769,0.18633462539216591
no.test,ce8503788762c68e,8,1141,0.9866688883241058,0.2176235436127186
no.test,dac3df1218faaf93,8,1112,0.9857667625284297,0.29779630743684715
no.test,e7e2b95bbe9f68c9,11,1505,0.986109624817142,0.256512730890623
no.test,eb36711b3175df5c,8,1024,0.9769241742866586,0.1757264244791504
no.test,ecc7ae389b49ae8d,2,337,0.9887354098455898,0.1268077424313291
no.test,f58bb48ae24c5b26,3,58,0.866685524194865,0.14803993449276626
no.tex,1503e9bb8cd16d73,11,638,0.9329424963995562,0.17780468313656764
no.tex,1a7017136c0ed09e,9,692,0.9906587729975855,0.2803680114652001
no.tex,363af392bc3f8055,6,717,0.9661416022536982,0.11923975849871836
no.tex,37e355ca60cf21ee,9,832,0.9717555871807636,0.2890359163913996
no.tex,4c9995c2332ff3d5,6,956,0.9897614989701433,0.08920991398190664
no.tex,519fea73cbd2088b,12,938,0.9893567892609693,0.10828658048697598
no.tex,5b6740daf3e44a91,2,735,0.9896329815176425,0.1857944945119886
no.tex,5e08bd02b07e2c87,4,877,0.9906788937193727,0.16164660251112506
no.tex,5eb781e0f26f8a82,6,195,0.9044143429286382,0.14649182093783028
no.tex,69c0ddffa823c80f,3,552,0.9897343552839304,0.2146517670667353
no.tex,6d51cb362300770b,24,1235,0.9677410200415445,0.31648447657699924
no.tex,6ec536c1a0e48b67,5,539,0.9903801885150735,0.14200647348754517
no.tex,71724a656d6c093f,8,354,0.95934645311297,0.191478882414493
no.tex,74749c7c45b74e76,36,1755,0.9734079872504439,0.2600471343683503
no.tex,8001f624651348a2,4,760,0.9845864005531867,0.14622913087516143
no.tex,8230bd787c3885ed,7,328,0.9482644460255419,0.10589439215959594
no.tex,8eea87326790efcc,10,828,0.9870817656379287,0.1216275893678036
no.tex,95a22eaca21daaac,13,626,0.9764626240666071,0.1045651304597045
no.tex,98c07a9a78e8d254,19,901,0.9742466685556902,0.09433604309731322
no.tex,a0da4c3125e02513,6,392,0.9805147547744091,0.08269410922597248
no.tex,a1ce41bff00289eb,4,333,0.975955716209336,0.34652048008305375
no.tex,a722e068fa7784e8,21,1187,0.9695944456401976,0.10332100252112711
no.tex,a7253e4c98d1d60b,3,330,0.9866416295519775,0.06080572757204165
no.tex,a9fbb9db1e397ffd,16,915,0.9728871052331743,0.2128057886785872
no.tex,b1e9a670928fe8c7,7,759,0.9818569969924621,0.11750517642900954
no.tex,bc39728a33d87f0a,13,800,0.9889864423297752,0.16548764035458727
no.tex,c1d51b3458bc6d2a,3,390,0.9821969163652141,0.2249445737155916
no.tex,c541728de260ec18,7,425,0.9850251289118109,0.16047145289033946
no.tex,c9ed3dca5d8bb231,13,529,0.9517294385428005,0.21085751413323117
no.tex,cd0770ff8adf8a15,1,444,0.9978675611832198,0.12892231350070393
no.tex,d0a8441b9dbd2b62,6,949,0.9838958934735514,0.26781816582602097
no.tex,d2b32e3f7be649c7,24,1191,0.9813130978376072,0.08611389693726834
no.tex,d5c0145b03194289,6,433,0.9800134210687085,0.2609335066401877
no.tex,d72012848c1e79cb,2,575,0.9873333840640892,0.16213170384969292
no.tex,d776e580e592b12c,17,943,0.9805287710897144,0.17527567762018667
no.tex,e305aca9255fe209,3,327,0.9882778610047919,0.061373133390699705
no.tex,e38e228c0be62b42,9,569,0.9395211889130414,0.18233649377593722
no.tex,e8add48033950c3e,4,645,0.9846007192686669,0.3295338965598656
no.tex,e98327dd4ae05c7c,8,699,0.9792790084686096,0.24271131744141689
no.tex,ef625d9363680040,10,681,0.9801471665631389,0.11869893425641549
no.tex,fba452d258a567fb,6,434,0.9655681032534595,0.1983028158954452
no.tex,ff66a75c55fc92ae,21,1230,0.9896788713811163,0.19283952649461109
no.tungregning,014f0c764f8d2638,1,1050,0.9984365618981325,0.3664848974185414
no.tungregning,020529cf9a91da3a,6,727,0.992301380748165,0.2808112444020178
no.tungregning,14b9491dcd4a7545,2,215,0.9830840390782492,0.17364896631863216
no.tungregning,1cd9d1b08dcabe9f,1,2224,0.9986429788211779,0.09071296715351153
no.tungregning,1fb08f9cfa89ab7c,29,2114,0.9798210838724665,0.11583211948424521
no.tungregning,20132b1f8d6407ee,3,2002,0.9968949782178292,0.18738821327527247
no.tungregning,49820139e0e27170,5,307,0.9350175756168237,0.22389629528196067
no.tungregning,49de0adbed29e910,3,349,0.9864820483082074,0.1367848972653515
no.tungregning,552f79e06f524f3a,2,598,0.9875968724167477,0.1917789760950594
no.tungregning,557c7ff0d0094699,76,5310,0.9820227858530141,0.2996826997389086
no.tungregning,56d02f8262c76c37,2,496,0.9957570478020557,0.20670139884388333
no.tungregning,60f0391d7f497eb3,9,579,0.9707656674365577,0.27575096651676845
no.tungregning,62579f91b3df6085,30,2275,0.9919181307947252,0.2117991102130811
no.tungregning,7b8df4bfbfa7b598,1,1344,0.9978680969708569,0.20911897240044605
no.tungregning,98425563db1f9a00,15,1137,0.9894693967708945,0.5431713404232154
no.tungregning,a6c2f0ef47e7ffa0,3,808,0.9931939864356052,0.19314934127721675
no.tungregning,b8a5ffafeccb4bb1,36,4623,0.9934978044800596,0.40398469604925463
no.tungregning,ba467ee88390baae,11,711,0.979638911895552,0.30627338735419685
no.tungregning,be586470f6b67c74,66,2386,0.9704093369167368,0.3727487903164752
no.tungregning,cf5274a2fb06075a,12,953,0.9915271476919275,0.12658609806164445
no.tungregning,e37451b50069aa6c,16,1016,0.9763500502552033,0.3145401270564324
no.tungregning,fc4fd8fd52bedeca,3,240,0.9704305977104969,0.19785933420259644
no.typografi,089d1f35f66dec8c,8,616,0.9781218930250085,0.2991186933255554
no.typografi,0b1afaf933565ee9,13,586,0.9397874846412612,0.19825832643090419
no.typografi,16a387d42a676e54,2,186,0.9764257788609165,0.27532802618846547
no.typografi,18f308a930f553f8,6,283,0.9549308679308652,0.2716051421159524
no.typografi,1e6b4599542a0aeb,16,426,0.9369027955708791,0.277075549773136
no.typografi,2c52f1702fd868ee,2,241,0.993356405833736,0.39677129964749963
no.typografi,2c78d6c6653e2638,14,675,0.9792269983509346,0.2997045161351303
no.typografi,2d72c96aeb5bee7f,14,562,0.9525544894612082,0.23849385724373245
no.typografi,329f2b4076aa91af,2,259,0.9750641891417878,0.08136611067939611
no.typografi,35e0d067fbc0052c,4,482,0.9651648098220426,0.16888002005903252
no.typografi,3d4e0e1b25141a30,4,320,0.9736466919226457,0.15849313085311778
no.typografi,3f286476d8ab692b,5,535,0.9799478597001514,0.37628685943478307
no.typografi,3f31f59629e419be,2,129,0.9469608014770281,0.1615879164564911
no.typografi,41a5cf58b2d0a27b,2,369,0.9913959823192703,0.14588222829158054
no.typografi,41cc9c5fd2f12b5e,1,362,0.9934410818790149,0.35152070160694865
no.typografi,43c512a2c643e84b,6,500,0.9673580464580014,0.25427780673682543
no.typografi,4868e017a9d25f23,14,1119,0.9755072454091724,0.03299408449870584
no.typografi,4e30b6805244d0c1,22,1439,0.9882346368669475,0.027011990478454928
no.typografi,5a5f19c14e7f1529,7,800,0.9894042750987179,0.21228930438279092
no.typografi,5bb8e516a08ef4bd,9,674,0.9908693714217753,0.43082090297946163
no.typografi,605c42864d33db1a,2,250,0.9813583778499867,0.2035959127376889
no.typografi,6426594e5740cb73,9,688,0.9874193999910011,0.17514152621326629
no.typografi,7ba4f50319a4930f,8,281,0.9311650642470674,0.21923890582931635
no.typografi,89919a8891288731,33,990,0.9506486826160315,0.1668443630873516
no.typografi,919e892eafd2d9d6,22,897,0.9422025007592982,0.24911665838075286
no.typografi,97c96e9807fb0c9b,4,220,0.958843854147445,0.34537582977758124
no.typografi,9932482c65670979,2,191,0.9736708683728322,0.17105807320745808
no.typografi,9a2bc894a0e8d097,2,1018,0.9967281001736971,0.1379867449278413
no.typografi,a4431bfdd1ab6644,1,89,0.9471476707474468,0.3188703300062619
no.typografi,a5915d51ab169ff8,4,237,0.9771648454894987,0.2773208407131073
no.typografi,a916a42b9e592301,6,517,0.9855113201216027,0.5070526653725721
no.typografi,a9fac4244fdc1fc6,8,214,0.9331968262204986,0.19981025951860246
no.typografi,b6c5f190bdaaaaad,8,338,0.9670571811287259,0.19111528517599796
no.typografi,b861ad185947118b,10,416,0.9558671901835973,0.3531826966999482
no.typografi,bcc3ca6ee86d5bea,10,541,0.980831268674932,0.06128990136832873
no.typografi,c1028c24dd5de7c1,22,692,0.9636602398224777,0.40638484530267066
no.typografi,c710372005b1b0f0,3,259,0.9715200753981854,0.43088461724888594
no.typografi,c964e533b3bdfa3c,16,1061,0.9786337558968412,0.23183247579866417
no.typografi,da0262044f04f141,3,397,0.9814739117105972,0.202626649799598
no.typografi,e2f1f31d950d123b,2,149,0.9490114470019718,0.35913611829019554
no.typografi,ef8ba2bbbd10365a,2,123,0.9721180085382388,0.11201107443457702
no.typografi,fa76dda1de3df58f,15,727,0.9536671725216891,0.24461801727257598
no.uninett.diverse,07564f9d8ef59925,5,468,0.9762603083907405,0.19321332638014868
no.uninett.diverse,0bed2453b76e2906,27,3104,0.9816410970148234,0.3402149363462486
no.uninett.diverse,0dd00d965ed39b48,7,460,0.9870964629306163,0.30170680328933663
no.uninett.diverse,10297d9584827411,25,2035,0.9822527576932104,0.3329649659533417
no.uninett.diverse,102d6ce66baace95,27,2399,0.9800262927141775,0.20761487783776508
no.uninett.diverse,14297573b2c1a8fb,25,1336,0.9840280622727088,0.22355552437223333
no.uninett.diverse,18ffb3222343e715,9,826,0.9773203539409108,0.36872374414715603
no.uninett.diverse,1ca4d4a8985f7df4,4,134,0.9342443823647124,0.23902822322225492
no.uninett.diverse,2a87bd41cf381a9d,13,620,0.9817198715828557,0.4580511643394614
no.uninett.diverse,2decfa851ff336d4,25,1456,0.9909468646494175,0.45857798499245933
no.uninett.diverse,3191f2749439f914,15,917,0.9886607822188332,0.1812834474109708
no.uninett.diverse,3211a2ef70f9e65d,23,1183,0.968804202045104,0.2052728900673905
no.uninett.diverse,532bde4eefe0d3b6,1,155,0.9810214120761632,0.18362181996903656
no.uninett.diverse,540e34c565e45216,7,391,0.9607071158030845,0.22508471772651187
no.uninett.diverse,5bbdd7fe72833d46,10,470,0.974916722546569,0.20012191683864367
no.uninett.diverse,60d5083d311f530a,27,2435,0.981771717239539,0.10170140458009573
no.uninett.diverse,654cc9e7c189b679,6,803,0.9917903910420953,0.35290154296305215
no.uninett.diverse,7056386da8486693,15,700,0.9718902200026567,0.1783826976965323
no.uninett.diverse,7b18e4b8c17a6422,4,512,0.9908587463789057,0.31991586116222015
no.uninett.diverse,92248edfae959f4d,27,2575,0.9806153831457463,0.20292982173471305
no.uninett.diverse,9443ef250f6ea0dd,11,697,0.9813136498374219,0.35271437617601736
no.uninett.diverse,949e619cb9a735fb,26,2247,0.9821689513736713,0.203001955194406
no.uninett.diverse,a867273a99050f74,14,875,0.9693168704687889,0.31070413956354964
no.uninett.diverse,ac066fae2df5adc5,4,311,0.9730563523085473,0.15006793037553734
no.uninett.diverse,b15cefc7bb9af236,13,514,0.9648866600840251,0.241519405608343
no.uninett.diverse,b4e5f3d5b07bcadb,6,541,0.9871486570932003,0.19274719993948122
no.uninett.diverse,b51cd623557466cf,25,2041,0.9805603071324178,0.08034887214247348
no.uninett.diverse,bc0bc9a6db41b89f,13,611,0.9749565863795034,0.1028853376522889
no.uninett.diverse,bf9f18c0881fb9b2,54,3198,0.9845953698488764,0.17046286806409797
no.uninett.diverse,c1f461973e86de94,14,739,0.9851524900280265,0.30586774969621544
no.uninett.diverse,c8dd6422f1b799c6,3,496,0.9917597206962052,0.31633336044636856
no.uninett.diverse,cafbcc276c703249,7,412,0.9717629553181184,0.3187143186541623
no.uninett.diverse,d4fb2f2b679479fd,15,1064,0.9830878208288746,0.33852960211681293
no.uninett.diverse,d64df1ee118dd78d,11,701,0.9843164370424483,0.29889180079026073
no.uninett.diverse,d6d3f5d0975dfbd8,9,504,0.9752951992066933,0.22991063917717208
no.uninett.diverse,d7c3e28dd3228c55,3,581,0.9759996021887912,0.14311245562223177
no.uninett.diverse,daf528d1802e7784,30,1848,0.9817676577304069,0.08720365891547717
no.uninett.diverse,e1f8c07f16d3fc77,1,513,0.9954386260088871,0.0929874475677213
no.uninett.diverse,e2efb2b229ebc4a0,18,1344,0.9896880317794581,0.4091558994845473
no.uninett.diverse,e4db883d84b18536,24,2046,0.9798682348282489,0.17635226451838626
no.uninett.diverse,e84508636e8d3ca2,39,2208,0.9784685509233539,0.34415921977466485
no.uninett.diverse,f77f309d962a6a08,32,1897,0.9800007191147581,0.30725098211308355
no.uninett.drift,0afe247e05c56849,4,494,0.978524769816344,0.22951731190171487
no.uninett.drift,0dee52f5c071ce8e,5,188,0.9160436251178982,0.32808325444242475
no.uninett.drift,1a2a9ed104268b54,2,333,0.9850161669108017,0.3279247064780871
no.uninett.drift,20ae5fc24ddc99c3,2,208,0.9829181518432464,0.2425766649683036
no.uninett.drift,25b05f17bb7905e2,5,801,0.9906527967561464,0.3184051023207278
no.uninett.drift,27849e693aee19b6,5,281,0.9668198354899444,0.41682152970191133
no.uninett.drift,2a285b1bf3452625,1,126,0.9957773839397391,0.13976842818335702
no.uninett.drift,3cfc1442ee9881ce,3,558,0.9876162610547274,0.19836993828607097
no.uninett.drift,4a45a9017884336e,1,239,0.9773314150479263,0.11539804938264035
no.uninett.drift,4fab79d5a6686d3a,14,3253,0.9815192862791833,0.23223267969859762
no.uninett.drift,579cfcd13aad1b68,2,379,0.9845281562982566,0.22878728089005865
no.uninett.drift,692bd4542da0f70e,1,196,0.9856072582243368,0.11607165809173273
no.uninett.drift,6b71eb693762efb9,4,608,0.9909417865017515,0.3089992780035346
no.uninett.drift,6e7121e22ff65931,4,302,0.9654222236172277,0.31135305870987184
no.uninett.drift,748d4b78815f6cd9,3,560,0.9933502201687832,0.25061917429598424
no.uninett.drift,7958635dd4d94569,2,156,0.9867315507143751,0.17943338553227134
no.uninett.drift,796c9ac04841d8ac,3,165,0.9662335579377482,0.25351438970151663
no.uninett.drift,7b3c50cd860d064a,3,318,0.9786981491108657,0.3849711232272763
no.uninett.drift,7d1a4ad4b697df9a,13,449,0.9769090127732435,0.3516766947061259
no.uninett.drift,83c769d2899304af,4,181,0.9422244197372136,0.22066572001486998
no.uninett.drift,8b4ad9b4b15360be,11,320,0.9614925711190144,0.33088039758781373
no.uninett.drift,8d56e640407a3804,13,515,0.9725091727710172,0.17489438664491438
no.uninett.drift,9272bc66d900a084,5,448,0.9541534155271485,0.11922948548889403
no.uninett.drift,933fc732cf7156e0,14,1038,0.985053793385933,0.3361321927796248
no.uninett.drift,9ba2329b7239f762,2,515,0.9937645296397652,0.20612516239270584
no.uninett.drift,9f1f731ca5125dac,3,1223,0.9919039681701177,0.37110958582964876
no.uninett.drift,ad57ed59c3d7b13a,5,269,0.9533453595409909,0.2125329197793882
no.uninett.drift,bd5c2f30fee0c977,10,527,0.9747922186773247,0.40285117548388005
no.uninett.drift,bebba18b56826e16,24,1100,0.9853689658370179,0.4309110087958598
no.uninett.drift,c77813523cccc185,13,449,0.9769090127732435,0.13458625921121872
no.uninett.drift,ca1289c7fc0dbee8,9,931,0.9894959041752461,0.2512390456549981
no.uninett.drift,cf8f9d84ad108c56,8,297,0.9612674410268037,0.21523478632648907
no.uninett.drift,d8376af332530fb5,4,443,0.9888560968210879,0.328981196531792
no.uninett.drift,e778362a48ac785f,4,388,0.9604912046454837,0.33698476948909484
no.uninett.drift,e8948a61e1aeb72f,8,603,0.9691979783768137,0.5484207083044602
no.uninett.drift,fd9b30b2d31a7463,7,661,0.9865777458508025,0.17285651526073945
no.uninett.drift,ff8bf228da8c9ba4,5,308,0.9634516135179423,0.12046057049015266
no.uninett.hjelp,0df38701c0b8fd8b,2,356,0.9754148862191215,0.2269931740948237
no.uninett.hjelp,1ee0108a77e6fa68,8,344,0.9252530894176763,0.3923317269695417
no.uninett.hjelp,1fa8f445d0c09c4f,8,424,0.9602740180478075,0.28952560850215436
no.uninett.hjelp,28a8392c9f805187,13,425,0.9531989759127294,0.38452129430702314
no.uninett.hjelp,2b5d3a3f79a57218,2,396,0.9845671016965893,0.3758170451515433
no.uninett.hjelp,3cf612adb42ba217,19,1063,0.9718606722263301,0.5136972474371451
no.uninett.hjelp,55896f8b1697ed6f,9,299,0.9664084239398613,0.11324876684289013
no.uninett.hjelp,59a84f115a4e9e42,6,554,0.9878282639201855,0.24455772659903321
no.uninett.hjelp,66cb001d4501ec98,5,295,0.9364321503580253,0.4034279778997992
no.uninett.hjelp,6dd1ccacf77116c9,3,479,0.9909150165153885,0.43474736426205146
no.uninett.hjelp,930dc1303bdb5b77,12,795,0.9785425558210813,0.3441328225041763
no.uninett.hjelp,9b415ec53f2533d6,5,342,0.9767566468070292,0.23512437755595791
no.uninett.hjelp,a431f51a56633550,7,384,0.9754440500167162,0.20416591809347112
no.uninett.hjelp,a66733fad459cd8e,2,234,0.9864760508996177,0.29406116564457657
no.uninett.hjelp,a7b9d2adbd1836bf,3,704,0.9946222902880195,0.29304579732072694
no.uninett.hjelp,b01a5bf9ed6a36cd,2,123,0.9641982586114672,0.1959249213289244
no.uninett.hjelp,ca08008ade12997c,2,342,0.9911064425476257,0.30135831023157705
no.uninett.hjelp,debeec1e574b93dc,4,538,0.9871130011540187,0.4308894927199178
no.uninett.hjelp,ec44d887706964f4,13,797,0.9751994172142892,0.2171881616624396
no.uninett.hjelp,f17c18da560b060e,18,1610,0.9933749230901794,0.19640976541632246
no.uninett.hjelp,fd89c79491ce2890,12,779,0.9765705345007717,0.26982650374407113
no.uninett.hjelp,ff90c9df4796fc13,12,541,0.9688611821963745,0.2520943928723495
no.uninett.katalog,41197d40b3903152,11,743,0.9773147157796302,0.3030797398464054
no.uninett.katalog,a3f67cc34fb1accb,340,28697,0.9953983500022174,0.2140227088186682
no.uninett.katalog,bc7cfd90d9cf21f0,3,78,0.9162646553251551,0.1668341796246495
no.uninett.katalog,c866bcd16e7749bb,31,1395,0.9854039349490147,0.06410554074775313
no.uninett.skole,00095886cab710a0,13,944,0.98763496779445,0.1617337883582055
no.uninett.skole,0be443b1668a2d5d,3,328,0.9814067942220153,0.3158651523563488
no.uninett.skole,171f2ff4ec87a3a7,5,624,0.9858233342620654,0.2027987033098692
no.uninett.skole,174416683d2a161b,22,1296,0.988964443683176,0.2740507733992491
no.uninett.skole,1c60b10733c5276f,3,888,0.9980971811704811,0.19218027755261197
no.uninett.skole,1dbb64afa79a709e,18,528,0.9282105291586434,0.1441944918184264
no.uninett.skole,2a80c591ee4913c0,13,541,0.9238443953819522,0.3461298476549128
no.uninett.skole,2ee1734b95c6d294,11,879,0.9907139555457082,0.41538609155104106
no.uninett.skole,36fe65cdd5d2121d,13,954,0.9782949270269912,0.3379662554409867
no.uninett.skole,41c0cbd8ad86830a,8,548,0.9680613951446242,0.17202324561859256
no.uninett.skole,42e769d2aa3fb9a2,8,470,0.974626448254059,0.4390774491757334
no.uninett.skole,4d0795cb64c8440c,7,279,0.9459530788659796,0.1645097138539366
no.uninett.skole,543961eab1dac993,3,126,0.9371272926281994,0.12813895450122859
no.uninett.skole,5b6c186717e81bc2,5,401,0.9376732994375669,0.36805648678434244
no.uninett.skole,5c4a78eead509594,10,573,0.9633907746502797,0.31581717684667004
no.uninett.skole,712715865baf94ee,6,262,0.9771839744071115,0.3075861622239212
no.uninett.skole,76bc44c00fdce805,7,469,0.9322053567157013,0.27022565513646807
no.uninett.skole,84c56bdecc0faddb,31,1201,0.9760755040377196,0.2088907284240975
no.uninett.skole,85ffdef8acee2879,2,157,0.976831092673148,0.2831700172592731
no.uninett.skole,8838febb1c950b8f,9,534,0.9688415385870324,0.5048248403627471
no.uninett.skole,905d7f7f64771964,2,234,0.9043978518956497,0.0672667872126556
no.uninett.skole,95b41910fdbe23e6,4,344,0.9822165110950729,0.45443379410371665
no.uninett.skole,95f296b2be9b6ad7,47,2136,0.9824802979992044,0.13174112518508407
no.uninett.skole,969acf8c65b4d2d0,8,340,0.9509772509733663,0.29630347253501
no.uninett.skole,a3cdc77fd96eeaf5,56,1647,0.9396733611740142,0.22597724854988938
no.uninett.skole,aab9d0e47f017570,2,476,0.9850500573847596,0.15142331406759874
no.uninett.skole,ac83d24452ff4ca8,15,1073,0.9688756365955712,0.224880128908654
no.uninett.skole,ad9fca295898311d,12,571,0.9696891660142861,0.09837302053486849
no.uninett.skole,b118dca9271dc550,21,533,0.933871774117753,0.28715121530916066
no.uninett.skole,bfa357ade8f18068,24,1842,0.9814230953419316,0.16084166098331293
no.uninett.skole,c63e4f7495ed1ab8,5,351,0.917341516229295,0.32150586094357403
no.uninett.skole,c9fa8871c78d792b,9,300,0.9542554967258402,0.3378747262077614
no.uninett.skole,d839c34e66773367,50,2975,0.9778923186320306,0.29332814511574556
no.uninett.skole,dc13bc96f01594ca,15,728,0.9650988642279108,0.2757020118346798
no.uninett.skole,dc32c9c6f6daeb6f,14,604,0.9738931716894167,0.4659641287756069
no.uninett.skole,e4d7832cb469751f,7,291,0.9532377167577265,0.2008168855622551
no.uninett.skole,eed50e1b4c01b69a,20,1265,0.9785045328555718,0.36228194881096515
no.uninett.skole,f0a5499350c293d3,21,1260,0.9812366775480893,0.1016397479684623
no.uninett.skole,f242fe369db82d83,20,643,0.9678421237993926,0.17980646552340246
no.uninett.skole,f9b9c9e81fc07b04,4,420,0.9909288341904169,0.14946754381384875
no.uninett.skole,fb84f54d3ed1e995,16,1870,0.9874999988788813,0.33489795484851054
no.uninett.skole,fc1689656de981ed,18,653,0.9723305382972051,0.3566115071635838
no.unix,008ffc9b45158864,13,606,0.9811336851775824,0.20497376507788592
no.unix,00ec9cb5d1bee32a,7,395,0.9422672527548702,0.2391583723911111
no.unix,0d4135e7d17426a8,2,276,0.9945197001975802,0.24991933889805196
no.unix,119e1acf934b0b1f,8,477,0.9842755527241643,0.20753018366713652
no.unix,18790c8d66ac796a,13,1030,0.9878215059326765,0.0814871125554218
no.unix,1d217f69d069e3e9,5,648,0.9766419582416177,0.23504727982032686
no.unix,296afe3820cd1f14,9,998,0.984266210111356,0.3681638524354136
no.unix,2eeaabe75bce558d,5,227,0.9490331572532941,0.2886965641547413
no.unix,33e69ffc37847b54,12,547,0.9735107316489836,0.2954016738613018
no.unix,371e463acdcb6a47,4,301,0.9692570703841344,0.23483718372929038
no.unix,402b0338466508bc,3,119,0.9461510723644424,0.15511251086889702
no.unix,461b473d4d9b8971,2,187,0.9718796481464285,0.27646265310757745
no.unix,477a7a37d30388a2,24,1091,0.9715716077667556,0.21746962249999163
no.unix,4ab57b5d58b8d940,13,1618,0.9798015073784164,0.3768594920758481
no.unix,599dde3a9063bd71,5,354,0.9808643666799985,0.17319253041306512
no.unix,65ac9501e17e6588,12,1028,0.9883884393866108,0.25454977096982795
no.unix,69b5f541ad9b3f48,20,1615,0.9859447760104938,0.26206726584322027
no.unix,75ca636a076943cd,3,219,0.9836699998758737,0.17844613033055007
no.unix,770fdb72aec0960e,14,220,0.9093629324191889,0.31085770285386694
no.unix,7b2fd2a22cef73e6,19,2225,0.9944191476207602,0.3185156777759461
no.unix,8bfe26eff9871bae,8,817,0.9905823226635982,0.21221739840340795
no.unix,8c5bffead4c44420,2,855,0.9878966395855675,0.2312086365064872
no.unix,8f9ee6a4b0e18d09,2,615,0.992007756208979,0.2643989623008802
no.unix,9735330ce857bc85,4,416,0.9928784097766548,0.2875954246194908
no.unix,98934a32453c0a9f,1,679,0.9930446770358423,0.21536543971338834
no.unix,994cd55c1ca32b12,12,905,0.9711831456484743,0.30147586856279274
no.unix,9c0af5b2e0f4d32e,2,344,0.9854555523984412,0.17633711058752907
no.unix,9fbb16000595cdd0,19,700,0.9459185362491658,0.3910564322357205
no.unix,a2767d57ebaf19fe,4,550,0.991563696729325,0.17311302759563232
no.unix,a5862fd8feeb21d9,19,1090,0.9740879660799874,0.3910744312435933
no.unix,ae72e08577525d8a,5,786,0.9933958604623879,0.18974067907495407
no.unix,aed3f3efe327a2ef,14,631,0.9644602605682081,0.20016259705400244
no.unix,cb143d2668a435ed,1,199,0.9764672282697856,0.19687630753189814
no.unix,d3b11d2d70e8644c,16,665,0.9760922085219409,0.29708824661641703
no.unix,daec0e5707f18be6,3,375,0.9914892077336825,0.4051558162396831
no.unix,de96f4ba4fbe4491,3,297,0.974969633171086,0.22721811762666635
no.unix,ea237fcef44204bd,3,840,0.9967241679438962,0.20194002590234564
no.unix,eb448846b7f97caf,8,1383,0.9952087654641745,0.18913949790731058
no.unix,ef6746d5cb7d1caf,8,464,0.9710572634793778,0.34937315073194475
no.unix,f338fd8052b0a0c0,4,511,0.9898543220841509,0.28953335891290616
no.unix,fc7b2692b22c5993,5,770,0.9719951488201904,0.18185245484725943
no.unix,fca6bddae8ae4746,1,496,0.9922362377267764,0.2113963364571746
no.unix,ff63d705d23191e3,5,575,0.9805912513192118,0.3815518452065876
no.video,0f17378f25981b4c,1,496,0.9964236608838797,0.2503190477036322
no.video,11860aa61bb6672d,4,177,0.9373485219625709,0.32765271628614445
no.video,135f7e6e1ddba95a,10,626,0.9791451360428931,0.3428516885308955
no.video,13e9fc5208f87c8a,6,234,0.942271503290328,0.08032079052321624
no.video,195583ad1188efc9,8,566,0.968930165414099,0.18631363124638647
no.video,2f03ca2fd3fad096,16,919,0.9780383379520464,0.24876734727859817
no.video,363d0efa1a8cde56,4,567,0.9883187679048366,0.18325033437157048
no.video,3dabe0ae2daafe23,1,241,0.9926429546655811,0.07331472944866921
no.video,3f513dc4e97761ba,1,42,0.96540622189642,0.14465464953129578
no.video,425d8d02e4c10bc7,22,1058,0.990575148472801,0.2169923333287449
no.video,44dc08a145b6bf1e,9,877,0.9899360051450242,0.3004583160847689
no.video,45562687814f3002,2,213,0.9678329035084187,0.2868552005233172
no.video,4ca1f1d1621b2386,5,693,0.9910869435010589,0.14762827376109328
no.video,4f791630e90f108e,9,998,0.9908138665994016,0.28427109083401503
no.video,5bf8d80013a64144,1,577,0.9967333095997742,0.21148721256588224
no.video,630b5f88d6d2c584,12,664,0.9773546115043888,0.12349733720168282
no.video,6ecc9bbaf2f2b1cb,11,677,0.9763394861360883,0.18435886344350824
no.video,798c0b13a0fd4981,5,424,0.9763041093641428,0.21789367709328059
no.video,80e8606aa267a72e,4,349,0.9853738209626155,0.2310642139569508
no.video,8ee5a7d3b4dd1d9c,20,1289,0.9841479202618352,0.14196189148928617
no.video,8efdd5c808bb2c1a,9,486,0.9796163906539143,0.16425157382928215
no.video,8fc47d07f1c89468,12,981,0.9872768174877818,0.43917607546781434
no.video,946f668ac40c545c,1,620,0.9932343595636546,0.26608587146443685
no.video,967b1b42802f9fb2,2,80,0.9542115275745767,0.23581014590880223
no.video,a071a4a6110495b4,10,631,0.9809631575954237,0.3494809050122561
no.video,ae5798ea2216f41b,5,464,0.9747142204519164,0.30253899567923026
no.video,b4602605ef6d0668,1,88,0.9734339094345176,0.12091154063093391
no.video,beae36f92b9b2d27,8,431,0.9555922449768826,0.26213662962127693
no.video,c1f9b573284c025a,16,1197,0.9848087801344125,0.04244185232554306
no.video,c20b33f0f29bdbdd,4,215,0.9716957712494141,0.148981561206081
no.video,c29901ac2f713587,20,958,0.9822314286096544,0.20329895430783415
no.video,c3892a064b2380af,19,950,0.9746654190866689,0.2734924286029855
no.video,d184c12956b0bee7,3,450,0.9874574293831915,0.13155404232658063
no.video,d1e0b54b7c18b4d6,2,167,0.9902568661784206,0.09255416892142661
no.video,df08ee2b6df714b6,10,460,0.9759158115719828,0.3193438957136745
no.video,e5e5736ea6787aec,3,352,0.9857555494271866,0.19890842572472547
no.video,e6ebfee7c01fecc8,4,179,0.9393842801767154,0.22206864758768377
no.video,eb22835402c8322f,4,779,0.9888748163695722,0.17818461665303933
no.video,eeb28a9c69ff2855,3,518,0.9884840497694304,0.29836159428870906
no.video,f05fbd3326aa2195,83,4320,0.9869286001065115,0.3808649660388443
no.video,f0b2e8b572be7eef,37,2359,0.9775850582881229,0.32809536561167346
no.video,f4eb7f9aa94d3f64,9,383,0.9609087934980906,0.2294988919591105
no.vit.diverse,007f0fcc2f92cf24,21,1237,0.969243308203876,0.05138195953058381
no.vit.diverse,036e35ef5c249071,23,994,0.974219236846556,0.16106203896251153
no.vit.diverse,0f5f65141c476ef2,19,1011,0.9645296286787325,0.24434903525664972
no.vit.diverse,104a97e9e979c923,2,404,0.9901869754717065,0.3614872525853764
no.vit.diverse,1678897d52abb70d,14,680,0.971309544044942,0.2349254781683642
no.vit.diverse,1a69bd9b07309c0d,6,272,0.9718207342798817,0.0827115469461708
no.vit.diverse,1ab8e059c78c02d4,63,3887,0.976379734888826,0.04320756522049746
no.vit.diverse,23153bc12fe528b7,10,633,0.970693159278802,0.19656159022413686
no.vit.diverse,24f5fdc7667cd3b6,11,407,0.953123363075759,0.23318848332666442
no.vit.diverse,2a10f1fb4da5032a,35,1427,0.9770598853244964,0.2185396042581068
no.vit.diverse,2ccf63adb661f073,28,1541,0.981002022286082,0.3075530233753554
no.vit.diverse,2d49f368b92bfa61,77,3540,0.9674397870750866,0.32092787475629786
no.vit.diverse,3457fc03765298cd,10,602,0.9437598390875789,0.216524818919386
no.vit.diverse,367b3414dae39781,5,491,0.9837045050198574,0.38056515535108376
no.vit.diverse,39eb84e133d59ede,23,1082,0.9577648991445198,0.26510966150068804
no.vit.diverse,3f035e32823d30e5,8,414,0.957511773460341,0.017505940314553978
no.vit.diverse,3f09672b29ace882,30,2269,0.9747795333806301,0.3430461788543258
no.vit.diverse,4b9f595d696defc4,41,1555,0.9754978575498074,0.04905837956882284
no.vit.diverse,57c39e0779667208,15,790,0.9478201106447992,0.31962573101759795
no.vit.diverse,5b771fbb17f32432,44,3105,0.9683107086619999,0.11958784972470458
no.vit.diverse,5d27c3b0309fd462,19,962,0.9695881240583369,0.25498134682850754
no.vit.diverse,6e7cc246f36d5e4a,31,1165,0.9180981517923879,0.029193689167595113
no.vit.diverse,7272fcda829d80c4,1,179,0.9824507603229015,0.359541996999834
no.vit.diverse,7d33e9832379e685,65,3082,0.9741326965395358,0.28316284140009035
no.vit.diverse,8f17d69d8915a373,6,414,0.9733209574360026,0.2383837734187961
no.vit.diverse,9549e9678a10e3bb,9,500,0.9720420203793148,0.3025594826531921
no.vit.diverse,9a90934c0a041d37,10,694,0.9846167038618167,0.1809717355611243
no.vit.diverse,9cad61ec2a6f8658,3,329,0.9769202702119479,0.2746823839402981
no.vit.diverse,aa2d80923f4ed044,4,700,0.9830938073174096,0.35644181364025135
no.vit.diverse,ace4f2d1479e030f,11,570,0.9578205593082282,0.33279204545491164
no.vit.diverse,bc921d8220c33ff7,16,1375,0.9882626846472193,0.15191957114708068
no.vit.diverse,c15933bc3d6836e4,11,797,0.9708286225889625,0.2479055360551811
no.vit.diverse,ce0078c7dd4d56a7,19,1295,0.9631779456744162,0.17180518457681787
no.vit.diverse,cfeefc8e1757c933,2,379,0.9896449356209264,0.10313367996890929
no.vit.diverse,d000a7443ea8c5c7,85,6250,0.9916849488709966,0.15848467446655148
no.vit.diverse,d91051ed922a28c8,9,744,0.9861443970910548,0.2640423999043282
no.vit.diverse,da7ac9a33844b743,25,1379,0.9779253237930348,0.22144238174991415
no.vit.diverse,dace8d2242c167c6,34,1358,0.9655360604545054,0.1740228813713883
no.vit.diverse,de6a9e8a9ccc85b0,25,1246,0.9673192322645031,0.39300577384446417
no.vit.diverse,e048dfbcde212be7,22,721,0.9625088804799757,0.11720918077576879
no.vit.diverse,ec7d0b9ed3897d68,9,414,0.9755809109484886,0.08230882580357501
no.vit.diverse,fe40f94b43612db1,8,957,0.9811711546485075,0.12865403689026747
no.vitser,12c7ba73798007a1,9,646,0.9817454837202503,0.22881756888713806
no.vitser,1c2af00f9977e36f,4,705,0.9863800641768128,0.3206982046365952
no.vitser,2501c24ee4d31a54,9,273,0.9456936122469638,0.2046789979149503
no.vitser,255776b9d43e952f,2,587,0.9957109371060602,0.1834766694543994
no.vitser,27fbd2e95e84c8a7,1,202,0.981749047954509,0.11344967238328518
no.vitser,31d6534aa3c47288,2,67,0.8891116032884031,0.18027070409054002
no.vitser,32c0d328d1e2bcde,4,563,0.9839046316936606,0.16707221856334983
no.vitser,39386e4554f507dd,1,295,0.8937119541429789,0.30068245413602585
no.vitser,3a2ec5e0860dd35f,9,521,0.973462614700446,0.27942132264039177
no.vitser,3c1d312458ad8bf6,20,1022,0.9666375918878398,0.18451647434243942
no.vitser,442eb68471a21d29,21,936,0.94595666782582,0.10512589361218867
no.vitser,4570b12997c837b7,30,1294,0.9029941481763692,0.22395646169059918
no.vitser,4b8ff779e4a8a2d2,2,605,0.9888124277152596,0.3164710612491131
no.vitser,4bfe4e5123b6e647,6,505,0.9813979290936388,0.26566650749508147
no.vitser,4f27dc084aeed75b,18,960,0.9811598789327937,0.22625402659713506
no.vitser,523bf79d16b77119,59,2729,0.9736661845393036,0.12117816292152814
no.vitser,53ea22bebbf1ec0f,4,316,0.9542740612431435,0.25711743495935846
no.vitser,5bf8e5ae54732a17,4,237,0.9779403298667502,0.1435542535921768
no.vitser,5c1a1394120b3742,4,333,0.9763762932146535,0.28050436367596804
no.vitser,6d5d390a21e218d8,2,176,0.9656012265077026,0.1542946523553419
no.vitser,6f20ab8b1e1e753a,1,288,0.9898623720656957,0.18465323800665087
no.vitser,77d9b59118ac472d,8,493,0.9553625025828758,0.38711076985378723
no.vitser,782c2e8fc42d9799,8,324,0.9387116582297703,0.1657783979582626
no.vitser,86527439d793f4c3,15,1240,0.9789042720227674,0.2699821003059947
no.vitser,86c4d267a910435d,5,419,0.977062319774564,0.4391674403950874
no.vitser,89173de88bf2ed61,6,438,0.9717755535204071,0.3413004363603702
no.vitser,8f729ec90a67270c,6,558,0.9885423619996465,0.3728744442676038
no.vitser,9a94f9455789b098,25,1265,0.9606873595129563,0.24338227725100237
no.vitser,9fb69909234724d0,2,427,0.9884779817167672,0.28688315278981763
no.vitser,a051248c28616f78,25,1216,0.9743409933735769,0.232246709962468
no.vitser,a66b02bc7e1f010f,16,769,0.9759809236147426,0.5286165555068093
no.vitser,ae70cb80c6d455d7,8,515,0.9709360623905436,0.4085497911516291
no.vitser,b3a18b234b3b8e3d,7,613,0.9768050499554939,0.46267532989461513
no.vitser,b4fea29df3fb9779,5,268,0.9697278937783596,0.06604256583200084
no.vitser,b899a6a1f1e4cf4b,38,1220,0.9413389266370731,0.15665523233194822
no.vitser,bfda202cac9ee786,13,613,0.8016789588849905,0.36506017335443813
no.vitser,c783962eeb5b7f9f,13,813,0.9704933374011006,0.34245196279932816
no.vitser,d47d13ebd5659507,10,594,0.9796152247726173,0.25267734042208023
no.vitser,ddfe5c846540ec27,2,191,0.973767603487944,0.24056018941879434
no.vitser,e1d3a1708f3a0e71,2,190,0.98437837955013,0.3257829431550227
no.vitser,f9fa1cd6724ab3b9,8,564,0.9504079171215388,0.15638469386684112
no.vitser,fee088e5bf846972,7,582,0.9589078992901421,0.35496367187080696
no.vitser,fefe8322880f1c2e,9,457,0.9709123288021275,0.3170215094774416
no.vr,022cb9bd835cabd0,4,225,0.9764612270990697,0.22260874795476207
no.vr,03750f364cd2dc4d,13,747,0.9815432870771822,0.3180992122763425
no.vr,04820eb52374fa15,1,709,0.9967366373718927,0.14062957702946347
no.vr,066e86ec780abd6d,3,707,0.9890101292768702,0.2830490736051988
no.vr,12ddd437475a0b9d,4,351,0.9828536744547517,0.22179168152949347
no.vr,1a8ac6032b37f123,4,525,0.9872788506908092,0.24381080548561718
no.vr,222d14473a4f3c35,6,209,0.9761437911932548,0.05714339988976374
no.vr,32a39e474488068f,22,1373,0.9898813752791776,0.30127109502106836
no.vr,35f0e7df9340ac69,1,381,0.9946320589926254,0.36017477419871885
no.vr,46a7d579249dfdc4,13,884,0.9898824926402009,0.28915248633691215
no.vr,5688696c825eedc7,5,383,0.986862609475999,0.17811671115393185
no.vr,61261681fbbe0531,12,2969,0.9901627639731719,0.24392731959407343
no.vr,666e635e7cc03aba,13,743,0.9661910094299516,0.2818741031458939
no.vr,6683561b441f4536,2,98,0.9669102821038364,0.28076632959494396
no.vr,6850b0f1489d9007,1,1947,0.9986035314108354,0.32975914828234076
no.vr,695b00c074018906,2,1145,0.9952009944220275,0.2103670619912779
no.vr,7064c1a8ebc326fd,3,398,0.9854008233280811,0.3463771926434521
no.vr,81be02f69ddb2cd5,14,796,0.9850442788812951,0.22717989827939575
no.vr,88c87cf08f06ae67,53,2900,0.9765195962000124,-0.032950484364427705
no.vr,8c633b17bab40336,11,183,0.9029280218981163,0.09082477886826337
no.vr,8e1dd140e24e249c,1,366,0.9936229271386425,0.28951153040061267
no.vr,9292f3004d783cd5,11,395,0.9635819390068756,0.15692188657865713
no.vr,95be8141d4360e8e,30,1930,0.9643039335748421,0.06541349078415214
no.vr,9bc0683e5a2b2717,1,95,0.9763963756708361,0.2421950559535175
no.vr,a3c306e2fb59808c,30,3498,0.9943834616180213,0.2552429468120079
no.vr,b26ae74517435cb3,2,340,0.9785270421561472,0.2750172983012881
no.vr,bbee922150f453ba,10,316,0.9601759870487665,0.434087451887243
no.vr,be603c80b004c398,1,120,0.994556921676574,0.4287641479452983
no.vr,c8304da67ee47f19,2,506,0.9910272360704991,0.3446696927059878
no.vr,d13319d8e25ad34b,3,87,0.8781905709193575,0.258313691982752
no.vr,d2f0b15c2198d58e,27,1342,0.9859685130071717,0.34196938209888944
no.vr,d533ee9afe31fa2c,12,573,0.9644437648164493,0.37552306338768227
no.vr,d7e55b45773f3b9f,18,1107,0.9851367837480046,0.25224361819200397
no.vr,d7ecd756e14f174c,23,2385,0.98996805298074,0.13015830604703774
no.vr,e50dc2d60460c9a9,1,209,0.990824158918453,0.23491411139552984
no.vr,e6e4e37138c13618,4,532,0.9922634761218938,0.1926713609818195
no.vr,ebde07a2d0c51ec9,7,552,0.9907174861344197,0.12208438677257036
no.vr,ed04477a04255db6,3,437,0.9876674112631078,0.2844423692620024
no.vr,f5b53037d02f5d19,4,585,0.9815376074476433,0.27205226825433276
no.vr,f8e78150a6dd631e,2,394,0.9900027929876399,0.20167143085398453
no.vr,feb07dc4e0cfaeda,47,2107,0.9725728272745332,0.19811093494464793
no.vr,ffe58718acda014e,10,1068,0.9890025802596298,0.19645886960862385
no.www,01193a95ca615ee4,22,1320,0.9546097254281605,0.3199513645833681
no.www,09ade69fa59daa1f,15,1011,0.9799406214475824,0.0872275329861915
no.www,19bc546c464276a7,5,750,0.9918171070495755,0.21243796896283423
no.www,1a1d54e582785135,15,557,0.9331851811950475,0.23178490804726443
no.www,2039517efbc7631d,5,808,0.9745899131768858,0.4990122025074714
no.www,2af5bbc1a39c6848,23,1415,0.9820921254624679,0.2904668199504204
no.www,3ad5bf726123cd9e,8,688,0.9873005830809582,0.3530022196643724
no.www,4595f6d2c4ba316b,16,508,0.9509954962830498,0.28498635595817456
no.www,5474ffdcca7f06c4,6,612,0.9781475109031811,0.25484135893803384
no.www,5f589e6c32a5c9c9,36,2244,0.9579406633166466,0.27251367954827915
no.www,69390d1064fda061,6,591,0.9690120321440996,0.38850429746148585
no.www,6ee93ca07d642893,3,576,0.9770534449428812,0.2371259519788289
no.www,6ef9b9892ca94daa,13,469,0.9579469178837,0.29880233236875187
no.www,71ec87044cd21fa5,3,532,0.9931449541661995,0.07046093436214236
no.www,7dc48fc94ff2a378,10,396,0.9754209082369936,0.2943728541092713
no.www,7ff85a36d41f1364,7,250,0.8740713716512213,0.12078365335067963
no.www,81d4127acffb13cd,6,1169,0.977703611184413,0.15522361114460112
no.www,85a918e70b59360a,67,2620,0.9745618003329748,0.19000352337664372
no.www,9f905b1c5775cad7,13,644,0.9843750495503713,0.23751300283528726
no.www,a5055fd3b88325f1,16,563,0.9453861772274742,0.35503699357738916
no.www,a5b1f5b1ef590cca,9,689,0.9757541799307639,0.32551432625568494
no.www,a84cda8de0603a1a,11,504,0.9746913602784426,0.28244720518600525
no.www,aebeaac9c8b24b85,26,1557,0.9858152064921909,0.20329094916843177
no.www,afde400aeef3b386,6,388,0.9837970109373055,0.1473017078829766
no.www,b0dbeee829c8e242,18,1834,0.9747167674813042,0.25029912016270117
no.www,b67cfdaf76d66054,13,843,0.9760001459248143,0.18585815920002574
no.www,bf565ab8eaac3e02,1,171,0.9576840325402771,0.321150835848028
no.www,c0b6a460218cabf9,1,471,0.9954055382951208,0.27663948241030056
no.www,c2c9bc1f92664323,6,684,0.987701283719029,0.249920149604092
no.www,ce7665fddf769491,21,980,0.9655566413256303,0.3754757497492994
no.www,d766c3a37725eb35,10,644,0.9677370460897385,0.2919134463082308
no.www,df1e0c3b9fb2ab31,12,906,0.9890085060014004,0.15676279802926238
no.www,df4d0f9d53fd55ab,3,455,0.9780194606679448,0.2669031363436308
no.www,e2c48cc7a0540336,4,405,0.9886327790015828,0.1270332004143819
no.www,e4f217206cc01f06,15,914,0.9754048088758659,0.3404991812146659
no.www,eae9841e24c35bde,14,562,0.9272477276673459,0.20342167332610886
no.www,eb0898f25512bd9e,2,515,0.9971114000030536,0.17278087523065544
no.www,f4cc1fd835692bac,5,591,0.9783426470608094,0.3353208233113298
no.www,f62bdc205902401c,7,442,0.9764683348564094,0.3173674436095129
no.www,f6942b9b2cb1dba8,3,315,0.994694168320947,0.21209153924105514
no.www,f8e0d432af5f4adc,5,223,0.9544056980731072,0.20099358977057788
no.www,ff219660c76008d8,29,1644,0.9844838608474569,0.05462509107802461
no.x,04a774b333e966b7,1,628,0.9970147837603813,0.12503773073854513
no.x,086c35b69b2db582,1,2608,0.9883284411848695,0.1512435634149845
no.x,198052d5f71e2201,1,539,0.9979220583122302,0.02290126518667544
no.x,1e998fa6e181d20f,1,313,0.9963369168723667,0.22448240165374456
no.x,28415175a534c809,5,440,0.9877890584225403,0.22961918793851507
no.x,2cf654c90b63bd06,7,281,0.9697439818246382,0.3303791881180958
no.x,2e30210f861a3d14,1,153,0.9695591520332248,0.25306032338772994
no.x,2e63403eae4ba091,8,610,0.9893278290828111,0.09362934831077789
no.x,33b5852441945bff,1,205,0.9852147547797819,0.30616125477182726
no.x,3adc30be7fa74c66,17,724,0.9448978826215952,0.12657129093461025
no.x,3c760d593276858f,2,252,0.9660174299576548,0.20090588139306317
no.x,46d478c2e3509e8e,8,1196,0.99323390289962,0.10507200925613046
no.x,50b52da892088219,1,305,0.9955903793586947,0.16903051886845918
no.x,533a3c5677477d58,10,604,0.9519441615062385,0.1431341053427963
no.x,5351720514721b15,2,168,0.9861574364109662,0.1810941949424098
no.x,643f1367de199af1,1,539,0.9979220583122302,0.06428878864249603
no.x,68c2f5adf84a0434,10,526,0.984499165092398,0.38560823821100393
no.x,69264a3b7ac4767d,7,732,0.9847207030612675,0.22234452294072504
no.x,6b9ce618f0e50cd3,6,284,0.9407153444827449,0.31943361449337115
no.x,6f228d50ebb3c8d6,14,950,0.9691427753646045,0.3584129402884545
no.x,70d721ee486b37e0,4,408,0.9829819139010106,0.2274487361681722
no.x,779d5c72651fed52,8,1161,0.9913527823435143,0.1030236182429227
no.x,a08db56388b06c4c,1,846,0.9970400538482561,0.3846861089437832
no.x,ab36094b463cbef8,15,529,0.9279334409534331,0.25271587998399736
no.x,ac4d3b04efe1ee91,7,699,0.988300233741022,0.22473848992367185
no.x,b032e33e9d0367b1,2,253,0.9261154329424254,0.25435825512125976
no.x,b3686526ad2a9949,6,450,0.990502572909978,0.16237287889038926
no.x,b65368e85db6c62a,1,290,0.9980127002758904,0.12797874008714616
no.x,bc05cbfd0f072278,11,566,0.9746209764893121,0.12854677126394015
no.x,bce26aa55a7533f0,8,490,0.9754825310777752,0.17127781022202462
no.x,cfeb3a216722a98f,1,163,0.9906176396063099,0.23725226408673983
no.x,d27346915a52cc77,18,1361,0.982181335574974,0.2455589699844065
no.x,d4550eb8378c4132,7,362,0.9585492607245444,0.07114611882314
no.x,d79fcd1449e4a693,3,466,0.9871538636241728,0.03459415044026122
no.x,e17dddee89e116df,5,455,0.9789384847234721,0.34261977130080395
no.x,e288c8d10334b162,8,589,0.979924284700224,0.09353079458985503
no.x,e2bd5c4f24b24aef,15,1034,0.9837770825226723,0.3650583899493304
no.x,eb2d859a1909c9a4,1,93,0.94517647400151,0.14594824737413378
no.x,ef8f99b53ec14daa,4,234,0.9605126148531327,0.2315455716160437
no.x,f1b8cd1c89153a9f,7,252,0.9585615719109428,0.019174165436943724
no.x,fa8a1cbfaf804c0e,6,323,0.96764938095804,0.2899028863967137
no.x,fd719c2be82d030b,20,1044,0.9594059504977056,0.18025074100809202
