from_newsgroup,to_newsgroup,number_of_references,references_from_newsgroup,references_out_of_newsgroup
no.alt.flame,unknown,4239,16830,5387
no.general,no.alt.diskusjoner,2534,47032,13121
no.general,unknown,2408,47032,13121
no.alt.diskusjoner,no.general,2362,10536,4821
no.alt.frustrasjoner,no.general,1488,21167,4522
no.general,no.alt.frustrasjoner,1244,47032,13121
no.norsk,no.general,1106,11325,2296
no.prat.politikk,no.general,1069,2527,1425
no.general,no.prat.politikk,1029,47032,13121
no.general,no.norsk,969,47032,13121
no.religion,no.general,933,14266,2206
no.alt.frustrasjoner,unknown,932,21167,4522
no.general,no.religion,915,47032,13121
no.religion,unknown,878,14266,2206
no.jus,no.general,783,5232,1998
no.alt.motorsykler,unknown,726,26896,1305
no.alt.frustrasjoner,no.alt.gledesutbrudd,717,21167,4522
no.general,no.jus,695,47032,13121
no.news.diverse,no.general,674,6024,2109
no.general,no.alt.flame,638,47032,13121
no.alt.flame,no.general,628,16830,5387
no.general,no.irc,620,47032,13121
no.marked.data,no.marked,617,4910,1299
no.alt.gledesutbrudd,no.alt.frustrasjoner,611,6405,1220
no.marked,no.marked.data,611,4847,1840
no.pc,unknown,610,12883,2791
no.irc,no.general,598,3970,1022
no.alt.diskusjoner,unknown,594,10536,4821
no.ms-windows,no.pc,546,4123,936
no.musikk,unknown,546,15532,1497
no.norsk,unknown,541,11325,2296
no.alt.diskusjoner,no.alt.frustrasjoner,537,10536,4821
no.pc,no.ms-windows,536,12883,2791
no.general,no.news.diverse,517,47032,13121
no.alt.frustrasjoner,no.alt.diskusjoner,512,21167,4522
no.film,unknown,400,6949,1035
no.jus,unknown,400,5232,1998
no.general,no.pc,395,47032,13121
no.pc,no.general,384,12883,2791
no.stortinget,no.alt.diskusjoner,368,1495,626
no.alt.diskusjoner,no.stortinget,357,10536,4821
no.general,no.stortinget,354,47032,13121
no.unix,no.linux,351,2325,766
no.mac,unknown,347,11681,1053
no.general,no.ef,345,47032,13121
no.pc,no.marked.data,345,12883,2791
no.news.diverse,unknown,338,6024,2109
no.alt.diskusjoner,no.irc,336,10536,4821
no.linux,no.unix,333,8833,1209
no.ef,no.alt.diskusjoner,329,866,633
no.jus,no.alt.diskusjoner,329,5232,1998
no.irc,no.alt.diskusjoner,327,3970,1022
no.stortinget,no.general,327,1495,626
no.ef,no.general,326,866,633
no.alt.diskusjoner,no.ef,325,10536,4821
no.marked.data,no.pc,321,4910,1299
no.alt.diskusjoner,no.religion,319,10536,4821
no.prat.narkotika,no.alkohol,319,1591,613
no.religion,no.alt.diskusjoner,313,14266,2206
no.alt.diskusjoner,no.jus,310,10536,4821
no.alkohol,no.prat.narkotika,305,2049,918
no.musikk,no.marked,303,15532,1497
no.org.efn.diskusjon,no.general,299,869,491
no.vitser,unknown,297,4950,665
no.biz.annonser,no.marked.data,292,746,501
no.marked.data,no.biz.annonser,285,4910,1299
no.general,no.org.efn.diskusjon,284,47032,13121
no.marked,unknown,283,4847,1840
no.biz.annonser,no.marked,276,746,501
no.marked,no.musikk,276,4847,1840
no.alt.gledesutbrudd,unknown,275,6405,1220
no.linux,unknown,274,8833,1209
no.pc,no.marked,269,12883,2791
no.marked,no.biz.annonser,267,4847,1840
no.audio,unknown,262,4947,852
no.marked,no.pc,261,4847,1840
no.alkohol,no.general,252,2049,918
no.alt.frustrasjoner,no.pc,248,21167,4522
no.general,no.marked,246,47032,13121
no.psykologi,no.alt.diskusjoner,238,1209,553
no.alt.diskusjoner,no.psykologi,233,10536,4821
no.pc,no.alt.frustrasjoner,232,12883,2791
no.general,no.alkohol,229,47032,13121
no.tele,no.general,229,3203,694
no.jus,no.irc,228,5232,1998
no.slekt,unknown,227,2669,367
no.irc,unknown,226,3970,1022
no.alt.diskusjoner,no.news.diverse,223,10536,4821
no.multimedia,no.marked,223,954,581
no.marked,no.multimedia,220,4847,1840
no.prat.politikk,no.stortinget,220,2527,1425
no.general,no.tele,218,47032,13121
no.spill,unknown,213,5773,631
no.pc,no.spill,212,12883,2791
no.alkohol,no.alt.diskusjoner,210,2049,918
no.general,no.net,209,47032,13121
no.alt.diskusjoner,no.alkohol,208,10536,4821
no.alt.mat,no.general,207,2055,461
no.irc,no.jus,204,3970,1022
no.pc,no.mac,203,12883,2791
no.marked,no.general,202,4847,1840
no.linux,no.pc,201,8833,1209
no.spill,no.pc,198,5773,631
no.news.diverse,no.alt.diskusjoner,196,6024,2109
no.general,no.mail.diverse,195,47032,13121
no.mac,no.pc,195,11681,1053
no.marked.data,unknown,195,4910,1299
no.radio-tv,no.general,195,2524,676
no.ms-windows,unknown,193,4123,936
no.audio,no.film,190,4947,852
no.alt.flame,no.alt.diskusjoner,189,16830,5387
no.audio,no.marked,188,4947,852
no.alt.frustrasjoner,no.news.diverse,187,21167,4522
no.film,no.audio,185,6949,1035
no.net,no.general,185,1110,523
no.marked,no.audio,184,4847,1840
no.telepost,no.general,183,537,316
no.pc,no.linux,182,12883,2791
no.general,no.litteratur,181,47032,13121
no.general,no.telepost,180,47032,13121
no.mail.diverse,no.general,179,1099,512
no.norsk,no.prat.politikk,179,11325,2296
no.prat.politikk,no.alt.diskusjoner,179,2527,1425
no.alt.frustrasjoner,no.norsk,175,21167,4522
no.musikk,no.general,175,15532,1497
no.news.diverse,no.alt.frustrasjoner,175,6024,2109
no.norsk,no.alt.frustrasjoner,175,11325,2296
no.general,no.multimedia,174,47032,13121
no.news.diverse,no.mac,172,6024,2109
no.sport.diverse,unknown,171,3164,378
no.bil,unknown,170,3441,496
no.mac,no.marked,167,11681,1053
no.musikk,no.audio,166,15532,1497
no.general,no.alt.mat,165,47032,13121
no.marked,no.mac,164,4847,1840
no.alt.frustrasjoner,no.vitser,163,21167,4522
no.pc,no.elektronikk,163,12883,2791
no.elektronikk,no.pc,162,1832,584
no.norsk,no.jus,162,11325,2296
no.pc,no.multimedia,162,12883,2791
no.linux,no.marked,160,8833,1209
no.tele,unknown,160,3203,694
no.bil,no.alt.motorsykler,159,3441,496
no.general,no.radio-tv,159,47032,13121
no.marked,no.marked.jobb,159,4847,1840
no.musikk.gitar,no.musikk,159,910,220
no.litteratur,no.general,158,2060,485
no.mac,no.multimedia,158,11681,1053
no.marked,no.linux,158,4847,1840
no.marked.data,no.biz.annonser.data,158,4910,1299
no.marked.jobb,no.marked,158,766,318
no.mail.diverse,no.mail.drift,157,1099,512
no.mail.drift,no.mail.diverse,157,307,207
no.alt.motorsykler,no.bil,156,26896,1305
no.film,no.general,156,6949,1035
no.jus,no.org.efn.diskusjon,156,5232,1998
no.multimedia,no.pc,156,954,581
no.general,no.skole.diverse,155,47032,13121
no.multimedia,no.general,155,954,581
no.multimedia,no.mac,155,954,581
no.audio,no.musikk,154,4947,852
no.radio-tv,unknown,154,2524,676
no.biz.annonser.data,no.marked.data,153,276,193
no.general,no.audio,153,47032,13121
no.alt.gledesutbrudd,no.general,152,6405,1220
no.alt.motorsykler,no.general,152,26896,1305
no.general,no.alt.gledesutbrudd,151,47032,13121
no.general,no.musikk,151,47032,13121
no.norsk,no.skole.diverse,150,11325,2296
no.musikk,no.musikk.gitar,149,15532,1497
no.skole.diverse,no.norsk,149,350,231
no.prat.politikk,no.skole.diverse,148,2527,1425
no.linux,no.general,147,8833,1209
no.prat.politikk,no.norsk,146,2527,1425
no.skole.diverse,no.general,146,350,231
no.alt.frustrasjoner,no.jus,145,21167,4522
no.audio,no.multimedia,145,4947,852
no.skole.diverse,no.prat.politikk,145,350,231
no.alkohol,unknown,144,2049,918
no.audio,no.general,144,4947,852
no.multimedia,no.audio,142,954,581
no.news.diverse,no.mail.diverse,142,6024,2109
no.general,no.film,139,47032,13121
no.unix,unknown,139,2325,766
no.mail.diverse,no.marked,138,1099,512
no.jus,no.alt.frustrasjoner,137,5232,1998
no.vitser,no.alt.frustrasjoner,137,4950,665
no.alt.flame,no.alt.frustrasjoner,136,16830,5387
no.linux,no.net,136,8833,1209
no.marked.data,no.mac,136,4910,1299
no.alt.diskusjoner,no.prat.seksualitet,135,10536,4821
no.alt.frustrasjoner,no.marked,135,21167,4522
no.mac,no.marked.data,135,11681,1053
no.ms-windows,no.marked.data,135,4123,936
no.norsk,no.alt.diskusjoner,135,11325,2296
no.ef,no.c,134,866,633
no.elektronikk,no.marked,134,1832,584
no.net,no.linux,134,1110,523
no.c,no.ef,131,1412,303
no.marked,no.elektronikk,130,4847,1840
no.marked,no.mail.diverse,130,4847,1840
no.general,no.alt.motorsykler,129,47032,13121
no.mac,no.linux,129,11681,1053
no.prat.seksualitet,unknown,129,2367,181
no.linux,no.mail.diverse,128,8833,1209
no.jus,no.marked,127,5232,1998
no.linux,no.mac,127,8833,1209
no.sykkel,no.alt.frustrasjoner,127,2152,284
no.alt.diskusjoner,no.marked,126,10536,4821
no.alt.diskusjoner,no.pc,126,10536,4821
no.kjemi,no.litteratur,126,830,350
no.mail.diverse,no.net,126,1099,512
no.musikk,no.multimedia,126,15532,1497
no.alt.frustrasjoner,no.alt.flame,125,21167,4522
no.mail.diverse,no.linux,125,1099,512
no.marked.data,no.ms-windows,124,4910,1299
no.general,no.c,123,47032,13121
no.net,no.mail.diverse,123,1110,523
no.stortinget,no.prat.politikk,123,1495,626
no.alt.diskusjoner,no.alt.flame,122,10536,4821
no.alt.frustrasjoner,no.sykkel,122,21167,4522
no.ms-windows,no.marked,122,4123,936
no.prat.politikk,unknown,122,2527,1425
no.kjemi,no.marked,121,830,350
no.litteratur,no.kjemi,121,2060,485
no.linux,no.multimedia,119,8833,1209
no.mail.drift,no.marked,119,307,207
no.marked,no.kjemi,119,4847,1840
no.linux,no.litteratur,118,8833,1209
no.litteratur,no.multimedia,118,2060,485
no.mac,no.mail.drift,118,11681,1053
no.mac,no.news.diverse,118,11681,1053
no.marked,no.mail.drift,118,4847,1840
no.multimedia,no.litteratur,118,954,581
no.psykologi,no.general,118,1209,553
no.kjemi,no.mail.diverse,117,830,350
no.kjemi,no.mail.drift,117,830,350
no.litteratur,no.marked,117,2060,485
no.mac,no.litteratur,117,11681,1053
no.mail.drift,no.mac,117,307,207
no.marked,no.litteratur,117,4847,1840
no.multimedia,no.linux,117,954,581
no.psykologi,no.religion,117,1209,553
no.mail.drift,no.kjemi,116,307,207
no.marked,no.ms-windows,116,4847,1840
no.multimedia,no.marked.data,116,954,581
no.litteratur,no.linux,115,2060,485
no.mac,no.mail.diverse,115,11681,1053
no.mail.diverse,no.kjemi,115,1099,512
no.prat.narkotika,no.general,115,1591,613
no.radio-tv,no.film,115,2524,676
no.alt.tegneserier,no.general,114,1182,354
no.embnet,no.c,114,178,157
no.kjemi,no.linux,114,830,350
no.linux,no.kjemi,114,8833,1209
no.litteratur,no.mac,114,2060,485
no.mail.drift,no.linux,114,307,207
no.ef,no.embnet,113,866,633
no.mail.diverse,no.mac,113,1099,512
no.audio,no.elektronikk,112,4947,852
no.c,no.embnet,112,1412,303
no.embnet,no.ef,112,178,157
no.linux,no.mail.drift,112,8833,1209
no.mac,no.kjemi,112,11681,1053
no.marked.data,no.multimedia,112,4910,1299
no.org.efn.diskusjon,no.jus,112,869,491
no.alt.gledesutbrudd,no.alt.diskusjoner,111,6405,1220
no.kjemi,no.mac,111,830,350
no.org.efn.diskusjon,no.irc,111,869,491
no.irc,no.org.efn.diskusjon,110,3970,1022
no.multimedia,no.musikk,110,954,581
no.pc,no.alt.diskusjoner,110,12883,2791
no.elektronikk,no.audio,109,1832,584
no.mail.drift,no.litteratur,109,307,207
no.litteratur,no.mail.diverse,108,2060,485
no.litteratur,no.mail.drift,108,2060,485
no.mail.diverse,no.litteratur,108,1099,512
no.mail.diverse,no.multimedia,108,1099,512
no.mail.diverse,no.news.diverse,108,1099,512
no.marked,no.jus,108,4847,1840
no.multimedia,no.mail.diverse,108,954,581
no.elektronikk,unknown,107,1832,584
no.pc,no.vitser,107,12883,2791
no.bil,no.elektronikk,106,3441,496
no.general,no.marked.jobb,105,47032,13121
no.litteratur,unknown,105,2060,485
no.religion,no.psykologi,105,14266,2206
no.spill,no.general,105,5773,631
no.spill,no.marked,105,5773,631
no.elektronikk,no.bil,104,1832,584
no.mail.drift,no.multimedia,104,307,207
no.marked,no.alt.diskusjoner,104,4847,1840
no.marked,no.net,104,4847,1840
no.net,no.marked,104,1110,523
no.general,no.radio_tv,103,47032,13121
no.multimedia,no.mail.drift,103,954,581
no.sykkel,unknown,103,2152,284
no.c,no.general,102,1412,303
no.jus,no.musikk,102,5232,1998
no.kjemi,no.multimedia,102,830,350
no.marked,no.alt.frustrasjoner,102,4847,1840
no.marked,no.spill,102,4847,1840
no.prat.narkotika,no.prat.politikk,102,1591,613
no.amiga,unknown,101,2054,166
no.general,no.prat.narkotika,101,47032,13121
no.kjemi,no.medisin,101,830,350
no.jus,no.mail.diverse,100,5232,1998
no.multimedia,no.kjemi,100,954,581
no.prat.narkotika,no.alt.diskusjoner,100,1591,613
no.test,unknown,100,1148,154
no.alt.diskusjoner,no.prat.politikk,99,10536,4821
no.general,no.spill,99,47032,13121
no.multimedia,no.marked.jobb,99,954,581
no.biz.annonser,no.biz.annonser.data,98,746,501
no.jus,no.linux,98,5232,1998
no.marked.jobb,no.multimedia,98,766,318
no.norsk,no.news.diverse,98,11325,2296
no.medisin,no.kjemi,97,880,278
no.alt.frustrasjoner,no.alt.mat,96,21167,4522
no.irc,no.havforskning,96,3970,1022
no.jus,no.norsk,96,5232,1998
no.musikk,no.mac,95,15532,1497
no.radio_tv,no.general,95,909,244
no.alt.tegneserier,unknown,94,1182,354
no.biz.annonser.data,no.biz.annonser,94,276,193
no.unix,no.general,94,2325,766
no.vitser,no.general,94,4950,665
no.alt.diskusjoner,no.multimedia,93,10536,4821
no.alt.tegneserier,no.film,93,1182,354
no.embnet,no.havforskning,93,178,157
no.general,no.psykologi,93,47032,13121
no.havforskning,no.embnet,93,243,165
no.news.diverse,no.norsk,93,6024,2109
no.c,unknown,92,1412,303
no.havforskning,no.c,92,243,165
no.havforskning,no.irc,92,243,165
no.kjemi,no.alt.diskusjoner,92,830,350
no.news.diverse,no.marked,92,6024,2109
no.prat.politikk,no.prat.narkotika,92,2527,1425
no.c,no.havforskning,91,1412,303
no.ef,no.havforskning,91,866,633
no.general,no.news.drift,91,47032,13121
no.lisp,no.general,91,373,193
no.news.diverse,no.news.drift,91,6024,2109
no.alt.frustrasjoner,no.elektronikk,90,21167,4522
no.embnet,no.film,90,178,157
no.general,no.alt.tegneserier,90,47032,13121
no.havforskning,no.ef,90,243,165
no.linux,no.jus,90,8833,1209
no.mac,no.marked.jobb,90,11681,1053
no.news.diverse,no.musikk,90,6024,2109
no.alt.diskusjoner,no.net,89,10536,4821
no.alt.diskusjoner,no.norsk,89,10536,4821
no.alt.flame,no.spill,89,16830,5387
no.alt.mat,no.alt.frustrasjoner,89,2055,461
no.alt.motorsykler,no.elektronikk,89,26896,1305
no.film,no.c,89,6949,1035
no.film,no.embnet,89,6949,1035
no.general,no.linux,89,47032,13121
no.irc,no.c,89,3970,1022
no.irc,no.embnet,89,3970,1022
no.marked.jobb,no.general,89,766,318
no.multimedia,no.net,89,954,581
no.net,no.multimedia,89,1110,523
no.vitser,no.alt.diskusjoner,89,4950,665
no.alt.diskusjoner,no.vitser,88,10536,4821
no.alt.flame,no.musikk,88,16830,5387
no.c,no.film,88,1412,303
no.ef,no.film,88,866,633
no.irc,no.film,88,3970,1022
no.mac,no.musikk,88,11681,1053
no.marked.jobb,no.mac,88,766,318
no.psykologi,unknown,88,1209,553
no.alkohol,no.stortinget,87,2049,918
no.alt.diskusjoner,no.alt.gledesutbrudd,87,10536,4821
no.film,no.irc,87,6949,1035
no.film,no.musikk,87,6949,1035
no.uninett.skole,no.general,87,404,145
no.vitser,no.pc,87,4950,665
no.embnet,no.irc,86,178,157
no.film,no.alt.tegneserier,86,6949,1035
no.film,no.ef,86,6949,1035
no.general,no.embnet,86,47032,13121
no.irc,no.ef,86,3970,1022
no.mail.diverse,no.jus,86,1099,512
no.stortinget,no.alkohol,86,1495,626
no.film,no.radio-tv,85,6949,1035
no.general,no.biz.annonser,85,47032,13121
no.general,no.uninett.skole,85,47032,13121
no.c,no.irc,84,1412,303
no.ef,no.irc,84,866,633
no.film,no.havforskning,84,6949,1035
no.havforskning,no.film,84,243,165
no.jus,no.kjemi,84,5232,1998
no.film,no.marked,83,6949,1035
no.musikk,no.film,83,15532,1497
no.musikk,no.jus,83,15532,1497
no.news.diverse,no.sport.diverse,83,6024,2109
no.alt.frustrasjoner,no.net,82,21167,4522
no.jus,no.net,82,5232,1998
no.marked,no.film,82,4847,1840
no.marked.jobb,no.mail.diverse,82,766,318
no.multimedia,no.alt.diskusjoner,82,954,581
no.kjemi,no.jus,81,830,350
no.mac,no.net,81,11681,1053
no.mail.diverse,no.marked.jobb,81,1099,512
no.marked.jobb,no.litteratur,81,766,318
no.news.diverse,no.pc,81,6024,2109
no.alt.config,no.news.diverse,80,451,283
no.alt.mat,unknown,80,2055,461
no.linux,no.marked.jobb,80,8833,1209
no.litteratur,no.marked.jobb,80,2060,485
no.mail.drift,no.marked.jobb,80,307,207
no.marked.jobb,no.mail.drift,80,766,318
no.net,no.alt.diskusjoner,80,1110,523
no.news.diverse,no.www,80,6024,2109
no.tele,no.alt.diskusjoner,80,3203,694
no.jus,no.litteratur,79,5232,1998
no.kjemi,no.havforskning,79,830,350
no.mail.diverse,unknown,79,1099,512
no.ms-windows,no.multimedia,79,4123,936
no.musikk,no.linux,79,15532,1497
no.net,no.mac,79,1110,523
no.news.diverse,no.alt.config,79,6024,2109
no.news.drift,no.general,79,345,185
no.norsk,no.litteratur,79,11325,2296
no.prat.narkotika,unknown,79,1591,613
no.unix,no.pc,79,2325,766
no.elektronikk,no.alt.motorsykler,78,1832,584
no.kjemi,no.marked.jobb,78,830,350
no.linux,no.irc,78,8833,1209
no.mac,no.general,78,11681,1053
no.mail.drift,no.net,78,307,207
no.marked.jobb,no.linux,78,766,318
no.net,no.jus,78,1110,523
no.net,no.mail.drift,78,1110,523
no.pc,no.net,78,12883,2791
no.alt.diskusjoner,no.kjemi,77,10536,4821
no.alt.gledesutbrudd,no.alt.mat,77,6405,1220
no.havforskning,no.kjemi,77,243,165
no.musikk,no.marked.data,77,15532,1497
no.alt.mat,no.alt.diskusjoner,76,2055,461
no.alt.motorsykler,no.alt.diskusjoner,76,26896,1305
no.general,no.elektronikk,76,47032,13121
no.jus,no.pc,76,5232,1998
no.alt.config,no.alt.frustrasjoner,75,451,283
no.alt.diskusjoner,no.elektronikk,75,10536,4821
no.audio,no.c,75,4947,852
no.general,no.www,75,47032,13121
no.jus,no.mail.drift,75,5232,1998
no.linux,no.musikk,75,8833,1209
no.litteratur,no.film,75,2060,485
no.marked.jobb,no.kjemi,75,766,318
no.marked.jobb,no.marked.data,75,766,318
no.multimedia,no.ms-windows,75,954,581
no.musikk,no.news.diverse,75,15532,1497
no.norsk,no.marked,75,11325,2296
no.norsk,no.stortinget,75,11325,2296
no.alt.config,no.general,74,451,283
no.alt.tegneserier,no.c,74,1182,354
no.audio,no.ef,74,4947,852
no.bil,no.marked,74,3441,496
no.c,no.audio,74,1412,303
no.ef,no.audio,74,866,633
no.elektronikk,no.alt.frustrasjoner,74,1832,584
no.general,no.kjemi,74,47032,13121
no.irc,no.linux,74,3970,1022
no.litteratur,no.jus,74,2060,485
no.litteratur,no.norsk,74,2060,485
no.marked.data,no.marked.jobb,74,4910,1299
no.marked.data,no.musikk,74,4910,1299
no.news.diverse,no.jus,74,6024,2109
no.news.diverse,no.kjemi,74,6024,2109
no.news.diverse,no.net,74,6024,2109
no.news.diverse,no.telepost,74,6024,2109
no.alt.mat,no.alt.gledesutbrudd,73,2055,461
no.alt.tegneserier,no.ef,73,1182,354
no.alt.tegneserier,no.embnet,73,1182,354
no.jus,no.mac,73,5232,1998
no.news.diverse,no.linux,73,6024,2109
no.spill,no.multimedia,73,5773,631
no.alt.frustrasjoner,no.alt.config,72,21167,4522
no.audio,no.marked.data,72,4947,852
no.c,no.alt.tegneserier,72,1412,303
no.ef,no.alt.tegneserier,72,866,633
no.general,no.havforskning,72,47032,13121
no.irc,no.marked,72,3970,1022
no.marked,no.vitser,72,4847,1840
no.news.drift,no.net,72,345,185
no.alt.frustrasjoner,no.alt.motorsykler,71,21167,4522
no.audio,no.embnet,71,4947,852
no.biz.nettilbydere,no.tele,71,479,145
no.elektronikk,no.general,71,1832,584
no.embnet,no.alt.tegneserier,71,178,157
no.general,no.sport.diverse,71,47032,13121
no.it.emacs,no.general,71,708,143
no.kjemi,no.net,71,830,350
no.medisin,no.alt.diskusjoner,71,880,278
no.multimedia,no.spill,71,954,581
no.norsk,no.pc,71,11325,2296
no.prat.politikk,no.religion,71,2527,1425
no.telepost,no.news.diverse,71,537,316
no.embnet,no.audio,70,178,157
no.general,no.mac,70,47032,13121
no.mac,no.jus,70,11681,1053
no.net,no.news.drift,70,1110,523
no.alt.tegneserier,no.audio,69,1182,354
no.audio,no.alt.tegneserier,69,4947,852
no.ef,unknown,69,866,633
no.elektronikk,no.alt.diskusjoner,69,1832,584
no.general,no.marked.data,69,47032,13121
no.jus,no.religion,69,5232,1998
no.net,no.kjemi,69,1110,523
no.net,no.pc,69,1110,523
no.www,unknown,69,2032,312
no.alt.diskusjoner,no.alt.motorsykler,68,10536,4821
no.alt.frustrasjoner,no.alkohol,68,21167,4522
no.embnet,no.general,68,178,157
no.jus,no.havforskning,68,5232,1998
no.mail.drift,no.jus,68,307,207
no.musikk,no.litteratur,68,15532,1497
no.news.drift,no.news.diverse,68,345,185
no.pc,no.jus,68,12883,2791
no.spill,no.ms-windows,68,5773,631
no.alt.diskusjoner,no.audio,67,10536,4821
no.audio,no.alt.diskusjoner,67,4947,852
no.film,no.litteratur,67,6949,1035
no.litteratur,no.musikk,67,2060,485
no.marked,no.bil,67,4847,1840
no.marked.data,no.audio,67,4910,1299
no.news.diverse,no.mail.drift,67,6024,2109
no.pc,no.unix,67,12883,2791
no.tele,no.biz.nettilbydere,67,3203,694
no.video,no.audio,67,216,116
no.vitser,no.marked,67,4950,665
no.alt.config,no.alt.motorsykler,66,451,283
no.alt.diskusjoner,no.alt.config,66,10536,4821
no.alt.frustrasjoner,no.radio-tv,66,21167,4522
no.marked,no.irc,66,4847,1840
no.ms-windows,no.spill,66,4123,936
no.alt.frustrasjoner,no.linux,65,21167,4522
no.alt.motorsykler,no.marked,65,26896,1305
no.biz.annonser,no.general,65,746,501
no.havforskning,no.jus,65,243,165
no.marked,no.medisin,65,4847,1840
no.marked,no.musikk.gitar,65,4847,1840
no.marked,no.norsk,65,4847,1840
no.net,no.news.diverse,65,1110,523
no.news.diverse,no.multimedia,65,6024,2109
no.news.diverse,no.slekt,65,6024,2109
no.sport.diverse,no.general,65,3164,378
no.general,no.vitser,64,47032,13121
no.medisin,no.marked,64,880,278
no.musikk.gitar,no.marked,64,910,220
no.alt.motorsykler,no.alt.frustrasjoner,63,26896,1305
no.jus,no.multimedia,63,5232,1998
no.net,no.alt.frustrasjoner,63,1110,523
no.pc,no.mail.diverse,63,12883,2791
no.tele,no.marked,63,3203,694
no.elektronikk,no.vitser,62,1832,584
no.it.diverse,no.pc,62,330,168
no.linux,no.c,62,8833,1209
no.mac,no.irc,62,11681,1053
no.pc,no.it.diverse,62,12883,2791
no.vitser,no.elektronikk,62,4950,665
no.alkohol,no.alt.config,61,2049,918
no.alkohol,no.alt.frustrasjoner,61,2049,918
no.alt.diskusjoner,no.tele,61,10536,4821
no.alt.god.jul,no.ef,61,399,231
no.alt.motorsykler,no.alt.gledesutbrudd,61,26896,1305
no.general,no.lisp,61,47032,13121
no.litteratur,no.net,61,2060,485
no.musikk,no.mail.diverse,61,15532,1497
no.musikk,no.mail.drift,61,15532,1497
no.net,no.litteratur,61,1110,523
no.religion,no.prat.politikk,61,14266,2206
no.sport.fotball,unknown,61,1348,75
no.alt.frustrasjoner,no.musikk,60,21167,4522
no.biz.annonser,no.pc,60,746,501
no.ef,no.alt.god.jul,60,866,633
no.elektronikk,no.multimedia,60,1832,584
no.jus,no.news.diverse,60,5232,1998
no.mac,no.ef,60,11681,1053
no.net,no.c,60,1110,523
no.net,no.ef,60,1110,523
no.net,no.norsk,60,1110,523
no.pc,no.biz.annonser,60,12883,2791
no.slekt,no.news.diverse,60,2669,367
no.tegnsett,no.general,60,313,139
no.ef,no.mac,59,866,633
no.irc,no.kjemi,59,3970,1022
no.irc,no.mac,59,3970,1022
no.jus,no.ef,59,5232,1998
no.jus,no.marked.data,59,5232,1998
no.linux,no.medisin,59,8833,1209
no.marked,no.biz.annonser.data,59,4847,1840
no.marked.jobb,unknown,59,766,318
no.medisin,no.litteratur,59,880,278
no.medisin,no.multimedia,59,880,278
no.multimedia,no.jus,59,954,581
no.multimedia,no.medisin,59,954,581
no.musikk,no.kjemi,59,15532,1497
no.norsk,no.linux,59,11325,2296
no.norsk,no.musikk,59,11325,2296
no.org.efn.diskusjon,unknown,59,869,491
no.alt.diskusjoner,no.medisin,58,10536,4821
no.alt.god.jul,no.multimedia,58,399,231
no.alt.tegneserier,no.havforskning,58,1182,354
no.biz.annonser.data,no.marked,58,276,193
no.litteratur,no.medisin,58,2060,485
no.mail.diverse,no.pc,58,1099,512
no.pc,no.news.diverse,58,12883,2791
no.radio-tv,no.alt.god.jul,58,2524,676
no.sport.diverse,no.news.diverse,58,3164,378
no.tele,no.pc,58,3203,694
no.alt.config,no.alkohol,57,451,283
no.c,no.net,57,1412,303
no.ef,no.jus,57,866,633
no.ef,no.multimedia,57,866,633
no.ef,no.net,57,866,633
no.irc,no.musikk,57,3970,1022
no.kjemi,no.general,57,830,350
no.medisin,no.linux,57,880,278
no.multimedia,no.elektronikk,57,954,581
no.musikk,no.net,57,15532,1497
no.net,no.musikk.gitar,57,1110,523
no.alt.diskusjoner,no.alt.mat,56,10536,4821
no.alt.flame,no.news.diverse,56,16830,5387
no.alt.flame,no.pc,56,16830,5387
no.alt.gledesutbrudd,no.alt.motorsykler,56,6405,1220
no.havforskning,no.alt.tegneserier,56,243,165
no.jus,no.embnet,56,5232,1998
no.jus,no.musikk.gitar,56,5232,1998
no.kjemi,no.musikk.gitar,56,830,350
no.litteratur,no.alt.diskusjoner,56,2060,485
no.marked.data,no.general,56,4910,1299
no.multimedia,no.musikk.gitar,56,954,581
no.musikk.gitar,no.net,56,910,220
no.net,no.musikk,56,1110,523
no.norsk,no.net,56,11325,2296
no.radio-tv,no.alt.frustrasjoner,56,2524,676
no.radio_tv,unknown,56,909,244
no.video,no.film,56,216,116
no.www,no.ms-windows,56,2032,312
no.alt.config,no.alt.diskusjoner,55,451,283
no.alt.diskusjoner,no.litteratur,55,10536,4821
no.alt.irc-treff,unknown,55,687,171
no.c,no.linux,55,1412,303
no.jus,no.c,55,5232,1998
no.kjemi,no.irc,55,830,350
no.kjemi,no.musikk,55,830,350
no.linux,no.marked.data,55,8833,1209
no.mac,no.musikk.gitar,55,11681,1053
no.multimedia,no.alt.god.jul,55,954,581
no.musikk.gitar,no.multimedia,55,910,220
no.alt.god.jul,no.mac,54,399,231
no.audio,no.havforskning,54,4947,852
no.audio,no.mac,54,4947,852
no.irc,no.audio,54,3970,1022
no.irc,no.litteratur,54,3970,1022
no.linux,no.musikk.gitar,54,8833,1209
no.linux,no.norsk,54,8833,1209
no.litteratur,no.musikk.gitar,54,2060,485
no.mac,no.alt.god.jul,54,11681,1053
no.mail.diverse,no.musikk.gitar,54,1099,512
no.mail.drift,no.musikk.gitar,54,307,207
no.mswindow,no.pc,54,362,78
no.multimedia,no.ef,54,954,581
no.musikk,no.irc,54,15532,1497
no.net,unknown,54,1110,523
no.tele,no.alt.frustrasjoner,54,3203,694
no.ai,no.psykologi,53,158,118
no.alt.frustrasjoner,no.mail.diverse,53,21167,4522
no.c,no.jus,53,1412,303
no.embnet,no.jus,53,178,157
no.general,no.ai,53,47032,13121
no.general,no.bil,53,47032,13121
no.havforskning,no.general,53,243,165
no.havforskning,no.linux,53,243,165
no.irc,no.mail.diverse,53,3970,1022
no.lisp,no.perl,53,373,193
no.mail.diverse,no.musikk,53,1099,512
no.mail.drift,no.musikk,53,307,207
no.marked,no.alt.motorsykler,53,4847,1840
no.marked.data,no.jus,53,4910,1299
no.marked.data,no.linux,53,4910,1299
no.multimedia,unknown,53,954,581
no.musikk.gitar,no.jus,53,910,220
no.musikk.gitar,no.kjemi,53,910,220
no.musikk.gitar,no.linux,53,910,220
no.musikk.gitar,no.litteratur,53,910,220
no.musikk.gitar,no.mac,53,910,220
no.musikk.gitar,no.mail.diverse,53,910,220
no.musikk.gitar,no.mail.drift,53,910,220
no.psykologi,no.ai,53,1209,553
no.radio_tv,no.multimedia,53,909,244
no.alt.flame,no.net,52,16830,5387
no.alt.frustrasjoner,no.irc,52,21167,4522
no.alt.frustrasjoner,no.radio_tv,52,21167,4522
no.alt.katter,no.alt.motorsykler,52,1001,143
no.alt.mat.drikke,no.alt.mat,52,467,164
no.alt.tegneserier,no.marked,52,1182,354
no.audio,no.irc,52,4947,852
no.audio,no.video,52,4947,852
no.jus,no.audio,52,5232,1998
no.jus,no.bil,52,5232,1998
no.linux,no.havforskning,52,8833,1209
no.mac,no.audio,52,11681,1053
no.mac,no.havforskning,52,11681,1053
no.pc,no.mswindow,52,12883,2791
no.www,no.pc,52,2032,312
no.alt.flame,no.alt.gledesutbrudd,51,16830,5387
no.alt.irc-treff,no.alt.irctreff,51,687,171
no.alt.mat,no.alt.mat.drikke,51,2055,461
no.audio,no.jus,51,4947,852
no.film,no.marked.data,51,6949,1035
no.havforskning,no.audio,51,243,165
no.havforskning,no.litteratur,51,243,165
no.havforskning,no.mac,51,243,165
no.irc,no.mail.drift,51,3970,1022
no.irc,no.net,51,3970,1022
no.marked.jobb,no.medisin,51,766,318
no.multimedia,no.radio_tv,51,954,581
no.radio-tv,no.elektronikk,51,2524,676
no.www,no.general,51,2032,312
no.alt.diskusjoner,no.mail.diverse,50,10536,4821
no.alt.tegneserier,no.norsk,50,1182,354
no.bil,no.jus,50,3441,496
no.havforskning,no.marked,50,243,165
no.irc,no.alt.tegneserier,50,3970,1022
no.jus,no.alt.tegneserier,50,5232,1998
no.linux,no.alt.frustrasjoner,50,8833,1209
no.linux,no.ef,50,8833,1209
no.litteratur,no.havforskning,50,2060,485
no.marked,no.alt.tegneserier,50,4847,1840
no.multimedia,no.norsk,50,954,581
no.net,no.irc,50,1110,523
no.news.diverse,no.litteratur,50,6024,2109
no.norsk,no.irc,50,11325,2296
no.pc,no.biz.annonser.data,50,12883,2791
no.ai,no.general,49,158,118
no.alt.diskusjoner,no.alt.arkiv,49,10536,4821
no.alt.flame,no.vitser,49,16830,5387
no.alt.gledesutbrudd,no.musikk,49,6405,1220
no.alt.tegneserier,no.jus,49,1182,354
no.elektronikk,no.mac,49,1832,584
no.film,no.alt.gledesutbrudd,49,6949,1035
no.havforskning,no.mail.diverse,49,243,165
no.havforskning,no.mail.drift,49,243,165
no.jus,no.elektronikk,49,5232,1998
no.jus,no.news.drift,49,5232,1998
no.marked,no.havforskning,49,4847,1840
no.news.drift,no.mail.diverse,49,345,185
no.norsk,no.multimedia,49,11325,2296
no.pc,no.norsk,49,12883,2791
no.tele,no.telepost,49,3203,694
no.alkohol,no.marked,48,2049,918
no.alt.config,no.alt.gledesutbrudd,48,451,283
no.audio,no.mail.diverse,48,4947,852
no.biz.annonser.data,no.pc,48,276,193
no.biz.nettilbydere,no.general,48,479,145
no.elektronikk,no.jus,48,1832,584
no.general,no.mail.drift,48,47032,13121
no.general,no.unix,48,47032,13121
no.jus,no.film,48,5232,1998
no.jus,no.marked.jobb,48,5232,1998
no.litteratur,no.irc,48,2060,485
no.mac,no.elektronikk,48,11681,1053
no.mail.diverse,no.havforskning,48,1099,512
no.mail.diverse,no.news.drift,48,1099,512
no.mail.drift,no.havforskning,48,307,207
no.medisin,no.mail.diverse,48,880,278
no.ms-windows,no.www,48,4123,936
no.news.diverse,no.alt.flame,48,6024,2109
no.news.diverse,no.marked.jobb,48,6024,2109
no.news.diverse,no.musikk.gitar,48,6024,2109
no.news.drift,no.jus,48,345,185
no.pc,no.musikk,48,12883,2791
no.alt.diskusjoner,no.alt.pompelog,47,10536,4821
no.alt.pompel-og-pilt,no.alt.radio-tv.irma-1000,47,215,83
no.alt.pompelog,no.alt.diskusjoner,47,182,83
no.alt.tegneserier,no.irc,47,1182,354
no.alt.tegneserier,no.litteratur,47,1182,354
no.audio,no.kjemi,47,4947,852
no.bil,no.general,47,3441,496
no.c,no.marked,47,1412,303
no.jus,no.tele,47,5232,1998
no.mail.diverse,no.c,47,1099,512
no.mail.diverse,no.irc,47,1099,512
no.marked.data,no.film,47,4910,1299
no.medisin,no.marked.jobb,47,880,278
no.musikk,no.alt.gledesutbrudd,47,15532,1497
no.net,no.havforskning,47,1110,523
no.pc,no.www,47,12883,2791
no.stortinget,unknown,47,1495,626
no.alt.arkiv,no.alt.diskusjoner,46,74,67
no.alt.god.jul,no.general,46,399,231
no.alt.radio-tv.irma-1000,no.mail.diverse,46,108,76
no.audio,no.linux,46,4947,852
no.audio,no.litteratur,46,4947,852
no.audio,no.marked.jobb,46,4947,852
no.c,no.kjemi,46,1412,303
no.c,no.litteratur,46,1412,303
no.c,no.mac,46,1412,303
no.irc,no.multimedia,46,3970,1022
no.kjemi,no.c,46,830,350
no.mac,no.c,46,11681,1053
no.mac,no.medisin,46,11681,1053
no.marked.data,no.spill,46,4910,1299
no.musikk,no.pc,46,15532,1497
no.musikk.gitar,no.marked.jobb,46,910,220
no.norsk,no.org.efn.diskusjon,46,11325,2296
no.telepost,no.tele,46,537,316
no.alkohol,no.alt.mat,45,2049,918
no.alt.flame,no.alt.config,45,16830,5387
no.alt.frustrasjoner,no.alt.god.jul,45,21167,4522
no.alt.radio-tv.irma-1000,no.kjemi,45,108,76
no.alt.radio-tv.irma-1000,no.mail.drift,45,108,76
no.alt.radio-tv.irma-1000,no.marked,45,108,76
no.ef,no.linux,45,866,633
no.ef,no.litteratur,45,866,633
no.embnet,no.linux,45,178,157
no.embnet,no.litteratur,45,178,157
no.film,no.video,45,6949,1035
no.general,no.musikk.gitar,45,47032,13121
no.general,no.vit.diverse,45,47032,13121
no.havforskning,no.multimedia,45,243,165
no.kjemi,no.audio,45,830,350
no.kryptografi,no.general,45,330,112
no.litteratur,no.c,45,2060,485
no.mail.drift,no.irc,45,307,207
no.mail.drift,no.medisin,45,307,207
no.marked,no.c,45,4847,1840
no.marked.jobb,no.musikk.gitar,45,766,318
no.medisin,no.mac,45,880,278
no.musikk.klassisk,no.musikk,45,133,57
no.net,no.telepost,45,1110,523
no.psykologi,no.litteratur,45,1209,553
no.spill.sjakk,unknown,45,232,63
no.telepost,no.net,45,537,316
no.alt.diskusjoner,no.news.drift,44,10536,4821
no.alt.god.jul,no.alt.flame,44,399,231
no.alt.god.jul,no.alt.tegneserier,44,399,231
no.alt.god.jul,no.audio,44,399,231
no.alt.motorsykler,no.alt.config,44,26896,1305
no.alt.motorsykler,no.alt.mat,44,26896,1305
no.audio,no.bil,44,4947,852
no.audio,no.mail.drift,44,4947,852
no.c,no.elektronikk,44,1412,303
no.c,no.mail.diverse,44,1412,303
no.c,no.mail.drift,44,1412,303
no.ef,no.kjemi,44,866,633
no.elektronikk,no.marked.data,44,1832,584
no.embnet,no.kjemi,44,178,157
no.embnet,no.mac,44,178,157
no.film,no.jus,44,6949,1035
no.general,no.alt.god.jul,44,47032,13121
no.general,no.biz.nettilbydere,44,47032,13121
no.havforskning,no.net,44,243,165
no.kjemi,no.alt.radio-tv.irma-1000,44,830,350
no.kjemi,no.ef,44,830,350
no.kjemi,no.embnet,44,830,350
no.mac,no.embnet,44,11681,1053
no.mac,no.lisp,44,11681,1053
no.mail.diverse,no.audio,44,1099,512
no.mail.diverse,no.medisin,44,1099,512
no.medisin,no.mail.drift,44,880,278
no.musikk.gitar,no.news.diverse,44,910,220
no.news.diverse,no.vitser,44,6024,2109
no.radio-tv,no.alt.tegneserier,44,2524,676
no.spill,no.marked.data,44,5773,631
no.alkohol,no.alt.gledesutbrudd,43,2049,918
no.alkohol,no.ef,43,2049,918
no.alt.arkiv,no.alt.config,43,74,67
no.alt.diskusjoner,no.radio_tv,43,10536,4821
no.alt.frustrasjoner,no.film,43,21167,4522
no.alt.god.jul,no.radio-tv,43,399,231
no.alt.mat,no.alt.motorsykler,43,2055,461
no.alt.radio-tv.irma-1000,no.alt.pompel-og-pilt,43,108,76
no.alt.tegneserier,no.alt.god.jul,43,1182,354
no.alt.tegneserier,no.mail.diverse,43,1182,354
no.audio,no.alt.god.jul,43,4947,852
no.bil,no.audio,43,3441,496
no.bil,no.film,43,3441,496
no.ef,no.mail.diverse,43,866,633
no.ef,no.mail.drift,43,866,633
no.ef,no.marked,43,866,633
no.elektronikk,no.c,43,1832,584
no.embnet,no.mail.diverse,43,178,157
no.embnet,no.mail.drift,43,178,157
no.embnet,no.marked,43,178,157
no.film,no.linux,43,6949,1035
no.film,no.mail.diverse,43,6949,1035
no.general,no.uninett.diverse,43,47032,13121
no.linux,no.embnet,43,8833,1209
no.litteratur,no.embnet,43,2060,485
no.litteratur,no.marked.data,43,2060,485
no.mail.diverse,no.alt.radio-tv.irma-1000,43,1099,512
no.mail.diverse,no.norsk,43,1099,512
no.marked.data,no.hobby.diverse,43,4910,1299
no.multimedia,no.havforskning,43,954,581
no.norsk,no.mail.diverse,43,11325,2296
no.tele,no.net,43,3203,694
no.alt.config,no.alt.arkiv,42,451,283
no.alt.diskusjoner,no.prat.narkotika,42,10536,4821
no.alt.flame,no.alt.god.jul,42,16830,5387
no.alt.frustrasjoner,no.alt.pompelog,42,21167,4522
no.alt.mat,no.alkohol,42,2055,461
no.alt.radio-tv.irma-1000,no.net,42,108,76
no.alt.tegneserier,no.kjemi,42,1182,354
no.alt.tegneserier,no.linux,42,1182,354
no.alt.tegneserier,no.mac,42,1182,354
no.alt.tegneserier,no.mail.drift,42,1182,354
no.bil,no.c,42,3441,496
no.bil,no.litteratur,42,3441,496
no.bil,no.musikk,42,3441,496
no.c,no.bil,42,1412,303
no.c,no.multimedia,42,1412,303
no.ef,no.elektronikk,42,866,633
no.film,no.bil,42,6949,1035
no.film,no.kjemi,42,6949,1035
no.film,no.mac,42,6949,1035
no.general,no.eunet.diverse,42,47032,13121
no.hobby.diverse,no.marked.data,42,159,79
no.irc,no.elektronikk,42,3970,1022
no.irc,no.marked.data,42,3970,1022
no.it.diverse,no.marked.data,42,330,168
no.kjemi,no.film,42,830,350
no.linux,no.audio,42,8833,1209
no.lisp,no.mac,42,373,193
no.litteratur,no.alt.tegneserier,42,2060,485
no.litteratur,no.audio,42,2060,485
no.litteratur,no.ef,42,2060,485
no.mac,no.film,42,11681,1053
no.mail.diverse,no.marked.data,42,1099,512
no.mail.drift,no.alt.radio-tv.irma-1000,42,307,207
no.mail.drift,no.c,42,307,207
no.mail.drift,no.news.drift,42,307,207
no.marked,no.alt.radio-tv.irma-1000,42,4847,1840
no.marked,no.news.diverse,42,4847,1840
no.marked.data,no.litteratur,42,4910,1299
no.musikk,no.marked.jobb,42,15532,1497
no.musikk,no.norsk,42,15532,1497
no.news.diverse,no.irc,42,6024,2109
no.news.drift,no.norsk,42,345,185
no.radio_tv,no.alt.diskusjoner,42,909,244
no.religion,no.jus,42,14266,2206
no.slekt.etterlysning,unknown,42,1022,82
no.spill,no.sport.diverse,42,5773,631
no.sport.diverse,no.spill,42,3164,378
no.tele,no.jus,42,3203,694
no.telepost,no.alt.diskusjoner,42,537,316
no.alt.config,no.alt.mat,41,451,283
no.alt.frustrasjoner,no.mac,41,21167,4522
no.alt.frustrasjoner,no.unix,41,21167,4522
no.alt.god.jul,no.c,41,399,231
no.alt.god.jul,no.embnet,41,399,231
no.alt.god.jul,no.marked,41,399,231
no.alt.motorsykler,no.alt.katter,41,26896,1305
no.alt.pompel-og-pilt,no.alt.tegneserier,41,215,83
no.alt.pompel-og-pilt,no.c,41,215,83
no.alt.tegneserier,no.bil,41,1182,354
no.elektronikk,no.irc,41,1832,584
no.film,no.multimedia,41,6949,1035
no.irc,no.musikk.gitar,41,3970,1022
no.it.diverse,unknown,41,330,168
no.kjemi,no.alt.tegneserier,41,830,350
no.kjemi,unknown,41,830,350
no.linux,no.film,41,8833,1209
no.linux,no.lisp,41,8833,1209
no.mac,no.alt.tegneserier,41,11681,1053
no.mail.diverse,no.embnet,41,1099,512
no.mail.diverse,no.film,41,1099,512
no.mail.drift,no.embnet,41,307,207
no.mail.drift,no.marked.data,41,307,207
no.marked,no.alkohol,41,4847,1840
no.marked,no.embnet,41,4847,1840
no.marked.data,no.elektronikk,41,4910,1299
no.marked.data,no.mail.diverse,41,4910,1299
no.marked.jobb,no.audio,41,766,318
no.net,no.alt.flame,41,1110,523
no.net,no.audio,41,1110,523
no.net,no.embnet,41,1110,523
no.net,no.tele,41,1110,523
no.psykologi,no.jus,41,1209,553
no.psykologi,no.vit.diverse,41,1209,553
no.stortinget,no.norsk,41,1495,626
no.alkohol,no.alt.arkiv,40,2049,918
no.alt.frustrasjoner,no.ai,40,21167,4522
no.alt.gledesutbrudd,no.alkohol,40,6405,1220
no.alt.gledesutbrudd,no.alt.config,40,6405,1220
no.alt.god.jul,no.litteratur,40,399,231
no.alt.god.jul,no.mail.diverse,40,399,231
no.alt.god.jul,no.net,40,399,231
no.alt.pompel-og-pilt,no.audio,40,215,83
no.alt.pompel-og-pilt,no.bil,40,215,83
no.alt.pompel-og-pilt,no.ef,40,215,83
no.alt.pompel-og-pilt,no.elektronikk,40,215,83
no.alt.pompel-og-pilt,no.embnet,40,215,83
no.alt.pompelog,no.alt.frustrasjoner,40,182,83
no.alt.pompelog,no.alt.gledesutbrudd,40,182,83
no.alt.pompelog,no.alt.mat,40,182,83
no.alt.tegneserier,no.multimedia,40,1182,354
no.audio,no.net,40,4947,852
no.bil,no.embnet,40,3441,496
no.ef,no.alkohol,40,866,633
no.ef,no.bil,40,866,633
no.elektronikk,no.ef,40,1832,584
no.elektronikk,no.film,40,1832,584
no.embnet,no.bil,40,178,157
no.embnet,no.elektronikk,40,178,157
no.film,no.mail.drift,40,6949,1035
no.general,no.alt.pompel-og-pilt,40,47032,13121
no.general,no.alt.radio-tv.irma-1000,40,47032,13121
no.havforskning,no.musikk.gitar,40,243,165
no.hobby.diverse,no.multimedia,40,159,79
no.irc,no.marked.jobb,40,3970,1022
no.jus,no.alkohol,40,5232,1998
no.kjemi,no.news.diverse,40,830,350
no.lisp,no.linux,40,373,193
no.mail.diverse,no.alt.tegneserier,40,1099,512
no.mail.diverse,no.ef,40,1099,512
no.mail.drift,no.audio,40,307,207
no.mail.drift,no.ef,40,307,207
no.marked,no.ef,40,4847,1840
no.marked.data,no.mail.drift,40,4910,1299
no.multimedia,no.irc,40,954,581
no.musikk,no.musikk.klassisk,40,15532,1497
no.net,no.alt.tegneserier,40,1110,523
no.norsk,no.mac,40,11325,2296
no.norsk,no.news.drift,40,11325,2296
no.pc,no.tele,40,12883,2791
no.slekt.etterlysning,no.slekt,40,1022,82
no.alt.diskusjoner,no.telepost,39,10536,4821
no.alt.gledesutbrudd,no.alt.pompelog,39,6405,1220
no.alt.god.jul,no.havforskning,39,399,231
no.alt.god.jul,no.jus,39,399,231
no.alt.god.jul,no.kjemi,39,399,231
no.alt.god.jul,no.linux,39,399,231
no.alt.god.jul,no.mail.drift,39,399,231
no.alt.mat,no.alt.config,39,2055,461
no.alt.pompel-og-pilt,no.havforskning,39,215,83
no.alt.tegneserier,no.marked.data,39,1182,354
no.alt.tegneserier,no.marked.jobb,39,1182,354
no.audio,no.alt.radio-tv.irma-1000,39,4947,852
no.bil,no.ef,39,3441,496
no.bil,no.irc,39,3441,496
no.bil,no.kjemi,39,3441,496
no.c,no.alt.god.jul,39,1412,303
no.elektronikk,no.embnet,39,1832,584
no.embnet,no.multimedia,39,178,157
no.film,no.elektronikk,39,6949,1035
no.film,no.marked.jobb,39,6949,1035
no.general,no.it.emacs,39,47032,13121
no.hobby.diverse,no.marked,39,159,79
no.irc,no.bil,39,3970,1022
no.linux,no.alt.tegneserier,39,8833,1209
no.linux,no.news.diverse,39,8833,1209
no.lisp,no.litteratur,39,373,193
no.lisp,no.marked,39,373,193
no.litteratur,no.bil,39,2060,485
no.litteratur,no.lisp,39,2060,485
no.mail.drift,no.alt.tegneserier,39,307,207
no.marked,no.tele,39,4847,1840
no.marked.data,no.irc,39,4910,1299
no.medisin,unknown,39,880,278
no.multimedia,no.c,39,954,581
no.multimedia,no.film,39,954,581
no.multimedia,no.hobby.diverse,39,954,581
no.musikk,no.alt.frustrasjoner,39,15532,1497
no.net,no.alt.radio-tv.irma-1000,39,1110,523
no.news.drift,no.alt.diskusjoner,39,345,185
no.pc,no.marked.jobb,39,12883,2791
no.student.nett,no.student.samfund,39,159,70
no.alkohol,no.jus,38,2049,918
no.alt.arkiv,no.alkohol,38,74,67
no.alt.config,no.alt.flame,38,451,283
no.alt.flame,no.prat.seksualitet,38,16830,5387
no.alt.flame,no.stortinget,38,16830,5387
no.alt.gledesutbrudd,no.alt.flame,38,6405,1220
no.alt.gledesutbrudd,no.film,38,6405,1220
no.alt.god.jul,no.musikk.gitar,38,399,231
no.alt.pompel-og-pilt,no.film,38,215,83
no.alt.pompel-og-pilt,no.general,38,215,83
no.alt.pompel-og-pilt,no.irc,38,215,83
no.alt.pompel-og-pilt,no.jus,38,215,83
no.alt.pompel-og-pilt,no.kjemi,38,215,83
no.alt.pompel-og-pilt,no.marked.jobb,38,215,83
no.alt.radio-tv.irma-1000,no.audio,38,108,76
no.alt.radio-tv.irma-1000,no.c,38,108,76
no.alt.tegneserier,no.elektronikk,38,1182,354
no.alt.tegneserier,no.net,38,1182,354
no.audio,no.alt.pompel-og-pilt,38,4947,852
no.audio,no.lisp,38,4947,852
no.audio,no.musikk.gitar,38,4947,852
no.bil,no.alt.tegneserier,38,3441,496
no.bil,no.linux,38,3441,496
no.bil,no.mac,38,3441,496
no.c,no.marked.jobb,38,1412,303
no.c,no.musikk.gitar,38,1412,303
no.ef,no.musikk.gitar,38,866,633
no.elektronikk,no.kjemi,38,1832,584
no.elektronikk,no.mail.diverse,38,1832,584
no.elektronikk,no.mail.drift,38,1832,584
no.embnet,no.alt.god.jul,38,178,157
no.embnet,no.eunet.diverse,38,178,157
no.embnet,no.net,38,178,157
no.eunet.diverse,no.embnet,38,89,51
no.general,no.kryptografi,38,47032,13121
no.havforskning,no.marked.data,38,243,165
no.irc,no.alt.god.jul,38,3970,1022
no.irc,no.lisp,38,3970,1022
no.it.emacs,unknown,38,708,143
no.kjemi,no.bil,38,830,350
no.kjemi,no.elektronikk,38,830,350
no.kjemi,no.marked.data,38,830,350
no.kjemi,no.norsk,38,830,350
no.kjemi,no.pc,38,830,350
no.linux,no.nuug,38,8833,1209
no.mail.diverse,no.alt.frustrasjoner,38,1099,512
no.mail.drift,no.film,38,307,207
no.marked,no.lisp,38,4847,1840
no.marked.bil,no.marked,38,204,61
no.marked.data,no.net,38,4910,1299
no.net,no.film,38,1110,523
no.net,no.marked.data,38,1110,523
no.news.drift,no.mail.drift,38,345,185
no.radio-tv,no.musikk,38,2524,676
no.radio_tv,no.alt.frustrasjoner,38,909,244
no.speider,unknown,38,749,86
no.sport.diverse,no.marked,38,3164,378
no.student.samfund,no.student.nett,38,98,54
no.telepost,no.stortinget,38,537,316
no.vit.diverse,no.kjemi,38,447,186
no.alkohol,no.ai,37,2049,918
no.alkohol,no.alt.mat.drikke,37,2049,918
no.alkohol,no.alt.motorsykler,37,2049,918
no.alt.flame,no.marked,37,16830,5387
no.alt.frustrasjoner,no.alt.radio_tv.irma1000,37,21167,4522
no.alt.frustrasjoner,no.tele,37,21167,4522
no.alt.god.jul,no.film,37,399,231
no.alt.mat,no.alt.pompelog,37,2055,461
no.alt.pompel-og-pilt,no.linux,37,215,83
no.alt.pompel-og-pilt,no.lisp,37,215,83
no.alt.pompel-og-pilt,no.litteratur,37,215,83
no.alt.pompel-og-pilt,no.mac,37,215,83
no.alt.pompel-og-pilt,no.mail.diverse,37,215,83
no.alt.pompel-og-pilt,no.mail.drift,37,215,83
no.alt.pompel-og-pilt,no.marked,37,215,83
no.alt.pompel-og-pilt,no.marked.data,37,215,83
no.alt.radio-tv.irma-1000,no.alt.tegneserier,37,108,76
no.alt.radio-tv.irma-1000,no.bil,37,108,76
no.alt.radio-tv.irma-1000,no.ef,37,108,76
no.alt.radio-tv.irma-1000,no.elektronikk,37,108,76
no.alt.radio-tv.irma-1000,no.embnet,37,108,76
no.alt.tegneserier,no.alt.pompel-og-pilt,37,1182,354
no.alt.tegneserier,no.alt.radio-tv.irma-1000,37,1182,354
no.alt.tegneserier,no.musikk.gitar,37,1182,354
no.bil,no.alt.pompel-og-pilt,37,3441,496
no.bil,no.alt.radio-tv.irma-1000,37,3441,496
no.bil,no.havforskning,37,3441,496
no.bil,no.lisp,37,3441,496
no.bil,no.marked.data,37,3441,496
no.bil,no.marked.jobb,37,3441,496
no.biz.annonser,unknown,37,746,501
no.c,no.alt.pompel-og-pilt,37,1412,303
no.c,no.alt.radio-tv.irma-1000,37,1412,303
no.c,no.lisp,37,1412,303
no.ef,no.alt.pompel-og-pilt,37,866,633
no.ef,no.alt.radio-tv.irma-1000,37,866,633
no.ef,no.lisp,37,866,633
no.elektronikk,no.linux,37,1832,584
no.elektronikk,no.litteratur,37,1832,584
no.elektronikk,no.musikk,37,1832,584
no.embnet,no.lisp,37,178,157
no.embnet,no.musikk.gitar,37,178,157
no.embnet,unknown,37,178,157
no.film,no.lisp,37,6949,1035
no.general,no.alt.config,37,47032,13121
no.havforskning,no.alt.god.jul,37,243,165
no.havforskning,no.musikk,37,243,165
no.jus,no.alt.god.jul,37,5232,1998
no.kjemi,no.alt.god.jul,37,830,350
no.lisp,no.mail.diverse,37,373,193
no.lisp,no.mail.drift,37,373,193
no.lisp,no.marked.data,37,373,193
no.mac,no.bil,37,11681,1053
no.mail.diverse,no.alt.diskusjoner,37,1099,512
no.mail.diverse,no.elektronikk,37,1099,512
no.mail.diverse,no.lisp,37,1099,512
no.mail.drift,no.lisp,37,307,207
no.mail.drift,no.news.diverse,37,307,207
no.marked,no.alt.god.jul,37,4847,1840
no.marked.jobb,no.jus,37,766,318
no.marked.jobb,no.lisp,37,766,318
no.multimedia,no.embnet,37,954,581
no.musikk.gitar,no.havforskning,37,910,220
no.news.diverse,no.psykologi,37,6024,2109
no.stortinget,no.alt.flame,37,1495,626
no.stortinget,no.telepost,37,1495,626
no.ai,no.alt.gledesutbrudd,36,158,118
no.alt.frustrasjoner,no.alt.arkiv,36,21167,4522
no.alt.frustrasjoner,no.musikk.gitar,36,21167,4522
no.alt.god.jul,no.irc,36,399,231
no.alt.katter,unknown,36,1001,143
no.alt.radio-tv.irma-1000,no.havforskning,36,108,76
no.alt.radio-tv.irma-1000,no.marked.jobb,36,108,76
no.alt.tegneserier,no.alt.motorsykler,36,1182,354
no.bil,no.mail.diverse,36,3441,496
no.bil,no.mail.drift,36,3441,496
no.biz.nettilbydere,no.www,36,479,145
no.c,no.marked.data,36,1412,303
no.ef,no.marked.jobb,36,866,633
no.ef,no.musikk,36,866,633
no.elektronikk,no.alt.pompel-og-pilt,36,1832,584
no.elektronikk,no.alt.radio-tv.irma-1000,36,1832,584
no.elektronikk,no.alt.tegneserier,36,1832,584
no.elektronikk,no.havforskning,36,1832,584
no.elektronikk,no.lisp,36,1832,584
no.elektronikk,no.marked.jobb,36,1832,584
no.elektronikk,no.radio-tv,36,1832,584
no.embnet,no.alt.pompel-og-pilt,36,178,157
no.embnet,no.alt.radio-tv.irma-1000,36,178,157
no.embnet,no.marked.jobb,36,178,157
no.havforskning,no.marked.jobb,36,243,165
no.jus,no.lisp,36,5232,1998
no.kjemi,no.lisp,36,830,350
no.linux,no.news.drift,36,8833,1209
no.lisp,no.c,36,373,193
no.lisp,no.marked.jobb,36,373,193
no.litteratur,no.alt.god.jul,36,2060,485
no.mail.diverse,no.alt.god.jul,36,1099,512
no.mail.drift,no.elektronikk,36,307,207
no.marked.data,no.havforskning,36,4910,1299
no.marked.data,no.it.diverse,36,4910,1299
no.marked.data,no.lisp,36,4910,1299
no.marked.jobb,no.film,36,766,318
no.marked.jobb,no.irc,36,766,318
no.ms-windows,no.mail.diverse,36,4123,936
no.multimedia,no.alt.tegneserier,36,954,581
no.musikk.gitar,no.irc,36,910,220
no.net,no.alt.god.jul,36,1110,523
no.radio-tv,no.jus,36,2524,676
no.uninett.diverse,no.general,36,82,53
no.vitser,no.alt.gledesutbrudd,36,4950,665
no.alt.config,no.alt.katter,35,451,283
no.alt.diskusjoner,no.havforskning,35,10536,4821
no.alt.flame,no.elektronikk,35,16830,5387
no.alt.frustrasjoner,no.alt.tegneserier,35,21167,4522
no.alt.motorsykler,no.alkohol,35,26896,1305
no.alt.motorsykler,no.alt.tegneserier,35,26896,1305
no.alt.pompel-og-pilt,no.alt.god.jul,35,215,83
no.alt.pompelog,no.c,35,182,83
no.alt.pompelog,no.ef,35,182,83
no.alt.pompelog,no.general,35,182,83
no.alt.radio-tv.irma-1000,no.film,35,108,76
no.alt.radio-tv.irma-1000,no.general,35,108,76
no.alt.radio-tv.irma-1000,no.irc,35,108,76
no.alt.radio-tv.irma-1000,no.jus,35,108,76
no.alt.radio-tv.irma-1000,no.linux,35,108,76
no.alt.radio-tv.irma-1000,no.lisp,35,108,76
no.alt.radio-tv.irma-1000,no.litteratur,35,108,76
no.alt.radio-tv.irma-1000,no.mac,35,108,76
no.alt.radio-tv.irma-1000,no.marked.data,35,108,76
no.alt.tegneserier,no.lisp,35,1182,354
no.amiga,no.pc,35,2054,166
no.bibsys,no.c,35,57,54
no.ef,no.marked.data,35,866,633
no.embnet,no.marked.data,35,178,157
no.film,no.musikk.gitar,35,6949,1035
no.film,no.net,35,6949,1035
no.havforskning,no.bil,35,243,165
no.havforskning,no.elektronikk,35,243,165
no.havforskning,no.lisp,35,243,165
no.irc,no.alt.pompel-og-pilt,35,3970,1022
no.irc,no.alt.radio-tv.irma-1000,35,3970,1022
no.linux,no.alt.god.jul,35,8833,1209
no.linux,no.bil,35,8833,1209
no.linux,no.elektronikk,35,8833,1209
no.lisp,no.embnet,35,373,193
no.lisp,no.film,35,373,193
no.lisp,no.irc,35,373,193
no.litteratur,no.elektronikk,35,2060,485
no.mac,no.norsk,35,11681,1053
no.mail.diverse,no.ms-windows,35,1099,512
no.mail.drift,no.alt.god.jul,35,307,207
no.marked,no.marked.bil,35,4847,1840
no.marked,no.sport.diverse,35,4847,1840
no.marked.data,no.alt.tegneserier,35,4910,1299
no.marked.data,no.kjemi,35,4910,1299
no.marked.jobb,no.musikk,35,766,318
no.musikk,no.bil,35,15532,1497
no.musikk,no.elektronikk,35,15532,1497
no.musikk,no.havforskning,35,15532,1497
no.nuug,no.linux,35,50,46
no.pc,no.irc,35,12883,2791
no.perl,no.lisp,35,633,117
no.psykologi,no.norsk,35,1209,553
no.slekt,no.slekt.etterlysning,35,2669,367
no.ai,no.alkohol,34,158,118
no.alkohol,no.alt.god.jul,34,2049,918
no.alt.config,no.alt.god.jul,34,451,283
no.alt.diskusjoner,no.ai,34,10536,4821
no.alt.flame,no.alt.arkiv,34,16830,5387
no.alt.frustrasjoner,no.audio,34,21167,4522
no.alt.frustrasjoner,no.c,34,21167,4522
no.alt.gledesutbrudd,no.ai,34,6405,1220
no.alt.gledesutbrudd,no.vitser,34,6405,1220
no.alt.god.jul,no.alt.config,34,399,231
no.alt.god.jul,no.marked.data,34,399,231
no.alt.mat.drikke,no.alkohol,34,467,164
no.alt.mat.drikke,no.alt.frustrasjoner,34,467,164
no.alt.mat.drikke,no.alt.motorsykler,34,467,164
no.alt.tegneserier,no.eunet.diverse,34,1182,354
no.bibsys,no.ef,34,57,54
no.bibsys,no.embnet,34,57,54
no.bibsys,no.film,34,57,54
no.c,no.eunet.diverse,34,1412,303
no.c,no.musikk,34,1412,303
no.ef,no.bibsys,34,866,633
no.ef,no.eunet.diverse,34,866,633
no.embnet,no.bibsys,34,178,157
no.eunet.diverse,no.alt.tegneserier,34,89,51
no.eunet.diverse,no.c,34,89,51
no.eunet.diverse,no.ef,34,89,51
no.film,no.alt.god.jul,34,6949,1035
no.film,no.alt.pompel-og-pilt,34,6949,1035
no.film,no.alt.radio-tv.irma-1000,34,6949,1035
no.film,no.bibsys,34,6949,1035
no.general,no.prat.seksualitet,34,47032,13121
no.havforskning,no.alt.pompel-og-pilt,34,243,165
no.havforskning,no.alt.radio-tv.irma-1000,34,243,165
no.jus,no.alt.pompel-og-pilt,34,5232,1998
no.jus,no.alt.radio-tv.irma-1000,34,5232,1998
no.kjemi,no.alt.pompel-og-pilt,34,830,350
no.lisp,no.audio,34,373,193
no.lisp,no.bil,34,373,193
no.lisp,no.ef,34,373,193
no.lisp,no.elektronikk,34,373,193
no.lisp,no.havforskning,34,373,193
no.lisp,no.jus,34,373,193
no.lisp,no.kjemi,34,373,193
no.mac,no.alt.pompel-og-pilt,34,11681,1053
no.mac,no.alt.radio-tv.irma-1000,34,11681,1053
no.marked,no.hobby.diverse,34,4847,1840
no.marked.data,no.bil,34,4910,1299
no.marked.jobb,no.c,34,766,318
no.marked.jobb,no.havforskning,34,766,318
no.marked.jobb,no.pc,34,766,318
no.multimedia,no.typografi,34,954,581
no.musikk.gitar,no.c,34,910,220
no.musikk.gitar,no.ef,34,910,220
no.musikk.gitar,no.embnet,34,910,220
no.net,no.stortinget,34,1110,523
no.news.drift,unknown,34,345,185
no.norsk,no.ef,34,11325,2296
no.pc,no.amiga,34,12883,2791
no.pc,no.audio,34,12883,2791
no.pc,no.litteratur,34,12883,2791
no.reiser,unknown,34,746,84
no.sport.diverse,no.norsk,34,3164,378
no.tele,no.elektronikk,34,3203,694
no.typografi,no.multimedia,34,164,85
no.vit.diverse,no.psykologi,34,447,186
no.ai,no.alt.config,33,158,118
no.ai,no.alt.diskusjoner,33,158,118
no.ai,no.alt.frustrasjoner,33,158,118
no.alt.arkiv,no.ai,33,74,67
no.alt.arkiv,no.alt.frustrasjoner,33,74,67
no.alt.config,no.ai,33,451,283
no.alt.diskusjoner,no.sport.diverse,33,10536,4821
no.alt.flame,no.alkohol,33,16830,5387
no.alt.frustrasjoner,no.ef,33,21167,4522
no.alt.frustrasjoner,no.marked.jobb,33,21167,4522
no.alt.gledesutbrudd,no.alt.radio_tv.irma1000,33,6405,1220
no.alt.god.jul,no.alt.pompel-og-pilt,33,399,231
no.alt.god.jul,no.alt.radio-tv.irma-1000,33,399,231
no.alt.god.jul,no.bil,33,399,231
no.alt.god.jul,no.elektronikk,33,399,231
no.alt.katter,no.general,33,1001,143
no.alt.pompel-og-pilt,no.multimedia,33,215,83
no.alt.pompel-og-pilt,no.musikk,33,215,83
no.alt.pompel-og-pilt,no.musikk.gitar,33,215,83
no.alt.pompel-og-pilt,no.net,33,215,83
no.alt.pompelog,no.alt.radio_tv.irma1000,33,182,83
no.alt.radio-tv.irma-1000,no.multimedia,33,108,76
no.audio,no.pc,33,4947,852
no.bibsys,no.havforskning,33,57,54
no.c,no.bibsys,33,1412,303
no.elektronikk,no.net,33,1832,584
no.folklore.edb,no.unix,33,123,71
no.general,no.alt.pompelog,33,47032,13121
no.havforskning,no.alt.diskusjoner,33,243,165
no.havforskning,no.bibsys,33,243,165
no.jus,no.medisin,33,5232,1998
no.jus,no.psykologi,33,5232,1998
no.lisp,no.multimedia,33,373,193
no.mail.diverse,no.bil,33,1099,512
no.mail.drift,no.bil,33,307,207
no.mail.drift,no.general,33,307,207
no.mail.drift,no.norsk,33,307,207
no.marked.data,no.c,33,4910,1299
no.marked.diskusjon,no.marked.data,33,54,49
no.marked.jobb,no.alt.tegneserier,33,766,318
no.marked.jobb,no.bil,33,766,318
no.marked.jobb,no.elektronikk,33,766,318
no.marked.jobb,no.embnet,33,766,318
no.marked.jobb,no.net,33,766,318
no.ms-windows,no.net,33,4123,936
no.multimedia,no.lisp,33,954,581
no.musikk,no.lisp,33,15532,1497
no.musikk.gitar,no.alt.god.jul,33,910,220
no.musikk.gitar,no.alt.tegneserier,33,910,220
no.musikk.gitar,no.audio,33,910,220
no.musikk.gitar,no.film,33,910,220
no.news.diverse,no.c,33,6024,2109
no.news.drift,no.mac,33,345,185
no.norsk,no.kjemi,33,11325,2296
no.norsk,no.mail.drift,33,11325,2296
no.pc,no.mail.drift,33,12883,2791
no.pc,no.nuug,33,12883,2791
no.stortinget,no.net,33,1495,626
no.telepost,no.pc,33,537,316
no.telepost,unknown,33,537,316
no.unix,no.alt.frustrasjoner,33,2325,766
no.ai,no.alt.arkiv,32,158,118
no.ai,no.alt.mat,32,158,118
no.alt.arkiv,no.alt.mat,32,74,67
no.alt.gledesutbrudd,no.alt.arkiv,32,6405,1220
no.alt.gledesutbrudd,no.alt.tegneserier,32,6405,1220
no.alt.god.jul,no.alkohol,32,399,231
no.alt.god.jul,no.lisp,32,399,231
no.alt.god.jul,no.marked.jobb,32,399,231
no.alt.god.jul,no.musikk,32,399,231
no.alt.irc-treff,no.general,32,687,171
no.alt.pompelog,no.eunet.hjelp,32,182,83
no.alt.radio-tv.irma-1000,no.alt.god.jul,32,108,76
no.alt.radio_tv.irma1000,no.alt.gledesutbrudd,32,210,59
no.bibsys,no.irc,32,57,54
no.bil,no.multimedia,32,3441,496
no.biz.nettilbydere,no.marked.data,32,479,145
no.c,no.eunet.hjelp,32,1412,303
no.ef,no.eunet.hjelp,32,866,633
no.embnet,no.musikk,32,178,157
no.eunet.hjelp,no.c,32,327,65
no.eunet.hjelp,no.ef,32,327,65
no.eunet.hjelp,no.eunet.drift,32,327,65
no.folklore.edb,no.linux,32,123,71
no.irc,no.bibsys,32,3970,1022
no.it.os.os2,unknown,32,369,38
no.linux,no.alt.pompel-og-pilt,32,8833,1209
no.linux,no.alt.radio-tv.irma-1000,32,8833,1209
no.lisp,no.alt.pompel-og-pilt,32,373,193
no.lisp,no.alt.radio-tv.irma-1000,32,373,193
no.lisp,no.alt.tegneserier,32,373,193
no.lisp,no.net,32,373,193
no.litteratur,no.alt.pompel-og-pilt,32,2060,485
no.litteratur,no.alt.radio-tv.irma-1000,32,2060,485
no.litteratur,no.pc,32,2060,485
no.mail.diverse,no.alt.pompel-og-pilt,32,1099,512
no.mail.drift,no.alt.pompel-og-pilt,32,307,207
no.marked,no.alt.pompel-og-pilt,32,4847,1840
no.marked.data,no.embnet,32,4910,1299
no.marked.jobb,no.alt.pompel-og-pilt,32,766,318
no.marked.jobb,no.alt.radio-tv.irma-1000,32,766,318
no.marked.jobb,no.ef,32,766,318
no.musikk,no.ef,32,15532,1497
no.musikk.gitar,unknown,32,910,220
no.net,no.lisp,32,1110,523
no.net,no.nuug,32,1110,523
no.norsk,no.alkohol,32,11325,2296
no.norsk,no.nuug,32,11325,2296
no.norsk,no.sport.diverse,32,11325,2296
no.pc,no.kjemi,32,12883,2791
no.pc,no.radio_tv,32,12883,2791
no.pc,no.telepost,32,12883,2791
no.psykologi,no.news.diverse,32,1209,553
no.sport.diverse,no.alt.diskusjoner,32,3164,378
no.vit.diverse,no.general,32,447,186
no.vitser,no.news.diverse,32,4950,665
no.alt.arkiv,no.alt.gledesutbrudd,31,74,67
no.alt.frustrasjoner,no.embnet,31,21167,4522
no.alt.frustrasjoner,no.sport.diverse,31,21167,4522
no.alt.god.jul,no.alt.frustrasjoner,31,399,231
no.alt.katter,no.alt.config,31,1001,143
no.alt.mat,no.ai,31,2055,461
no.alt.pompelog,no.alt.motorsykler,31,182,83
no.alt.radio-tv.irma-1000,no.musikk,31,108,76
no.alt.radio-tv.irma-1000,no.musikk.gitar,31,108,76
no.alt.radio_tv.irma1000,no.alt.frustrasjoner,31,210,59
no.alt.radio_tv.irma1000,no.alt.mat,31,210,59
no.alt.radio_tv.irma1000,no.alt.pompelog,31,210,59
no.alt.tegneserier,no.alt.frustrasjoner,31,1182,354
no.alt.tegneserier,no.alt.gledesutbrudd,31,1182,354
no.alt.tegneserier,no.musikk,31,1182,354
no.bil,no.alt.god.jul,31,3441,496
no.bil,no.musikk.gitar,31,3441,496
no.bil,no.net,31,3441,496
no.c,no.alt.pompelog,31,1412,303
no.c,no.unix,31,1412,303
no.ef,no.alt.pompelog,31,866,633
no.eunet.diverse,no.general,31,89,51
no.eunet.drift,no.eunet.hjelp,31,227,55
no.lisp,no.musikk,31,373,193
no.litteratur,no.nuug,31,2060,485
no.mac,no.nuug,31,11681,1053
no.mail.diverse,no.nuug,31,1099,512
no.mail.drift,no.nuug,31,307,207
no.mail.drift,no.pc,31,307,207
no.marked,no.nuug,31,4847,1840
no.marked.data,no.alt.pompel-og-pilt,31,4910,1299
no.marked.data,no.alt.radio-tv.irma-1000,31,4910,1299
no.marked.data,no.ef,31,4910,1299
no.ms-windows,no.mswindow,31,4123,936
no.ms-windows,no.musikk,31,4123,936
no.multimedia,no.nuug,31,954,581
no.musikk,no.c,31,15532,1497
no.musikk.gitar,no.general,31,910,220
no.musikk.gitar,no.marked.data,31,910,220
no.net,no.elektronikk,31,1110,523
no.net,no.marked.jobb,31,1110,523
no.net,no.ms-windows,31,1110,523
no.news.diverse,no.alt.gledesutbrudd,31,6024,2109
no.news.diverse,no.audio,31,6024,2109
no.news.drift,no.multimedia,31,345,185
no.norsk,no.uninett.skole,31,11325,2296
no.nuug,no.net,31,50,46
no.nuug,no.norsk,31,50,46
no.pc,no.psykologi,31,12883,2791
no.psykologi,no.pc,31,1209,553
no.radio-tv,no.multimedia,31,2524,676
no.radio_tv,no.pc,31,909,244
no.spill.rollespill,unknown,31,545,34
no.uninett.skole,no.litteratur,31,404,145
no.alt.arkiv,no.alt.flame,30,74,67
no.alt.diskusjoner,no.uninett.diverse,30,10536,4821
no.alt.frustrasjoner,no.kjemi,30,21167,4522
no.alt.frustrasjoner,no.news.drift,30,21167,4522
no.alt.mat,no.alt.arkiv,30,2055,461
no.alt.mat,no.alt.radio_tv.irma1000,30,2055,461
no.biz.annonser,no.biz.nettilbydere,30,746,501
no.biz.nettilbydere,no.marked,30,479,145
no.elektronikk,no.alt.god.jul,30,1832,584
no.elektronikk,no.musikk.gitar,30,1832,584
no.eunet.hjelp,no.alt.pompelog,30,327,65
no.general,no.eunet.hjelp,30,47032,13121
no.irc,no.pc,30,3970,1022
no.irc,no.spill,30,3970,1022
no.mail.diverse,no.psykologi,30,1099,512
no.marked.data,no.musikk.gitar,30,4910,1299
no.ms-windows,no.it.diverse,30,4123,936
no.multimedia,no.news.drift,30,954,581
no.multimedia,no.psykologi,30,954,581
no.musikk,no.alt.tegneserier,30,15532,1497
no.musikk,no.embnet,30,15532,1497
no.musikk,no.ms-windows,30,15532,1497
no.news.diverse,no.film,30,6024,2109
no.news.drift,no.musikk,30,345,185
no.norsk,no.medisin,30,11325,2296
no.nuug,no.litteratur,30,50,46
no.nuug,no.mac,30,50,46
no.nuug,no.mail.diverse,30,50,46
no.nuug,no.mail.drift,30,50,46
no.nuug,no.marked,30,50,46
no.nuug,no.multimedia,30,50,46
no.nuug,no.pc,30,50,46
no.org.efn.diskusjon,no.religion,30,869,491
no.pc,no.alt.flame,30,12883,2791
no.psykologi,no.mail.diverse,30,1209,553
no.psykologi,no.multimedia,30,1209,553
no.typografi,no.general,30,164,85
no.alt.config,no.alt.pompelog,29,451,283
no.alt.pompelog,no.alkohol,29,182,83
no.alt.pompelog,no.alt.config,29,182,83
no.alt.radio_tv.irma1000,no.alt.motorsykler,29,210,59
no.bil,no.marked.bil,29,3441,496
no.general,no.biz.diskusjoner,29,47032,13121
no.irc,no.vitser,29,3970,1022
no.kjemi,no.psykologi,29,830,350
no.litteratur,no.psykologi,29,2060,485
no.litteratur,no.uninett.skole,29,2060,485
no.mac,no.biz.annonser,29,11681,1053
no.marked.data,no.alt.god.jul,29,4910,1299
no.ms-windows,no.general,29,4123,936
no.multimedia,no.alt.radio-tv.irma-1000,29,954,581
no.multimedia,no.bil,29,954,581
no.news.drift,no.kjemi,29,345,185
no.news.drift,no.linux,29,345,185
no.news.drift,no.marked,29,345,185
no.news.drift,no.musikk.gitar,29,345,185
no.pc,no.sport.diverse,29,12883,2791
no.perl,unknown,29,633,117
no.psykologi,no.kjemi,29,1209,553
no.slekt,no.spill,29,2669,367
no.sport.diverse,no.pc,29,3164,378
no.stortinget,no.havforskning,29,1495,626
no.uninett.diverse,no.alt.diskusjoner,29,82,53
no.uninett.skole,no.norsk,29,404,145
no.unix,no.c,29,2325,766
no.vit.diverse,no.alt.diskusjoner,29,447,186
no.vit.diverse,unknown,29,447,186
no.vitser,no.irc,29,4950,665
no.alkohol,no.alt.pompelog,28,2049,918
no.alt.arkiv,no.alt.motorsykler,28,74,67
no.alt.diskusjoner,no.eunet.hjelp,28,10536,4821
no.alt.frustrasjoner,no.havforskning,28,21167,4522
no.alt.gledesutbrudd,no.news.diverse,28,6405,1220
no.alt.mat.drikke,no.alt.gledesutbrudd,28,467,164
no.alt.motorsykler,no.alt.pompelog,28,26896,1305
no.alt.motorsykler,no.alt.radio_tv.irma1000,28,26896,1305
no.alt.tegneserier,no.radio-tv,28,1182,354
no.biz.annonser,no.mac,28,746,501
no.biz.diskusjoner,no.marked.data,28,147,96
no.biz.nettilbydere,no.biz.annonser,28,479,145
no.general,no.student.nett,28,47032,13121
no.havforskning,no.stortinget,28,243,165
no.havforskning,unknown,28,243,165
no.kjemi,no.news.drift,28,830,350
no.lisp,no.alt.god.jul,28,373,193
no.lisp,no.musikk.gitar,28,373,193
no.lisp,unknown,28,373,193
no.marked,no.news.drift,28,4847,1840
no.marked.bil,no.bil,28,204,61
no.marked.bolig,no.marked,28,67,36
no.marked.jobb,no.alt.god.jul,28,766,318
no.multimedia,no.alt.pompel-og-pilt,28,954,581
no.multimedia,no.news.diverse,28,954,581
no.musikk,no.alt.god.jul,28,15532,1497
no.musikk,no.alt.pompel-og-pilt,28,15532,1497
no.musikk,no.alt.radio-tv.irma-1000,28,15532,1497
no.musikk.gitar,no.alt.pompel-og-pilt,28,910,220
no.musikk.gitar,no.alt.radio-tv.irma-1000,28,910,220
no.musikk.gitar,no.bil,28,910,220
no.musikk.gitar,no.elektronikk,28,910,220
no.musikk.gitar,no.lisp,28,910,220
no.musikk.gitar,no.news.drift,28,910,220
no.net,no.alt.pompel-og-pilt,28,1110,523
no.net,no.bil,28,1110,523
no.net,no.unix,28,1110,523
no.news.diverse,no.tele,28,6024,2109
no.news.drift,no.psykologi,28,345,185
no.norsk,no.musikk.gitar,28,11325,2296
no.norsk,no.psykologi,28,11325,2296
no.pc,no.news.drift,28,12883,2791
no.perl,no.unix,28,633,117
no.psykologi,no.mac,28,1209,553
no.www,no.biz.nettilbydere,28,2032,312
no.alt.amiga,unknown,27,294,42
no.alt.diskusjoner,no.c,27,10536,4821
no.alt.frustrasjoner,no.alt.katter,27,21167,4522
no.alt.frustrasjoner,no.lisp,27,21167,4522
no.alt.frustrasjoner,no.www,27,21167,4522
no.alt.gledesutbrudd,no.psykologi,27,6405,1220
no.alt.god.jul,no.alt.mat,27,399,231
no.alt.motorsykler,no.alt.arkiv,27,26896,1305
no.audio,no.eunet.diverse,27,4947,852
no.ef,no.norsk,27,866,633
no.eunet.diverse,no.audio,27,89,51
no.eunet.hjelp,no.alt.diskusjoner,27,327,65
no.eunet.hjelp,no.general,27,327,65
no.hobby.diverse,no.audio,27,159,79
no.it.diverse,no.biz.annonser.data,27,330,168
no.it.diverse,no.ms-windows,27,330,168
no.kjemi,no.stortinget,27,830,350
no.mac,no.news.drift,27,11681,1053
no.mac,no.psykologi,27,11681,1053
no.medisin,no.alkohol,27,880,278
no.medisin,no.jus,27,880,278
no.ms-windows,no.audio,27,4123,936
no.musikk,no.alt.flame,27,15532,1497
no.musikk.gitar,no.norsk,27,910,220
no.news.diverse,no.havforskning,27,6024,2109
no.news.diverse,no.stortinget,27,6024,2109
no.news.drift,no.alt.frustrasjoner,27,345,185
no.news.drift,no.litteratur,27,345,185
no.news.drift,no.nuug,27,345,185
no.news.drift,no.pc,27,345,185
no.org.efn.diskusjon,no.norsk,27,869,491
no.pc,no.musikk.gitar,27,12883,2791
no.psykologi,no.alt.gledesutbrudd,27,1209,553
no.psykologi,no.news.drift,27,1209,553
no.spill,no.slekt,27,5773,631
no.sport.diverse,no.alt.frustrasjoner,27,3164,378
no.stortinget,no.kjemi,27,1495,626
no.tele,no.alt.flame,27,3203,694
no.tele,no.stortinget,27,3203,694
no.unix,no.net,27,2325,766
no.alt.diskusjoner,no.alt.god.jul,26,10536,4821
no.alt.flame,no.tele,26,16830,5387
no.alt.frustrasjoner,no.prat.seksualitet,26,21167,4522
no.alt.mat,no.alt.god.jul,26,2055,461
no.biz.diskusjoner,no.c,26,147,96
no.biz.diskusjoner,no.general,26,147,96
no.bolig,no.marked,26,357,63
no.elektronikk,no.ms-windows,26,1832,584
no.general,no.alt.irc-treff,26,47032,13121
no.general,no.ms-windows,26,47032,13121
no.irc,no.news.diverse,26,3970,1022
no.irc,no.norsk,26,3970,1022
no.jus,no.nuug,26,5232,1998
no.jus,no.radio-tv,26,5232,1998
no.kjemi,no.nuug,26,830,350
no.kryptografi,no.org.efn.diskusjon,26,330,112
no.linux,no.psykologi,26,8833,1209
no.litteratur,no.news.drift,26,2060,485
no.mac,no.alt.frustrasjoner,26,11681,1053
no.mail.drift,no.psykologi,26,307,207
no.marked,no.marked.bolig,26,4847,1840
no.marked,no.psykologi,26,4847,1840
no.marked.data,no.biz.nettilbydere,26,4910,1299
no.net,no.psykologi,26,1110,523
no.news.drift,no.c,26,345,185
no.news.drift,no.ef,26,345,185
no.news.drift,no.eunet.hjelp,26,345,185
no.org.efn.diskusjon,no.kryptografi,26,869,491
no.psykologi,no.linux,26,1209,553
no.psykologi,no.mail.drift,26,1209,553
no.psykologi,no.marked,26,1209,553
no.psykologi,no.musikk.gitar,26,1209,553
no.psykologi,no.net,26,1209,553
no.psykologi,no.nuug,26,1209,553
no.spill,no.biz.annonser,26,5773,631
no.spill,no.irc,26,5773,631
no.stortinget,no.tele,26,1495,626
no.telepost,no.alt.flame,26,537,316
no.vitser,no.alt.flame,26,4950,665
no.alt.config,no.ef,25,451,283
no.alt.flame,no.telepost,25,16830,5387
no.alt.gledesutbrudd,no.alt.god.jul,25,6405,1220
no.alt.god.jul,no.alt.diskusjoner,25,399,231
no.alt.god.jul,no.alt.gledesutbrudd,25,399,231
no.alt.pompel-og-pilt,unknown,25,215,83
no.alt.pompelog,no.net,25,182,83
no.alt.pompelog,no.news.drift,25,182,83
no.alt.sjokolade,no.alt.frustrasjoner,25,307,51
no.alt.sjokolade,no.alt.gledesutbrudd,25,307,51
no.audio,no.ms-windows,25,4947,852
no.biz.annonser,no.musikk,25,746,501
no.biz.annonser,no.spill,25,746,501
no.c,no.alt.diskusjoner,25,1412,303
no.c,no.biz.diskusjoner,25,1412,303
no.c,no.news.drift,25,1412,303
no.ef,no.alt.config,25,866,633
no.ef,no.news.drift,25,866,633
no.eunet.hjelp,no.net,25,327,65
no.eunet.hjelp,no.news.drift,25,327,65
no.irc,no.alt.irc-treff,25,3970,1022
no.ms-windows,no.hobby.diverse,25,4123,936
no.ms-windows,no.typografi,25,4123,936
no.musikk.gitar,no.nuug,25,910,220
no.musikk.gitar,no.pc,25,910,220
no.net,no.eunet.hjelp,25,1110,523
no.news.diverse,no.ef,25,6024,2109
no.nuug,no.jus,25,50,46
no.nuug,no.kjemi,25,50,46
no.nuug,no.musikk.gitar,25,50,46
no.nuug,no.news.drift,25,50,46
no.nuug,no.psykologi,25,50,46
no.radio-tv,no.audio,25,2524,676
no.radio-tv,no.marked,25,2524,676
no.radio-tv,no.pc,25,2524,676
no.religion,no.org.efn.diskusjon,25,14266,2206
no.tele,no.www,25,3203,694
no.typografi,no.audio,25,164,85
no.typografi,no.hobby.diverse,25,164,85
no.typografi,no.marked,25,164,85
no.typografi,no.marked.data,25,164,85
no.typografi,no.ms-windows,25,164,85
no.typografi,no.musikk,25,164,85
no.vitser,no.norsk,25,4950,665
no.www,no.news.diverse,25,2032,312
no.x,no.general,25,212,85
no.alt.config,unknown,24,451,283
no.alt.diskusjoner,no.alt.radio_tv.irma1000,24,10536,4821
no.alt.diskusjoner,no.biz.annonser,24,10536,4821
no.alt.flame,no.alt.mat,24,16830,5387
no.alt.frustrasjoner,no.alt.sjokolade,24,21167,4522
no.alt.frustrasjoner,no.multimedia,24,21167,4522
no.alt.gledesutbrudd,no.alt.katter,24,6405,1220
no.alt.gledesutbrudd,no.linux,24,6405,1220
no.alt.gledesutbrudd,no.musikk.gitar,24,6405,1220
no.alt.katter,no.alt.mat.drikke,24,1001,143
no.alt.mat,no.film,24,2055,461
no.alt.mat.drikke,no.alt.katter,24,467,164
no.alt.mat.drikke,unknown,24,467,164
no.audio,no.hobby.diverse,24,4947,852
no.biz.diskusjoner,no.ef,24,147,96
no.biz.diskusjoner,no.pc,24,147,96
no.ef,no.biz.diskusjoner,24,866,633
no.folklore.edb,no.pc,24,123,71
no.hobby.diverse,no.musikk,24,159,79
no.mail.drift,unknown,24,307,207
no.marked,no.bolig,24,4847,1840
no.marked,no.slekt,24,4847,1840
no.marked.data,no.marked.diskusjon,24,4910,1299
no.musikk,no.biz.annonser,24,15532,1497
no.musikk,no.hobby.diverse,24,15532,1497
no.musikk.gitar,no.psykologi,24,910,220
no.net,no.biz.diskusjoner,24,1110,523
no.news.drift,no.alt.pompelog,24,345,185
no.news.drift,no.org.efn.diskusjon,24,345,185
no.norsk,no.radio-tv,24,11325,2296
no.norsk,no.vitser,24,11325,2296
no.org.efn.diskusjon,no.kjemi,24,869,491
no.org.efn.diskusjon,no.linux,24,869,491
no.org.efn.diskusjon,no.litteratur,24,869,491
no.org.efn.diskusjon,no.mac,24,869,491
no.org.efn.diskusjon,no.mail.diverse,24,869,491
no.org.efn.diskusjon,no.mail.drift,24,869,491
no.org.efn.diskusjon,no.marked,24,869,491
no.org.efn.diskusjon,no.multimedia,24,869,491
no.org.efn.diskusjon,no.net,24,869,491
no.org.efn.diskusjon,no.news.drift,24,869,491
no.org.efn.diskusjon,no.nuug,24,869,491
no.org.efn.diskusjon,no.pc,24,869,491
no.org.efn.diskusjon,no.psykologi,24,869,491
no.pc,no.org.efn.diskusjon,24,12883,2791
no.slekt,no.marked,24,2669,367
no.vitser,no.stortinget,24,4950,665
no.alkohol,no.alt.flame,23,2049,918
no.alt.flame,no.ai,23,16830,5387
no.alt.flame,no.alt.radio_tv.irma1000,23,16830,5387
no.alt.frustrasjoner,no.litteratur,23,21167,4522
no.alt.frustrasjoner,no.mail.drift,23,21167,4522
no.alt.frustrasjoner,no.religion,23,21167,4522
no.alt.gledesutbrudd,no.alt.mat.drikke,23,6405,1220
no.alt.gledesutbrudd,no.radio_tv,23,6405,1220
no.alt.god.jul,no.alt.motorsykler,23,399,231
no.alt.katter,no.alt.gledesutbrudd,23,1001,143
no.alt.mat.drikke,no.general,23,467,164
no.alt.motorsykler,no.alt.god.jul,23,26896,1305
no.audio,no.typografi,23,4947,852
no.biz.annonser,no.alt.diskusjoner,23,746,501
no.biz.annonser,no.audio,23,746,501
no.eunet.drift,no.eunet.diverse,23,227,55
no.general,no.alt.katter,23,47032,13121
no.hobby.diverse,no.ms-windows,23,159,79
no.hobby.diverse,no.typografi,23,159,79
no.irc,no.alt.frustrasjoner,23,3970,1022
no.kjemi,no.org.efn.diskusjon,23,830,350
no.linux,no.alt.gledesutbrudd,23,8833,1209
no.linux,no.org.efn.diskusjon,23,8833,1209
no.litteratur,no.org.efn.diskusjon,23,2060,485
no.mac,no.org.efn.diskusjon,23,11681,1053
no.mac,no.tegnsett,23,11681,1053
no.mail.diverse,no.org.efn.diskusjon,23,1099,512
no.mail.drift,no.org.efn.diskusjon,23,307,207
no.marked,no.org.efn.diskusjon,23,4847,1840
no.marked,no.typografi,23,4847,1840
no.marked.data,no.typografi,23,4910,1299
no.ms-windows,no.elektronikk,23,4123,936
no.multimedia,no.org.efn.diskusjon,23,954,581
no.musikk,no.news.drift,23,15532,1497
no.musikk,no.nuug,23,15532,1497
no.musikk,no.typografi,23,15532,1497
no.musikk.gitar,no.alt.frustrasjoner,23,910,220
no.musikk.gitar,no.alt.gledesutbrudd,23,910,220
no.net,no.alt.pompelog,23,1110,523
no.net,no.org.efn.diskusjon,23,1110,523
no.news.diverse,no.nuug,23,6024,2109
no.news.drift,no.unix,23,345,185
no.nuug,no.org.efn.diskusjon,23,50,46
no.org.efn.diskusjon,no.musikk.gitar,23,869,491
no.prat.narkotika,no.stortinget,23,1591,613
no.psykologi,no.org.efn.diskusjon,23,1209,553
no.radio-tv,no.marked.data,23,2524,676
no.radio_tv,no.film,23,909,244
no.religion,no.alt.frustrasjoner,23,14266,2206
no.slekt,no.pc,23,2669,367
no.spill,no.radio_tv,23,5773,631
no.sport.diverse,no.uninett.diverse,23,3164,378
no.www,no.marked,23,2032,312
no.www,no.tele,23,2032,312
no.x,no.unix,23,212,85
no.ai,no.alt.motorsykler,22,158,118
no.alt.config,no.alt.radio_tv.irma1000,22,451,283
no.alt.diskusjoner,no.biz.diskusjoner,22,10536,4821
no.alt.frustrasjoner,no.alt.mat.drikke,22,21167,4522
no.alt.frustrasjoner,no.marked.data,22,21167,4522
no.alt.gledesutbrudd,no.alt.sjokolade,22,6405,1220
no.alt.god.jul,no.norsk,22,399,231
no.alt.irc-treff,no.irc,22,687,171
no.alt.motorsykler,no.ai,22,26896,1305
no.alt.pompelog,no.alt.god.jul,22,182,83
no.alt.radio_tv.irma1000,no.alt.diskusjoner,22,210,59
no.alt.tegneserier,no.eunet.drift,22,1182,354
no.biz.annonser,no.film,22,746,501
no.biz.annonser.data,no.it.diverse,22,276,193
no.c,no.eunet.drift,22,1412,303
no.ef,no.eunet.drift,22,866,633
no.embnet,no.eunet.drift,22,178,157
no.eunet.diverse,no.eunet.drift,22,89,51
no.eunet.diverse,no.havforskning,22,89,51
no.eunet.drift,no.alt.tegneserier,22,227,55
no.eunet.drift,no.c,22,227,55
no.eunet.drift,no.ef,22,227,55
no.eunet.drift,no.embnet,22,227,55
no.eunet.drift,no.havforskning,22,227,55
no.general,no.it.diverse,22,47032,13121
no.havforskning,no.eunet.diverse,22,243,165
no.havforskning,no.eunet.drift,22,243,165
no.it.emacs,no.prat.politikk,22,708,143
no.jus,no.stortinget,22,5232,1998
no.mail.diverse,no.unix,22,1099,512
no.marked,no.www,22,4847,1840
no.medisin,no.net,22,880,278
no.multimedia,no.sport.diverse,22,954,581
no.net,no.medisin,22,1110,523
no.news.diverse,no.medisin,22,6024,2109
no.prat.aksjer,unknown,22,478,46
no.radio-tv,no.norsk,22,2524,676
no.spill,no.speider,22,5773,631
no.sport.diverse,no.multimedia,22,3164,378
no.stortinget,no.news.diverse,22,1495,626
no.unix,no.news.drift,22,2325,766
no.vit.diverse,no.news.diverse,22,447,186
no.ai,unknown,21,158,118
no.alkohol,no.alt.radio_tv.irma1000,21,2049,918
no.alkohol,no.multimedia,21,2049,918
no.alt.flame,no.alt.katter,21,16830,5387
no.alt.flame,no.alt.mat.drikke,21,16830,5387
no.alt.flame,no.alt.motorsykler,21,16830,5387
no.alt.katter,no.alt.frustrasjoner,21,1001,143
no.alt.radio_tv.irma1000,no.alkohol,21,210,59
no.alt.radio_tv.irma1000,no.alt.config,21,210,59
no.biz.diskusjoner,no.marked,21,147,96
no.c,no.pc,21,1412,303
no.film,no.alt.mat,21,6949,1035
no.litteratur,no.news.diverse,21,2060,485
no.mac,no.ms-windows,21,11681,1053
no.marked,no.biz.nettilbydere,21,4847,1840
no.musikk,no.radio-tv,21,15532,1497
no.musikk.gitar,no.org.efn.diskusjon,21,910,220
no.news.diverse,no.spill,21,6024,2109
no.norsk,no.film,21,11325,2296
no.norsk,no.slekt,21,11325,2296
no.nuug,no.musikk,21,50,46
no.pc,no.slekt,21,12883,2791
no.radio_tv,no.spill,21,909,244
no.speider,no.marked,21,749,86
no.speider,no.spill,21,749,86
no.tegnsett,no.mac,21,313,139
no.uninett.diverse,no.sport.diverse,21,82,53
no.unix,no.x,21,2325,766
no.ai,no.alt.flame,20,158,118
no.ai,no.alt.pompelog,20,158,118
no.alt.arkiv,no.alt.pompelog,20,74,67
no.alt.diskusjoner,no.alt.katter,20,10536,4821
no.alt.diskusjoner,no.alt.mat.drikke,20,10536,4821
no.alt.gledesutbrudd,no.religion,20,6405,1220
no.alt.god.jul,no.alt.pompelog,20,399,231
no.alt.god.jul,no.alt.radio_tv.irma1000,20,399,231
no.alt.mat,no.alt.flame,20,2055,461
no.alt.pompelog,no.ai,20,182,83
no.alt.pompelog,no.alt.arkiv,20,182,83
no.alt.pompelog,no.alt.tegneserier,20,182,83
no.alt.radio_tv.irma1000,no.alt.god.jul,20,210,59
no.audio,no.biz.annonser,20,4947,852
no.biz.annonser,no.uninett.diverse,20,746,501
no.biz.diskusjoner,no.alt.diskusjoner,20,147,96
no.biz.diskusjoner,no.biz.annonser,20,147,96
no.biz.diskusjoner,no.eunet.hjelp,20,147,96
no.biz.diskusjoner,no.net,20,147,96
no.eunet.drift,no.general,20,227,55
no.eunet.hjelp,no.biz.diskusjoner,20,327,65
no.film,no.biz.annonser,20,6949,1035
no.general,no.eunet.drift,20,47032,13121
no.general,no.medisin,20,47032,13121
no.general,no.reiser,20,47032,13121
no.it.diverse,no.general,20,330,168
no.jus,no.alt.gledesutbrudd,20,5232,1998
no.news.diverse,no.embnet,20,6024,2109
no.norsk,no.alt.gledesutbrudd,20,11325,2296
no.org.efn.diskusjon,no.musikk,20,869,491
no.pc,no.radio-tv,20,12883,2791
no.prat.politikk,no.alkohol,20,2527,1425
no.psykologi,no.musikk,20,1209,553
no.radio-tv,no.radio_tv,20,2524,676
no.religion,no.alt.gledesutbrudd,20,14266,2206
no.slekt,no.multimedia,20,2669,367
no.slekt,no.speider,20,2669,367
no.slekt.programmer,unknown,20,264,41
no.sport.diverse,no.biz.annonser,20,3164,378
no.unix,no.mail.diverse,20,2325,766
no.x,unknown,20,212,85
no.ai,no.alt.katter,19,158,118
no.ai,no.alt.mat.drikke,19,158,118
no.alkohol,no.alt.katter,19,2049,918
no.alt.arkiv,no.alt.katter,19,74,67
no.alt.arkiv,no.alt.mat.drikke,19,74,67
no.alt.config,no.alt.mat.drikke,19,451,283
no.alt.diskusjoner,no.alt.radio-tv.irma-1000,19,10536,4821
no.alt.diskusjoner,no.unix,19,10536,4821
no.alt.flame,no.irc,19,16830,5387
no.alt.frustrasjoner,no.psykologi,19,21167,4522
no.alt.mat,no.alt.tegneserier,19,2055,461
no.alt.pompelog,no.biz.diskusjoner,19,182,83
no.alt.radio-tv.irma-1000,no.alt.diskusjoner,19,108,76
no.alt.radio_tv.irma1000,unknown,19,210,59
no.alt.tegneserier,no.alt.mat,19,1182,354
no.alt.tegneserier,no.alt.pompelog,19,1182,354
no.biz.annonser,no.it.diverse,19,746,501
no.elektronikk,no.spill,19,1832,584
no.film,no.alt.motorsykler,19,6949,1035
no.general,no.bolig,19,47032,13121
no.it.diverse,no.biz.annonser,19,330,168
no.kjemi,no.alkohol,19,830,350
no.mac,no.alt.gledesutbrudd,19,11681,1053
no.marked,no.uninett.diverse,19,4847,1840
no.marked.data,no.mswindow,19,4910,1299
no.mswindow,no.marked.data,19,362,78
no.multimedia,no.alkohol,19,954,581
no.multimedia,no.slekt,19,954,581
no.news.diverse,no.alt.radio-tv.irma-1000,19,6024,2109
no.news.drift,no.biz.diskusjoner,19,345,185
no.norsk,no.alt.god.jul,19,11325,2296
no.nuug,no.news.diverse,19,50,46
no.pc,no.c,19,12883,2791
no.radio-tv,no.havforskning,19,2524,676
no.slekt,no.norsk,19,2669,367
no.slekt,no.sport.diverse,19,2669,367
no.speider,no.slekt,19,749,86
no.speider,no.sport.diverse,19,749,86
no.spill,no.elektronikk,19,5773,631
no.spill,no.vitser,19,5773,631
no.sport.diverse,no.speider,19,3164,378
no.uninett.diverse,no.biz.annonser,19,82,53
no.uninett.diverse,no.marked,19,82,53
no.unix,no.norsk,19,2325,766
no.alt.config,no.alt.radio-tv.irma-1000,18,451,283
no.alt.flame,no.alt.sjokolade,18,16830,5387
no.alt.flame,no.musikk.gitar,18,16830,5387
no.alt.frustrasjoner,no.alt.pompel-og-pilt,18,21167,4522
no.alt.gledesutbrudd,no.jus,18,6405,1220
no.alt.god.jul,no.vit.diverse,18,399,231
no.alt.god.jul,unknown,18,399,231
no.alt.katter,no.ai,18,1001,143
no.alt.katter,no.alkohol,18,1001,143
no.alt.katter,no.alt.arkiv,18,1001,143
no.alt.katter,no.alt.diskusjoner,18,1001,143
no.alt.katter,no.alt.flame,18,1001,143
no.alt.katter,no.alt.mat,18,1001,143
no.alt.mat,no.alt.katter,18,2055,461
no.alt.mat.drikke,no.ai,18,467,164
no.alt.mat.drikke,no.alt.arkiv,18,467,164
no.alt.mat.drikke,no.alt.config,18,467,164
no.alt.mat.drikke,no.alt.diskusjoner,18,467,164
no.alt.mat.drikke,no.alt.flame,18,467,164
no.alt.motorsykler,no.alt.mat.drikke,18,26896,1305
no.alt.pompelog,no.unix,18,182,83
no.alt.radio-tv.irma-1000,no.alt.arkiv,18,108,76
no.alt.radio-tv.irma-1000,no.alt.config,18,108,76
no.alt.radio-tv.irma-1000,no.alt.flame,18,108,76
no.alt.sjokolade,no.alt.flame,18,307,51
no.alt.sjokolade,no.marked.jobb,18,307,51
no.alt.sjokolade,no.musikk.gitar,18,307,51
no.alt.sjokolade,no.news.diverse,18,307,51
no.alt.sjokolade,no.vitser,18,307,51
no.alt.tegneserier,no.radio_tv,18,1182,354
no.biz.annonser,no.mail.diverse,18,746,501
no.biz.annonser,no.sport.diverse,18,746,501
no.biz.diskusjoner,no.news.drift,18,147,96
no.biz.diskusjoner,no.unix,18,147,96
no.c,no.alt.frustrasjoner,18,1412,303
no.c,no.spill,18,1412,303
no.ef,no.unix,18,866,633
no.eunet.hjelp,no.unix,18,327,65
no.general,no.vr,18,47032,13121
no.kjemi,no.vit.diverse,18,830,350
no.linux,no.spill,18,8833,1209
no.mac,no.alt.config,18,11681,1053
no.marked,no.radio_tv,18,4847,1840
no.marked.bil,no.marked.data,18,204,61
no.marked.data,no.marked.bil,18,4910,1299
no.marked.jobb,no.news.diverse,18,766,318
no.marked.jobb,no.telepost,18,766,318
no.media,no.multimedia,18,58,45
no.medisin,no.prat.seksualitet,18,880,278
no.multimedia,no.alt.config,18,954,581
no.musikk,no.psykologi,18,15532,1497
no.musikk.gitar,no.alt.flame,18,910,220
no.musikk.gitar,no.alt.sjokolade,18,910,220
no.musikk.gitar,no.vitser,18,910,220
no.news.diverse,no.alt.sjokolade,18,6024,2109
no.news.diverse,no.org.efn.diskusjon,18,6024,2109
no.norsk,no.spill,18,11325,2296
no.norsk,no.uninett.diverse,18,11325,2296
no.pc,no.hobby.diverse,18,12883,2791
no.pc,no.video,18,12883,2791
no.radio-tv,no.irc,18,2524,676
no.radio-tv,no.kjemi,18,2524,676
no.radio-tv,no.linux,18,2524,676
no.radio-tv,no.litteratur,18,2524,676
no.radio-tv,no.mac,18,2524,676
no.radio-tv,no.mail.diverse,18,2524,676
no.radio-tv,no.mail.drift,18,2524,676
no.radio-tv,no.musikk.gitar,18,2524,676
no.radio-tv,no.net,18,2524,676
no.radio_tv,no.alt.tegneserier,18,909,244
no.radio_tv,no.marked,18,909,244
no.religion,no.radio-tv,18,14266,2206
no.skole.diverse,unknown,18,350,231
no.spill,no.c,18,5773,631
no.spill,no.net,18,5773,631
no.spill,no.norsk,18,5773,631
no.sport.diverse,no.slekt,18,3164,378
no.student.nett,no.general,18,159,70
no.tegnsett,no.alt.frustrasjoner,18,313,139
no.test,no.musikk,18,1148,154
no.uninett.diverse,no.norsk,18,82,53
no.unix,no.alt.diskusjoner,18,2325,766
no.unix,no.biz.diskusjoner,18,2325,766
no.unix,no.ef,18,2325,766
no.unix,no.eunet.hjelp,18,2325,766
no.vr,no.general,18,62,24
no.alkohol,no.kjemi,17,2049,918
no.alkohol,no.medisin,17,2049,918
no.alt.config,no.multimedia,17,451,283
no.alt.flame,no.film,17,16830,5387
no.alt.flame,no.marked.jobb,17,16830,5387
no.alt.frustrasjoner,no.alt.radio-tv.irma-1000,17,21167,4522
no.alt.frustrasjoner,no.bil,17,21167,4522
no.alt.gledesutbrudd,no.marked.jobb,17,6405,1220
no.alt.motorsykler,no.alt.flame,17,26896,1305
no.alt.pompelog,no.embnet,17,182,83
no.biz.annonser,no.norsk,17,746,501
no.bolig,no.general,17,357,63
no.ef,no.alt.frustrasjoner,17,866,633
no.elektronikk,no.alt.flame,17,1832,584
no.film,no.alt.frustrasjoner,17,6949,1035
no.general,no.student.samfund,17,47032,13121
no.general,no.x,17,47032,13121
no.hobby.diverse,no.pc,17,159,79
no.hobby.diverse,no.video,17,159,79
no.irc,no.radio_tv,17,3970,1022
no.jus,no.alt.motorsykler,17,5232,1998
no.jus,no.slekt,17,5232,1998
no.linux,no.tegnsett,17,8833,1209
no.mail.diverse,no.slekt,17,1099,512
no.marked,no.alt.mat,17,4847,1840
no.marked,no.speider,17,4847,1840
no.marked.bil,no.marked.bolig,17,204,61
no.marked.bolig,no.marked.bil,17,67,36
no.marked.bolig,no.marked.data,17,67,36
no.marked.data,no.www,17,4910,1299
no.marked.jobb,no.norsk,17,766,318
no.ms-windows,no.mac,17,4123,936
no.musikk,no.org.efn.diskusjon,17,15532,1497
no.net,no.spill,17,1110,523
no.news.diverse,no.religion,17,6024,2109
no.norsk,no.biz.annonser,17,11325,2296
no.org.efn.diskusjon,no.news.diverse,17,869,491
no.pc,no.norsk.fagord,17,12883,2791
no.prat.seksualitet,no.general,17,2367,181
no.prat.ufo,unknown,17,468,36
no.radio-tv,no.religion,17,2524,676
no.reiser,no.general,17,746,84
no.skole.diverse,no.prat.seksualitet,17,350,231
no.slekt,no.jus,17,2669,367
no.slekt,no.mac,17,2669,367
no.slekt,no.mail.diverse,17,2669,367
no.spill,no.uninett.diverse,17,5773,631
no.tegnsett,no.linux,17,313,139
no.tele,no.marked.data,17,3203,694
no.tele,no.vitser,17,3203,694
no.telepost,no.marked.jobb,17,537,316
no.video,no.hobby.diverse,17,216,116
no.video,no.pc,17,216,116
no.vit.diverse,no.medisin,17,447,186
no.vitser,no.alt.sjokolade,17,4950,665
no.vitser,no.marked.jobb,17,4950,665
no.vitser,no.musikk.gitar,17,4950,665
no.alkohol,no.mac,16,2049,918
no.alkohol,no.norsk,16,2049,918
no.alt.arkiv,no.alt.radio-tv.irma-1000,16,74,67
no.alt.arkiv,no.net,16,74,67
no.alt.flame,no.alt.radio-tv.irma-1000,16,16830,5387
no.alt.frustrasjoner,no.org.efn.diskusjon,16,21167,4522
no.alt.frustrasjoner,no.slekt,16,21167,4522
no.alt.frustrasjoner,no.telepost,16,21167,4522
no.alt.gledesutbrudd,no.c,16,6405,1220
no.alt.gledesutbrudd,no.ef,16,6405,1220
no.alt.gledesutbrudd,no.embnet,16,6405,1220
no.alt.gledesutbrudd,no.havforskning,16,6405,1220
no.alt.mat,no.c,16,2055,461
no.alt.mat,no.ef,16,2055,461
no.alt.mat,no.embnet,16,2055,461
no.alt.mat,no.marked,16,2055,461
no.alt.motorsykler,no.biz.annonser,16,26896,1305
no.audio,no.alt.frustrasjoner,16,4947,852
no.bil,no.sykkel,16,3441,496
no.biz.annonser,no.marked.jobb,16,746,501
no.biz.diskusjoner,no.alt.pompelog,16,147,96
no.bolig,no.biz.annonser,16,357,63
no.bolig,unknown,16,357,63
no.general,no.typografi,16,47032,13121
no.havforskning,no.alt.gledesutbrudd,16,243,165
no.it.emacs,no.alt.gledesutbrudd,16,708,143
no.jus,no.eunet.diverse,16,5232,1998
no.jus,no.spill,16,5232,1998
no.linux,no.slekt,16,8833,1209
no.litteratur,no.slekt,16,2060,485
no.mac,no.alkohol,16,11681,1053
no.mac,no.slekt,16,11681,1053
no.marked.bolig,no.bolig,16,67,36
no.marked.data,no.marked.bolig,16,4910,1299
no.marked.jobb,no.alt.flame,16,766,318
no.marked.jobb,no.alt.frustrasjoner,16,766,318
no.marked.jobb,no.alt.gledesutbrudd,16,766,318
no.marked.jobb,no.alt.sjokolade,16,766,318
no.marked.jobb,no.biz.annonser,16,766,318
no.marked.jobb,no.vitser,16,766,318
no.media,no.marked,16,58,45
no.multimedia,no.uninett.diverse,16,954,581
no.musikk,no.alt.diskusjoner,16,15532,1497
no.musikk,no.prat.politikk,16,15532,1497
no.net,no.alt.arkiv,16,1110,523
no.news.diverse,no.marked.data,16,6024,2109
no.norsk,no.alt.tegneserier,16,11325,2296
no.norsk,no.telepost,16,11325,2296
no.norsk,no.unix,16,11325,2296
no.norsk.fagord,no.pc,16,177,47
no.pc,no.uninett.diverse,16,12883,2791
no.prat.aksjer,no.general,16,478,46
no.prat.seksualitet,no.alt.frustrasjoner,16,2367,181
no.slekt,no.linux,16,2669,367
no.slekt,no.litteratur,16,2669,367
no.sport.diverse,no.radio_tv,16,3164,378
no.stortinget,no.jus,16,1495,626
no.uninett.diverse,no.spill,16,82,53
no.unix,no.alt.pompelog,16,2325,766
no.unix,no.folklore.edb,16,2325,766
no.unix,no.perl,16,2325,766
no.vitser,no.prat.politikk,16,4950,665
no.vitser,no.spill,16,4950,665
no.www,no.marked.data,16,2032,312
no.alkohol,no.alt.tegneserier,15,2049,918
no.alt.arkiv,no.alt.tegneserier,15,74,67
no.alt.config,no.mac,15,451,283
no.alt.diskusjoner,no.mail.drift,15,10536,4821
no.alt.flame,no.alt.pompelog,15,16830,5387
no.alt.flame,no.religion,15,16830,5387
no.alt.frustrasjoner,no.eunet.diverse,15,21167,4522
no.alt.frustrasjoner,no.eunet.drift,15,21167,4522
no.alt.frustrasjoner,no.eunet.hjelp,15,21167,4522
no.alt.gledesutbrudd,no.eunet.diverse,15,6405,1220
no.alt.gledesutbrudd,no.mac,15,6405,1220
no.alt.mat,no.havforskning,15,2055,461
no.alt.motorsykler,no.film,15,26896,1305
no.alt.motorsykler,no.jus,15,26896,1305
no.alt.pompelog,unknown,15,182,83
no.alt.tegneserier,no.alkohol,15,1182,354
no.alt.tegneserier,no.alt.arkiv,15,1182,354
no.audio,no.eunet.drift,15,4947,852
no.biz.annonser,no.bolig,15,746,501
no.biz.annonser.data,no.spill,15,276,193
no.bolig,no.marked.bolig,15,357,63
no.c,no.alt.gledesutbrudd,15,1412,303
no.c,no.alt.mat,15,1412,303
no.ef,no.alt.gledesutbrudd,15,866,633
no.ef,no.alt.mat,15,866,633
no.embnet,no.alt.frustrasjoner,15,178,157
no.embnet,no.alt.gledesutbrudd,15,178,157
no.embnet,no.alt.mat,15,178,157
no.embnet,no.alt.pompelog,15,178,157
no.eunet.diverse,no.alt.gledesutbrudd,15,89,51
no.eunet.diverse,no.eunet.hjelp,15,89,51
no.eunet.drift,no.audio,15,227,55
no.folklore.edb,no.general,15,123,71
no.havforskning,no.alt.frustrasjoner,15,243,165
no.havforskning,no.alt.mat,15,243,165
no.irc,no.eunet.diverse,15,3970,1022
no.irc,no.eunet.drift,15,3970,1022
no.jus,no.eunet.drift,15,5232,1998
no.jus,no.speider,15,5232,1998
no.jus,no.sport.diverse,15,5232,1998
no.kryptografi,unknown,15,330,112
no.linux,no.alt.pompelog,15,8833,1209
no.linux,no.eunet.hjelp,15,8833,1209
no.linux,no.folklore.edb,15,8833,1209
no.litteratur,no.spill,15,2060,485
no.mail.diverse,no.biz.annonser,15,1099,512
no.marked.data,no.sport.diverse,15,4910,1299
no.ms-windows,no.tele,15,4123,936
no.news.diverse,no.uninett.skole,15,6024,2109
no.norsk,no.havforskning,15,11325,2296
no.norsk,no.radio_tv,15,11325,2296
no.norsk,no.tele,15,11325,2296
no.pc,no.folklore.edb,15,12883,2791
no.radio-tv,no.alt.pompel-og-pilt,15,2524,676
no.radio-tv,no.alt.radio-tv.irma-1000,15,2524,676
no.radio-tv,no.bil,15,2524,676
no.radio-tv,no.c,15,2524,676
no.radio-tv,no.ef,15,2524,676
no.radio-tv,no.embnet,15,2524,676
no.radio-tv,no.lisp,15,2524,676
no.radio-tv,no.marked.jobb,15,2524,676
no.radio_tv,no.alt.gledesutbrudd,15,909,244
no.radio_tv,no.sport.diverse,15,909,244
no.speider,no.jus,15,749,86
no.spill,no.biz.annonser.data,15,5773,631
no.spill,no.litteratur,15,5773,631
no.spill.sjakk,no.general,15,232,63
no.sport.diverse,no.marked.data,15,3164,378
no.stortinget,no.alt.frustrasjoner,15,1495,626
no.sykkel,no.bil,15,2152,284
no.tegnsett,no.norsk,15,313,139
no.uninett.diverse,no.multimedia,15,82,53
no.uninett.diverse,no.pc,15,82,53
no.uninett.diverse,no.radio_tv,15,82,53
no.unix,no.www,15,2325,766
no.www,no.linux,15,2032,312
no.alt.diskusjoner,no.alt.tegneserier,14,10536,4821
no.alt.diskusjoner,no.linux,14,10536,4821
no.alt.flame,no.jus,14,16830,5387
no.alt.flame,no.norsk,14,16830,5387
no.alt.frustrasjoner,no.speider,14,21167,4522
no.alt.gledesutbrudd,no.eunet.drift,14,6405,1220
no.alt.gledesutbrudd,no.eunet.hjelp,14,6405,1220
no.alt.mat,no.audio,14,2055,461
no.alt.mat,no.eunet.diverse,14,2055,461
no.alt.mat,no.eunet.drift,14,2055,461
no.alt.mat,no.eunet.hjelp,14,2055,461
no.alt.mat,no.jus,14,2055,461
no.alt.mat.drikke,no.it.emacs,14,467,164
no.alt.motorsykler,no.www,14,26896,1305
no.alt.pompel-og-pilt,no.alt.katter,14,215,83
no.alt.pompel-og-pilt,no.alt.mat.drikke,14,215,83
no.alt.pompelog,no.eunet.diverse,14,182,83
no.alt.pompelog,no.eunet.drift,14,182,83
no.alt.pompelog,no.havforskning,14,182,83
no.alt.pompelog,no.jus,14,182,83
no.alt.radio-tv.irma-1000,no.alt.katter,14,108,76
no.alt.radio-tv.irma-1000,no.alt.mat.drikke,14,108,76
no.alt.radio_tv.irma1000,no.radio_tv,14,210,59
no.alt.tegneserier,no.eunet.hjelp,14,1182,354
no.bil,no.biz.annonser,14,3441,496
no.bil,no.religion,14,3441,496
no.biz.annonser,no.alt.motorsykler,14,746,501
no.biz.annonser,no.multimedia,14,746,501
no.biz.nettilbydere,unknown,14,479,145
no.bolig,no.elektronikk,14,357,63
no.elektronikk,no.bolig,14,1832,584
no.elektronikk,no.hobby.diverse,14,1832,584
no.embnet,no.eunet.hjelp,14,178,157
no.eunet.diverse,no.alt.frustrasjoner,14,89,51
no.eunet.diverse,no.alt.mat,14,89,51
no.eunet.diverse,no.alt.pompelog,14,89,51
no.eunet.diverse,no.jus,14,89,51
no.eunet.drift,no.alt.frustrasjoner,14,227,55
no.eunet.drift,no.alt.gledesutbrudd,14,227,55
no.eunet.drift,no.alt.mat,14,227,55
no.eunet.drift,no.alt.pompelog,14,227,55
no.eunet.drift,no.jus,14,227,55
no.eunet.hjelp,no.alt.frustrasjoner,14,327,65
no.eunet.hjelp,no.alt.gledesutbrudd,14,327,65
no.eunet.hjelp,no.alt.mat,14,327,65
no.eunet.hjelp,no.alt.tegneserier,14,327,65
no.eunet.hjelp,no.embnet,14,327,65
no.eunet.hjelp,no.eunet.diverse,14,327,65
no.eunet.hjelp,no.havforskning,14,327,65
no.eunet.hjelp,no.jus,14,327,65
no.film,no.radio_tv,14,6949,1035
no.general,no.alt.arkiv,14,47032,13121
no.havforskning,no.alt.pompelog,14,243,165
no.havforskning,no.eunet.hjelp,14,243,165
no.irc,no.news.drift,14,3970,1022
no.it.diverse,no.www,14,330,168
no.jus,no.alt.mat,14,5232,1998
no.jus,no.alt.pompelog,14,5232,1998
no.jus,no.eunet.hjelp,14,5232,1998
no.marked.jobb,no.marked.bil,14,766,318
no.marked.jobb,no.marked.bolig,14,766,318
no.ms-windows,no.marked.jobb,14,4123,936
no.musikk,no.alt.motorsykler,14,15532,1497
no.musikk,no.medisin,14,15532,1497
no.net,no.standard,14,1110,523
no.news.diverse,no.ms-windows,14,6024,2109
no.prat.politikk,no.musikk,14,2527,1425
no.psykologi,no.slekt,14,1209,553
no.radio-tv,no.spill,14,2524,676
no.radio_tv,no.alt.radio_tv.irma1000,14,909,244
no.radio_tv,no.uninett.diverse,14,909,244
no.slekt,no.alt.frustrasjoner,14,2669,367
no.slekt,no.psykologi,14,2669,367
no.slekt,no.radio_tv,14,2669,367
no.slekt,no.sources.wanted,14,2669,367
no.slekt,no.telepost,14,2669,367
no.sources.wanted,no.slekt,14,53,26
no.sources.wanted,no.telepost,14,53,26
no.speider,no.norsk,14,749,86
no.spill,no.jus,14,5773,631
no.spill,no.linux,14,5773,631
no.spill,no.news.diverse,14,5773,631
no.sport.diverse,no.alt.gledesutbrudd,14,3164,378
no.standard,no.net,14,64,38
no.tegnsett,no.jus,14,313,139
no.tele,no.ms-windows,14,3203,694
no.telepost,no.norsk,14,537,316
no.telepost,no.slekt,14,537,316
no.telepost,no.sources.wanted,14,537,316
no.typografi,no.alt.frustrasjoner,14,164,85
no.typografi,no.norsk,14,164,85
no.uninett.skole,no.alt.frustrasjoner,14,404,145
no.video,no.multimedia,14,216,116
no.www,no.alt.frustrasjoner,14,2032,312
no.x,no.linux,14,212,85
no.ai,no.alt.radio_tv.irma1000,13,158,118
no.alt.arkiv,no.alt.radio_tv.irma1000,13,74,67
no.alt.diskusjoner,no.spill,13,10536,4821
no.alt.frustrasjoner,no.stortinget,13,21167,4522
no.alt.gledesutbrudd,no.irc,13,6405,1220
no.alt.gledesutbrudd,no.marked,13,6405,1220
no.alt.gledesutbrudd,no.sport.diverse,13,6405,1220
no.alt.katter,no.marked,13,1001,143
no.alt.mat,no.multimedia,13,2055,461
no.alt.mat,no.prat.politikk,13,2055,461
no.alt.mat,no.vit.diverse,13,2055,461
no.alt.motorsykler,no.audio,13,26896,1305
no.alt.motorsykler,no.irc,13,26896,1305
no.alt.pompelog,no.alt.flame,13,182,83
no.alt.pompelog,no.alt.katter,13,182,83
no.alt.pompelog,no.alt.mat.drikke,13,182,83
no.alt.radio_tv.irma1000,no.ai,13,210,59
no.alt.radio_tv.irma1000,no.alt.arkiv,13,210,59
no.alt.radio_tv.irma1000,no.alt.flame,13,210,59
no.alt.radio_tv.irma1000,no.alt.katter,13,210,59
no.alt.radio_tv.irma1000,no.alt.mat.drikke,13,210,59
no.audio,no.alt.mat,13,4947,852
no.audio,no.alt.motorsykler,13,4947,852
no.biz.annonser,no.bil,13,746,501
no.biz.annonser,no.biz.diskusjoner,13,746,501
no.biz.diskusjoner,no.ms-windows,13,147,96
no.elektronikk,no.biz.annonser,13,1832,584
no.elektronikk,no.radio_tv,13,1832,584
no.elektronikk,no.tele,13,1832,584
no.film,no.pc,13,6949,1035
no.general,no.nuug,13,47032,13121
no.general,no.tegnsett,13,47032,13121
no.havforskning,no.psykologi,13,243,165
no.irc,no.slekt,13,3970,1022
no.kjemi,no.slekt,13,830,350
no.kryptografi,no.linux,13,330,112
no.linux,no.biz.diskusjoner,13,8833,1209
no.marked,no.alt.flame,13,4847,1840
no.marked.bil,no.biz.annonser,13,204,61
no.marked.bil,no.marked.jobb,13,204,61
no.marked.bolig,no.marked.jobb,13,67,36
no.marked.data,no.video,13,4910,1299
no.marked.jobb,no.ms-windows,13,766,318
no.multimedia,no.alt.mat,13,954,581
no.multimedia,no.biz.annonser,13,954,581
no.multimedia,no.media,13,954,581
no.multimedia,no.video,13,954,581
no.news.diverse,no.bibsys,13,6024,2109
no.news.diverse,no.biz.nettilbydere,13,6024,2109
no.news.diverse,no.bolig,13,6024,2109
no.news.diverse,no.radio-tv,13,6024,2109
no.norsk,no.sources.wanted,13,11325,2296
no.org.efn.diskusjon,no.alt.frustrasjoner,13,869,491
no.pc,no.film,13,12883,2791
no.pc,no.vr,13,12883,2791
no.perl,no.general,13,633,117
no.psykologi,no.havforskning,13,1209,553
no.radio-tv,no.news.diverse,13,2524,676
no.radio-tv,no.sport.diverse,13,2524,676
no.radio_tv,no.irc,13,909,244
no.radio_tv,no.norsk,13,909,244
no.slekt,no.kjemi,13,2669,367
no.sources.wanted,no.norsk,13,53,26
no.speider,no.alt.gledesutbrudd,13,749,86
no.spill,no.alt.diskusjoner,13,5773,631
no.spill,no.vr,13,5773,631
no.standard,no.c,13,64,38
no.video,no.marked.data,13,216,116
no.vit.diverse,no.litteratur,13,447,186
no.alt.diskusjoner,no.musikk,12,10536,4821
no.alt.diskusjoner,no.vr,12,10536,4821
no.alt.flame,no.kjemi,12,16830,5387
no.alt.flame,no.sport.diverse,12,16830,5387
no.alt.frustrasjoner,no.uninett.skole,12,21167,4522
no.alt.gledesutbrudd,no.audio,12,6405,1220
no.alt.gledesutbrudd,no.litteratur,12,6405,1220
no.alt.gledesutbrudd,no.norsk,12,6405,1220
no.alt.katter,no.alt.pompel-og-pilt,12,1001,143
no.alt.katter,no.alt.pompelog,12,1001,143
no.alt.katter,no.alt.radio-tv.irma-1000,12,1001,143
no.alt.katter,no.alt.radio_tv.irma1000,12,1001,143
no.alt.mat.drikke,no.alt.pompel-og-pilt,12,467,164
no.alt.mat.drikke,no.alt.pompelog,12,467,164
no.alt.mat.drikke,no.alt.radio-tv.irma-1000,12,467,164
no.alt.mat.drikke,no.alt.radio_tv.irma1000,12,467,164
no.alt.motorsykler,no.mac,12,26896,1305
no.alt.pompelog,no.audio,12,182,83
no.alt.radio-tv.irma-1000,no.news.diverse,12,108,76
no.alt.radio-tv.irma-1000,unknown,12,108,76
no.alt.radio_tv.irma1000,no.alt.tegneserier,12,210,59
no.alt.tegneserier,no.alt.radio_tv.irma1000,12,1182,354
no.audio,no.bolig,12,4947,852
no.bil,no.biz.diskusjoner,12,3441,496
no.bil,no.bolig,12,3441,496
no.biz.annonser,no.marked.bil,12,746,501
no.biz.annonser,no.marked.bolig,12,746,501
no.biz.diskusjoner,no.bil,12,147,96
no.bolig,no.audio,12,357,63
no.elektronikk,no.video,12,1832,584
no.eunet.diverse,no.film,12,89,51
no.eunet.diverse,no.irc,12,89,51
no.eunet.drift,no.alt.diskusjoner,12,227,55
no.eunet.drift,no.film,12,227,55
no.eunet.drift,no.irc,12,227,55
no.eunet.drift,no.pc,12,227,55
no.film,no.alt.flame,12,6949,1035
no.film,no.eunet.diverse,12,6949,1035
no.film,no.eunet.drift,12,6949,1035
no.general,no.alt.mat.drikke,12,47032,13121
no.havforskning,no.news.drift,12,243,165
no.havforskning,no.norsk,12,243,165
no.havforskning,no.slekt,12,243,165
no.it.emacs,no.linux,12,708,143
no.jus,no.bolig,12,5232,1998
no.jus,no.prat.seksualitet,12,5232,1998
no.kjemi,no.spill,12,830,350
no.kryptografi,no.www,12,330,112
no.linux,no.it.emacs,12,8833,1209
no.linux,no.radio_tv,12,8833,1209
no.linux,no.www,12,8833,1209
no.litteratur,no.skole.diverse,12,2060,485
no.mac,no.radio_tv,12,11681,1053
no.mac,no.spill,12,11681,1053
no.mail.drift,no.slekt,12,307,207
no.marked,no.media,12,4847,1840
no.marked,no.mswindow,12,4847,1840
no.marked.bolig,no.biz.annonser,12,67,36
no.marked.data,no.telepost,12,4910,1299
no.medisin,no.norsk.fagord,12,880,278
no.mswindow,no.marked,12,362,78
no.multimedia,no.vr,12,954,581
no.net,no.eunet.diverse,12,1110,523
no.net,no.eunet.drift,12,1110,523
no.net,no.slekt,12,1110,523
no.news.diverse,no.alt.arkiv,12,6024,2109
no.news.diverse,no.biz.annonser,12,6024,2109
no.news.diverse,no.sykkel,12,6024,2109
no.news.drift,no.havforskning,12,345,185
no.news.drift,no.slekt,12,345,185
no.norsk,no.audio,12,11325,2296
no.norsk,no.typografi,12,11325,2296
no.norsk.fagord,no.medisin,12,177,47
no.pc,no.biz.diskusjoner,12,12883,2791
no.pc,no.media,12,12883,2791
no.prat.ufo,no.radio-tv,12,468,36
no.radio-tv,no.prat.ufo,12,2524,676
no.radio_tv,no.elektronikk,12,909,244
no.radio_tv,no.slekt,12,909,244
no.radio_tv,no.vr,12,909,244
no.religion,no.ef,12,14266,2206
no.religion,no.news.diverse,12,14266,2206
no.skole.diverse,no.uninett.skole,12,350,231
no.slekt,no.havforskning,12,2669,367
no.slekt,no.mail.drift,12,2669,367
no.slekt,no.net,12,2669,367
no.slekt,no.news.drift,12,2669,367
no.slekt,no.sources.list,12,2669,367
no.slekt,no.tegnsett,12,2669,367
no.speider,no.alt.frustrasjoner,12,749,86
no.speider,no.alt.motorsykler,12,749,86
no.spill,no.kjemi,12,5773,631
no.spill,no.mac,12,5773,631
no.spill,no.radio-tv,12,5773,631
no.sport.diverse,no.kjemi,12,3164,378
no.sport.diverse,no.musikk,12,3164,378
no.stortinget,no.ef,12,1495,626
no.uninett.diverse,no.vr,12,82,53
no.uninett.skole,unknown,12,404,145
no.video,no.elektronikk,12,216,116
no.vit.diverse,no.havforskning,12,447,186
no.vr,no.alt.diskusjoner,12,62,24
no.vr,no.multimedia,12,62,24
no.vr,no.pc,12,62,24
no.vr,no.radio_tv,12,62,24
no.vr,no.spill,12,62,24
no.vr,no.uninett.diverse,12,62,24
no.ai,no.c,11,158,118
no.ai,no.ef,11,158,118
no.ai,no.embnet,11,158,118
no.alkohol,no.c,11,2049,918
no.alkohol,no.embnet,11,2049,918
no.alt.arkiv,no.general,11,74,67
no.alt.diskusjoner,no.mac,11,10536,4821
no.alt.diskusjoner,no.vit.diverse,11,10536,4821
no.alt.frustrasjoner,no.ms-windows,11,21167,4522
no.alt.frustrasjoner,no.tegnsett,11,21167,4522
no.alt.gledesutbrudd,no.net,11,6405,1220
no.alt.mat,no.litteratur,11,2055,461
no.alt.motorsykler,no.litteratur,11,26896,1305
no.alt.motorsykler,no.speider,11,26896,1305
no.alt.radio_tv.irma1000,no.audio,11,210,59
no.audio,no.alt.gledesutbrudd,11,4947,852
no.audio,no.radio_tv,11,4947,852
no.biz.annonser,no.elektronikk,11,746,501
no.biz.annonser.data,no.multimedia,11,276,193
no.biz.annonser.data,no.sport.diverse,11,276,193
no.biz.annonser.data,unknown,11,276,193
no.bolig,no.bil,11,357,63
no.bolig,no.c,11,357,63
no.bolig,no.jus,11,357,63
no.c,no.standard,11,1412,303
no.embnet,no.bolig,11,178,157
no.irc,no.alt.gledesutbrudd,11,3970,1022
no.irc,no.sport.diverse,11,3970,1022
no.it.diverse,no.marked,11,330,168
no.jus,no.www,11,5232,1998
no.kjemi,no.alt.flame,11,830,350
no.kjemi,no.sport.diverse,11,830,350
no.linux,no.alt.diskusjoner,11,8833,1209
no.linux,no.sport.diverse,11,8833,1209
no.linux,no.x,11,8833,1209
no.lisp,no.it.emacs,11,373,193
no.litteratur,no.alt.gledesutbrudd,11,2060,485
no.litteratur,no.alt.mat,11,2060,485
no.litteratur,no.alt.motorsykler,11,2060,485
no.litteratur,no.sport.diverse,11,2060,485
no.mac,no.sport.diverse,11,11681,1053
no.mail.diverse,no.telepost,11,1099,512
no.marked,no.alt.gledesutbrudd,11,4847,1840
no.marked,no.sources.wanted,11,4847,1840
no.marked,no.uninett.skole,11,4847,1840
no.marked.diskusjon,no.marked,11,54,49
no.media,no.pc,11,58,45
no.ms-windows,no.news.diverse,11,4123,936
no.mswindow,unknown,11,362,78
no.multimedia,no.biz.annonser.data,11,954,581
no.multimedia,no.radio-tv,11,954,581
no.musikk,no.marked.bolig,11,15532,1497
no.musikk,no.media,11,15532,1497
no.musikk,no.sport.diverse,11,15532,1497
no.news.drift,no.irc,11,345,185
no.norsk,no.c,11,11325,2296
no.org.efn.diskusjon,no.org.isoc-no,11,869,491
no.pc,no.tegnsett,11,12883,2791
no.prat.seksualitet,no.prat.politikk,11,2367,181
no.psykologi,no.alt.frustrasjoner,11,1209,553
no.psykologi,no.spill,11,1209,553
no.psykologi,no.sport.diverse,11,1209,553
no.psykologi,no.telepost,11,1209,553
no.radio_tv,no.audio,11,909,244
no.radio_tv,no.linux,11,909,244
no.radio_tv,no.mac,11,909,244
no.radio_tv,no.stortinget,11,909,244
no.religion,no.prat.narkotika,11,14266,2206
no.skole.diverse,no.litteratur,11,350,231
no.slekt,no.stortinget,11,2669,367
no.sources.list,no.slekt,11,12,12
no.sources.list,no.sources.wanted,11,12,12
no.sources.list,no.speider,11,12,12
no.sources.list,no.spill,11,12,12
no.sources.list,no.sport.diverse,11,12,12
no.sources.list,no.tegnsett,11,12,12
no.sources.list,no.telepost,11,12,12
no.sources.wanted,no.marked,11,53,26
no.sources.wanted,no.sources.list,11,53,26
no.sources.wanted,no.speider,11,53,26
no.sources.wanted,no.spill,11,53,26
no.sources.wanted,no.sport.diverse,11,53,26
no.sources.wanted,no.stortinget,11,53,26
no.sources.wanted,no.tegnsett,11,53,26
no.speider,no.general,11,749,86
no.speider,no.sources.list,11,749,86
no.speider,no.sources.wanted,11,749,86
no.speider,no.tegnsett,11,749,86
no.speider,no.telepost,11,749,86
no.spill,no.sources.list,11,5773,631
no.spill,no.sources.wanted,11,5773,631
no.spill,no.tegnsett,11,5773,631
no.spill,no.telepost,11,5773,631
no.sport.diverse,no.biz.annonser.data,11,3164,378
no.sport.diverse,no.jus,11,3164,378
no.sport.diverse,no.linux,11,3164,378
no.sport.diverse,no.litteratur,11,3164,378
no.sport.diverse,no.mac,11,3164,378
no.sport.diverse,no.radio-tv,11,3164,378
no.sport.diverse,no.sources.list,11,3164,378
no.sport.diverse,no.sources.wanted,11,3164,378
no.sport.diverse,no.sport.fotball,11,3164,378
no.sport.diverse,no.tegnsett,11,3164,378
no.sport.diverse,no.telepost,11,3164,378
no.stortinget,no.radio_tv,11,1495,626
no.stortinget,no.slekt,11,1495,626
no.stortinget,no.sources.wanted,11,1495,626
no.tegnsett,no.vitser,11,313,139
no.telepost,no.mail.diverse,11,537,316
no.telepost,no.sources.list,11,537,316
no.telepost,no.speider,11,537,316
no.telepost,no.spill,11,537,316
no.telepost,no.sport.diverse,11,537,316
no.telepost,no.tegnsett,11,537,316
no.uninett.skole,no.news.diverse,11,404,145
no.www,no.vitser,11,2032,312
no.alt.arkiv,no.kjemi,10,74,67
no.alt.arkiv,no.mail.diverse,10,74,67
no.alt.arkiv,no.mail.drift,10,74,67
no.alt.arkiv,no.marked,10,74,67
no.alt.arkiv,no.news.diverse,10,74,67
no.alt.config,no.kjemi,10,451,283
no.alt.config,no.mail.diverse,10,451,283
no.alt.config,no.mail.drift,10,451,283
no.alt.config,no.marked,10,451,283
no.alt.config,no.net,10,451,283
no.alt.diskusjoner,no.slekt,10,10536,4821
no.alt.flame,no.mail.diverse,10,16830,5387
no.alt.flame,no.mail.drift,10,16830,5387
no.alt.frustrasjoner,no.nuug,10,21167,4522
no.alt.mat,no.kjemi,10,2055,461
no.alt.mat,no.mail.diverse,10,2055,461
no.alt.pompel-og-pilt,no.alt.diskusjoner,10,215,83
no.alt.pompel-og-pilt,no.alt.frustrasjoner,10,215,83
no.alt.pompel-og-pilt,no.alt.mat,10,215,83
no.alt.tegneserier,no.alt.diskusjoner,10,1182,354
no.alt.tegneserier,no.pc,10,1182,354
no.amiga,no.mac,10,2054,166
no.audio,no.alt.pompelog,10,4947,852
no.audio,no.alt.radio_tv.irma1000,10,4947,852
no.biz.annonser,no.litteratur,10,746,501
no.biz.diskusjoner,no.marked.jobb,10,147,96
no.biz.diskusjoner,unknown,10,147,96
no.bolig,no.embnet,10,357,63
no.c,no.bolig,10,1412,303
no.ef,no.bolig,10,866,633
no.ef,no.stortinget,10,866,633
no.general,no.slekt,10,47032,13121
no.havforskning,no.news.diverse,10,243,165
no.havforskning,no.nuug,10,243,165
no.havforskning,no.pc,10,243,165
no.havforskning,no.sources.list,10,243,165
no.havforskning,no.sources.wanted,10,243,165
no.havforskning,no.speider,10,243,165
no.havforskning,no.spill,10,243,165
no.havforskning,no.sport.diverse,10,243,165
no.havforskning,no.tegnsett,10,243,165
no.havforskning,no.telepost,10,243,165
no.irc,no.nuug,10,3970,1022
no.irc,no.psykologi,10,3970,1022
no.irc,no.sources.list,10,3970,1022
no.irc,no.sources.wanted,10,3970,1022
no.irc,no.speider,10,3970,1022
no.irc,no.tegnsett,10,3970,1022
no.irc,no.telepost,10,3970,1022
no.it.diverse,no.marked.jobb,10,330,168
no.it.diverse,no.net,10,330,168
no.jus,no.prat.narkotika,10,5232,1998
no.jus,no.sources.list,10,5232,1998
no.jus,no.sources.wanted,10,5232,1998
no.jus,no.tegnsett,10,5232,1998
no.jus,no.telepost,10,5232,1998
no.kjemi,no.alt.arkiv,10,830,350
no.kjemi,no.alt.config,10,830,350
no.kjemi,no.alt.mat,10,830,350
no.kjemi,no.sources.list,10,830,350
no.kjemi,no.sources.wanted,10,830,350
no.kjemi,no.speider,10,830,350
no.kjemi,no.tegnsett,10,830,350
no.kjemi,no.telepost,10,830,350
no.kryptografi,no.marked,10,330,112
no.linux,no.sources.list,10,8833,1209
no.linux,no.sources.wanted,10,8833,1209
no.linux,no.speider,10,8833,1209
no.linux,no.telepost,10,8833,1209
no.litteratur,no.biz.annonser,10,2060,485
no.litteratur,no.sources.list,10,2060,485
no.litteratur,no.sources.wanted,10,2060,485
no.litteratur,no.speider,10,2060,485
no.litteratur,no.tegnsett,10,2060,485
no.litteratur,no.telepost,10,2060,485
no.mac,no.mswindow,10,11681,1053
no.mac,no.sources.list,10,11681,1053
no.mac,no.sources.wanted,10,11681,1053
no.mac,no.speider,10,11681,1053
no.mac,no.telepost,10,11681,1053
no.mail.diverse,no.alt.arkiv,10,1099,512
no.mail.diverse,no.alt.config,10,1099,512
no.mail.diverse,no.alt.flame,10,1099,512
no.mail.diverse,no.alt.mat,10,1099,512
no.mail.diverse,no.sources.list,10,1099,512
no.mail.diverse,no.sources.wanted,10,1099,512
no.mail.diverse,no.speider,10,1099,512
no.mail.diverse,no.spill,10,1099,512
no.mail.diverse,no.sport.diverse,10,1099,512
no.mail.diverse,no.tegnsett,10,1099,512
no.mail.drift,no.alt.arkiv,10,307,207
no.mail.drift,no.alt.config,10,307,207
no.mail.drift,no.alt.diskusjoner,10,307,207
no.mail.drift,no.alt.flame,10,307,207
no.mail.drift,no.sources.list,10,307,207
no.mail.drift,no.sources.wanted,10,307,207
no.mail.drift,no.speider,10,307,207
no.mail.drift,no.spill,10,307,207
no.mail.drift,no.sport.diverse,10,307,207
no.mail.drift,no.tegnsett,10,307,207
no.mail.drift,no.telepost,10,307,207
no.marked,no.alt.arkiv,10,4847,1840
no.marked,no.alt.config,10,4847,1840
no.marked,no.sources.list,10,4847,1840
no.marked,no.tegnsett,10,4847,1840
no.marked,no.telepost,10,4847,1840
no.marked.bolig,no.musikk,10,67,36
no.medisin,no.alt.katter,10,880,278
no.medisin,no.alt.mat,10,880,278
no.ms-windows,no.norsk.fagord,10,4123,936
no.mswindow,no.mac,10,362,78
no.multimedia,no.alt.frustrasjoner,10,954,581
no.multimedia,no.sources.list,10,954,581
no.multimedia,no.sources.wanted,10,954,581
no.multimedia,no.speider,10,954,581
no.multimedia,no.tegnsett,10,954,581
no.multimedia,no.telepost,10,954,581
no.net,no.alt.config,10,1110,523
no.net,no.sources.list,10,1110,523
no.net,no.sources.wanted,10,1110,523
no.net,no.speider,10,1110,523
no.net,no.sport.diverse,10,1110,523
no.net,no.tegnsett,10,1110,523
no.news.diverse,no.unix,10,6024,2109
no.news.drift,no.sources.list,10,345,185
no.news.drift,no.sources.wanted,10,345,185
no.news.drift,no.speider,10,345,185
no.news.drift,no.spill,10,345,185
no.news.drift,no.sport.diverse,10,345,185
no.news.drift,no.tegnsett,10,345,185
no.news.drift,no.telepost,10,345,185
no.norsk,no.embnet,10,11325,2296
no.norsk,no.eunet.diverse,10,11325,2296
no.norsk,no.eunet.drift,10,11325,2296
no.norsk,no.sources.list,10,11325,2296
no.norsk,no.speider,10,11325,2296
no.norsk,no.tegnsett,10,11325,2296
no.pc,no.alt.tegneserier,10,12883,2791
no.pc,no.havforskning,10,12883,2791
no.pc,no.sources.list,10,12883,2791
no.pc,no.sources.wanted,10,12883,2791
no.pc,no.speider,10,12883,2791
no.psykologi,no.radio_tv,10,1209,553
no.psykologi,no.sources.list,10,1209,553
no.psykologi,no.sources.wanted,10,1209,553
no.psykologi,no.speider,10,1209,553
no.psykologi,no.tegnsett,10,1209,553
no.radio-tv,no.vitser,10,2524,676
no.radio_tv,no.net,10,909,244
no.religion,no.radio_tv,10,14266,2206
no.slekt,no.irc,10,2669,367
no.slekt,no.nuug,10,2669,367
no.slekt.programmer,no.slekt,10,264,41
no.sources.list,no.havforskning,10,12,12
no.sources.list,no.jus,10,12,12
no.sources.list,no.kjemi,10,12,12
no.sources.list,no.linux,10,12,12
no.sources.list,no.litteratur,10,12,12
no.sources.list,no.mac,10,12,12
no.sources.list,no.mail.diverse,10,12,12
no.sources.list,no.mail.drift,10,12,12
no.sources.list,no.marked,10,12,12
no.sources.list,no.multimedia,10,12,12
no.sources.list,no.net,10,12,12
no.sources.list,no.news.drift,10,12,12
no.sources.list,no.norsk,10,12,12
no.sources.list,no.nuug,10,12,12
no.sources.list,no.pc,10,12,12
no.sources.list,no.psykologi,10,12,12
no.sources.list,no.radio_tv,10,12,12
no.sources.wanted,no.havforskning,10,53,26
no.sources.wanted,no.jus,10,53,26
no.sources.wanted,no.kjemi,10,53,26
no.sources.wanted,no.linux,10,53,26
no.sources.wanted,no.litteratur,10,53,26
no.sources.wanted,no.mac,10,53,26
no.sources.wanted,no.mail.diverse,10,53,26
no.sources.wanted,no.mail.drift,10,53,26
no.sources.wanted,no.multimedia,10,53,26
no.sources.wanted,no.net,10,53,26
no.sources.wanted,no.news.drift,10,53,26
no.sources.wanted,no.nuug,10,53,26
no.sources.wanted,no.pc,10,53,26
no.sources.wanted,no.psykologi,10,53,26
no.sources.wanted,no.radio_tv,10,53,26
no.speider,no.havforskning,10,749,86
no.speider,no.kjemi,10,749,86
no.speider,no.linux,10,749,86
no.speider,no.litteratur,10,749,86
no.speider,no.mac,10,749,86
no.speider,no.mail.diverse,10,749,86
no.speider,no.mail.drift,10,749,86
no.speider,no.multimedia,10,749,86
no.speider,no.net,10,749,86
no.speider,no.news.drift,10,749,86
no.speider,no.nuug,10,749,86
no.speider,no.pc,10,749,86
no.speider,no.psykologi,10,749,86
no.speider,no.radio_tv,10,749,86
no.speider,no.stortinget,10,749,86
no.spill,no.alt.gledesutbrudd,10,5773,631
no.spill,no.havforskning,10,5773,631
no.spill,no.mail.diverse,10,5773,631
no.spill,no.mail.drift,10,5773,631
no.spill,no.news.drift,10,5773,631
no.spill,no.nuug,10,5773,631
no.spill,no.psykologi,10,5773,631
no.spill,no.stortinget,10,5773,631
no.sport.diverse,no.havforskning,10,3164,378
no.sport.diverse,no.mail.diverse,10,3164,378
no.sport.diverse,no.mail.drift,10,3164,378
no.sport.diverse,no.net,10,3164,378
no.sport.diverse,no.news.drift,10,3164,378
no.sport.diverse,no.nuug,10,3164,378
no.sport.diverse,no.psykologi,10,3164,378
no.sport.diverse,no.stortinget,10,3164,378
no.standard,no.tegnsett,10,64,38
no.stortinget,no.speider,10,1495,626
no.stortinget,no.spill,10,1495,626
no.stortinget,no.sport.diverse,10,1495,626
no.student.nett,unknown,10,159,70
no.sykkel,no.general,10,2152,284
no.sykkel,no.marked,10,2152,284
no.tegnsett,no.net,10,313,139
no.tegnsett,no.radio_tv,10,313,139
no.tegnsett,no.slekt,10,313,139
no.tegnsett,no.sources.list,10,313,139
no.tegnsett,no.sources.wanted,10,313,139
no.tegnsett,no.speider,10,313,139
no.tegnsett,no.spill,10,313,139
no.tegnsett,no.sport.diverse,10,313,139
no.tegnsett,no.telepost,10,313,139
no.tegnsett,no.unix,10,313,139
no.tegnsett,unknown,10,313,139
no.telepost,no.havforskning,10,537,316
no.telepost,no.jus,10,537,316
no.telepost,no.kjemi,10,537,316
no.telepost,no.linux,10,537,316
no.telepost,no.litteratur,10,537,316
no.telepost,no.mac,10,537,316
no.telepost,no.mail.drift,10,537,316
no.telepost,no.marked,10,537,316
no.telepost,no.multimedia,10,537,316
no.telepost,no.news.drift,10,537,316
no.telepost,no.nuug,10,537,316
no.telepost,no.psykologi,10,537,316
no.telepost,no.radio_tv,10,537,316
no.test,no.spill,10,1148,154
no.uninett.skole,no.skole.diverse,10,404,145
no.unix,no.mac,10,2325,766
no.unix,no.nuug,10,2325,766
no.unix,no.tegnsett,10,2325,766
no.vit.diverse,no.stortinget,10,447,186
no.vitser,no.radio-tv,10,4950,665
no.www,no.alt.motorsykler,10,2032,312
no.www,no.it.diverse,10,2032,312
no.ai,no.alt.tegneserier,9,158,118
no.alt.config,no.alt.amiga,9,451,283
no.alt.config,no.alt.tegneserier,9,451,283
no.alt.diskusjoner,no.alt.amiga,9,10536,4821
no.alt.diskusjoner,no.eunet.drift,9,10536,4821
no.alt.diskusjoner,no.www,9,10536,4821
no.alt.flame,no.litteratur,9,16830,5387
no.alt.flame,no.ms-windows,9,16830,5387
no.alt.flame,no.multimedia,9,16830,5387
no.alt.frustrasjoner,no.biz.annonser,9,21167,4522
no.alt.frustrasjoner,no.it.emacs,9,21167,4522
no.alt.frustrasjoner,no.spill,9,21167,4522
no.alt.god.jul,no.nuug,9,399,231
no.alt.irc-treff,no.alt.gledesutbrudd,9,687,171
no.alt.mat,no.stortinget,9,2055,461
no.alt.pompel-og-pilt,no.ai,9,215,83
no.alt.pompel-og-pilt,no.alt.arkiv,9,215,83
no.alt.pompel-og-pilt,no.alt.config,9,215,83
no.alt.pompel-og-pilt,no.alt.flame,9,215,83
no.alt.pompel-og-pilt,no.alt.gledesutbrudd,9,215,83
no.alt.pompel-og-pilt,no.alt.motorsykler,9,215,83
no.alt.pompel-og-pilt,no.alt.pompelog,9,215,83
no.alt.pompelog,no.alt.amiga,9,182,83
no.alt.radio_tv.irma1000,no.c,9,210,59
no.alt.radio_tv.irma1000,no.ef,9,210,59
no.alt.radio_tv.irma1000,no.embnet,9,210,59
no.alt.tegneserier,no.ai,9,1182,354
no.alt.tegneserier,no.alt.config,9,1182,354
no.alt.tegneserier,no.spill,9,1182,354
no.audio,no.norsk,9,4947,852
no.bibsys,unknown,9,57,54
no.biz.annonser,no.uninett.skole,9,746,501
no.biz.diskusjoner,no.biz.annonser.data,9,147,96
no.bolig,no.ef,9,357,63
no.c,no.ai,9,1412,303
no.c,no.alkohol,9,1412,303
no.ef,no.ai,9,866,633
no.elektronikk,no.sources.wanted,9,1832,584
no.embnet,no.ai,9,178,157
no.embnet,no.alkohol,9,178,157
no.eunet.drift,no.telepost,9,227,55
no.folklore.edb,no.norsk.fagord,9,123,71
no.general,no.media,9,47032,13121
no.general,no.prat.aksjer,9,47032,13121
no.havforskning,no.radio_tv,9,243,165
no.hobby.diverse,no.elektronikk,9,159,79
no.it.emacs,no.mac,9,708,143
no.jus,no.radio_tv,9,5232,1998
no.kjemi,no.radio_tv,9,830,350
no.kryptografi,no.news.diverse,9,330,112
no.linux,no.kryptografi,9,8833,1209
no.litteratur,no.radio_tv,9,2060,485
no.mac,no.amiga,9,11681,1053
no.mac,no.marked.bil,9,11681,1053
no.mac,no.marked.bolig,9,11681,1053
no.mac,no.unix,9,11681,1053
no.mac,no.vitser,9,11681,1053
no.mail.diverse,no.radio_tv,9,1099,512
no.mail.drift,no.alt.frustrasjoner,9,307,207
no.mail.drift,no.radio_tv,9,307,207
no.marked,no.it.diverse,9,4847,1840
no.marked,no.kryptografi,9,4847,1840
no.marked,no.stortinget,9,4847,1840
no.marked.bil,no.litteratur,9,204,61
no.marked.bil,no.mac,9,204,61
no.marked.bil,no.mail.diverse,9,204,61
no.marked.bil,no.mail.drift,9,204,61
no.marked.bolig,no.litteratur,9,67,36
no.marked.bolig,no.mac,9,67,36
no.marked.bolig,no.mail.diverse,9,67,36
no.marked.bolig,no.mail.drift,9,67,36
no.marked.data,no.alt.frustrasjoner,9,4910,1299
no.marked.data,no.biz.diskusjoner,9,4910,1299
no.marked.data,no.media,9,4910,1299
no.marked.data,no.tele,9,4910,1299
no.media,no.general,9,58,45
no.media,no.mac,9,58,45
no.media,no.musikk,9,58,45
no.ms-windows,no.alt.frustrasjoner,9,4123,936
no.musikk,no.religion,9,15532,1497
no.net,no.it.diverse,9,1110,523
no.net,no.radio_tv,9,1110,523
no.news.diverse,no.alt.tegneserier,9,6024,2109
no.news.diverse,no.svar,9,6024,2109
no.news.drift,no.radio_tv,9,345,185
no.norsk.fagord,no.ms-windows,9,177,47
no.nuug,no.alt.god.jul,9,50,46
no.nuug,no.havforskning,9,50,46
no.nuug,no.radio_tv,9,50,46
no.nuug,no.slekt,9,50,46
no.nuug,no.sources.list,9,50,46
no.nuug,no.sources.wanted,9,50,46
no.nuug,no.speider,9,50,46
no.nuug,no.spill,9,50,46
no.nuug,no.sport.diverse,9,50,46
no.nuug,no.tegnsett,9,50,46
no.nuug,no.telepost,9,50,46
no.nuug,no.unix,9,50,46
no.org.efn.diskusjon,no.alt.tegneserier,9,869,491
no.org.efn.diskusjon,no.audio,9,869,491
no.org.efn.diskusjon,no.c,9,869,491
no.org.efn.diskusjon,no.ef,9,869,491
no.org.efn.diskusjon,no.embnet,9,869,491
no.org.efn.diskusjon,no.eunet.diverse,9,869,491
no.org.isoc-no,no.org.efn.diskusjon,9,15,9
no.pc,no.ef,9,12883,2791
no.pc,no.eunet.drift,9,12883,2791
no.perl,no.pc,9,633,117
no.prat.politikk,no.havforskning,9,2527,1425
no.radio_tv,no.sources.list,9,909,244
no.radio_tv,no.sources.wanted,9,909,244
no.radio_tv,no.speider,9,909,244
no.radio_tv,no.tegnsett,9,909,244
no.radio_tv,no.telepost,9,909,244
no.reiser,no.speider,9,746,84
no.reiser,no.spill,9,746,84
no.skole.diverse,no.alt.diskusjoner,9,350,231
no.skole.diverse,no.havforskning,9,350,231
no.skole.diverse,no.vit.diverse,9,350,231
no.slekt,no.alt.diskusjoner,9,2669,367
no.slekt,no.elektronikk,9,2669,367
no.slekt,no.general,9,2669,367
no.slekt,no.ms-windows,9,2669,367
no.slekt,no.musikk.gitar,9,2669,367
no.slekt,no.standard,9,2669,367
no.slekt,no.tungregning,9,2669,367
no.sources.list,no.musikk.gitar,9,12,12
no.sources.wanted,no.musikk.gitar,9,53,26
no.speider,no.musikk.gitar,9,749,86
no.speider,no.reiser,9,749,86
no.spill,no.musikk.gitar,9,5773,631
no.spill,no.reiser,9,5773,631
no.sport.diverse,no.medisin,9,3164,378
no.sport.diverse,no.musikk.gitar,9,3164,378
no.sport.volleyball,unknown,9,63,9
no.stortinget,no.marked,9,1495,626
no.student.samfund,no.news.diverse,9,98,54
no.tegnsett,no.havforskning,9,313,139
no.tegnsett,no.kjemi,9,313,139
no.tegnsett,no.litteratur,9,313,139
no.tegnsett,no.mail.diverse,9,313,139
no.tegnsett,no.mail.drift,9,313,139
no.tegnsett,no.marked,9,313,139
no.tegnsett,no.multimedia,9,313,139
no.tegnsett,no.news.drift,9,313,139
no.tegnsett,no.nuug,9,313,139
no.tegnsett,no.pc,9,313,139
no.tegnsett,no.psykologi,9,313,139
no.tegnsett,no.standard,9,313,139
no.tele,no.norsk,9,3203,694
no.telepost,no.alt.frustrasjoner,9,537,316
no.telepost,no.eunet.drift,9,537,316
no.telepost,no.musikk.gitar,9,537,316
no.telepost,no.standard,9,537,316
no.typografi,unknown,9,164,85
no.uninett.diverse,unknown,9,82,53
no.vit.diverse,no.skole.diverse,9,447,186
no.vitser,no.sport.diverse,9,4950,665
no.www,no.alt.diskusjoner,9,2032,312
no.www,no.mail.diverse,9,2032,312
no.www,no.net,9,2032,312
no.ai,no.jus,8,158,118
no.alkohol,no.alt.amiga,8,2049,918
no.alkohol,no.alt.pompel-og-pilt,8,2049,918
no.alt.amiga,no.alkohol,8,294,42
no.alt.amiga,no.alt.config,8,294,42
no.alt.amiga,no.alt.diskusjoner,8,294,42
no.alt.amiga,no.alt.frustrasjoner,8,294,42
no.alt.amiga,no.alt.gledesutbrudd,8,294,42
no.alt.amiga,no.alt.god.jul,8,294,42
no.alt.amiga,no.alt.mat,8,294,42
no.alt.amiga,no.alt.motorsykler,8,294,42
no.alt.amiga,no.alt.pompelog,8,294,42
no.alt.amiga,no.alt.radio_tv.irma1000,8,294,42
no.alt.arkiv,no.c,8,74,67
no.alt.arkiv,no.ef,8,74,67
no.alt.arkiv,no.embnet,8,74,67
no.alt.arkiv,unknown,8,74,67
no.alt.config,no.c,8,451,283
no.alt.config,no.embnet,8,451,283
no.alt.diskusjoner,no.embnet,8,10536,4821
no.alt.diskusjoner,no.film,8,10536,4821
no.alt.flame,no.prat.politikk,8,16830,5387
no.alt.frustrasjoner,no.alt.amiga,8,21167,4522
no.alt.frustrasjoner,no.sources.list,8,21167,4522
no.alt.frustrasjoner,no.sources.wanted,8,21167,4522
no.alt.gledesutbrudd,no.alt.amiga,8,6405,1220
no.alt.gledesutbrudd,no.multimedia,8,6405,1220
no.alt.god.jul,no.ai,8,399,231
no.alt.god.jul,no.alt.amiga,8,399,231
no.alt.god.jul,no.alt.arkiv,8,399,231
no.alt.god.jul,no.pc,8,399,231
no.alt.god.jul,no.psykologi,8,399,231
no.alt.god.jul,no.spill,8,399,231
no.alt.god.jul,no.sport.diverse,8,399,231
no.alt.katter,no.alt.tegneserier,8,1001,143
no.alt.katter,no.jus,8,1001,143
no.alt.mat,no.alt.amiga,8,2055,461
no.alt.mat.drikke,no.alt.tegneserier,8,467,164
no.alt.mat.drikke,no.c,8,467,164
no.alt.motorsykler,no.alt.amiga,8,26896,1305
no.alt.motorsykler,no.alt.pompel-og-pilt,8,26896,1305
no.alt.motorsykler,no.c,8,26896,1305
no.alt.motorsykler,no.ef,8,26896,1305
no.alt.motorsykler,no.embnet,8,26896,1305
no.alt.motorsykler,no.kjemi,8,26896,1305
no.alt.motorsykler,no.net,8,26896,1305
no.alt.motorsykler,no.reiser,8,26896,1305
no.alt.motorsykler,no.spill,8,26896,1305
no.alt.pompel-og-pilt,no.alkohol,8,215,83
no.alt.radio-tv.irma-1000,no.ai,8,108,76
no.alt.radio-tv.irma-1000,no.alkohol,8,108,76
no.alt.radio-tv.irma-1000,no.alt.frustrasjoner,8,108,76
no.alt.radio-tv.irma-1000,no.alt.gledesutbrudd,8,108,76
no.alt.radio-tv.irma-1000,no.alt.mat,8,108,76
no.alt.radio-tv.irma-1000,no.alt.motorsykler,8,108,76
no.alt.radio_tv.irma1000,no.alt.amiga,8,210,59
no.alt.radio_tv.irma1000,no.marked,8,210,59
no.alt.sjokolade,unknown,8,307,51
no.alt.tegneserier,no.alt.katter,8,1182,354
no.alt.tegneserier,no.alt.mat.drikke,8,1182,354
no.audio,no.biz.diskusjoner,8,4947,852
no.audio,no.slekt,8,4947,852
no.audio,no.spill,8,4947,852
no.audio,no.sport.diverse,8,4947,852
no.biz.annonser,no.irc,8,746,501
no.biz.annonser,no.kryptografi,8,746,501
no.biz.annonser,no.linux,8,746,501
no.biz.annonser.data,no.biz.diskusjoner,8,276,193
no.biz.diskusjoner,no.audio,8,147,96
no.biz.diskusjoner,no.bolig,8,147,96
no.biz.diskusjoner,no.elektronikk,8,147,96
no.bolig,no.biz.diskusjoner,8,357,63
no.bolig,no.film,8,357,63
no.bolig,no.irc,8,357,63
no.bolig,no.marked.jobb,8,357,63
no.bolig,no.musikk,8,357,63
no.c,no.alt.motorsykler,8,1412,303
no.c,no.alt.radio_tv.irma1000,8,1412,303
no.c,no.norsk,8,1412,303
no.c,no.slekt,8,1412,303
no.c,no.sport.diverse,8,1412,303
no.ef,no.alt.motorsykler,8,866,633
no.ef,no.alt.radio_tv.irma1000,8,866,633
no.ef,no.pc,8,866,633
no.elektronikk,no.biz.diskusjoner,8,1832,584
no.elektronikk,no.slekt,8,1832,584
no.embnet,no.alt.motorsykler,8,178,157
no.embnet,no.alt.radio_tv.irma1000,8,178,157
no.eunet.drift,no.news.drift,8,227,55
no.film,no.bolig,8,6949,1035
no.film,no.spill,8,6949,1035
no.irc,no.biz.annonser,8,3970,1022
no.irc,no.bolig,8,3970,1022
no.it.diverse,no.alt.frustrasjoner,8,330,168
no.it.diverse,no.spill,8,330,168
no.kjemi,no.alt.motorsykler,8,830,350
no.kryptografi,no.biz.annonser,8,330,112
no.kryptografi,no.pc,8,330,112
no.linux,no.biz.annonser,8,8833,1209
no.linux,no.ms-windows,8,8833,1209
no.litteratur,no.alt.flame,8,2060,485
no.litteratur,no.marked.bil,8,2060,485
no.litteratur,no.marked.bolig,8,2060,485
no.mac,no.typografi,8,11681,1053
no.mail.diverse,no.it.emacs,8,1099,512
no.mail.diverse,no.marked.bil,8,1099,512
no.mail.diverse,no.marked.bolig,8,1099,512
no.mail.diverse,no.www,8,1099,512
no.mail.drift,no.marked.bil,8,307,207
no.mail.drift,no.marked.bolig,8,307,207
no.marked,no.alt.radio_tv.irma1000,8,4847,1840
no.marked,no.sykkel,8,4847,1840
no.marked.bil,no.lisp,8,204,61
no.marked.bolig,no.lisp,8,67,36
no.marked.bolig,no.musikk.gitar,8,67,36
no.marked.data,no.norsk,8,4910,1299
no.marked.data,no.nuug,8,4910,1299
no.marked.diskusjon,unknown,8,54,49
no.marked.jobb,no.it.diverse,8,766,318
no.media,no.mail.diverse,8,58,45
no.media,no.marked.data,8,58,45
no.medisin,no.norsk,8,880,278
no.medisin,no.stortinget,8,880,278
no.ms-windows,no.linux,8,4123,936
no.ms-windows,no.slekt,8,4123,936
no.multimedia,no.alt.gledesutbrudd,8,954,581
no.musikk,no.biz.annonser.data,8,15532,1497
no.musikk,no.bolig,8,15532,1497
no.musikk.gitar,no.marked.bolig,8,910,220
no.musikk.gitar,no.slekt,8,910,220
no.musikk.gitar,no.sources.list,8,910,220
no.musikk.gitar,no.sources.wanted,8,910,220
no.musikk.gitar,no.speider,8,910,220
no.musikk.gitar,no.spill,8,910,220
no.musikk.gitar,no.sport.diverse,8,910,220
no.musikk.gitar,no.tegnsett,8,910,220
no.musikk.gitar,no.telepost,8,910,220
no.net,no.alt.motorsykler,8,1110,523
no.net,no.student.nett,8,1110,523
no.news.diverse,no.eunet.hjelp,8,6024,2109
no.news.diverse,no.lisp,8,6024,2109
no.news.drift,no.eunet.drift,8,345,185
no.norsk,no.alt.flame,8,11325,2296
no.norsk,no.marked.data,8,11325,2296
no.org.efn.diskusjon,no.eunet.drift,8,869,491
no.org.efn.diskusjon,no.havforskning,8,869,491
no.pc,no.alt.god.jul,8,12883,2791
no.pc,no.alt.pompelog,8,12883,2791
no.pc,no.eunet.hjelp,8,12883,2791
no.psykologi,no.irc,8,1209,553
no.psykologi,no.standard,8,1209,553
no.psykologi,no.tungregning,8,1209,553
no.radio_tv,no.havforskning,8,909,244
no.radio_tv,no.jus,8,909,244
no.radio_tv,no.kjemi,8,909,244
no.radio_tv,no.litteratur,8,909,244
no.radio_tv,no.mail.diverse,8,909,244
no.radio_tv,no.mail.drift,8,909,244
no.radio_tv,no.news.drift,8,909,244
no.radio_tv,no.nuug,8,909,244
no.radio_tv,no.psykologi,8,909,244
no.reiser,no.sport.diverse,8,746,84
no.slekt,no.audio,8,2669,367
no.slekt,no.c,8,2669,367
no.sources.list,no.standard,8,12,12
no.sources.list,no.stortinget,8,12,12
no.sources.list,no.tungregning,8,12,12
no.sources.wanted,no.standard,8,53,26
no.sources.wanted,no.tungregning,8,53,26
no.speider,no.irc,8,749,86
no.speider,no.standard,8,749,86
no.speider,no.tungregning,8,749,86
no.spill,no.alt.god.jul,8,5773,631
no.spill,no.alt.motorsykler,8,5773,631
no.spill,no.alt.tegneserier,8,5773,631
no.spill,no.audio,8,5773,631
no.spill,no.film,8,5773,631
no.spill,no.standard,8,5773,631
no.spill,no.tungregning,8,5773,631
no.sport.diverse,no.alt.god.jul,8,3164,378
no.sport.diverse,no.audio,8,3164,378
no.sport.diverse,no.c,8,3164,378
no.sport.diverse,no.irc,8,3164,378
no.sport.diverse,no.reiser,8,3164,378
no.sport.diverse,no.standard,8,3164,378
no.sport.diverse,no.tungregning,8,3164,378
no.sport.diverse,no.vitser,8,3164,378
no.standard,no.telepost,8,64,38
no.stortinget,no.org.efn.diskusjon,8,1495,626
no.stortinget,no.sources.list,8,1495,626
no.stortinget,no.tegnsett,8,1495,626
no.student.nett,no.net,8,159,70
no.tegnsett,no.alt.gledesutbrudd,8,313,139
no.tegnsett,no.musikk.gitar,8,313,139
no.tegnsett,no.stortinget,8,313,139
no.tele,no.unix,8,3203,694
no.telepost,no.ef,8,537,316
no.telepost,no.tungregning,8,537,316
no.test,no.general,8,1148,154
no.test,no.marked.data,8,1148,154
no.uninett.skole,no.alt.gledesutbrudd,8,404,145
no.uninett.skole,no.biz.annonser,8,404,145
no.uninett.skole,no.mail.diverse,8,404,145
no.uninett.skole,no.marked,8,404,145
no.unix,no.jus,8,2325,766
no.vitser,no.jus,8,4950,665
no.vitser,no.kjemi,8,4950,665
no.www,no.irc,8,2032,312
no.ai,no.alt.god.jul,7,158,118
no.ai,no.alt.pompel-og-pilt,7,158,118
no.ai,no.eunet.diverse,7,158,118
no.ai,no.eunet.drift,7,158,118
no.ai,no.eunet.hjelp,7,158,118
no.ai,no.havforskning,7,158,118
no.alkohol,no.audio,7,2049,918
no.alkohol,no.eunet.diverse,7,2049,918
no.alkohol,no.eunet.drift,7,2049,918
no.alkohol,no.eunet.hjelp,7,2049,918
no.alkohol,no.havforskning,7,2049,918
no.alt.arkiv,no.alt.god.jul,7,74,67
no.alt.arkiv,no.alt.pompel-og-pilt,7,74,67
no.alt.arkiv,no.eunet.diverse,7,74,67
no.alt.arkiv,no.eunet.drift,7,74,67
no.alt.arkiv,no.eunet.hjelp,7,74,67
no.alt.arkiv,no.havforskning,7,74,67
no.alt.arkiv,no.jus,7,74,67
no.alt.config,no.alt.pompel-og-pilt,7,451,283
no.alt.config,no.eunet.diverse,7,451,283
no.alt.config,no.eunet.drift,7,451,283
no.alt.config,no.eunet.hjelp,7,451,283
no.alt.config,no.havforskning,7,451,283
no.alt.config,no.jus,7,451,283
no.alt.diskusjoner,no.alt.pompel-og-pilt,7,10536,4821
no.alt.diskusjoner,no.eunet.diverse,7,10536,4821
no.alt.flame,no.alt.pompel-og-pilt,7,16830,5387
no.alt.flame,no.bil,7,16830,5387
no.alt.flame,no.www,7,16830,5387
no.alt.frustrasjoner,no.it.diverse,7,21167,4522
no.alt.gledesutbrudd,no.bil,7,6405,1220
no.alt.gledesutbrudd,no.kjemi,7,6405,1220
no.alt.gledesutbrudd,no.mail.diverse,7,6405,1220
no.alt.gledesutbrudd,no.mail.drift,7,6405,1220
no.alt.gledesutbrudd,no.news.drift,7,6405,1220
no.alt.gledesutbrudd,no.nuug,7,6405,1220
no.alt.gledesutbrudd,no.org.efn.diskusjon,7,6405,1220
no.alt.gledesutbrudd,no.pc,7,6405,1220
no.alt.gledesutbrudd,no.slekt,7,6405,1220
no.alt.gledesutbrudd,no.sources.list,7,6405,1220
no.alt.gledesutbrudd,no.sources.wanted,7,6405,1220
no.alt.gledesutbrudd,no.speider,7,6405,1220
no.alt.gledesutbrudd,no.spill,7,6405,1220
no.alt.gledesutbrudd,no.stortinget,7,6405,1220
no.alt.gledesutbrudd,no.tegnsett,7,6405,1220
no.alt.gledesutbrudd,no.telepost,7,6405,1220
no.alt.god.jul,no.eunet.diverse,7,399,231
no.alt.god.jul,no.eunet.drift,7,399,231
no.alt.god.jul,no.eunet.hjelp,7,399,231
no.alt.god.jul,no.news.drift,7,399,231
no.alt.god.jul,no.org.efn.diskusjon,7,399,231
no.alt.god.jul,no.radio_tv,7,399,231
no.alt.god.jul,no.slekt,7,399,231
no.alt.god.jul,no.sources.list,7,399,231
no.alt.god.jul,no.sources.wanted,7,399,231
no.alt.god.jul,no.speider,7,399,231
no.alt.god.jul,no.stortinget,7,399,231
no.alt.god.jul,no.tegnsett,7,399,231
no.alt.god.jul,no.telepost,7,399,231
no.alt.katter,no.audio,7,1001,143
no.alt.katter,no.bil,7,1001,143
no.alt.katter,no.biz.diskusjoner,7,1001,143
no.alt.katter,no.bolig,7,1001,143
no.alt.katter,no.c,7,1001,143
no.alt.katter,no.ef,7,1001,143
no.alt.katter,no.elektronikk,7,1001,143
no.alt.katter,no.embnet,7,1001,143
no.alt.mat,no.alt.pompel-og-pilt,7,2055,461
no.alt.mat,no.linux,7,2055,461
no.alt.mat,no.mac,7,2055,461
no.alt.mat,no.mail.drift,7,2055,461
no.alt.mat,no.net,7,2055,461
no.alt.mat,no.news.drift,7,2055,461
no.alt.mat,no.norsk,7,2055,461
no.alt.mat,no.nuug,7,2055,461
no.alt.mat,no.org.efn.diskusjon,7,2055,461
no.alt.mat,no.pc,7,2055,461
no.alt.mat,no.psykologi,7,2055,461
no.alt.mat,no.radio_tv,7,2055,461
no.alt.mat,no.slekt,7,2055,461
no.alt.mat,no.sources.list,7,2055,461
no.alt.mat,no.sources.wanted,7,2055,461
no.alt.mat,no.speider,7,2055,461
no.alt.mat,no.spill,7,2055,461
no.alt.mat,no.sport.diverse,7,2055,461
no.alt.mat,no.tegnsett,7,2055,461
no.alt.mat,no.telepost,7,2055,461
no.alt.mat.drikke,no.audio,7,467,164
no.alt.mat.drikke,no.bil,7,467,164
no.alt.mat.drikke,no.biz.diskusjoner,7,467,164
no.alt.mat.drikke,no.bolig,7,467,164
no.alt.mat.drikke,no.ef,7,467,164
no.alt.mat.drikke,no.elektronikk,7,467,164
no.alt.mat.drikke,no.embnet,7,467,164
no.alt.motorsykler,no.eunet.diverse,7,26896,1305
no.alt.motorsykler,no.eunet.drift,7,26896,1305
no.alt.motorsykler,no.eunet.hjelp,7,26896,1305
no.alt.motorsykler,no.havforskning,7,26896,1305
no.alt.motorsykler,no.linux,7,26896,1305
no.alt.motorsykler,no.mail.diverse,7,26896,1305
no.alt.motorsykler,no.mail.drift,7,26896,1305
no.alt.motorsykler,no.multimedia,7,26896,1305
no.alt.motorsykler,no.news.drift,7,26896,1305
no.alt.motorsykler,no.norsk,7,26896,1305
no.alt.motorsykler,no.nuug,7,26896,1305
no.alt.motorsykler,no.org.efn.diskusjon,7,26896,1305
no.alt.motorsykler,no.pc,7,26896,1305
no.alt.motorsykler,no.psykologi,7,26896,1305
no.alt.motorsykler,no.radio_tv,7,26896,1305
no.alt.motorsykler,no.slekt,7,26896,1305
no.alt.motorsykler,no.sources.list,7,26896,1305
no.alt.motorsykler,no.sources.wanted,7,26896,1305
no.alt.motorsykler,no.sport.diverse,7,26896,1305
no.alt.motorsykler,no.stortinget,7,26896,1305
no.alt.motorsykler,no.tegnsett,7,26896,1305
no.alt.motorsykler,no.telepost,7,26896,1305
no.alt.pompelog,no.kjemi,7,182,83
no.alt.pompelog,no.linux,7,182,83
no.alt.pompelog,no.litteratur,7,182,83
no.alt.pompelog,no.mac,7,182,83
no.alt.pompelog,no.mail.diverse,7,182,83
no.alt.pompelog,no.mail.drift,7,182,83
no.alt.pompelog,no.marked,7,182,83
no.alt.pompelog,no.multimedia,7,182,83
no.alt.pompelog,no.norsk,7,182,83
no.alt.pompelog,no.nuug,7,182,83
no.alt.pompelog,no.org.efn.diskusjon,7,182,83
no.alt.pompelog,no.pc,7,182,83
no.alt.pompelog,no.psykologi,7,182,83
no.alt.pompelog,no.radio_tv,7,182,83
no.alt.pompelog,no.slekt,7,182,83
no.alt.pompelog,no.sources.list,7,182,83
no.alt.pompelog,no.sources.wanted,7,182,83
no.alt.pompelog,no.speider,7,182,83
no.alt.pompelog,no.spill,7,182,83
no.alt.pompelog,no.sport.diverse,7,182,83
no.alt.pompelog,no.stortinget,7,182,83
no.alt.pompelog,no.tegnsett,7,182,83
no.alt.pompelog,no.telepost,7,182,83
no.alt.radio-tv.irma-1000,no.alt.radio_tv.irma1000,7,108,76
no.alt.radio_tv.irma1000,no.eunet.diverse,7,210,59
no.alt.radio_tv.irma1000,no.eunet.drift,7,210,59
no.alt.radio_tv.irma1000,no.eunet.hjelp,7,210,59
no.alt.radio_tv.irma1000,no.havforskning,7,210,59
no.alt.radio_tv.irma1000,no.jus,7,210,59
no.alt.radio_tv.irma1000,no.kjemi,7,210,59
no.alt.radio_tv.irma1000,no.linux,7,210,59
no.alt.radio_tv.irma1000,no.litteratur,7,210,59
no.alt.radio_tv.irma1000,no.mac,7,210,59
no.alt.radio_tv.irma1000,no.mail.diverse,7,210,59
no.alt.radio_tv.irma1000,no.mail.drift,7,210,59
no.alt.radio_tv.irma1000,no.multimedia,7,210,59
no.alt.radio_tv.irma1000,no.net,7,210,59
no.alt.radio_tv.irma1000,no.news.drift,7,210,59
no.alt.radio_tv.irma1000,no.norsk,7,210,59
no.alt.radio_tv.irma1000,no.nuug,7,210,59
no.alt.radio_tv.irma1000,no.org.efn.diskusjon,7,210,59
no.alt.radio_tv.irma1000,no.pc,7,210,59
no.alt.radio_tv.irma1000,no.psykologi,7,210,59
no.alt.radio_tv.irma1000,no.slekt,7,210,59
no.alt.radio_tv.irma1000,no.sources.list,7,210,59
no.alt.radio_tv.irma1000,no.sources.wanted,7,210,59
no.alt.radio_tv.irma1000,no.speider,7,210,59
no.alt.radio_tv.irma1000,no.spill,7,210,59
no.alt.radio_tv.irma1000,no.sport.diverse,7,210,59
no.alt.radio_tv.irma1000,no.stortinget,7,210,59
no.alt.radio_tv.irma1000,no.tegnsett,7,210,59
no.alt.radio_tv.irma1000,no.telepost,7,210,59
no.alt.sjokolade,no.alkohol,7,307,51
no.alt.sjokolade,no.alt.arkiv,7,307,51
no.alt.sjokolade,no.alt.motorsykler,7,307,51
no.alt.sjokolade,no.alt.tegneserier,7,307,51
no.alt.tegneserier,no.biz.annonser,7,1182,354
no.alt.tegneserier,no.biz.diskusjoner,7,1182,354
no.alt.tegneserier,no.bolig,7,1182,354
no.alt.tegneserier,no.news.drift,7,1182,354
no.alt.tegneserier,no.nuug,7,1182,354
no.alt.tegneserier,no.org.efn.diskusjon,7,1182,354
no.alt.tegneserier,no.psykologi,7,1182,354
no.alt.tegneserier,no.slekt,7,1182,354
no.alt.tegneserier,no.sources.list,7,1182,354
no.alt.tegneserier,no.sources.wanted,7,1182,354
no.alt.tegneserier,no.speider,7,1182,354
no.alt.tegneserier,no.sport.diverse,7,1182,354
no.alt.tegneserier,no.stortinget,7,1182,354
no.alt.tegneserier,no.tegnsett,7,1182,354
no.alt.tegneserier,no.telepost,7,1182,354
no.audio,no.eunet.hjelp,7,4947,852
no.audio,no.news.diverse,7,4947,852
no.audio,no.news.drift,7,4947,852
no.audio,no.nuug,7,4947,852
no.audio,no.org.efn.diskusjon,7,4947,852
no.audio,no.psykologi,7,4947,852
no.audio,no.sources.list,7,4947,852
no.audio,no.sources.wanted,7,4947,852
no.audio,no.speider,7,4947,852
no.audio,no.stortinget,7,4947,852
no.audio,no.tegnsett,7,4947,852
no.audio,no.telepost,7,4947,852
no.biz.annonser,no.alt.mat,7,746,501
no.biz.annonser,no.ms-windows,7,746,501
no.biz.annonser,no.musikk.gitar,7,746,501
no.biz.annonser.data,no.musikk,7,276,193
no.biz.diskusjoner,no.embnet,7,147,96
no.biz.nettilbydere,no.pc,7,479,145
no.bolig,no.kjemi,7,357,63
no.bolig,no.linux,7,357,63
no.bolig,no.lisp,7,357,63
no.bolig,no.litteratur,7,357,63
no.bolig,no.marked.data,7,357,63
no.bolig,no.musikk.gitar,7,357,63
no.c,no.alt.arkiv,7,1412,303
no.c,no.alt.config,7,1412,303
no.c,no.nuug,7,1412,303
no.c,no.org.efn.diskusjon,7,1412,303
no.c,no.psykologi,7,1412,303
no.c,no.radio_tv,7,1412,303
no.c,no.sources.list,7,1412,303
no.c,no.sources.wanted,7,1412,303
no.c,no.speider,7,1412,303
no.c,no.stortinget,7,1412,303
no.c,no.tegnsett,7,1412,303
no.c,no.telepost,7,1412,303
no.ef,no.alt.arkiv,7,866,633
no.ef,no.nuug,7,866,633
no.ef,no.org.efn.diskusjon,7,866,633
no.ef,no.psykologi,7,866,633
no.ef,no.radio_tv,7,866,633
no.ef,no.slekt,7,866,633
no.ef,no.sources.list,7,866,633
no.ef,no.sources.wanted,7,866,633
no.ef,no.speider,7,866,633
no.ef,no.spill,7,866,633
no.ef,no.sport.diverse,7,866,633
no.ef,no.tegnsett,7,866,633
no.ef,no.telepost,7,866,633
no.embnet,no.alt.arkiv,7,178,157
no.embnet,no.alt.config,7,178,157
no.embnet,no.alt.diskusjoner,7,178,157
no.embnet,no.biz.diskusjoner,7,178,157
no.embnet,no.news.drift,7,178,157
no.embnet,no.norsk,7,178,157
no.embnet,no.nuug,7,178,157
no.embnet,no.org.efn.diskusjon,7,178,157
no.embnet,no.pc,7,178,157
no.embnet,no.psykologi,7,178,157
no.embnet,no.radio_tv,7,178,157
no.embnet,no.slekt,7,178,157
no.embnet,no.sources.list,7,178,157
no.embnet,no.sources.wanted,7,178,157
no.embnet,no.speider,7,178,157
no.embnet,no.spill,7,178,157
no.embnet,no.sport.diverse,7,178,157
no.embnet,no.stortinget,7,178,157
no.embnet,no.tegnsett,7,178,157
no.embnet,no.telepost,7,178,157
no.eunet.diverse,no.ai,7,89,51
no.eunet.diverse,no.alkohol,7,89,51
no.eunet.diverse,no.alt.arkiv,7,89,51
no.eunet.diverse,no.alt.config,7,89,51
no.eunet.diverse,no.alt.diskusjoner,7,89,51
no.eunet.diverse,no.alt.god.jul,7,89,51
no.eunet.diverse,no.alt.motorsykler,7,89,51
no.eunet.diverse,no.alt.radio_tv.irma1000,7,89,51
no.eunet.diverse,no.kjemi,7,89,51
no.eunet.diverse,no.linux,7,89,51
no.eunet.diverse,no.litteratur,7,89,51
no.eunet.diverse,no.mac,7,89,51
no.eunet.diverse,no.mail.diverse,7,89,51
no.eunet.diverse,no.mail.drift,7,89,51
no.eunet.diverse,no.marked,7,89,51
no.eunet.diverse,no.multimedia,7,89,51
no.eunet.diverse,no.net,7,89,51
no.eunet.diverse,no.news.drift,7,89,51
no.eunet.diverse,no.norsk,7,89,51
no.eunet.diverse,no.nuug,7,89,51
no.eunet.diverse,no.org.efn.diskusjon,7,89,51
no.eunet.diverse,no.pc,7,89,51
no.eunet.diverse,no.psykologi,7,89,51
no.eunet.diverse,no.radio_tv,7,89,51
no.eunet.diverse,no.slekt,7,89,51
no.eunet.diverse,no.sources.list,7,89,51
no.eunet.diverse,no.sources.wanted,7,89,51
no.eunet.diverse,no.speider,7,89,51
no.eunet.diverse,no.spill,7,89,51
no.eunet.diverse,no.sport.diverse,7,89,51
no.eunet.diverse,no.stortinget,7,89,51
no.eunet.diverse,no.tegnsett,7,89,51
no.eunet.diverse,no.telepost,7,89,51
no.eunet.diverse,unknown,7,89,51
no.eunet.drift,no.ai,7,227,55
no.eunet.drift,no.alkohol,7,227,55
no.eunet.drift,no.alt.arkiv,7,227,55
no.eunet.drift,no.alt.config,7,227,55
no.eunet.drift,no.alt.god.jul,7,227,55
no.eunet.drift,no.alt.motorsykler,7,227,55
no.eunet.drift,no.alt.radio_tv.irma1000,7,227,55
no.eunet.drift,no.kjemi,7,227,55
no.eunet.drift,no.linux,7,227,55
no.eunet.drift,no.litteratur,7,227,55
no.eunet.drift,no.mac,7,227,55
no.eunet.drift,no.mail.diverse,7,227,55
no.eunet.drift,no.mail.drift,7,227,55
no.eunet.drift,no.marked,7,227,55
no.eunet.drift,no.multimedia,7,227,55
no.eunet.drift,no.net,7,227,55
no.eunet.drift,no.norsk,7,227,55
no.eunet.drift,no.nuug,7,227,55
no.eunet.drift,no.org.efn.diskusjon,7,227,55
no.eunet.drift,no.psykologi,7,227,55
no.eunet.drift,no.radio_tv,7,227,55
no.eunet.drift,no.slekt,7,227,55
no.eunet.drift,no.sources.list,7,227,55
no.eunet.drift,no.sources.wanted,7,227,55
no.eunet.drift,no.speider,7,227,55
no.eunet.drift,no.spill,7,227,55
no.eunet.drift,no.sport.diverse,7,227,55
no.eunet.drift,no.stortinget,7,227,55
no.eunet.drift,no.tegnsett,7,227,55
no.eunet.hjelp,no.ai,7,327,65
no.eunet.hjelp,no.alkohol,7,327,65
no.eunet.hjelp,no.alt.arkiv,7,327,65
no.eunet.hjelp,no.alt.config,7,327,65
no.eunet.hjelp,no.alt.god.jul,7,327,65
no.eunet.hjelp,no.alt.motorsykler,7,327,65
no.eunet.hjelp,no.alt.radio_tv.irma1000,7,327,65
no.eunet.hjelp,no.audio,7,327,65
no.eunet.hjelp,no.kjemi,7,327,65
no.eunet.hjelp,no.linux,7,327,65
no.eunet.hjelp,no.litteratur,7,327,65
no.eunet.hjelp,no.mac,7,327,65
no.eunet.hjelp,no.mail.diverse,7,327,65
no.eunet.hjelp,no.mail.drift,7,327,65
no.eunet.hjelp,no.marked,7,327,65
no.eunet.hjelp,no.multimedia,7,327,65
no.eunet.hjelp,no.norsk,7,327,65
no.eunet.hjelp,no.nuug,7,327,65
no.eunet.hjelp,no.org.efn.diskusjon,7,327,65
no.eunet.hjelp,no.pc,7,327,65
no.eunet.hjelp,no.psykologi,7,327,65
no.eunet.hjelp,no.radio_tv,7,327,65
no.eunet.hjelp,no.slekt,7,327,65
no.eunet.hjelp,no.sources.list,7,327,65
no.eunet.hjelp,no.sources.wanted,7,327,65
no.eunet.hjelp,no.speider,7,327,65
no.eunet.hjelp,no.spill,7,327,65
no.eunet.hjelp,no.sport.diverse,7,327,65
no.eunet.hjelp,no.stortinget,7,327,65
no.eunet.hjelp,no.tegnsett,7,327,65
no.eunet.hjelp,no.telepost,7,327,65
no.eunet.hjelp,unknown,7,327,65
no.film,no.alt.diskusjoner,7,6949,1035
no.film,no.kryptografi,7,6949,1035
no.general,no.sources.wanted,7,47032,13121
no.general,no.standard,7,47032,13121
no.general,no.video,7,47032,13121
no.havforskning,no.ai,7,243,165
no.havforskning,no.alkohol,7,243,165
no.havforskning,no.alt.arkiv,7,243,165
no.havforskning,no.alt.config,7,243,165
no.havforskning,no.alt.motorsykler,7,243,165
no.havforskning,no.alt.radio_tv.irma1000,7,243,165
no.havforskning,no.org.efn.diskusjon,7,243,165
no.havforskning,no.standard,7,243,165
no.havforskning,no.tungregning,7,243,165
no.hobby.diverse,unknown,7,159,79
no.irc,no.alt.mat,7,3970,1022
no.irc,no.alt.motorsykler,7,3970,1022
no.irc,no.alt.pompelog,7,3970,1022
no.irc,no.alt.radio_tv.irma1000,7,3970,1022
no.irc,no.eunet.hjelp,7,3970,1022
no.irc,no.standard,7,3970,1022
no.irc,no.stortinget,7,3970,1022
no.irc,no.tungregning,7,3970,1022
no.it.diverse,no.typografi,7,330,168
no.it.emacs,no.norsk,7,708,143
no.jus,no.ai,7,5232,1998
no.jus,no.alt.arkiv,7,5232,1998
no.jus,no.alt.config,7,5232,1998
no.jus,no.alt.radio_tv.irma1000,7,5232,1998
no.jus,no.prat.politikk,7,5232,1998
no.jus,no.standard,7,5232,1998
no.jus,no.tungregning,7,5232,1998
no.jus,no.uninett.diverse,7,5232,1998
no.kjemi,no.alt.frustrasjoner,7,830,350
no.kjemi,no.alt.gledesutbrudd,7,830,350
no.kjemi,no.alt.pompelog,7,830,350
no.kjemi,no.alt.radio_tv.irma1000,7,830,350
no.kjemi,no.bolig,7,830,350
no.kjemi,no.eunet.diverse,7,830,350
no.kjemi,no.eunet.drift,7,830,350
no.kjemi,no.eunet.hjelp,7,830,350
no.kjemi,no.standard,7,830,350
no.kjemi,no.tungregning,7,830,350
no.kryptografi,no.c,7,330,112
no.kryptografi,no.jus,7,330,112
no.kryptografi,no.mac,7,330,112
no.linux,no.alt.mat,7,8833,1209
no.linux,no.alt.motorsykler,7,8833,1209
no.linux,no.alt.radio_tv.irma1000,7,8833,1209
no.linux,no.bolig,7,8833,1209
no.linux,no.eunet.diverse,7,8833,1209
no.linux,no.eunet.drift,7,8833,1209
no.linux,no.marked.bil,7,8833,1209
no.linux,no.marked.bolig,7,8833,1209
no.linux,no.standard,7,8833,1209
no.linux,no.stortinget,7,8833,1209
no.linux,no.tungregning,7,8833,1209
no.lisp,no.bolig,7,373,193
no.lisp,no.marked.bil,7,373,193
no.lisp,no.marked.bolig,7,373,193
no.litteratur,no.alt.frustrasjoner,7,2060,485
no.litteratur,no.alt.pompelog,7,2060,485
no.litteratur,no.alt.radio_tv.irma1000,7,2060,485
no.litteratur,no.bolig,7,2060,485
no.litteratur,no.eunet.diverse,7,2060,485
no.litteratur,no.eunet.drift,7,2060,485
no.litteratur,no.eunet.hjelp,7,2060,485
no.litteratur,no.religion,7,2060,485
no.litteratur,no.standard,7,2060,485
no.litteratur,no.stortinget,7,2060,485
no.litteratur,no.tungregning,7,2060,485
no.litteratur,no.www,7,2060,485
no.mac,no.alt.mat,7,11681,1053
no.mac,no.alt.motorsykler,7,11681,1053
no.mac,no.alt.pompelog,7,11681,1053
no.mac,no.alt.radio_tv.irma1000,7,11681,1053
no.mac,no.bolig,7,11681,1053
no.mac,no.eunet.diverse,7,11681,1053
no.mac,no.eunet.drift,7,11681,1053
no.mac,no.eunet.hjelp,7,11681,1053
no.mac,no.kryptografi,7,11681,1053
no.mac,no.standard,7,11681,1053
no.mac,no.stortinget,7,11681,1053
no.mac,no.tungregning,7,11681,1053
no.mail.diverse,no.alt.gledesutbrudd,7,1099,512
no.mail.diverse,no.alt.motorsykler,7,1099,512
no.mail.diverse,no.alt.pompelog,7,1099,512
no.mail.diverse,no.alt.radio_tv.irma1000,7,1099,512
no.mail.diverse,no.eunet.diverse,7,1099,512
no.mail.diverse,no.eunet.drift,7,1099,512
no.mail.diverse,no.eunet.hjelp,7,1099,512
no.mail.diverse,no.standard,7,1099,512
no.mail.diverse,no.stortinget,7,1099,512
no.mail.diverse,no.tungregning,7,1099,512
no.mail.diverse,no.uninett.skole,7,1099,512
no.mail.drift,no.alt.gledesutbrudd,7,307,207
no.mail.drift,no.alt.mat,7,307,207
no.mail.drift,no.alt.motorsykler,7,307,207
no.mail.drift,no.alt.pompelog,7,307,207
no.mail.drift,no.alt.radio_tv.irma1000,7,307,207
no.mail.drift,no.eunet.diverse,7,307,207
no.mail.drift,no.eunet.drift,7,307,207
no.mail.drift,no.eunet.hjelp,7,307,207
no.mail.drift,no.standard,7,307,207
no.mail.drift,no.stortinget,7,307,207
no.mail.drift,no.tungregning,7,307,207
no.marked,no.alt.mat.drikke,7,4847,1840
no.marked,no.alt.pompelog,7,4847,1840
no.marked,no.eunet.diverse,7,4847,1840
no.marked,no.eunet.drift,7,4847,1840
no.marked,no.eunet.hjelp,7,4847,1840
no.marked,no.standard,7,4847,1840
no.marked,no.tungregning,7,4847,1840
no.marked.bil,no.elektronikk,7,204,61
no.marked.bil,no.linux,7,204,61
no.marked.bolig,no.linux,7,67,36
no.marked.data,no.bolig,7,4910,1299
no.marked.data,no.unix,7,4910,1299
no.marked.data,no.vitser,7,4910,1299
no.marked.diskusjon,no.marked.bil,7,54,49
no.marked.diskusjon,no.marked.bolig,7,54,49
no.marked.diskusjon,no.media,7,54,49
no.marked.diskusjon,no.net,7,54,49
no.marked.diskusjon,no.norsk,7,54,49
no.marked.diskusjon,no.nuug,7,54,49
no.marked.diskusjon,no.pc,7,54,49
no.marked.jobb,no.bolig,7,766,318
no.media,no.audio,7,58,45
no.media,no.marked.jobb,7,58,45
no.media,no.prat.ufo,7,58,45
no.medisin,no.general,7,880,278
no.ms-windows,no.biz.annonser,7,4123,936
no.multimedia,no.alt.motorsykler,7,954,581
no.multimedia,no.alt.pompelog,7,954,581
no.multimedia,no.alt.radio_tv.irma1000,7,954,581
no.multimedia,no.eunet.diverse,7,954,581
no.multimedia,no.eunet.drift,7,954,581
no.multimedia,no.eunet.hjelp,7,954,581
no.multimedia,no.standard,7,954,581
no.multimedia,no.stortinget,7,954,581
no.multimedia,no.tungregning,7,954,581
no.musikk.gitar,no.biz.annonser,7,910,220
no.musikk.gitar,no.bolig,7,910,220
no.musikk.gitar,no.radio_tv,7,910,220
no.musikk.gitar,no.standard,7,910,220
no.musikk.gitar,no.tungregning,7,910,220
no.musikk.klassisk,no.alt.frustrasjoner,7,133,57
no.net,no.alt.gledesutbrudd,7,1110,523
no.net,no.alt.mat,7,1110,523
no.net,no.alt.radio_tv.irma1000,7,1110,523
no.net,no.tungregning,7,1110,523
no.news.diverse,no.bil,7,6024,2109
no.news.diverse,no.elektronikk,7,6024,2109
no.news.diverse,no.radio_tv,7,6024,2109
no.news.diverse,no.speider,7,6024,2109
no.news.drift,no.alt.gledesutbrudd,7,345,185
no.news.drift,no.alt.god.jul,7,345,185
no.news.drift,no.alt.mat,7,345,185
no.news.drift,no.alt.motorsykler,7,345,185
no.news.drift,no.alt.radio_tv.irma1000,7,345,185
no.news.drift,no.alt.tegneserier,7,345,185
no.news.drift,no.audio,7,345,185
no.news.drift,no.embnet,7,345,185
no.news.drift,no.eunet.diverse,7,345,185
no.news.drift,no.standard,7,345,185
no.news.drift,no.stortinget,7,345,185
no.news.drift,no.tungregning,7,345,185
no.norsk,no.alt.mat,7,11325,2296
no.norsk,no.alt.motorsykler,7,11325,2296
no.norsk,no.alt.pompelog,7,11325,2296
no.norsk,no.alt.radio_tv.irma1000,7,11325,2296
no.norsk,no.eunet.hjelp,7,11325,2296
no.norsk,no.ms-windows,7,11325,2296
no.norsk,no.religion,7,11325,2296
no.norsk,no.standard,7,11325,2296
no.norsk,no.tungregning,7,11325,2296
no.norsk,no.www,7,11325,2296
no.norsk.fagord,no.general,7,177,47
no.nuug,no.alt.frustrasjoner,7,50,46
no.nuug,no.alt.gledesutbrudd,7,50,46
no.nuug,no.alt.mat,7,50,46
no.nuug,no.alt.motorsykler,7,50,46
no.nuug,no.alt.pompelog,7,50,46
no.nuug,no.alt.radio_tv.irma1000,7,50,46
no.nuug,no.alt.tegneserier,7,50,46
no.nuug,no.audio,7,50,46
no.nuug,no.c,7,50,46
no.nuug,no.ef,7,50,46
no.nuug,no.embnet,7,50,46
no.nuug,no.eunet.diverse,7,50,46
no.nuug,no.eunet.drift,7,50,46
no.nuug,no.eunet.hjelp,7,50,46
no.nuug,no.marked.data,7,50,46
no.nuug,no.stortinget,7,50,46
no.org.efn.diskusjon,no.alt.gledesutbrudd,7,869,491
no.org.efn.diskusjon,no.alt.god.jul,7,869,491
no.org.efn.diskusjon,no.alt.mat,7,869,491
no.org.efn.diskusjon,no.alt.motorsykler,7,869,491
no.org.efn.diskusjon,no.alt.pompelog,7,869,491
no.org.efn.diskusjon,no.alt.radio_tv.irma1000,7,869,491
no.org.efn.diskusjon,no.eunet.hjelp,7,869,491
no.org.efn.diskusjon,no.radio_tv,7,869,491
no.org.efn.diskusjon,no.slekt,7,869,491
no.org.efn.diskusjon,no.sources.list,7,869,491
no.org.efn.diskusjon,no.sources.wanted,7,869,491
no.org.efn.diskusjon,no.speider,7,869,491
no.org.efn.diskusjon,no.spill,7,869,491
no.org.efn.diskusjon,no.sport.diverse,7,869,491
no.org.efn.diskusjon,no.stortinget,7,869,491
no.org.efn.diskusjon,no.tegnsett,7,869,491
no.org.efn.diskusjon,no.telepost,7,869,491
no.pc,no.alt.gledesutbrudd,7,12883,2791
no.pc,no.alt.mat,7,12883,2791
no.pc,no.alt.motorsykler,7,12883,2791
no.pc,no.alt.radio_tv.irma1000,7,12883,2791
no.pc,no.embnet,7,12883,2791
no.pc,no.eunet.diverse,7,12883,2791
no.pc,no.religion,7,12883,2791
no.pc,no.slekt.programmer,7,12883,2791
no.pc,no.standard,7,12883,2791
no.pc,no.stortinget,7,12883,2791
no.pc,no.tungregning,7,12883,2791
no.prat.politikk,no.kjemi,7,2527,1425
no.prat.seksualitet,no.vitser,7,2367,181
no.prat.ufo,no.marked,7,468,36
no.prat.ufo,no.media,7,468,36
no.psykologi,no.alt.god.jul,7,1209,553
no.psykologi,no.alt.mat,7,1209,553
no.psykologi,no.alt.motorsykler,7,1209,553
no.psykologi,no.alt.pompelog,7,1209,553
no.psykologi,no.alt.radio_tv.irma1000,7,1209,553
no.psykologi,no.alt.tegneserier,7,1209,553
no.psykologi,no.audio,7,1209,553
no.psykologi,no.c,7,1209,553
no.psykologi,no.ef,7,1209,553
no.psykologi,no.embnet,7,1209,553
no.psykologi,no.eunet.diverse,7,1209,553
no.psykologi,no.eunet.drift,7,1209,553
no.psykologi,no.eunet.hjelp,7,1209,553
no.psykologi,no.stortinget,7,1209,553
no.radio_tv,no.alt.god.jul,7,909,244
no.radio_tv,no.alt.mat,7,909,244
no.radio_tv,no.alt.motorsykler,7,909,244
no.radio_tv,no.alt.pompelog,7,909,244
no.radio_tv,no.c,7,909,244
no.radio_tv,no.ef,7,909,244
no.radio_tv,no.embnet,7,909,244
no.radio_tv,no.eunet.diverse,7,909,244
no.radio_tv,no.eunet.drift,7,909,244
no.radio_tv,no.eunet.hjelp,7,909,244
no.radio_tv,no.musikk.gitar,7,909,244
no.radio_tv,no.org.efn.diskusjon,7,909,244
no.reiser,no.net,7,746,84
no.religion,no.alt.flame,7,14266,2206
no.religion,no.pc,7,14266,2206
no.religion,no.skole.diverse,7,14266,2206
no.religion,no.spill,7,14266,2206
no.skole.diverse,no.kjemi,7,350,231
no.skole.diverse,no.religion,7,350,231
no.skole.diverse,no.stortinget,7,350,231
no.slekt,no.alt.gledesutbrudd,7,2669,367
no.slekt,no.alt.god.jul,7,2669,367
no.slekt,no.alt.mat,7,2669,367
no.slekt,no.alt.motorsykler,7,2669,367
no.slekt,no.alt.pompelog,7,2669,367
no.slekt,no.alt.radio_tv.irma1000,7,2669,367
no.slekt,no.alt.tegneserier,7,2669,367
no.slekt,no.ef,7,2669,367
no.slekt,no.embnet,7,2669,367
no.slekt,no.eunet.diverse,7,2669,367
no.slekt,no.eunet.drift,7,2669,367
no.slekt,no.eunet.hjelp,7,2669,367
no.slekt,no.org.efn.diskusjon,7,2669,367
no.sources.list,no.alt.frustrasjoner,7,12,12
no.sources.list,no.alt.gledesutbrudd,7,12,12
no.sources.list,no.alt.god.jul,7,12,12
no.sources.list,no.alt.mat,7,12,12
no.sources.list,no.alt.motorsykler,7,12,12
no.sources.list,no.alt.pompelog,7,12,12
no.sources.list,no.alt.radio_tv.irma1000,7,12,12
no.sources.list,no.alt.tegneserier,7,12,12
no.sources.list,no.audio,7,12,12
no.sources.list,no.c,7,12,12
no.sources.list,no.ef,7,12,12
no.sources.list,no.embnet,7,12,12
no.sources.list,no.eunet.diverse,7,12,12
no.sources.list,no.eunet.drift,7,12,12
no.sources.list,no.eunet.hjelp,7,12,12
no.sources.list,no.irc,7,12,12
no.sources.list,no.org.efn.diskusjon,7,12,12
no.sources.wanted,no.alt.frustrasjoner,7,53,26
no.sources.wanted,no.alt.gledesutbrudd,7,53,26
no.sources.wanted,no.alt.god.jul,7,53,26
no.sources.wanted,no.alt.mat,7,53,26
no.sources.wanted,no.alt.motorsykler,7,53,26
no.sources.wanted,no.alt.pompelog,7,53,26
no.sources.wanted,no.alt.radio_tv.irma1000,7,53,26
no.sources.wanted,no.alt.tegneserier,7,53,26
no.sources.wanted,no.audio,7,53,26
no.sources.wanted,no.c,7,53,26
no.sources.wanted,no.ef,7,53,26
no.sources.wanted,no.elektronikk,7,53,26
no.sources.wanted,no.embnet,7,53,26
no.sources.wanted,no.eunet.diverse,7,53,26
no.sources.wanted,no.eunet.drift,7,53,26
no.sources.wanted,no.eunet.hjelp,7,53,26
no.sources.wanted,no.irc,7,53,26
no.sources.wanted,no.org.efn.diskusjon,7,53,26
no.speider,no.alt.god.jul,7,749,86
no.speider,no.alt.mat,7,749,86
no.speider,no.alt.pompelog,7,749,86
no.speider,no.alt.radio_tv.irma1000,7,749,86
no.speider,no.alt.tegneserier,7,749,86
no.speider,no.audio,7,749,86
no.speider,no.c,7,749,86
no.speider,no.ef,7,749,86
no.speider,no.embnet,7,749,86
no.speider,no.eunet.diverse,7,749,86
no.speider,no.eunet.drift,7,749,86
no.speider,no.eunet.hjelp,7,749,86
no.speider,no.org.efn.diskusjon,7,749,86
no.spill,no.alt.frustrasjoner,7,5773,631
no.spill,no.alt.mat,7,5773,631
no.spill,no.alt.pompelog,7,5773,631
no.spill,no.alt.radio_tv.irma1000,7,5773,631
no.spill,no.ef,7,5773,631
no.spill,no.embnet,7,5773,631
no.spill,no.eunet.diverse,7,5773,631
no.spill,no.eunet.drift,7,5773,631
no.spill,no.eunet.hjelp,7,5773,631
no.spill,no.org.efn.diskusjon,7,5773,631
no.spill,no.religion,7,5773,631
no.spill.sjakk,no.spill,7,232,63
no.sport.diverse,no.alt.flame,7,3164,378
no.sport.diverse,no.alt.mat,7,3164,378
no.sport.diverse,no.alt.motorsykler,7,3164,378
no.sport.diverse,no.alt.pompelog,7,3164,378
no.sport.diverse,no.alt.radio_tv.irma1000,7,3164,378
no.sport.diverse,no.alt.tegneserier,7,3164,378
no.sport.diverse,no.ef,7,3164,378
no.sport.diverse,no.embnet,7,3164,378
no.sport.diverse,no.eunet.diverse,7,3164,378
no.sport.diverse,no.eunet.drift,7,3164,378
no.sport.diverse,no.eunet.hjelp,7,3164,378
no.sport.diverse,no.org.efn.diskusjon,7,3164,378
no.sport.fotball,no.sport.diverse,7,1348,75
no.standard,no.alt.arkiv,7,64,38
no.standard,no.slekt,7,64,38
no.standard,no.sources.list,7,64,38
no.standard,no.sources.wanted,7,64,38
no.standard,no.speider,7,64,38
no.standard,no.spill,7,64,38
no.standard,no.sport.diverse,7,64,38
no.standard,no.student.nett,7,64,38
no.standard,no.student.samfund,7,64,38
no.standard,no.tungregning,7,64,38
no.standard,unknown,7,64,38
no.stortinget,no.alt.gledesutbrudd,7,1495,626
no.stortinget,no.alt.god.jul,7,1495,626
no.stortinget,no.alt.mat,7,1495,626
no.stortinget,no.alt.motorsykler,7,1495,626
no.stortinget,no.alt.pompelog,7,1495,626
no.stortinget,no.alt.radio_tv.irma1000,7,1495,626
no.stortinget,no.alt.tegneserier,7,1495,626
no.stortinget,no.audio,7,1495,626
no.stortinget,no.c,7,1495,626
no.stortinget,no.embnet,7,1495,626
no.stortinget,no.eunet.diverse,7,1495,626
no.stortinget,no.eunet.drift,7,1495,626
no.stortinget,no.eunet.hjelp,7,1495,626
no.stortinget,no.linux,7,1495,626
no.stortinget,no.litteratur,7,1495,626
no.stortinget,no.mac,7,1495,626
no.stortinget,no.mail.diverse,7,1495,626
no.stortinget,no.mail.drift,7,1495,626
no.stortinget,no.multimedia,7,1495,626
no.stortinget,no.news.drift,7,1495,626
no.stortinget,no.nuug,7,1495,626
no.stortinget,no.pc,7,1495,626
no.stortinget,no.psykologi,7,1495,626
no.stortinget,no.vitser,7,1495,626
no.student.nett,no.jus,7,159,70
no.student.samfund,no.general,7,98,54
no.sykkel,no.alkohol,7,2152,284
no.sykkel,no.jus,7,2152,284
no.tegnsett,no.alt.god.jul,7,313,139
no.tegnsett,no.alt.mat,7,313,139
no.tegnsett,no.alt.motorsykler,7,313,139
no.tegnsett,no.alt.pompelog,7,313,139
no.tegnsett,no.alt.radio_tv.irma1000,7,313,139
no.tegnsett,no.alt.tegneserier,7,313,139
no.tegnsett,no.audio,7,313,139
no.tegnsett,no.c,7,313,139
no.tegnsett,no.ef,7,313,139
no.tegnsett,no.embnet,7,313,139
no.tegnsett,no.eunet.diverse,7,313,139
no.tegnsett,no.eunet.drift,7,313,139
no.tegnsett,no.eunet.hjelp,7,313,139
no.tegnsett,no.org.efn.diskusjon,7,313,139
no.tegnsett,no.tungregning,7,313,139
no.telepost,no.alt.gledesutbrudd,7,537,316
no.telepost,no.alt.god.jul,7,537,316
no.telepost,no.alt.mat,7,537,316
no.telepost,no.alt.motorsykler,7,537,316
no.telepost,no.alt.pompelog,7,537,316
no.telepost,no.alt.radio_tv.irma1000,7,537,316
no.telepost,no.alt.tegneserier,7,537,316
no.telepost,no.audio,7,537,316
no.telepost,no.c,7,537,316
no.telepost,no.embnet,7,537,316
no.telepost,no.eunet.diverse,7,537,316
no.telepost,no.eunet.hjelp,7,537,316
no.telepost,no.irc,7,537,316
no.telepost,no.org.efn.diskusjon,7,537,316
no.test,no.alt.diskusjoner,7,1148,154
no.test,no.audio,7,1148,154
no.test,no.hobby.diverse,7,1148,154
no.test,no.marked,7,1148,154
no.test,no.ms-windows,7,1148,154
no.test,no.multimedia,7,1148,154
no.test,no.religion,7,1148,154
no.test,no.typografi,7,1148,154
no.typografi,no.mac,7,164,85
no.uninett.diverse,no.uninett.hjelp,7,82,53
no.uninett.hjelp,no.uninett.diverse,7,37,12
no.uninett.skole,no.uninett.diverse,7,404,145
no.unix,no.marked.data,7,2325,766
no.unix,no.news.diverse,7,2325,766
no.vit.diverse,no.alt.mat,7,447,186
no.www,no.alt.flame,7,2032,312
no.www,no.litteratur,7,2032,312
no.www,no.norsk,7,2032,312
no.ai,no.alt.radio-tv.irma-1000,6,158,118
no.alkohol,no.alt.irc-treff,6,2049,918
no.alkohol,no.alt.radio-tv.irma-1000,6,2049,918
no.alkohol,no.alt.sjokolade,6,2049,918
no.alkohol,no.film,6,2049,918
no.alt.arkiv,no.alt.sjokolade,6,74,67
no.alt.arkiv,no.standard,6,74,67
no.alt.arkiv,no.student.nett,6,74,67
no.alt.arkiv,no.student.samfund,6,74,67
no.alt.diskusjoner,no.bil,6,10536,4821
no.alt.diskusjoner,no.radio-tv,6,10536,4821
no.alt.flame,no.reiser,6,16830,5387
no.alt.flame,no.sykkel,6,16830,5387
no.alt.frustrasjoner,no.prat.narkotika,6,21167,4522
no.alt.gledesutbrudd,no.alt.pompel-og-pilt,6,6405,1220
no.alt.gledesutbrudd,no.alt.radio-tv.irma-1000,6,6405,1220
no.alt.gledesutbrudd,no.it.emacs,6,6405,1220
no.alt.gledesutbrudd,no.marked.data,6,6405,1220
no.alt.irc-treff,no.ai,6,687,171
no.alt.irc-treff,no.alt.config,6,687,171
no.alt.irc-treff,no.alt.diskusjoner,6,687,171
no.alt.irc-treff,no.alt.frustrasjoner,6,687,171
no.alt.irc-treff,no.alt.mat,6,687,171
no.alt.katter,no.biz.annonser,6,1001,143
no.alt.mat,no.alt.radio-tv.irma-1000,6,2055,461
no.alt.mat,no.biz.annonser,6,2055,461
no.alt.mat,no.musikk.gitar,6,2055,461
no.alt.mat.drikke,no.biz.annonser,6,467,164
no.alt.mat.drikke,no.marked,6,467,164
no.alt.motorsykler,no.alt.radio-tv.irma-1000,6,26896,1305
no.alt.motorsykler,no.alt.sjokolade,6,26896,1305
no.alt.motorsykler,no.marked.bil,6,26896,1305
no.alt.motorsykler,no.musikk.gitar,6,26896,1305
no.alt.pompel-og-pilt,no.biz.diskusjoner,6,215,83
no.alt.pompel-og-pilt,no.bolig,6,215,83
no.alt.pompelog,no.musikk.gitar,6,182,83
no.alt.radio-tv.irma-1000,no.biz.diskusjoner,6,108,76
no.alt.radio-tv.irma-1000,no.bolig,6,108,76
no.alt.radio_tv.irma1000,no.musikk.gitar,6,210,59
no.alt.tegneserier,no.alt.sjokolade,6,1182,354
no.amiga,no.c,6,2054,166
no.amiga,no.marked.data,6,2054,166
no.amiga,no.www,6,2054,166
no.audio,no.alt.katter,6,4947,852
no.audio,no.alt.mat.drikke,6,4947,852
no.audio,no.kryptografi,6,4947,852
no.bibsys,no.ms-windows,6,57,54
no.bibsys,no.norsk.fagord,6,57,54
no.bibsys,no.skole.diverse,6,57,54
no.bibsys,no.uninett.skole,6,57,54
no.bibsys,no.vit.diverse,6,57,54
no.bil,no.alt.gledesutbrudd,6,3441,496
no.bil,no.alt.katter,6,3441,496
no.bil,no.alt.mat.drikke,6,3441,496
no.bil,no.kryptografi,6,3441,496
no.biz.annonser,no.c,6,746,501
no.biz.annonser,no.havforskning,6,746,501
no.biz.annonser,no.jus,6,746,501
no.biz.annonser.data,no.biz.nettilbydere,6,276,193
no.biz.diskusjoner,no.alt.katter,6,147,96
no.biz.diskusjoner,no.alt.mat.drikke,6,147,96
no.biz.diskusjoner,no.alt.pompel-og-pilt,6,147,96
no.biz.diskusjoner,no.alt.radio-tv.irma-1000,6,147,96
no.biz.diskusjoner,no.alt.tegneserier,6,147,96
no.biz.diskusjoner,no.havforskning,6,147,96
no.biz.diskusjoner,no.jus,6,147,96
no.biz.diskusjoner,no.kjemi,6,147,96
no.biz.nettilbydere,no.biz.annonser.data,6,479,145
no.biz.nettilbydere,no.net,6,479,145
no.bolig,no.alt.katter,6,357,63
no.bolig,no.alt.mat.drikke,6,357,63
no.bolig,no.alt.pompel-og-pilt,6,357,63
no.bolig,no.alt.radio-tv.irma-1000,6,357,63
no.bolig,no.alt.tegneserier,6,357,63
no.bolig,no.havforskning,6,357,63
no.bolig,no.kryptografi,6,357,63
no.bolig,no.mac,6,357,63
no.c,no.alt.katter,6,1412,303
no.c,no.alt.mat.drikke,6,1412,303
no.c,no.biz.annonser,6,1412,303
no.c,no.kryptografi,6,1412,303
no.c,no.news.diverse,6,1412,303
no.c,no.x,6,1412,303
no.ef,no.alt.katter,6,866,633
no.ef,no.alt.mat.drikke,6,866,633
no.elektronikk,no.alt.katter,6,1832,584
no.elektronikk,no.alt.mat.drikke,6,1832,584
no.elektronikk,no.kryptografi,6,1832,584
no.elektronikk,no.marked.bil,6,1832,584
no.embnet,no.alt.katter,6,178,157
no.embnet,no.alt.mat.drikke,6,178,157
no.embnet,no.biz.annonser,6,178,157
no.embnet,no.kryptografi,6,178,157
no.eunet.diverse,no.musikk.gitar,6,89,51
no.eunet.drift,no.musikk.gitar,6,227,55
no.eunet.hjelp,no.musikk.gitar,6,327,65
no.eunet.hjelp,no.news.diverse,6,327,65
no.film,no.prat.seksualitet,6,6949,1035
no.folklore.edb,no.it.diverse,6,123,71
no.general,no.hobby.diverse,6,47032,13121
no.general,no.marked.bil,6,47032,13121
no.general,no.marked.bolig,6,47032,13121
no.general,no.spill.sjakk,6,47032,13121
no.general,no.uninett.hjelp,6,47032,13121
no.irc,no.kryptografi,6,3970,1022
no.it.emacs,no.uninett.skole,6,708,143
no.jus,no.biz.annonser,6,5232,1998
no.jus,no.biz.diskusjoner,6,5232,1998
no.jus,no.kryptografi,6,5232,1998
no.kjemi,no.biz.diskusjoner,6,830,350
no.kjemi,no.kryptografi,6,830,350
no.kryptografi,no.audio,6,330,112
no.kryptografi,no.bil,6,330,112
no.kryptografi,no.bolig,6,330,112
no.kryptografi,no.elektronikk,6,330,112
no.kryptografi,no.embnet,6,330,112
no.kryptografi,no.film,6,330,112
no.kryptografi,no.havforskning,6,330,112
no.kryptografi,no.irc,6,330,112
no.kryptografi,no.kjemi,6,330,112
no.kryptografi,no.lisp,6,330,112
no.kryptografi,no.litteratur,6,330,112
no.kryptografi,no.marked.jobb,6,330,112
no.linux,no.it.os.os2,6,8833,1209
no.lisp,no.kryptografi,6,373,193
no.litteratur,no.kryptografi,6,2060,485
no.mac,no.biz.diskusjoner,6,11681,1053
no.mac,no.it.emacs,6,11681,1053
no.mac,no.media,6,11681,1053
no.mac,no.tele,6,11681,1053
no.mail.diverse,no.media,6,1099,512
no.mail.drift,no.uninett.drift,6,307,207
no.marked,no.alt.katter,6,4847,1840
no.marked,no.marked.diskusjon,6,4847,1840
no.marked,no.prat.ufo,6,4847,1840
no.marked,no.radio-tv,6,4847,1840
no.marked.bil,no.marked.diskusjon,6,204,61
no.marked.bil,no.media,6,204,61
no.marked.bil,no.net,6,204,61
no.marked.bil,no.norsk,6,204,61
no.marked.bil,no.nuug,6,204,61
no.marked.bil,no.pc,6,204,61
no.marked.bil,unknown,6,204,61
no.marked.bolig,no.marked.diskusjon,6,67,36
no.marked.bolig,no.media,6,67,36
no.marked.bolig,no.net,6,67,36
no.marked.bolig,no.norsk,6,67,36
no.marked.bolig,no.nuug,6,67,36
no.marked.data,no.news.diverse,6,4910,1299
no.marked.diskusjon,no.litteratur,6,54,49
no.marked.diskusjon,no.mac,6,54,49
no.marked.diskusjon,no.mail.diverse,6,54,49
no.marked.diskusjon,no.mail.drift,6,54,49
no.marked.diskusjon,no.medisin,6,54,49
no.marked.diskusjon,no.multimedia,6,54,49
no.marked.diskusjon,no.norsk.fagord,6,54,49
no.marked.jobb,no.media,6,766,318
no.media,no.net,6,58,45
no.media,no.norsk,6,58,45
no.media,no.nuug,6,58,45
no.ms-windows,no.bibsys,6,4123,936
no.ms-windows,no.litteratur,6,4123,936
no.ms-windows,no.norsk,6,4123,936
no.ms-windows,no.skole.diverse,6,4123,936
no.ms-windows,no.uninett.skole,6,4123,936
no.ms-windows,no.vit.diverse,6,4123,936
no.multimedia,no.unix,6,954,581
no.musikk,no.slekt,6,15532,1497
no.net,no.media,6,1110,523
no.net,no.reiser,6,1110,523
no.net,no.student.samfund,6,1110,523
no.net,no.uninett.drift,6,1110,523
no.news.diverse,no.eunet.drift,6,6024,2109
no.news.diverse,no.x,6,6024,2109
no.norsk,no.marked.jobb,6,11325,2296
no.norsk,no.media,6,11325,2296
no.norsk.fagord,no.bibsys,6,177,47
no.norsk.fagord,no.skole.diverse,6,177,47
no.norsk.fagord,no.uninett.skole,6,177,47
no.norsk.fagord,no.vit.diverse,6,177,47
no.nuug,no.general,6,50,46
no.nuug,no.irc,6,50,46
no.nuug,no.media,6,50,46
no.nuug,no.standard,6,50,46
no.nuug,no.tungregning,6,50,46
no.pc,no.marked.bil,6,12883,2791
no.pc,no.marked.diskusjon,6,12883,2791
no.pc,no.medisin,6,12883,2791
no.prat.narkotika,no.medisin,6,1591,613
no.prat.narkotika,no.perl,6,1591,613
no.prat.narkotika,no.prat.ufo,6,1591,613
no.prat.politikk,no.pressemeldinger.diskusjon,6,2527,1425
no.prat.politikk,no.vitser,6,2527,1425
no.prat.seksualitet,no.alt.gledesutbrudd,6,2367,181
no.prat.seksualitet,no.psykologi,6,2367,181
no.prat.ufo,no.perl,6,468,36
no.prat.ufo,no.prat.narkotika,6,468,36
no.radio-tv,no.video,6,2524,676
no.radio_tv,no.news.diverse,6,909,244
no.radio_tv,no.standard,6,909,244
no.radio_tv,no.tungregning,6,909,244
no.reiser,no.alt.motorsykler,6,746,84
no.reiser,no.slekt,6,746,84
no.religion,no.alt.motorsykler,6,14266,2206
no.religion,no.musikk,6,14266,2206
no.skole.diverse,no.bibsys,6,350,231
no.skole.diverse,no.ms-windows,6,350,231
no.skole.diverse,no.norsk.fagord,6,350,231
no.slekt,no.musikk,6,2669,367
no.slekt,no.reiser,6,2669,367
no.slekt.programmer,no.pc,6,264,41
no.speider,no.news.diverse,6,749,86
no.standard,no.havforskning,6,64,38
no.standard,no.irc,6,64,38
no.standard,no.jus,6,64,38
no.standard,no.kjemi,6,64,38
no.standard,no.linux,6,64,38
no.standard,no.litteratur,6,64,38
no.standard,no.mac,6,64,38
no.standard,no.mail.diverse,6,64,38
no.standard,no.mail.drift,6,64,38
no.standard,no.marked,6,64,38
no.standard,no.multimedia,6,64,38
no.standard,no.musikk.gitar,6,64,38
no.standard,no.news.drift,6,64,38
no.standard,no.norsk,6,64,38
no.standard,no.nuug,6,64,38
no.standard,no.pc,6,64,38
no.standard,no.psykologi,6,64,38
no.standard,no.radio_tv,6,64,38
no.stortinget,no.musikk.gitar,6,1495,626
no.stortinget,no.standard,6,1495,626
no.student.nett,no.alt.arkiv,6,159,70
no.student.nett,no.standard,6,159,70
no.student.samfund,no.alt.arkiv,6,98,54
no.student.samfund,no.net,6,98,54
no.student.samfund,no.standard,6,98,54
no.tegnsett,no.irc,6,313,139
no.tele,no.mac,6,3203,694
no.test,no.alt.frustrasjoner,6,1148,154
no.tungregning,no.slekt,6,14,8
no.tungregning,no.sources.list,6,14,8
no.tungregning,no.sources.wanted,6,14,8
no.tungregning,no.speider,6,14,8
no.tungregning,no.spill,6,14,8
no.tungregning,no.sport.diverse,6,14,8
no.tungregning,no.standard,6,14,8
no.tungregning,no.tegnsett,6,14,8
no.tungregning,no.telepost,6,14,8
no.uninett.diverse,no.uninett.skole,6,82,53
no.uninett.drift,no.mail.drift,6,47,20
no.uninett.drift,no.net,6,47,20
no.uninett.drift,no.uninett.diverse,6,47,20
no.uninett.hjelp,no.uninett.skole,6,37,12
no.uninett.skole,no.bibsys,6,404,145
no.uninett.skole,no.ms-windows,6,404,145
no.uninett.skole,no.norsk.fagord,6,404,145
no.uninett.skole,no.uninett.hjelp,6,404,145
no.uninett.skole,no.vit.diverse,6,404,145
no.unix,no.lisp,6,2325,766
no.unix,no.multimedia,6,2325,766
no.unix,no.tele,6,2325,766
no.video,no.radio-tv,6,216,116
no.video,unknown,6,216,116
no.vit.diverse,no.alt.god.jul,6,447,186
no.vit.diverse,no.bibsys,6,447,186
no.vit.diverse,no.ms-windows,6,447,186
no.vit.diverse,no.norsk.fagord,6,447,186
no.vit.diverse,no.uninett.skole,6,447,186
no.vitser,no.alt.katter,6,4950,665
no.vitser,no.tegnsett,6,4950,665
no.x,no.c,6,212,85
no.ai,no.alt.irc-treff,5,158,118
no.alt.arkiv,no.alt.irc-treff,5,74,67
no.alt.config,no.alt.irc-treff,5,451,283
no.alt.diskusjoner,no.alt.irc-treff,5,10536,4821
no.alt.diskusjoner,no.marked.jobb,5,10536,4821
no.alt.diskusjoner,no.student.nett,5,10536,4821
no.alt.diskusjoner,no.student.samfund,5,10536,4821
no.alt.diskusjoner,no.typografi,5,10536,4821
no.alt.flame,no.slekt,5,16830,5387
no.alt.frustrasjoner,no.alt.irc-treff,5,21167,4522
no.alt.frustrasjoner,no.media,5,21167,4522
no.alt.frustrasjoner,no.standard,5,21167,4522
no.alt.gledesutbrudd,no.alt.irc-treff,5,6405,1220
no.alt.gledesutbrudd,no.biz.annonser,5,6405,1220
no.alt.god.jul,no.alt.irc-treff,5,399,231
no.alt.irc-treff,no.alkohol,5,687,171
no.alt.irc-treff,no.alt.arkiv,5,687,171
no.alt.irc-treff,no.alt.god.jul,5,687,171
no.alt.irc-treff,no.alt.motorsykler,5,687,171
no.alt.irctreff,no.irc,5,292,10
no.alt.katter,no.medisin,5,1001,143
no.alt.mat,no.alt.irc-treff,5,2055,461
no.alt.mat,no.bil,5,2055,461
no.alt.mat.drikke,no.havforskning,5,467,164
no.alt.mat.drikke,no.kjemi,5,467,164
no.alt.mat.drikke,no.marked.jobb,5,467,164
no.alt.mat.drikke,no.prat.politikk,5,467,164
no.alt.motorsykler,no.alt.irc-treff,5,26896,1305
no.alt.pompel-og-pilt,no.biz.annonser,5,215,83
no.alt.radio-tv.irma-1000,no.biz.annonser,5,108,76
no.audio,no.marked.bil,5,4947,852
no.audio,no.media,5,4947,852
no.biz.annonser,no.alt.tegneserier,5,746,501
no.biz.annonser,no.embnet,5,746,501
no.biz.annonser,no.kjemi,5,746,501
no.biz.annonser,no.lisp,5,746,501
no.biz.annonser,no.mail.drift,5,746,501
no.biz.annonser,no.media,5,746,501
no.biz.annonser,no.net,5,746,501
no.biz.annonser,no.news.diverse,5,746,501
no.biz.diskusjoner,no.biz.nettilbydere,5,147,96
no.biz.diskusjoner,no.film,5,147,96
no.biz.diskusjoner,no.irc,5,147,96
no.biz.diskusjoner,no.kryptografi,5,147,96
no.biz.diskusjoner,no.linux,5,147,96
no.biz.diskusjoner,no.lisp,5,147,96
no.biz.diskusjoner,no.litteratur,5,147,96
no.biz.diskusjoner,no.mac,5,147,96
no.biz.diskusjoner,no.mail.diverse,5,147,96
no.biz.diskusjoner,no.mail.drift,5,147,96
no.biz.nettilbydere,no.biz.diskusjoner,5,479,145
no.biz.nettilbydere,no.mac,5,479,145
no.bolig,no.mail.diverse,5,357,63
no.bolig,no.mail.drift,5,357,63
no.c,no.amiga,5,1412,303
no.ef,no.biz.annonser,5,866,633
no.ef,no.kryptografi,5,866,633
no.eunet.drift,unknown,5,227,55
no.film,no.alt.radio_tv.irma1000,5,6949,1035
no.film,no.biz.diskusjoner,5,6949,1035
no.film,no.norsk,5,6949,1035
no.film,no.slekt,5,6949,1035
no.film,no.sport.diverse,5,6949,1035
no.folklore.edb,no.perl,5,123,71
no.general,no.norsk.fagord,5,47032,13121
no.general,no.speider,5,47032,13121
no.havforskning,no.biz.annonser,5,243,165
no.havforskning,no.biz.diskusjoner,5,243,165
no.havforskning,no.bolig,5,243,165
no.havforskning,no.kryptografi,5,243,165
no.hobby.diverse,no.biz.annonser,5,159,79
no.hobby.diverse,no.film,5,159,79
no.irc,no.biz.diskusjoner,5,3970,1022
no.it.diverse,no.mail.diverse,5,330,168
no.it.diverse,no.religion,5,330,168
no.it.emacs,no.alt.frustrasjoner,5,708,143
no.jus,no.reiser,5,5232,1998
no.jus,no.student.nett,5,5232,1998
no.kjemi,no.alt.mat.drikke,5,830,350
no.kjemi,no.biz.annonser,5,830,350
no.kryptografi,no.biz.diskusjoner,5,330,112
no.kryptografi,no.ef,5,330,112
no.kryptografi,no.mail.diverse,5,330,112
no.kryptografi,no.mail.drift,5,330,112
no.kryptografi,no.marked.data,5,330,112
no.linux,no.tele,5,8833,1209
no.lisp,no.alt.frustrasjoner,5,373,193
no.lisp,no.biz.annonser,5,373,193
no.lisp,no.biz.diskusjoner,5,373,193
no.lisp,no.unix,5,373,193
no.litteratur,no.biz.diskusjoner,5,2060,485
no.litteratur,no.media,5,2060,485
no.litteratur,no.ms-windows,5,2060,485
no.litteratur,no.norsk.fagord,5,2060,485
no.mac,no.alt.katter,5,11681,1053
no.mac,no.alt.mat.drikke,5,11681,1053
no.mac,no.biz.nettilbydere,5,11681,1053
no.mac,no.norsk.fagord,5,11681,1053
no.mac,no.perl,5,11681,1053
no.mail.diverse,no.biz.diskusjoner,5,1099,512
no.mail.diverse,no.bolig,5,1099,512
no.mail.diverse,no.it.diverse,5,1099,512
no.mail.diverse,no.kryptografi,5,1099,512
no.mail.diverse,no.norsk.fagord,5,1099,512
no.mail.drift,no.biz.annonser,5,307,207
no.mail.drift,no.biz.diskusjoner,5,307,207
no.mail.drift,no.bolig,5,307,207
no.mail.drift,no.kryptografi,5,307,207
no.mail.drift,no.media,5,307,207
no.mail.drift,no.norsk.fagord,5,307,207
no.marked,no.biz.diskusjoner,5,4847,1840
no.marked,no.norsk.fagord,5,4847,1840
no.marked,no.unix,5,4847,1840
no.marked.bil,no.alt.motorsykler,5,204,61
no.marked.bil,no.audio,5,204,61
no.marked.bil,no.medisin,5,204,61
no.marked.bil,no.multimedia,5,204,61
no.marked.bil,no.norsk.fagord,5,204,61
no.marked.bolig,no.medisin,5,67,36
no.marked.bolig,no.multimedia,5,67,36
no.marked.bolig,no.norsk.fagord,5,67,36
no.marked.bolig,no.pc,5,67,36
no.marked.data,no.amiga,5,4910,1299
no.marked.data,no.kryptografi,5,4910,1299
no.marked.data,no.medisin,5,4910,1299
no.marked.data,no.norsk.fagord,5,4910,1299
no.marked.data,no.radio-tv,5,4910,1299
no.marked.diskusjon,no.prat.narkotika,5,54,49
no.marked.diskusjon,no.prat.ufo,5,54,49
no.marked.jobb,no.biz.diskusjoner,5,766,318
no.marked.jobb,no.kryptografi,5,766,318
no.marked.jobb,no.norsk.fagord,5,766,318
no.marked.jobb,no.nuug,5,766,318
no.marked.jobb,no.sport.diverse,5,766,318
no.media,no.alt.frustrasjoner,5,58,45
no.media,no.biz.annonser,5,58,45
no.media,no.film,5,58,45
no.media,no.litteratur,5,58,45
no.media,no.mail.drift,5,58,45
no.media,no.marked.bil,5,58,45
no.media,no.marked.bolig,5,58,45
no.media,no.marked.diskusjon,5,58,45
no.media,no.medisin,5,58,45
no.media,no.norsk.fagord,5,58,45
no.media,no.sport.fotball,5,58,45
no.medisin,no.marked.data,5,880,278
no.medisin,no.media,5,880,278
no.medisin,no.musikk,5,880,278
no.medisin,no.nuug,5,880,278
no.medisin,no.pc,5,880,278
no.medisin,no.prat.narkotika,5,880,278
no.ms-windows,no.lisp,5,4123,936
no.ms-windows,no.media,5,4123,936
no.ms-windows,no.unix,5,4123,936
no.multimedia,no.norsk.fagord,5,954,581
no.musikk,no.norsk.fagord,5,15532,1497
no.musikk.gitar,no.alt.mat,5,910,220
no.musikk.gitar,no.alt.motorsykler,5,910,220
no.musikk.gitar,no.alt.pompelog,5,910,220
no.musikk.gitar,no.alt.radio_tv.irma1000,5,910,220
no.musikk.gitar,no.eunet.diverse,5,910,220
no.musikk.gitar,no.eunet.drift,5,910,220
no.musikk.gitar,no.eunet.hjelp,5,910,220
no.musikk.gitar,no.stortinget,5,910,220
no.net,no.biz.annonser,5,1110,523
no.net,no.marked.bil,5,1110,523
no.net,no.marked.bolig,5,1110,523
no.net,no.marked.diskusjon,5,1110,523
no.net,no.norsk.fagord,5,1110,523
no.news.diverse,no.alkohol,5,6024,2109
no.news.diverse,no.alt.god.jul,5,6024,2109
no.news.diverse,no.alt.pompel-og-pilt,5,6024,2109
no.news.diverse,no.kryptografi,5,6024,2109
no.news.diverse,no.reiser,5,6024,2109
no.news.diverse,no.uninett.diverse,5,6024,2109
no.norsk,no.marked.bil,5,11325,2296
no.norsk,no.marked.bolig,5,11325,2296
no.norsk,no.marked.diskusjon,5,11325,2296
no.norsk,no.norsk.fagord,5,11325,2296
no.norsk.fagord,no.litteratur,5,177,47
no.norsk.fagord,no.mac,5,177,47
no.norsk.fagord,no.mail.diverse,5,177,47
no.norsk.fagord,no.mail.drift,5,177,47
no.norsk.fagord,no.marked,5,177,47
no.norsk.fagord,no.marked.data,5,177,47
no.norsk.fagord,no.media,5,177,47
no.norsk.fagord,no.multimedia,5,177,47
no.norsk.fagord,no.net,5,177,47
no.norsk.fagord,no.norsk,5,177,47
no.norsk.fagord,no.nuug,5,177,47
no.nuug,no.marked.bil,5,50,46
no.nuug,no.marked.bolig,5,50,46
no.nuug,no.marked.diskusjon,5,50,46
no.nuug,no.medisin,5,50,46
no.nuug,no.norsk.fagord,5,50,46
no.org.efn.diskusjon,no.film,5,869,491
no.pc,no.marked.bolig,5,12883,2791
no.pc,no.prat.narkotika,5,12883,2791
no.pc,no.prat.ufo,5,12883,2791
no.pc,no.svar,5,12883,2791
no.pc,no.uninett.skole,5,12883,2791
no.perl,no.alt.frustrasjoner,5,633,117
no.perl,no.c,5,633,117
no.perl,no.mac,5,633,117
no.perl,no.prat.narkotika,5,633,117
no.perl,no.prat.ufo,5,633,117
no.perl,no.www,5,633,117
no.prat.aksjer,no.marked.data,5,478,46
no.prat.narkotika,no.litteratur,5,1591,613
no.prat.narkotika,no.mac,5,1591,613
no.prat.narkotika,no.mail.diverse,5,1591,613
no.prat.narkotika,no.mail.drift,5,1591,613
no.prat.narkotika,no.marked,5,1591,613
no.prat.narkotika,no.marked.data,5,1591,613
no.prat.narkotika,no.media,5,1591,613
no.prat.narkotika,no.multimedia,5,1591,613
no.prat.narkotika,no.net,5,1591,613
no.prat.narkotika,no.norsk,5,1591,613
no.prat.narkotika,no.norsk.fagord,5,1591,613
no.prat.narkotika,no.nuug,5,1591,613
no.prat.narkotika,no.pc,5,1591,613
no.prat.narkotika,no.religion,5,1591,613
no.prat.politikk,no.bil,5,2527,1425
no.prat.ufo,no.litteratur,5,468,36
no.prat.ufo,no.mac,5,468,36
no.prat.ufo,no.mail.diverse,5,468,36
no.prat.ufo,no.mail.drift,5,468,36
no.prat.ufo,no.marked.data,5,468,36
no.prat.ufo,no.medisin,5,468,36
no.prat.ufo,no.multimedia,5,468,36
no.prat.ufo,no.net,5,468,36
no.prat.ufo,no.norsk,5,468,36
no.prat.ufo,no.norsk.fagord,5,468,36
no.prat.ufo,no.nuug,5,468,36
no.prat.ufo,no.pc,5,468,36
no.pressemeldinger.diskusjon,no.prat.politikk,5,24,12
no.psykologi,no.film,5,1209,553
no.psykologi,no.prat.seksualitet,5,1209,553
no.radio-tv,no.alt.diskusjoner,5,2524,676
no.radio-tv,no.slekt,5,2524,676
no.radio-tv,no.speider,5,2524,676
no.slekt,no.film,5,2669,367
no.slekt,no.uninett.diverse,5,2669,367
no.slekt,no.uninett.drift,5,2669,367
no.slekt,no.uninett.hjelp,5,2669,367
no.slekt,no.uninett.katalog,5,2669,367
no.slekt.programmer,no.news.diverse,5,264,41
no.speider,no.alkohol,5,749,86
no.spill,no.student.nett,5,5773,631
no.spill,no.student.samfund,5,5773,631
no.sport.diverse,no.film,5,3164,378
no.sport.diverse,no.marked.jobb,5,3164,378
no.sport.fotball,no.media,5,1348,75
no.standard,no.stortinget,5,64,38
no.stortinget,no.tungregning,5,1495,626
no.student.nett,no.spill,5,159,70
no.student.nett,no.vitser,5,159,70
no.student.samfund,no.spill,5,98,54
no.student.samfund,no.vitser,5,98,54
no.sykkel,no.alt.diskusjoner,5,2152,284
no.sykkel,no.alt.gledesutbrudd,5,2152,284
no.tegnsett,no.alkohol,5,313,139
no.tele,no.linux,5,3203,694
no.test,no.psykologi,5,1148,154
no.test,no.www,5,1148,154
no.tungregning,no.havforskning,5,14,8
no.tungregning,no.irc,5,14,8
no.tungregning,no.jus,5,14,8
no.tungregning,no.kjemi,5,14,8
no.tungregning,no.linux,5,14,8
no.tungregning,no.litteratur,5,14,8
no.tungregning,no.mac,5,14,8
no.tungregning,no.mail.diverse,5,14,8
no.tungregning,no.mail.drift,5,14,8
no.tungregning,no.marked,5,14,8
no.tungregning,no.multimedia,5,14,8
no.tungregning,no.musikk.gitar,5,14,8
no.tungregning,no.net,5,14,8
no.tungregning,no.news.drift,5,14,8
no.tungregning,no.norsk,5,14,8
no.tungregning,no.nuug,5,14,8
no.tungregning,no.pc,5,14,8
no.tungregning,no.psykologi,5,14,8
no.tungregning,no.radio_tv,5,14,8
no.uninett.diverse,no.news.diverse,5,82,53
no.uninett.diverse,no.uninett.drift,5,82,53
no.uninett.drift,unknown,5,47,20
no.uninett.skole,no.pc,5,404,145
no.uninett.skole,no.radio_tv,5,404,145
no.unix,no.marked,5,2325,766
no.unix,no.marked.jobb,5,2325,766
no.unix,no.org.efn.diskusjon,5,2325,766
no.video,no.general,5,216,116
no.video,no.marked,5,216,116
no.vitser,no.alkohol,5,4950,665
no.vitser,no.film,5,4950,665
no.vitser,no.student.nett,5,4950,665
no.vitser,no.student.samfund,5,4950,665
no.vitser,no.www,5,4950,665
no.www,no.media,5,2032,312
no.www,no.perl,5,2032,312
no.ai,no.audio,4,158,118
no.ai,no.bil,4,158,118
no.ai,no.bolig,4,158,118
no.ai,no.elektronikk,4,158,118
no.ai,no.film,4,158,118
no.ai,no.vr,4,158,118
no.alkohol,no.bil,4,2049,918
no.alkohol,no.bolig,4,2049,918
no.alkohol,no.elektronikk,4,2049,918
no.alt.diskusjoner,no.sources.wanted,4,10536,4821
no.alt.fan.de-lillos,no.alkohol,4,115,8
no.alt.fan.de-lillos,no.alt.diskusjoner,4,115,8
no.alt.fan.de-lillos,no.alt.frustrasjoner,4,115,8
no.alt.flame,no.ef,4,16830,5387
no.alt.flame,no.marked.data,4,16830,5387
no.alt.frustrasjoner,no.bolig,4,21167,4522
no.alt.frustrasjoner,no.perl,4,21167,4522
no.alt.frustrasjoner,no.student.nett,4,21167,4522
no.alt.frustrasjoner,no.tungregning,4,21167,4522
no.alt.frustrasjoner,no.vit.diverse,4,21167,4522
no.alt.gledesutbrudd,no.reiser,4,6405,1220
no.alt.gledesutbrudd,no.standard,4,6405,1220
no.alt.gledesutbrudd,no.tungregning,4,6405,1220
no.alt.god.jul,no.standard,4,399,231
no.alt.god.jul,no.tungregning,4,399,231
no.alt.irc-treff,no.audio,4,687,171
no.alt.katter,no.film,4,1001,143
no.alt.katter,no.havforskning,4,1001,143
no.alt.katter,no.irc,4,1001,143
no.alt.katter,no.it.emacs,4,1001,143
no.alt.katter,no.kjemi,4,1001,143
no.alt.katter,no.kryptografi,4,1001,143
no.alt.katter,no.linux,4,1001,143
no.alt.katter,no.lisp,4,1001,143
no.alt.katter,no.litteratur,4,1001,143
no.alt.katter,no.mac,4,1001,143
no.alt.katter,no.mail.diverse,4,1001,143
no.alt.katter,no.mail.drift,4,1001,143
no.alt.katter,no.marked.bil,4,1001,143
no.alt.katter,no.marked.bolig,4,1001,143
no.alt.katter,no.marked.data,4,1001,143
no.alt.katter,no.marked.jobb,4,1001,143
no.alt.mat,no.irc,4,2055,461
no.alt.mat,no.standard,4,2055,461
no.alt.mat,no.tungregning,4,2055,461
no.alt.mat.drikke,no.film,4,467,164
no.alt.mat.drikke,no.irc,4,467,164
no.alt.mat.drikke,no.jus,4,467,164
no.alt.mat.drikke,no.kryptografi,4,467,164
no.alt.mat.drikke,no.linux,4,467,164
no.alt.mat.drikke,no.lisp,4,467,164
no.alt.mat.drikke,no.litteratur,4,467,164
no.alt.mat.drikke,no.mac,4,467,164
no.alt.mat.drikke,no.mail.diverse,4,467,164
no.alt.mat.drikke,no.mail.drift,4,467,164
no.alt.mat.drikke,no.marked.bil,4,467,164
no.alt.mat.drikke,no.marked.bolig,4,467,164
no.alt.mat.drikke,no.marked.data,4,467,164
no.alt.motorsykler,no.religion,4,26896,1305
no.alt.motorsykler,no.standard,4,26896,1305
no.alt.motorsykler,no.tungregning,4,26896,1305
no.alt.pompel-og-pilt,no.it.emacs,4,215,83
no.alt.pompel-og-pilt,no.kryptografi,4,215,83
no.alt.pompel-og-pilt,no.marked.bil,4,215,83
no.alt.pompel-og-pilt,no.marked.bolig,4,215,83
no.alt.pompelog,no.film,4,182,83
no.alt.pompelog,no.irc,4,182,83
no.alt.pompelog,no.standard,4,182,83
no.alt.pompelog,no.tungregning,4,182,83
no.alt.radio-tv.irma-1000,no.it.emacs,4,108,76
no.alt.radio-tv.irma-1000,no.kryptografi,4,108,76
no.alt.radio-tv.irma-1000,no.marked.bil,4,108,76
no.alt.radio-tv.irma-1000,no.marked.bolig,4,108,76
no.alt.radio_tv.irma1000,no.film,4,210,59
no.alt.radio_tv.irma1000,no.irc,4,210,59
no.alt.radio_tv.irma1000,no.standard,4,210,59
no.alt.radio_tv.irma1000,no.tungregning,4,210,59
no.alt.tegneserier,no.it.emacs,4,1182,354
no.alt.tegneserier,no.kryptografi,4,1182,354
no.alt.tegneserier,no.marked.bil,4,1182,354
no.alt.tegneserier,no.marked.bolig,4,1182,354
no.alt.tegneserier,no.standard,4,1182,354
no.alt.tegneserier,no.tungregning,4,1182,354
no.amiga,no.marked.jobb,4,2054,166
no.amiga,no.tele,4,2054,166
no.audio,no.alkohol,4,4947,852
no.audio,no.it.emacs,4,4947,852
no.audio,no.marked.bolig,4,4947,852
no.audio,no.standard,4,4947,852
no.audio,no.tungregning,4,4947,852
no.audio,no.vit.diverse,4,4947,852
no.bibsys,no.litteratur,4,57,54
no.bil,no.alt.diskusjoner,4,3441,496
no.bil,no.alt.frustrasjoner,4,3441,496
no.bil,no.alt.mat,4,3441,496
no.bil,no.it.emacs,4,3441,496
no.bil,no.marked.bolig,4,3441,496
no.bil,no.org.efn.diskusjon,4,3441,496
no.biz.annonser,no.alt.frustrasjoner,4,746,501
no.biz.annonser,no.alt.gledesutbrudd,4,746,501
no.biz.annonser,no.alt.god.jul,4,746,501
no.biz.annonser,no.alt.katter,4,746,501
no.biz.annonser,no.alt.mat.drikke,4,746,501
no.biz.annonser,no.alt.pompel-og-pilt,4,746,501
no.biz.annonser,no.alt.radio-tv.irma-1000,4,746,501
no.biz.annonser,no.ef,4,746,501
no.biz.annonser,no.hobby.diverse,4,746,501
no.biz.annonser,no.it.emacs,4,746,501
no.biz.annonser,no.student.nett,4,746,501
no.biz.annonser,no.student.samfund,4,746,501
no.biz.diskusjoner,no.it.diverse,4,147,96
no.biz.diskusjoner,no.it.emacs,4,147,96
no.biz.diskusjoner,no.marked.bil,4,147,96
no.biz.diskusjoner,no.marked.bolig,4,147,96
no.bolig,no.it.emacs,4,357,63
no.bolig,no.marked.bil,4,357,63
no.c,no.it.emacs,4,1412,303
no.c,no.marked.bil,4,1412,303
no.c,no.marked.bolig,4,1412,303
no.c,no.tungregning,4,1412,303
no.ef,no.it.emacs,4,866,633
no.ef,no.marked.bil,4,866,633
no.ef,no.marked.bolig,4,866,633
no.ef,no.standard,4,866,633
no.ef,no.tungregning,4,866,633
no.elektronikk,no.it.emacs,4,1832,584
no.elektronikk,no.marked.bolig,4,1832,584
no.elektronikk,no.media,4,1832,584
no.embnet,no.it.emacs,4,178,157
no.embnet,no.marked.bil,4,178,157
no.embnet,no.marked.bolig,4,178,157
no.embnet,no.standard,4,178,157
no.embnet,no.tungregning,4,178,157
no.eunet.diverse,no.news.diverse,4,89,51
no.eunet.diverse,no.standard,4,89,51
no.eunet.diverse,no.tungregning,4,89,51
no.eunet.drift,no.news.diverse,4,227,55
no.eunet.drift,no.standard,4,227,55
no.eunet.drift,no.tungregning,4,227,55
no.eunet.hjelp,no.film,4,327,65
no.eunet.hjelp,no.irc,4,327,65
no.eunet.hjelp,no.standard,4,327,65
no.eunet.hjelp,no.tungregning,4,327,65
no.film,no.alkohol,4,6949,1035
no.film,no.alt.katter,4,6949,1035
no.film,no.alt.mat.drikke,4,6949,1035
no.film,no.alt.pompelog,4,6949,1035
no.film,no.eunet.hjelp,4,6949,1035
no.film,no.it.emacs,4,6949,1035
no.film,no.marked.bil,4,6949,1035
no.film,no.marked.bolig,4,6949,1035
no.film,no.news.diverse,4,6949,1035
no.film,no.news.drift,4,6949,1035
no.film,no.nuug,4,6949,1035
no.film,no.org.efn.diskusjon,4,6949,1035
no.film,no.psykologi,4,6949,1035
no.film,no.sources.list,4,6949,1035
no.film,no.sources.wanted,4,6949,1035
no.film,no.speider,4,6949,1035
no.film,no.standard,4,6949,1035
no.film,no.stortinget,4,6949,1035
no.film,no.tegnsett,4,6949,1035
no.film,no.telepost,4,6949,1035
no.general,no.alt.irctreff,4,47032,13121
no.general,no.perl,4,47032,13121
no.general,no.pressemeldinger.diskusjon,4,47032,13121
no.havforskning,no.alt.katter,4,243,165
no.havforskning,no.alt.mat.drikke,4,243,165
no.havforskning,no.it.emacs,4,243,165
no.havforskning,no.marked.bil,4,243,165
no.havforskning,no.marked.bolig,4,243,165
no.hobby.diverse,no.general,4,159,79
no.hobby.diverse,no.media,4,159,79
no.hobby.diverse,no.radio-tv,4,159,79
no.irc,no.alt.katter,4,3970,1022
no.irc,no.alt.mat.drikke,4,3970,1022
no.irc,no.it.emacs,4,3970,1022
no.irc,no.marked.bil,4,3970,1022
no.irc,no.marked.bolig,4,3970,1022
no.irc,no.unix,4,3970,1022
no.it.diverse,no.multimedia,4,330,168
no.it.diverse,no.psykologi,4,330,168
no.it.emacs,no.alt.katter,4,708,143
no.it.emacs,no.alt.mat.drikke,4,708,143
no.it.emacs,no.alt.pompel-og-pilt,4,708,143
no.it.emacs,no.alt.radio-tv.irma-1000,4,708,143
no.it.emacs,no.alt.tegneserier,4,708,143
no.it.emacs,no.audio,4,708,143
no.it.emacs,no.bil,4,708,143
no.it.emacs,no.biz.annonser,4,708,143
no.it.emacs,no.biz.diskusjoner,4,708,143
no.it.emacs,no.bolig,4,708,143
no.it.emacs,no.c,4,708,143
no.it.emacs,no.ef,4,708,143
no.it.emacs,no.elektronikk,4,708,143
no.it.emacs,no.embnet,4,708,143
no.it.emacs,no.film,4,708,143
no.it.emacs,no.havforskning,4,708,143
no.it.emacs,no.irc,4,708,143
no.it.emacs,no.jus,4,708,143
no.it.emacs,no.kjemi,4,708,143
no.it.emacs,no.kryptografi,4,708,143
no.it.emacs,no.lisp,4,708,143
no.it.emacs,no.litteratur,4,708,143
no.it.emacs,no.mail.diverse,4,708,143
no.it.emacs,no.mail.drift,4,708,143
no.it.emacs,no.marked,4,708,143
no.it.emacs,no.marked.bil,4,708,143
no.it.emacs,no.marked.bolig,4,708,143
no.it.emacs,no.marked.data,4,708,143
no.it.emacs,no.marked.jobb,4,708,143
no.it.os.os2,no.linux,4,369,38
no.jus,no.alt.katter,4,5232,1998
no.jus,no.alt.mat.drikke,4,5232,1998
no.jus,no.it.emacs,4,5232,1998
no.jus,no.marked.bil,4,5232,1998
no.jus,no.marked.bolig,4,5232,1998
no.jus,no.prat.aksjer,4,5232,1998
no.jus,no.vitser,4,5232,1998
no.kjemi,no.alt.katter,4,830,350
no.kjemi,no.it.emacs,4,830,350
no.kjemi,no.marked.bil,4,830,350
no.kjemi,no.marked.bolig,4,830,350
no.kryptografi,no.alt.katter,4,330,112
no.kryptografi,no.alt.mat.drikke,4,330,112
no.kryptografi,no.alt.pompel-og-pilt,4,330,112
no.kryptografi,no.alt.radio-tv.irma-1000,4,330,112
no.kryptografi,no.alt.tegneserier,4,330,112
no.kryptografi,no.it.emacs,4,330,112
no.kryptografi,no.marked.bil,4,330,112
no.kryptografi,no.marked.bolig,4,330,112
no.linux,no.alt.katter,4,8833,1209
no.linux,no.alt.mat.drikke,4,8833,1209
no.linux,no.media,4,8833,1209
no.linux,no.norsk.fagord,4,8833,1209
no.linux,no.perl,4,8833,1209
no.linux,no.svar,4,8833,1209
no.lisp,no.alt.katter,4,373,193
no.lisp,no.alt.mat.drikke,4,373,193
no.lisp,no.media,4,373,193
no.lisp,no.medisin,4,373,193
no.lisp,no.ms-windows,4,373,193
no.lisp,no.norsk,4,373,193
no.lisp,no.norsk.fagord,4,373,193
no.lisp,no.nuug,4,373,193
no.lisp,no.pc,4,373,193
no.litteratur,no.alt.katter,4,2060,485
no.litteratur,no.alt.mat.drikke,4,2060,485
no.litteratur,no.bibsys,4,2060,485
no.litteratur,no.it.emacs,4,2060,485
no.litteratur,no.marked.diskusjon,4,2060,485
no.litteratur,no.perl,4,2060,485
no.litteratur,no.prat.narkotika,4,2060,485
no.litteratur,no.prat.ufo,4,2060,485
no.mac,no.marked.diskusjon,4,11681,1053
no.mac,no.prat.narkotika,4,11681,1053
no.mac,no.prat.ufo,4,11681,1053
no.mail.diverse,no.alt.katter,4,1099,512
no.mail.diverse,no.alt.mat.drikke,4,1099,512
no.mail.diverse,no.marked.diskusjon,4,1099,512
no.mail.diverse,no.mswindow,4,1099,512
no.mail.diverse,no.perl,4,1099,512
no.mail.diverse,no.prat.narkotika,4,1099,512
no.mail.diverse,no.prat.ufo,4,1099,512
no.mail.drift,no.alt.katter,4,307,207
no.mail.drift,no.alt.mat.drikke,4,307,207
no.mail.drift,no.it.emacs,4,307,207
no.mail.drift,no.marked.diskusjon,4,307,207
no.mail.drift,no.perl,4,307,207
no.mail.drift,no.prat.narkotika,4,307,207
no.mail.drift,no.prat.ufo,4,307,207
no.mail.drift,no.unix,4,307,207
no.marked,no.it.emacs,4,4847,1840
no.marked,no.perl,4,4847,1840
no.marked,no.prat.narkotika,4,4847,1840
no.marked,no.student.nett,4,4847,1840
no.marked,no.student.samfund,4,4847,1840
no.marked,no.x,4,4847,1840
no.marked.bil,no.alt.katter,4,204,61
no.marked.bil,no.alt.mat.drikke,4,204,61
no.marked.bil,no.alt.pompel-og-pilt,4,204,61
no.marked.bil,no.alt.radio-tv.irma-1000,4,204,61
no.marked.bil,no.alt.tegneserier,4,204,61
no.marked.bil,no.biz.diskusjoner,4,204,61
no.marked.bil,no.bolig,4,204,61
no.marked.bil,no.c,4,204,61
no.marked.bil,no.ef,4,204,61
no.marked.bil,no.embnet,4,204,61
no.marked.bil,no.film,4,204,61
no.marked.bil,no.general,4,204,61
no.marked.bil,no.havforskning,4,204,61
no.marked.bil,no.irc,4,204,61
no.marked.bil,no.it.emacs,4,204,61
no.marked.bil,no.jus,4,204,61
no.marked.bil,no.kjemi,4,204,61
no.marked.bil,no.kryptografi,4,204,61
no.marked.bil,no.perl,4,204,61
no.marked.bil,no.prat.narkotika,4,204,61
no.marked.bil,no.prat.ufo,4,204,61
no.marked.bolig,no.alt.katter,4,67,36
no.marked.bolig,no.alt.mat.drikke,4,67,36
no.marked.bolig,no.alt.pompel-og-pilt,4,67,36
no.marked.bolig,no.alt.radio-tv.irma-1000,4,67,36
no.marked.bolig,no.alt.tegneserier,4,67,36
no.marked.bolig,no.audio,4,67,36
no.marked.bolig,no.bil,4,67,36
no.marked.bolig,no.biz.diskusjoner,4,67,36
no.marked.bolig,no.c,4,67,36
no.marked.bolig,no.ef,4,67,36
no.marked.bolig,no.elektronikk,4,67,36
no.marked.bolig,no.embnet,4,67,36
no.marked.bolig,no.film,4,67,36
no.marked.bolig,no.general,4,67,36
no.marked.bolig,no.havforskning,4,67,36
no.marked.bolig,no.irc,4,67,36
no.marked.bolig,no.it.emacs,4,67,36
no.marked.bolig,no.jus,4,67,36
no.marked.bolig,no.kjemi,4,67,36
no.marked.bolig,no.kryptografi,4,67,36
no.marked.bolig,no.perl,4,67,36
no.marked.bolig,no.prat.narkotika,4,67,36
no.marked.bolig,no.prat.ufo,4,67,36
no.marked.data,no.alt.diskusjoner,4,4910,1299
no.marked.data,no.alt.katter,4,4910,1299
no.marked.data,no.alt.mat.drikke,4,4910,1299
no.marked.data,no.it.emacs,4,4910,1299
no.marked.data,no.perl,4,4910,1299
no.marked.data,no.prat.aksjer,4,4910,1299
no.marked.data,no.prat.narkotika,4,4910,1299
no.marked.data,no.prat.ufo,4,4910,1299
no.marked.data,no.sources.wanted,4,4910,1299
no.marked.data,no.uninett.diverse,4,4910,1299
no.marked.data,no.uninett.skole,4,4910,1299
no.marked.diskusjon,no.lisp,4,54,49
no.marked.diskusjon,no.marked.jobb,4,54,49
no.marked.diskusjon,no.musikk,4,54,49
no.marked.diskusjon,no.perl,4,54,49
no.marked.jobb,no.alt.katter,4,766,318
no.marked.jobb,no.alt.mat.drikke,4,766,318
no.marked.jobb,no.it.emacs,4,766,318
no.marked.jobb,no.marked.diskusjon,4,766,318
no.marked.jobb,no.perl,4,766,318
no.marked.jobb,no.prat.narkotika,4,766,318
no.marked.jobb,no.prat.ufo,4,766,318
no.marked.jobb,no.unix,4,766,318
no.media,no.elektronikk,4,58,45
no.media,no.hobby.diverse,4,58,45
no.media,no.lisp,4,58,45
no.media,no.ms-windows,4,58,45
no.media,no.perl,4,58,45
no.media,no.prat.narkotika,4,58,45
no.media,unknown,4,58,45
no.medisin,no.lisp,4,880,278
no.medisin,no.marked.bil,4,880,278
no.medisin,no.marked.bolig,4,880,278
no.medisin,no.marked.diskusjon,4,880,278
no.medisin,no.perl,4,880,278
no.medisin,no.prat.ufo,4,880,278
no.medisin,no.sport.diverse,4,880,278
no.ms-windows,no.mail.drift,4,4123,936
no.ms-windows,no.medisin,4,4123,936
no.ms-windows,no.nuug,4,4123,936
no.ms-windows,no.perl,4,4123,936
no.ms-windows,no.psykologi,4,4123,936
no.multimedia,no.it.diverse,4,954,581
no.multimedia,no.marked.bil,4,954,581
no.multimedia,no.marked.bolig,4,954,581
no.multimedia,no.marked.diskusjon,4,954,581
no.multimedia,no.perl,4,954,581
no.multimedia,no.prat.narkotika,4,954,581
no.multimedia,no.prat.ufo,4,954,581
no.multimedia,no.www,4,954,581
no.musikk,no.alt.mat,4,15532,1497
no.musikk,no.marked.bil,4,15532,1497
no.musikk,no.marked.diskusjon,4,15532,1497
no.musikk,no.perl,4,15532,1497
no.musikk,no.prat.narkotika,4,15532,1497
no.musikk,no.prat.ufo,4,15532,1497
no.musikk,no.spill,4,15532,1497
no.musikk,no.standard,4,15532,1497
no.musikk,no.stortinget,4,15532,1497
no.musikk,no.telepost,4,15532,1497
no.musikk.klassisk,unknown,4,133,57
no.net,no.perl,4,1110,523
no.net,no.prat.narkotika,4,1110,523
no.net,no.prat.ufo,4,1110,523
no.net,no.uninett.diverse,4,1110,523
no.net,no.x,4,1110,523
no.news.diverse,no.alt.mat,4,6024,2109
no.news.diverse,no.eunet.diverse,4,6024,2109
no.news.diverse,no.it.emacs,4,6024,2109
no.news.diverse,no.marked.bil,4,6024,2109
no.news.diverse,no.marked.bolig,4,6024,2109
no.news.drift,no.film,4,345,185
no.news.drift,no.uninett.drift,4,345,185
no.norsk,no.lisp,4,11325,2296
no.norsk,no.perl,4,11325,2296
no.norsk,no.prat.narkotika,4,11325,2296
no.norsk,no.prat.ufo,4,11325,2296
no.norsk.fagord,no.folklore.edb,4,177,47
no.norsk.fagord,no.lisp,4,177,47
no.norsk.fagord,no.marked.bil,4,177,47
no.norsk.fagord,no.marked.bolig,4,177,47
no.norsk.fagord,no.marked.diskusjon,4,177,47
no.norsk.fagord,no.perl,4,177,47
no.norsk.fagord,no.prat.narkotika,4,177,47
no.norsk.fagord,no.prat.ufo,4,177,47
no.norsk.fagord,unknown,4,177,47
no.nuug,no.film,4,50,46
no.nuug,no.lisp,4,50,46
no.nuug,no.perl,4,50,46
no.nuug,no.prat.narkotika,4,50,46
no.nuug,no.prat.ufo,4,50,46
no.nuug,unknown,4,50,46
no.org.efn.diskusjon,no.alt.diskusjoner,4,869,491
no.org.efn.diskusjon,no.standard,4,869,491
no.org.efn.diskusjon,no.tungregning,4,869,491
no.pc,no.lisp,4,12883,2791
no.pc,no.perl,4,12883,2791
no.perl,no.linux,4,633,117
no.perl,no.litteratur,4,633,117
no.perl,no.mail.diverse,4,633,117
no.perl,no.mail.drift,4,633,117
no.perl,no.marked,4,633,117
no.perl,no.marked.data,4,633,117
no.perl,no.media,4,633,117
no.perl,no.medisin,4,633,117
no.perl,no.multimedia,4,633,117
no.perl,no.net,4,633,117
no.perl,no.norsk,4,633,117
no.perl,no.norsk.fagord,4,633,117
no.perl,no.nuug,4,633,117
no.prat.aksjer,no.lisp,4,478,46
no.prat.aksjer,no.litteratur,4,478,46
no.prat.aksjer,no.mac,4,478,46
no.prat.aksjer,no.mail.diverse,4,478,46
no.prat.aksjer,no.mail.drift,4,478,46
no.prat.aksjer,no.marked,4,478,46
no.prat.aksjer,no.media,4,478,46
no.prat.aksjer,no.medisin,4,478,46
no.prat.aksjer,no.multimedia,4,478,46
no.prat.aksjer,no.net,4,478,46
no.prat.aksjer,no.norsk,4,478,46
no.prat.aksjer,no.norsk.fagord,4,478,46
no.prat.aksjer,no.nuug,4,478,46
no.prat.aksjer,no.pc,4,478,46
no.prat.aksjer,no.perl,4,478,46
no.prat.narkotika,no.jus,4,1591,613
no.prat.narkotika,no.lisp,4,1591,613
no.prat.narkotika,no.marked.bil,4,1591,613
no.prat.narkotika,no.marked.bolig,4,1591,613
no.prat.narkotika,no.marked.diskusjon,4,1591,613
no.prat.politikk,no.prat.seksualitet,4,2527,1425
no.prat.seksualitet,no.jus,4,2367,181
no.prat.ufo,no.lisp,4,468,36
no.prat.ufo,no.marked.bil,4,468,36
no.prat.ufo,no.marked.bolig,4,468,36
no.prat.ufo,no.marked.diskusjon,4,468,36
no.pressemeldinger.diskusjon,unknown,4,24,12
no.psykologi,no.it.diverse,4,1209,553
no.psykologi,no.marked.data,4,1209,553
no.psykologi,no.ms-windows,4,1209,553
no.psykologi,no.uninett.skole,4,1209,553
no.psykologi,no.vr,4,1209,553
no.psykologi,no.www,4,1209,553
no.radio-tv,no.hobby.diverse,4,2524,676
no.radio-tv,no.unix,4,2524,676
no.radio_tv,no.uninett.skole,4,909,244
no.reiser,no.student.nett,4,746,84
no.reiser,no.student.samfund,4,746,84
no.religion,no.bil,4,14266,2206
no.religion,no.vitser,4,14266,2206
no.sources.list,no.film,4,12,12
no.sources.list,no.uninett.diverse,4,12,12
no.sources.list,no.uninett.drift,4,12,12
no.sources.list,no.uninett.hjelp,4,12,12
no.sources.list,no.uninett.katalog,4,12,12
no.sources.wanted,no.film,4,53,26
no.sources.wanted,no.marked.data,4,53,26
no.sources.wanted,no.uninett.diverse,4,53,26
no.sources.wanted,no.uninett.drift,4,53,26
no.sources.wanted,no.uninett.hjelp,4,53,26
no.sources.wanted,no.uninett.katalog,4,53,26
no.sources.wanted,unknown,4,53,26
no.speider,no.film,4,749,86
no.speider,no.uninett.diverse,4,749,86
no.speider,no.uninett.drift,4,749,86
no.speider,no.uninett.hjelp,4,749,86
no.speider,no.uninett.katalog,4,749,86
no.spill,no.musikk,4,5773,631
no.spill,no.uninett.drift,4,5773,631
no.spill,no.uninett.hjelp,4,5773,631
no.spill,no.uninett.katalog,4,5773,631
no.sport.diverse,no.uninett.drift,4,3164,378
no.sport.diverse,no.uninett.hjelp,4,3164,378
no.sport.diverse,no.uninett.katalog,4,3164,378
no.standard,no.musikk,4,64,38
no.standard,no.uninett.diverse,4,64,38
no.standard,no.uninett.drift,4,64,38
no.standard,no.uninett.hjelp,4,64,38
no.standard,no.uninett.katalog,4,64,38
no.stortinget,no.film,4,1495,626
no.stortinget,no.irc,4,1495,626
no.student.nett,no.biz.annonser,4,159,70
no.student.nett,no.marked,4,159,70
no.student.nett,no.reiser,4,159,70
no.student.nett,no.religion,4,159,70
no.student.samfund,no.biz.annonser,4,98,54
no.student.samfund,no.marked,4,98,54
no.student.samfund,no.reiser,4,98,54
no.tegnsett,no.film,4,313,139
no.tegnsett,no.sykkel,4,313,139
no.tegnsett,no.tele,4,313,139
no.tele,no.amiga,4,3203,694
no.telepost,no.film,4,537,316
no.telepost,no.musikk,4,537,316
no.telepost,no.uninett.diverse,4,537,316
no.telepost,no.uninett.drift,4,537,316
no.telepost,no.uninett.hjelp,4,537,316
no.telepost,no.uninett.katalog,4,537,316
no.test,no.vitser,4,1148,154
no.tungregning,no.uninett.diverse,4,14,8
no.tungregning,no.uninett.drift,4,14,8
no.tungregning,no.uninett.hjelp,4,14,8
no.tungregning,no.uninett.katalog,4,14,8
no.uninett.diverse,no.net,4,82,53
no.uninett.diverse,no.slekt,4,82,53
no.uninett.diverse,no.sources.list,4,82,53
no.uninett.diverse,no.sources.wanted,4,82,53
no.uninett.diverse,no.speider,4,82,53
no.uninett.diverse,no.standard,4,82,53
no.uninett.diverse,no.tegnsett,4,82,53
no.uninett.diverse,no.telepost,4,82,53
no.uninett.diverse,no.tungregning,4,82,53
no.uninett.diverse,no.uninett.katalog,4,82,53
no.uninett.drift,no.mail.diverse,4,47,20
no.uninett.drift,no.news.drift,4,47,20
no.uninett.drift,no.slekt,4,47,20
no.uninett.drift,no.sources.list,4,47,20
no.uninett.drift,no.sources.wanted,4,47,20
no.uninett.drift,no.speider,4,47,20
no.uninett.drift,no.spill,4,47,20
no.uninett.drift,no.sport.diverse,4,47,20
no.uninett.drift,no.standard,4,47,20
no.uninett.drift,no.tegnsett,4,47,20
no.uninett.drift,no.telepost,4,47,20
no.uninett.drift,no.tungregning,4,47,20
no.uninett.drift,no.uninett.hjelp,4,47,20
no.uninett.drift,no.uninett.katalog,4,47,20
no.uninett.hjelp,no.general,4,37,12
no.uninett.hjelp,no.slekt,4,37,12
no.uninett.hjelp,no.sources.list,4,37,12
no.uninett.hjelp,no.sources.wanted,4,37,12
no.uninett.hjelp,no.speider,4,37,12
no.uninett.hjelp,no.spill,4,37,12
no.uninett.hjelp,no.sport.diverse,4,37,12
no.uninett.hjelp,no.standard,4,37,12
no.uninett.hjelp,no.tegnsett,4,37,12
no.uninett.hjelp,no.telepost,4,37,12
no.uninett.hjelp,no.tungregning,4,37,12
no.uninett.hjelp,no.uninett.drift,4,37,12
no.uninett.hjelp,no.uninett.katalog,4,37,12
no.uninett.hjelp,unknown,4,37,12
no.uninett.katalog,no.slekt,4,11,5
no.uninett.katalog,no.sources.list,4,11,5
no.uninett.katalog,no.sources.wanted,4,11,5
no.uninett.katalog,no.speider,4,11,5
no.uninett.katalog,no.spill,4,11,5
no.uninett.katalog,no.sport.diverse,4,11,5
no.uninett.katalog,no.standard,4,11,5
no.uninett.katalog,no.tegnsett,4,11,5
no.uninett.katalog,no.telepost,4,11,5
no.uninett.katalog,no.tungregning,4,11,5
no.uninett.katalog,no.uninett.diverse,4,11,5
no.uninett.katalog,no.uninett.drift,4,11,5
no.uninett.katalog,no.uninett.hjelp,4,11,5
no.uninett.skole,no.marked.data,4,404,145
no.uninett.skole,no.net,4,404,145
no.unix,no.irc,4,2325,766
no.unix,no.mail.drift,4,2325,766
no.unix,no.ms-windows,4,2325,766
no.unix,no.vitser,4,2325,766
no.vit.diverse,no.audio,4,447,186
no.vit.diverse,no.elektronikk,4,447,186
no.vitser,no.musikk,4,4950,665
no.vitser,no.religion,4,4950,665
no.vitser,no.unix,4,4950,665
no.vr,unknown,4,62,24
no.www,no.multimedia,4,2032,312
no.www,no.psykologi,4,2032,312
no.x,no.marked,4,212,85
no.x,no.net,4,212,85
no.x,no.news.diverse,4,212,85
no.ai,no.irc,3,158,118
no.alkohol,no.irc,3,2049,918
no.alkohol,no.mail.diverse,3,2049,918
no.alt.arkiv,no.norsk,3,74,67
no.alt.arkiv,no.slekt,3,74,67
no.alt.arkiv,no.sources.wanted,3,74,67
no.alt.arkiv,no.stortinget,3,74,67
no.alt.arkiv,no.telepost,3,74,67
no.alt.config,no.ms-windows,3,451,283
no.alt.config,no.pc,3,451,283
no.alt.diskusjoner,no.marked.data,3,10536,4821
no.alt.diskusjoner,no.musikk.gitar,3,10536,4821
no.alt.diskusjoner,no.nuug,3,10536,4821
no.alt.diskusjoner,no.org.efn.diskusjon,3,10536,4821
no.alt.fan.de-lillos,no.alt.mat,3,115,8
no.alt.fan.de-lillos,no.audio,3,115,8
no.alt.fan.de-lillos,no.film,3,115,8
no.alt.fan.de-lillos,no.mail.diverse,3,115,8
no.alt.fan.de-lillos,no.marked,3,115,8
no.alt.fan.de-lillos,no.multimedia,3,115,8
no.alt.frustrasjoner,no.alt.fan.de-lillos,3,21167,4522
no.alt.frustrasjoner,no.biz.diskusjoner,3,21167,4522
no.alt.frustrasjoner,no.hobby.diverse,3,21167,4522
no.alt.frustrasjoner,no.x,3,21167,4522
no.alt.gledesutbrudd,no.uninett.skole,3,6405,1220
no.alt.god.jul,no.biz.annonser,3,399,231
no.alt.irctreff,unknown,3,292,10
no.alt.katter,no.vitser,3,1001,143
no.alt.mat,no.musikk,3,2055,461
no.alt.motorsykler,no.biz.annonser.data,3,26896,1305
no.alt.motorsykler,no.marked.jobb,3,26896,1305
no.alt.sjokolade,no.film,3,307,51
no.amiga,no.audio,3,2054,166
no.audio,no.alt.irc-treff,3,4947,852
no.audio,no.reiser,3,4947,852
no.bil,no.prat.politikk,3,3441,496
no.bil,no.tele,3,3441,496
no.biz.annonser,no.alkohol,3,746,501
no.biz.annonser,no.prat.ufo,3,746,501
no.biz.annonser,no.uninett.hjelp,3,746,501
no.biz.annonser.data,no.hobby.diverse,3,276,193
no.biz.nettilbydere,no.alkohol,3,479,145
no.biz.nettilbydere,no.alt.diskusjoner,3,479,145
no.biz.nettilbydere,no.alt.frustrasjoner,3,479,145
no.biz.nettilbydere,no.alt.mat,3,479,145
no.biz.nettilbydere,no.audio,3,479,145
no.biz.nettilbydere,no.film,3,479,145
no.biz.nettilbydere,no.mail.diverse,3,479,145
no.biz.nettilbydere,no.multimedia,3,479,145
no.c,no.ms-windows,3,1412,303
no.ef,no.religion,3,866,633
no.elektronikk,no.vit.diverse,3,1832,584
no.film,no.media,3,6949,1035
no.film,no.reiser,3,6949,1035
no.film,no.tungregning,3,6949,1035
no.folklore.generelt,no.prat.seksualitet,3,7,7
no.havforskning,no.uninett.diverse,3,243,165
no.havforskning,no.uninett.drift,3,243,165
no.havforskning,no.uninett.hjelp,3,243,165
no.havforskning,no.uninett.katalog,3,243,165
no.havforskning,no.uninett.skole,3,243,165
no.havforskning,no.unix,3,243,165
no.hobby.diverse,no.alkohol,3,159,79
no.hobby.diverse,no.alt.diskusjoner,3,159,79
no.hobby.diverse,no.alt.frustrasjoner,3,159,79
no.hobby.diverse,no.alt.mat,3,159,79
no.hobby.diverse,no.biz.annonser.data,3,159,79
no.hobby.diverse,no.it.diverse,3,159,79
no.hobby.diverse,no.mail.diverse,3,159,79
no.hobby.diverse,no.prat.ufo,3,159,79
no.irc,no.uninett.diverse,3,3970,1022
no.irc,no.uninett.drift,3,3970,1022
no.irc,no.uninett.hjelp,3,3970,1022
no.irc,no.uninett.katalog,3,3970,1022
no.irc,no.uninett.skole,3,3970,1022
no.it.diverse,no.biz.diskusjoner,3,330,168
no.it.diverse,no.hobby.diverse,3,330,168
no.jus,no.uninett.drift,3,5232,1998
no.jus,no.uninett.hjelp,3,5232,1998
no.jus,no.uninett.katalog,3,5232,1998
no.jus,no.uninett.skole,3,5232,1998
no.jus,no.unix,3,5232,1998
no.kjemi,no.uninett.diverse,3,830,350
no.kjemi,no.uninett.drift,3,830,350
no.kjemi,no.uninett.hjelp,3,830,350
no.kjemi,no.uninett.katalog,3,830,350
no.kjemi,no.uninett.skole,3,830,350
no.kjemi,no.unix,3,830,350
no.linux,no.marked.diskusjon,3,8833,1209
no.linux,no.prat.aksjer,3,8833,1209
no.linux,no.prat.narkotika,3,8833,1209
no.linux,no.prat.ufo,3,8833,1209
no.linux,no.uninett.diverse,3,8833,1209
no.linux,no.uninett.drift,3,8833,1209
no.linux,no.uninett.hjelp,3,8833,1209
no.linux,no.uninett.katalog,3,8833,1209
no.linux,no.uninett.skole,3,8833,1209
no.lisp,no.marked.diskusjon,3,373,193
no.lisp,no.prat.aksjer,3,373,193
no.lisp,no.prat.narkotika,3,373,193
no.lisp,no.prat.ufo,3,373,193
no.litteratur,no.prat.aksjer,3,2060,485
no.litteratur,no.uninett.diverse,3,2060,485
no.litteratur,no.uninett.drift,3,2060,485
no.litteratur,no.uninett.hjelp,3,2060,485
no.litteratur,no.uninett.katalog,3,2060,485
no.litteratur,no.unix,3,2060,485
no.mac,no.alt.diskusjoner,3,11681,1053
no.mac,no.prat.aksjer,3,11681,1053
no.mac,no.uninett.diverse,3,11681,1053
no.mac,no.uninett.drift,3,11681,1053
no.mac,no.uninett.hjelp,3,11681,1053
no.mac,no.uninett.katalog,3,11681,1053
no.mac,no.uninett.skole,3,11681,1053
no.mail.diverse,no.alkohol,3,1099,512
no.mail.diverse,no.prat.aksjer,3,1099,512
no.mail.diverse,no.tele,3,1099,512
no.mail.diverse,no.uninett.diverse,3,1099,512
no.mail.diverse,no.uninett.drift,3,1099,512
no.mail.diverse,no.uninett.hjelp,3,1099,512
no.mail.diverse,no.uninett.katalog,3,1099,512
no.mail.drift,no.ms-windows,3,307,207
no.mail.drift,no.prat.aksjer,3,307,207
no.mail.drift,no.uninett.diverse,3,307,207
no.mail.drift,no.uninett.hjelp,3,307,207
no.mail.drift,no.uninett.katalog,3,307,207
no.mail.drift,no.uninett.skole,3,307,207
no.marked,no.prat.aksjer,3,4847,1840
no.marked,no.reiser,3,4847,1840
no.marked,no.religion,3,4847,1840
no.marked,no.uninett.drift,3,4847,1840
no.marked,no.uninett.hjelp,3,4847,1840
no.marked,no.uninett.katalog,3,4847,1840
no.marked,no.video,3,4847,1840
no.marked.bil,no.ms-windows,3,204,61
no.marked.bil,no.musikk,3,204,61
no.marked.bil,no.prat.aksjer,3,204,61
no.marked.bolig,no.ms-windows,3,67,36
no.marked.bolig,no.prat.aksjer,3,67,36
no.marked.bolig,unknown,3,67,36
no.marked.data,no.news.drift,3,4910,1299
no.marked.data,no.psykologi,3,4910,1299
no.marked.data,no.radio_tv,3,4910,1299
no.marked.data,no.slekt,3,4910,1299
no.marked.data,no.sources.list,3,4910,1299
no.marked.data,no.speider,3,4910,1299
no.marked.data,no.standard,3,4910,1299
no.marked.data,no.tegnsett,3,4910,1299
no.marked.data,no.tungregning,3,4910,1299
no.marked.data,no.uninett.drift,3,4910,1299
no.marked.data,no.uninett.hjelp,3,4910,1299
no.marked.data,no.uninett.katalog,3,4910,1299
no.marked.diskusjon,no.linux,3,54,49
no.marked.diskusjon,no.ms-windows,3,54,49
no.marked.diskusjon,no.prat.aksjer,3,54,49
no.marked.jobb,no.alt.motorsykler,3,766,318
no.marked.jobb,no.prat.aksjer,3,766,318
no.marked.jobb,no.reiser,3,766,318
no.media,no.alkohol,3,58,45
no.media,no.alt.diskusjoner,3,58,45
no.media,no.alt.mat,3,58,45
no.media,no.linux,3,58,45
no.media,no.prat.aksjer,3,58,45
no.media,no.www,3,58,45
no.medisin,no.ms-windows,3,880,278
no.medisin,no.prat.aksjer,3,880,278
no.ms-windows,no.alt.config,3,4123,936
no.ms-windows,no.c,3,4123,936
no.ms-windows,no.marked.bil,3,4123,936
no.ms-windows,no.marked.bolig,3,4123,936
no.ms-windows,no.marked.diskusjon,3,4123,936
no.ms-windows,no.prat.aksjer,3,4123,936
no.ms-windows,no.prat.narkotika,3,4123,936
no.ms-windows,no.prat.ufo,3,4123,936
no.mswindow,no.mail.diverse,3,362,78
no.mswindow,no.unix,3,362,78
no.multimedia,no.prat.aksjer,3,954,581
no.multimedia,no.uninett.drift,3,954,581
no.multimedia,no.uninett.hjelp,3,954,581
no.multimedia,no.uninett.katalog,3,954,581
no.multimedia,no.uninett.skole,3,954,581
no.musikk,no.alt.fan.de-lillos,3,15532,1497
no.musikk,no.prat.aksjer,3,15532,1497
no.musikk,no.sources.list,3,15532,1497
no.musikk,no.sources.wanted,3,15532,1497
no.musikk,no.speider,3,15532,1497
no.musikk,no.tegnsett,3,15532,1497
no.musikk,no.tungregning,3,15532,1497
no.musikk,no.uninett.diverse,3,15532,1497
no.musikk,no.uninett.drift,3,15532,1497
no.musikk,no.uninett.hjelp,3,15532,1497
no.musikk,no.uninett.katalog,3,15532,1497
no.musikk,no.uninett.skole,3,15532,1497
no.musikk,no.unix,3,15532,1497
no.musikk.gitar,no.uninett.diverse,3,910,220
no.musikk.gitar,no.uninett.drift,3,910,220
no.musikk.gitar,no.uninett.hjelp,3,910,220
no.musikk.gitar,no.uninett.katalog,3,910,220
no.musikk.gitar,no.uninett.skole,3,910,220
no.musikk.gitar,no.unix,3,910,220
no.net,no.prat.aksjer,3,1110,523
no.net,no.uninett.hjelp,3,1110,523
no.net,no.uninett.katalog,3,1110,523
no.net,no.uninett.skole,3,1110,523
no.news.diverse,no.alt.katter,3,6024,2109
no.news.diverse,no.alt.mat.drikke,3,6024,2109
no.news.diverse,no.biz.diskusjoner,3,6024,2109
no.news.diverse,no.prat.narkotika,3,6024,2109
no.news.diverse,no.sources.list,3,6024,2109
no.news.diverse,no.sources.wanted,3,6024,2109
no.news.diverse,no.standard,3,6024,2109
no.news.diverse,no.student.samfund,3,6024,2109
no.news.diverse,no.tegnsett,3,6024,2109
no.news.diverse,no.tungregning,3,6024,2109
no.news.diverse,no.uninett.drift,3,6024,2109
no.news.diverse,no.uninett.hjelp,3,6024,2109
no.news.diverse,no.uninett.katalog,3,6024,2109
no.news.diverse,no.vit.diverse,3,6024,2109
no.news.drift,no.marked.data,3,345,185
no.news.drift,no.uninett.diverse,3,345,185
no.news.drift,no.uninett.hjelp,3,345,185
no.news.drift,no.uninett.katalog,3,345,185
no.news.drift,no.uninett.skole,3,345,185
no.norsk,no.alt.arkiv,3,11325,2296
no.norsk,no.prat.aksjer,3,11325,2296
no.norsk,no.student.nett,3,11325,2296
no.norsk,no.sykkel,3,11325,2296
no.norsk,no.uninett.drift,3,11325,2296
no.norsk,no.uninett.hjelp,3,11325,2296
no.norsk,no.uninett.katalog,3,11325,2296
no.norsk.fagord,no.linux,3,177,47
no.norsk.fagord,no.marked.jobb,3,177,47
no.norsk.fagord,no.musikk,3,177,47
no.norsk.fagord,no.prat.aksjer,3,177,47
no.norsk.fagord,no.typografi,3,177,47
no.nuug,no.marked.jobb,3,50,46
no.nuug,no.ms-windows,3,50,46
no.nuug,no.prat.aksjer,3,50,46
no.org.nobug.diverse,unknown,3,53,3
no.pc,no.alt.config,3,12883,2791
no.pc,no.prat.aksjer,3,12883,2791
no.pc,no.student.nett,3,12883,2791
no.pc,no.student.samfund,3,12883,2791
no.pc,no.uninett.drift,3,12883,2791
no.pc,no.uninett.hjelp,3,12883,2791
no.pc,no.uninett.katalog,3,12883,2791
no.perl,no.marked.bil,3,633,117
no.perl,no.marked.bolig,3,633,117
no.perl,no.marked.diskusjon,3,633,117
no.perl,no.ms-windows,3,633,117
no.perl,no.prat.aksjer,3,633,117
no.prat.aksjer,no.jus,3,478,46
no.prat.aksjer,no.linux,3,478,46
no.prat.aksjer,no.marked.bil,3,478,46
no.prat.aksjer,no.marked.bolig,3,478,46
no.prat.aksjer,no.marked.diskusjon,3,478,46
no.prat.aksjer,no.ms-windows,3,478,46
no.prat.aksjer,no.prat.narkotika,3,478,46
no.prat.aksjer,no.prat.ufo,3,478,46
no.prat.narkotika,no.linux,3,1591,613
no.prat.narkotika,no.marked.jobb,3,1591,613
no.prat.narkotika,no.ms-windows,3,1591,613
no.prat.narkotika,no.musikk,3,1591,613
no.prat.narkotika,no.prat.aksjer,3,1591,613
no.prat.narkotika,no.radio-tv,3,1591,613
no.prat.seksualitet,no.speider,3,2367,181
no.prat.ufo,no.linux,3,468,36
no.prat.ufo,no.marked.jobb,3,468,36
no.prat.ufo,no.ms-windows,3,468,36
no.prat.ufo,no.musikk,3,468,36
no.prat.ufo,no.prat.aksjer,3,468,36
no.pressemeldinger.diskusjon,no.general,3,24,12
no.pressemeldinger.diskusjon,no.pressemeldinger,3,24,12
no.psykologi,no.uninett.diverse,3,1209,553
no.psykologi,no.uninett.drift,3,1209,553
no.psykologi,no.uninett.hjelp,3,1209,553
no.psykologi,no.uninett.katalog,3,1209,553
no.psykologi,no.unix,3,1209,553
no.radio-tv,no.media,3,2524,676
no.radio-tv,no.news.drift,3,2524,676
no.radio-tv,no.nuug,3,2524,676
no.radio-tv,no.psykologi,3,2524,676
no.radio-tv,no.sources.list,3,2524,676
no.radio-tv,no.sources.wanted,3,2524,676
no.radio-tv,no.standard,3,2524,676
no.radio-tv,no.student.nett,3,2524,676
no.radio-tv,no.student.samfund,3,2524,676
no.radio-tv,no.tegnsett,3,2524,676
no.radio-tv,no.telepost,3,2524,676
no.radio-tv,no.tungregning,3,2524,676
no.radio-tv,no.typografi,3,2524,676
no.radio-tv,no.uninett.diverse,3,2524,676
no.radio-tv,no.uninett.drift,3,2524,676
no.radio-tv,no.uninett.hjelp,3,2524,676
no.radio-tv,no.uninett.katalog,3,2524,676
no.radio-tv,no.uninett.skole,3,2524,676
no.radio_tv,no.tele,3,909,244
no.reiser,no.audio,3,746,84
no.reiser,no.film,3,746,84
no.reiser,no.marked,3,746,84
no.reiser,no.marked.jobb,3,746,84
no.reiser,no.news.diverse,3,746,84
no.reiser,no.vitser,3,746,84
no.religion,no.slekt,3,14266,2206
no.religion,no.sport.diverse,3,14266,2206
no.religion,no.student.nett,3,14266,2206
no.religion,no.student.samfund,3,14266,2206
no.slekt,no.marked.data,3,2669,367
no.slekt,no.radio-tv,3,2669,367
no.slekt,no.religion,3,2669,367
no.slekt,no.slekt.programmer,3,2669,367
no.slekt,no.uninett.skole,3,2669,367
no.slekt,no.unix,3,2669,367
no.sources.list,no.marked.data,3,12,12
no.sources.list,no.musikk,3,12,12
no.sources.list,no.news.diverse,3,12,12
no.sources.list,no.uninett.skole,3,12,12
no.sources.list,no.unix,3,12,12
no.sources.wanted,no.alt.arkiv,3,53,26
no.sources.wanted,no.alt.diskusjoner,3,53,26
no.sources.wanted,no.general,3,53,26
no.sources.wanted,no.musikk,3,53,26
no.sources.wanted,no.news.diverse,3,53,26
no.sources.wanted,no.uninett.skole,3,53,26
no.sources.wanted,no.unix,3,53,26
no.speider,no.marked.data,3,749,86
no.speider,no.musikk,3,749,86
no.speider,no.prat.seksualitet,3,749,86
no.speider,no.radio-tv,3,749,86
no.speider,no.uninett.skole,3,749,86
no.speider,no.unix,3,749,86
no.spill,no.it.diverse,3,5773,631
no.spill,no.uninett.skole,3,5773,631
no.spill,no.unix,3,5773,631
no.sport.diverse,no.religion,3,3164,378
no.sport.diverse,no.uninett.skole,3,3164,378
no.sport.diverse,no.unix,3,3164,378
no.standard,no.alt.frustrasjoner,3,64,38
no.standard,no.alt.gledesutbrudd,3,64,38
no.standard,no.alt.god.jul,3,64,38
no.standard,no.alt.mat,3,64,38
no.standard,no.alt.motorsykler,3,64,38
no.standard,no.alt.pompelog,3,64,38
no.standard,no.alt.radio_tv.irma1000,3,64,38
no.standard,no.alt.tegneserier,3,64,38
no.standard,no.audio,3,64,38
no.standard,no.ef,3,64,38
no.standard,no.embnet,3,64,38
no.standard,no.eunet.diverse,3,64,38
no.standard,no.eunet.drift,3,64,38
no.standard,no.eunet.hjelp,3,64,38
no.standard,no.film,3,64,38
no.standard,no.marked.data,3,64,38
no.standard,no.news.diverse,3,64,38
no.standard,no.org.efn.diskusjon,3,64,38
no.standard,no.uninett.skole,3,64,38
no.standard,no.unix,3,64,38
no.stortinget,no.alt.arkiv,3,1495,626
no.stortinget,no.uninett.skole,3,1495,626
no.student.nett,no.litteratur,3,159,70
no.student.nett,no.norsk,3,159,70
no.student.nett,no.pc,3,159,70
no.student.nett,no.radio-tv,3,159,70
no.student.nett,no.uninett.diverse,3,159,70
no.student.nett,no.uninett.hjelp,3,159,70
no.student.nett,no.uninett.skole,3,159,70
no.student.samfund,no.pc,3,98,54
no.student.samfund,no.radio-tv,3,98,54
no.student.samfund,no.religion,3,98,54
no.student.samfund,no.uninett.diverse,3,98,54
no.student.samfund,no.uninett.hjelp,3,98,54
no.student.samfund,no.uninett.skole,3,98,54
no.student.samfund,unknown,3,98,54
no.tegnsett,no.uninett.diverse,3,313,139
no.tegnsett,no.uninett.drift,3,313,139
no.tegnsett,no.uninett.hjelp,3,313,139
no.tegnsett,no.uninett.katalog,3,313,139
no.tele,no.biz.annonser,3,3203,694
no.tele,no.standard,3,3203,694
no.telepost,no.alt.arkiv,3,537,316
no.telepost,no.marked.data,3,537,316
no.telepost,no.uninett.skole,3,537,316
no.telepost,no.unix,3,537,316
no.test,no.musikk.gitar,3,1148,154
no.test,no.speider,3,1148,154
no.tex,unknown,3,112,3
no.tungregning,no.marked.data,3,14,8
no.tungregning,no.musikk,3,14,8
no.tungregning,no.news.diverse,3,14,8
no.tungregning,no.stortinget,3,14,8
no.tungregning,no.uninett.skole,3,14,8
no.tungregning,no.unix,3,14,8
no.uninett.diverse,no.havforskning,3,82,53
no.uninett.diverse,no.irc,3,82,53
no.uninett.diverse,no.jus,3,82,53
no.uninett.diverse,no.kjemi,3,82,53
no.uninett.diverse,no.linux,3,82,53
no.uninett.diverse,no.litteratur,3,82,53
no.uninett.diverse,no.mac,3,82,53
no.uninett.diverse,no.mail.diverse,3,82,53
no.uninett.diverse,no.mail.drift,3,82,53
no.uninett.diverse,no.marked.data,3,82,53
no.uninett.diverse,no.musikk,3,82,53
no.uninett.diverse,no.musikk.gitar,3,82,53
no.uninett.diverse,no.news.drift,3,82,53
no.uninett.diverse,no.nuug,3,82,53
no.uninett.diverse,no.psykologi,3,82,53
no.uninett.diverse,no.student.nett,3,82,53
no.uninett.diverse,no.student.samfund,3,82,53
no.uninett.diverse,no.unix,3,82,53
no.uninett.drift,no.havforskning,3,47,20
no.uninett.drift,no.irc,3,47,20
no.uninett.drift,no.jus,3,47,20
no.uninett.drift,no.kjemi,3,47,20
no.uninett.drift,no.linux,3,47,20
no.uninett.drift,no.litteratur,3,47,20
no.uninett.drift,no.mac,3,47,20
no.uninett.drift,no.marked,3,47,20
no.uninett.drift,no.marked.data,3,47,20
no.uninett.drift,no.multimedia,3,47,20
no.uninett.drift,no.musikk,3,47,20
no.uninett.drift,no.musikk.gitar,3,47,20
no.uninett.drift,no.news.diverse,3,47,20
no.uninett.drift,no.norsk,3,47,20
no.uninett.drift,no.nuug,3,47,20
no.uninett.drift,no.pc,3,47,20
no.uninett.drift,no.psykologi,3,47,20
no.uninett.drift,no.radio_tv,3,47,20
no.uninett.drift,no.uninett.skole,3,47,20
no.uninett.drift,no.unix,3,47,20
no.uninett.hjelp,no.biz.annonser,3,37,12
no.uninett.hjelp,no.havforskning,3,37,12
no.uninett.hjelp,no.irc,3,37,12
no.uninett.hjelp,no.jus,3,37,12
no.uninett.hjelp,no.kjemi,3,37,12
no.uninett.hjelp,no.linux,3,37,12
no.uninett.hjelp,no.litteratur,3,37,12
no.uninett.hjelp,no.mac,3,37,12
no.uninett.hjelp,no.mail.diverse,3,37,12
no.uninett.hjelp,no.mail.drift,3,37,12
no.uninett.hjelp,no.marked,3,37,12
no.uninett.hjelp,no.marked.data,3,37,12
no.uninett.hjelp,no.multimedia,3,37,12
no.uninett.hjelp,no.musikk,3,37,12
no.uninett.hjelp,no.musikk.gitar,3,37,12
no.uninett.hjelp,no.net,3,37,12
no.uninett.hjelp,no.news.diverse,3,37,12
no.uninett.hjelp,no.news.drift,3,37,12
no.uninett.hjelp,no.norsk,3,37,12
no.uninett.hjelp,no.nuug,3,37,12
no.uninett.hjelp,no.pc,3,37,12
no.uninett.hjelp,no.psykologi,3,37,12
no.uninett.hjelp,no.radio_tv,3,37,12
no.uninett.hjelp,no.student.nett,3,37,12
no.uninett.hjelp,no.student.samfund,3,37,12
no.uninett.hjelp,no.unix,3,37,12
no.uninett.katalog,no.havforskning,3,11,5
no.uninett.katalog,no.irc,3,11,5
no.uninett.katalog,no.jus,3,11,5
no.uninett.katalog,no.kjemi,3,11,5
no.uninett.katalog,no.linux,3,11,5
no.uninett.katalog,no.litteratur,3,11,5
no.uninett.katalog,no.mac,3,11,5
no.uninett.katalog,no.mail.diverse,3,11,5
no.uninett.katalog,no.mail.drift,3,11,5
no.uninett.katalog,no.marked,3,11,5
no.uninett.katalog,no.marked.data,3,11,5
no.uninett.katalog,no.multimedia,3,11,5
no.uninett.katalog,no.musikk,3,11,5
no.uninett.katalog,no.musikk.gitar,3,11,5
no.uninett.katalog,no.net,3,11,5
no.uninett.katalog,no.news.diverse,3,11,5
no.uninett.katalog,no.news.drift,3,11,5
no.uninett.katalog,no.norsk,3,11,5
no.uninett.katalog,no.nuug,3,11,5
no.uninett.katalog,no.pc,3,11,5
no.uninett.katalog,no.psykologi,3,11,5
no.uninett.katalog,no.radio_tv,3,11,5
no.uninett.katalog,no.uninett.skole,3,11,5
no.uninett.katalog,no.unix,3,11,5
no.uninett.skole,no.havforskning,3,404,145
no.uninett.skole,no.irc,3,404,145
no.uninett.skole,no.jus,3,404,145
no.uninett.skole,no.kjemi,3,404,145
no.uninett.skole,no.linux,3,404,145
no.uninett.skole,no.mac,3,404,145
no.uninett.skole,no.mail.drift,3,404,145
no.uninett.skole,no.multimedia,3,404,145
no.uninett.skole,no.musikk,3,404,145
no.uninett.skole,no.musikk.gitar,3,404,145
no.uninett.skole,no.news.drift,3,404,145
no.uninett.skole,no.nuug,3,404,145
no.uninett.skole,no.psykologi,3,404,145
no.uninett.skole,no.radio-tv,3,404,145
no.uninett.skole,no.slekt,3,404,145
no.uninett.skole,no.sources.list,3,404,145
no.uninett.skole,no.sources.wanted,3,404,145
no.uninett.skole,no.speider,3,404,145
no.uninett.skole,no.spill,3,404,145
no.uninett.skole,no.sport.diverse,3,404,145
no.uninett.skole,no.standard,3,404,145
no.uninett.skole,no.stortinget,3,404,145
no.uninett.skole,no.student.nett,3,404,145
no.uninett.skole,no.student.samfund,3,404,145
no.uninett.skole,no.tegnsett,3,404,145
no.uninett.skole,no.telepost,3,404,145
no.uninett.skole,no.tungregning,3,404,145
no.uninett.skole,no.uninett.drift,3,404,145
no.uninett.skole,no.uninett.katalog,3,404,145
no.uninett.skole,no.unix,3,404,145
no.unix,no.alt.gledesutbrudd,3,2325,766
no.unix,no.havforskning,3,2325,766
no.unix,no.kjemi,3,2325,766
no.unix,no.litteratur,3,2325,766
no.unix,no.musikk,3,2325,766
no.unix,no.musikk.gitar,3,2325,766
no.unix,no.psykologi,3,2325,766
no.unix,no.slekt,3,2325,766
no.unix,no.sources.list,3,2325,766
no.unix,no.sources.wanted,3,2325,766
no.unix,no.speider,3,2325,766
no.unix,no.spill,3,2325,766
no.unix,no.sport.diverse,3,2325,766
no.unix,no.standard,3,2325,766
no.unix,no.telepost,3,2325,766
no.unix,no.tungregning,3,2325,766
no.unix,no.uninett.diverse,3,2325,766
no.unix,no.uninett.drift,3,2325,766
no.unix,no.uninett.hjelp,3,2325,766
no.unix,no.uninett.katalog,3,2325,766
no.unix,no.uninett.skole,3,2325,766
no.unix,no.vr,3,2325,766
no.vitser,no.ai,3,4950,665
no.vitser,no.alt.arkiv,3,4950,665
no.vitser,no.alt.config,3,4950,665
no.vitser,no.alt.mat,3,4950,665
no.vitser,no.alt.mat.drikke,3,4950,665
no.vitser,no.alt.motorsykler,3,4950,665
no.vitser,no.ms-windows,3,4950,665
no.vitser,no.reiser,3,4950,665
no.vitser,no.tele,3,4950,665
no.vitser,no.vr,3,4950,665
no.vitser,no.x,3,4950,665
no.vr,no.ai,3,62,24
no.vr,no.psykologi,3,62,24
no.vr,no.unix,3,62,24
no.vr,no.vitser,3,62,24
no.vr,no.x,3,62,24
no.www,no.prat.politikk,3,2032,312
no.www,no.prat.seksualitet,3,2032,312
no.x,no.vitser,3,212,85
no.x,no.vr,3,212,85
no.ai,no.alt.irctreff,2,158,118
no.ai,no.pc,2,158,118
no.ai,no.x,2,158,118
no.alkohol,no.alt.fan.de-lillos,2,2049,918
no.alkohol,no.alt.irctreff,2,2049,918
no.alkohol,no.biz.annonser,2,2049,918
no.alkohol,no.sykkel,2,2049,918
no.alkohol,no.x,2,2049,918
no.alt.amiga,no.marked,2,294,42
no.alt.amiga,no.news.diverse,2,294,42
no.alt.amiga,no.pc,2,294,42
no.alt.arkiv,no.alt.irctreff,2,74,67
no.alt.config,no.alt.irctreff,2,451,283
no.alt.config,no.news.drift,2,451,283
no.alt.diskusjoner,no.alt.fan.de-lillos,2,10536,4821
no.alt.diskusjoner,no.alt.irctreff,2,10536,4821
no.alt.diskusjoner,no.skole.diverse,2,10536,4821
no.alt.diskusjoner,no.tegnsett,2,10536,4821
no.alt.fan.de-lillos,no.musikk,2,115,8
no.alt.fan.de-lillos,no.musikk.gitar,2,115,8
no.alt.fan.de-lillos,unknown,2,115,8
no.alt.flame,no.alt.irctreff,2,16830,5387
no.alt.flame,no.alt.tegneserier,2,16830,5387
no.alt.flame,no.linux,2,16830,5387
no.alt.flame,no.radio_tv,2,16830,5387
no.alt.flame,no.speider,2,16830,5387
no.alt.frustrasjoner,no.alt.irctreff,2,21167,4522
no.alt.frustrasjoner,no.bibsys,2,21167,4522
no.alt.frustrasjoner,no.kryptografi,2,21167,4522
no.alt.frustrasjoner,no.marked.bil,2,21167,4522
no.alt.frustrasjoner,no.marked.bolig,2,21167,4522
no.alt.frustrasjoner,no.prat.politikk,2,21167,4522
no.alt.frustrasjoner,no.prat.ufo,2,21167,4522
no.alt.gledesutbrudd,no.alt.irctreff,2,6405,1220
no.alt.god.jul,no.alt.irctreff,2,399,231
no.alt.god.jul,no.alt.katter,2,399,231
no.alt.god.jul,no.alt.mat.drikke,2,399,231
no.alt.god.jul,no.news.diverse,2,399,231
no.alt.irc-treff,no.c,2,687,171
no.alt.irc-treff,no.ef,2,687,171
no.alt.irc-treff,no.elektronikk,2,687,171
no.alt.irc-treff,no.pc,2,687,171
no.alt.irctreff,no.ai,2,292,10
no.alt.irctreff,no.alkohol,2,292,10
no.alt.irctreff,no.alt.arkiv,2,292,10
no.alt.irctreff,no.alt.config,2,292,10
no.alt.irctreff,no.alt.diskusjoner,2,292,10
no.alt.irctreff,no.alt.flame,2,292,10
no.alt.irctreff,no.alt.frustrasjoner,2,292,10
no.alt.irctreff,no.alt.gledesutbrudd,2,292,10
no.alt.irctreff,no.alt.god.jul,2,292,10
no.alt.irctreff,no.alt.katter,2,292,10
no.alt.irctreff,no.alt.mat,2,292,10
no.alt.irctreff,no.alt.mat.drikke,2,292,10
no.alt.irctreff,no.alt.pompelog,2,292,10
no.alt.irctreff,no.alt.radio_tv.irma1000,2,292,10
no.alt.irctreff,no.alt.tegneserier,2,292,10
no.alt.katter,no.alt.god.jul,2,1001,143
no.alt.katter,no.alt.irctreff,2,1001,143
no.alt.mat,no.alt.irctreff,2,2055,461
no.alt.mat,no.prat.narkotika,2,2055,461
no.alt.mat,no.religion,2,2055,461
no.alt.mat.drikke,no.alt.god.jul,2,467,164
no.alt.mat.drikke,no.alt.irctreff,2,467,164
no.alt.pompel-og-pilt,no.alt.radio_tv.irma1000,2,215,83
no.alt.pompelog,no.alt.irctreff,2,182,83
no.alt.radio-tv.irma-1000,no.alt.pompelog,2,108,76
no.alt.radio_tv.irma1000,no.alt.irctreff,2,210,59
no.alt.tegneserier,no.alt.flame,2,1182,354
no.alt.tegneserier,no.alt.irctreff,2,1182,354
no.amiga,no.biz.annonser,2,2054,166
no.amiga,no.biz.annonser.data,2,2054,166
no.amiga,no.general,2,2054,166
no.amiga,no.linux,2,2054,166
no.amiga,no.x,2,2054,166
no.audio,no.amiga,2,4947,852
no.audio,no.bibsys,2,4947,852
no.audio,no.biz.annonser.data,2,4947,852
no.audio,no.vitser,2,4947,852
no.bibsys,no.audio,2,57,54
no.bil,no.alt.flame,2,3441,496
no.bil,no.ms-windows,2,3441,496
no.bil,no.pc,2,3441,496
no.bil,no.telepost,2,3441,496
no.biz.annonser,no.unix,2,746,501
no.biz.annonser.data,no.alt.motorsykler,2,276,193
no.biz.annonser.data,no.audio,2,276,193
no.biz.annonser.data,no.linux,2,276,193
no.biz.annonser.data,no.mac,2,276,193
no.biz.annonser.data,no.ms-windows,2,276,193
no.biz.annonser.data,no.unix,2,276,193
no.biz.diskusjoner,no.alt.frustrasjoner,2,147,96
no.biz.diskusjoner,no.vitser,2,147,96
no.bolig,no.alt.god.jul,2,357,63
no.bolig,no.news.diverse,2,357,63
no.c,no.alt.irc-treff,2,1412,303
no.ef,no.alt.irc-treff,2,866,633
no.ef,no.news.diverse,2,866,633
no.ef,no.x,2,866,633
no.elektronikk,no.alt.gledesutbrudd,2,1832,584
no.elektronikk,no.alt.irc-treff,2,1832,584
no.embnet,no.x,2,178,157
no.film,no.hobby.diverse,2,6949,1035
no.film,no.ms-windows,2,6949,1035
no.film,no.vitser,2,6949,1035
no.folklore.edb,unknown,2,123,71
no.folklore.generelt,no.alt.god.jul,2,7,7
no.folklore.generelt,no.c,2,7,7
no.folklore.generelt,no.general,2,7,7
no.folklore.generelt,no.marked,2,7,7
no.folklore.overtro,no.c,2,3,3
no.folklore.overtro,no.general,2,3,3
no.general,no.alt.radio_tv.irma1000,2,47032,13121
no.general,no.marked.diskusjon,2,47032,13121
no.general,no.sources.list,2,47032,13121
no.general,no.sport.fotball,2,47032,13121
no.general,no.svar,2,47032,13121
no.general,no.tungregning,2,47032,13121
no.havforskning,no.medisin,2,243,165
no.havforskning,no.prat.politikk,2,243,165
no.havforskning,no.skole.diverse,2,243,165
no.havforskning,no.vit.diverse,2,243,165
no.hobby.diverse,no.alt.god.jul,2,159,79
no.hobby.diverse,no.sport.diverse,2,159,79
no.irc,no.medisin,2,3970,1022
no.irc,no.ms-windows,2,3970,1022
no.it.diverse,no.alt.gledesutbrudd,2,330,168
no.it.diverse,no.it.os.os2,2,330,168
no.it.diverse,no.news.diverse,2,330,168
no.it.diverse,no.tele,2,330,168
no.it.diverse,no.unix,2,330,168
no.it.emacs,no.alt.flame,2,708,143
no.it.os.os2,no.it.diverse,2,369,38
no.it.os.os2,no.unix,2,369,38
no.jus,no.ms-windows,2,5232,1998
no.jus,no.sykkel,2,5232,1998
no.kjemi,no.ms-windows,2,830,350
no.kjemi,no.prat.politikk,2,830,350
no.kjemi,no.skole.diverse,2,830,350
no.linux,no.biz.annonser.data,2,8833,1209
no.lisp,no.news.diverse,2,373,193
no.litteratur,no.spill.rollespill,2,2060,485
no.mac,no.biz.annonser.data,2,11681,1053
no.marked,no.alt.amiga,2,4847,1840
no.marked,no.vit.diverse,2,4847,1840
no.marked.bolig,no.alt.god.jul,2,67,36
no.marked.data,no.religion,2,4910,1299
no.marked.data,no.student.nett,2,4910,1299
no.marked.data,no.student.samfund,2,4910,1299
no.marked.diskusjon,no.general,2,54,49
no.marked.jobb,no.alt.diskusjoner,2,766,318
no.marked.jobb,no.amiga,2,766,318
no.marked.jobb,no.news.drift,2,766,318
no.marked.jobb,no.student.nett,2,766,318
no.marked.jobb,no.uninett.diverse,2,766,318
no.media,no.news.diverse,2,58,45
no.media,no.prat.politikk,2,58,45
no.media,no.prat.seksualitet,2,58,45
no.medisin,no.havforskning,2,880,278
no.medisin,no.irc,2,880,278
no.medisin,no.org.efn.diskusjon,2,880,278
no.medisin,no.psykologi,2,880,278
no.medisin,no.vit.diverse,2,880,278
no.ms-windows,no.bil,2,4123,936
no.ms-windows,no.biz.annonser.data,2,4123,936
no.ms-windows,no.film,2,4123,936
no.ms-windows,no.irc,2,4123,936
no.ms-windows,no.jus,2,4123,936
no.ms-windows,no.kjemi,2,4123,936
no.ms-windows,no.vitser,2,4123,936
no.musikk,no.amiga,2,15532,1497
no.musikk,no.radio_tv,2,15532,1497
no.musikk,no.reiser,2,15532,1497
no.musikk,no.vitser,2,15532,1497
no.musikk.gitar,no.alt.fan.de-lillos,2,910,220
no.musikk.gitar,no.org.decus,2,910,220
no.net,no.vitser,2,1110,523
no.net,no.www,2,1110,523
no.news.diverse,no.alt.radio_tv.irma1000,2,6024,2109
no.news.diverse,no.org.decus,2,6024,2109
no.news.diverse,no.student.nett,2,6024,2109
no.news.drift,no.marked.jobb,2,345,185
no.norsk,no.x,2,11325,2296
no.nuug,no.uninett.diverse,2,50,46
no.nuug,no.uninett.drift,2,50,46
no.nuug,no.uninett.hjelp,2,50,46
no.nuug,no.uninett.katalog,2,50,46
no.nuug,no.uninett.skole,2,50,46
no.pc,no.bil,2,12883,2791
no.pc,no.biz.nettilbydere,2,12883,2791
no.pc,no.typografi,2,12883,2791
no.perl,no.marked.jobb,2,633,117
no.perl,no.musikk,2,633,117
no.perl,no.prat.politikk,2,633,117
no.perl,no.prat.seksualitet,2,633,117
no.perl,no.pressemeldinger.diskusjon,2,633,117
no.perl,no.radio-tv,2,633,117
no.perl,no.reiser,2,633,117
no.perl,no.religion,2,633,117
no.perl,no.slekt,2,633,117
no.perl,no.speider,2,633,117
no.perl,no.spill,2,633,117
no.perl,no.spill.rollespill,2,633,117
no.perl,no.spill.sjakk,2,633,117
no.perl,no.sport.diverse,2,633,117
no.perl,no.sport.fotball,2,633,117
no.prat.aksjer,no.marked.jobb,2,478,46
no.prat.aksjer,no.musikk,2,478,46
no.prat.narkotika,no.alt.mat,2,1591,613
no.prat.narkotika,no.prat.seksualitet,2,1591,613
no.prat.narkotika,no.pressemeldinger.diskusjon,2,1591,613
no.prat.narkotika,no.reiser,2,1591,613
no.prat.narkotika,no.slekt,2,1591,613
no.prat.narkotika,no.speider,2,1591,613
no.prat.narkotika,no.spill,2,1591,613
no.prat.narkotika,no.spill.rollespill,2,1591,613
no.prat.narkotika,no.spill.sjakk,2,1591,613
no.prat.narkotika,no.sport.diverse,2,1591,613
no.prat.narkotika,no.sport.fotball,2,1591,613
no.prat.politikk,no.alt.frustrasjoner,2,2527,1425
no.prat.politikk,no.media,2,2527,1425
no.prat.politikk,no.perl,2,2527,1425
no.prat.politikk,no.prat.ufo,2,2527,1425
no.prat.politikk,no.radio-tv,2,2527,1425
no.prat.politikk,no.reiser,2,2527,1425
no.prat.politikk,no.slekt,2,2527,1425
no.prat.politikk,no.speider,2,2527,1425
no.prat.politikk,no.spill,2,2527,1425
no.prat.politikk,no.spill.rollespill,2,2527,1425
no.prat.politikk,no.spill.sjakk,2,2527,1425
no.prat.politikk,no.sport.diverse,2,2527,1425
no.prat.politikk,no.sport.fotball,2,2527,1425
no.prat.politikk,no.vit.diverse,2,2527,1425
no.prat.politikk,no.www,2,2527,1425
no.prat.seksualitet,no.media,2,2367,181
no.prat.seksualitet,no.perl,2,2367,181
no.prat.seksualitet,no.prat.narkotika,2,2367,181
no.prat.seksualitet,no.prat.ufo,2,2367,181
no.prat.seksualitet,no.pressemeldinger.diskusjon,2,2367,181
no.prat.seksualitet,no.radio-tv,2,2367,181
no.prat.seksualitet,no.reiser,2,2367,181
no.prat.seksualitet,no.religion,2,2367,181
no.prat.seksualitet,no.slekt,2,2367,181
no.prat.seksualitet,no.spill,2,2367,181
no.prat.seksualitet,no.spill.rollespill,2,2367,181
no.prat.seksualitet,no.spill.sjakk,2,2367,181
no.prat.seksualitet,no.sport.diverse,2,2367,181
no.prat.seksualitet,no.sport.fotball,2,2367,181
no.prat.seksualitet,no.www,2,2367,181
no.prat.ufo,no.biz.annonser,2,468,36
no.prat.ufo,no.hobby.diverse,2,468,36
no.prat.ufo,no.prat.politikk,2,468,36
no.prat.ufo,no.prat.seksualitet,2,468,36
no.prat.ufo,no.pressemeldinger.diskusjon,2,468,36
no.prat.ufo,no.reiser,2,468,36
no.prat.ufo,no.religion,2,468,36
no.prat.ufo,no.slekt,2,468,36
no.prat.ufo,no.speider,2,468,36
no.prat.ufo,no.spill,2,468,36
no.prat.ufo,no.spill.rollespill,2,468,36
no.prat.ufo,no.spill.sjakk,2,468,36
no.prat.ufo,no.sport.diverse,2,468,36
no.prat.ufo,no.sport.fotball,2,468,36
no.pressemeldinger.diskusjon,no.perl,2,24,12
no.pressemeldinger.diskusjon,no.prat.narkotika,2,24,12
no.pressemeldinger.diskusjon,no.prat.seksualitet,2,24,12
no.pressemeldinger.diskusjon,no.prat.ufo,2,24,12
no.pressemeldinger.diskusjon,no.radio-tv,2,24,12
no.pressemeldinger.diskusjon,no.reiser,2,24,12
no.pressemeldinger.diskusjon,no.religion,2,24,12
no.pressemeldinger.diskusjon,no.slekt,2,24,12
no.pressemeldinger.diskusjon,no.speider,2,24,12
no.pressemeldinger.diskusjon,no.spill,2,24,12
no.pressemeldinger.diskusjon,no.spill.rollespill,2,24,12
no.pressemeldinger.diskusjon,no.spill.sjakk,2,24,12
no.pressemeldinger.diskusjon,no.sport.diverse,2,24,12
no.pressemeldinger.diskusjon,no.sport.fotball,2,24,12
no.psykologi,no.medisin,2,1209,553
no.radio-tv,no.alt.gledesutbrudd,2,2524,676
no.radio-tv,no.perl,2,2524,676
no.radio-tv,no.prat.narkotika,2,2524,676
no.radio-tv,no.prat.politikk,2,2524,676
no.radio-tv,no.prat.seksualitet,2,2524,676
no.radio-tv,no.pressemeldinger.diskusjon,2,2524,676
no.radio-tv,no.reiser,2,2524,676
no.radio-tv,no.spill.rollespill,2,2524,676
no.radio-tv,no.spill.sjakk,2,2524,676
no.radio-tv,no.sport.fotball,2,2524,676
no.radio_tv,no.uninett.drift,2,909,244
no.radio_tv,no.uninett.hjelp,2,909,244
no.radio_tv,no.uninett.katalog,2,909,244
no.reiser,no.jus,2,746,84
no.reiser,no.musikk,2,746,84
no.reiser,no.perl,2,746,84
no.reiser,no.prat.narkotika,2,746,84
no.reiser,no.prat.politikk,2,746,84
no.reiser,no.prat.seksualitet,2,746,84
no.reiser,no.prat.ufo,2,746,84
no.reiser,no.pressemeldinger.diskusjon,2,746,84
no.reiser,no.radio-tv,2,746,84
no.reiser,no.religion,2,746,84
no.reiser,no.spill.rollespill,2,746,84
no.reiser,no.spill.sjakk,2,746,84
no.reiser,no.sport.fotball,2,746,84
no.religion,no.alkohol,2,14266,2206
no.religion,no.alt.mat,2,14266,2206
no.religion,no.film,2,14266,2206
no.religion,no.litteratur,2,14266,2206
no.religion,no.norsk,2,14266,2206
no.religion,no.perl,2,14266,2206
no.religion,no.prat.seksualitet,2,14266,2206
no.religion,no.prat.ufo,2,14266,2206
no.religion,no.pressemeldinger.diskusjon,2,14266,2206
no.religion,no.reiser,2,14266,2206
no.religion,no.speider,2,14266,2206
no.religion,no.spill.rollespill,2,14266,2206
no.religion,no.spill.sjakk,2,14266,2206
no.religion,no.sport.fotball,2,14266,2206
no.religion,no.test,2,14266,2206
no.skole.diverse,no.slekt,2,350,231
no.skole.diverse,no.speider,2,350,231
no.skole.diverse,no.spill,2,350,231
no.skole.diverse,no.test,2,350,231
no.slekt,no.alt.arkiv,2,2669,367
no.slekt,no.perl,2,2669,367
no.slekt,no.prat.narkotika,2,2669,367
no.slekt,no.prat.politikk,2,2669,367
no.slekt,no.prat.seksualitet,2,2669,367
no.slekt,no.prat.ufo,2,2669,367
no.slekt,no.pressemeldinger.diskusjon,2,2669,367
no.slekt,no.skole.diverse,2,2669,367
no.slekt,no.spill.rollespill,2,2669,367
no.slekt,no.spill.sjakk,2,2669,367
no.slekt,no.sport.fotball,2,2669,367
no.slekt,no.test,2,2669,367
no.slekt,no.uninett.fik,2,2669,367
no.speider,no.perl,2,749,86
no.speider,no.prat.narkotika,2,749,86
no.speider,no.prat.politikk,2,749,86
no.speider,no.prat.ufo,2,749,86
no.speider,no.pressemeldinger.diskusjon,2,749,86
no.speider,no.religion,2,749,86
no.speider,no.skole.diverse,2,749,86
no.speider,no.spill.rollespill,2,749,86
no.speider,no.spill.sjakk,2,749,86
no.speider,no.sport.fotball,2,749,86
no.speider,no.test,2,749,86
no.spill,no.perl,2,5773,631
no.spill,no.prat.narkotika,2,5773,631
no.spill,no.prat.politikk,2,5773,631
no.spill,no.prat.seksualitet,2,5773,631
no.spill,no.prat.ufo,2,5773,631
no.spill,no.pressemeldinger.diskusjon,2,5773,631
no.spill,no.skole.diverse,2,5773,631
no.spill,no.spill.rollespill,2,5773,631
no.spill,no.spill.sjakk,2,5773,631
no.spill,no.sport.fotball,2,5773,631
no.spill,no.test,2,5773,631
no.spill.rollespill,no.perl,2,545,34
no.spill.rollespill,no.prat.narkotika,2,545,34
no.spill.rollespill,no.prat.politikk,2,545,34
no.spill.rollespill,no.prat.seksualitet,2,545,34
no.spill.rollespill,no.prat.ufo,2,545,34
no.spill.rollespill,no.pressemeldinger.diskusjon,2,545,34
no.spill.rollespill,no.radio-tv,2,545,34
no.spill.rollespill,no.reiser,2,545,34
no.spill.rollespill,no.religion,2,545,34
no.spill.rollespill,no.slekt,2,545,34
no.spill.rollespill,no.speider,2,545,34
no.spill.rollespill,no.spill,2,545,34
no.spill.rollespill,no.spill.sjakk,2,545,34
no.spill.rollespill,no.sport.diverse,2,545,34
no.spill.rollespill,no.sport.fotball,2,545,34
no.spill.sjakk,no.perl,2,232,63
no.spill.sjakk,no.prat.narkotika,2,232,63
no.spill.sjakk,no.prat.politikk,2,232,63
no.spill.sjakk,no.prat.seksualitet,2,232,63
no.spill.sjakk,no.prat.ufo,2,232,63
no.spill.sjakk,no.pressemeldinger.diskusjon,2,232,63
no.spill.sjakk,no.radio-tv,2,232,63
no.spill.sjakk,no.reiser,2,232,63
no.spill.sjakk,no.religion,2,232,63
no.spill.sjakk,no.slekt,2,232,63
no.spill.sjakk,no.speider,2,232,63
no.spill.sjakk,no.spill.rollespill,2,232,63
no.spill.sjakk,no.sport.diverse,2,232,63
no.spill.sjakk,no.sport.fotball,2,232,63
no.sport.diverse,no.perl,2,3164,378
no.sport.diverse,no.prat.narkotika,2,3164,378
no.sport.diverse,no.prat.politikk,2,3164,378
no.sport.diverse,no.prat.seksualitet,2,3164,378
no.sport.diverse,no.prat.ufo,2,3164,378
no.sport.diverse,no.pressemeldinger.diskusjon,2,3164,378
no.sport.diverse,no.spill.rollespill,2,3164,378
no.sport.diverse,no.spill.sjakk,2,3164,378
no.sport.fotball,no.perl,2,1348,75
no.sport.fotball,no.prat.narkotika,2,1348,75
no.sport.fotball,no.prat.politikk,2,1348,75
no.sport.fotball,no.prat.seksualitet,2,1348,75
no.sport.fotball,no.prat.ufo,2,1348,75
no.sport.fotball,no.pressemeldinger.diskusjon,2,1348,75
no.sport.fotball,no.radio-tv,2,1348,75
no.sport.fotball,no.reiser,2,1348,75
no.sport.fotball,no.religion,2,1348,75
no.sport.fotball,no.slekt,2,1348,75
no.sport.fotball,no.speider,2,1348,75
no.sport.fotball,no.spill,2,1348,75
no.sport.fotball,no.spill.rollespill,2,1348,75
no.sport.fotball,no.spill.sjakk,2,1348,75
no.standard,no.general,2,64,38
no.stortinget,no.skole.diverse,2,1495,626
no.stortinget,no.uninett.hjelp,2,1495,626
no.stortinget,no.vit.diverse,2,1495,626
no.student.nett,no.alt.frustrasjoner,2,159,70
no.student.nett,no.alt.god.jul,2,159,70
no.student.nett,no.marked.jobb,2,159,70
no.student.nett,no.x,2,159,70
no.student.samfund,no.alt.god.jul,2,98,54
no.student.samfund,no.jus,2,98,54
no.sykkel,no.alt.flame,2,2152,284
no.tegnsett,no.marked.data,2,313,139
no.tegnsett,no.musikk,2,313,139
no.tegnsett,no.news.diverse,2,313,139
no.tegnsett,no.uninett.skole,2,313,139
no.tegnsett,no.x,2,313,139
no.tele,no.biz.annonser.data,2,3203,694
no.tele,no.it.diverse,2,3203,694
no.tele,no.news.diverse,2,3203,694
no.tele,no.radio_tv,2,3203,694
no.tele,no.tegnsett,2,3203,694
no.tele,no.uninett.drift,2,3203,694
no.tele,no.vit.diverse,2,3203,694
no.test,no.skole.diverse,2,1148,154
no.test,no.slekt,2,1148,154
no.tungregning,no.alt.frustrasjoner,2,14,8
no.tungregning,no.alt.gledesutbrudd,2,14,8
no.tungregning,no.alt.god.jul,2,14,8
no.tungregning,no.alt.mat,2,14,8
no.tungregning,no.alt.motorsykler,2,14,8
no.tungregning,no.alt.pompelog,2,14,8
no.tungregning,no.alt.radio_tv.irma1000,2,14,8
no.tungregning,no.alt.tegneserier,2,14,8
no.tungregning,no.audio,2,14,8
no.tungregning,no.c,2,14,8
no.tungregning,no.ef,2,14,8
no.tungregning,no.embnet,2,14,8
no.tungregning,no.eunet.diverse,2,14,8
no.tungregning,no.eunet.drift,2,14,8
no.tungregning,no.eunet.hjelp,2,14,8
no.tungregning,no.film,2,14,8
no.tungregning,no.org.efn.diskusjon,2,14,8
no.tungregning,unknown,2,14,8
no.typografi,no.norsk.fagord,2,164,85
no.uninett.drift,no.tele,2,47,20
no.uninett.hjelp,no.stortinget,2,37,12
no.unix,no.alt.tegneserier,2,2325,766
no.unix,no.biz.annonser,2,2325,766
no.unix,no.biz.annonser.data,2,2325,766
no.unix,no.it.diverse,2,2325,766
no.unix,no.it.os.os2,2,2325,766
no.unix,no.mswindow,2,2325,766
no.unix,no.radio_tv,2,2325,766
no.unix,no.svar,2,2325,766
no.vit.diverse,no.marked,2,447,186
no.vit.diverse,no.prat.politikk,2,447,186
no.vit.diverse,no.tele,2,447,186
no.vitser,no.alt.pompel-og-pilt,2,4950,665
no.vitser,no.alt.radio-tv.irma-1000,2,4950,665
no.vitser,no.audio,2,4950,665
no.vitser,no.litteratur,2,4950,665
no.vitser,no.multimedia,2,4950,665
no.vitser,no.net,2,4950,665
no.vitser,no.radio_tv,2,4950,665
no.vitser,no.slekt,2,4950,665
no.www,no.marked.jobb,2,2032,312
no.x,no.ai,2,212,85
no.x,no.alkohol,2,212,85
no.x,no.audio,2,212,85
no.x,no.bil,2,212,85
no.x,no.bolig,2,212,85
no.x,no.ef,2,212,85
no.x,no.elektronikk,2,212,85
no.x,no.embnet,2,212,85
no.x,no.film,2,212,85
no.x,no.irc,2,212,85
no.x,no.norsk,2,212,85
no.x,no.student.nett,2,212,85
no.ai,no.alt.fan.de-lillos,1,158,118
no.ai,no.biz.annonser,1,158,118
no.ai,no.biz.diskusjoner,1,158,118
no.ai,no.kjemi,1,158,118
no.ai,no.kryptografi,1,158,118
no.ai,no.linux,1,158,118
no.ai,no.lisp,1,158,118
no.ai,no.litteratur,1,158,118
no.ai,no.mac,1,158,118
no.ai,no.marked,1,158,118
no.ai,no.ms-windows,1,158,118
no.ai,no.multimedia,1,158,118
no.ai,no.musikk,1,158,118
no.ai,no.religion,1,158,118
no.alkohol,no.biz.diskusjoner,1,2049,918
no.alkohol,no.biz.nettilbydere,1,2049,918
no.alkohol,no.hobby.diverse,1,2049,918
no.alkohol,no.kryptografi,1,2049,918
no.alkohol,no.linux,1,2049,918
no.alkohol,no.lisp,1,2049,918
no.alkohol,no.litteratur,1,2049,918
no.alkohol,no.media,1,2049,918
no.alkohol,no.ms-windows,1,2049,918
no.alkohol,no.musikk,1,2049,918
no.alkohol,no.vitser,1,2049,918
no.alt.amiga,no.spill,1,294,42
no.alt.arkiv,no.alt.fan.de-lillos,1,74,67
no.alt.arkiv,no.audio,1,74,67
no.alt.arkiv,no.bil,1,74,67
no.alt.arkiv,no.biz.annonser,1,74,67
no.alt.arkiv,no.biz.diskusjoner,1,74,67
no.alt.arkiv,no.bolig,1,74,67
no.alt.arkiv,no.elektronikk,1,74,67
no.alt.arkiv,no.linux,1,74,67
no.alt.arkiv,no.mac,1,74,67
no.alt.arkiv,no.pc,1,74,67
no.alt.arkiv,no.unix,1,74,67
no.alt.config,no.alt.fan.de-lillos,1,451,283
no.alt.config,no.audio,1,451,283
no.alt.config,no.bil,1,451,283
no.alt.config,no.biz.annonser,1,451,283
no.alt.config,no.biz.diskusjoner,1,451,283
no.alt.config,no.bolig,1,451,283
no.alt.config,no.elektronikk,1,451,283
no.alt.diskusjoner,no.biz.nettilbydere,1,10536,4821
no.alt.diskusjoner,no.bolig,1,10536,4821
no.alt.diskusjoner,no.hobby.diverse,1,10536,4821
no.alt.diskusjoner,no.media,1,10536,4821
no.alt.diskusjoner,no.ms-windows,1,10536,4821
no.alt.diskusjoner,no.reiser,1,10536,4821
no.alt.diskusjoner,no.sykkel,1,10536,4821
no.alt.diskusjoner,no.x,1,10536,4821
no.alt.fan.de-lillos,no.ai,1,115,8
no.alt.fan.de-lillos,no.alt.arkiv,1,115,8
no.alt.fan.de-lillos,no.alt.config,1,115,8
no.alt.fan.de-lillos,no.alt.flame,1,115,8
no.alt.fan.de-lillos,no.biz.annonser,1,115,8
no.alt.fan.de-lillos,no.biz.nettilbydere,1,115,8
no.alt.fan.de-lillos,no.hobby.diverse,1,115,8
no.alt.fan.de-lillos,no.media,1,115,8
no.alt.flame,no.alt.amiga,1,16830,5387
no.alt.flame,no.alt.fan.de-lillos,1,16830,5387
no.alt.flame,no.audio,1,16830,5387
no.alt.flame,no.biz.annonser,1,16830,5387
no.alt.flame,no.biz.diskusjoner,1,16830,5387
no.alt.flame,no.bolig,1,16830,5387
no.alt.flame,no.c,1,16830,5387
no.alt.flame,no.embnet,1,16830,5387
no.alt.flame,no.it.emacs,1,16830,5387
no.alt.flame,no.psykologi,1,16830,5387
no.alt.flame,no.uninett.skole,1,16830,5387
no.alt.frustrasjoner,no.biz.nettilbydere,1,21167,4522
no.alt.frustrasjoner,no.medisin,1,21167,4522
no.alt.frustrasjoner,no.reiser,1,21167,4522
no.alt.frustrasjoner,no.skole.diverse,1,21167,4522
no.alt.frustrasjoner,no.student.samfund,1,21167,4522
no.alt.frustrasjoner,no.uninett.diverse,1,21167,4522
no.alt.gledesutbrudd,no.biz.diskusjoner,1,6405,1220
no.alt.gledesutbrudd,no.bolig,1,6405,1220
no.alt.gledesutbrudd,no.elektronikk,1,6405,1220
no.alt.gledesutbrudd,no.radio-tv,1,6405,1220
no.alt.gledesutbrudd,no.student.nett,1,6405,1220
no.alt.gledesutbrudd,no.student.samfund,1,6405,1220
no.alt.god.jul,no.biz.annonser.data,1,399,231
no.alt.god.jul,no.biz.diskusjoner,1,399,231
no.alt.god.jul,no.bolig,1,399,231
no.alt.god.jul,no.media,1,399,231
no.alt.god.jul,no.ms-windows,1,399,231
no.alt.god.jul,no.vitser,1,399,231
no.alt.irc-treff,no.alt.pompel-og-pilt,1,687,171
no.alt.irc-treff,no.radio-tv,1,687,171
no.alt.irc-treff,no.religion,1,687,171
no.alt.irctreff,no.audio,1,292,10
no.alt.irctreff,no.bil,1,292,10
no.alt.irctreff,no.biz.annonser,1,292,10
no.alt.irctreff,no.biz.diskusjoner,1,292,10
no.alt.irctreff,no.bolig,1,292,10
no.alt.irctreff,no.c,1,292,10
no.alt.irctreff,no.ef,1,292,10
no.alt.irctreff,no.elektronikk,1,292,10
no.alt.irctreff,no.embnet,1,292,10
no.alt.katter,no.hobby.diverse,1,1001,143
no.alt.mat,no.alt.fan.de-lillos,1,2055,461
no.alt.mat,no.biz.diskusjoner,1,2055,461
no.alt.mat,no.biz.nettilbydere,1,2055,461
no.alt.mat,no.bolig,1,2055,461
no.alt.mat,no.elektronikk,1,2055,461
no.alt.mat,no.hobby.diverse,1,2055,461
no.alt.mat,no.media,1,2055,461
no.alt.mat,no.news.diverse,1,2055,461
no.alt.mat,no.reiser,1,2055,461
no.alt.motorsykler,no.medisin,1,26896,1305
no.alt.motorsykler,no.musikk,1,26896,1305
no.alt.pompelog,no.bil,1,182,83
no.alt.pompelog,no.biz.annonser,1,182,83
no.alt.pompelog,no.bolig,1,182,83
no.alt.pompelog,no.elektronikk,1,182,83
no.alt.radio-tv.irma-1000,no.norsk,1,108,76
no.alt.radio_tv.irma1000,no.bil,1,210,59
no.alt.radio_tv.irma1000,no.biz.annonser,1,210,59
no.alt.radio_tv.irma1000,no.biz.diskusjoner,1,210,59
no.alt.radio_tv.irma1000,no.bolig,1,210,59
no.alt.radio_tv.irma1000,no.elektronikk,1,210,59
no.alt.radio_tv.irma1000,no.news.diverse,1,210,59
no.alt.radio_tv.irma1000,no.x,1,210,59
no.alt.sjokolade,no.alt.mat,1,307,51
no.alt.sjokolade,no.c,1,307,51
no.alt.sjokolade,no.general,1,307,51
no.alt.sjokolade,no.havforskning,1,307,51
no.alt.tegneserier,no.hobby.diverse,1,1182,354
no.alt.tegneserier,no.ms-windows,1,1182,354
no.alt.tegneserier,no.unix,1,1182,354
no.amiga,no.havforskning,1,2054,166
no.amiga,no.marked,1,2054,166
no.amiga,no.musikk,1,2054,166
no.audio,no.ai,1,4947,852
no.audio,no.alt.fan.de-lillos,1,4947,852
no.audio,no.biz.nettilbydere,1,4947,852
no.audio,no.religion,1,4947,852
no.audio,no.tele,1,4947,852
no.audio,no.x,1,4947,852
no.bibsys,no.general,1,57,54
no.bibsys,no.marked.jobb,1,57,54
no.bil,no.ai,1,3441,496
no.bil,no.alkohol,1,3441,496
no.bil,no.hobby.diverse,1,3441,496
no.bil,no.news.diverse,1,3441,496
no.bil,no.norsk,1,3441,496
no.bil,no.slekt,1,3441,496
no.bil,no.spill,1,3441,496
no.bil,no.sport.diverse,1,3441,496
no.bil,no.vitser,1,3441,496
no.bil,no.x,1,3441,496
no.biz.annonser,no.alt.fan.de-lillos,1,746,501
no.biz.annonser,no.amiga,1,746,501
no.biz.annonser,no.medisin,1,746,501
no.biz.annonser,no.mswindow,1,746,501
no.biz.annonser,no.skole.diverse,1,746,501
no.biz.annonser,no.sources.wanted,1,746,501
no.biz.annonser,no.sport.fotball,1,746,501
no.biz.annonser,no.sykkel,1,746,501
no.biz.annonser,no.vit.diverse,1,746,501
no.biz.annonser.data,no.alt.god.jul,1,276,193
no.biz.annonser.data,no.amiga,1,276,193
no.biz.annonser.data,no.c,1,276,193
no.biz.annonser.data,no.marked.bil,1,276,193
no.biz.annonser.data,no.media,1,276,193
no.biz.annonser.data,no.sources.wanted,1,276,193
no.biz.annonser.data,no.www,1,276,193
no.biz.diskusjoner,no.marked.diskusjon,1,147,96
no.biz.nettilbydere,no.alt.fan.de-lillos,1,479,145
no.biz.nettilbydere,no.c,1,479,145
no.biz.nettilbydere,no.havforskning,1,479,145
no.biz.nettilbydere,no.hobby.diverse,1,479,145
no.biz.nettilbydere,no.marked.jobb,1,479,145
no.biz.nettilbydere,no.media,1,479,145
no.bolig,no.ai,1,357,63
no.bolig,no.alkohol,1,357,63
no.bolig,no.alt.frustrasjoner,1,357,63
no.bolig,no.folklore.generelt,1,357,63
no.bolig,no.folklore.overtro,1,357,63
no.bolig,no.hobby.diverse,1,357,63
no.bolig,no.ms-windows,1,357,63
no.bolig,no.multimedia,1,357,63
no.bolig,no.svar,1,357,63
no.bolig,no.x,1,357,63
no.c,no.biz.annonser.data,1,1412,303
no.c,no.medisin,1,1412,303
no.c,no.perl,1,1412,303
no.c,no.religion,1,1412,303
no.c,no.tele,1,1412,303
no.c,no.vitser,1,1412,303
no.c,no.www,1,1412,303
no.ef,no.folklore.generelt,1,866,633
no.ef,no.folklore.overtro,1,866,633
no.ef,no.hobby.diverse,1,866,633
no.ef,no.medisin,1,866,633
no.ef,no.ms-windows,1,866,633
no.elektronikk,no.ai,1,1832,584
no.elektronikk,no.alkohol,1,1832,584
no.elektronikk,no.norsk,1,1832,584
no.elektronikk,no.religion,1,1832,584
no.elektronikk,no.sport.diverse,1,1832,584
no.elektronikk,no.typografi,1,1832,584
no.elektronikk,no.www,1,1832,584
no.elektronikk,no.x,1,1832,584
no.embnet,no.folklore.generelt,1,178,157
no.embnet,no.folklore.overtro,1,178,157
no.embnet,no.hobby.diverse,1,178,157
no.embnet,no.medisin,1,178,157
no.embnet,no.ms-windows,1,178,157
no.embnet,no.news.diverse,1,178,157
no.eunet.diverse,no.student.nett,1,89,51
no.eunet.diverse,no.student.samfund,1,89,51
no.film,no.ai,1,6949,1035
no.film,no.alt.fan.de-lillos,1,6949,1035
no.film,no.biz.nettilbydere,1,6949,1035
no.film,no.folklore.generelt,1,6949,1035
no.film,no.folklore.overtro,1,6949,1035
no.film,no.medisin,1,6949,1035
no.film,no.religion,1,6949,1035
no.film,no.tele,1,6949,1035
no.film,no.x,1,6949,1035
no.folklore.edb,no.c,1,123,71
no.folklore.edb,no.havforskning,1,123,71
no.folklore.edb,no.marked.jobb,1,123,71
no.folklore.edb,no.spill,1,123,71
no.folklore.generelt,no.bolig,1,7,7
no.folklore.generelt,no.ef,1,7,7
no.folklore.generelt,no.embnet,1,7,7
no.folklore.generelt,no.film,1,7,7
no.folklore.generelt,no.folklore.overtro,1,7,7
no.folklore.generelt,no.havforskning,1,7,7
no.folklore.generelt,no.hobby.diverse,1,7,7
no.folklore.generelt,no.irc,1,7,7
no.folklore.generelt,no.linux,1,7,7
no.folklore.generelt,no.lisp,1,7,7
no.folklore.generelt,no.litteratur,1,7,7
no.folklore.generelt,no.marked.jobb,1,7,7
no.folklore.overtro,no.bolig,1,3,3
no.folklore.overtro,no.ef,1,3,3
no.folklore.overtro,no.embnet,1,3,3
no.folklore.overtro,no.film,1,3,3
no.folklore.overtro,no.folklore.generelt,1,3,3
no.folklore.overtro,no.havforskning,1,3,3
no.folklore.overtro,no.hobby.diverse,1,3,3
no.folklore.overtro,no.irc,1,3,3
no.folklore.overtro,no.linux,1,3,3
no.folklore.overtro,no.lisp,1,3,3
no.folklore.overtro,no.litteratur,1,3,3
no.folklore.overtro,no.marked.jobb,1,3,3
no.folklore.overtro,unknown,1,3,3
no.general,no.alt.amiga,1,47032,13121
no.general,no.amiga,1,47032,13121
no.general,no.mswindow,1,47032,13121
no.general,no.org.dnd,1,47032,13121
no.general,no.sykkel,1,47032,13121
no.general,no.uninett.drift,1,47032,13121
no.general,no.uninett.fik,1,47032,13121
no.general,no.uninett.katalog,1,47032,13121
no.havforskning,no.radio-tv,1,243,165
no.hobby.diverse,no.alt.fan.de-lillos,1,159,79
no.hobby.diverse,no.alt.tegneserier,1,159,79
no.hobby.diverse,no.bil,1,159,79
no.hobby.diverse,no.biz.nettilbydere,1,159,79
no.hobby.diverse,no.bolig,1,159,79
no.hobby.diverse,no.c,1,159,79
no.hobby.diverse,no.ef,1,159,79
no.hobby.diverse,no.embnet,1,159,79
no.hobby.diverse,no.folklore.generelt,1,159,79
no.hobby.diverse,no.folklore.overtro,1,159,79
no.hobby.diverse,no.irc,1,159,79
no.hobby.diverse,no.linux,1,159,79
no.hobby.diverse,no.lisp,1,159,79
no.hobby.diverse,no.litteratur,1,159,79
no.hobby.diverse,no.marked.bil,1,159,79
no.hobby.diverse,no.musikk.gitar,1,159,79
no.hobby.diverse,no.spill.sjakk,1,159,79
no.hobby.diverse,no.sport.fotball,1,159,79
no.irc,no.ai,1,3970,1022
no.irc,no.alkohol,1,3970,1022
no.irc,no.alt.irctreff,1,3970,1022
no.irc,no.folklore.generelt,1,3970,1022
no.irc,no.folklore.overtro,1,3970,1022
no.irc,no.hobby.diverse,1,3970,1022
no.irc,no.radio-tv,1,3970,1022
no.irc,no.religion,1,3970,1022
no.irc,no.tele,1,3970,1022
no.irc,no.x,1,3970,1022
no.it.diverse,no.folklore.edb,1,330,168
no.it.diverse,no.reiser,1,330,168
no.it.diverse,no.tex,1,330,168
no.it.emacs,no.unix,1,708,143
no.jus,no.alt.flame,1,5232,1998
no.jus,no.biz.nettilbydere,1,5232,1998
no.jus,no.skole.diverse,1,5232,1998
no.jus,no.student.samfund,1,5232,1998
no.jus,no.vit.diverse,1,5232,1998
no.kjemi,no.radio-tv,1,830,350
no.kjemi,no.reiser,1,830,350
no.kjemi,no.religion,1,830,350
no.kjemi,no.tele,1,830,350
no.kjemi,no.vitser,1,830,350
no.kryptografi,no.ms-windows,1,330,112
no.kryptografi,no.multimedia,1,330,112
no.kryptografi,no.musikk,1,330,112
no.linux,no.amiga,1,8833,1209
no.linux,no.folklore.generelt,1,8833,1209
no.linux,no.folklore.overtro,1,8833,1209
no.linux,no.hobby.diverse,1,8833,1209
no.linux,no.mswindow,1,8833,1209
no.linux,no.radio-tv,1,8833,1209
no.linux,no.religion,1,8833,1209
no.linux,no.vitser,1,8833,1209
no.lisp,no.folklore.generelt,1,373,193
no.lisp,no.folklore.overtro,1,373,193
no.lisp,no.hobby.diverse,1,373,193
no.lisp,no.x,1,373,193
no.litteratur,no.alt.arkiv,1,2060,485
no.litteratur,no.folklore.generelt,1,2060,485
no.litteratur,no.folklore.overtro,1,2060,485
no.litteratur,no.hobby.diverse,1,2060,485
no.litteratur,no.radio-tv,1,2060,485
no.litteratur,no.student.nett,1,2060,485
no.litteratur,no.student.samfund,1,2060,485
no.litteratur,no.tele,1,2060,485
no.litteratur,no.vit.diverse,1,2060,485
no.litteratur,no.vitser,1,2060,485
no.mac,no.radio-tv,1,11681,1053
no.mac,no.religion,1,11681,1053
no.mac,no.video,1,11681,1053
no.mail.diverse,no.alt.fan.de-lillos,1,1099,512
no.mail.diverse,no.biz.nettilbydere,1,1099,512
no.mail.diverse,no.hobby.diverse,1,1099,512
no.mail.diverse,no.radio-tv,1,1099,512
no.mail.diverse,no.reiser,1,1099,512
no.mail.diverse,no.student.nett,1,1099,512
no.mail.diverse,no.student.samfund,1,1099,512
no.mail.drift,no.radio-tv,1,307,207
no.marked,no.alt.fan.de-lillos,1,4847,1840
no.marked,no.skole.diverse,1,4847,1840
no.marked.bil,no.biz.annonser.data,1,204,61
no.marked.bil,no.hobby.diverse,1,204,61
no.marked.bil,no.musikk.gitar,1,204,61
no.marked.bil,no.musikk.klassisk,1,204,61
no.marked.bil,no.news.diverse,1,204,61
no.marked.bolig,no.musikk.klassisk,1,67,36
no.marked.bolig,no.news.diverse,1,67,36
no.marked.diskusjon,no.biz.annonser.data,1,54,49
no.marked.diskusjon,no.biz.diskusjoner,1,54,49
no.marked.diskusjon,no.musikk.gitar,1,54,49
no.marked.diskusjon,no.musikk.klassisk,1,54,49
no.marked.diskusjon,no.news.diverse,1,54,49
no.marked.jobb,no.skole.diverse,1,766,318
no.marked.jobb,no.spill,1,766,318
no.marked.jobb,no.student.samfund,1,766,318
no.marked.jobb,no.vit.diverse,1,766,318
no.media,no.alt.fan.de-lillos,1,58,45
no.media,no.alt.god.jul,1,58,45
no.media,no.biz.annonser.data,1,58,45
no.media,no.biz.nettilbydere,1,58,45
no.media,no.musikk.gitar,1,58,45
no.media,no.musikk.klassisk,1,58,45
no.media,no.radio-tv,1,58,45
no.media,no.spill,1,58,45
no.medisin,no.alt.motorsykler,1,880,278
no.medisin,no.biz.annonser,1,880,278
no.medisin,no.c,1,880,278
no.medisin,no.ef,1,880,278
no.medisin,no.embnet,1,880,278
no.medisin,no.film,1,880,278
no.medisin,no.musikk.gitar,1,880,278
no.medisin,no.news.diverse,1,880,278
no.medisin,no.reiser,1,880,278
no.medisin,no.skole.diverse,1,880,278
no.medisin,no.spill,1,880,278
no.medisin,no.student.nett,1,880,278
no.medisin,no.student.samfund,1,880,278
no.ms-windows,no.alt.god.jul,1,4123,936
no.ms-windows,no.alt.tegneserier,1,4123,936
no.ms-windows,no.bolig,1,4123,936
no.ms-windows,no.ef,1,4123,936
no.ms-windows,no.embnet,1,4123,936
no.ms-windows,no.kryptografi,1,4123,936
no.ms-windows,no.org.efn.diskusjon,1,4123,936
no.ms-windows,no.religion,1,4123,936
no.ms-windows,no.sport.diverse,1,4123,936
no.mswindow,no.biz.annonser,1,362,78
no.mswindow,no.general,1,362,78
no.mswindow,no.linux,1,362,78
no.mswindow,no.net,1,362,78
no.mswindow,no.news.diverse,1,362,78
no.mswindow,no.svar,1,362,78
no.mswindow,no.x,1,362,78
no.multimedia,no.alt.fan.de-lillos,1,954,581
no.multimedia,no.biz.nettilbydere,1,954,581
no.multimedia,no.bolig,1,954,581
no.multimedia,no.kryptografi,1,954,581
no.multimedia,no.svar,1,954,581
no.multimedia,no.vitser,1,954,581
no.musikk,no.kryptografi,1,15532,1497
no.musikk,no.tele,1,15532,1497
no.musikk,no.www,1,15532,1497
no.musikk.gitar,no.hobby.diverse,1,910,220
no.musikk.gitar,no.marked.bil,1,910,220
no.musikk.gitar,no.marked.diskusjon,1,910,220
no.musikk.gitar,no.media,1,910,220
no.musikk.gitar,no.medisin,1,910,220
no.musikk.gitar,no.musikk.klassisk,1,910,220
no.musikk.gitar,no.radio-tv,1,910,220
no.musikk.klassisk,no.marked.bil,1,133,57
no.musikk.klassisk,no.marked.bolig,1,133,57
no.musikk.klassisk,no.marked.diskusjon,1,133,57
no.musikk.klassisk,no.media,1,133,57
no.musikk.klassisk,no.musikk.gitar,1,133,57
no.musikk.klassisk,no.net,1,133,57
no.musikk.klassisk,no.news.diverse,1,133,57
no.musikk.klassisk,no.norsk,1,133,57
no.musikk.klassisk,no.nuug,1,133,57
no.net,no.mswindow,1,1110,523
no.net,no.musikk.klassisk,1,1110,523
no.net,no.radio-tv,1,1110,523
no.news.diverse,no.alt.amiga,1,6024,2109
no.news.diverse,no.alt.irc-treff,1,6024,2109
no.news.diverse,no.it.diverse,1,6024,2109
no.news.diverse,no.marked.diskusjon,1,6024,2109
no.news.diverse,no.media,1,6024,2109
no.news.diverse,no.musikk.klassisk,1,6024,2109
no.news.drift,no.org.decus,1,345,185
no.news.drift,no.radio-tv,1,345,185
no.norsk,no.alt.radio-tv.irma-1000,1,11325,2296
no.norsk,no.bil,1,11325,2296
no.norsk,no.elektronikk,1,11325,2296
no.norsk,no.musikk.klassisk,1,11325,2296
no.norsk,no.student.samfund,1,11325,2296
no.norsk,no.svar,1,11325,2296
no.norsk,no.vit.diverse,1,11325,2296
no.nuug,no.musikk.klassisk,1,50,46
no.org.decus,no.musikk.gitar,1,8,2
no.org.decus,no.news.diverse,1,8,2
no.org.decus,no.news.drift,1,8,2
no.org.decus,unknown,1,8,2
no.org.dnd,unknown,1,11,1
no.pc,no.ai,1,12883,2791
no.pc,no.alt.amiga,1,12883,2791
no.pc,no.alt.irc-treff,1,12883,2791
no.pc,no.x,1,12883,2791
no.perl,no.elektronikk,1,633,117
no.prat.politikk,no.alt.motorsykler,1,2527,1425
no.prat.politikk,no.musikk.klassisk,1,2527,1425
no.prat.politikk,no.student.samfund,1,2527,1425
no.prat.seksualitet,no.medisin,1,2367,181
no.psykologi,no.radio-tv,1,1209,553
no.radio-tv,no.biz.annonser,1,2524,676
no.radio-tv,no.ms-windows,1,2524,676
no.radio_tv,no.alt.flame,1,909,244
no.radio_tv,no.marked.data,1,909,244
no.radio_tv,no.musikk,1,909,244
no.radio_tv,no.student.nett,1,909,244
no.radio_tv,no.uninett.fik,1,909,244
no.radio_tv,no.unix,1,909,244
no.radio_tv,no.vitser,1,909,244
no.reiser,no.alt.diskusjoner,1,746,84
no.reiser,no.alt.flame,1,746,84
no.reiser,no.alt.frustrasjoner,1,746,84
no.reiser,no.alt.gledesutbrudd,1,746,84
no.reiser,no.kjemi,1,746,84
no.reiser,no.mail.diverse,1,746,84
no.reiser,no.medisin,1,746,84
no.religion,no.audio,1,14266,2206
no.religion,no.c,1,14266,2206
no.religion,no.elektronikk,1,14266,2206
no.religion,no.irc,1,14266,2206
no.religion,no.kjemi,1,14266,2206
no.religion,no.linux,1,14266,2206
no.religion,no.mac,1,14266,2206
no.religion,no.marked,1,14266,2206
no.religion,no.ms-windows,1,14266,2206
no.religion,no.tele,1,14266,2206
no.skole.diverse,no.biz.annonser,1,350,231
no.skole.diverse,no.jus,1,350,231
no.skole.diverse,no.marked,1,350,231
no.skole.diverse,no.marked.jobb,1,350,231
no.skole.diverse,no.medisin,1,350,231
no.skole.diverse,no.student.nett,1,350,231
no.skole.diverse,no.student.samfund,1,350,231
no.slekt,no.bil,1,2669,367
no.slekt,no.tele,1,2669,367
no.slekt,no.vitser,1,2669,367
no.sources.list,no.radio-tv,1,12,12
no.sources.list,no.uninett.fik,1,12,12
no.sources.list,unknown,1,12,12
no.sources.wanted,no.biz.annonser,1,53,26
no.sources.wanted,no.biz.annonser.data,1,53,26
no.sources.wanted,no.radio-tv,1,53,26
no.sources.wanted,no.uninett.fik,1,53,26
no.speider,no.uninett.fik,1,749,86
no.spill,no.alt.amiga,1,5773,631
no.spill,no.bil,1,5773,631
no.spill,no.folklore.edb,1,5773,631
no.spill,no.marked.jobb,1,5773,631
no.spill,no.media,1,5773,631
no.spill,no.medisin,1,5773,631
no.spill,no.tele,1,5773,631
no.spill,no.uninett.fik,1,5773,631
no.spill.rollespill,no.general,1,545,34
no.spill.sjakk,no.hobby.diverse,1,232,63
no.sport.diverse,no.bil,1,3164,378
no.sport.diverse,no.elektronikk,1,3164,378
no.sport.diverse,no.ms-windows,1,3164,378
no.sport.diverse,no.sykkel,1,3164,378
no.sport.diverse,no.tele,1,3164,378
no.sport.diverse,no.uninett.fik,1,3164,378
no.sport.fotball,no.alt.gledesutbrudd,1,1348,75
no.sport.fotball,no.biz.annonser,1,1348,75
no.sport.fotball,no.general,1,1348,75
no.sport.fotball,no.hobby.diverse,1,1348,75
no.sport.fotball,no.sykkel,1,1348,75
no.sport.orientering,unknown,1,20,1
no.standard,no.radio-tv,1,64,38
no.standard,no.tele,1,64,38
no.standard,no.uninett.fik,1,64,38
no.stortinget,no.kryptografi,1,1495,626
no.stortinget,no.musikk,1,1495,626
no.stortinget,no.uninett.diverse,1,1495,626
no.stortinget,no.uninett.drift,1,1495,626
no.stortinget,no.uninett.fik,1,1495,626
no.stortinget,no.uninett.katalog,1,1495,626
no.student.nett,no.alt.diskusjoner,1,159,70
no.student.nett,no.alt.gledesutbrudd,1,159,70
no.student.nett,no.eunet.diverse,1,159,70
no.student.nett,no.mail.diverse,1,159,70
no.student.nett,no.medisin,1,159,70
no.student.nett,no.news.diverse,1,159,70
no.student.nett,no.radio_tv,1,159,70
no.student.nett,no.skole.diverse,1,159,70
no.student.nett,no.vit.diverse,1,159,70
no.student.samfund,no.alt.gledesutbrudd,1,98,54
no.student.samfund,no.eunet.diverse,1,98,54
no.student.samfund,no.litteratur,1,98,54
no.student.samfund,no.mail.diverse,1,98,54
no.student.samfund,no.marked.jobb,1,98,54
no.student.samfund,no.medisin,1,98,54
no.student.samfund,no.musikk,1,98,54
no.student.samfund,no.norsk,1,98,54
no.student.samfund,no.skole.diverse,1,98,54
no.student.samfund,no.vit.diverse,1,98,54
no.sykkel,no.alt.motorsykler,1,2152,284
no.sykkel,no.biz.annonser,1,2152,284
no.sykkel,no.litteratur,1,2152,284
no.sykkel,no.sport.diverse,1,2152,284
no.sykkel,no.sport.fotball,1,2152,284
no.tegnsett,no.uninett.fik,1,313,139
no.tele,no.audio,1,3203,694
no.tele,no.bil,1,3203,694
no.tele,no.c,1,3203,694
no.tele,no.ef,1,3203,694
no.tele,no.film,1,3203,694
no.tele,no.irc,1,3203,694
no.tele,no.kjemi,1,3203,694
no.tele,no.litteratur,1,3203,694
no.tele,no.mail.diverse,1,3203,694
no.tele,no.musikk,1,3203,694
no.tele,no.religion,1,3203,694
no.tele,no.slekt,1,3203,694
no.tele,no.spill,1,3203,694
no.tele,no.sport.diverse,1,3203,694
no.telepost,no.radio-tv,1,537,316
no.telepost,no.uninett.fik,1,537,316
no.test,no.biz.nettilbydere,1,1148,154
no.test,no.spill.rollespill,1,1148,154
no.test,no.tele,1,1148,154
no.tungregning,no.radio-tv,1,14,8
no.tungregning,no.uninett.fik,1,14,8
no.typografi,no.elektronikk,1,164,85
no.typografi,no.tegnsett,1,164,85
no.uninett.diverse,no.marked.jobb,1,82,53
no.uninett.diverse,no.radio-tv,1,82,53
no.uninett.diverse,no.stortinget,1,82,53
no.uninett.diverse,no.uninett.fik,1,82,53
no.uninett.drift,no.radio-tv,1,47,20
no.uninett.drift,no.stortinget,1,47,20
no.uninett.drift,no.uninett.fik,1,47,20
no.uninett.fik,no.radio_tv,1,5,2
no.uninett.fik,no.slekt,1,5,2
no.uninett.fik,no.sources.list,1,5,2
no.uninett.fik,no.sources.wanted,1,5,2
no.uninett.fik,no.speider,1,5,2
no.uninett.fik,no.spill,1,5,2
no.uninett.fik,no.sport.diverse,1,5,2
no.uninett.fik,no.standard,1,5,2
no.uninett.fik,no.stortinget,1,5,2
no.uninett.fik,no.tegnsett,1,5,2
no.uninett.fik,no.telepost,1,5,2
no.uninett.fik,no.tungregning,1,5,2
no.uninett.fik,no.uninett.diverse,1,5,2
no.uninett.fik,no.uninett.drift,1,5,2
no.uninett.fik,no.uninett.hjelp,1,5,2
no.uninett.fik,no.uninett.katalog,1,5,2
no.uninett.fik,unknown,1,5,2
no.uninett.hjelp,no.radio-tv,1,37,12
no.uninett.hjelp,no.uninett.fik,1,37,12
no.uninett.katalog,no.radio-tv,1,11,5
no.uninett.katalog,no.stortinget,1,11,5
no.uninett.katalog,no.uninett.fik,1,11,5
no.uninett.katalog,unknown,1,11,5
no.unix,no.radio-tv,1,2325,766
no.video,no.biz.annonser,1,216,116
no.video,no.mac,1,216,116
no.vit.diverse,no.biz.annonser,1,447,186
no.vit.diverse,no.jus,1,447,186
no.vit.diverse,no.marked.jobb,1,447,186
no.vit.diverse,no.norsk,1,447,186
no.vit.diverse,no.student.nett,1,447,186
no.vit.diverse,no.student.samfund,1,447,186
no.vitser,no.alt.pompelog,1,4950,665
no.vitser,no.alt.radio_tv.irma1000,1,4950,665
no.vitser,no.bil,1,4950,665
no.vitser,no.c,1,4950,665
no.vitser,no.linux,1,4950,665
no.vitser,no.mac,1,4950,665
no.vitser,no.marked.data,1,4950,665
no.vitser,no.prat.seksualitet,1,4950,665
no.vr,no.film,1,62,24
no.vr,no.religion,1,62,24
no.www,no.biz.annonser.data,1,2032,312
no.www,no.c,1,2032,312
no.www,no.elektronikk,1,2032,312
no.www,no.jus,1,2032,312
no.www,no.musikk,1,2032,312
no.www,no.reiser,1,2032,312
no.www,no.spill,1,2032,312
no.x,no.alt.diskusjoner,1,212,85
no.x,no.alt.radio_tv.irma1000,1,212,85
no.x,no.amiga,1,212,85
no.x,no.lisp,1,212,85
no.x,no.mswindow,1,212,85
no.x,no.pc,1,212,85
no.x,no.tegnsett,1,212,85
