newsgroup,message_id_hash,replacement_char_count,nb_body_length,matched_similarity,shuffled_similarity
no.ai,0debfbac2b14b784,12,705,0.9937584194894751,0.2555334788554994
no.ai,117de86fa437fa76,2,140,0.9904247104836806,0.06656696967284009
no.ai,1298caf112c8cbae,28,880,0.9842447633419362,0.488533839578982
no.ai,13d5ac298d332c56,29,1635,0.9793315874101715,0.3930774375594912
no.ai,14fef30edb07a1b8,6,433,0.9331759761636743,0.15415388533727303
no.ai,164942b114eb23ee,2,828,0.99943733443266,0.47869297016347623
no.ai,1d2e410b5013cfbc,28,1334,0.9925736486328434,0.46031155753320335
no.ai,202914214bebf6cb,9,485,0.9806552001551289,0.2484260111541878
no.ai,21a6abb620695cec,15,915,0.9804554298868781,0.13951228528996143
no.ai,2fab2999bd24043d,7,610,0.993414494525544,0.027875965695758387
no.ai,334f912bbff9a48e,8,337,0.9830997396789637,0.5137353867456358
no.ai,4604a3336a182c37,14,494,0.9780302844786702,0.29996657389567327
no.ai,4655906211d6c9ca,1,1096,0.9999999999999998,0.39249550401904454
no.ai,50c2be546f276985,36,2155,0.9832205820462434,0.2765610809531697
no.ai,574ab9edee545191,27,1493,0.9930341072560519,0.5482662339395227
no.ai,5901e639db7df1a3,1,413,0.9992832185474817,0.6755199691716589
no.ai,666dcfa1c13e8594,6,489,0.9950945845319109,0.3348073372270967
no.ai,6a1187d925d2b0da,2,617,0.9992466620968676,0.2867445800024294
no.ai,71e203a201c80565,18,1443,0.9879517565618587,0.34443777908013284
no.ai,73b3d8ec260a728a,3,291,0.9990566027481602,0.3118890584352498
no.ai,748bf51203f66663,2,88,0.9396415530985875,0.2151661020428624
no.ai,78f5d2eb31267b38,24,1356,0.9909925866526649,0.4389416592457297
no.ai,7b83514e47c1f900,2,255,0.9950190724880643,0.5080714775024429
no.ai,85ba6d8ef5e085f7,18,622,0.9810265788780318,0.3087594153467114
no.ai,8b436cf2b88567d2,10,284,0.9416334288440351,0.13749872095533
no.ai,8ff5d07dbfa58218,20,1329,0.9784714343453936,0.248286712004906
no.ai,913127183a7d56cc,13,802,0.9850200190856346,0.221261138947448
no.ai,920f8faa53024945,42,2048,0.98754453509636,0.4802151826241461
no.ai,92dd5c903177901d,5,128,0.9356833194572531,0.303202395120644
no.ai,92f175275985f922,9,672,0.9906564539913064,0.44593473921090854
no.ai,a470beb381e91201,11,272,0.944366197310306,0.24581035145691427
no.ai,a9f8fa3e4d6a5411,1,166,0.9431653771584976,0.3570126009099986
no.ai,cd9eddd89dc0fd85,8,288,0.9846931757750113,0.16826730529284617
no.ai,d299c66cbe959d82,4,513,0.9941305615084184,0.2047032740283251
no.ai,d8e15c059d8b981c,1,1298,1.0,0.4675589557821406
no.ai,db004c412e4e161a,8,237,0.9806774831475792,0.17066147155163894
no.ai,e37bc92d63b3d6a0,5,525,0.994339045671082,0.5077587213364911
no.ai,e3d038e5c245fdec,31,1264,0.9818080715818233,0.40892593611079264
no.ai,eb7f9823513115d9,1,435,0.9990256694938621,0.234893720733222
no.ai,ecbbdc05a35ef0d0,92,6436,0.987368945993084,0.3095998100296102
no.ai,f37ec4133eca75f8,11,346,0.9833375568301205,0.13824431646274934
no.ai,fb778c454b37945e,10,642,0.9909203700855804,0.5918536638466688
no.alkohol,0640c50ff6cf0a8d,4,190,0.9844327031098884,0.17759641531865772
no.alkohol,071dbf71200a5dcd,2,21,0.4994231800222344,0.059961268381640856
no.alkohol,1091e087c43b78aa,1,294,0.9993785897407629,0.3164142972560924
no.alkohol,12929acbf0a6e5eb,19,1377,0.995263172003966,0.5101395278742806
no.alkohol,14a043dc8710337b,8,605,0.9940329245551037,0.15428920981435995
no.alkohol,14c3f3002780b797,5,103,0.9278023387938704,0.2622051584343677
no.alkohol,34c3e18b48187f24,14,624,0.9385638536515769,0.2633318950144491
no.alkohol,3e6c745b80f49652,3,91,0.8170966342961345,0.25021830997068395
no.alkohol,41f6a17d97653407,1,151,0.9972458716553175,0.23536693457107932
no.alkohol,451dd55e1b8b155c,24,1549,0.9961557569290238,0.1732410325761697
no.alkohol,4b2d5082c5a03c0f,15,884,0.9934665616790315,0.312538104190074
no.alkohol,555e55914da3ead3,4,308,0.9799442814687382,0.06634845268581004
no.alkohol,5770563f4f317aab,10,719,0.988467600398417,0.18247053017939283
no.alkohol,588304989b43c429,16,928,0.9754607086750352,0.21650541424499672
no.alkohol,58e07721cb5db164,7,826,0.988433333375937,0.5537301493797517
no.alkohol,5a1f1044e6780d6e,26,1411,0.9866199946892426,0.24530019603110892
no.alkohol,5a50a5d5d90a9d25,16,1296,0.9916501480029483,0.23763774505095392
no.alkohol,64f1441245531d97,53,2609,0.9822499778640467,0.19912692147190922
no.alkohol,6c70a268c7c6549e,5,295,0.9393460748892497,0.27310317807771
no.alkohol,71f084e75538bc2d,1,64,0.9789970084875506,0.07933870777061561
no.alkohol,73d0a9f1b63bd2f2,14,705,0.9871037730247142,0.4681974685774177
no.alkohol,841ed8970dece0d4,131,4641,0.9721251589168486,0.38984539382611844
no.alkohol,867deaee18211c87,12,578,0.9435198364884941,0.47616048130104754
no.alkohol,8a95c294e16bcb58,15,529,0.9571338587649008,0.24699299129645566
no.alkohol,974eee2a3e9ea5ec,8,517,0.990234175034835,0.43100494572249604
no.alkohol,987df42e9cb1b541,9,814,0.9920928395875968,0.1921736471664482
no.alkohol,9ff9fcbd8de50423,13,561,0.9873636147391663,0.35262423520710034
no.alkohol,ab26feceddd921f2,8,326,0.9360816974794658,0.08351626230375016
no.alkohol,ada9327c2f197d68,13,911,0.9873822642066241,0.27102069691178554
no.alkohol,b265e8c7498be8e5,9,692,0.994849251444367,0.12138033069499787
no.alkohol,b4b709a32610a4a1,116,6027,0.9822480407262538,0.16705143576461612
no.alkohol,b71e3c5de3070854,62,3008,0.9815081949565835,0.40823988034600955
no.alkohol,c5328e6df63f2af6,9,634,0.9922743089681552,0.5694606585914996
no.alkohol,c93c2ae77a6682f9,8,571,0.996850419420971,0.12002414795694627
no.alkohol,d226e2f3b0862358,8,891,0.9952714856005475,0.20870760348752973
no.alkohol,d2fab6b2608415fc,3,240,0.9915837604300279,0.07326929036077148
no.alkohol,dc964805aece904e,50,3277,0.9929657768382188,0.49915959202994387
no.alkohol,e530e8c97c5f403f,26,1692,0.9935377192157556,0.3083497960392966
no.alkohol,ea836b168ba3987a,4,218,0.9603348779613963,0.07179750780374523
no.alkohol,f5545bedd363f68b,3,320,0.9927657746549379,0.2983589478771963
no.alkohol,f5a8f5a7543f6902,4,680,0.9927008378235677,0.4245532291950482
no.alkohol,fba38c6344c44649,33,1766,0.993029492003513,0.28746121045258477
no.alkohol,feadd56f42a7d14f,100,4204,0.9689830841096885,0.18831003216842898
no.alt.arkiv,01c17873effff80e,2,847,0.9951702247674605,0.22522088849794683
no.alt.arkiv,055ba2fd464b7fa0,2,1598,0.9965894183097724,0.44332678404230497
no.alt.arkiv,070d8fb774833ba1,2,342,0.9933052992077561,0.32583812527244066
no.alt.arkiv,0d0da0a5ae5b45ed,2,1622,0.9966986155167002,0.25051605579038483
no.alt.arkiv,114b43edd2aa8875,2,358,0.9945846564994179,0.45270926253119964
no.alt.arkiv,1fe46df69b9abac3,2,330,0.9931117021487554,0.329932249905962
no.alt.arkiv,2008dd61341220e2,2,785,0.9958165902037286,0.3839399450188707
no.alt.arkiv,215f9e4a41794caa,2,422,0.9940943387062907,0.5319880031437486
no.alt.arkiv,2ba19e287ed17987,2,241,0.9924047676269488,0.22556224996629273
no.alt.arkiv,2f1fdef220af92b4,2,762,0.9945029011130077,0.13447850921158028
no.alt.arkiv,3d7cab9f6b52056b,2,2377,0.9958927368709197,0.2296325410430187
no.alt.arkiv,4702ebda26fce729,2,623,0.993948022294994,0.08457126965135377
no.alt.arkiv,5aa5bc282199e860,2,270,0.9919345096647532,0.33564614058791115
no.alt.arkiv,62243475c12ddce0,2,1438,0.9965512665834181,0.5625529614299039
no.alt.arkiv,6549bd910f6ff6e3,2,471,0.9946134524145924,0.20420023048617145
no.alt.arkiv,66b797d360fdb4b8,2,326,0.9932065442469126,0.3858856791733308
no.alt.arkiv,6bbfefd74c05ffac,2,598,0.994674479389858,0.0546528826801141
no.alt.arkiv,761c8e11509f29e9,2,330,0.9931363207458913,0.4641326156730448
no.alt.arkiv,77269b6ac5c9b6f6,2,2475,0.9967681370929753,0.3558829661417096
no.alt.arkiv,7acd7e696ffedeff,2,325,0.993597811932089,0.17796564988225663
no.alt.arkiv,82b2527f869f49c7,1,1382,0.9997272676941649,0.14906811804710562
no.alt.arkiv,8b19a05a61bd4296,2,756,0.995892759183686,0.43810226738128993
no.alt.arkiv,8eae22d5ce6f2c78,2,1051,0.9958348901302848,0.4717654101826975
no.alt.arkiv,9aa38a287cc01923,2,1503,0.9957326868575476,0.5443760924782863
no.alt.arkiv,a367eddf619db795,2,1303,0.9964427104264546,0.7536890927022815
no.alt.arkiv,a40d3cbee0e9308a,2,811,0.993829510384785,0.8484656290273223
no.alt.arkiv,a83ae8d519fe4276,2,465,0.9951224957376291,0.5062261439181651
no.alt.arkiv,ad4e9ced9b3051ca,2,1281,0.9963672617793042,0.28626870465864185
no.alt.arkiv,af2b1d23de21552d,2,344,0.9930964338705447,0.2667346037429226
no.alt.arkiv,b20dd2143aae2bf1,2,1354,0.9951102995959193,0.11630816523651313
no.alt.arkiv,ceb0a7dbde39e4f5,1,2344,0.9998645260608924,0.3311616010679135
no.alt.arkiv,d6edb14733abd26b,2,1003,0.9965959830970242,0.20791466148351329
no.alt.arkiv,d7175aeecf51ed91,2,1239,0.9957952029782887,0.2142495215761085
no.alt.arkiv,d782f5d234eab191,2,287,0.9918660482135586,0.21575597795535514
no.alt.arkiv,e77b4ec59183a742,2,709,0.9949201771022624,0.2731303116593352
no.alt.arkiv,e8112e327306af1a,2,625,0.9944360691912225,0.2530148096050544
no.alt.arkiv,f3132fd6c1ec631a,2,730,0.9950766243402832,0.3331568244423036
no.alt.arkiv,f3d86e3861508c8e,2,1132,0.9963699181776978,0.27920039348248016
no.alt.arkiv,f8f263f7507097c0,2,2979,0.9969948527720334,0.3106104533127868
no.alt.arkiv,f96dab251d04b617,2,2087,0.9965208398512891,0.213958447967771
no.alt.arkiv,fbd1fad6b76a370e,2,522,0.9943996674749112,0.23616925961487603
no.alt.arkiv,fc91f18491baee56,2,946,0.996066709881622,0.28856967166694586
no.alt.config,051bfa92a01a12be,4,112,0.9676777116249684,0.3430179633095698
no.alt.config,0b1abddc496e0486,5,338,0.9608862210532334,0.4517000040716171
no.alt.config,0ca1751bf9bffb27,2,75,0.9797292131716652,0.3374218012865418
no.alt.config,2120492f88e2a99a,6,280,0.9776958711896474,0.3808418483596424
no.alt.config,294fef60a6784e99,5,416,0.9870328284507093,0.28672055083222986
no.alt.config,2d442280836f3221,6,564,0.9946202983299971,0.3474233095961999
no.alt.config,32ef962bafa61421,5,379,0.9800918587852231,0.3710527218162061
no.alt.config,340c0d57fa28bfd9,3,230,0.9868351357358495,0.44286917113767404
no.alt.config,3b65fa195ecc9e81,8,618,0.9905907639492975,0.398060234093757
no.alt.config,40855fe007a6c498,5,601,0.9972977847968161,0.6749465415403355
no.alt.config,46b8563fe010be48,15,471,0.9462270264724311,0.16252863019286637
no.alt.config,49cf931c6b07c50a,1,268,0.9974775490722086,0.3871382798721885
no.alt.config,4a0e4bddd3b2524b,1,181,0.9935543132015447,0.37668868201125194
no.alt.config,4c9db227f09decb8,4,305,0.9977055214913831,0.26064174557349756
no.alt.config,5127a9ca772df464,5,460,0.9860993209776514,0.5051128389599367
no.alt.config,553a366ccc94a490,17,1384,0.9958061851762376,0.2886266490919475
no.alt.config,612c9350f7752173,2,465,0.9867898326527693,0.3221988544777832
no.alt.config,65254cc6cf4438be,10,924,0.991391590880272,0.4714761902906816
no.alt.config,6683448395261ca6,5,470,0.9979629686332505,0.3064277378616989
no.alt.config,68a8e813215d152e,5,812,0.9983073251370744,0.36813627226156637
no.alt.config,6921cd274b2f0196,11,566,0.9857219380665885,0.33893597146124604
no.alt.config,6ae594d53eddc3d8,32,1085,0.9767797358917955,0.11525873257528216
no.alt.config,a791ef942d5a4ec2,3,642,0.9966957075705454,0.3194861097740164
no.alt.config,aeaa4ce1a53c7816,16,1010,0.9848467772208497,0.17269604158213728
no.alt.config,b3be9072e6c16ee2,5,1011,0.9977178607528605,0.329093219676926
no.alt.config,bb359defa41e4f01,2,350,0.9877110547451715,0.35047675517468513
no.alt.config,c69ff29484e605cc,8,1155,0.9952883012687157,0.19386954485336708
no.alt.config,cbae3d798bf7e236,5,694,0.9978050188059434,0.32850368322528106
no.alt.config,d2068eb70a27ec59,11,628,0.9877754508794594,0.4139488193664951
no.alt.config,d9b991df469c03c4,5,470,0.9863668070546335,0.3841148199391501
no.alt.config,dbd465fc46ee68ce,18,695,0.9765918355808892,0.178210902058941
no.alt.config,e377be3922a4abbb,16,715,0.9362098401597985,0.4291371042754899
no.alt.config,e3b7ea51c7757212,9,557,0.9823321662965129,0.3958316313010535
no.alt.config,e486764f98f73563,3,425,0.9918135832422622,0.5928197155121016
no.alt.config,e55116455a871e9e,3,218,0.9886259672887471,0.2161866742369671
no.alt.config,eb1da8a2e256f51a,17,948,0.9730622573384929,0.48491903616227044
no.alt.config,f284d98892d9a41f,13,733,0.9898482135862006,0.18461882928170883
no.alt.config,f5fff86e043b4d34,3,1012,0.9948346010519112,0.366258285324369
no.alt.config,f835371a89057ae6,1,274,0.9927045094491664,0.48297041969732335
no.alt.config,f86cc10c32caa6fb,23,1410,0.9903019176031812,0.3116088557902102
no.alt.config,f8d6f4391624bc68,6,846,0.995342326262845,0.3632980475613631
no.alt.config,fc4dc2310ed070cb,39,2822,0.9944661251202398,0.5330498244076742
no.alt.diskusjoner,0233867a4866c9bd,2,256,0.9949818105823177,0.202508715408331
no.alt.diskusjoner,0e2ba4c49b721369,16,935,0.9907015036459578,0.34985686301948526
no.alt.diskusjoner,0f923eba6cec0925,1,388,0.9992466837365594,0.23866025771751165
no.alt.diskusjoner,1173d5a22de3b042,36,1870,0.9797660015595288,0.31511984906819296
no.alt.diskusjoner,12d92dde3414f281,37,2108,0.9849406017652993,0.24129195156671612
no.alt.diskusjoner,168521096114096e,7,875,0.9979639375601813,0.3391348183856591
no.alt.diskusjoner,19cc3da64dd695a2,4,559,0.9940652461305417,0.4586794195594217
no.alt.diskusjoner,1a59fcc83051eb71,11,338,0.9690987681234291,0.14295507905902777
no.alt.diskusjoner,1da0c5f0bcd98203,396,20192,0.993830382171451,0.11397468840121824
no.alt.diskusjoner,201056b8253c3a85,9,758,0.9893241515621308,0.2064883584238305
no.alt.diskusjoner,2ba7beff8664530d,3,271,0.9936346644523545,0.43817258924879854
no.alt.diskusjoner,2c0adbfcf167cdba,9,1093,0.9857277973272591,0.4498100141660397
no.alt.diskusjoner,31517bc44d740f9d,3,565,0.9881836248399206,0.405538847862816
no.alt.diskusjoner,39ef76eb7d41afbd,11,473,0.9912942195079961,0.2559846508180469
no.alt.diskusjoner,3d8331c270941f66,6,414,0.9800063058247421,0.09178191329570848
no.alt.diskusjoner,46394efda1f0e7d5,262,17285,0.993009771681149,0.3146756625742521
no.alt.diskusjoner,54224e0a676a9190,4,507,0.9936923623253937,0.23904377822274323
no.alt.diskusjoner,5c72adbed3c6fe7d,76,3657,0.9912940409074034,0.20489174573293115
no.alt.diskusjoner,603615305fa30ddb,4,300,0.9824217965743555,0.08202047565923067
no.alt.diskusjoner,62012e16796a2921,2,393,0.9967861936960001,0.07815843136532391
no.alt.diskusjoner,76fd17918aa9f623,12,693,0.9883559159294372,0.4710387525924567
no.alt.diskusjoner,7df55387165ad8ed,7,451,0.9964292216141059,0.22802326890913013
no.alt.diskusjoner,8794d6fc69e21137,5,368,0.965355473875722,0.3930074205943341
no.alt.diskusjoner,88280008470a3e4b,2,332,0.9983258313632106,0.31332331917254147
no.alt.diskusjoner,8863c03236f902e6,8,326,0.9863329637615125,0.33580659563914605
no.alt.diskusjoner,9bd6604c64b84815,53,2439,0.9759216517415912,0.17425829242178692
no.alt.diskusjoner,9ec23a09efbb2c45,51,2463,0.9799253249101731,0.20713962156527962
no.alt.diskusjoner,a6fe713914a48b41,1,386,0.999356689688713,0.4296641227925278
no.alt.diskusjoner,ab5b19b3fdcda2c5,4,352,0.9836705553824237,0.24696418236952747
no.alt.diskusjoner,add1da0d63c8364c,1,630,0.9997254123429107,0.26802725156374474
no.alt.diskusjoner,b1b0ad9f0e95e8d1,15,1417,0.9896688305043331,0.4744257723043114
no.alt.diskusjoner,c312cbe8c62b2956,1,1100,0.9973747070473127,0.39173943337994227
no.alt.diskusjoner,c8aab3db89fd9037,233,19714,0.9951500087987203,0.3285120460017453
no.alt.diskusjoner,cc32458615a14d47,19,1026,0.9845914162419815,0.2122787708661268
no.alt.diskusjoner,d712478ab948bbdd,21,1465,0.9938255330044429,0.1073563635196448
no.alt.diskusjoner,dac3ee921d4a276c,13,765,0.9919713472566095,0.34294226834473385
no.alt.diskusjoner,e7359649e78d0f10,2,293,0.9948720658452727,0.10804244093552397
no.alt.diskusjoner,f0c0962169f9b4eb,16,725,0.9925149890057472,0.22393107346598407
no.alt.diskusjoner,f493899073d155a3,2,509,0.9993937093860841,0.2313988661064777
no.alt.diskusjoner,f6924fe1b04a0521,15,2012,0.9968442860369003,0.17536734490407974
no.alt.diskusjoner,fa86ca22e5849d98,13,739,0.9927066031226458,0.3484325511730084
no.alt.diskusjoner,fd51627707bff434,6,232,0.9895893728005398,0.27668979511331027
no.alt.fan.de-lillos,0d659d15feeff857,13,558,0.9928065395807742,0.3712345499727487
no.alt.fan.de-lillos,0d842ec156447702,3,277,0.9922103459124344,0.3622233324654805
no.alt.fan.de-lillos,10c4075c282f7085,35,2211,0.9777224917214182,0.36440080340673137
no.alt.fan.de-lillos,1367d9eab2eb38b9,5,237,0.9631521860638079,0.3042537452171568
no.alt.fan.de-lillos,22712ac44dc368be,6,313,0.9721392155176305,0.20778734905132126
no.alt.fan.de-lillos,31627a42a634c9a3,3,328,0.9988243825166253,0.3269107866822422
no.alt.fan.de-lillos,3d4b4ebcd05970c2,5,190,0.9567807854624591,0.1781495442036297
no.alt.fan.de-lillos,44ec4cadfe1805b9,1,53,0.9886542372187973,0.31062016179357843
no.alt.fan.de-lillos,4d5b2b5f1b24621c,1,217,0.9982026150903869,0.08548525313340515
no.alt.fan.de-lillos,55b6900f092f751f,2,366,0.9986961961976152,0.3346384336501813
no.alt.fan.de-lillos,57d7ed2d98c16ad3,4,621,0.8238303158392575,0.33276795897688505
no.alt.fan.de-lillos,5f81c50a8be45c32,7,412,0.9796744235065852,0.1677151699917162
no.alt.fan.de-lillos,6c1578b81e9f3bbb,1,72,0.9918465547688519,0.4501026697485055
no.alt.fan.de-lillos,6c73d6fc0c14c667,16,879,0.990805805989786,0.19415936586950377
no.alt.fan.de-lillos,756e80ae6f3e9e74,1,280,0.9893429342984622,0.3338888402744832
no.alt.fan.de-lillos,79e27c803cb85644,7,868,0.9945988304365372,0.528958621415956
no.alt.fan.de-lillos,841ca608c9c0fcd0,2,160,0.9872592049834349,0.1952334360708523
no.alt.fan.de-lillos,866529e1807487a1,1,117,0.9662177287075006,0.23611098454363305
no.alt.fan.de-lillos,8871bef9e926b2a2,14,601,0.9869347158186944,0.15319052595850094
no.alt.fan.de-lillos,92506643b8f915c6,2,300,0.9986435186252639,0.4491511062363853
no.alt.fan.de-lillos,97e08e68d7203e12,27,1495,0.9906008188951874,0.336219674064272
no.alt.fan.de-lillos,9f511c264cb09585,1,106,0.9176857514272655,0.19565914131058432
no.alt.fan.de-lillos,ac42dcd448571c24,3,224,0.9744793111686236,0.48356489768480765
no.alt.fan.de-lillos,acf3336b72b84bbe,2,191,0.9845160434638447,0.1972378130126745
no.alt.fan.de-lillos,b513fe4ccb46386e,5,361,0.9890583821659931,0.4481490376765816
no.alt.fan.de-lillos,c7e4958fbd9e1bfa,8,428,0.9815978898266434,0.14794690055018409
no.alt.fan.de-lillos,c99b2cd30aefa80d,7,764,0.9890102071956277,0.3620037516856571
no.alt.fan.de-lillos,d14d9631eaed5a66,3,127,0.9880787558162407,0.09720371419043938
no.alt.fan.de-lillos,d2e462ed4a2b3300,5,221,0.9860071477453369,0.19580581047347875
no.alt.fan.de-lillos,d3c3a343cdc3e3c8,9,492,0.9918679971336065,0.038417576171035944
no.alt.fan.de-lillos,e0dfbcbae4e1455e,13,878,0.9929807389189048,0.11001847450260172
no.alt.fan.de-lillos,e3f09223c9e53884,15,368,0.9750038074505918,0.1652929510678939
no.alt.fan.de-lillos,ed5323525574dcf0,10,490,0.9895510482684625,0.2655852035045522
no.alt.fan.de-lillos,f0be792ba501c48b,9,456,0.9798720735108772,0.28666502707534186
no.alt.fan.de-lillos,f60033210f8b5671,13,706,0.9783507842499459,0.29359976860065723
no.alt.fan.de-lillos,f7d37261f5b1e495,7,591,0.9882408355757447,0.36608733706967056
no.alt.fan.de-lillos,fd73843d09327150,8,393,0.9782587262847107,0.0845198195358424
no.alt.flame,0102ff71287a59d0,10,715,0.9881209937894219,0.3479153647224671
no.alt.flame,0422f3cfc244aed6,1,826,0.9964644912644863,0.3303572074998558
no.alt.flame,0831d6ad0d301f13,10,687,0.9945782933241661,0.30207755062471514
no.alt.flame,1c80248ab82cf6c7,7,552,0.98136432411604,0.33690136807499704
no.alt.flame,1c86ccc86ec2b9d2,7,545,0.9878975779027086,0.3895597317492661
no.alt.flame,1f4b2aac8ebec55f,6,1017,0.9954786802051413,0.2744798420981631
no.alt.flame,21b6211444ae58a4,16,870,0.9925182514264925,0.2495915898047892
no.alt.flame,2a3f7df5dc22c21c,3,972,0.998862531634574,0.1940626394011523
no.alt.flame,2a74e7669c6246f3,6,264,0.9408654342461356,0.09076454466689873
no.alt.flame,33418359e34cfa1c,2,576,0.9942622359726326,0.33231573868813274
no.alt.flame,360ffeda7b73a74a,7,973,0.9936825500697314,0.516260741450935
no.alt.flame,3cc17928421018bb,1,976,0.9941816519940405,0.6032582661621759
no.alt.flame,518bb4f4d1edec90,1,3098,1.0000000000000002,0.4205757402544591
no.alt.flame,5bd3841e977396a4,11,593,0.9620070535864137,0.3479819947934699
no.alt.flame,5f6de33cc7445608,4,931,0.9973026016858402,0.3934708251941849
no.alt.flame,644343d1bdd87fda,17,1262,0.9754790714349738,0.45567684121024443
no.alt.flame,6f44589c9cea81ba,2,1900,0.9985715068718208,0.3203253109622318
no.alt.flame,6fa80b585e3372a5,8,711,0.9919784120887115,0.4210519311019992
no.alt.flame,75ef926b64a74b3c,3,562,0.9976768059303713,0.4102931839771279
no.alt.flame,76bb5e004ccb9d22,15,945,0.9809866341118851,0.4912855213485713
no.alt.flame,81f877b3b0a76723,1,171,0.991107875622491,0.23912154157410573
no.alt.flame,90d1bd3d31819311,5,874,0.9986557427480715,0.3073414028978532
no.alt.flame,99ef24d7d427a991,1,761,0.9995813710688155,0.2593606019837372
no.alt.flame,a6815f274fd54ef3,8,840,0.9939091047169993,0.32503601742747645
no.alt.flame,af9c43009a4ad879,47,1898,0.9902849465149436,0.2059751427706211
no.alt.flame,b6b95f18b8a85e7d,41,3533,0.9957467198495286,0.3244173643278705
no.alt.flame,c42b4c0b5f38260e,9,769,0.9937922075381803,0.3031664083322026
no.alt.flame,cbcbb5979a94d796,6,186,0.8672903154251074,0.14709594995967523
no.alt.flame,cc0a284fee517f38,11,757,0.9918417161286147,0.37447191902463095
no.alt.flame,cdc82a3229906c96,3,445,0.9939292196757369,0.4566157915743637
no.alt.flame,d0ecab7b72741de4,10,388,0.980969207804869,0.3250700031455855
no.alt.flame,d1d5d522d01a15f6,13,647,0.9698095933467021,0.4836859202034733
no.alt.flame,d332a50376b71eb5,1,837,0.9924496103153894,0.23815924006449957
no.alt.flame,d38eba4577261f4c,2,771,0.9997535286811334,0.3151768212308987
no.alt.flame,da4870131ac6e1ae,3,196,0.9507231611827642,0.1866713532173948
no.alt.flame,dfc32598aa716534,1,835,0.9998731389416814,0.3888544504443391
no.alt.flame,e2138fc2999050fe,3,314,0.9929960710549663,0.3189574694490815
no.alt.flame,e5c5ccf4a9c06582,5,332,0.9835211385362655,0.18546367262654334
no.alt.flame,ea6e2ec66c711ab1,4,342,0.9562450840894109,0.20074607157429747
no.alt.flame,f7313134f5eaae1c,1,788,0.9996573252244271,0.18081457485821387
no.alt.flame,f7d302ae16701e25,1,1117,0.9994605586933524,0.3560433819452678
no.alt.flame,fd127c3d55b596c8,4,831,0.9965928777641287,0.41208123729195073
no.alt.gledesutbrudd,0122f16cdb4cdd77,17,896,0.9787027880501892,0.25369290770673003
no.alt.gledesutbrudd,0bb51634841af5ad,5,438,0.9835943871355676,0.2298151705858657
no.alt.gledesutbrudd,16f9d2656801e42b,11,452,0.97962323544731,0.26630746473836864
no.alt.gledesutbrudd,1d3ca22dc1ee3586,10,387,0.9743967123841718,0.3693896121296902
no.alt.gledesutbrudd,1d9aa90384a64c8a,32,1344,0.9803294058919283,0.5047020177959167
no.alt.gledesutbrudd,20cf368fa9f1355d,2,245,0.9985724475782464,0.2544899192803126
no.alt.gledesutbrudd,27c98115a44fe7ee,17,753,0.9819583371335784,0.31397606517454585
no.alt.gledesutbrudd,304f73bd696eb515,4,230,0.9787602796675593,0.3803281902625152
no.alt.gledesutbrudd,3211c05b077c9bf0,4,214,0.9657197647826449,0.21161839254451795
no.alt.gledesutbrudd,3347bc91fd4056e2,19,762,0.9621222488695339,0.17582822794643924
no.alt.gledesutbrudd,34792e203559ea6a,1,100,0.997359760411861,0.12151788690920241
no.alt.gledesutbrudd,352c1c84245ac6cd,2,225,0.9973588400620159,0.419003792348979
no.alt.gledesutbrudd,3b672ee285a68f5d,8,462,0.9600986130599738,0.2501446284588654
no.alt.gledesutbrudd,3baece45b52c26be,3,225,0.9855651728380926,0.5649049003625847
no.alt.gledesutbrudd,42b2a0c390e1ff71,15,1224,0.9922532981740773,0.18270400138832033
no.alt.gledesutbrudd,4afd7ca44adfd902,6,162,0.9329510928600521,0.27588859403412314
no.alt.gledesutbrudd,4c3207cc40f4521e,3,292,0.9947667394405576,0.4399118222731025
no.alt.gledesutbrudd,4ed0877e68287597,3,186,0.9558388623634734,0.3359799838482871
no.alt.gledesutbrudd,500868304f03b242,7,318,0.9757458847776086,0.15460182073392528
no.alt.gledesutbrudd,58c8d06bd813569d,5,503,0.9284606986795536,0.48583381421107735
no.alt.gledesutbrudd,62e88d45f495b049,5,393,0.9928035390846401,0.37492891362617037
no.alt.gledesutbrudd,67e473182f9240e8,3,361,0.9923813284836435,0.3065956295296259
no.alt.gledesutbrudd,699646cfeeebcc41,1,38,0.9689510694648134,0.12954962784761972
no.alt.gledesutbrudd,699a8959baac89b8,3,256,0.9797670689652557,0.16020379638429474
no.alt.gledesutbrudd,708d7fc8f59835e5,4,252,0.9784260155690341,0.3854851891480556
no.alt.gledesutbrudd,717610354c5c1746,15,458,0.9734160874944072,0.45099064377009257
no.alt.gledesutbrudd,79e43f8714b7bf00,7,386,0.9757738057618583,0.2079040693857304
no.alt.gledesutbrudd,8a96c0ca234839b4,4,284,0.9935664514793877,0.09186157165265613
no.alt.gledesutbrudd,8d0c2d1075a77196,15,508,0.9742445558008949,0.2962832230852739
no.alt.gledesutbrudd,a308cc5686c8623c,2,275,0.9795502779751858,0.36832969717086445
no.alt.gledesutbrudd,b16181f8ead7ea1e,2,847,0.999701329325293,0.2902896960567206
no.alt.gledesutbrudd,b505a786d7df7d7a,9,318,0.9711676893610304,0.19133196323115126
no.alt.gledesutbrudd,b780bebd2103bc42,8,333,0.9727746900104233,0.3764993072120854
no.alt.gledesutbrudd,b7a5d4dd07321fb1,2,254,0.9859037811261973,0.1807294972051388
no.alt.gledesutbrudd,bdf5d012d07d32ac,14,966,0.9680471658123039,0.3573277130568275
no.alt.gledesutbrudd,c0e49b02bc4bba8e,3,213,0.9837009952798711,0.31000382665117693
no.alt.gledesutbrudd,cf947ab4707c4a57,8,239,0.928366953181882,0.23745275115565154
no.alt.gledesutbrudd,e1ca28001062dec4,2,121,0.9807566479625315,0.2260041835188338
no.alt.gledesutbrudd,e43765d03ba110c9,5,302,0.9831295823080619,0.40448231477603264
no.alt.gledesutbrudd,e7276fd2f5388c9a,8,798,0.9904063950339347,0.5719734173978619
no.alt.gledesutbrudd,ef9c8abf3646f2b5,5,139,0.9778948743339183,0.24052480413298816
no.alt.gledesutbrudd,f2ec777cf7a17763,3,215,0.9395575780268601,0.21152392427060895
no.alt.gledesutbrudd,fc63084e2c10c5c5,5,653,0.9962437583618501,0.2683107569412348
no.alt.god.jul,087d224adf143252,3,440,0.9930793577642414,0.344807952062727
no.alt.god.jul,0da8dbafe2acd5dc,17,871,0.9900988061265382,0.36960867346208975
no.alt.god.jul,0f02765e642d6799,3,292,0.9845413190247123,0.3304727185306987
no.alt.god.jul,110ab86ef0364e0c,2,97,0.9843174252014057,0.10088730930499396
no.alt.god.jul,19f1df6e0fa46fcf,3,4058,0.9998848175818014,0.23474044297097668
no.alt.god.jul,1be6068a5fa8511f,7,554,0.9949488132907192,0.2512779669773355
no.alt.god.jul,26679b051c45ef93,1,25,0.9947736575226181,0.07486602670746564
no.alt.god.jul,2d5637eee37377c0,10,738,0.9921249885715527,0.22155256423737796
no.alt.god.jul,36caf2d8682d42a9,10,636,0.9633854085900254,0.34622625240295196
no.alt.god.jul,435744c1656a38af,6,474,0.9794757040619959,0.48576955350451884
no.alt.god.jul,44853256ba8f0298,13,769,0.9829322241290951,0.14438853129500845
no.alt.god.jul,45c6e1d42b8473d0,2,169,0.9729301592245834,0.5240619810717243
no.alt.god.jul,46dc95541fcbc852,3,320,0.9979082474682083,0.287520571823021
no.alt.god.jul,49e07ec485aaf3d3,8,229,0.9566450204623052,0.2651794457189537
no.alt.god.jul,51407be80d0e602f,1,231,0.9785300970864325,0.07673910574132134
no.alt.god.jul,51525208234b9075,30,1600,0.9717795999694159,0.5417487654373943
no.alt.god.jul,5ee7271c07446aa7,5,140,0.984255726241377,0.19056482232235022
no.alt.god.jul,669d00c262aee58c,33,1574,0.9787050482231878,0.20754834979907752
no.alt.god.jul,6999863390e2e2b8,1,3828,0.9998661791883873,0.17698579761090874
no.alt.god.jul,6c07477268990009,2,174,0.9970019108427025,0.14244373296355883
no.alt.god.jul,6c4069b9f6b6f598,2,85,0.9927718408073972,0.20847844932206747
no.alt.god.jul,73d6ce4a2a2400a7,5,348,0.9814900835039488,0.2671944471760386
no.alt.god.jul,8bcede8abe53816b,8,615,0.9835727051445992,0.3979906312007695
no.alt.god.jul,90d266461d2bdf63,3,370,0.9929396235101238,0.4434719289630076
no.alt.god.jul,91cbb304c01c0696,6,575,0.9916414729694778,0.27136610383010606
no.alt.god.jul,94ff7fcbe1ffa539,9,1349,0.9944140022161767,0.4345710775631868
no.alt.god.jul,9616cd74a37015f5,4,127,0.9642962733342443,0.2086988417680474
no.alt.god.jul,9621af0c2407b99d,6,428,0.9664113760831032,0.49214597735023524
no.alt.god.jul,a3c96e58c027aeea,10,526,0.9720022301513731,0.24915966078632765
no.alt.god.jul,a5c94254c22d11ff,14,1054,0.9875981421146134,0.09546400540302544
no.alt.god.jul,a71eb62dd9a44269,2,142,0.9959105967814621,0.28660285283013837
no.alt.god.jul,a86c26b5441b436e,11,617,0.9939335264219071,0.2899917603574188
no.alt.god.jul,abc8210462ee544f,2,68,0.9579660244296794,-0.04215590943435102
no.alt.god.jul,ac942e5bc056a281,6,345,0.9683279631895904,0.4559440518470187
no.alt.god.jul,b56c07d6de49ea3a,1,197,0.998510203885566,0.25928229355987426
no.alt.god.jul,bac89cf4b7d3cf4e,25,1585,0.976271022304359,0.32033461236499516
no.alt.god.jul,c218e207500784ee,3,113,0.9789347599633487,0.15560297853362015
no.alt.god.jul,dd0705b37a9e75f2,15,723,0.9848931623422739,0.3501684770939134
no.alt.god.jul,e0e729cfc13e1822,2,93,0.9742813296219837,0.3046293242072547
no.alt.god.jul,e718b2561694b482,5,232,0.9793869371845894,0.0616495763517647
no.alt.god.jul,fc124bf51b2d62a4,32,1901,0.9826058055615677,0.11225701172686278
no.alt.god.jul,fe49ced036414a01,10,536,0.9792989949684461,0.3039829082240002
no.alt.god.jul,feaec9c0360a1f73,2,382,0.998634219429527,0.23094744264540587
no.alt.irc-treff,00c471ae1e7833c0,4,130,0.9869368479948891,0.12501725116134357
no.alt.irc-treff,0f755b5841364939,25,1350,0.9916882831171783,0.3779299990739188
no.alt.irc-treff,1617f4e8b0b039fb,5,630,0.9927371836388196,0.27789271960842904
no.alt.irc-treff,2244dd244688d80a,4,412,0.9899886336311317,0.25741392363926047
no.alt.irc-treff,24a5823ef714b00c,12,612,0.9941359692075226,0.4423912091999068
no.alt.irc-treff,27c3a8d12ba62d31,4,386,0.9706992684698098,0.11259184067444214
no.alt.irc-treff,2bfaa4d8392944f6,8,652,0.9955126937302113,0.02623078000682017
no.alt.irc-treff,3bb81bcc9e9c75b1,7,595,0.9881163615450375,0.2742698671305259
no.alt.irc-treff,3fc525dc9ff22e29,5,276,0.9862747738289652,0.1212940940576935
no.alt.irc-treff,413e526a3518b94b,6,769,0.9901825953804263,0.3889840934473876
no.alt.irc-treff,4182376b4e5f9a6d,7,428,0.9493117623690985,0.19463393101550408
no.alt.irc-treff,438eb1f2bbaf6e66,2,236,0.9939369386823059,0.29295651458065414
no.alt.irc-treff,4cc29fb33585c157,3,478,0.9863968734746286,0.20452064088306132
no.alt.irc-treff,4d2847352c7bfedb,18,757,0.9910600930570552,0.28984927556941203
no.alt.irc-treff,53b4215bcfbbb1bc,4,253,0.9861149264056839,0.13730371898152735
no.alt.irc-treff,64a8b3634cda249b,25,1229,0.9685056502681836,0.3831656746651547
no.alt.irc-treff,67c99c460a31c20b,3,381,0.9982275588807907,0.15094729319070674
no.alt.irc-treff,6c94549ab76d3ef0,7,408,0.9847721098104166,0.38714459758524983
no.alt.irc-treff,6ca4c42259e8c331,22,940,0.9732378886648642,0.38306977152650334
no.alt.irc-treff,762c0205939a7edd,6,344,0.9905392678428406,0.23722306898388298
no.alt.irc-treff,8b0105467f19c0cf,7,553,0.989403830950055,0.42606065497000095
no.alt.irc-treff,8b5a169d7d35edf0,10,500,0.9480278916871684,0.2531370295840084
no.alt.irc-treff,8efdf3cd64ef2f8b,19,747,0.9890261764945626,0.5097852192670717
no.alt.irc-treff,94c28ac689cc9c3e,2,246,0.9865943704923431,0.39419392597537223
no.alt.irc-treff,94d0a91bff582085,23,919,0.9663768132913124,0.320995454183502
no.alt.irc-treff,96a754f913eb4053,4,295,0.9832576024051097,0.33223621783386925
no.alt.irc-treff,a3f908e170730469,12,704,0.9952836686161086,0.2331611855852871
no.alt.irc-treff,a8875b16573fc877,5,539,0.9939750361344661,0.4951774993243544
no.alt.irc-treff,ab197305005349da,4,490,0.9887875883718537,0.24865955583491275
no.alt.irc-treff,aef81d56fa2720e8,6,726,0.995540418118947,0.2967872197556479
no.alt.irc-treff,b12e861966e0a042,5,480,0.9883991600035824,0.30286025538914635
no.alt.irc-treff,b171107832a28b73,2,223,0.9937648410008555,0.31474694097045264
no.alt.irc-treff,ca7f48ca9e2207e7,11,790,0.9904340792964088,0.1504841217124884
no.alt.irc-treff,cae289678c1ed881,1,614,0.9971695656298247,0.46371951597053673
no.alt.irc-treff,cfd1d4579594c212,7,124,0.9358649961940539,0.3553591785420123
no.alt.irc-treff,d42394f0c60c5a7a,3,353,0.9601869295085705,0.2763334985091502
no.alt.irc-treff,df102b6cc237743c,7,466,0.9890882352256783,0.2773980282636405
no.alt.irc-treff,e5e1424a1392367f,1,763,0.9995861081587966,0.4158974092310021
no.alt.irc-treff,e9ecf6d80d6bda40,4,561,0.9932587361810532,0.4278675113876838
no.alt.irc-treff,ea011b94070eb606,4,357,0.9883828948079947,0.16685135296515674
no.alt.irc-treff,f6b7bf9d05586525,3,427,0.9883481989824465,0.3115181442726655
no.alt.irc-treff,f7552329cf2352dd,3,435,0.9878763822233171,0.14230778100322686
no.alt.katter,084b074e0d5ea61c,3,517,0.981775962505891,0.33439010712144607
no.alt.katter,188d7cc715baba6c,20,1082,0.9754967665386215,0.26506624159880776
no.alt.katter,1fb619c11aa88f1a,12,873,0.9850893125258975,0.1495541811088764
no.alt.katter,2026bf257b44628e,2,214,0.9838469153660957,0.20541106141988613
no.alt.katter,21dd04872a7f3b5c,28,1322,0.9816312464825476,0.44421871019904335
no.alt.katter,225529a548aaf03c,17,799,0.9716961012339392,0.3836988056875588
no.alt.katter,25a6d7c2bbec0bcf,10,506,0.9512005383553028,0.1939211901369873
no.alt.katter,2a67b8c747cdd7dc,7,278,0.9794028146709858,0.025273583351443498
no.alt.katter,2a842819052973a6,19,1212,0.9809392018240932,0.2512107926173555
no.alt.katter,300ee7b14110ebab,2,158,0.9420103682237416,0.08857650209296086
no.alt.katter,40d729e895772967,4,280,0.9956424262897271,0.4324784131316992
no.alt.katter,425316131c8a1ba2,15,788,0.9900732698388366,0.2793160208346966
no.alt.katter,49a98f70157e5468,9,521,0.9840782097884293,0.26732149548858225
no.alt.katter,4fa9a96da646bf77,7,826,0.9787317220524071,0.40419911969429934
no.alt.katter,567b26736f61d9e8,24,1052,0.9813139991600806,0.35989930114471125
no.alt.katter,5fbf391b48da8012,22,889,0.9853687867502647,0.17476549475263398
no.alt.katter,717e11e7877712ee,20,734,0.9802957322111141,0.2754896522970672
no.alt.katter,73cf1bd49c27a62d,7,702,0.9838669978024329,0.23364771989022368
no.alt.katter,78a5357189ef3fdb,5,657,0.9955159692099185,0.13348273371023808
no.alt.katter,8ba411896967a125,9,472,0.9812411921567094,0.1312690550858008
no.alt.katter,8ccf6948d2421066,9,631,0.9940895320208122,0.10064204216929451
no.alt.katter,9302f9e690defcc7,1,144,0.9987685697073669,0.1314922183841203
no.alt.katter,99024f0699e69fba,8,371,0.9909301033721923,0.412740535180306
no.alt.katter,9a46d67f6be35e4b,15,701,0.986872242068014,0.15164477176551433
no.alt.katter,9b13d17ba13038f7,6,261,0.9900847194698368,0.2446781621690515
no.alt.katter,9d026e672a7ca2cc,16,949,0.9915810829144313,0.265604564690627
no.alt.katter,b22fc583e275c1bb,9,704,0.9938193691629136,0.17352688541698985
no.alt.katter,b52e244bfa6c4124,10,653,0.9950027883181847,0.19777421854568478
no.alt.katter,be7713de14a467f9,12,528,0.982958245931165,0.25144737180705706
no.alt.katter,c346c42d2000047f,5,354,0.9922578989210791,0.12234385162854441
no.alt.katter,caa7e925b4711b17,8,616,0.991481304606107,0.26208276089713295
no.alt.katter,cbca43e7c38092aa,38,1469,0.9852956392087255,0.15612685338177126
no.alt.katter,cf1b8e0680fe2044,12,732,0.989307831434484,0.32862396995712867
no.alt.katter,d07440cf93db877f,9,532,0.9895570999653177,0.2670418184935955
no.alt.katter,d720a460636c4707,22,1187,0.9869949837646763,0.16695903127117454
no.alt.katter,de4dfb445b12f3e0,26,1024,0.9860153375826688,0.23882571668318997
no.alt.katter,e60dc81a0ed6a009,25,943,0.9902563642404694,0.1778736128657051
no.alt.katter,e75199bfa08bfd77,7,242,0.960381081494424,0.33773360541062275
no.alt.katter,f2e1deacbbbe7bd1,27,1208,0.9808768814529066,0.16276901019190268
no.alt.katter,f76dd56082973b58,10,468,0.9871763343490099,0.2613032959509667
no.alt.katter,fbd0d2b5a0efb097,3,276,0.9981312511086191,0.15145680404686737
no.alt.katter,ffbd442d7ab0e530,2,338,0.9939346256192821,0.40689617779794773
no.alt.mat,02427d0317be4df7,3,375,0.9884284912342376,0.32782992321335747
no.alt.mat,07b84dad5620eb9d,7,326,0.9780933498585198,0.1940849560842091
no.alt.mat,09aa9c3d11511192,1,255,0.9986597106738191,0.24828356908524885
no.alt.mat,10a16489132d26bb,57,4834,0.9934851358533501,0.26012638822339174
no.alt.mat,17991e55e3745893,10,567,0.9945147737456991,0.1960905780031098
no.alt.mat,1b00718ec7333f4d,12,1135,0.9868398846855733,0.11642506777652431
no.alt.mat,22fb34eda3653582,8,1032,0.9947154354701646,0.39861777028851414
no.alt.mat,258547e8213f5403,28,1009,0.9868145970302443,0.049735773888825455
no.alt.mat,26c31ca59adbf1e4,10,733,0.9963820832751674,0.3280594432852896
no.alt.mat,2e53388c83ca9e18,16,1021,0.9764692435618568,0.23242423002736692
no.alt.mat,31c8f983b1e423eb,7,726,0.9949949498584781,0.37157799776000605
no.alt.mat,36a3c840e3db11a2,7,369,0.9898285122101338,0.18656900147869823
no.alt.mat,3baff65c2c6ec1d8,5,144,0.9739419694262645,0.06138684499083924
no.alt.mat,40b1d4c214df97b0,22,637,0.9463615067668664,0.4567878907417844
no.alt.mat,438e72d86298c983,3,458,0.9868256017671924,0.3959125565145367
no.alt.mat,4bbc636ce850c000,6,136,0.9480737380702504,0.18229658824193534
no.alt.mat,4cf39dac7932ef3e,46,2638,0.9925851355149,0.3099053375844464
no.alt.mat,553577fcb7692324,6,144,0.9405516018777088,0.09936345171534224
no.alt.mat,58cfe8c6f1d31ded,22,798,0.9632116628237211,0.06271056126986396
no.alt.mat,60556761cb0361c5,14,996,0.9892844217804875,0.12561884255838424
no.alt.mat,63e603213e96fbb9,7,319,0.9669066628553059,0.24107052545631383
no.alt.mat,6deaba117fcb0372,12,501,0.95027825542079,0.20882503850229128
no.alt.mat,71c291a98a131e18,23,857,0.9587252219233149,0.3920019800172024
no.alt.mat,76044c410d15a259,10,656,0.9917524309591684,0.30678161030903883
no.alt.mat,789a2137b6cea97b,2,241,0.9791965108029902,0.1069196780357779
no.alt.mat,845a6a3c134ba78b,7,447,0.9561751222523117,0.3120282295531093
no.alt.mat,87c6e193896b447d,8,638,0.9914560743991221,0.3411408671001955
no.alt.mat,99c2d83f7c0da10b,7,756,0.9915383055510794,0.3170300283689102
no.alt.mat,a2c1051a952bcc87,2,6607,0.9993259993348729,0.25426401736919774
no.alt.mat,a8952f179592aaab,10,837,0.9838513548983803,0.20005178400686188
no.alt.mat,aa1a1147c04db98c,12,892,0.989140161404407,0.23340517633911137
no.alt.mat,aaeed5475c3378c6,24,1034,0.9765669646825305,0.3689420136896583
no.alt.mat,b343beb1c2eeddf8,12,1179,0.9957360736831458,0.30449972432717337
no.alt.mat,bd1eeb990c94d1f5,14,690,0.98960824843576,0.2393245581686372
no.alt.mat,c6dba92a024f6294,18,838,0.9725921667247069,0.22433079212023296
no.alt.mat,d24d6f8293ec09c5,8,449,0.9925734221161086,0.37465071437373465
no.alt.mat,d3cf2871f564d50b,1,46,0.9952723141222972,0.11210381834265543
no.alt.mat,d3eeac3f39d6c472,9,709,0.9932023229859737,0.2119895982591291
no.alt.mat,dd364f907c189061,12,702,0.9873351811638821,0.4335279012854168
no.alt.mat,e60896fd3912c29f,1,315,0.9802502152464565,0.2063529477593044
no.alt.mat,e8d8d81a5b8f3408,1,79,0.9866618099550797,0.18727607945270633
no.alt.mat,f837cf4be4e34b84,9,533,0.989231010712063,0.2822109591869181
no.alt.mat.drikke,0006067b68748e68,4,569,0.994974592642619,0.3265973803542683
no.alt.mat.drikke,108d323d8e6b6206,23,2928,0.9344544672347506,0.3154187814204913
no.alt.mat.drikke,18e410b72152699c,7,174,0.9538668517514719,0.18763186973208495
no.alt.mat.drikke,22802c80f9b2fa1e,9,583,0.9920041714933583,0.11730441229079042
no.alt.mat.drikke,2d9272fcc573e891,6,545,0.9974064059205038,0.21182377968082886
no.alt.mat.drikke,377351fe19301ae9,3,217,0.9914176701588914,0.3125714298658307
no.alt.mat.drikke,3c563397847a9544,1,109,0.980542869976293,0.4246663912958012
no.alt.mat.drikke,483e7486d0e8d680,1,99,0.9973933748998338,0.06201523172031248
no.alt.mat.drikke,529f4cac39415bc7,13,654,0.9939389637357449,0.25600013809213484
no.alt.mat.drikke,58eded2408c05bea,8,778,0.9938581159290811,0.15660088322700794
no.alt.mat.drikke,6659553ff75c7574,8,2518,0.9974901631855272,0.10724641549275801
no.alt.mat.drikke,66a9fecf24ad3d23,12,532,0.9843276895029305,0.12437965154930487
no.alt.mat.drikke,67e33d3151c10a1e,7,279,0.9369949648701871,0.5036681322548515
no.alt.mat.drikke,68a1b164e791ea00,10,386,0.9873636791502532,0.31233209017914815
no.alt.mat.drikke,6b46ad7a8de39251,18,851,0.9885236364378226,0.20767476812924487
no.alt.mat.drikke,71ba46a54b607c71,23,1701,0.9873843304677211,0.28429351837566985
no.alt.mat.drikke,76d8d36cd8e8a02b,2,203,0.9962352024555866,0.24770614113831704
no.alt.mat.drikke,7a108c0edc5063d1,11,440,0.9841025998988134,0.1390148927753387
no.alt.mat.drikke,7b50e96d660b6c0e,9,251,0.9789315505214629,0.4154591130723874
no.alt.mat.drikke,7c0b001f6d6fd137,11,626,0.9932358751169423,0.137649040794448
no.alt.mat.drikke,82f4987a71342390,5,323,0.9860491616957126,0.402647530107403
no.alt.mat.drikke,955b77ee937074b7,6,714,0.9981565505599942,0.32775699004078757
no.alt.mat.drikke,987aa0ff5cc77bbc,9,837,0.989789895734082,0.2802650559192624
no.alt.mat.drikke,aab3b92263b5a098,2,249,0.9940052377303203,0.3518503177060141
no.alt.mat.drikke,ada13463f2aa7e14,9,644,0.9696856031516611,0.08294788153016903
no.alt.mat.drikke,af25a4cec7f74987,7,172,0.8291301046605369,0.20707554113384638
no.alt.mat.drikke,b2d28d81912f410d,6,223,0.9930248865154333,0.33027332321235975
no.alt.mat.drikke,b5a5e02ab022eece,8,1094,0.9980707279057994,0.2421758415929985
no.alt.mat.drikke,b93c007b1079a4ac,3,173,0.9858183530589665,0.13859769045555012
no.alt.mat.drikke,be55122ba9dec01d,14,564,0.9874371799021344,0.2672728721069563
no.alt.mat.drikke,c9e953c33c6c91e0,4,139,0.9584603585531778,0.08068866031027833
no.alt.mat.drikke,cce6f98c00b34cb8,4,156,0.97308628236183,0.3430629654695236
no.alt.mat.drikke,d61c7d9a3557199c,19,1977,0.9944433943760864,0.06866674464531594
no.alt.mat.drikke,daa9893db4fdbbc9,4,339,0.9894338250428101,0.46854174172299023
no.alt.mat.drikke,df8bb4ec4d8d8619,2,245,0.9852540420517752,0.33974814024412464
no.alt.mat.drikke,e09e0b6b0f3aa430,4,640,0.9741041544386528,0.21082668410432365
no.alt.mat.drikke,e1af37e2699b0597,3,299,0.9976929583574784,0.3535520701490446
no.alt.mat.drikke,eeb9e733e7fb8827,8,385,0.9628174342276383,0.17891318837167372
no.alt.mat.drikke,f149400165b7fe98,12,556,0.9873910937697263,0.23842702956642575
no.alt.mat.drikke,f3175d8ce4726134,6,454,0.9914654376225784,0.2951569485046973
no.alt.mat.drikke,f4383c50eab3dbb5,8,485,0.9928153248747554,0.2816973076064044
no.alt.mat.drikke,f84a9c163a75db57,7,199,0.8391138095418021,0.2836733405159098
no.alt.pompel-og-pilt,05b081f676f43fca,1,312,0.9995221367359118,0.49205221417650546
no.alt.pompel-og-pilt,09fcf878cfe1236e,17,1259,0.9892379858070066,0.5821935149816971
no.alt.pompel-og-pilt,0edda23f76963032,8,325,0.9551485461327253,0.4048785075325366
no.alt.pompel-og-pilt,133d714a353ba4b1,1,226,0.9963454767486817,0.4169034305769459
no.alt.pompel-og-pilt,149376745c8c6ee1,6,2410,0.9792045696034485,0.3724227740614005
no.alt.pompel-og-pilt,1e6da9f2623d077f,7,483,0.9828995023390643,0.43989372272500527
no.alt.pompel-og-pilt,1f3f26f72307e11b,10,416,0.9654940740735299,0.2881372869152552
no.alt.pompel-og-pilt,2506ccddb4d64c26,1,417,0.9974699640216186,0.41303472660545765
no.alt.pompel-og-pilt,2563d64631ff2f79,13,660,0.967708057866376,0.3550134804464024
no.alt.pompel-og-pilt,2f29b907a9aaa208,5,343,0.9829552645482994,0.43271285119988406
no.alt.pompel-og-pilt,353366f1d7dfbf5e,5,182,0.9724883286423354,0.4097514497313887
no.alt.pompel-og-pilt,3b1f6cbe53055057,1,337,0.9947764662636052,0.17915225497557122
no.alt.pompel-og-pilt,3bcafa173972b2fb,8,296,0.9843277181350079,0.2409474764049806
no.alt.pompel-og-pilt,3c1d1f8b67e8380f,1,973,0.9996128902662533,0.4693916274559463
no.alt.pompel-og-pilt,4566f4007ce990e0,6,411,0.9841181166650713,0.3581822798603915
no.alt.pompel-og-pilt,4e085e563fefaf24,6,301,0.9854165886886217,0.29146497744535305
no.alt.pompel-og-pilt,4e5165081f2695be,2,631,0.9973974621311478,0.29412788112686183
no.alt.pompel-og-pilt,5ef4f3b267446c53,4,153,0.9546179475884495,0.3308041412397585
no.alt.pompel-og-pilt,6220481a4e43e148,4,263,0.9794695620717121,0.3756315325644369
no.alt.pompel-og-pilt,62562b6cfabbf58b,4,2290,1.0,0.5302201527617328
no.alt.pompel-og-pilt,65de5a8ab75a9e91,7,419,0.9908931338151498,0.46131531117025193
no.alt.pompel-og-pilt,686434bd8876f77b,1,739,0.9984511706321334,0.30940182366871544
no.alt.pompel-og-pilt,6a02a28c628f0e82,9,392,0.9748360626266951,0.19751861088972839
no.alt.pompel-og-pilt,77e461bb4f043ddf,1,626,0.9982231015319641,0.3837727143939979
no.alt.pompel-og-pilt,8652b4f477aeab24,3,319,0.9940864368393282,0.2511465414192228
no.alt.pompel-og-pilt,868831efd717ad5e,5,381,0.9897690567771625,0.26615552141672094
no.alt.pompel-og-pilt,91047a8234eaf5b9,8,503,0.9895620466010626,0.6082331305357811
no.alt.pompel-og-pilt,9911968a47a96563,9,251,0.9595290741768842,0.3036849444627624
no.alt.pompel-og-pilt,9ccdb474226bce22,1,542,0.9930282132771076,0.6067028431224234
no.alt.pompel-og-pilt,9fe37347880258f7,16,507,0.9768610904151895,0.38056961170803844
no.alt.pompel-og-pilt,a8b4e72a39c463e3,20,1005,0.9818640633841527,0.3246204671854656
no.alt.pompel-og-pilt,b07579b40dc70022,1,78,0.9955557397859727,0.2444190407007759
no.alt.pompel-og-pilt,b4f53bd5c2903803,8,707,0.9924814886057677,0.362418077898576
no.alt.pompel-og-pilt,bc69d0cd66d5a988,8,918,0.9876980179791653,0.49007992740383793
no.alt.pompel-og-pilt,ce5f002c5a6ea35e,4,133,0.99018051749782,0.2880488881687702
no.alt.pompel-og-pilt,cf84b76868ae6a58,8,687,0.994248124505024,0.34219016762659754
no.alt.pompel-og-pilt,d051bf59b7667692,17,580,0.9753648473854305,0.25062113859752627
no.alt.pompel-og-pilt,d925b62578f0a449,1,259,0.9993741110502394,0.16830132346441443
no.alt.pompel-og-pilt,d9e2df6fb7cf6f73,3,300,0.9929218066804568,0.45258324431223385
no.alt.pompel-og-pilt,de8520f5aad296b6,2,907,0.9966182614824045,0.2959652750441076
no.alt.pompel-og-pilt,f1d483a3b6f2dfac,3,99,0.9703485592014957,0.2391913156437137
no.alt.pompel-og-pilt,fe1f2c24224fa465,2,122,0.9859655176026247,0.2591334781022303
no.alt.radio-tv.irma-1000,0021303bfff657db,20,1042,0.985348504475282,0.4738799622704541
no.alt.radio-tv.irma-1000,009c802fc7b5bccf,1,99,0.9897177488525727,0.29065756755735317
no.alt.radio-tv.irma-1000,02285518f8a85d0b,2,298,0.9934294779313002,0.30018276033747876
no.alt.radio-tv.irma-1000,0305f3850732ed66,6,490,0.9959337416138864,0.37722965708684636
no.alt.radio-tv.irma-1000,0315c396a859227c,4,307,0.996227575231805,0.3325543255632302
no.alt.radio-tv.irma-1000,059b58e955b3348b,6,181,0.9847200619034353,0.27787766158735083
no.alt.radio-tv.irma-1000,08a989bd379c0b7e,2,85,0.9199966892123032,0.03349837140492926
no.alt.radio-tv.irma-1000,120cf38f184e64b6,1,328,0.9980640786097,0.27643886155978786
no.alt.radio-tv.irma-1000,13308159ea0c4a0c,4,296,0.9860566274693296,0.20979949228375436
no.alt.radio-tv.irma-1000,257cd409a957a1ec,1,152,0.9987303953972736,0.32777560666460376
no.alt.radio-tv.irma-1000,26a1f9721a132192,2,57,0.9425433526603809,0.520773487063409
no.alt.radio-tv.irma-1000,362d85732f50c4af,24,978,0.9893195348946829,0.6126085702433504
no.alt.radio-tv.irma-1000,3d8c1d955bf9c2d8,3,220,0.9883532423991338,0.32448797814703856
no.alt.radio-tv.irma-1000,3f2e036d1ebb19bb,8,334,0.97870319163144,0.5071600714526615
no.alt.radio-tv.irma-1000,4350ab76a830abd0,9,724,0.9855459830299171,0.2983056369566089
no.alt.radio-tv.irma-1000,5487a10e74e0e204,16,735,0.9857542264865847,0.4978123035450303
no.alt.radio-tv.irma-1000,72be098b1fa9b713,18,910,0.9848639805447006,0.22114191307293815
no.alt.radio-tv.irma-1000,795a961ac3b8982f,7,265,0.966673729587096,0.2010093088055367
no.alt.radio-tv.irma-1000,8b14ee20e212a8c1,5,213,0.9857794489928883,0.2681110811617871
no.alt.radio-tv.irma-1000,8c506d7cc5b7bc5b,6,132,0.97640585970631,0.3851448047685119
no.alt.radio-tv.irma-1000,94060c21002a03ff,17,805,0.9785801192609741,0.3086679372493685
no.alt.radio-tv.irma-1000,9c1942f829b07e9e,2,488,0.9979123655191988,0.12359337516373396
no.alt.radio-tv.irma-1000,a10a4c730c7185ce,23,965,0.9862964869874191,0.3502847127235292
no.alt.radio-tv.irma-1000,a70d31e18a1ce0e5,10,529,0.9857085912520102,0.38412585446457365
no.alt.radio-tv.irma-1000,acf175c59c835f45,1,242,0.9977974845744071,0.29861887764528644
no.alt.radio-tv.irma-1000,afc55b475e19362f,10,629,0.9910014356736038,0.48639422894067286
no.alt.radio-tv.irma-1000,b33d7caad8281f6d,21,805,0.9897573523555904,0.2535319127096286
no.alt.radio-tv.irma-1000,b5c708287a42f541,15,519,0.9870096672954072,0.25540497980833476
no.alt.radio-tv.irma-1000,c4a35e34dbec27f7,1,85,0.967621869747543,0.13473796076364652
no.alt.radio-tv.irma-1000,c5000d27a9606db2,9,689,0.9692693479774833,0.2798619417695969
no.alt.radio-tv.irma-1000,cab442207eb918f3,4,555,0.9923539337387992,0.3050916649038062
no.alt.radio-tv.irma-1000,d13dd767447deb64,3,242,0.9764812544441114,0.5928293031926025
no.alt.radio-tv.irma-1000,d3192df2ddccfecb,12,1641,0.9924136193758925,0.4179464222215112
no.alt.radio-tv.irma-1000,d42f48a70b34be39,8,539,0.9942747468623997,0.132983455850488
no.alt.radio-tv.irma-1000,d6dd6f900e4b927a,3,126,0.9836408134634267,0.1351799704370529
no.alt.radio-tv.irma-1000,dd81798c856908b0,8,612,0.9880211826894671,0.4312919683833547
no.alt.radio-tv.irma-1000,e04136274e32d8dc,3,300,0.9838556085864851,0.4354507651304231
no.alt.radio-tv.irma-1000,e5d7c04491323dac,27,938,0.9823008879302824,0.4510730661523125
no.alt.radio-tv.irma-1000,e66217116298f2cf,19,1228,0.9927015933255703,0.48075079289116796
no.alt.radio-tv.irma-1000,ed90ba3051997c68,3,336,0.9970497315401544,0.09594219476925853
no.alt.radio-tv.irma-1000,f44c95c8c6b4f04f,4,526,0.992485491772701,0.15019696202794328
no.alt.radio-tv.irma-1000,f706f1100bf016e4,2,82,0.9825352102099616,0.15253638775997636
no.alt.sjokolade,01b7934fcf4e655d,2,221,0.9982028126503721,0.3228503429523166
no.alt.sjokolade,0241d31655ad3daa,8,481,0.9927440194302954,0.46727263611914166
no.alt.sjokolade,0815c4ca3c3722f7,5,809,0.9979209238792363,0.18986325871848517
no.alt.sjokolade,0891aa9e2c327fda,12,902,0.9740422712538153,0.531292560771953
no.alt.sjokolade,1443f4f7273efed4,39,815,0.9698451639930128,0.17985460038898743
no.alt.sjokolade,17203503d31a854a,8,385,0.9866177322598181,0.2606506861307799
no.alt.sjokolade,1d6bb1d4e0fc5aec,14,591,0.9421862650564761,0.28336068390957003
no.alt.sjokolade,20a431a2d8ef466c,7,453,0.9871567654483159,0.5640568632561187
no.alt.sjokolade,2f75dec927bbd20d,8,554,0.9943894565230887,0.20288502095397498
no.alt.sjokolade,32407837236a56bd,5,163,0.9797335160431073,0.08029114169699965
no.alt.sjokolade,39eb710e01204457,3,347,0.9957644518795575,0.18157294422012904
no.alt.sjokolade,434514947f45ef0b,12,645,0.9904489078488952,0.19154534807143844
no.alt.sjokolade,46c987337901c4b9,1,521,0.999131965665983,0.5208292017887329
no.alt.sjokolade,4886e27d269055a5,11,762,0.988423434283796,0.15492677439382815
no.alt.sjokolade,494021e032272aa2,3,147,0.9965816967118518,0.22586421909349524
no.alt.sjokolade,4cb4c4d976b883d1,7,348,0.9834006177633032,0.1685791776818919
no.alt.sjokolade,4d59f2de9ba76805,14,787,0.9873505492650961,0.24723993981663023
no.alt.sjokolade,539791e632708d95,1,150,0.9980234845471495,0.3991611802488304
no.alt.sjokolade,643676e9adf5311e,15,669,0.9917963255262644,0.24633373986618662
no.alt.sjokolade,6e7025a80d084447,18,788,0.9870888205302368,0.10378508080955474
no.alt.sjokolade,71de5aaa52844aa0,41,1794,0.9790592496047035,0.4058171623435587
no.alt.sjokolade,72c2ccc9550da111,2,348,0.9933373903085436,0.32968373941611745
no.alt.sjokolade,7c750de76c18d853,4,134,0.917950068969996,0.27219953596891394
no.alt.sjokolade,7f58db9fb5d1a199,16,671,0.9780279355013515,0.34623237510254823
no.alt.sjokolade,81901235205853fb,4,424,0.9977387504343416,0.28815274369827454
no.alt.sjokolade,8a5c95257dfe6322,7,306,0.9793607604536068,0.15960423982951835
no.alt.sjokolade,95fde9eed902d67d,2,120,0.9735666009417494,0.4062788141709942
no.alt.sjokolade,9630f96e28555c07,5,186,0.9800964633518455,0.2259097129679245
no.alt.sjokolade,99479922954d5c51,6,398,0.9864370088362991,0.18583930464888723
no.alt.sjokolade,9956b9d78a570d09,9,486,0.9904717309544422,0.35966674548830835
no.alt.sjokolade,b1e8577acb2369cc,4,488,0.9936419844559269,0.16767465726240172
no.alt.sjokolade,b23c33106d5c4022,10,484,0.9840716910717283,0.2286597529932669
no.alt.sjokolade,b41778c3af915545,8,364,0.9869511164269812,0.16610976211900672
no.alt.sjokolade,ca1b8020d5bc03f8,7,400,0.9958852581544088,0.22913794565076323
no.alt.sjokolade,cd6835e46a017a86,9,915,0.9920927039776631,0.2930832700791292
no.alt.sjokolade,d5b7234a07e6b6f3,4,329,0.9918546498161647,0.44110078145393394
no.alt.sjokolade,d8634346917ab1b3,2,183,0.996503706912973,0.11311503911380634
no.alt.sjokolade,dcabd7efb0d9d9ee,1,26,0.9440544878656093,0.19481282501229044
no.alt.sjokolade,e3751e65699e30f5,13,855,0.9946192675114482,0.27795424929689727
no.alt.sjokolade,e4731d13ee07d736,43,1704,0.9780270192237852,0.2714982235209505
no.alt.sjokolade,ea8b00522848ed3f,5,617,0.9982547658455984,0.4370148760467244
no.alt.sjokolade,f1d348633eed09b8,17,1043,0.9960797519869087,0.385023305136568
no.alt.tegneserier,06c7541cb16029c8,1,241,0.9929449720532892,0.33217593830540565
no.alt.tegneserier,16dccf894f1ffc50,3,271,0.9873528074502004,0.388631972674235
no.alt.tegneserier,19cd2e445a6996ba,3,235,0.9969265949674851,0.44533614398885923
no.alt.tegneserier,25d27d498eec6a50,7,637,0.9888130384405387,0.47226094258465934
no.alt.tegneserier,295c6830ed4b0215,5,281,0.9881788936882125,0.26049746252098305
no.alt.tegneserier,33bc3864288a8924,1,147,0.9957937117099556,0.34106995490210656
no.alt.tegneserier,39ae0bf57a59c750,9,349,0.9872354517321772,0.2348525511886703
no.alt.tegneserier,3ae38c78f2e9a18a,8,406,0.9780317738851627,0.10762281427679864
no.alt.tegneserier,3f14b24eea38bf4d,13,725,0.9913161148860794,0.46043402036559705
no.alt.tegneserier,3f85cd5b3e29ead7,3,334,0.9977510209765462,0.2709098129114353
no.alt.tegneserier,4475f13fe36550a4,9,230,0.9790469318367926,0.2916737643793156
no.alt.tegneserier,44f83d833e507bc5,9,456,0.987856976974385,0.3988427448023685
no.alt.tegneserier,4be5232599aaf4a3,7,3997,0.9933384901173127,0.4535665696583714
no.alt.tegneserier,50f4c34e33f35bc1,10,4110,0.9941918982041611,0.4702969939143912
no.alt.tegneserier,62a52cd96fc13dcc,2,257,0.9962585882359218,0.1498422323453881
no.alt.tegneserier,6369c1d210f78a72,8,652,0.9893645289222427,0.21179992852267404
no.alt.tegneserier,679316275e91da7c,6,210,0.9727159474689588,0.3040915979855883
no.alt.tegneserier,6a589780a237873e,8,442,0.9938774374953433,0.45077309107804525
no.alt.tegneserier,6f73025f11991add,5,216,0.9908046299506567,0.28345992660502234
no.alt.tegneserier,757e764978a0fba2,37,2641,0.9887454168629245,0.4817543568725567
no.alt.tegneserier,7e975bb9e31141a1,3,219,0.9765147848769955,0.23478796994044002
no.alt.tegneserier,83f0d8ed7efff0e1,8,463,0.9866917189749206,0.11986097740739105
no.alt.tegneserier,8a5d2ed563743576,11,894,0.9948221595397861,0.2575293589128855
no.alt.tegneserier,9194c18836018b90,5,544,0.989740006896124,0.3370525626535613
no.alt.tegneserier,960969be08b96ed3,4,167,0.9887499707422284,0.44765530071902915
no.alt.tegneserier,9934b697d7c1f267,5,531,0.997948420707035,0.14068853031175363
no.alt.tegneserier,9eb711a241940183,1,168,0.9977066261696331,0.20756233876724306
no.alt.tegneserier,a64e565b7f4cc087,4,736,0.9986019998430264,0.4988212749013249
no.alt.tegneserier,a760087c9a401de2,4,1055,0.995570446219617,0.2611460127316572
no.alt.tegneserier,af49b1c2ffc4bfac,8,636,0.9941469895558892,0.290708043993622
no.alt.tegneserier,b2ee036fc073b526,4,682,0.9786719017724189,0.32303610135790295
no.alt.tegneserier,b561edd2b866a6d2,12,448,0.9763794227212671,0.3814052192517773
no.alt.tegneserier,bc525c9450957604,2,164,0.9952623916955803,0.2366215907582337
no.alt.tegneserier,bd62ae1708a5f66f,6,410,0.9920099956031874,0.348580667241074
no.alt.tegneserier,cb76e603743725c2,1,236,0.9911981254454437,0.3635392670249028
no.alt.tegneserier,d5817d73ae1f8cc7,16,1281,0.9937431803344948,0.2537587928761857
no.alt.tegneserier,d7a2ef293a8a5edc,3,288,0.9760761317242246,0.06649222968377252
no.alt.tegneserier,e5086a7b4b708c18,17,964,0.9920257359549931,0.4966332619558586
no.alt.tegneserier,e8512e0e214789e4,4,601,0.9948750013437305,0.21325707068986954
no.alt.tegneserier,e9093ff9f623a6aa,4,279,0.9964256456150505,0.5417682676104699
no.alt.tegneserier,eff954986a6105c9,6,318,0.9865519084737446,0.3005884952046807
no.alt.tegneserier,f1a26af290e329e1,17,2786,0.9964670547771607,0.5321415539336054
no.alt.tegneserier,fdd42eb773370c16,6,391,0.9943310290387612,0.24785825930663505
no.amiga,038a70d8714eb293,6,443,0.9660724643491765,0.41809204186728977
no.amiga,0535a5b6758d7967,5,653,0.9954953644398983,0.393225753889615
no.amiga,072169789c9b3ddf,3,529,0.9963174390042483,0.4884730331060005
no.amiga,11ccb0dfeeda6da6,7,545,0.97347472815492,0.5039559968058565
no.amiga,12aebcc84f8a7bd7,10,733,0.993321930139788,0.5118681612826342
no.amiga,12e5cc56fa279d42,4,254,0.991124011583525,0.47963785187064245
no.amiga,142c5d02c1831a0a,24,1130,0.9791412480690515,0.37554980071996674
no.amiga,1e79d22ac21c151b,6,571,0.9943680702128656,0.27894393694384884
no.amiga,20bc49bc6d2fa11c,2,288,0.996589505714964,0.4122918057610149
no.amiga,22c7e7ed623d20fc,25,1800,0.9859413032964186,0.31722096670483396
no.amiga,2ee8c6f4412b021e,8,822,0.9975464690026732,0.2588892597183898
no.amiga,38997051825f205a,17,594,0.9879854104526534,0.5530373045194876
no.amiga,47d60717b14effdf,7,543,0.9846983193393071,0.1834996854246647
no.amiga,4e03f2a1847472e8,3,450,0.9975232268462694,0.20157640888611536
no.amiga,55c10ad51b534b02,5,626,0.9971831935636547,0.40604065179106014
no.amiga,56571bebeea46415,7,503,0.9945044351698529,0.40931640479685844
no.amiga,58a8fea36a157e76,5,443,0.9752244586106554,0.5228416353045141
no.amiga,5ad24536fa7f1bc0,33,1657,0.9947371942974025,0.41282203972908327
no.amiga,5ccfec87357cfca8,4,356,0.9826646235769064,0.43310619678093426
no.amiga,63fc2e213caade99,32,2118,0.9963211393246895,0.16954427150633092
no.amiga,647e4732bcdd1641,8,639,0.9906743157182443,0.2880122818281312
no.amiga,6902f0417b9f9810,20,2376,0.9957934536304911,0.32441189577133
no.amiga,808a9f8dd384c0c8,9,606,0.9754724095866117,0.4758294218184037
no.amiga,838ddf706f5b694a,9,583,0.9787850682730229,0.3971232942975947
no.amiga,8b130ffd195c2b1a,12,857,0.9887734309697668,0.47058660763653826
no.amiga,8e8627953ac1e9a7,10,708,0.9803638562835498,0.21708310511314496
no.amiga,8fb4fa28b58a98bf,65,3424,0.984202903017919,0.7189250491987059
no.amiga,9d29a3797fcc9867,2,231,0.9963884801867189,0.6221806280237414
no.amiga,9eaa36c3387f9921,11,702,0.9939478410968446,0.49294356950790896
no.amiga,af677f9febc99de0,1,458,0.9989476149819025,0.23890875995076266
no.amiga,b4930eca8aeab6dc,7,530,0.9928049810962375,0.6089300473018877
no.amiga,bd8cf0bcec14540f,9,660,0.9945068087687963,0.6238853528488049
no.amiga,c1076907a4c56fa8,1,411,0.9985285972071853,0.5725043681455433
no.amiga,c7fe725a40d6eda3,4,400,0.9907203876823645,0.5596747069281393
no.amiga,d105033a44555c0d,14,1314,0.9950648790821052,0.449977178563292
no.amiga,d610776c9105a363,11,945,0.9972677648911665,0.3354308235400639
no.amiga,d6442f6358d09411,29,1960,0.9964715902952048,0.4128641995733699
no.amiga,e001d22a5c549b83,13,1030,0.9942097388933009,0.37511462927477895
no.amiga,ec56110a224ded90,5,844,0.995655445701684,0.41130321237422324
no.amiga,ee2a6708951d2395,10,590,0.962826078474207,0.4114786845200449
no.amiga,f1c952d87f7ceaea,7,520,0.9699847981147021,0.4130081951927589
no.amiga,ffb47a14860ec33a,10,473,0.9797851425375161,0.24489614429072853
no.audio,04a82490f947fd01,20,1158,0.9941427311273372,0.2879909187382671
no.audio,06185fe345132da5,1,406,0.9960430155674629,0.42041823349431445
no.audio,08a670be4f98e88b,10,1380,0.9968027782156278,0.4617466589640424
no.audio,11bfb49fa4d822ce,18,1072,0.9716851434319388,0.3192187770394996
no.audio,16676005fd62255b,9,295,0.9852201744592676,0.26818031150689525
no.audio,16d68a69aaee4979,7,475,0.9954085609573478,0.5606181796319172
no.audio,23c7f262a8d0f923,22,1162,0.9876004064396534,0.39569648937956603
no.audio,33223c8a1d43f3bf,5,389,0.9783355627714232,0.3007950154436207
no.audio,34e63c9df836eb0a,5,256,0.9376099690278931,0.48605094274544614
no.audio,390c46ad2367f6ae,58,1909,0.95805079180945,0.25472306160582203
no.audio,3c2bcc5a744944f6,22,1474,0.9869536291282712,0.6644326067479087
no.audio,3ff801b8ecc69899,4,990,0.9964449952500243,0.5052104654000052
no.audio,51d144c8b28b4c71,2,393,0.9989946086801977,0.40632203472521894
no.audio,5d49a81e35a9e22b,5,607,0.9918628668624132,0.3848971666565035
no.audio,5f11fb9cf04a4e01,16,998,0.988309719369168,0.5994003175306853
no.audio,6ac4dbc8a8635ed1,4,144,0.945707715219451,0.30696505244925587
no.audio,6bf5123d3db36e4f,30,2141,0.9890395347473393,0.5021145901817391
no.audio,6d191fff6d427648,5,242,0.8722216084851782,0.2847936542563666
no.audio,6fbdce54a4965771,6,125,0.9075182870678258,0.13129121524322734
no.audio,70fc2604a910dad4,8,740,0.9955435165812814,0.402546928055084
no.audio,7697d900898a05a3,9,799,0.9979567952097663,0.27525545809708896
no.audio,8311b511ca4f80bb,13,1125,0.995640357832274,0.2096363814763638
no.audio,834d80cdaadb176f,61,2677,0.9772694275819372,0.17431811971408898
no.audio,869cee6b9069addc,14,1488,0.9954833604181884,0.2981963175045919
no.audio,886123e28d98353b,16,1104,0.9905566890243185,0.467810672781717
no.audio,8b62c948ef7c0605,7,490,0.9795510697361206,0.3505028288214506
no.audio,8d7f15c41e9c0188,18,1043,0.9869650172443128,0.22973187022578717
no.audio,96b5c0b4eea2cc69,1,70,0.9855382083980703,0.3494628608979664
no.audio,a04a13d06e999959,69,2377,0.9875038545277184,0.376047908446268
no.audio,a14fab31dee3800d,38,2768,0.995387583625973,0.45878289013195894
no.audio,d1056ab5967e461f,16,662,0.9858929145160121,0.1437044388436948
no.audio,d9bccc199a7b37b2,5,222,0.9796030662068872,0.15170105563802957
no.audio,dbc5c736839d04e7,15,487,0.9828490864722024,0.3084666042120257
no.audio,de0ad8f28bc67c09,22,1356,0.9914394654182944,0.3744603947072426
no.audio,de69b201edd16351,42,3317,0.9973854590388885,0.22096459792924011
no.audio,e7bae265f121b205,11,792,0.9858538945425118,0.24690917818611985
no.audio,eb5d8f30a0390f7d,6,752,0.994510719003982,0.48828471651100025
no.audio,ee711df8b3bdb838,9,529,0.9940827137759959,0.18349175977106588
no.audio,f49bfd823f747283,30,1135,0.9482190633407933,0.5254653715330879
no.audio,f69a7c9370f18c8b,3,126,0.9866514995657818,0.2720491504252247
no.audio,f7962e43eac6ea60,3,563,0.9913876277692488,0.34259748209497864
no.audio,f798616ecd470457,60,2978,0.9896877624661868,0.32616417761358674
no.bibsys,002ffb01b621afdf,2,293,0.9971251319346901,0.4080647090087325
no.bibsys,00c0c8f2fd207a2f,13,368,0.9795655732201581,0.35200544566080905
no.bibsys,086745b42e32b92e,4,309,0.9958370739151347,0.3109925861352378
no.bibsys,1463c8fb202ff512,4,467,0.9955174452334572,0.47431096347125873
no.bibsys,19dd751e7b858ef5,9,947,0.9924797142789318,0.49589420084280533
no.bibsys,1ed9e669643fca9f,17,799,0.9877342124758471,0.28819868850731073
no.bibsys,2a7db01688a75f77,12,837,0.9843022393898915,0.5066518884116726
no.bibsys,30d0775d3377669d,10,839,0.9941911695092336,0.5714846894861202
no.bibsys,33a64ea5fcaef2b2,11,551,0.9873489555749546,0.2869817583788103
no.bibsys,33e5db4004db7ff2,2,120,0.9920933547962625,0.4741015815673724
no.bibsys,3a76d9f71a3371f1,5,357,0.9725642877497465,0.3343928912575611
no.bibsys,428699dbbbd1a045,12,443,0.965565362476756,0.31307264171420507
no.bibsys,4a74485407a1f8ef,2,138,0.963056653304613,0.1331827789236441
no.bibsys,4b179e140fc7a286,8,747,0.9701564656840768,0.17271089516458235
no.bibsys,5b58c4fb2396027a,11,661,0.9931352394769043,0.494109634114411
no.bibsys,5e7cbcff5690b74e,11,1032,0.9911004434652236,0.23326579425429136
no.bibsys,78821350ea0e675c,21,1493,0.9951279199099744,0.30457420249330197
no.bibsys,83b0966f7e0ac401,22,1203,0.9931687919963429,0.23431806478843886
no.bibsys,86145b849de0e42f,1,323,0.9980051263773847,0.28526538043999644
no.bibsys,88a72421c51d66c3,12,688,0.9801816922507239,0.4936236021456607
no.bibsys,8c35b0fc0a5c137a,25,1316,0.9924818427483313,0.3841221344587396
no.bibsys,8eaa5b068c8ed697,17,1157,0.9800191150703659,0.20191932602277685
no.bibsys,9043a5f79c58e123,19,1064,0.9848791091740262,0.5328782169382345
no.bibsys,94ffded7c15ccbda,36,1724,0.9762601274200967,0.5880127106417388
no.bibsys,a099073479a43ab0,14,795,0.9899592934207608,0.6207419599857295
no.bibsys,a11f94639642cd8a,11,732,0.9937490862920514,0.24561240368280063
no.bibsys,a2afccff7db9d8c9,18,1221,0.9901228464413642,0.5589662349057065
no.bibsys,a89c169571d3c686,5,591,0.995039453951904,0.40233164349584855
no.bibsys,abe5c74f21749049,15,2099,0.9823457636398956,0.5860116629524758
no.bibsys,b80a5540542b237f,8,695,0.9902349897977977,0.20969137400588106
no.bibsys,bd5c7625d6087e49,5,326,0.9934690878486975,0.10567919129560667
no.bibsys,c2496e154120e3d5,4,248,0.9544725624198047,0.47650719158456295
no.bibsys,cb70b1bc5028abaf,9,901,0.9589865372608131,0.2171883552097843
no.bibsys,ce6a65b1fbb43df7,5,465,0.9954555675710838,0.3885251563128743
no.bibsys,d0141756deb29232,11,664,0.9914309943591199,0.403219147913356
no.bibsys,db7f4373bb772c90,17,1253,0.9875712187539113,0.3206076003514152
no.bibsys,dce1d34c766c6147,3,215,0.9784515689126709,0.3609769157204481
no.bibsys,e4b6a17e34815686,27,1418,0.9917340044323065,0.2701974395456168
no.bibsys,e4fd9dae03960a0c,2,177,0.9965316263733591,0.261985903734778
no.bibsys,f0db08ce7498f655,15,933,0.990656197299779,0.26562821690694866
no.bibsys,f3bc598d742b878a,7,434,0.9586270573775403,0.23882539306587075
no.bibsys,fefcd3b7a20d2cac,23,683,0.9809753456737635,0.21902055903635045
no.bil,0205446aff7b5778,4,536,0.9977817639996523,0.19977280061309652
no.bil,077fac7cc54c9add,3,149,0.9889913281081782,0.22961965189172973
no.bil,0a21217dc29f99cf,10,697,0.9790479810270217,0.2696957478559
no.bil,0be291e17b239bd0,16,860,0.9914285221990699,0.388778265707795
no.bil,0f68fc4617617b0f,11,1271,0.9953488566033225,0.42379658343033266
no.bil,100164b56694a832,6,258,0.9690092195527792,0.3252760859767756
no.bil,12eb0bfca7c2f515,20,1194,0.9926443358834307,0.1467942279036067
no.bil,2805ff6db04625e4,15,928,0.9809414897257647,0.3551538074012294
no.bil,28997d1116baa82b,8,1748,0.9959506875485872,0.31915965501959004
no.bil,2bff1fdf68c2194d,20,886,0.9893734113111439,0.2360033880682477
no.bil,2ce5c6990df2ac0e,11,381,0.9777299035467187,0.2811040008386616
no.bil,2da67fef5a7e1511,2,130,0.983173736930982,0.4271968804870147
no.bil,3a38b094bf849545,20,981,0.9859806378142394,0.2838680910710498
no.bil,47182b40bab9dd3f,136,4664,0.9782490958386633,0.256726566228373
no.bil,4ca721165b29c0f4,3,157,0.9373979969717015,0.36095736771059167
no.bil,4ccf080d96c14d42,3,361,0.9983344855831413,0.1539602719889576
no.bil,50cea29d2683b3e8,4,341,0.9863718414302751,0.2850833785490378
no.bil,5b952da6d7b8a944,2,110,0.989169508824742,0.2298770923535366
no.bil,5f80752331daa9ce,24,1072,0.9846149706038466,0.20461107591930897
no.bil,6a78093d843c5d77,2,705,0.9992282321338157,0.22407849392260473
no.bil,6dbc6d5d93c9a607,4,875,0.9921209227358566,0.39275234546628934
no.bil,7686bb64717f2caa,7,338,0.9946941660117318,0.4635787888421256
no.bil,77dc01c7605efaae,13,896,0.9939235250850207,0.3463094803133527
no.bil,975a83792b83e9e0,3,380,0.9849464072120535,0.3301666285316315
no.bil,a883169cae3763df,10,224,0.9182146288175735,0.2617554827948517
no.bil,aef0b965c161369e,15,1261,0.9907397559369517,0.31037407859258037
no.bil,b25249731aedb7e6,10,527,0.9847946425415546,0.43147690169929026
no.bil,b7200498c24f12e1,9,378,0.9825833452258046,0.16215773134035072
no.bil,b8a0f1e49810740b,9,658,0.9936886179241468,0.21899125845273115
no.bil,bb051395107b3d62,10,787,0.9928063238936506,0.524291618570248
no.bil,bc882dff6a8248d1,1,392,0.9994186858858729,0.19600359998667785
no.bil,c0df97faef003517,1,316,0.9992851254723426,0.27841076838595585
no.bil,c2609f4b76734a41,18,826,0.9896930895500631,0.052185877726775014
no.bil,c45a0095e56032a0,2,252,0.9972651271293086,0.20027510101959647
no.bil,c7ed9630e6d9e929,9,400,0.9858867052845602,0.4679675016941204
no.bil,cb052dcbc012f8d6,2,82,0.9791628063882247,0.07974654311953375
no.bil,d1b057b3f600a4aa,30,1200,0.9835530160781324,0.29052797568875316
no.bil,d45c4ae423016261,6,286,0.9552873804730782,0.1510608785460238
no.bil,dda01a040190e725,5,422,0.9860505692844921,0.3254860414325373
no.bil,e401394a6d02df09,18,1024,0.9900366331895903,0.3595239224938613
no.bil,eeac9994cd5228e0,8,632,0.9767309693195391,0.3696323151324851
no.bil,f5e87897c930a8e7,18,884,0.9891332677959027,0.26710820377556826
no.bil,faa52af8463ead86,5,466,0.9956934715057693,0.07967472339555166
no.biz.annonser,0095b24126da1baf,11,1193,0.991340978897366,0.5704618661111469
no.biz.annonser,05abdf82489659b0,3,127,0.9951604799428284,0.08112241004062276
no.biz.annonser,0c92640f40b9b6ba,1,97,0.997055295432711,0.408014275134645
no.biz.annonser,1281f4ada9b4e51e,5,381,0.9972772055781641,0.45625671082778363
no.biz.annonser,2f734f8e8116ed39,83,8534,0.9928574823481862,0.24655545823910544
no.biz.annonser,2f76695a7c092293,7,3524,0.9930680759207621,0.2959940451161349
no.biz.annonser,4730503a702bc791,28,1642,0.989799837088288,0.4693957517286341
no.biz.annonser,51e0d5602add998e,4,436,0.9870763888502158,0.40256963547658936
no.biz.annonser,51e844b184fddc77,5,499,0.9939046027090827,0.1528392417939487
no.biz.annonser,538568139d3b4ebd,1,294,0.9986912390802543,0.18179888689740584
no.biz.annonser,53aad867d8f818b9,10,392,0.9636938480096882,0.38715380121275067
no.biz.annonser,56882e1485d11fc0,2,225,0.97434215437792,0.33004302837551697
no.biz.annonser,5a30a4cd25dcc1b9,2,118,0.9916713987440743,0.40026776508237316
no.biz.annonser,5ab53185961501b3,7,3463,0.9923583562986007,0.19039615475023075
no.biz.annonser,5c12b6690e96b9e3,7,277,0.9621812156495805,0.2873722741622706
no.biz.annonser,5dee89f10868fc25,10,224,0.959443124027078,0.2915247301975077
no.biz.annonser,668541e0bc45bf7b,7,715,0.9963151334501846,0.1978142652866537
no.biz.annonser,6dc1f26bd516d8a0,2,504,0.9970008725322358,0.45386297865927955
no.biz.annonser,6e29e30a32c64574,2,259,0.9913013517563644,0.3422693759807242
no.biz.annonser,71122b0fbdd8b597,2,247,0.9951147332364577,0.4905943131841987
no.biz.annonser,77f1fd8fc29e56bc,2,186,0.9898467046172231,0.2468395206931111
no.biz.annonser,7f1f87d738cb71ba,2,200,0.9839694654043211,0.2060135668058444
no.biz.annonser,83091c8db28fbefd,20,966,0.9923839957556161,0.09925474747280749
no.biz.annonser,86189a153484b380,12,1370,0.9964503119707959,0.311860610323516
no.biz.annonser,946f39bf362ce484,6,332,0.9935351518188223,0.2791849387955356
no.biz.annonser,9be9ec295f0b71d4,13,1234,0.9954353819679228,0.24342736009029464
no.biz.annonser,a6c94267162a9eca,13,603,0.9909970006897423,0.26747515904421204
no.biz.annonser,ab5bc89b712bd206,2,126,0.9969161246118421,0.17587207916776829
no.biz.annonser,b2f094a59d4ba858,2,448,0.9987754768961813,0.5071341403952242
no.biz.annonser,bc3c268cc936f1b9,27,1212,0.9899855429088211,0.32307836511296983
no.biz.annonser,c338d6fb82643db0,1,579,0.999636223393024,0.4933617503990957
no.biz.annonser,cb3d4496672cba08,6,504,0.9967191381763147,0.26075258058670003
no.biz.annonser,cd32d04176e098b8,1,652,0.9958089221734612,0.47519946385128325
no.biz.annonser,d37ec79dc4b68de4,6,760,0.9944589703798495,0.5919388560643727
no.biz.annonser,da6daa0203630c81,3,785,0.9977001915753406,0.552624252030834
no.biz.annonser,da9aef0a7b01de13,17,1319,0.9944792825708418,0.2051507233025998
no.biz.annonser,db6c086590248dc5,8,481,0.9850372539620905,0.2615831534140931
no.biz.annonser,e72651fad73908cd,2,35,0.9060806514361432,0.19866887780875736
no.biz.annonser,f1d958dbcffd3ccf,3,109,0.9865833372132341,0.23757155351130838
no.biz.annonser,f5e28c49b37cb41c,11,3760,0.9983822219110269,0.26755618189343855
no.biz.annonser,f79f27cb088c4538,12,2258,0.9992515944113352,0.023886445505389212
no.biz.annonser,fcdc79f18f2600d9,26,1549,0.989416371490462,0.12804092050157823
no.biz.annonser,fdabd742f9f2dcfb,1,300,0.9979749111162292,0.1865150203442041
no.biz.annonser.data,12dc36fed4f2f901,3,65,0.9854700517981785,0.148282720804579
no.biz.annonser.data,19014be233877322,10,588,0.9905320591850885,0.2147907671763018
no.biz.annonser.data,1e065a62e1da55a0,8,349,0.8942278252404359,0.11852984289473306
no.biz.annonser.data,250204164c02cdb2,1,86,0.9949212945069468,0.573745198430394
no.biz.annonser.data,355ba23ed6090526,1,156,0.994564636275908,0.334234560878271
no.biz.annonser.data,446095bbaabb7f58,8,349,0.8942278252404359,0.30782712832181686
no.biz.annonser.data,4abc943012f62e28,3,107,0.970357692492164,0.3029390147054272
no.biz.annonser.data,4adc20b04cc0b62d,4,670,0.9948013072562114,0.2527051008069112
no.biz.annonser.data,4b0c4ff8fd8f7b21,2,164,0.9946054173009213,0.257387334436529
no.biz.annonser.data,4e425da8a41426e7,5,535,0.9945223135914968,0.22400541758456496
no.biz.annonser.data,57ccfe0ca014677b,17,1822,0.9953848260252475,0.41085153983821776
no.biz.annonser.data,5e31cc4e9297dda7,12,709,0.9948926107431715,0.1881422403274018
no.biz.annonser.data,5e681b6cc092487c,10,568,0.9909256051217433,0.15985940269028345
no.biz.annonser.data,60dcc6ae02dd1e94,7,264,0.9863044336400252,0.09395071787149836
no.biz.annonser.data,68574c98b9424242,1,109,0.9983079151020283,0.32306070896337896
no.biz.annonser.data,6dd8fa53b6fffc4c,1,137,0.9866822092152554,0.3132109946935493
no.biz.annonser.data,7302b2b2b9b27668,6,424,0.9934267733537204,0.29848549291858983
no.biz.annonser.data,7ab583d3c6cefb2f,5,508,0.9970582761866237,0.4402563141324445
no.biz.annonser.data,918b3da77d115b61,1,241,0.9985424679138203,0.11745785338032648
no.biz.annonser.data,94b340f991f779f4,10,530,0.9877817869524865,0.35168660038832705
no.biz.annonser.data,94d4caa8a96e012c,20,1268,0.9864512761996422,0.23270643894854445
no.biz.annonser.data,9c27931fc645e6f5,6,566,0.994495938756906,0.4600581236794509
no.biz.annonser.data,9c7c135b7b52f74c,6,273,0.9454764673574052,0.2807808868560157
no.biz.annonser.data,9e96470ac4723a6d,3,98,0.9807945180948291,0.35564618226740446
no.biz.annonser.data,ab8697ee8d1866e0,12,720,0.9934049556319221,0.14514390350723497
no.biz.annonser.data,ace0eb4844cf6b78,3,120,0.9882787402729761,0.26459136790238574
no.biz.annonser.data,b0f9bb3f78173d7f,2,204,0.9881192552888372,0.26132500509194534
no.biz.annonser.data,bb378d55582eb245,4,211,0.9679264180185496,0.30663599256729823
no.biz.annonser.data,bccbc297ab52ff53,24,1025,0.9523118546233279,0.36942825490617975
no.biz.annonser.data,c1afa45cc360d1db,24,1141,0.9912064443607924,0.6394299605382093
no.biz.annonser.data,c2726d83317f78ea,1,265,0.997359134136879,0.23663534048951823
no.biz.annonser.data,c58a18481307b108,5,670,0.9981530983177334,0.3086157037223718
no.biz.annonser.data,d0c31695507533ad,4,401,0.9928293214934086,0.28915660608778543
no.biz.annonser.data,d0de89e9c0088d68,6,634,0.9895138848421015,0.6173381429251246
no.biz.annonser.data,d6dc24b90d966052,4,1232,0.9983339211551818,0.5665379214845819
no.biz.annonser.data,de341c13d577df9b,7,552,0.970534389560852,0.13752392405593092
no.biz.annonser.data,ef44476c9c4b6b45,1,77,0.9963348309950694,0.21069322865809773
no.biz.annonser.data,ef938368612c6790,1,491,0.9958289086204899,0.4135344922291519
no.biz.annonser.data,f11c8579ef558fc4,4,102,0.9836345744945252,0.2636332924585902
no.biz.annonser.data,f1fa0440c63fa674,1,137,0.9976911519288183,0.2641596547516011
no.biz.annonser.data,f4dfde5c43b3cbe3,16,1735,0.993659078882768,0.7055953155961816
no.biz.annonser.data,f8a36542c3eaf3f2,1,92,0.994278168525737,0.2585197536649281
no.biz.diskusjoner,03f83e984a3fd127,15,444,0.9571175473891531,0.29261240371021224
no.biz.diskusjoner,08090613607dae70,21,1204,0.9920981727723548,0.44506963965963947
no.biz.diskusjoner,08fb6717f4027b68,10,767,0.9930548450316651,0.3874474848685421
no.biz.diskusjoner,0dcd6c8441f265d9,4,120,0.9863363943966219,0.2097196095700708
no.biz.diskusjoner,142c8e83f9f61c5a,7,636,0.9902356627678074,0.7187551064810684
no.biz.diskusjoner,20d1a104f3eb63d6,20,1488,0.9897949548523316,0.36809484480484717
no.biz.diskusjoner,2a61ee6957ed4412,5,408,0.9951176315673086,0.4658620829463061
no.biz.diskusjoner,2e3ac1627a33d068,2,108,0.9537722316566022,0.20808422329824736
no.biz.diskusjoner,320c5da1b810c5d2,9,671,0.996010039239201,0.2876059237697358
no.biz.diskusjoner,35c215f92af2f47a,34,2085,0.9849660453140637,0.2518254973719117
no.biz.diskusjoner,3ab02b2b919266e6,24,1233,0.9769850129770049,0.47816262481155725
no.biz.diskusjoner,4e3d5e05a035e2f4,8,561,0.9974992578481674,0.612057430822229
no.biz.diskusjoner,51478f8b5d16ded2,9,656,0.9928734139961715,0.35627790790184927
no.biz.diskusjoner,5604b791873cfdbd,15,847,0.9901120919499182,0.5137497547754695
no.biz.diskusjoner,5c76cf063a69f1d2,53,3397,0.9775494295495141,0.16022417860647253
no.biz.diskusjoner,5e7de68cd9f7cf1b,1,1096,0.9999999999999998,0.3082860803565951
no.biz.diskusjoner,702fe831b2597d27,7,239,0.9833583412610774,0.2355264342118354
no.biz.diskusjoner,761c8a8995b3c2fe,3,185,0.981520208182902,0.32466376741928804
no.biz.diskusjoner,7fcc145252c4ac72,4,663,0.9988987058353079,0.23183485717500535
no.biz.diskusjoner,8d3ba399ab8882f9,40,2163,0.9895716737316321,0.5338740965720462
no.biz.diskusjoner,9bcddfda4eaf5d3b,1,643,0.9997000831800605,0.27123825468732465
no.biz.diskusjoner,a03b174c3ca3e09e,32,1711,0.9803846148111116,0.21719202891385858
no.biz.diskusjoner,a052d32e544b9058,10,464,0.9765421731473223,0.6300927236089583
no.biz.diskusjoner,a060aa1b85b9e4b7,21,1121,0.9890056113092338,0.4149992792612554
no.biz.diskusjoner,a0d4870fcd75be6b,12,750,0.9893428970305067,0.41306237604544516
no.biz.diskusjoner,a88e650a8d914a08,1,134,0.9969566215283681,0.19234066651998086
no.biz.diskusjoner,a9880915c11061e0,2,188,0.9961831121960754,0.38211905680440206
no.biz.diskusjoner,ac1bc303ec84a447,9,675,0.9957856290366829,0.12961257562680503
no.biz.diskusjoner,b0c206cc2b1a515b,2,124,0.9651421871428554,0.3181028926667183
no.biz.diskusjoner,b36be605522d5a3d,4,663,0.9980417583046801,0.38509504514524495
no.biz.diskusjoner,b8f74377bf89646a,5,543,0.9975919540008023,0.20531433115022832
no.biz.diskusjoner,bcac8387eadc2f43,2,684,0.9980233692322319,0.1940071019609495
no.biz.diskusjoner,c6c0a34053107b0b,2,407,0.9891051619827523,0.413219225002888
no.biz.diskusjoner,d833ebca80a93239,2,417,0.9984219062677979,0.2199402065126725
no.biz.diskusjoner,d96638854e0197a6,8,1326,0.9931742252219244,0.33027701881971566
no.biz.diskusjoner,dbc241ff914d41e4,3,411,0.9941600358642299,0.31383908933095794
no.biz.diskusjoner,dc4ba27ec46f46a2,1,2775,0.9998422103773997,0.31868108992463384
no.biz.diskusjoner,deef9bb25fcf3a9b,9,1541,0.9928505839783192,0.4837070865159267
no.biz.diskusjoner,def12ac7f6d2bab4,14,678,0.9933540134370971,0.49742479643560855
no.biz.diskusjoner,df66057377ad1ff0,1,232,0.9995585031733469,0.20809295178957476
no.biz.diskusjoner,e2fe2fb2a097eb95,4,537,0.9845628300848142,0.4847700622505637
no.biz.diskusjoner,fa421d719968b493,23,1337,0.9900098581237173,0.2392310790169588
no.biz.diskusjoner,fd68a52a55d5336d,15,1039,0.9844729202911985,0.19636751677315878
no.biz.nettilbydere,009496afecbdcfd1,16,1038,0.9919900013121169,0.4172409709232082
no.biz.nettilbydere,023b6d73e19acfe0,11,806,0.991785533932465,0.40510711390823434
no.biz.nettilbydere,04532648fe967f64,5,274,0.9932611867841413,0.35202471952987335
no.biz.nettilbydere,08e84881dccb9b41,15,752,0.9802491149712149,0.15674548469166902
no.biz.nettilbydere,13d781a7da564d19,4,696,0.9987315352432988,0.44383582943156
no.biz.nettilbydere,15ba257be70208c9,11,697,0.9899121376234421,0.2295721890660882
no.biz.nettilbydere,2ab735c0a1e99068,8,407,0.991144218520521,0.3358977805249328
no.biz.nettilbydere,2fdf2a97a4e79f0e,8,515,0.9755558425932584,0.41488975478108225
no.biz.nettilbydere,3493aaa4de07faf6,5,329,0.9823379320303575,0.4904807246104092
no.biz.nettilbydere,3818cace4bed9275,7,600,0.995558454990007,0.29050584256942075
no.biz.nettilbydere,38d1f9aad8f2f978,21,1127,0.9887668872243718,0.42535452565825815
no.biz.nettilbydere,392dab3b2bc2df8d,9,595,0.9929773743934956,0.3500880796268328
no.biz.nettilbydere,44e63e798031845c,17,1114,0.9945540779999997,0.38367678023529783
no.biz.nettilbydere,5848fd4cdb0c0fa5,7,433,0.9535443883477865,0.5047968364153108
no.biz.nettilbydere,5bd39ffdbea0ae5f,11,511,0.9925822727696051,0.418311606564037
no.biz.nettilbydere,62bce643545125fd,3,333,0.9967791457283485,0.532219408597648
no.biz.nettilbydere,6ae501e1bc1f70ef,26,1349,0.9955320561451094,0.26489198958079574
no.biz.nettilbydere,6b93520f0e0c2844,8,391,0.9852961655790109,0.33579171133220237
no.biz.nettilbydere,6d0f896050ef349f,6,586,0.9919783165777131,0.6918237796424117
no.biz.nettilbydere,741536d50c742655,4,631,0.9970916831681992,0.33078247198051547
no.biz.nettilbydere,7b56269fe855131f,2,411,0.9992532162449336,0.5491779262737816
no.biz.nettilbydere,81f0de54901bcebf,5,801,0.9987509408907271,0.3205629515232656
no.biz.nettilbydere,8811b8048cb21a49,17,1018,0.9886385035776011,0.1961345026307098
no.biz.nettilbydere,9501f8340f2690ec,5,534,0.9942148360044043,0.10708874140264459
no.biz.nettilbydere,9f6cd59d966309dd,30,1318,0.9891399942272632,0.6355237118074211
no.biz.nettilbydere,a02d6a5c6605532d,2,111,0.9438729984909123,0.19348139578393378
no.biz.nettilbydere,a76489615946ec84,11,636,0.9641426281845521,0.636772311863486
no.biz.nettilbydere,a94c46699cf9e911,4,963,0.9988464099811645,0.15121415858284284
no.biz.nettilbydere,ac6ef799f17404d3,7,588,0.9923533252608396,0.38218531779297743
no.biz.nettilbydere,adb998280c6b4128,50,2042,0.9826822245549932,0.5806350142801143
no.biz.nettilbydere,adcca6fba65a5a2b,3,230,0.9952130512625333,0.33773210935451803
no.biz.nettilbydere,ba943d064d957907,7,274,0.9807284023611502,0.10589079526847897
no.biz.nettilbydere,c16dad3226877e20,25,1589,0.9941359734081423,0.3525604682551217
no.biz.nettilbydere,c7c60d4837be0bfb,7,475,0.995397343811464,0.134943131840866
no.biz.nettilbydere,dd37d408579c99c0,18,1088,0.9966049636365815,0.47337652848206985
no.biz.nettilbydere,de9fbb249beea96a,10,449,0.9861146992884072,0.3969459172431366
no.biz.nettilbydere,e27799f423b2fad4,5,749,0.9895638761551312,0.41513755196371405
no.biz.nettilbydere,e7989670e36ea790,23,1530,0.9952039798458504,0.41296821878338635
no.biz.nettilbydere,f2e251e74a7c985a,15,956,0.9856355317284283,0.11600807033673136
no.biz.nettilbydere,f334a9f3a9765b88,8,354,0.9800243109575909,0.4942259931677842
no.biz.nettilbydere,fa7fee6c95a9d483,4,324,0.9876605512842067,0.42181444406641977
no.biz.nettilbydere,fbe889517671f9cd,7,430,0.9837626131655292,0.14833169060612922
no.bolig,0148931b13e964f0,12,432,0.9812220634493457,0.23489073026814591
no.bolig,08c592ae09ade08f,3,105,0.9891539388325937,0.2167180265155671
no.bolig,0efb0add37ebea73,9,636,0.9956264908661979,0.17018748635018527
no.bolig,12fdbccaf6d53b42,4,267,0.9853024360543312,0.17906616788052937
no.bolig,1e2b76fb4f499d02,88,3281,0.9784787790649045,0.2649275184738767
no.bolig,1e6eb625d6b0ac1c,2,226,0.9891619191042582,0.19584695483668557
no.bolig,2400705cfb34e3d1,3,384,0.9943935599752287,0.2783752698064533
no.bolig,2efd1a411914653d,6,262,0.9934626210677353,0.2582878288299087
no.bolig,309826978d71c487,3,117,0.9664065588344487,0.29876025752236407
no.bolig,3374c73500b00630,10,722,0.9891290348522083,0.2785194263625352
no.bolig,3375b1858dbd2c88,2,171,0.9979959264931532,0.08706522232018063
no.bolig,352be3cae543b04f,24,819,0.9651988755008711,0.2337037055283968
no.bolig,416575a13a0b4336,10,434,0.9401559994833392,0.3199819927983235
no.bolig,430c8e40940ec3ee,3,124,0.9322338483911008,0.11487727377788727
no.bolig,43a1273fbce3780d,1,180,0.9988606161104933,0.215870361375464
no.bolig,4a37ccf41dba8788,16,811,0.9932023663693331,0.2750398417503249
no.bolig,4b546ca87b2c33b9,21,1299,0.9858665143726351,0.1626183621908837
no.bolig,556f45218730f8f3,1,61,0.9686950684538213,0.0728632963560957
no.bolig,566df8e75b19b6a5,32,804,0.9479501004356798,0.15407687313522705
no.bolig,5b2548fef4aa2ad8,9,241,0.9222043320996169,0.20528856496010903
no.bolig,654292201fe3e902,5,250,0.928215684574488,0.2626048691137658
no.bolig,6ac5cb31da8d33a8,18,670,0.9871960891838294,0.2642420127714587
no.bolig,6bce46dab258dd7f,4,109,0.939985370035999,0.0036756171586670274
no.bolig,6f9369e86c1b43a4,28,1142,0.9756293218392127,0.4006925546505353
no.bolig,74be57cd131cd227,4,1797,0.9994559633794531,0.5053813969893356
no.bolig,75e1d1249126acc5,7,295,0.9828368530477266,0.33628935140693816
no.bolig,8b9fed43e9a92b26,38,1746,0.9853249095303434,0.5068931509994923
no.bolig,96162238c3bb1eb9,7,290,0.9853574363087463,0.3367048274098064
no.bolig,980fc066e876a0f5,2,284,0.9839785149517261,0.40520743525161396
no.bolig,9dfe25f3bf8120db,39,1599,0.9816982637748238,0.3553979342476891
no.bolig,9e8257e24138a532,13,717,0.9917659030770722,0.3269159080859148
no.bolig,a01659d7e3664bb3,3,165,0.9916422079494923,0.1737155648716572
no.bolig,a3fb2f2ad6d00851,13,336,0.9594770137093172,0.1245842232198869
no.bolig,a69ab7fcbbd7fbcf,4,106,0.9813682417983834,0.1196678899366656
no.bolig,aecb4e8d8d3e036c,15,802,0.9861829432895988,0.20707401632227
no.bolig,b470ab6d9b9163b2,9,314,0.9677723849374943,0.19199983064749884
no.bolig,c1751981d6e6824a,9,365,0.9891260735291658,0.07979810296927695
no.bolig,c49f0e99fd5f6709,6,229,0.984988359240653,0.24331644126452762
no.bolig,c81fe7f90e06b363,12,705,0.9882606671584767,0.13288774067663284
no.bolig,d542d984fe9aaa14,14,921,0.992660308376229,0.17723761565848672
no.bolig,dee16530b1263f38,41,1928,0.988699771054927,0.36644289489048665
no.bolig,df0710bf9076dc74,9,463,0.9761598151285394,0.30932833003309
no.c,04c9141de4f1bfa0,12,822,0.9757261814148506,0.42407396202505127
no.c,09451f82f21f7ef1,1,280,0.9979582666780845,0.273318722559086
no.c,0f64de07f3a85a7a,11,961,0.9972812681179286,0.3191585637419038
no.c,345cf418a64074f7,20,868,0.9878829018919301,0.272849990271443
no.c,390db61d0367a00b,12,1176,0.9956811221798574,0.37788587908144816
no.c,42e933bca61fb808,9,349,0.9808057536583746,0.4862992509332743
no.c,4561c2d5c2f18c4e,7,742,0.9944033290480454,0.20422539624338404
no.c,4c38dc36e7336d43,7,1364,0.9980563500564289,0.4978483548729341
no.c,4de055962889ce69,6,228,0.9832209777730021,0.10423963245419417
no.c,5547db2b9fe2d71d,18,629,0.9614483406244505,0.38090204955364176
no.c,5a52091031f64dc4,3,261,0.9448354695223871,0.4988274295742018
no.c,5f059d2c015df233,3,211,0.9878241679104061,0.2705064516327955
no.c,5f11732029ad3c5f,14,968,0.9918673528003339,0.29732894788768394
no.c,647bfe531e2da33d,25,1238,0.9845845331311539,0.2847018062196185
no.c,65c8d2dff8746852,1,249,0.9954132982821012,0.3691759883990068
no.c,6893a054c54d8c21,5,921,0.9966819416982999,0.19523293726555913
no.c,72d1f6d6489338b0,21,872,0.9583949003349639,0.23721123625579313
no.c,7931a6401e85dbeb,8,519,0.9795114033763826,0.24627560827981052
no.c,7ce03b2cacfd5c75,15,1217,0.9857485962790294,0.5750950667337413
no.c,7e420c748b9ee703,11,1079,0.9954033807705944,0.30250972569012713
no.c,88240c7d180ff09c,11,533,0.9724412964920998,0.20341667805633543
no.c,8a2e17e46f9dadcc,9,761,0.9942711949298392,0.59325064561136
no.c,8c9aa2d0f124a6b6,12,811,0.9682718842277671,0.41917992818161726
no.c,95301ca2b0630a39,1,483,0.9986979648095411,0.28811500492093917
no.c,9b4ac5510635e68d,2,434,0.9895444262207067,0.2837233267469321
no.c,ac1ab2c6289f9acf,4,335,0.995547194430988,0.27073376085445394
no.c,b38381b88daaeb6b,1,288,0.9989852653517459,0.41984781023804457
no.c,b3afcb76de2314e0,17,907,0.986866095594644,0.3530044154166461
no.c,b63e933103104b66,10,384,0.9687043865680739,0.3143231536319711
no.c,b88100e88b9eb895,15,2024,0.9971035417010227,0.5200789642081256
no.c,b8b104059c622763,7,677,0.9939710376034017,0.13358846108768438
no.c,bc5d71622557b5bf,1,67,0.9860986508369406,0.3573073618775347
no.c,c55245f52358d633,24,1805,0.9843134980714682,0.27599578477947523
no.c,c6207c40d1a1a93c,2,210,0.9844834180305426,0.2341658375384745
no.c,cfb917b1c243722c,13,717,0.9949234249797329,0.488891878423799
no.c,d006c8593e4f8907,13,600,0.9845277360714725,0.5116931128677554
no.c,d63b80db3a9103bf,4,298,0.9940975220275386,0.6061391680021262
no.c,d879236f1297632d,8,445,0.9945067536700257,0.4343007442918133
no.c,e09cf827cb0a53b8,9,2994,0.9891513564242029,0.2699984629105055
no.c,e2b40b4444b6a67b,9,559,0.9864834280544394,0.42712446946855936
no.c,e3480fe7abe92e70,15,844,0.9938575659650412,0.2479497120493055
no.c,fed3b5d82b8179d9,9,1079,0.9957322759195871,0.3321969541515303
no.ef,05eeed97a314d77e,21,830,0.9693729367720192,0.39402155156053414
no.ef,074c823da7bb2c21,22,1595,0.9950417830947923,0.1920509182743156
no.ef,077ef281c20e1f00,9,664,0.9880814531592345,0.2159098361640077
no.ef,11fb2a227a6729f1,5,387,0.9951250294962724,0.26651377802611714
no.ef,1e401a043fef5897,76,4065,0.9906945143427951,0.18808153634552716
no.ef,218981bab6ccfcf6,28,1177,0.9822628658904974,0.386954471754192
no.ef,277ede5c688c465c,16,1382,0.9957157047356857,0.324800068482255
no.ef,2df8236083d04254,51,2374,0.9827490194681548,0.2704032067818453
no.ef,332d5a3ab735f56b,13,1126,0.9871434574800352,0.15661045526101405
no.ef,3736d52810b34132,4,1575,0.9993250613264892,0.41257152180930595
no.ef,43fa6ba6609e1a3a,17,931,0.9857071485788368,0.3141241329852475
no.ef,5516fa5d7b4bf248,15,1031,0.9818664086283865,0.3178452659081461
no.ef,55a8508fe3965048,2,391,0.9991575988459866,0.15082150771551645
no.ef,6024be09b53c4014,21,1162,0.9800357217476202,0.3604648147397663
no.ef,61c743f113a1276f,20,1275,0.9954304723848952,0.2898888135920716
no.ef,63180777c68db1d3,24,984,0.9818590678963346,0.38055148032276936
no.ef,67378a60c3433848,10,653,0.9857938707812693,0.3849928141741648
no.ef,67e5367e1a6bba4d,13,994,0.9939266240340613,0.20680993205898174
no.ef,67fda4afa3e18a54,9,296,0.8920632603531973,0.29499249653149195
no.ef,6855b69a8da2f665,13,1051,0.9863748263784838,0.3339503766949904
no.ef,6b7e7f828227ce1e,2,57,0.9715364530396413,0.1353712549501645
no.ef,7414ffe0e7261e32,19,1197,0.9876310538361187,0.35136977850676004
no.ef,78c708bb418d935f,21,774,0.9698225109804218,0.26205987816971166
no.ef,826ad8dff64f39bc,17,838,0.9795647687996674,0.40940968238302855
no.ef,85b88c78f860dfea,2,533,0.9951768858261909,0.4178926235440865
no.ef,8c888c27213572b5,11,556,0.9892517224085211,0.4795983799508514
no.ef,9cc4ccf31abf6264,18,827,0.9726071139149334,0.2689256649245251
no.ef,a5dccb0e0f152751,10,277,0.9594139155921413,0.2909943228788996
no.ef,a66e90fec0eacf66,21,922,0.9858161261505377,0.18407489223116202
no.ef,a68c215a5cd06c9c,8,246,0.9536791958273979,0.18536557346086346
no.ef,a91b697e4dcf6c8c,15,730,0.987053411648338,0.15244908838814336
no.ef,bd670c56517335fd,13,767,0.9878800833805294,0.43120519773072474
no.ef,c1bb3c8b704663a9,9,296,0.9746172270179678,0.1926757056986094
no.ef,c7ca6fc74459a76d,10,492,0.9673810708245844,0.31395334921373136
no.ef,cd7ce51c3d04add2,53,3196,0.9920944231652713,0.39994474230657556
no.ef,d0f59999b6b64291,5,1305,0.9953056742679124,0.19047209490106815
no.ef,d463cdfe8eeccc5c,24,1001,0.9729171822988767,0.40534444143053106
no.ef,d4c30619f9b8a480,1,376,0.9959957195082787,0.16772150465701802
no.ef,d71b35aa8b499560,11,649,0.9955302596953904,0.27815431441905497
no.ef,d73beef6d65379bf,4,274,0.9922401627771611,0.28927235784959504
no.ef,d82c74dd5cd0b98d,2,279,0.9933447007312055,0.21690866629995667
no.ef,e819a67ca3c75174,7,299,0.9899806396121993,0.2814240305753899
no.elektronikk,0792cfddc120b9e3,25,1430,0.9756799174866266,0.46823304412319916
no.elektronikk,230d5fba8558257a,7,408,0.9896776867251539,0.60584546926652
no.elektronikk,23b0ef7651066085,1,128,0.9993574310016805,0.29424798700855453
no.elektronikk,3b79348e7f893434,13,850,0.9897400795845314,0.3776454355102014
no.elektronikk,3d2cb19591f1c9a3,2,355,0.9941746719935424,0.31285223648672117
no.elektronikk,45303447952841b0,7,134,0.9776794701488146,0.1551563683674651
no.elektronikk,49353a506693f483,5,287,0.9941049270390884,0.34612925426981017
no.elektronikk,5122427f2cbabe30,7,238,0.97342060481771,0.23655957076192352
no.elektronikk,626fa45bce716498,7,445,0.9951110890703955,0.4534279935266057
no.elektronikk,64b13e7dd22d4211,10,461,0.9785497053832088,0.33726480182664564
no.elektronikk,65cb6ba4ac9ff477,11,610,0.9901245899098764,0.30905886012368655
no.elektronikk,6973bd07a827620e,3,189,0.9921672179597806,0.3941585390014621
no.elektronikk,6bf32b72ddaf1353,95,5019,0.9895749606310331,0.2980135683411798
no.elektronikk,6d411383ffe82707,6,218,0.9786995778568222,0.25378927195502493
no.elektronikk,772bc89225ec4978,2,292,0.9947669071240712,0.2369211845818452
no.elektronikk,7b60dbd198597d61,6,275,0.9580292116653173,0.2844443648042359
no.elektronikk,7bb6c980f59a89ed,15,840,0.9893795324344896,0.3620831050581468
no.elektronikk,7cc3d094150812a1,2,1466,0.9988166657220479,0.4953484782908343
no.elektronikk,7da7112dcb73efa7,37,1934,0.9909654481729286,0.24267184665650754
no.elektronikk,810b56f813acdde6,1,112,0.9965712104883999,0.25170273997160203
no.elektronikk,84ddcb321b2cdd47,3,326,0.9965448559183762,0.2575128525567001
no.elektronikk,89efd10b1ceba3e9,15,1283,0.9968241537449493,0.5019313562628221
no.elektronikk,9356a0a518ced6e6,11,358,0.9377411029226472,0.31477228191520235
no.elektronikk,9395ef7b52417e78,2,311,0.9968239776699505,0.3394590262241385
no.elektronikk,939d447afe43873b,2,466,0.9967598714528951,0.10425882357267777
no.elektronikk,97e667fbad09d8d7,15,1252,0.9928142473411042,0.44824269918545184
no.elektronikk,b207d2020a0b3659,3,410,0.9910709972076807,0.46846280823000963
no.elektronikk,bdc00ccf57f47fa3,42,1884,0.9829087826077829,0.3843721367260518
no.elektronikk,be68478197393764,16,769,0.9896961465374803,0.3485775071125248
no.elektronikk,c45130744207d8b6,8,1213,0.9951877129869597,0.18494481786870068
no.elektronikk,c519b292fc564f81,8,515,0.991821876050214,0.20409408177264873
no.elektronikk,c70216a1f4e6bc9e,3,359,0.998682419042562,0.298537362314849
no.elektronikk,cae74e2e2707333b,24,2105,0.9919679372504059,0.30210188366897406
no.elektronikk,cc901e73c7a80cfa,8,635,0.9870083412482317,0.4084493674851076
no.elektronikk,db38f0cf95758cb7,10,304,0.981996096340367,0.44158774411051116
no.elektronikk,e2b89f23078ad66d,5,687,0.9941677617829497,0.49643604006432557
no.elektronikk,e34b65787293c627,5,464,0.9914892139828486,0.3905418049104867
no.elektronikk,e452386bfaaf7701,1,104,0.9973912596379836,0.3227716275577069
no.elektronikk,ef6a2a9150e60137,26,842,0.9763449100250712,0.2801021347784436
no.elektronikk,f1eb148ac78b8aa5,4,168,0.9768749224238029,0.08306647954666282
no.elektronikk,f5fd0eff0a5226e6,3,202,0.9831069206375898,0.20915164642501427
no.elektronikk,ffbfa3600eca871d,3,222,0.9856839451220982,0.39990849528306194
no.embnet,089150b7f4b9b2ae,8,516,0.9924577981975107,0.5365748388247588
no.embnet,094208ab4d0f6b24,7,152,0.9055363682499269,0.27005607413155325
no.embnet,2301b887ea157f94,4,239,0.9881676756617532,0.35053143485357335
no.embnet,6657f55fcad14abb,7,937,0.9896269948141038,0.4642017631767234
no.embnet,83577db16a6d4543,6,702,0.9840123171728431,0.2975509110022559
no.embnet,88792ffeeb39f47d,7,774,0.9893813848400244,0.32867918715155764
no.embnet,94c74d7b8995bf87,4,565,0.9838294561851981,0.2184957343370488
no.embnet,b18017857b1ff45e,4,167,0.9831267555524901,0.1925125799624875
no.embnet,b27ac44e484b5549,1,86,0.9974958637452646,0.10545580827992043
no.embnet,ca066524672da8e2,7,160,0.9712252497166424,0.4123114031468951
no.embnet,ece4969ff89ce19a,7,774,0.9893813848400244,0.29916699069757635
no.eunet.diverse,00297bb9498cee30,24,1223,0.9920669552738661,0.15881616559931735
no.eunet.diverse,07b877a52faf34e0,24,1197,0.9841552044499701,0.4054883924605726
no.eunet.diverse,0a15dd32b354536c,10,432,0.9829795635001506,0.18067950724713489
no.eunet.diverse,14c1c7a524e966a5,23,1055,0.9795565504307693,0.3227997109740832
no.eunet.diverse,1bf69ea23cddf9f1,6,207,0.9819324494955535,0.17166216882805727
no.eunet.diverse,1e47215b6e2a8cd7,15,1436,0.9927641183684865,0.430911530466411
no.eunet.diverse,266522e8ce8f972c,5,530,0.9927514432634919,0.5131874592733131
no.eunet.diverse,31ad37d2910871a8,5,525,0.9934596465291738,0.37547912264142236
no.eunet.diverse,35e27d3ef6efec8a,2,84,0.9364726321471466,0.21615921941216462
no.eunet.diverse,4f0c1970c005a466,17,852,0.9911703614938452,0.5086551020265561
no.eunet.diverse,539ebc6727664ef1,6,722,0.9954639633062999,0.17112955883584266
no.eunet.diverse,5575e6c0194e00f1,8,588,0.9889655789502679,0.29956487985065927
no.eunet.diverse,57992437d92f13c0,2,469,0.9984404340515101,0.14622872078081217
no.eunet.diverse,5d78330204e4460f,3,276,0.9926255965625731,0.12911964092793662
no.eunet.diverse,6bf240af3f5e3a81,9,421,0.9901466070304521,0.13151859367055885
no.eunet.diverse,719a6168869134fd,9,792,0.9910660761615784,0.4276596274434837
no.eunet.diverse,72eedc433628c4c7,7,251,0.9903986160766992,0.3117010099862277
no.eunet.diverse,733c806af3e3ac65,4,270,0.9827588930684457,0.536908569389137
no.eunet.diverse,80b3f947eb663c17,7,550,0.9920749389321392,0.36099994764407406
no.eunet.diverse,87f3f7e1f92e15fd,10,357,0.9913798722093596,0.2755273241542961
no.eunet.diverse,8e5169c26f2eb852,8,546,0.9934217099959697,0.5068677082099536
no.eunet.diverse,9139903fc515f53a,21,885,0.9760842377962354,0.37135014597566784
no.eunet.diverse,92f3c376db08a62d,11,659,0.9773794033369414,0.22754752502379963
no.eunet.diverse,9b14b3e68390e8b7,1,125,0.9983109760725897,0.47591866348367523
no.eunet.diverse,9f072d3423c5e397,9,387,0.9885256269453969,0.35813525908659744
no.eunet.diverse,a99de037276e0734,4,175,0.9884920775862139,0.3913816095381646
no.eunet.diverse,b55cad6773bb84ea,40,2981,0.992305170738562,0.17843292055492466
no.eunet.diverse,b89cb8f07c5a8b7d,11,865,0.995991784995736,0.26296092372120894
no.eunet.diverse,b9cf632f16e9c97d,13,832,0.9969241212938635,0.41422122281268414
no.eunet.diverse,bad58bd24b228a08,120,6718,0.9922602804413766,0.3196475202683873
no.eunet.diverse,bd1dbafd609d563e,22,1549,0.9953249131764426,0.41815839897768364
no.eunet.diverse,bf5a4024cfd8d810,3,544,0.9975599085032698,0.338653344657017
no.eunet.diverse,c75b587bf2b6a568,7,931,0.99513000424639,0.43047752927716343
no.eunet.diverse,dcc4f161359fc198,52,2567,0.990406941266793,0.4552088213664467
no.eunet.diverse,ddd74d042b9240aa,4,316,0.9941545233648076,0.22899181824712392
no.eunet.diverse,e265781a912e054b,4,423,0.9986232180720807,0.26439879377621855
no.eunet.diverse,e2ac7d2806ecfea4,6,637,0.994039194418485,0.22920297359809277
no.eunet.diverse,e88c223dc4cdb79b,2,180,0.9556428031951438,0.19511655203962996
no.eunet.diverse,ea3f1884c28feded,44,1737,0.980826383531963,0.4031419363233041
no.eunet.diverse,eba470385686db0e,8,948,0.9967577654292846,0.4330557281328253
no.eunet.diverse,ef99d246046c7324,10,598,0.9963370643503336,0.38574855079952947
no.eunet.diverse,ffa9f50337969289,1,141,0.9884840675764366,0.36565964669270024
no.eunet.drift,00337390b47789e2,34,1331,0.9818441648740738,0.4514144132127012
no.eunet.drift,04f14ffc7ddc1f4d,13,900,0.989753210610299,0.5046480160630236
no.eunet.drift,0824266eeeaf664c,3,208,0.9766890011158089,0.21615779881856334
no.eunet.drift,13a46a19859c866e,12,496,0.9790359829237544,0.1718498241393146
no.eunet.drift,156a6440d66e7f68,3,219,0.9761909696066087,0.22851428489675124
no.eunet.drift,15bbeb01f75aa559,12,815,0.983507902080791,0.32733563588104136
no.eunet.drift,1bf61948cb197055,23,909,0.9870168884477916,0.17950601394922144
no.eunet.drift,1c2d1235f3e74bab,3,190,0.9712283019349325,0.4259085606633524
no.eunet.drift,1d895f56fba10b40,25,1543,0.9883203840675603,0.5300447862959772
no.eunet.drift,273f2efd8fc0c0a6,1,1178,0.9997871166445664,0.3854825528544772
no.eunet.drift,33eac2677706a67c,15,901,0.9892021638930261,0.46538465536698675
no.eunet.drift,36347e51b2e564de,51,1965,0.9721578021912558,0.18111579083593338
no.eunet.drift,437cdbfaa6f12bae,5,140,0.9496914986733309,0.13192233246077084
no.eunet.drift,77ea86f3a58fce04,20,1250,0.9920253622748773,0.21622798512733898
no.eunet.drift,7afa668d35276a67,14,751,0.9918469458556189,0.17700591198786103
no.eunet.drift,7de69c8534380d81,9,554,0.9941754197924132,0.195604017458096
no.eunet.drift,7df964e640c8b701,6,402,0.9876328316024942,0.4937051980049323
no.eunet.drift,7f3aa7f6eb173253,8,205,0.9493444899597855,0.10901492662200273
no.eunet.drift,87fd30b4f264bf69,5,474,0.9932495646435779,0.29517171380131674
no.eunet.drift,88bcee9678a00186,2,285,0.9940332719154871,0.14440877643964245
no.eunet.drift,8b2f66f51e4f220e,5,326,0.9906521762069723,0.5737980253182552
no.eunet.drift,8c0b47a6689508f1,7,493,0.9946057634299762,0.2193038642013062
no.eunet.drift,8fbc2c962c8dcbfa,18,718,0.9908313745741572,0.3015291635873086
no.eunet.drift,9d4de467752dd399,13,548,0.9783039305525612,0.20339752292557012
no.eunet.drift,a3a99c23194dd693,5,234,0.9724069404318253,0.29306820720298743
no.eunet.drift,a72f588a10ea3093,10,321,0.9911543700624537,0.192949064280926
no.eunet.drift,ab07163b0c6c1cd6,14,517,0.9903544250857944,0.4519027318540528
no.eunet.drift,ab713759d6c44967,17,794,0.9841203950435274,0.2077819633502796
no.eunet.drift,ba78f50379cd7bec,9,763,0.9926002432395504,0.5310611259919764
no.eunet.drift,bceafb54c4ff5c34,9,604,0.9860619583125603,0.2983909662396813
no.eunet.drift,c477e7c277b7f6cb,45,2055,0.9851080677593526,0.4343326844437055
no.eunet.drift,cdad743b0c1939c7,17,792,0.9889688355205871,0.5708821665934121
no.eunet.drift,d1eb8c8b66fe2c87,16,704,0.9890165238086797,0.3381130576723264
no.eunet.drift,d2e946286dcea549,61,2913,0.9901490616748018,0.6128182107264832
no.eunet.drift,d81f22dd7ce599fc,10,575,0.9916076090463785,0.3155783467495522
no.eunet.drift,dec4b1f926c98298,9,376,0.9834090802882857,0.35824797139459197
no.eunet.drift,e0d946b640db40a9,26,853,0.9860115084178084,0.2256934207654212
no.eunet.drift,ed875a909fdf44f0,18,757,0.9858744317099157,0.2954907223677975
no.eunet.drift,eee755494c6232de,19,1443,0.9962983850106117,0.6481089889661354
no.eunet.drift,f1c3434fc5519f5e,12,709,0.9911589155974646,0.1574179647460069
no.eunet.drift,fd49c0f6833e70b7,20,1125,0.9949550162157089,0.36382022168819034
no.eunet.drift,fe0b6ed5d48c733a,5,404,0.9875501215994712,0.27285148478411464
no.eunet.hjelp,069f0ec264497f16,16,792,0.9853186482296116,0.49734343202501746
no.eunet.hjelp,0ecf29929092db0e,5,653,0.9979562895306111,0.46828125326033326
no.eunet.hjelp,1230537d02d1fe92,1,345,0.9995861774376837,0.2960659986988779
no.eunet.hjelp,1b12d3a4009a13ea,8,209,0.9323970448434286,0.48627375475956836
no.eunet.hjelp,1c0da959590b936a,4,404,0.9976486161890498,0.16329059859475398
no.eunet.hjelp,1cc386bdff91d1bf,5,241,0.9677889079862435,0.34751661017428503
no.eunet.hjelp,26ca38d4eeabc3b3,1,322,0.9990768531176123,0.5105984736197705
no.eunet.hjelp,283966c8c0076bd7,15,730,0.9713573118485431,0.33318569342111415
no.eunet.hjelp,2b423f4e99e151bc,10,480,0.9681958804953472,0.2885840887010332
no.eunet.hjelp,30a783e9a98b203c,12,470,0.988828360121251,0.22285984653466567
no.eunet.hjelp,3658931cb3b38791,16,737,0.9838833692285363,0.35046732261906005
no.eunet.hjelp,39567d644f8fba1e,15,546,0.9901411873247634,0.1004552567416727
no.eunet.hjelp,44c0825459c01094,6,1069,0.9975071166463428,0.2485374183231958
no.eunet.hjelp,4ab10858005b2425,26,1208,0.99212494012693,0.3282842862130702
no.eunet.hjelp,56d173453bf87a5e,6,469,0.9968516584351059,0.29536562077341166
no.eunet.hjelp,570dcb223c268365,8,345,0.9778610263022182,0.37549637345981435
no.eunet.hjelp,6351840d543a144a,43,2370,0.9922386603638561,0.2951292456613759
no.eunet.hjelp,647f7ceaaf7df8fe,8,265,0.9836823919171511,0.3144935664691038
no.eunet.hjelp,73ac027c6591f128,6,290,0.9771359339616874,0.2889351998050625
no.eunet.hjelp,880833e37e45b4c1,7,347,0.9893994936145829,0.320835987726644
no.eunet.hjelp,884eb8c861079d03,10,668,0.9917842395701212,0.4760318854995153
no.eunet.hjelp,8a4d5ab9ec094d92,9,496,0.9910669366725608,0.4159069048452056
no.eunet.hjelp,8e6e46f889c177c6,4,233,0.9939741372697712,0.26230760056656766
no.eunet.hjelp,9bab2fd8f919ad3b,6,813,0.9971314134523865,0.35734081571612925
no.eunet.hjelp,9e9e7f95d89fddec,7,470,0.9957094545390773,0.4130695985103447
no.eunet.hjelp,a1a5e4cad228fe2d,3,218,0.9975795184184904,0.20903831697269742
no.eunet.hjelp,a4b16bcdf63e6b83,5,283,0.9882091380129903,0.23389966571131235
no.eunet.hjelp,a74a9b59a8e1529f,8,441,0.9854373658928254,0.573177753096707
no.eunet.hjelp,ab548a12cb785023,43,1494,0.9805893619014135,0.2635823140923722
no.eunet.hjelp,ad372e45c98ea57b,19,774,0.9878956787028486,0.48965878413645275
no.eunet.hjelp,b2e1ec31e5589427,10,500,0.9751252367505374,0.32638311778153334
no.eunet.hjelp,c6547a7939772a6b,12,618,0.994048469982544,0.4994670091240223
no.eunet.hjelp,ccdebc1df98beeef,5,325,0.9955300910299386,0.5318724341471375
no.eunet.hjelp,cee808fa104738b9,3,172,0.9881247165138043,0.30727953754828213
no.eunet.hjelp,e1dee594550c0503,15,472,0.9774107597185886,0.33174671475460327
no.eunet.hjelp,e46b0ba9f2cf3d98,2,119,0.9954285543928161,0.3240553868820425
no.eunet.hjelp,eb453b2f7060b99b,19,749,0.9869175399476948,0.6264198944702811
no.eunet.hjelp,ebafe73d7f0ae97d,1,786,0.9992460949044941,0.21444595541607842
no.eunet.hjelp,edf07af7e1f33066,7,245,0.9777130719136917,0.26337140494379163
no.eunet.hjelp,ee71b48235b54bea,4,632,0.9955297202272575,0.15246294669052252
no.eunet.hjelp,f5b98d5642e3e846,12,760,0.989761550528647,0.12742374481484398
no.eunet.hjelp,f6946c4cd4ef31f6,6,210,0.9877499437592335,0.44132868114129675
no.eunet.hjelp,fb392838e72a179b,7,516,0.9964089719830134,0.35389102748065165
no.film,0ef12890a2f5d644,6,471,0.9915474292871709,0.31341136779440165
no.film,14143138866c1c2a,13,575,0.9576660736988513,0.35294184058783457
no.film,1b509d56d2840e56,5,597,0.9956060417951272,0.07425206391901563
no.film,2940a01e0a0adee9,1,162,0.9694545876710998,0.15114720794300565
no.film,2a5964f70b4deb1b,3,88,0.9689120130901211,0.12389034932282382
no.film,2b193f5bfdb39305,1,48,0.9929353270187711,0.08502193868300822
no.film,2cfa50ab9f630291,3,647,0.9906393763574713,0.1537632797029148
no.film,2dee247a739dd608,17,1142,0.9935451998314383,0.3567768042895526
no.film,2f354c5d2b994ca8,14,907,0.9866105273199935,0.39154952793237724
no.film,3fcf72c5ed07bb71,4,546,0.997687778905926,0.39994171785569144
no.film,40caefc8a02344ea,13,825,0.9855050280370252,0.3181575810071069
no.film,44bc59bd1c77fb6a,3,275,0.9619189755466041,0.23711932647441683
no.film,513959d2746e4c1c,3,605,0.997942585762769,0.31402114809841863
no.film,51a1cf97c259842b,5,429,0.9792314491673286,0.29350218812512885
no.film,529eae34e2a394c3,38,1867,0.9761224926860598,0.05003404738852667
no.film,559337c9207a5ab7,5,486,0.9884406203003057,0.5396227486777668
no.film,5840df297d2ba16b,10,536,0.9648274368519153,0.4574591102957075
no.film,5b3390b0b07af53e,8,824,0.9943379997184305,0.3060463777778667
no.film,6eb715a2419c0619,22,1212,0.9903895629916557,0.37176226305387683
no.film,71b3e1fe51ccc039,4,528,0.9980508557779403,0.19324863627560063
no.film,7904ea5bc4b86959,3,314,0.9929306858734804,0.34467510219960035
no.film,83ed1e5c82e9a873,13,883,0.9855678467849439,0.4233574633640538
no.film,851c3429bfc0e7c0,5,699,0.9969406542417042,0.14036765494574494
no.film,8a81e8c666cb2e10,5,250,0.9909677018067011,0.25577209937924666
no.film,9a64a692ad92383f,16,1033,0.9856319532639688,0.3208744691654255
no.film,9e0296b0dcb53703,14,1364,0.9971194580232903,0.3760995960615581
no.film,a129518dd563f89e,11,488,0.987652254361525,0.19217222883389465
no.film,a1e8bafcdd521524,11,730,0.9923843677934885,0.11252933438514337
no.film,a8b5fabcb7847ebf,2,31,0.8576624760940084,0.22569982028616026
no.film,a8ebb1babb1afba9,8,407,0.9930938443612428,0.2736013043509176
no.film,b58c643c9e75303d,1,348,0.9994641044872353,0.2605010974260818
no.film,b6e004504b679244,16,1128,0.9917976367891905,0.32155222101432246
no.film,b82e8c96bd3036aa,28,1400,0.9844771525729443,0.25478015910380775
no.film,c3aecdc2d0789a15,2,425,0.9886558054405764,0.3751831265702714
no.film,c9c863a7d2a3e980,2,130,0.994248784069001,0.2480278504276628
no.film,cbad9d0cfe4609cb,7,563,0.9890193410108195,0.17106622678035563
no.film,cc3f8500d223d854,7,374,0.9864924692435039,0.2216737914884948
no.film,d7a038c6674c7588,5,649,0.9931879382065737,0.3614596541697194
no.film,e0c07b4531b60196,2,184,0.9899290826997631,0.11756396147934048
no.film,e1b04e143ebf1200,9,457,0.9943021088256592,0.15217796489904148
no.film,e331ac19ff49774f,1,669,0.998799532653695,0.4294583310564932
no.film,ec115bd5644f098d,6,1226,0.9986208321875879,0.34794743212123214
no.folklore.edb,09eeee7007902598,11,1581,0.998099758947592,0.2633173676730406
no.folklore.edb,0a819bcaca7a5a98,5,204,0.9682770423343123,0.41252241301606535
no.folklore.edb,0e304271cee49b0d,6,587,0.9965370046497635,0.7049306537677952
no.folklore.edb,12ff17530f62ba27,2,500,0.9966992850522676,0.34854451578179835
no.folklore.edb,26ae16e9fc2524b9,6,512,0.9926602130272885,0.47019099771047185
no.folklore.edb,37f09a16650dfd72,34,2245,0.9899201095965705,0.5971953303095141
no.folklore.edb,4567434ffd04fc35,68,4441,0.9925033963919905,0.2640385732021061
no.folklore.edb,4dc51694610dfc9f,4,1555,0.9989966791434312,0.42407880075421767
no.folklore.edb,4e2b64f01d59899c,41,2617,0.9886220320141177,0.4069572031493421
no.folklore.edb,55e718b885c2761a,7,392,0.9836349017714621,0.21860059265103773
no.folklore.edb,605dbfca738b5d9c,1,419,0.9996930179559089,0.3346034724794682
no.folklore.edb,6305c7d8264e5c44,3,328,0.9936504963989867,0.3405557837826479
no.folklore.edb,635c19e80355187c,2,177,0.9892063862742702,0.37279500113217484
no.folklore.edb,7604cd56206b6e93,6,241,0.9739678068155599,0.44237427872258944
no.folklore.edb,7936c7ea7aeb2753,1,353,0.9988856263861,0.41139725105721486
no.folklore.edb,7e08933b82fb743c,29,2124,0.9947240307142624,0.5615824232919334
no.folklore.edb,7f16ded9206e1ed4,3,261,0.9888678789662046,0.41371659319774806
no.folklore.edb,7fa8968376dd2b44,3,456,0.9953408231245664,0.2902783690794466
no.folklore.edb,829fd4ae94f59764,19,1008,0.9916165823787546,0.36054940379775025
no.folklore.edb,87570e94e817e152,27,1005,0.9727845711969344,0.40405885051976825
no.folklore.edb,8d2a01f57aba2723,4,341,0.9961126619348528,0.4259555609885945
no.folklore.edb,8d4894b084bfde2d,14,1108,0.9917907663219944,0.5150741950284925
no.folklore.edb,8d745f994a95924e,3,134,0.981642404342955,0.536877424446095
no.folklore.edb,9157d1a2ab3c31f5,4,657,0.9961551068017368,0.5391808267553346
no.folklore.edb,93dccbbe91b6afc7,1,262,0.9900762357204226,0.3704880072031941
no.folklore.edb,9a3ab4e140893a93,10,707,0.9956087367902609,0.22405206956225324
no.folklore.edb,9b50348ae8b2376a,24,1189,0.9898286943046832,0.23800501192958426
no.folklore.edb,a003f453bd06c849,12,816,0.9929574626957087,0.4147256591798846
no.folklore.edb,a7d86f6883560de6,8,703,0.994388771958341,0.2821377690437684
no.folklore.edb,aa06a3ff4e9b14a4,1,208,0.9990731456464085,0.2269276443138884
no.folklore.edb,aa358175f31f0f6e,22,1343,0.99707735819535,0.13107773417411875
no.folklore.edb,ad7868279dd54a59,8,555,0.993915359881575,0.5728593646501794
no.folklore.edb,af210f74c429a831,8,642,0.9954800297563645,0.26700663578653544
no.folklore.edb,b7cf0d208d4ae220,1,1973,0.9994078735196956,0.31753865994894503
no.folklore.edb,dc0e960e43ee78cb,13,712,0.9916808648447286,0.28458526832242076
no.folklore.edb,dfa46d3cdbc02408,7,357,0.990412309639328,0.225502757340245
no.folklore.edb,e9d0580de0a61d8b,8,364,0.9891169467041468,0.49735205037462527
no.folklore.edb,eac2cd08b4f8b274,9,759,0.996975614972087,0.5142392321258633
no.folklore.edb,eb5c71d81dbb09c0,3,486,0.9920130120035259,0.3353366485178289
no.folklore.edb,f5c7faf237b671e4,2,1445,0.9998192004408546,0.5842322814580158
no.folklore.edb,f8b499037050a332,3,609,0.9978453782542609,0.25355663813303886
no.folklore.edb,f960f19943d18b00,10,848,0.9830381138506132,0.4394535315113161
no.folklore.generelt,2c40c536cad93948,9,1039,0.9963712120924633,0.07216116641001977
no.folklore.generelt,323313c3b8507656,11,549,0.9931920674261129,0.2495374117382507
no.folklore.overtro,54c788ef65b9e27a,8,644,0.9950307214459182,0.3005913475050668
no.general,0b43aaa1b48c65b7,10,581,0.9949353746947813,0.19859857497395503
no.general,0c7f1a7f3c8c64c4,6,278,0.9846234148430905,0.34700462300290075
no.general,0d72bdd3813498f4,14,646,0.9901248181086152,0.24952113727898415
no.general,172c24fd7e71e3ef,36,2049,0.994931333764025,0.34321270897637146
no.general,17c05e4f574ff403,4,364,0.9961422385212271,0.4627196111143219
no.general,1a8c9a5db877cc63,4,319,0.9840306221293431,0.22772953612579117
no.general,25bd8237eaa5c6a4,3,612,0.9979735260622531,0.2091059856467178
no.general,29289d4582cbdc24,3,162,0.9861380680889149,0.20082010225471839
no.general,2c0900a8e80c7be4,20,1213,0.9843827537283166,0.4865185533653003
no.general,2ee3816eb0449dd3,6,701,0.9973414521413722,0.3713958672657717
no.general,310548f8c247ba4c,35,1832,0.9893700821990055,0.19802503745269334
no.general,31e8efe63283d29b,42,1840,0.9795166931821879,0.31075143164438973
no.general,36927123da38b034,4,311,0.9867531024249832,0.4735623843141025
no.general,4e11fe534279ebfd,5,202,0.9762001542262636,0.4988997503464015
no.general,604c35acb9047fc1,2,151,0.8961317771611806,0.17851215550536323
no.general,6ab8733bec336666,16,920,0.9898075746903334,0.12908365581953415
no.general,7426a13cae50d0b4,7,957,0.9915671228455187,0.6152452482680086
no.general,790cf6358bc8fef9,6,487,0.9946283588874235,0.5535948526054171
no.general,7ea83f88d4182e95,9,678,0.9915398099602534,0.2648140051061817
no.general,80e4020d725e320d,27,1819,0.993947424165549,0.42409095731439245
no.general,8140a8f6da17875a,1,152,0.9955589353923813,0.15425305723453933
no.general,8231fa620b2de5d2,16,792,0.9347783815962124,0.3906669895908866
no.general,8eb1e2bb6a4ac21a,9,686,0.965105966917917,0.440732953228732
no.general,91a8da319870654e,50,2643,0.9906609171521581,0.6122741107103171
no.general,922c4dcb48ce9651,5,198,0.9922648127761717,0.3343372775509953
no.general,94c443f7526500d8,6,392,0.9814661830964254,0.27214046170702855
no.general,97d0c81d89919a30,10,628,0.9873567391204509,0.1618480237983044
no.general,9c24cf80df160402,7,272,0.979690098882886,0.1712180405511377
no.general,a0151313fbd5a0de,13,780,0.9786129671655197,0.45516190131518947
no.general,a4d1e65b1777c133,7,637,0.9943517748164779,0.29259731391407295
no.general,a54cb296574e36e4,28,1327,0.991793599022166,0.24411841913065935
no.general,aef62ebefb9da64e,68,2504,0.9501742321593702,0.23938240045390907
no.general,b27a2c78533395db,7,456,0.993302965796634,0.45345173724707627
no.general,b9251104407ceb44,2,645,0.999423724699431,0.4433358411262299
no.general,bd45a952fc08b6ab,9,525,0.9841963736791832,0.19040658756061316
no.general,c28aef0eacbbb455,14,709,0.9897901048172847,0.25288586779074385
no.general,c5ab0c7ac336c096,27,1570,0.9951460258949303,0.3620590283482598
no.general,ddc912a9b92d2e93,7,563,0.9573180103859449,0.5100974903884934
no.general,dfedcfb059cac9e8,7,585,0.9826648756540735,0.5828377922048594
no.general,eb0dc343cf846cef,7,590,0.9900358060974537,0.37946239348248917
no.general,eda79676ca061056,11,482,0.9787901736749868,0.1633606211218781
no.general,edd7a4a150fe146e,9,669,0.99502322409353,0.19909684091713278
no.havforskning,050c48e7d6538498,11,614,0.993067780551413,0.5749964162976993
no.havforskning,062f291d5cb36354,7,525,0.9634840519102417,0.23402624616327417
no.havforskning,0cfee09e5f5c4121,6,481,0.9863372670228542,0.34983322485101276
no.havforskning,0da1fcad3a74bdb9,12,948,0.9944110563001896,0.5714354068692634
no.havforskning,0f30e92c426a27f2,8,291,0.9357137941609959,0.354932825185651
no.havforskning,282f38bf7e9631b8,36,1944,0.9782118135210063,0.3771661761432491
no.havforskning,284c8aa82b195554,9,8439,0.996094785686751,0.37369329851858313
no.havforskning,2b54efbdb306e5db,3,332,0.9957246815620127,0.17127463462091527
no.havforskning,2edbf24bf7fac503,11,606,0.9897675561048767,0.23462923126330787
no.havforskning,30b216f83f837ca6,3,421,0.9879432981526514,0.09857093759071218
no.havforskning,36e79a774d60d9a2,32,1315,0.9554210323348538,0.16120251651500936
no.havforskning,3ef8334fb6f9f61c,4,219,0.9826026276722035,0.12527841082029112
no.havforskning,429be13e26139631,73,3378,0.9779191826143614,0.30077951092045974
no.havforskning,52ebe6e41f190917,2,138,0.9508760107108961,0.0705379866715206
no.havforskning,55f6c97670a53aed,17,2380,0.9942058104735962,0.22023200843052088
no.havforskning,5db56660fd810325,2,256,0.9953911626499539,0.2407249332273728
no.havforskning,68ade080b77b8fb7,10,549,0.9768230736151129,0.23511441715585926
no.havforskning,697cd48150061baa,11,683,0.9744286846629702,0.18615226700197293
no.havforskning,6d13dca06e977939,4,883,0.9951380613034646,0.24764783104081958
no.havforskning,7c0e9f56cc9604b6,4,452,0.9809516050186896,0.34524049004432483
no.havforskning,80ccbebcc860b2a6,15,554,0.9623287301872179,0.20002189507459758
no.havforskning,85e5835015eaa490,12,346,0.9778436356181669,0.09269299211830778
no.havforskning,8a7232e3611e61bb,12,946,0.9929153939603925,0.3357627061394502
no.havforskning,921c30d8aa9d3cd5,12,599,0.9864179049992458,0.3591124851681899
no.havforskning,950069db70ca071b,4,469,0.9849753010121662,0.37638976801275087
no.havforskning,9d3ab214b7fd7694,3,770,0.9850112504127322,0.36462754294597327
no.havforskning,9f9549d2ecbf2dfa,3,98,0.888684926950978,0.1319000982048084
no.havforskning,a2663295d982351b,7,359,0.9691806186673542,0.20329290952683965
no.havforskning,b24045b130714ff8,11,623,0.9635596729721388,0.5068556353155796
no.havforskning,b51c925672929484,2,298,0.9915304217508151,0.2728821281911915
no.havforskning,c588e91890195a05,2,455,0.9986064004502377,0.32880338798506586
no.havforskning,cc56c2c39981a553,11,627,0.973558268481204,0.36215613329687396
no.havforskning,cc8b1f49908239c6,5,195,0.9560371700372028,0.18816778699193956
no.havforskning,d0bc0516042a6868,10,374,0.9881802013909128,0.47500612590688573
no.havforskning,dc68eba1903a00d7,2,3578,0.9987256540714892,0.27387208822444425
no.havforskning,e0754f9318368591,3,332,0.9957246815620127,0.20570784400908446
no.havforskning,e4bad957fabb0992,21,1080,0.9667961015979258,0.2777736737555872
no.havforskning,e609424e350f4a63,9,444,0.9890817281168657,0.20489303113594481
no.havforskning,e88b2a7adf9ba6fb,4,130,0.9637161695175867,0.07312760303774016
no.havforskning,ed02e230a06fc49d,10,591,0.9901960886143804,0.32619954737391726
no.havforskning,f5ecab1373d57085,17,485,0.9689249477111219,0.17460839373093237
no.havforskning,f6b92d96df48f5ba,11,580,0.99327267255466,0.2494919189432021
no.havforskning,f9d351755894567c,9,567,0.9801838634298781,0.34657199476695755
no.hobby.diverse,00950be5a2296066,9,365,0.9843055976356442,0.20455639529981218
no.hobby.diverse,0b7f4a723c6dd449,2,132,0.9845094184305913,0.3132677682335932
no.hobby.diverse,0f4e089126b25633,10,658,0.9756788737211589,0.44380013438920585
no.hobby.diverse,163f1883f39b7a08,10,404,0.9903931524686626,0.4458710503806276
no.hobby.diverse,25d298330e01ea43,13,1025,0.9915564103230039,0.00868443287209911
no.hobby.diverse,2cdb62a7cdf9afb8,5,272,0.993210946943745,0.27089018491228356
no.hobby.diverse,37476f341a2af473,2,87,0.9427982343160415,0.04163619990223305
no.hobby.diverse,3b0ae4f6b27d9cca,3,130,0.9251298136857775,0.21391862206090145
no.hobby.diverse,3f338cb38b49265b,8,289,0.9854523956717056,0.25225496845377543
no.hobby.diverse,42ec42491975f661,1,169,0.9988059736248607,0.1943239578287711
no.hobby.diverse,4847d0dd745ffcc7,28,1185,0.9725274388839725,0.22586825005613953
no.hobby.diverse,49639a4e634c1076,2,71,0.9567124554565007,0.3920123962241373
no.hobby.diverse,4f5280887b803ef8,1,130,0.9266708010945277,0.1815832172375985
no.hobby.diverse,4fd3f5810d9c1173,11,1022,0.9974740884101028,0.2663904838159618
no.hobby.diverse,551504a7633b1e7d,2,350,0.9762778399344507,0.24177625460488536
no.hobby.diverse,58001c01a6c2c76f,2,147,0.9850134098078015,0.24227488746563058
no.hobby.diverse,5d6cd5db093b9c0c,39,2366,0.9901868853622515,0.3094119144045125
no.hobby.diverse,5e736d750b664eed,8,324,0.9844691504458853,0.28080596388752826
no.hobby.diverse,6e64d51ab3ef5ee0,6,353,0.9886685185743295,0.4601969886047961
no.hobby.diverse,76815f5f61346751,16,1216,0.9931242667898299,0.3966948304882786
no.hobby.diverse,783d8e026ded40a7,8,457,0.9940412789598009,0.2190684150103389
no.hobby.diverse,82cf63e432a7eb65,8,635,0.9873669632334302,0.24395586289578852
no.hobby.diverse,96e35f58eab9110b,7,614,0.9931413073040137,0.5057195010037592
no.hobby.diverse,98c3be7790acfbf7,12,444,0.98459345527095,0.09863224938341
no.hobby.diverse,9cace28fa0751616,7,369,0.9686569041704914,0.24811262225440503
no.hobby.diverse,a13407391e29d0d8,6,481,0.9826755910510191,0.46698903544883963
no.hobby.diverse,a75a86091418875e,12,513,0.9870257751606911,0.15698641522797285
no.hobby.diverse,ac5d6d7f54dac9c5,5,245,0.9784218188059087,0.09312577535147688
no.hobby.diverse,b3f12efd6a1ee2b4,6,358,0.9914546706055007,0.2050390140674212
no.hobby.diverse,bfe4c9c59c47fe3b,6,353,0.9824323820940476,0.2461791450876324
no.hobby.diverse,c2a955540650c917,1,202,0.9981894234990698,0.19965364593994342
no.hobby.diverse,c3b7904139be6a53,23,975,0.9909177321047815,0.15489324982331015
no.hobby.diverse,ce6d2c221bf782c0,4,196,0.9895430976968971,0.4193731186629682
no.hobby.diverse,d7027e68430d3702,2,182,0.9940196440537808,0.14311783232244688
no.hobby.diverse,da8b9e080cb65e8d,6,448,0.9830349886243365,0.32256380484564423
no.hobby.diverse,dc84b0e901c766c3,12,715,0.994638660566011,0.18125937001928516
no.hobby.diverse,e06b44166b2d4cb0,4,553,0.9849450207258549,0.3645641690997446
no.hobby.diverse,ee9943b42d4d7c00,1,45,0.9776646776261373,0.40979401204405197
no.hobby.diverse,efbb2fe5eccf26e7,5,194,0.970170075342643,0.3707500721174434
no.hobby.diverse,f20cc9d75affb627,4,824,0.9948491149417431,0.308737166459624
no.hobby.diverse,f7efe8c56e2c3757,13,421,0.9607589284700712,0.1790526090128594
no.hobby.diverse,fdd4e877e55ebea0,15,955,0.9840412974339722,0.40070957506928023
no.irc,0a15a6fd75509721,6,476,0.9915932474515726,0.4706846157147578
no.irc,137c58b2fcc1bbdd,22,1670,0.9919741552987706,0.4399970520896161
no.irc,18b5373e1505f254,12,1109,0.9801774510625881,0.6078308846419416
no.irc,2865f2f1ebcbb4bc,17,1085,0.9972679323931459,0.15316556597630507
no.irc,2c743d1b948d2091,8,518,0.952933956038123,0.5180423797832515
no.irc,326829532bbaeefd,8,1027,0.9957059575316741,0.17879624558084853
no.irc,3580f47c6a8cd83d,18,1012,0.9864418490032169,0.46908340753249345
no.irc,41b8c221dae46785,49,1925,0.9849347596504943,0.32162049832351414
no.irc,4516f1f7be43981e,5,518,0.9912816654493448,0.34858451645482913
no.irc,4d73c65d8f5f0cb1,17,680,0.9684132378289382,0.3248223221212803
no.irc,515f4fce9f9026a6,13,908,0.9866368451126163,0.37677267575331136
no.irc,528f17941cab0016,12,774,0.9915598525950295,0.42351761560678247
no.irc,5c5cb296228d8935,12,599,0.9946176431270287,0.49647567382433017
no.irc,5c780cb6c97d4da6,38,1677,0.9859639943047687,0.5652571083833553
no.irc,634458ca66f09a59,2,681,0.9966985164083751,0.3208105241777409
no.irc,696bc25b40b4faf3,3,372,0.9959481978694403,0.4361874402018315
no.irc,711bba4f5298ca2b,31,1136,0.98876959138971,0.31289793970942203
no.irc,7605eef9a7d93544,3,600,0.9989681657300862,0.40209943952779875
no.irc,776d0262a8c1102d,5,314,0.9801089082573463,0.45299173454899094
no.irc,783666650e6d13e2,4,291,0.9978555704670934,0.05806325625555313
no.irc,92ac3062ef1921a8,7,386,0.993566608183307,0.5117535582894694
no.irc,9d98dc068d798dcc,11,573,0.9881992372844756,0.24011817876745725
no.irc,a95534bdf471ca85,13,594,0.9832530148265125,0.4811360477424926
no.irc,af44e11bbcc0433f,2,259,0.9941108138007483,0.44775520456163537
no.irc,b3a284e836a99088,7,783,0.9971827574954506,0.22428773858528364
no.irc,b6fa247a7827f30f,13,655,0.9942051626262026,0.35092807966617995
no.irc,b77081a91fd88a28,3,388,0.9986842725060393,0.36340977493246646
no.irc,ba3071cffeb20e13,36,1308,0.9805776033575457,0.2602691696133933
no.irc,c553a6970ccfc1a5,5,240,0.9896609329849467,0.3982846651273456
no.irc,c8a0e49317d82a8f,67,2216,0.9846347955689593,0.12210105617631954
no.irc,ca3dfd6f60e8871e,13,914,0.9884196335001408,0.5435502267371363
no.irc,cbbb46ed934e7e47,36,1149,0.9803611952737881,0.41392017155717753
no.irc,d54ba10709a8749c,18,1043,0.9948507746130654,0.4830815460867497
no.irc,d94d81fbb51b47e3,15,911,0.9874986724744772,0.3243282483505638
no.irc,dd95308e977f6e3b,2,438,0.9942224762944508,0.4561516268882876
no.irc,dedafc00840fcb0c,7,310,0.9751980852042836,0.20794535466580868
no.irc,e3392379ef59f2e6,2,822,0.9978870487217985,0.5059126428136759
no.irc,e8507ff5aae6808b,18,605,0.9599861414351984,0.4526243326861618
no.irc,ec96bc75fb485d54,49,2206,0.9868107907621154,0.4047855488535832
no.irc,ed3923ba743f9656,5,506,0.9877181133555155,0.3024367390905525
no.irc,f3150b713bbb6474,4,472,0.9957611393404231,0.27825761810637994
no.irc,fa1e10b7763dd77a,28,1705,0.989176061574065,0.43758929061934093
no.it.diverse,09feb476388434ed,5,410,0.9726544436727502,0.5338068099824219
no.it.diverse,0b479804bf5aa7e1,6,454,0.9927237419204225,0.4229378940256521
no.it.diverse,0ce43742f3202a33,1,112,0.9973611017744635,0.2732076950162727
no.it.diverse,14bad2548c185285,2,143,0.9947533370345119,0.16702975906777026
no.it.diverse,16e403e8edc80666,7,392,0.9754316181275641,0.32787088065257747
no.it.diverse,184148bb506487a3,3,120,0.9789638608788476,0.23951474409350823
no.it.diverse,3081beff72550216,7,492,0.9950262201701723,0.5461498502878883
no.it.diverse,31ea1854b9e07ed1,8,534,0.9788349055577159,0.13520829480508986
no.it.diverse,351f1357ab3a4a70,9,421,0.9674255712866384,0.14226944495123744
no.it.diverse,44c25a7b59e1f30a,11,804,0.9966843814846376,0.15687602687278615
no.it.diverse,4538957487ee3b2b,4,431,0.9893861273186646,0.5548800048406347
no.it.diverse,4618b48e58be4a3b,9,689,0.9934781069765269,0.4907116094049216
no.it.diverse,4aa90d2fca81cc7a,7,331,0.9274685797024456,0.3761650517420792
no.it.diverse,50fdd5a77a9946cb,8,853,0.9902054965101386,0.5695781456725836
no.it.diverse,5ad9464d41af354b,11,599,0.9917986910580411,0.5239820191596989
no.it.diverse,5f841afa4f456618,2,341,0.9771648744497909,0.4547446609551116
no.it.diverse,62263c1e60a9569a,14,1140,0.9900537056047627,0.5879623681146079
no.it.diverse,64272ff8a7a64878,13,801,0.9867686920160346,0.37938904211719554
no.it.diverse,64f0ae3187974cc3,5,294,0.9715181259963278,0.3459628297406085
no.it.diverse,669063b29158c188,8,589,0.9933282635720525,0.1951792395058695
no.it.diverse,6c43f76d4c031bb8,13,779,0.9900538659163113,0.4764879302218072
no.it.diverse,6d06e9a6c2e643cb,4,365,0.9944948599545557,0.4450031047981678
no.it.diverse,7579ea2dd0dc35df,5,566,0.996502119090465,0.07512957712315087
no.it.diverse,7b9f60533170e3fc,8,547,0.9637131267545509,0.19185718532191684
no.it.diverse,8368a1c728ea246a,13,515,0.9850659237977385,0.1986265921886514
no.it.diverse,9832f0ca655e8a7e,11,565,0.9797071810303353,0.2832671042059813
no.it.diverse,9c7b8d83a4d323d1,3,185,0.9911332380979071,0.380688053134734
no.it.diverse,9e6e0760289bc894,4,413,0.9907361784320379,0.2651195822073442
no.it.diverse,a62384d0034aacd0,2,232,0.9523253505917265,0.39252967894848967
no.it.diverse,b50632bf3d76a1ca,21,1602,0.9953993872979929,0.3342790799546443
no.it.diverse,b6a2f93b466c28c9,5,620,0.9938335919086944,0.46683110069320655
no.it.diverse,b8db79f868ba43bd,5,464,0.98353231051961,0.24602288213090848
no.it.diverse,bed1180a8808dd89,41,2535,0.9883014234495395,0.4791125476171968
no.it.diverse,beeb48e11ca27c91,4,325,0.9864415594894962,0.20319975243585023
no.it.diverse,bfa3bcdec2840f85,4,264,0.9639395116319415,0.24030066467653763
no.it.diverse,ca676311469266ed,2,195,0.9845079179334304,0.4886446844109934
no.it.diverse,cfb297db2686f18f,9,598,0.9948677085143018,0.4802722166483556
no.it.diverse,d877ffabd3810293,13,846,0.9957152181507108,0.35686459051215996
no.it.diverse,e013d7dc55fa81fa,5,217,0.9877205558211611,0.10649766227033554
no.it.diverse,e4010badcd79fc18,1,388,0.9992558626554746,0.38841617699796177
no.it.diverse,e54f0adfc8be5ffd,5,391,0.9787317091728219,0.22025565643091888
no.it.diverse,eaa25960737a8033,15,836,0.9882594605604019,0.3630464786862752
no.it.diverse,ed04c11d1a397455,5,345,0.9870880522149995,0.4029644303546887
no.it.emacs,04b7bc724071c476,10,1067,0.9982578042940031,0.6379617724291629
no.it.emacs,0b934994742d2c9d,3,253,0.9971634747087257,0.5427295202918786
no.it.emacs,0cab9c18ffa3d0ac,7,470,0.9918997905794932,0.18501511375570773
no.it.emacs,124c277bf1c63de6,10,483,0.9873977656140506,0.5066537322858773
no.it.emacs,1dad89935122bb38,11,441,0.9789430167058303,0.5208138388781329
no.it.emacs,212130d7892a2cb0,7,699,0.9952917735525588,0.5729954682215384
no.it.emacs,32190382ae2a9c2b,3,210,0.9918560897390016,0.45335138398277447
no.it.emacs,3d250c02e0379a15,2,223,0.9814423552159608,0.2709669180741464
no.it.emacs,4824544ca2e0b69c,14,976,0.9934455671845958,0.41323245503701367
no.it.emacs,4b84a343fd4665c5,9,565,0.9896693524989514,0.1807914195129607
no.it.emacs,50979ad4f83b5c86,1,101,0.9978462662053403,0.18703205298500727
no.it.emacs,52b92f87de25e764,13,997,0.9891373042028853,0.41348648642581737
no.it.emacs,53a697927166563f,2,244,0.9722710306689295,0.2995666873268767
no.it.emacs,56f94abf26d25c74,5,542,0.9890756299573366,0.14538218050846272
no.it.emacs,5bcdf4a0a04d90af,3,433,0.9965268629737767,0.43608536623452065
no.it.emacs,5c366c1d629770b4,6,487,0.995809748518202,0.4740786049953898
no.it.emacs,5e25765e61b1a60d,3,368,0.9933987307497515,0.46308522459573825
no.it.emacs,5ed2352d01e9bd54,6,273,0.9740036450199883,0.30020408594288006
no.it.emacs,632f74432f5fbe29,4,524,0.9953958841802449,0.3674774686550322
no.it.emacs,69a674e5e726d452,9,539,0.991461117370939,0.2263939803689349
no.it.emacs,6cc76c37693bfdc0,1,357,0.9997209890990367,0.35345873748549195
no.it.emacs,6d89f8c150bc4374,4,497,0.9955942065822297,0.26750285762744686
no.it.emacs,77898755373a3c69,12,821,0.9906045743570683,0.5097376446128484
no.it.emacs,7ce2a2d568831bf0,31,1759,0.9927548088589339,0.34789838209558704
no.it.emacs,8e786039ab672014,4,575,0.9964347946113806,0.3485080870893172
no.it.emacs,92a15a4c2904101e,11,1316,0.9954268269413248,0.6635947805718763
no.it.emacs,966f411bbec58b4b,3,520,0.980328369137641,0.5215726102215109
no.it.emacs,b4422018bc665ec9,12,671,0.9879097714332897,0.2107422131043739
no.it.emacs,bf59a8bee82bfeb1,7,759,0.9957234603667252,0.4436286235867738
no.it.emacs,bffa9d98eee2a621,9,469,0.9798737698539668,0.41253634658787064
no.it.emacs,c360a0e2959bcf82,8,340,0.9873631570660629,0.19436914536872443
no.it.emacs,cb7ea1cf67ef2efe,6,511,0.9942753180572188,0.4616206993185207
no.it.emacs,cdd2d6d930362879,7,298,0.9865752123469949,0.2938811439591866
no.it.emacs,cf449390cdafc018,6,1813,0.9886039997706837,0.28637094243715416
no.it.emacs,d4b23514b0dfb50e,15,754,0.9812320694687068,0.2735007236175351
no.it.emacs,da656d8bb447e88f,2,436,0.9966053857075063,0.5896364933511589
no.it.emacs,db33a810548f9413,8,495,0.9729577322672323,0.12374799180065549
no.it.emacs,e48560cbebeebd9b,26,1006,0.9746777745483932,0.4254109288014815
no.it.emacs,e88cf3acd99453fb,3,244,0.9846955197043478,0.35677902184047217
no.it.emacs,faddeada464795cd,13,908,0.980668320072575,0.24331176755776365
no.it.emacs,fdb67098fd243bd8,6,696,0.9962827714290071,0.49634211592316707
no.it.emacs,ff24bc181d8f6110,2,152,0.9879485820674659,0.4601181032710358
no.it.os.os2,01a3c6909289fd1c,6,281,0.988266536918718,0.5512918092982764
no.it.os.os2,02a3d5f9b46da28e,14,848,0.9943574050411944,0.26598378407221884
no.it.os.os2,02d8035e4932e2cb,9,834,0.9908982212461646,0.3802911922022943
no.it.os.os2,2b0bbefeb590a474,7,719,0.9923624221891066,0.20281612280459488
no.it.os.os2,328e6e974fd621e3,17,966,0.9956091000721503,0.3880846668326227
no.it.os.os2,363855b5491f9952,30,1227,0.9874409913102755,0.29541403649345493
no.it.os.os2,4339c1c59eea8e11,21,978,0.9927898891603372,0.5154791957145987
no.it.os.os2,50dbb2c07091cb1e,14,431,0.9828577605397888,0.1987284008123395
no.it.os.os2,51d14d7ed919f11b,45,2420,0.9942127681965061,0.373083089893755
no.it.os.os2,56223739e112d414,19,886,0.9741603449047336,0.2674320014880498
no.it.os.os2,5623c4d29dc99180,24,1843,0.9969730241450734,0.20929835554273563
no.it.os.os2,57b3b7ec5c4339bf,13,404,0.9863190556383159,0.3652358978907672
no.it.os.os2,60537ebd70c287b2,9,752,0.9953109341110336,0.449884273874208
no.it.os.os2,609db82762ec9397,4,668,0.9965199269420905,0.3256314815632687
no.it.os.os2,60e8cb3a4c101ddc,14,1308,0.9890666388888919,0.4885129525010666
no.it.os.os2,65bd4c7d946c6a47,4,224,0.9921377009191347,0.597212133446918
no.it.os.os2,6cb05a31dfca4d08,5,300,0.977077120260082,0.44553440702650726
no.it.os.os2,6eb22fd9e7e2bdbb,11,490,0.988517031864518,0.20795128405212993
no.it.os.os2,717ec16572612757,23,1237,0.9852086338973559,0.345208148111678
no.it.os.os2,7562e0139bdcd15e,10,649,0.9952781492557978,0.6048834927307198
no.it.os.os2,85415274c16a1773,6,309,0.9932341346198219,0.3050814050123008
no.it.os.os2,8592413d18a00711,9,834,0.9888617201492982,0.2202602732606946
no.it.os.os2,93be2d0cd5eb4c33,3,177,0.9939091663707961,0.3094438421028665
no.it.os.os2,9c2a3acb280c3fc2,3,416,0.9902759934917637,0.21069697185523956
no.it.os.os2,9f3053e57f23f2f4,92,5507,0.9813446959022173,0.1614839163353207
no.it.os.os2,9ff84e2eb9fd5c77,6,387,0.9962440086470132,0.46755570947539216
no.it.os.os2,a2483c8f07c0a926,11,761,0.9874420262949087,0.2487091071376503
no.it.os.os2,aed7a7d42e6abd29,43,2200,0.9928615562318446,0.5516427411050892
no.it.os.os2,b440e21330e805e8,7,437,0.988824469473381,0.30726499631163484
no.it.os.os2,bf3d30e2a03ffc1e,5,317,0.9756823602330004,0.3415894333531541
no.it.os.os2,c06b39ccab85935e,21,1004,0.990150032927379,0.5516523171414978
no.it.os.os2,c143bbb0cef21cc1,5,251,0.988483150789567,0.20116122241897855
no.it.os.os2,c87dd291c3ec1a0f,4,561,0.9979394429835086,0.28502649574311134
no.it.os.os2,cc9b1f783711fd9d,9,1668,0.9977222916083518,0.5417814504129452
no.it.os.os2,d4c8e42d2e3d81fa,16,948,0.9889564462771047,0.49357051099418936
no.it.os.os2,db2c6b2120aa3d3a,26,1638,0.9817599174048769,0.3913173215579358
no.it.os.os2,dc3d317046f8a71f,14,564,0.9882654256729376,0.40020186250281603
no.it.os.os2,e0a1cf8c76a45eb7,9,502,0.9888319531831183,0.17238359822260688
no.it.os.os2,e9e18e0ad67cb7c3,41,2403,0.9788373326135541,0.3572576563642965
no.it.os.os2,f02ff90ebaffe3e4,9,550,0.9910286440170519,0.14550796312980613
no.it.os.os2,faa9927e709a507a,34,1851,0.9931464702013392,0.3399838453224665
no.it.os.os2,ffebd845066dd74a,22,1262,0.9931529070175136,0.27308652281396806
no.it.os.os2,ffff4099006345d5,3,361,0.9945020896869551,0.4322774934362151
no.jus,00166f176d7313b9,11,821,0.9849299090348125,0.08544588551976989
no.jus,057123db0c2398bc,23,771,0.9659451990027847,0.14913893007003312
no.jus,0beae74177530835,20,593,0.9773581941073867,0.2555908732704352
no.jus,0c7771a29ff14c0e,24,1006,0.9524344357135887,0.2734260206148785
no.jus,1419cabe2c49b8e8,21,1014,0.9609486430044738,0.424164113285108
no.jus,18fd198b2d2ce78f,25,1378,0.9896512765076652,0.2830016798795526
no.jus,2abc7b1c598a568a,25,818,0.9546071748748043,0.3316077285725959
no.jus,3065ef0ff564a81e,15,1146,0.9962207752655078,0.19455895095664474
no.jus,329a9fc98d1604eb,2,467,0.9942046664221704,0.23952159132978879
no.jus,3416cca11f614232,184,8038,0.9694722719000495,0.23798181885471886
no.jus,38a83e03a67a73d7,12,894,0.993367347789468,0.2690155273083322
no.jus,4027c5363924a8dc,11,460,0.9912336780250948,0.19988303218291292
no.jus,48c398dd2faac7b2,41,1694,0.9806899682212559,0.47330951800215454
no.jus,4b70c4c26a0fcd54,15,906,0.9901665796012521,0.3552332408494792
no.jus,4bd01d55e1864390,39,2277,0.9931496257323073,0.5340954566841222
no.jus,4c1de74b7e5cac77,5,480,0.9920001501565826,0.21931476910968248
no.jus,4e01e96cc8954ddf,10,371,0.986935203184418,0.3504324796340337
no.jus,5120f56679193678,36,2858,0.9906607249004308,0.3751743419730926
no.jus,588253ce866647f6,51,2864,0.9903462970539512,0.3157968061131434
no.jus,5f00aed4dc64b097,4,647,0.9933731784799581,0.4788741197973591
no.jus,6c21d3c259cea0f4,18,1383,0.9954808581055918,0.3969422361167734
no.jus,74301e5523f96fd6,7,326,0.9539880462202484,0.23153002548255575
no.jus,772a9436af131c5a,6,413,0.982631092802425,0.48217399988124754
no.jus,85abb8c3073b815e,15,1010,0.9885936768197917,0.3942168791757995
no.jus,87be9a5ccc906980,19,1018,0.9910269355062085,0.2006435200977787
no.jus,9b43b23c5259f8a2,29,1606,0.9891332419337151,0.28197628834257216
no.jus,9dbca8e400006b5f,1,151,0.9988263395813353,0.19747502507526898
no.jus,a7550c636b06e78d,33,1753,0.9620296732071187,0.31044544813907016
no.jus,a7d2ad7508d4fffc,69,2805,0.9723321577918764,0.3451583671436775
no.jus,a97488503b012ceb,97,4778,0.9899331944157671,-0.04933303883546202
no.jus,b3348739f353774b,30,2061,0.9960926886620138,0.48149430285160894
no.jus,b6ab333a864bf806,4,773,0.9951082471502385,0.2949050442503768
no.jus,ba89cf64bf7d9a87,16,1268,0.9968439660731296,0.3685579333322009
no.jus,c0a0238b228fbc06,8,1041,0.9902002108447375,0.16211646886614714
no.jus,c4a27c9002beff3d,29,1061,0.9794917456996114,0.2879347937292915
no.jus,c6b9e1f2818a59e2,44,2457,0.9864357092457818,0.31438825193953773
no.jus,ddd3073d36f93368,54,2782,0.98828657976199,0.3857042977601103
no.jus,deb01761104f3202,18,664,0.9656643948123838,0.2676078255392614
no.jus,e10203ce773f2d9a,22,1223,0.9879140457894249,0.3532508946765039
no.jus,e32bff40ffc54856,13,823,0.9915401341366437,0.3430148475880594
no.jus,e5825f62eb2dcb87,13,730,0.9887620564432443,0.6120733714550202
no.jus,f330a2815b1817b4,2,302,0.981223055103768,0.1953673060101029
no.jus,fed0baff6927c545,14,982,0.9905123090518518,0.28778545465695293
no.kjemi,072887cd1bedc84f,25,1172,0.9854689246455096,0.2823033848377205
no.kjemi,0ce0732adc34078e,4,491,0.9892908528690901,0.41819516390406
no.kjemi,103f18885991643a,9,507,0.990615428379196,0.28964133409636456
no.kjemi,16faf188d84098ff,5,550,0.9900920040574793,0.2945924813945108
no.kjemi,1c2b50e91396c40c,28,1904,0.9829744055413053,0.20297471673303652
no.kjemi,270ca7522f44e1ff,7,1060,0.9908239860940027,0.4188487078002755
no.kjemi,275b42dceafff0cd,34,1558,0.983922674889581,0.27620691977390566
no.kjemi,37c65431b40097f0,11,586,0.9875986291464698,0.33557601635713746
no.kjemi,395663d01c1c99da,26,1993,0.9956070570396258,0.162511645327661
no.kjemi,3cbb38f322e18885,15,696,0.9552792568236822,0.3026402755411065
no.kjemi,46b1db6e27e1d327,33,1081,0.9747093762815153,0.31976617666932133
no.kjemi,48f4e8b7582b0040,4,392,0.9931621709898694,0.42574215986704084
no.kjemi,5093071458c71a7e,4,150,0.9888258281960496,0.37523597909916306
no.kjemi,518747202df99e20,32,2183,0.9950461733413077,0.2873291986816547
no.kjemi,539b582d4c6cc2cc,2,170,0.9935668827126214,0.2350956362621198
no.kjemi,57309f4aaf1ed141,17,1330,0.9914940878183564,0.35554550480052455
no.kjemi,57feaf46dbf0a27a,10,358,0.8966338754498165,0.27957242812035504
no.kjemi,5c991c9fa31744fd,12,707,0.9880430771418222,0.2484171627958637
no.kjemi,62705f409a35744a,13,1177,0.9934086900148781,0.4215618994304201
no.kjemi,6a7f7618267beb7f,6,809,0.995702977072972,0.5801312085444894
no.kjemi,72c8dccf45310806,7,462,0.9820230590787221,0.34507942410112463
no.kjemi,84943da86262f027,8,757,0.967133948666784,0.32471273546226365
no.kjemi,8838105a1c49f8e0,4,168,0.9525031996127397,0.1659443312935706
no.kjemi,8d07efb586eaab23,14,744,0.9871642662709239,0.283308833124019
no.kjemi,9c00baf00ecd0896,1,373,0.9992952599618201,0.371274274071211
no.kjemi,9ccbb40a7f10f926,75,3053,0.992490293985277,0.27272621986569134
no.kjemi,b1ebd357bb054fa3,5,736,0.9980734242010544,0.6054049913157025
no.kjemi,b2b96fb72a1cd4ce,16,1079,0.9878894023244437,0.2882729882075942
no.kjemi,bc11ecf0ae0eead9,26,1175,0.9813309327459895,0.47452396693223925
no.kjemi,be5625921b44e132,7,901,0.9899005431808926,0.503875112339711
no.kjemi,bffe65695d60f934,37,2005,0.9914604837631354,0.3067139818237545
no.kjemi,c27c78354a986543,4,775,0.9983284610948453,0.3743705771107978
no.kjemi,c9af275cb2bb82ea,6,313,0.9935698610951,0.2562186296216609
no.kjemi,cbe27f346e359f49,6,1118,0.9970450803431642,0.18263575425726705
no.kjemi,d7fdb839a25d7dbe,4,418,0.994696618463057,0.37084952711569014
no.kjemi,e0d31fb9bb607827,12,741,0.988310141789442,0.3162673891303048
no.kjemi,e31fc4608994c7c5,11,853,0.9918327277469648,0.3968490065570995
no.kjemi,e8296da1b05fcdca,7,863,0.9770513129304123,0.3754438446686129
no.kjemi,e937e14c8cdc6ff1,10,257,0.9834780952451837,0.32276039123085026
no.kjemi,eab0a5a484688dde,1,297,0.9990477143208746,0.23272118648363196
no.kjemi,f0384a7d92fa6948,6,423,0.9858207417026508,0.19972639920119248
no.kjemi,f3c77bb2b0cbdd4d,13,627,0.9826688294656291,0.23955331256452272
no.kjemi,fd26fc562eb8bbfb,5,654,0.9936721135726606,0.1904525047792773
no.kryptografi,02057374a3a3b100,6,530,0.9924758222216633,0.4683285285220284
no.kryptografi,047d305cc551e796,17,1539,0.9916977643353112,0.3532415307993777
no.kryptografi,0729e47135b95d77,9,352,0.9389259305329087,0.40449555270841264
no.kryptografi,094fd207e479eef0,10,1036,0.9957217875339746,0.28951677491577443
no.kryptografi,0d11ec052c059503,9,557,0.9801248063439836,0.3497883068876957
no.kryptografi,1ead69533c359f9f,17,805,0.9788037399016448,0.4340650747674538
no.kryptografi,1f572760b37a3f3d,9,1015,0.9912178749874119,0.4443874763388366
no.kryptografi,2684f863370c02ce,9,543,0.9637452768574865,0.42497403616977
no.kryptografi,27b13319c14cebe4,2,125,0.9767720073067265,0.2595598634885965
no.kryptografi,2c452ecf3a9865fe,15,654,0.9855546668992069,0.4297939406472641
no.kryptografi,2ed823a2b30df6e9,10,716,0.976471586932996,0.3095899557869465
no.kryptografi,30989ff6710d45ad,10,626,0.9835932878825113,0.23796006722892182
no.kryptografi,32f66571e151ac3a,6,581,0.996833031440179,0.5242108915344729
no.kryptografi,3ac3ee9ce639198e,22,1164,0.992267113360419,0.5168717994781813
no.kryptografi,3e5c609c732c1f21,9,407,0.9736393476149263,0.5386016067125108
no.kryptografi,4d9b375bebc27e70,30,1211,0.9793520621563375,0.5046006094740878
no.kryptografi,573ae890f2b883a1,2,737,0.9986710280250725,0.10129378080686412
no.kryptografi,74ec5a2ad9e0ba2e,40,2086,0.9914252400709457,0.6201427283397524
no.kryptografi,778eb4b14245f65b,4,705,0.9977011581576353,0.2539165689858887
no.kryptografi,8683ff30d8c53898,9,642,0.9918423578382575,0.38557862180068286
no.kryptografi,89671f2ba4effe7f,1,701,0.9991233437026797,0.3763353563333331
no.kryptografi,8c5946b8587fc34f,33,1223,0.9489942281592098,0.28161139903576715
no.kryptografi,8d6b85dfa66fc0f2,10,888,0.9931538349688279,0.3193644798720196
no.kryptografi,9302b7854baff13b,4,290,0.9909871022620643,0.4411154857587535
no.kryptografi,9a9bdf78f26166fd,18,771,0.9882486618838925,0.493457155994408
no.kryptografi,9b36a50b9dfce578,46,3603,0.9903473092737952,0.3153451979832763
no.kryptografi,9c92aba9a1681364,5,257,0.9853520101266601,0.3503325792480021
no.kryptografi,9d3f441b9d3bf979,44,2464,0.9904368556068691,0.20304874251617622
no.kryptografi,a9a8ecd128e914a4,6,513,0.992465293824885,0.2978509274501772
no.kryptografi,b1bb8615a5441f69,13,739,0.9842226963761948,0.2210426272174708
no.kryptografi,b6e41a52452fbce2,10,426,0.977244915415153,0.3302063024120377
no.kryptografi,bd6177aad35367e1,6,324,0.9754780090752095,0.41799731474909363
no.kryptografi,c019fda6633e8222,12,940,0.9880927842998802,0.26287982101877605
no.kryptografi,c083326b4d34f2bd,9,850,0.9880939628791706,0.09210580149374037
no.kryptografi,cad69e38decd4739,6,284,0.9787820487679735,0.40445550903419925
no.kryptografi,cc9b44171a560015,3,423,0.9908775497564642,0.4578422500155596
no.kryptografi,cf9ae60b86f7c32f,8,627,0.9934342513740926,0.37622399149459224
no.kryptografi,d319aa5e847a9b92,32,2250,0.9787041840115477,0.33711976776155916
no.kryptografi,e5f0cc58ccc4b2b8,17,1285,0.9909617623666509,0.51183768617728
no.kryptografi,ed631f3b02e8d13e,21,1136,0.9868517162013033,0.6407066122149968
no.kryptografi,ee60e7917f3d0270,4,517,0.9978257762302006,0.5172420356878642
no.kryptografi,ff32d4a20d494317,8,666,0.9982149421515535,0.4750726653547503
no.linux,0036d908550b8b1d,7,760,0.9936161860056071,0.48208163141174437
no.linux,06da7dd95e3e92a8,5,241,0.991164966518069,0.49972399084447244
no.linux,09278c5b7a4e3be1,9,470,0.9721907845811626,0.23579772610266223
no.linux,093f3be6893f9847,5,540,0.997258258954055,0.43446048588100855
no.linux,0c468e3ac88e10dc,3,304,0.9950724433608517,0.2446595644375638
no.linux,0f75527e515aae90,212,17007,0.9975724838049568,0.3305218829160215
no.linux,11894151314a12bf,2,143,0.968496326958867,0.3452724890018017
no.linux,11fde4d8afb61dd9,6,277,0.9595778877275075,0.3051117659993174
no.linux,14929db9e7c17513,3,903,0.9979542327626287,0.4468333065204988
no.linux,1631209a673d5df1,8,395,0.9844990509224949,0.1810098705920472
no.linux,1853ce7a237c9e52,27,1186,0.9820560268516902,0.09796066623617537
no.linux,1da12198ef923885,6,721,0.9898970010537287,0.5744651189698881
no.linux,2c446feda0777ab2,19,746,0.9914034930989953,0.19495225870845634
no.linux,302832ceb1bd1181,23,1542,0.9949777750617724,0.5999798527345532
no.linux,34280058b3433680,2,332,0.9916958149972277,0.5592656977101427
no.linux,44018616607eb054,5,676,0.9980201205982729,0.556042264796068
no.linux,4e518038bad7beef,5,186,0.9682090341379878,0.12790618101603882
no.linux,5154c203c72a46e6,2,157,0.9751462856401746,0.2468902307918712
no.linux,521ab87ddba63153,16,1667,0.9932448904394001,0.3645361131512287
no.linux,598dbc326ab13450,19,526,0.9839535500663544,0.2892505663923678
no.linux,710f4b2f8bf9a474,13,786,0.9928737323458088,0.25681107778944695
no.linux,725d1e0482b4e602,19,751,0.9891698296852846,0.20697726887928733
no.linux,7311ebac39ef70fb,2,656,0.99873323863593,0.1793058551639517
no.linux,738e8bc1d96ea8b2,12,1164,0.9915795579694053,0.4478066649401327
no.linux,74e5528090e79c26,2,353,0.9952473262213285,0.3149877216290066
no.linux,79c04bb9e5f0bc1a,4,557,0.9952074494074079,0.5308581942324435
no.linux,7f5c2ed79cc47f36,9,1803,0.9965985835903018,0.3217398373587248
no.linux,9f5ce5a54abb85c4,7,1336,0.9776751407698538,0.4201372783778232
no.linux,aaea087fd85d7be3,6,320,0.993570638584029,0.19011835088934037
no.linux,aebe324c1e6f7d34,14,824,0.9900653762276249,0.3244617042804422
no.linux,af6dff2afa9edcda,4,374,0.9904986780248404,0.3465821369787669
no.linux,b6fcf467fade312d,17,1380,0.9938489189361228,0.4527261304903805
no.linux,bef43b147bb99fd5,11,473,0.9866265490538276,0.5182872176248435
no.linux,c95149de79cdc8a7,2,158,0.9924907777725085,0.2234115756910369
no.linux,cd2a781956ea79ec,8,950,0.9950196181958985,0.37626411319999703
no.linux,ceb8576d5b7938d5,13,686,0.9740928385832562,0.34965426744807815
no.linux,dd1a5fa33f142757,12,571,0.9900310236072917,0.2844118334751167
no.linux,e15a19a258c21629,13,868,0.9873499890495063,0.3374539103238003
no.linux,e3719ba4c29cf69d,15,1565,0.9956524813147768,0.5227828250796008
no.linux,e56d4be718b99e2f,11,656,0.9872389322013013,0.4308893301936775
no.linux,f10b70e0ac3650a7,6,393,0.9427165764683003,0.3121717194682126
no.linux,fddeaef4dbd306e9,2,676,0.9994077710024735,0.46275758403998246
no.lisp,00b1dea92273d1e5,4,486,0.9800527945407966,0.48715421673984516
no.lisp,01f033196d635542,25,2171,0.9984327134840594,0.12420734873329396
no.lisp,0250fb38214a5499,53,4326,0.985799992203329,0.4121247976469912
no.lisp,199d859de9475cbe,5,1098,0.9986783097952138,0.25801791520391143
no.lisp,2171c261864791ac,31,1855,0.9836124344553577,0.46664899232026413
no.lisp,26ed5f1f60339a63,26,2057,0.990054554482329,0.14185274658979266
no.lisp,282704b0a9fa443c,11,917,0.9926809823779642,0.5560390932819391
no.lisp,2bdf60dbe9d9b6f9,10,770,0.9864090083675902,0.36282798684151546
no.lisp,3dc2a3dba8fa7e96,20,4166,0.9939371197331781,0.16509620192835664
no.lisp,405a2b125ee9c039,10,3767,0.996233608125064,0.37221517460157194
no.lisp,4444761e0a002566,2,702,0.9992074080861488,0.5349816215112241
no.lisp,4817ccc1a48f9f40,12,826,0.9266563671904412,0.5192361068914954
no.lisp,4a73e8191c06575b,4,99,0.9755028668756903,0.30342553789855836
no.lisp,4c5e7889946910e1,5,553,0.9977481100014612,0.15235076086321458
no.lisp,537703c93d501288,35,1680,0.985214130365316,0.4480634943345935
no.lisp,5c34d0f30f81b4e4,14,654,0.9897140309973685,0.3097481916321084
no.lisp,5c91555dd1e3c19f,5,953,0.9954599353095154,0.3010585565033671
no.lisp,621b4e7c64b9b67e,11,567,0.9777323229538185,0.33120409896931535
no.lisp,62ebaf584073b304,113,5579,0.9686655696581526,0.4433908711032016
no.lisp,657cdb05c60b0f85,11,509,0.990765011795791,0.35861072954787027
no.lisp,6f478438dd795f47,8,714,0.9918049614756248,0.4774387788781021
no.lisp,7aea357f24482de5,9,1167,0.9913682300272397,0.46458313333496626
no.lisp,7b1277da924e8ed4,13,694,0.9595874150371105,0.4496653569739632
no.lisp,7bc50ecfe568e97e,11,824,0.9869392844679478,0.14749492536377498
no.lisp,802184e5c22fae91,8,675,0.9884416570194823,0.48563650598851094
no.lisp,885d86b8c85183e4,12,509,0.9721667411970905,0.3000833262210493
no.lisp,8aec7a2ebc159e58,4,240,0.977966618058992,0.40222623398791574
no.lisp,92066584d29d51f7,3,356,0.9917226558999493,0.3572185153144527
no.lisp,accdfb60dccf1e9a,4,519,0.9442379468635171,0.5412710316056929
no.lisp,ae48fa3d738231eb,13,912,0.9963274864337185,0.2570371830864432
no.lisp,aefd6788815d9917,3,1391,0.9903820458403886,0.3563585897053562
no.lisp,bb1af2416236e7b4,10,821,0.9886741930372882,0.18070196102660777
no.lisp,bd6aec6c070b89a8,35,2044,0.985783927617207,0.5229999574025638
no.lisp,bf24444b1d9bcae8,1,1025,0.994541616725138,0.4301220391689999
no.lisp,c00c99216b6fec17,1,163,0.9963074725325873,0.5004767693122589
no.lisp,c9f0d09bf25d4b20,1,318,0.9996314077956457,0.37453606208446466
no.lisp,cccbb976f503e687,1,210,0.9948531531560145,0.14704715898244755
no.lisp,d968d11a564e90d9,7,946,0.990448017076531,0.11833307620543101
no.lisp,e1a45856eb8375f3,9,366,0.9878509116108348,0.2260384114505357
no.lisp,e479263f8e38c5c6,12,666,0.991499260045466,0.32117999765237176
no.lisp,ed1f9e14e17da720,4,658,0.9970563214003835,0.3723138067814296
no.lisp,fa53bdc3e4498b58,37,2482,0.9912100028364458,0.42948398002545846
no.litteratur,059e47ae7a21cd58,13,376,0.9643001276152231,0.3575380115352747
no.litteratur,12695787968ecfe7,7,325,0.9892780248264716,0.20774231687525732
no.litteratur,1c6526a357c7c274,15,887,0.9843570218530208,0.38760446916557156
no.litteratur,21d28e2a2a52b80b,4,107,0.9303932252878534,0.29661539337614906
no.litteratur,2c04255eca6f480a,3,361,0.9965529037953226,0.39444259878107213
no.litteratur,2c7c31a5564568dc,13,470,0.9734582092430256,0.38678857543106426
no.litteratur,2e7e14e041091ec4,10,826,0.9914709645327762,0.43610984882173515
no.litteratur,2fd285e84bbb1243,12,814,0.9941706829657415,0.5181286012551464
no.litteratur,33a30d0ea3f0eaee,28,1051,0.9831129212284675,0.3775028982008743
no.litteratur,34582e6dfab45831,15,588,0.9063551672497105,0.19183759935919562
no.litteratur,43ed9c9324a3ffc3,4,370,0.9968080656128852,0.20255708309334736
no.litteratur,4404283219390405,2,89,0.9907714959383567,0.4017728969519498
no.litteratur,51d646852751002d,11,926,0.9879688348058172,0.3638228927551659
no.litteratur,5c868be9067e5be1,10,744,0.9918210144681856,0.36954997608004136
no.litteratur,5f20760aaa26ce97,6,551,0.9809201019356625,0.23378603173737347
no.litteratur,5fe000b3d2d6b59b,101,5603,0.9899277960881018,0.28680388311877714
no.litteratur,6301d96121e93ef7,10,836,0.9963572408563779,0.237090062998673
no.litteratur,754ce29741075ecb,3,246,0.9828222320080695,0.23463163233139248
no.litteratur,7593254d0d5ece13,10,297,0.93752843240952,0.24156948405864226
no.litteratur,7f35a43b5ded4ac7,16,831,0.9799432150972808,0.3740000246448221
no.litteratur,81e717d0cc241eba,1,58,0.8658730642017068,0.15474341993711807
no.litteratur,84321284c68bf37e,5,289,0.9868890062581738,0.21423440215775616
no.litteratur,86959f55d5e255ff,22,1050,0.974642302748667,0.25323043394161737
no.litteratur,88d1e5e8fd15dc3a,9,655,0.9837996611185038,0.19475387387738005
no.litteratur,8e884f613e045c89,6,229,0.9829139409001832,0.4339865209414059
no.litteratur,989657f08308bf67,39,1557,0.9683291798078769,0.40730410080065466
no.litteratur,9bbcafe23d3e8d98,7,479,0.9906671028828655,0.46461460491570833
no.litteratur,9e09fe0bae2a9f7c,15,1414,0.988744166905975,0.31686656081999265
no.litteratur,a97cc922c1956ec9,4,318,0.988316758990521,0.27085551387833967
no.litteratur,ad1fcfbd4f362bad,25,1584,0.9880419586937944,0.3079075337838734
no.litteratur,b193a2fc524e973d,7,318,0.9706918161303201,0.31290411780226857
no.litteratur,b63169818293f109,12,762,0.9868295900598786,0.3415086636832924
no.litteratur,b9def1066a9a8570,5,474,0.9982230101057269,0.38540508882876273
no.litteratur,cdc080220b70836f,6,619,0.9856879490846732,0.37330735620307987
no.litteratur,d11181534962c457,5,192,0.958543676593438,0.181934214024988
no.litteratur,d44a8d4dc0c420d6,45,2801,0.9963242590114618,0.5032428065884125
no.litteratur,d9a279b957f54cc8,4,224,0.9470025246201219,0.30166043371595697
no.litteratur,e35610559f9eb01d,1,181,0.9944366584575453,0.06901993402631354
no.litteratur,ef013d17e7dd788f,69,2377,0.9083775269682907,0.4229046925381
no.litteratur,f0b8747830df2585,9,563,0.994465141174085,0.40878006493896085
no.litteratur,fa20d58f214c7cca,22,1115,0.9835172364451642,0.32382252843625464
no.litteratur,ff72662b2db32bfe,5,258,0.9961769085918266,0.1888690666314775
no.mac,11e71b24ea19487c,9,828,0.9979024531706662,0.40625010367967546
no.mac,142d2057fbc664b5,4,307,0.9865314915751824,0.18643775519592054
no.mac,1539cac0156e6de1,14,570,0.9827559178054844,0.47225420761880255
no.mac,1d7b5bec7e40469b,13,1189,0.995778205419795,0.4847873691588315
no.mac,28a4927307b58fbf,8,563,0.9885134545262397,0.19754777737497786
no.mac,2be9519ffba4a51d,7,356,0.9849447558418702,0.1912625692932357
no.mac,2e976258d11ad0db,20,1014,0.9833382644691769,0.3855202207097027
no.mac,335103584fd29739,7,551,0.9929801470485404,0.36307738095953074
no.mac,34d4ebd504daa3ee,16,800,0.9857230825669592,0.5069089135543491
no.mac,39a295f3290d16a1,6,412,0.9861908643196027,0.1714179446178163
no.mac,3ce21acc7e606d42,27,1836,0.9938519850448335,0.19025474805290005
no.mac,44e80e6ae86f6815,6,190,0.9845927138300037,0.2465602813154932
no.mac,4790723659e2b038,8,578,0.9866308189431471,0.49414999988543307
no.mac,48c75336c0bc7484,5,961,0.997960824209758,0.5909935529528579
no.mac,4d0629b17cd4c1ed,16,761,0.9787294932738454,0.23077452836683016
no.mac,594f380e084f1a1f,10,607,0.9899210034289967,0.35623968810242845
no.mac,5a18f0ce34a87292,3,366,0.9880290421069848,0.2387890358678849
no.mac,5cbffa0b9aebed0e,4,626,0.9981026391937965,0.5004906334895962
no.mac,62ce2e0f70c4b8be,24,1016,0.9897449359625838,0.3589776240457388
no.mac,6523d8d39f196e23,1,305,0.9979997997522533,0.509827618040855
no.mac,6953fdebf7a882b4,4,503,0.9939206342518699,0.48026828225797913
no.mac,70cf6469a9aee981,15,984,0.9950641865667388,0.3932339817079842
no.mac,76b12fda3d64278f,3,510,0.9876840305615521,0.12027812329517704
no.mac,7a81373e4c5bfc9d,3,253,0.9927742208319132,0.06409720636628308
no.mac,8518b39e39ff2976,18,877,0.9838403510152594,0.4490881266443596
no.mac,860cb93f25f453d5,1,402,0.9991847497880588,0.3267302315376119
no.mac,8bac212b7335a865,4,575,0.9973134359623914,0.11953562691412666
no.mac,a22cb522779127b0,3,381,0.9882095230731576,0.1504369262142483
no.mac,a80d47ef2182f32f,3,200,0.9830936097731349,0.4284564799058773
no.mac,a87610ce22aa62f2,17,931,0.992405687344463,0.17076174353375526
no.mac,b210f18d3541691c,7,904,0.9981124991247887,0.27632318421668023
no.mac,b783c03da3a6fc67,27,1050,0.9009354242855325,0.43960766873533547
no.mac,bbf5ae1e1d664f38,6,477,0.9811339527987875,0.13185962540087107
no.mac,bfd1063023095f29,4,264,0.9962348842515186,0.241751150386965
no.mac,c79b4d5938708e16,7,657,0.9914105608271114,0.4564396604834349
no.mac,c85adb291068dc84,6,350,0.989576973331447,0.5411935874197654
no.mac,ca755a09e68b1d07,35,1605,0.9856303334217653,0.2500283370329545
no.mac,d5247eb5a990ca3d,7,377,0.9922348376408371,0.29871074299250255
no.mac,d7f90c02979048d9,29,1474,0.982211269534974,0.3838425988162014
no.mac,ec05b76b64a0f106,18,1069,0.9857125970501154,0.33195826944067214
no.mac,ec7daa9423b09be2,12,1123,0.9915670461723097,0.3778321492730342
no.mac,eded68fd5a4ab82e,4,246,0.9717750656215662,0.5011629079838199
no.mail.diverse,08dae3585d1247e6,1,680,0.9991661552270094,0.2650796667122316
no.mail.diverse,08eeaa43b96009f4,4,559,0.994377013315118,0.46413932104440137
no.mail.diverse,0b6d26fa44d7e4b7,14,644,0.988406389409814,0.1932084873687387
no.mail.diverse,0c43f112da5c2688,19,814,0.9723417637833007,0.44603721427003934
no.mail.diverse,0d72fd15220d181c,2,414,0.9966928749991317,0.15956250988385168
no.mail.diverse,14c2980e8be1ea7d,2,256,0.9931742907680046,0.39621501170800194
no.mail.diverse,15fcf2a0c96eaea7,5,455,0.9926403391059389,0.2487874179158417
no.mail.diverse,2164f033cf6011bb,22,1338,0.9851021706840742,0.5458285642506333
no.mail.diverse,26d0b2a64a4d5c72,8,286,0.9626303169392056,0.44977728019330143
no.mail.diverse,27e0d9baf5c13f15,8,299,0.9644124331699581,0.1516614900532882
no.mail.diverse,28527dcc4dbfed26,3,317,0.9954189336276962,0.370503006893335
no.mail.diverse,2ff9f5821b12bfb1,19,3311,0.9923705821390159,0.42323449960421455
no.mail.diverse,3332196038848557,16,967,0.9936521383492158,0.4565441589936636
no.mail.diverse,47d4b33d4bec3ed7,4,309,0.9960309509665505,0.22742557243567776
no.mail.diverse,517207efdd113244,18,967,0.9943385662819214,0.5102589606034166
no.mail.diverse,588f39cd588aa236,18,1352,0.9932270936878391,0.165071431967205
no.mail.diverse,5db9209cf7fc7232,7,729,0.9925794061765123,0.3036286807791402
no.mail.diverse,63b5376ab600c601,12,645,0.9932676724265213,0.5030099742934573
no.mail.diverse,6464988f9503c9e2,23,1767,0.9901789061146544,0.6180843594013674
no.mail.diverse,82b6878f538540d2,9,445,0.992510098600396,0.4791967723895385
no.mail.diverse,83c9619484cd2bc1,40,1679,0.9891021616044137,0.4123062664969608
no.mail.diverse,8634d3d9f96d393a,17,906,0.9940925769061166,0.20483910175791567
no.mail.diverse,864d0a494259be61,16,1133,0.9926931277556367,0.40662233690237565
no.mail.diverse,9caaacc13831f16a,1,168,0.9962146027990446,0.1862997437270708
no.mail.diverse,9f677e6538b7b717,4,850,0.9983410283152447,0.4478599028941752
no.mail.diverse,9fe775de43bc863e,8,288,0.979277989708354,0.5152754336542716
no.mail.diverse,a0ce5265aa32dea0,8,950,0.9935731721996774,0.5739163006500505
no.mail.diverse,a709bcaeeb92b953,29,1589,0.9870550115905447,0.48876278474243906
no.mail.diverse,a7f0254c738c11ec,6,543,0.9945811900387133,0.2924253772640103
no.mail.diverse,b5ffdf08297622f2,24,1518,0.9898462798633428,0.3904632675054481
no.mail.diverse,bf6f64b33a540f74,12,689,0.9926495308762218,0.5653560142167467
no.mail.diverse,c472735e6a3ac216,13,2742,0.9946937509823295,0.5798667339228182
no.mail.diverse,cd4c18a4420afd37,2,437,0.9981398815680632,0.17055186169568756
no.mail.diverse,cdf7e4dec3cb7756,7,462,0.9961138867473031,0.5119911447995985
no.mail.diverse,d8fe599f1d197568,5,153,0.9886237995732242,0.43691441207117243
no.mail.diverse,d96e74c5964ee124,13,1025,0.9969629307269899,0.3079157100613778
no.mail.diverse,dabfcb4eb9901b31,8,685,0.9973668113450381,0.28087159508691795
no.mail.diverse,dde1d9cf2339b40d,4,353,0.992998326242401,0.3444253516946388
no.mail.diverse,edf97aa23eb82b14,1,186,0.9981903670801903,0.5503708215729125
no.mail.diverse,f5bfef77b5fdd8ac,7,734,0.9970698246814358,0.26506286970501436
no.mail.diverse,f9aacd0312156a56,5,479,0.9966800203982696,0.12484815694147407
no.mail.diverse,feb97b5b44b36823,21,959,0.9884451278884414,0.48300225282441883
no.mail.diverse,fede2243fe4f4580,9,431,0.9884411052588363,0.12822637800324876
no.mail.drift,04f5603d0fbce0da,13,930,0.9938551575749668,0.5639140606594572
no.mail.drift,1b780283a94d0d2e,6,382,0.9890229487261518,0.4726955985549632
no.mail.drift,1e960292dc98dc1e,8,967,0.9952918875907496,0.20407229982105365
no.mail.drift,226042628bc576f0,3,642,0.9974783488029898,0.2970338767834521
no.mail.drift,2333e6adbe4f6fff,5,681,0.9915699567294493,0.394961551756305
no.mail.drift,261fcc319a2789ee,5,536,0.9967821874124236,0.4946562626564032
no.mail.drift,2a3892fd698c02f8,8,541,0.9929627311702643,0.19947825722157622
no.mail.drift,31152b3a8f52d8d0,4,184,0.9904481004594881,0.33840788020654095
no.mail.drift,3941b9c4c6206dfc,15,1233,0.990781093438302,0.28132849284351497
no.mail.drift,44ea0ab7ff5bf276,8,663,0.9855084282483509,0.5087261900808703
no.mail.drift,458b785b38fe69e5,16,1011,0.9952475349322335,0.39096121845978427
no.mail.drift,46bd6ca3cf25ba84,5,687,0.9971380361419604,0.5036377069271416
no.mail.drift,4acf90c86dfa3ae0,17,607,0.9754899536199414,0.32835254799490704
no.mail.drift,52c1a45864ecac80,13,629,0.9897499569082212,0.6250273943671961
no.mail.drift,63ae253eae8a8fa7,4,547,0.9965559728793771,0.13955415332840343
no.mail.drift,64aa329199bff0d3,42,2270,0.9968257803326921,0.47593772052351496
no.mail.drift,6b7584d2ef950adf,10,873,0.9939805512902625,0.5013794850214599
no.mail.drift,78b12219cbbccd2f,16,1132,0.9928354390088411,0.5634227024931826
no.mail.drift,838c6b2371ea0f99,13,517,0.9861486282118394,0.1397939006566468
no.mail.drift,84f21d1b311c0c1c,1,52,0.9963641113568839,0.11815733525959402
no.mail.drift,86ae39b4c20f9b56,3,214,0.993675966997969,0.2880759548771807
no.mail.drift,8f3bb01352fc193e,20,852,0.9895322445601247,0.2871835519955186
no.mail.drift,91fd229dc2877911,21,1315,0.9833864554499595,0.5327855720370225
no.mail.drift,9713417cd7181c7c,16,1331,0.996040466274205,0.46496644938723364
no.mail.drift,975444ac1deeccb6,19,916,0.9878857247144801,0.28054719354692115
no.mail.drift,99600be054e94a2f,18,1102,0.9843667911277586,0.4723234574775007
no.mail.drift,9af40eec750d8630,12,695,0.9935257398676077,0.43632228378184784
no.mail.drift,9c1fccdbfde2814a,23,2095,0.9955702290774555,0.39790074975531825
no.mail.drift,9c762b2a6f5e664d,8,1010,0.9969221387136009,0.3202670195914491
no.mail.drift,a078888f8c6741f2,6,974,0.9964824494372002,0.2760423676447967
no.mail.drift,abec64269e64eac2,6,218,0.9931422002581449,0.5073517251996845
no.mail.drift,af37e6fe65fde788,5,548,0.9984479900656855,0.16488855286190238
no.mail.drift,b4aeb26c49f02d82,13,922,0.9948373636160461,0.1810251591503284
no.mail.drift,be9a96bbb7941ae2,3,2355,0.9881212743006886,0.47511715594060666
no.mail.drift,c23b58d3e887b087,19,747,0.9814692758834376,0.3757136480373969
no.mail.drift,cd4da42ae8994946,3,899,0.9987448050902691,0.2921999140500861
no.mail.drift,ce2acf58d1d0a491,11,447,0.9928090735139008,0.412218308675125
no.mail.drift,d04f0dabf09f5ede,3,1629,0.9971628414004169,0.25070787228777225
no.mail.drift,d2fb9474b8ab17d8,3,240,0.9942491057058432,0.21904188813268566
no.mail.drift,d43a82e250ddb53d,15,1030,0.9934697764756087,0.6675515840620276
no.mail.drift,f6b0f336d300d623,18,970,0.984140408087222,0.6952600673474957
no.mail.drift,f99a33dc7cb5e41b,25,1011,0.9760379530750455,0.3307247617079775
no.marked,052ab91ac82c35e3,5,214,0.9669831941738215,0.08841068370812488
no.marked,0a2383612c14b697,5,163,0.9909142694190033,0.358577866901315
no.marked,0c23076e623cf2ec,3,542,0.996452196500516,0.2808482052187497
no.marked,0cdc2e641c1b4ff4,3,223,0.9867777068888566,0.4300532042934281
no.marked,241a900cd262e078,10,883,0.9838840503471213,0.26011257263311804
no.marked,2a8e7d974f0d3eed,6,266,0.9923259932866653,0.14963790069925864
no.marked,2dc7ff365c8cc7b0,6,400,0.9671570487319956,0.33056571496256576
no.marked,39684ee96b345afe,3,397,0.9960960020351256,0.43225350404188545
no.marked,3adb7d26f96a95f0,5,591,0.9970727867658932,0.5233094843789134
no.marked,3db7006323c0e611,1,86,0.9965252011534464,0.2253135663470929
no.marked,3f9975b9ec1b029b,7,388,0.9872689088940705,0.20255884206328278
no.marked,417e4f4677f260f0,5,293,0.9949985136151228,0.060687103181624256
no.marked,44fd2523076b044a,3,382,0.9978496770331754,0.07324148835867386
no.marked,4708388e3d4fd7b1,10,834,0.9870986325413114,0.28281679760426376
no.marked,4ee1f2b5ff363d41,10,793,0.9874609711137852,0.3784709806735979
no.marked,5257173e42b98175,7,788,0.9416748828680084,0.23901776230592695
no.marked,58335bd6a6131376,14,852,0.9931368866084201,0.36428787805687857
no.marked,59b2545b3c87712a,5,393,0.9986519149053008,0.3228777654236151
no.marked,5febcd378ef9a282,2,109,0.9154912519109466,0.057233005240614906
no.marked,61230aba98890af1,9,546,0.9776637196182569,0.27447449306101607
no.marked,690789784fc2de12,3,261,0.9911393199326595,0.19916670581807105
no.marked,6b34588683b87afc,3,560,0.9698631075928611,0.636040232270324
no.marked,72c1e76a1edef5b3,6,472,0.9947992903608267,0.42838598563244684
no.marked,7d68a8d4b2952bd6,6,264,0.9674011879464106,0.23210956297444288
no.marked,9b923bf251f95f2e,1,752,0.9997571970935875,0.25721825465846954
no.marked,9e36fb3a74211631,2,144,0.9870453211163398,0.22739695015501885
no.marked,a05ac91a5dce6c74,5,382,0.9893782844383304,0.19122344656636028
no.marked,a10a69fbe38aaa83,5,702,0.9884542897422666,0.33552869598813667
no.marked,a40d23d218cc08c5,7,283,0.9848934657488374,0.13644934400878167
no.marked,aea66a7339b1b33b,5,81,0.8325948546310266,0.23275045629757338
no.marked,af618353fe4e0e5a,7,616,0.9945450103791039,0.2892839001409994
no.marked,b2456ed232419e64,5,573,0.9967738660481599,0.38018988533616793
no.marked,baab6143b985c982,4,255,0.9915136908238982,0.11442976146544895
no.marked,bc92ff1cb38c8947,6,466,0.9931079590614645,0.20509133721755682
no.marked,c57425308f4c4113,6,537,0.9870278791143721,0.17291098462462948
no.marked,c657d40d0c6e8489,2,279,0.9957563049264527,0.39139004546876166
no.marked,cf10fb958a52a4e0,6,375,0.9815176370741701,0.145840576118754
no.marked,d5bc3ff337e4e7f3,2,821,0.9980759916724342,0.39231576329307843
no.marked,e16a064f8bef0acb,7,323,0.9300023874707148,0.3684685441622351
no.marked,f29c406fac5c6bd2,1,215,0.9963661252941172,0.15121051747980385
no.marked,f3f33a9340ac85ae,1,676,0.9993840819268981,0.34168851550135854
no.marked,faf439830ecfe8d6,1,208,0.9717348492384141,0.1572062902043304
no.marked.bil,02bcf7e05308b465,8,257,0.962223340633192,0.25771587028580156
no.marked.bil,0b7f7a93e14b2d17,7,405,0.9770443664971189,0.2509170175570736
no.marked.bil,0e86504dc588437e,2,124,0.989997770925757,0.13567506030170376
no.marked.bil,13ba989bf4d82851,8,508,0.9929170731742136,0.23808109457166934
no.marked.bil,13c5df8f3ecf906b,5,522,0.9941453690214526,0.09644444901199356
no.marked.bil,15f77f6b7c266de9,19,1255,0.9959958216088712,0.3330535065515395
no.marked.bil,162e23b242e6be58,13,600,0.9898658742877007,0.27865902742250476
no.marked.bil,18b393ca183f2777,7,394,0.9783938381081758,0.15276898213367773
no.marked.bil,1d75f6c03fa828a2,18,542,0.9737877367508427,0.2473511035926719
no.marked.bil,1f174d1038e1581d,1,109,0.9836615055953998,0.11484872012397948
no.marked.bil,2b5537cf6e0c9ee9,3,226,0.9874314463962379,0.2828901549213952
no.marked.bil,2e435ad65d9dc115,3,57,0.9769585057911443,0.2140905224283884
no.marked.bil,32a3304d2a517863,3,49,0.9676007684187286,0.21694090682800005
no.marked.bil,3dfdd4f194671009,3,188,0.9898093307479264,0.17089563466285645
no.marked.bil,3f675a4c3c73364e,2,211,0.9959526198286475,0.1987536637855983
no.marked.bil,4355af1d02e07e1f,7,345,0.9877565232215161,0.3792310576285666
no.marked.bil,4d5a9351eaecc034,7,312,0.9822523315422279,0.26468426441657744
no.marked.bil,4dd8b134283f2e28,26,800,0.9824462056129671,0.184994979831819
no.marked.bil,5fce09ec8ced0def,3,236,0.9983682739901676,0.18416214371970768
no.marked.bil,678767d784421d5e,7,319,0.9575979582919716,0.5180117917578928
no.marked.bil,682dd2cb47e08ad2,2,139,0.9835139170866793,0.19481931207724448
no.marked.bil,6858b2fb71e7da47,10,486,0.9811005367674448,0.4742054884058406
no.marked.bil,68b69736a13cce16,3,49,0.9676007684187286,0.2448786873108899
no.marked.bil,7432fc38f3596dbb,3,172,0.9459119396707112,0.37173658521976094
no.marked.bil,753614f09e17c2f9,6,895,0.9976462400269528,0.09757344194132636
no.marked.bil,7654c385b09c0e76,4,431,0.9967012826015126,0.1651333741512698
no.marked.bil,800623da0930d4c3,2,182,0.996757470370198,0.18498302766740324
no.marked.bil,83b3e2f2be3802fd,6,232,0.9396054759953414,0.1348928828234899
no.marked.bil,83b7d73782956085,1,155,0.999483465039979,0.004852571971446709
no.marked.bil,8c683effe6cca83b,11,481,0.9905782517018342,0.35074225780349777
no.marked.bil,9f8d8b7315f96d9e,10,1082,0.9924052238860781,0.4285398325571936
no.marked.bil,b778561207f4360e,4,291,0.9884879618239786,0.26610383381192315
no.marked.bil,cb81a9086a0d3d23,6,270,0.9777500450199954,0.16428381795214997
no.marked.bil,cb9f38da3ec82ad3,6,337,0.9972611614672422,0.19773681553644265
no.marked.bil,ccfcf64bad11d771,2,218,0.9971001177903672,0.22590892054836398
no.marked.bil,cdd9df19e5a71318,1,147,0.9933608272747325,0.11062173739356004
no.marked.bil,ce86108d84542f8b,37,1271,0.9865648198802465,0.2242166578638931
no.marked.bil,ceb7f2feb8bbee24,7,332,0.9848412292140382,0.1626276300838666
no.marked.bil,d344c07bd7fb176e,1,154,0.9972828026981772,0.11439891002915623
no.marked.bil,f240afdd76d3abb3,11,471,0.9821519199505799,0.18721190813022964
no.marked.bil,f4e3188b5dcd1acc,2,201,0.9961921890267705,0.18452039463990444
no.marked.bil,fb094ee84b5add30,13,296,0.9472495210852709,0.20942157588901006
no.marked.bolig,06d3fee84875dc41,4,432,0.9757473514720051,0.3873954982369469
no.marked.bolig,0f27e3716e6893c6,9,498,0.975602664187343,0.15669393817776503
no.marked.bolig,13b057d99cf52678,3,165,0.9955820222905062,0.14570905222971925
no.marked.bolig,178d8b1547a1668b,5,348,0.980308390212954,0.15662685604769455
no.marked.bolig,1a93c1fda723c649,12,1276,0.9893310020784443,0.10785102375899513
no.marked.bolig,33bfe4cd8d56f370,17,554,0.9846516527053047,0.1949080048589333
no.marked.bolig,3ad26a6786b2ac82,8,323,0.9819537626129011,0.2966152451475104
no.marked.bolig,412e85dce19073c1,6,760,0.9971933508215666,0.588268404021343
no.marked.bolig,4580447cb4d43186,9,305,0.9473142209957043,0.1807093206474878
no.marked.bolig,46fe03b2c483670d,8,358,0.9816550706614541,0.39246294577763974
no.marked.bolig,4bcfa1b25856da5d,8,323,0.9819537626129011,0.1491856003151112
no.marked.bolig,50ef83e0cd7a57fe,6,570,0.9960489922701096,0.225278178956337
no.marked.bolig,51f541e9ad598017,24,1039,0.9773658735050441,0.24635050154355861
no.marked.bolig,54200328728889fb,3,246,0.9968680452063682,0.20941876270550966
no.marked.bolig,55fbd5ba18f12445,6,549,0.9943908880535445,0.2738681276710955
no.marked.bolig,58ce3bb726084637,8,353,0.9829623690126694,0.08311470282058361
no.marked.bolig,5fc386e3733d3b99,9,417,0.9833741657378446,0.21073707080383305
no.marked.bolig,63925bdf00555144,3,275,0.9856364395055766,0.1863219142180001
no.marked.bolig,661a25bca7383239,5,250,0.9872753910741611,0.1649474773924771
no.marked.bolig,7da282f80815562d,2,451,0.9989129890938805,0.24309682837875785
no.marked.bolig,8154640d6c01629b,5,109,0.9628197697610761,0.28521065516319716
no.marked.bolig,84a2d01e9a19bf92,10,217,0.9681034475470685,0.11240467398543676
no.marked.bolig,948cd62696337cfa,2,448,0.9987913701313197,0.25132502587889394
no.marked.bolig,97e82896104fef62,5,261,0.9910623533940534,0.1288544722584266
no.marked.bolig,9b5d66bbc402de4b,3,145,0.9842496946690955,0.3341645587785714
no.marked.bolig,a494f31a6e1d440e,2,192,0.9435873081324992,0.21429649314997137
no.marked.bolig,b6279de0652cf084,2,225,0.9926270965790818,0.18129883917187783
no.marked.bolig,b6c3d90b7ab966ea,4,220,0.9947869334666339,0.2058128365441543
no.marked.bolig,bc7bb1c25bf1377d,5,270,0.9184402937241535,0.28827586363063784
no.marked.bolig,c353858763688ca9,5,266,0.9944388923752912,0.09637394636059486
no.marked.bolig,c7b7e40ee7f9702c,7,442,0.9854651330668476,0.4180698728158497
no.marked.bolig,caada1da2513f4fe,2,422,0.9935234116312546,0.2599105039330938
no.marked.bolig,cea18270431551c2,3,268,0.9955804073266872,0.12078506540606453
no.marked.bolig,d1c1ebf75a5fa3d3,7,145,0.9546083779666144,0.11981808912136857
no.marked.bolig,d20dd31e1edcd0fb,3,253,0.9932093104152553,0.2683434769613176
no.marked.bolig,d7389f216b99deec,2,669,0.9938943683588038,0.3469581476726315
no.marked.bolig,dbfa1f41b3ad2eca,2,209,0.9943815770416474,0.32558341542355634
no.marked.bolig,df2f12f5aa1ae4c3,6,296,0.9897631698011794,0.15893686274206936
no.marked.bolig,e6172a4402b8ebc9,1,85,0.9953913177225249,0.14606657575403825
no.marked.bolig,e7f4d0664964a504,8,414,0.9655226525684276,0.406310837741061
no.marked.bolig,ffa0e5de2fb61d59,2,555,0.9982092951232203,0.28405007162794416
no.marked.bolig,ffd6d103cf89a479,3,194,0.9861513326142866,0.1490476686426566
no.marked.data,05aa6c77d6f08278,3,162,0.9908493106556175,0.23380019555744275
no.marked.data,06841a40a1ec3f1d,5,336,0.9695144316053678,0.2934941075185106
no.marked.data,10d2cb14b2cd718f,2,141,0.980839099623308,0.2233098312716684
no.marked.data,1a389ac5a9fd79b5,13,1221,0.9958732241214345,0.3318246153752192
no.marked.data,2b1bf14ee62b54fa,62,2379,0.9813204588943483,0.2907735088870888
no.marked.data,3fb0891b1dfc804d,6,694,0.9933554779057093,0.18947651882869823
no.marked.data,41864f803fe800f9,9,294,0.9866654164622385,0.25153559307807993
no.marked.data,42734dcf39fd7779,3,94,0.9896298598580631,0.23355555614188445
no.marked.data,4cb5030474d198d5,7,216,0.9637966324241408,0.25546687602532375
no.marked.data,4dbe08f3b9c17460,7,658,0.9962891959117247,0.37669463389171504
no.marked.data,4e4db14479e8c835,5,186,0.9833881521853552,0.09641363271543393
no.marked.data,520d8050cfd901af,2,592,0.9978441490594616,0.050677139207462835
no.marked.data,5abf1b9afc50f09e,1,71,0.9947256827720526,0.43879830015391746
no.marked.data,5bb038b313c9d21d,1,128,0.9986473470779722,0.133485172988211
no.marked.data,643e49fc6c64908f,2,250,0.9897261444211155,0.3207279189966721
no.marked.data,75ba0aef61ba3f74,1,80,0.9913122620282555,0.35646218028054577
no.marked.data,88448b918d5f8234,1,296,0.9987578883951461,0.5753718682595177
no.marked.data,91fcc96a5da99810,8,570,0.9915608171834281,0.3419501775387331
no.marked.data,9a5d51b4d7ca09a3,1,539,0.997433292498409,0.30027488394738266
no.marked.data,9c610bcec4484c13,4,412,0.9964048380064147,0.27110286646899134
no.marked.data,9fb072eab4bd03c3,8,374,0.9882750054777469,0.24359923068313272
no.marked.data,9fb3155547fc7257,3,262,0.9909626754825265,0.10009513439119357
no.marked.data,a3a3c6509f9f1f40,5,129,0.9787064491583061,0.2699135158975856
no.marked.data,aa34e11e331d2fd1,7,367,0.9969021090377123,0.4259481706770633
no.marked.data,ab1ab7db0e276356,6,495,0.9901327268770964,0.2100148546148374
no.marked.data,b2d0360bfbbcbb04,3,146,0.9469089960393644,0.1277431706509927
no.marked.data,bb0d87adcee19835,2,361,0.9944579635197294,0.6381568954933695
no.marked.data,bb83d1ff0481aa21,23,1114,0.991503865237519,0.5687528491101219
no.marked.data,c8aff20900316b4b,8,123,0.9299262849763831,0.034677522116926957
no.marked.data,cc56d7b28c75895f,2,124,0.9924455788644505,0.3558793850881094
no.marked.data,ce5b0307410f1e3b,2,885,0.9988134788848475,0.4071596344133735
no.marked.data,db2fd26aea52ae05,5,139,0.980230601588381,0.39558791988797115
no.marked.data,db6206765198f206,6,629,0.9927484636148288,0.5042011921796725
no.marked.data,e165f230cba8dcda,6,419,0.986149542603972,0.3510059711255628
no.marked.data,e215af4d8230a24f,3,101,0.9684398412469484,0.2784533272572338
no.marked.data,f22ef6426d4b1099,3,79,0.9866660134577699,0.3418717709358122
no.marked.data,f45ef0c0f5b99a19,3,98,0.9897541751183216,0.28292126522515126
no.marked.data,f4cb2cc705fc278e,3,147,0.9928637176413148,0.006237263511848328
no.marked.data,f76fb5e58d251c01,3,333,0.9872594289204071,0.3464060487659142
no.marked.data,f9cb010f442d2285,10,646,0.9931308323223116,0.3824681070300753
no.marked.data,f9df651ec2b7a19e,5,360,0.9962757293208977,0.5265306580954106
no.marked.data,fc6b7384ba2f8838,2,436,0.998426839768873,0.5366188242206212
no.marked.diskusjon,0e01d11690ed1d9a,9,905,0.9902638757206323,0.3585022359020835
no.marked.diskusjon,11d3c07cad93504b,7,365,0.9845757414387988,0.2742505049430507
no.marked.diskusjon,165845243117caf7,1,103,0.9949435232254846,0.2452526197131769
no.marked.diskusjon,20b540ee7314cd97,4,205,0.9486573958599186,0.2704904349840695
no.marked.diskusjon,2489cd6e5afbcefd,82,3160,0.926028680758688,0.5771657596418935
no.marked.diskusjon,27e0a000de33728e,2,429,0.9980807595525907,0.14772707860161868
no.marked.diskusjon,298428ec1567f22e,1,54,0.9408050731264154,0.3079886871468185
no.marked.diskusjon,3f132ce2ab7e9106,16,891,0.9913777537728982,0.40274748018665896
no.marked.diskusjon,426df7873189816a,11,545,0.975088200157715,0.28874975043456147
no.marked.diskusjon,45193f41acadb5ff,6,471,0.9938499562115972,0.2816867016356553
no.marked.diskusjon,460efc3be742d082,4,146,0.9879088963801091,0.35803729898867986
no.marked.diskusjon,48105a80faddf7e3,11,904,0.9887734426072861,0.48859038228857804
no.marked.diskusjon,4d736991439e28ea,19,892,0.9894975408828922,0.4309236422027852
no.marked.diskusjon,52d0ff7e6a2839d3,2,68,0.9067364418924686,0.23151742958455496
no.marked.diskusjon,59ffdf2945ee77b2,16,909,0.991868801805212,0.29850660910107407
no.marked.diskusjon,5bbc35d110be30f4,9,486,0.9807054610126577,0.43612145772264943
no.marked.diskusjon,62ac976a74a8396a,87,4445,0.9692483302906072,0.24717769988897603
no.marked.diskusjon,653b6725138bc816,2,514,0.9982146767379105,0.6277874150307001
no.marked.diskusjon,65ebe6978bf71fb3,4,222,0.9911163767962757,0.20186131372061022
no.marked.diskusjon,6aa344fce4a34ce1,10,528,0.9782284506333533,0.2905357481268037
no.marked.diskusjon,6bd3d2f10ead2c70,9,471,0.9795190040378222,0.09369796416573445
no.marked.diskusjon,6fe2a0df1daa53c7,46,2269,0.9888637074320629,0.5559647677661365
no.marked.diskusjon,71017ce7c2827d8f,5,316,0.9766486465636041,0.3702592389432092
no.marked.diskusjon,7748dc689c1389ab,12,614,0.9791364604491994,0.2146737052157719
no.marked.diskusjon,79dcc41db70637dd,19,988,0.9867328982801582,0.2547700668794406
no.marked.diskusjon,7a951f6349594bd7,12,594,0.9872932066715638,0.2225712579883994
no.marked.diskusjon,7c67b7b9255c7a17,6,395,0.9846393844983907,0.3099009993900276
no.marked.diskusjon,8c659af06d126c50,6,372,0.9879487232974767,0.3456654373696119
no.marked.diskusjon,9a2a7f079046a000,8,467,0.9861284694424333,0.3080638086489546
no.marked.diskusjon,9d0df3b97b4203d6,17,741,0.9856921497377864,0.09494263730682498
no.marked.diskusjon,9fd3af3292c2e3f9,28,1599,0.992993949368702,0.5509810847893338
no.marked.diskusjon,a9577e5758e4aeb7,55,2679,0.9847996972911172,0.6453096007176007
no.marked.diskusjon,b4e12945f0f42aa2,13,558,0.9928065395807742,0.17992817798999342
no.marked.diskusjon,d350287636b7a9bc,39,2541,0.9850683529600557,0.26012779208118486
no.marked.diskusjon,d3e4aebae679fa62,36,1906,0.9787130394357182,0.2809526047030263
no.marked.diskusjon,ddba88ea80106bc6,19,1157,0.9881176016355622,0.508075045990213
no.marked.diskusjon,e10d7c2a2235cfa0,7,405,0.966892751170207,0.3280604893166548
no.marked.diskusjon,e4a263010afb9de2,19,684,0.974869116342756,0.28936343768571177
no.marked.diskusjon,ed2a6acfd17c5162,1,227,0.9949710352108891,0.26462732926354526
no.marked.jobb,0bd60241868c9070,17,1142,0.9800355757594786,0.36813786734949966
no.marked.jobb,0c890d4809cde37f,8,763,0.9930713574774082,0.32617291924555486
no.marked.jobb,12b1943d14e2ed94,13,722,0.9862322812671008,0.20453246730311367
no.marked.jobb,13cfc42f0963590f,11,605,0.9774097351482373,0.4703550647541022
no.marked.jobb,22ec9f29324da2f4,9,494,0.9901449327079176,0.5069072911408689
no.marked.jobb,2787525a6013d4c8,12,1007,0.99493309359904,0.3258496297021148
no.marked.jobb,2cf254efe24fd592,16,795,0.9907702379750513,0.4045951205262797
no.marked.jobb,2dd7ba43b235eb98,3,166,0.9474472157288804,0.3263718322523557
no.marked.jobb,314e1c3f2d6d9d78,3,180,0.9405139182087896,0.46853465305272535
no.marked.jobb,384545dccb059a02,37,1828,0.9751569374512454,0.2845157164899441
no.marked.jobb,3e24c0202680a958,5,458,0.9859112079290819,0.23424839026268848
no.marked.jobb,3f9994dd041ae9d9,3,164,0.9564253479177499,0.12316503018672724
no.marked.jobb,4f3397b7d732193b,3,155,0.983863379420481,0.1658972547697348
no.marked.jobb,4fc025e27aad51fe,9,631,0.9884730353426296,0.4655263584414852
no.marked.jobb,6277a21568fae1b5,20,861,0.9695912330160833,0.24433326320682044
no.marked.jobb,724f5ee579eb494c,1,128,0.9983427238753242,0.3135693522803243
no.marked.jobb,7b76742af015f798,1,257,0.9995034891743781,0.5266856312726614
no.marked.jobb,809e002159ee0fed,3,223,0.9950963991464052,0.13810017433471727
no.marked.jobb,87ecce6b703f7609,2,225,0.9988713826638422,0.28701227860248796
no.marked.jobb,8f0ae44384480b18,20,824,0.9591712328604459,0.21125760999200327
no.marked.jobb,90a31bbd9372069d,8,695,0.9975212967481012,0.44494697306797953
no.marked.jobb,976bc9cd92414c77,7,339,0.9883004964482507,0.39438179380853006
no.marked.jobb,98ada698b3b24671,12,936,0.9885285779319335,0.18451844635121392
no.marked.jobb,9b12283756ce1221,16,765,0.9806234708861992,0.252070997115979
no.marked.jobb,9d0e0e4989807e3b,10,435,0.9793883320319585,0.37190709187304744
no.marked.jobb,a41adbb39ac03083,8,413,0.9855951687116684,0.2404236152938936
no.marked.jobb,a89ca6f2b1ba1331,6,496,0.9941431535820264,0.3886384799056759
no.marked.jobb,b03c4e65f341e435,10,1012,0.9811219234397777,0.4476143550158087
no.marked.jobb,b781980995faf488,34,1787,0.9909187193596695,0.48489249449451216
no.marked.jobb,ba8852a09f5c53a1,13,1080,0.9917337098268625,0.19796481774255104
no.marked.jobb,bbcc2a3b62c23b17,29,2131,0.9866304957416216,0.23670460703504032
no.marked.jobb,c5b8be7a0d96af62,5,204,0.9901738708344974,0.1682793180458724
no.marked.jobb,c69559435b69a112,1,259,0.9971658309117678,0.07935759036256296
no.marked.jobb,cf5cbc2db7c10b32,8,328,0.9895094412656205,0.3767911168609764
no.marked.jobb,d208cd22366eefdd,2,94,0.9841537093332151,0.26322363175746555
no.marked.jobb,d3e13dffdf32c88a,3,186,0.983530157168823,0.12929272174504722
no.marked.jobb,d45545d791f84f2e,8,326,0.9764997179248548,0.36627800515979697
no.marked.jobb,dba16485016a4349,8,374,0.9843149030953495,0.5447592443504672
no.marked.jobb,e6664c8e38d5efaa,38,2206,0.9885963837452918,0.2599849834404943
no.marked.jobb,ea6c786340834419,4,394,0.9823600257414932,0.1160253157476544
no.marked.jobb,f973ac5285848cef,3,489,0.9786197879925542,0.1794262749002264
no.marked.jobb,fae3c75889527b80,8,928,0.9912251502507423,0.43225118020847025
no.media,0771ee0a2734a64d,3,212,0.9937406863147739,0.3080158742921245
no.media,0b1a05b62e9e5e1b,11,830,0.9907268502591201,0.432707254241855
no.media,103d085ea3fd18b3,17,1129,0.9941081629090002,0.0640778405405104
no.media,136a0b095bb6b2dc,29,1665,0.9586060255269104,0.5493526759747916
no.media,13d710fe4f8bb62c,24,811,0.9858902905215972,0.4264432085872436
no.media,1dba9f0030751b5f,2,401,0.9953771399552085,0.2493460685533307
no.media,24dd7188c2a7d931,6,470,0.9643714201641665,0.5353961243924198
no.media,280f34632d169b2c,6,253,0.9917581789935903,0.22208631981361318
no.media,2daea4636f1855b7,4,328,0.9958882452408021,0.29016610735160825
no.media,2efe1de6d4eedb36,7,208,0.9787844541535345,0.17883568371510555
no.media,3042b69edb5ebe47,1,146,0.9718167439737712,0.47580728052521937
no.media,32b589f85cd919b4,33,1567,0.9898432239759056,0.4168766032876004
no.media,356f7b2f011fe3b1,7,305,0.9655460539827768,0.40678802152248866
no.media,399fd9f910e8d7c4,7,431,0.9735349106948784,0.4170999869814357
no.media,4229d48c521c8dc9,3,184,0.9483645524087865,0.3474116519221619
no.media,5b0cc462af600ba3,7,301,0.9854730169933145,0.42726800437543294
no.media,5c9c164aa5bd5226,26,1327,0.9889025044645406,0.4043437175325671
no.media,680764b8170458d3,6,431,0.9952940882446615,0.35891143690783683
no.media,6cb500de8a80dea9,8,659,0.9910194593841021,0.45056726845967304
no.media,6f0bfe5f168584a0,7,276,0.9652040993718181,0.17499690124132647
no.media,80d32cf1f2128818,7,247,0.9780489674356291,0.3527877733690887
no.media,9401e2c033981e4a,1,1075,0.9989526476571698,0.07712567671273038
no.media,9651be6da1506285,4,364,0.997181157899256,0.5580388112364709
no.media,9e354638c69d26de,9,832,0.9970937622463538,0.3791777955115165
no.media,b040c521cb1beb0c,28,1188,0.9572747328712637,0.42011661812856615
no.media,b5e9d5e46bb07baa,2,409,0.9972189632478093,0.5062885273394858
no.media,c00bc37a89a316d2,6,549,0.993803557949406,0.47128679991414985
no.media,c2e7eb1eec43a963,1,195,0.993412966013899,0.19686885165715126
no.media,c8d4c9a3362acaa2,7,415,0.936384473350326,0.4792587512881587
no.media,cff6babf35a27fbd,6,689,0.9957021954871474,0.6334942320010354
no.media,d04f0cc2d5b98164,6,464,0.9833194628548803,0.3054264637798129
no.media,d26b6894e98b015e,12,372,0.9475207523493321,0.21777868182345256
no.media,d2a96f6ec810059d,20,1041,0.9891189375866717,0.27917515678173066
no.media,d86c1e75a175806b,1,317,0.9860450081444977,0.38812469094943547
no.media,e2753be335071bfe,6,454,0.985021536303692,0.3025467531394661
no.media,e917333b2cf85e32,1,342,0.9983805060022755,0.280882671804335
no.media,ea50a7462d658248,9,376,0.9841767761314807,0.45207454587898593
no.media,ee015b9d402dfda6,12,372,0.9475207523493321,0.239699795944062
no.media,ee20543c623b6f69,15,765,0.9793056357846335,0.311900884512689
no.media,f05d5b3e3aaf800b,1,79,0.9879801673872073,0.11231897448057435
no.media,f61ee38d11ec9726,2,223,0.989173866025106,0.1291501648793606
no.media,faabe3ad326cb579,7,540,0.9955344671261861,0.4718533431954659
no.medisin,0166eb3c77424e71,58,2656,0.9915365930965417,0.270907741603049
no.medisin,0472a2ffa934091b,11,860,0.9909389569931528,0.3316199894708117
no.medisin,0faaceeb2ae6651b,41,1627,0.9726969184176586,0.37031824251434436
no.medisin,12710d17be36ba2d,2,169,0.9967415997783767,0.21970784998543952
no.medisin,1475d06418ddf4ab,20,1245,0.9792634254319773,0.3923315992446499
no.medisin,14f63c918c18305f,1,72,0.9792523926577902,0.1941960818000237
no.medisin,18002883f5cf44ee,13,884,0.9821509641320073,0.2670999179411301
no.medisin,1bde8d77df2b9907,15,608,0.9424327946355752,0.19144703950908903
no.medisin,1ee30fce94e5c3e0,22,1299,0.9806700080233365,0.45930297383118923
no.medisin,35b4232a2d53ae4d,19,823,0.9870435702301532,0.3595504303217484
no.medisin,3991e4a83dda36c3,34,1464,0.9864552080837815,0.17473573111354354
no.medisin,3ba534bd832921a6,2,353,0.9855563087027068,0.45235530563313575
no.medisin,3edd8a4b7ff16606,56,1872,0.9687627638433283,0.17384084582005138
no.medisin,46cd975775e907f1,10,787,0.9903079862358357,0.17734782588706596
no.medisin,4b1ef0274813e42f,2,363,0.9866254561841944,0.246948658149187
no.medisin,4c9d702562d154d5,3,128,0.9687213295128736,0.1250609031805443
no.medisin,53d56829a42a2269,11,734,0.9741169375849468,0.1235384130186666
no.medisin,5409a8dd609d3dc8,23,888,0.9615789035390848,0.18021818774312567
no.medisin,5aac05192acf70ee,20,942,0.988005286550896,0.5193681442721128
no.medisin,6580798c6db12d56,6,543,0.992666058727876,0.20210442366972423
no.medisin,7c8cf6aa5594ef82,6,274,0.9840366365533029,0.36763847653545223
no.medisin,7e796bd66b7c856c,15,790,0.9925134184540839,0.30584700507323953
no.medisin,82a84ebb0971c01d,21,924,0.9799306363314976,0.20198643487723797
no.medisin,838043ff0a077d9e,8,554,0.9943705850081874,0.5711387651319078
no.medisin,959b0445b0c253d6,4,939,0.9952394803427453,0.39534149396084023
no.medisin,9cd9859b289c7a5f,10,403,0.9876416449836557,0.08659285942894138
no.medisin,9ee9a0ea27de1dec,22,726,0.9836704963120226,0.15899607665099305
no.medisin,a040f53d30d7ccd2,5,437,0.9631667145310291,0.024527437431660335
no.medisin,b54ef9e54e41927e,7,1696,0.9979138209622712,0.29588006866306465
no.medisin,b70c13dbed656c8b,45,2048,0.9713992682853204,0.32239350014743107
no.medisin,b778c563cc1673b3,12,606,0.9891352530944285,0.38906019774869705
no.medisin,baff2646efd36550,11,420,0.9837626351212756,0.24693676327555691
no.medisin,c0d40e51ecd96045,7,389,0.9928278825144093,0.19242147087943345
no.medisin,d0575b0571e74ab9,2,256,0.9981212858969444,0.36877212800854564
no.medisin,d1e60d73c4ef0722,45,2442,0.986025868746378,0.2477097409411418
no.medisin,d2133bec0d0b6737,10,719,0.9945399612027113,0.1647468469268942
no.medisin,d53f006dfb85d66c,16,856,0.9917271504199672,0.4901183464535544
no.medisin,ee6670416a1da52c,15,815,0.9882336718641739,0.3065806821288247
no.medisin,f5d2002240a09f27,16,965,0.9897928264689704,0.3080594825130065
no.medisin,f807fb161d5d5c74,22,865,0.9640309459723364,0.18751150092758356
no.medisin,f8f7c011b5fed5bd,2,142,0.9909714800010337,0.185911505061935
no.medisin,fefb0a625e9f0c05,24,1780,0.9865961351320718,0.3007423768796681
no.ms-windows,04e4017120d8114c,7,364,0.9952468836199413,0.2944064763178296
no.ms-windows,05a5d9ac9faed314,5,433,0.9960150772471335,0.307965030970495
no.ms-windows,0632f861b4372a12,16,1036,0.9863905179979376,0.42080603940387806
no.ms-windows,185bcd1776d4038b,3,276,0.9939382616569098,0.39884794821913583
no.ms-windows,1aababe1f05be258,6,168,0.975451772822311,0.1794630326077558
no.ms-windows,29f825af671f2d51,10,956,0.9954751084968243,0.6612065341189995
no.ms-windows,2ae966f0a419e124,13,691,0.9889830968131487,0.3741708804416202
no.ms-windows,2f25fb06586fb176,2,430,0.9988384851268541,0.3135026549744841
no.ms-windows,2f3e999eddbf5f4b,6,502,0.9938493175691193,0.25889168895167475
no.ms-windows,4ad7e8fb05997713,4,286,0.9916133006271385,0.4059537100649246
no.ms-windows,5eff09e444371af5,8,1083,0.9953544217372239,0.2477350722864033
no.ms-windows,6661c58d93ae7272,25,1135,0.9879787878464719,0.43460864051491943
no.ms-windows,6782f356052bf421,3,240,0.9873835744250954,0.11310415734007444
no.ms-windows,7503131a9e1243ca,2,396,0.9992479535293107,0.5034880782966832
no.ms-windows,75b99f50ecdf6bae,9,478,0.9914109431716356,0.27276003008973676
no.ms-windows,7fe36e21720bd8b3,7,427,0.986926533764287,0.42551634813237005
no.ms-windows,80323ee4ce6a5515,3,337,0.9959252332670048,0.02923754692837364
no.ms-windows,8281e6774d779e1f,7,389,0.9759391675915481,0.30667106010589923
no.ms-windows,9c8e9a135eda43f6,22,789,0.9722154752364851,0.7981030706674381
no.ms-windows,9e9ff74ab31ab0c1,7,629,0.9867945961249932,0.49536882152744927
no.ms-windows,a57dc4a3ab1c32ee,13,818,0.9954296287938141,0.2638158552640545
no.ms-windows,a5fc39f0e8a55ace,10,705,0.9934324062390978,0.4084221272863314
no.ms-windows,a6206339e8bf3f42,3,207,0.9793196500034356,0.24247049649516106
no.ms-windows,aa92269f459c628a,5,218,0.9931868294691973,0.30865472304385266
no.ms-windows,ae2d9c55a0bd06e7,6,703,0.9955111965905331,0.582175059782648
no.ms-windows,afeb041f0183bf91,4,4144,0.9975198467886254,0.45416634239049336
no.ms-windows,b43b597561301edd,16,950,0.993819554484419,0.5714190142309059
no.ms-windows,b616616e268b0ce8,5,452,0.9875657124294109,0.40055492071028653
no.ms-windows,c0d9af318f548419,10,464,0.9903684730608193,0.2973726005580421
no.ms-windows,c5a0d192a2eae136,25,1729,0.9943667887473883,0.5956912964082627
no.ms-windows,c86b1627910a44ed,21,1503,0.995138001304528,0.6595718686152464
no.ms-windows,cc2342c2139d0e4d,15,871,0.9907574367402682,0.28358796458174057
no.ms-windows,d7b4d95042584f69,9,692,0.9910403224844834,0.1570076778332589
no.ms-windows,da8b5592b2007c2a,13,466,0.9771258662006518,0.05584854459111414
no.ms-windows,db7508f0b79e5597,13,490,0.9848768259889876,0.45268417920540793
no.ms-windows,e26f05ffe69aecca,7,318,0.986456537007288,0.20238778979588412
no.ms-windows,e3ddc4a7f23ad464,14,708,0.9744495497663103,0.3365644934854764
no.ms-windows,e763bee9fbc11d7c,14,559,0.9717987348336878,0.5656244662073923
no.ms-windows,ef001e51eafd90d2,11,625,0.9828212685090523,0.25899414424606026
no.ms-windows,f16f2aaa6643708e,3,139,0.9795850698797663,0.49901440755955967
no.ms-windows,f62e7fd8a446e9db,11,347,0.9707784390409196,0.42833588489951335
no.ms-windows,f912ec37009c5e84,25,1127,0.9892680896257752,0.14978357919069452
no.multimedia,0154185a9d2abd0a,14,523,0.9905758421316841,0.3499398482920362
no.multimedia,0259d78c7a9c774e,10,458,0.9914493636319903,0.5350581646183669
no.multimedia,071427e1e8fba2e9,5,501,0.995489168025244,0.3483851657075538
no.multimedia,12b56e4363b3e49f,19,846,0.9697509458213904,0.11700906693408089
no.multimedia,194be7e1bd8627df,10,482,0.9927746117241956,0.13402210180026136
no.multimedia,1cecbb4438af380e,6,549,0.993803557949406,0.553717561005462
no.multimedia,20179fff520fb201,34,1696,0.9843683131216452,0.19314371339131436
no.multimedia,25482bc6f608ca48,3,292,0.977215161267205,0.5295602870759257
no.multimedia,29bdb62691428263,6,1460,0.9992047500863437,0.4636968276082557
no.multimedia,2bb8ff8592753e84,1,625,0.9919559445322195,0.11607830413935774
no.multimedia,2f2802e25d7d2a9e,43,2895,0.9920133001624204,0.45096623441579986
no.multimedia,349fa6f92a7ab5a1,40,1804,0.9891400435283897,0.20922491466670834
no.multimedia,3cba99211ee9a156,3,421,0.9924429744500194,0.3157680727802538
no.multimedia,4b474441d821abf2,3,609,0.9945439806636801,0.528502478683003
no.multimedia,4d73dfd175b919cc,2,391,0.997315098240664,0.4381697493432331
no.multimedia,5905c018641157d9,1,187,0.9990889450060806,0.3818256306454705
no.multimedia,614d6a053b34f17c,17,1055,0.9956743007581232,0.48220364326116866
no.multimedia,622862094e26bea7,6,498,0.995932823173182,0.42830384416571887
no.multimedia,65e5362bda71a1a5,9,501,0.954348084423699,0.3257722193390977
no.multimedia,68a48cd1de3597b5,6,465,0.9963637764295512,0.45337768325652866
no.multimedia,6cb8c5da52bff9c0,6,365,0.9929228065449077,0.07227925464610897
no.multimedia,6cf62cd9b329b823,11,1039,0.9967927662520423,0.46405096623352937
no.multimedia,74eb9d6ba43e827d,5,523,0.9963322186997016,0.4545993251597901
no.multimedia,8ac3f4f46a80056d,12,726,0.9881531185857952,0.4250856174831542
no.multimedia,8b11132900af0ddc,66,4304,0.9909460309320877,0.48344180400464964
no.multimedia,949b7b17f24723a7,6,544,0.9914530112667403,0.5810770382266408
no.multimedia,97ee8fc48e00d20d,142,10606,0.9908706982073131,0.49921934343997487
no.multimedia,9efa50d78c1179c9,13,350,0.9656894866903856,0.5892832673731205
no.multimedia,a8864022dc0b48e7,1,288,0.9995689273986117,0.37073352639649715
no.multimedia,a9898fca41d79dfe,5,641,0.9975204747921786,0.3435884737241641
no.multimedia,b29c232fc926566c,6,380,0.9538025435865555,0.323240219295469
no.multimedia,b4c06dd319a7119c,5,486,0.9958881045993638,0.2246891779243829
no.multimedia,c1bc064664ed5a3f,16,699,0.9827499370574938,0.2030456570051146
no.multimedia,c1f11543440ccdcf,10,608,0.9914382027805654,0.5367883512350567
no.multimedia,c20e90b0ce64b098,1,78,0.9870920273304464,0.26611014306426234
no.multimedia,c340dc3e05590cbe,14,529,0.978118859948538,0.3819782154962331
no.multimedia,c7e32d5098fab17e,32,1455,0.9847200671792256,0.2952463909862768
no.multimedia,cd780a7245c0e63c,2,127,0.983394885930388,0.382856493713546
no.multimedia,d1b049ee73b7f511,3,572,0.9953665210253644,0.5524030948141239
no.multimedia,d5fa10719ef26f8a,9,471,0.9246321234389292,0.24858168789047397
no.multimedia,d7bc81601f3c1cfc,5,348,0.9900328545742791,0.0831592094431482
no.multimedia,e4e2def0a02f65c8,16,1032,0.9911234957882736,0.3172735913224308
no.multimedia,f6387f0562a1253d,11,860,0.9928005494081348,0.23244434103913209
no.musikk,03bea90d466ccaea,15,769,0.9888773198568891,0.5040504531346981
no.musikk,04712876fd656df2,7,1775,0.9981028720614912,0.4519883341042096
no.musikk,0c71e58797aa60b6,12,901,0.997355137020366,0.26893531733334053
no.musikk,15f5236ba4f2f41a,3,490,0.9981671735974816,0.3264814038595232
no.musikk,16ea1c8589fd41fd,2,371,0.9963215726140505,0.2153691173942685
no.musikk,1a11716af7f4fe54,21,1290,0.9953774675061613,0.29012575731602724
no.musikk,200a8d401fbae86b,16,855,0.9856515882050588,0.2962348327575408
no.musikk,2acc4ef9ff5a8e28,6,374,0.9741823260882133,0.41412177091514857
no.musikk,2d107cb81975e859,5,467,0.9882001236151188,0.27529641791002923
no.musikk,2f8ce66c90ee897f,2,451,0.9965416383358594,0.2153921611839295
no.musikk,3972e65e6b7f62f4,14,706,0.9922105899881424,0.18680651831953157
no.musikk,3aca9d4963da1d34,4,268,0.9887798448529171,0.15066420291641835
no.musikk,41040b60aaea32fa,13,686,0.9931424831085415,0.33339902863500376
no.musikk,4609e76725580edb,5,289,0.989121302169865,0.25839266402132666
no.musikk,52daf0a286b708a9,7,346,0.9921476106830035,0.21122427407541033
no.musikk,53d4cd7957b6ef2c,1,76,0.9917685063382365,0.20885436346833236
no.musikk,567638916b3b9f62,6,390,0.9920444093706032,0.2804631882948798
no.musikk,599c081319368d65,1,593,0.9988714576001287,0.5237517765387938
no.musikk,67aa788ee2418863,7,887,0.9938840952051922,0.3368296735155158
no.musikk,6ba8d7976b3905f7,1,462,0.999402115672619,0.282117930266816
no.musikk,6ebc9f5975005427,5,409,0.9977522700077386,0.29419484237352467
no.musikk,6f255cb5fc4b7d42,13,601,0.988450566072553,0.3860526118754264
no.musikk,7ac67e7be884c27c,11,952,0.9956514421399303,0.08509095912601404
no.musikk,832ca9e95d77d907,24,1402,0.9834159249514819,0.3737154648925249
no.musikk,8c1620bda88965e5,3,446,0.9489166222728689,0.3080808695663644
no.musikk,92220c9aa15e49c6,8,526,0.9876241996578276,0.24700730682163194
no.musikk,9293df8db43cfa80,8,704,0.993231979921186,0.27218735587794674
no.musikk,a22d8a7896244ca2,9,515,0.962201846176017,0.3792929917744364
no.musikk,adc102a374ca40aa,8,1139,0.9974505254925194,0.1880939629600105
no.musikk,b0d33955650f8ec0,10,1050,0.9952185933051877,0.6144258082025699
no.musikk,b63d8733a5ef00e1,8,409,0.9952666020784239,0.27035746389146936
no.musikk,c1273f89183dc5b2,4,211,0.9835522094684588,0.24261668715652357
no.musikk,c17d5de1685bb637,4,352,0.9950918050930693,0.2839497595997999
no.musikk,c274556e746f7d77,14,1128,0.9933704998089932,0.14985332218238046
no.musikk,d97c303764354548,12,681,0.9919698641285939,0.3536731441812889
no.musikk,d992c082e8be996f,11,505,0.9683971425132879,0.2796682905307114
no.musikk,da10e0b6a18544fd,4,421,0.9857696798796284,0.41022344685112144
no.musikk,e2d9a36d4899b809,12,731,0.992526183938918,0.1178607584849323
no.musikk,e6b8de39092133a5,4,618,0.988547226710098,0.2944054424562776
no.musikk,ebcdf0e405a02fe1,8,730,0.9933898347590766,0.26145007593346714
no.musikk,f1d8b1d405dafc1a,8,687,0.9950613053624875,0.23776475925228527
no.musikk,f2a723c4d4980a3a,4,274,0.9907495782756311,0.13279169884217693
no.musikk.gitar,088d225a179a695e,3,323,0.9980179150630146,0.4103149413490008
no.musikk.gitar,11b23601b5aca7c4,1,177,0.9963812005408539,0.4041694039125723
no.musikk.gitar,17865888979a6d7f,61,2720,0.9834079385229947,0.32936315930782845
no.musikk.gitar,19a80297e3a1fd84,1,186,0.9986829267055513,0.4781525501892946
no.musikk.gitar,2297ba9f0d34ee07,6,193,0.986286301653725,0.19444979498536563
no.musikk.gitar,25ded067a6d49e3a,9,1181,0.9949952587765529,0.34577393005262275
no.musikk.gitar,29f3fef5b845307c,3,419,0.9971999261800285,0.13211792397583638
no.musikk.gitar,36d1ddba88e8c979,2,500,0.9985149605496898,0.42626097882419844
no.musikk.gitar,38b0ed5ea837bf69,10,578,0.9942374899815939,0.23043804926127673
no.musikk.gitar,43936cc2afb8963f,5,431,0.9958188467137608,0.4368601511783247
no.musikk.gitar,44f97bcd826074fb,7,629,0.9945177832151489,0.3885281761963927
no.musikk.gitar,49a609147ebf5c14,18,877,0.9739500783726373,0.09776516648282702
no.musikk.gitar,53cb8918d4985d1a,4,333,0.9885758618074356,0.3448639294811297
no.musikk.gitar,55d0a6d90e5617bc,2,508,0.9974981482601311,0.2840604715529303
no.musikk.gitar,561c7c0e091820e0,20,635,0.9846325070114528,0.1494950515348382
no.musikk.gitar,5adb57c6eba473d3,28,1333,0.9912738371555241,0.4249291592026463
no.musikk.gitar,70fabe3b884f4d95,3,330,0.9976787937843393,0.3741000190819708
no.musikk.gitar,8cd0046a7bf54c47,24,1253,0.9845815835482056,0.32538771816418555
no.musikk.gitar,8d370e457325eacd,6,862,0.99247955395534,0.4645562976006436
no.musikk.gitar,92688b49660e9b3c,2,270,0.9965150204844107,0.3239309845740259
no.musikk.gitar,927a98b4353b87c4,17,872,0.992791919320562,0.45543794623148054
no.musikk.gitar,944f844e0f3e3b8c,45,2719,0.9883347614645803,0.3120203412353559
no.musikk.gitar,9660edd4f4c252cb,3,303,0.9976493071315534,0.37294645483819405
no.musikk.gitar,a22550bf158d52b7,15,608,0.9898747271455209,0.4918470677591276
no.musikk.gitar,a47470c2f25dc299,2,398,0.9742364581747506,0.4246220097058544
no.musikk.gitar,b29dc1404926c0ca,12,433,0.9667023455510042,0.2708697533619434
no.musikk.gitar,b595986928f1a3c4,3,598,0.9944907632291888,0.40943102505596984
no.musikk.gitar,be66c55b11e4113e,7,337,0.9813482600150065,0.16042458955055644
no.musikk.gitar,c0772d54dc32c510,9,233,0.9828568987141164,0.2939226219152382
no.musikk.gitar,c6cd80b5826d9db1,8,748,0.9928180976393923,0.49154603684277237
no.musikk.gitar,c8b02d1930760540,8,777,0.9677304645717397,0.25791398246053365
no.musikk.gitar,c8c3a65324cd25f0,8,660,0.988592002011015,0.474147820611087
no.musikk.gitar,d4478d0661bf9378,3,646,0.994938742481903,0.2350041577716664
no.musikk.gitar,d58ebd1e72a107d8,5,257,0.9935969102185596,0.33964341895500394
no.musikk.gitar,e067ab9b9de2c633,4,155,0.9876933261773053,0.23671689735006327
no.musikk.gitar,e1dc712c0e1c3b24,23,1458,0.9917509090934669,0.2584563187939878
no.musikk.gitar,e8d739347c0c01cb,7,452,0.9948798817123607,0.5405498543679158
no.musikk.gitar,ef5b280792fde7fe,5,283,0.9739325796263314,0.3077482831587275
no.musikk.gitar,efebefcc31f60c23,6,5048,0.9959435608963497,0.28909124740250364
no.musikk.gitar,f08cac24467bc258,1,88,0.9957979825045757,0.3448774515497235
no.musikk.gitar,f7a307246b758f04,4,194,0.9722314023128075,0.15781974610622068
no.musikk.gitar,f7bfc5295e5338dd,38,1838,0.9758905965056843,0.20200471986152116
no.musikk.gitar,fa1e4a806fdbef9a,6,195,0.980938565044719,0.16891774679985083
no.musikk.klassisk,012fa7caf752844e,7,401,0.9854629748052094,0.3166002116715146
no.musikk.klassisk,079e9162e9fafb11,7,667,0.9950891551956966,0.30643559604872833
no.musikk.klassisk,07e947079fee664b,18,799,0.9882333221633636,0.379660861675289
no.musikk.klassisk,18a191eaa9335c81,3,465,0.9976251273487224,0.30205309969819977
no.musikk.klassisk,1967af1e80d47985,8,235,0.9825923153209903,0.28525968600176316
no.musikk.klassisk,233133922d172781,7,577,0.9855085723505576,0.2413367393323666
no.musikk.klassisk,268205bad9743704,14,677,0.9927033213130074,0.22970083812560405
no.musikk.klassisk,327595305bf9269a,19,719,0.964487449213329,0.07546674635416517
no.musikk.klassisk,38120ff5bfe67eba,3,64,0.9669096485866604,0.21468721105060223
no.musikk.klassisk,3fd9348003ac450f,8,217,0.9813317974296709,0.233665857745843
no.musikk.klassisk,488a84c8274e888a,11,807,0.9935950603905561,0.3895236681014835
no.musikk.klassisk,49836c7a160c6c4d,16,778,0.9801278435047378,0.45108003693167825
no.musikk.klassisk,4cd8c36a5e32b541,13,583,0.9903697739692097,0.09491719547646836
no.musikk.klassisk,51e19eb3b459125f,2,298,0.9968734027082462,0.3194993276810479
no.musikk.klassisk,567d6cf72479ec51,4,210,0.9773990277471564,0.1168319446947019
no.musikk.klassisk,5d432f37fe5d93be,1,82,0.9891390235127282,0.31968819296559026
no.musikk.klassisk,61b5b61d5ce9e94c,11,579,0.9926128282496449,0.2381274751767875
no.musikk.klassisk,670bcff66a3c0446,2,319,0.9976213267984871,0.22954019156869918
no.musikk.klassisk,68bd8c5e1fce6a1d,10,799,0.9904571708194837,0.2640700521095351
no.musikk.klassisk,6a7c700f96bbf5b3,15,735,0.989227344683113,0.39504640877585245
no.musikk.klassisk,751f1a94549d95f9,5,414,0.9933210886995775,0.1824093983565883
no.musikk.klassisk,7a1ad7f08dccb7f4,8,593,0.9879093992277473,0.2106545485372217
no.musikk.klassisk,7db803e4d1e898a2,4,378,0.993097374827303,0.388123556293179
no.musikk.klassisk,8b5b55c410441326,23,956,0.9841991287859515,0.2076098868354817
no.musikk.klassisk,8f87064cbceeac2d,12,825,0.9967970869955681,0.10706005624864043
no.musikk.klassisk,9c5d18eef2df0ac0,23,1342,0.974476331373759,0.19884746091029576
no.musikk.klassisk,9d2322693c47ae21,5,134,0.974224073951981,0.10834904922424118
no.musikk.klassisk,a88549bdad6b6012,14,1145,0.9948432706695405,0.307237419746338
no.musikk.klassisk,a90a40abe68b990d,4,177,0.9865124924940286,0.30373703758788007
no.musikk.klassisk,a9dd1251ec9b8f2e,5,607,0.9958693097452354,0.35517892715152155
no.musikk.klassisk,b24983a06290ecdb,30,1319,0.9821443150487421,0.2798548888000809
no.musikk.klassisk,b601084cb54ff35b,7,561,0.9956558058365236,0.41036538584570603
no.musikk.klassisk,b630c7bcc8ee8121,12,517,0.9870522725565547,0.3504170670208668
no.musikk.klassisk,d7181af659b21c2d,23,1356,0.9934218162149925,0.3431197051838933
no.musikk.klassisk,dd95f75ec6796e3c,25,2622,0.9992627468814375,0.2034868565532821
no.musikk.klassisk,e1ef1c526dbf9a06,20,1099,0.9940530918830374,0.3884565252979478
no.musikk.klassisk,ea10d9b8068f4ea5,8,572,0.9895868425626169,0.2980877624469029
no.musikk.klassisk,eab76510d362bf99,12,543,0.974489753123349,0.28970066770439823
no.musikk.klassisk,f0356e9508f6fa9e,5,321,0.992061940420044,0.15044377217153687
no.musikk.klassisk,f15fc5d04cdc407d,5,663,0.9968453469637927,0.2890852173214672
no.musikk.klassisk,f30bb7c48327e664,5,275,0.9583622441921573,0.20178117894408276
no.musikk.klassisk,fcbb5ab0cfdde17d,7,236,0.9730472500058857,0.200893159502563
no.net,038e57295e054303,3,226,0.9844967375486833,0.4436173364420379
no.net,0d866aa324a0c6a1,13,1184,0.9944017527597325,0.4144414722216846
no.net,0e3525eee7600b8f,15,1023,0.9567415189790935,0.4788563117475036
no.net,0f4a733cee3cc0ed,1,699,0.9997690530814956,0.37452934123704035
no.net,0f8484947842b9fd,3,369,0.9935937057247745,0.4341577082874002
no.net,139c5a541a937f9e,5,370,0.9825281726810801,0.47207923046709405
no.net,14604d436654a4d2,8,573,0.9897764612312966,0.28148066991976245
no.net,17cb82c61f94bb3e,9,409,0.9932638519720605,0.21583700711444456
no.net,17cda7f00e6c8c78,11,1049,0.9932488283515859,0.6323055615804478
no.net,1c0e485baefee508,5,407,0.9889897766264457,0.35030429401171836
no.net,213651e39061e83b,46,2124,0.987215658484875,0.2995983249737923
no.net,29a9fc414e295834,2,178,0.9940436176993057,0.251076472578824
no.net,29f8d1a14bdd7ff4,5,648,0.9921116016181262,0.49090897263658567
no.net,2ce9697d2b3256bb,6,661,0.993496146374669,0.5748177851560775
no.net,417ce2bfbcd75f24,18,2258,0.9955781624760686,0.5710962144963238
no.net,42fd891c455a7dfd,10,553,0.9919985963628006,0.5572425026771575
no.net,4cb12c5e799ba57a,2,170,0.995351472757286,0.27232378214460323
no.net,527f10eb7c87f725,3,432,0.9970790323539978,0.12620983675290137
no.net,554bc9b116116a1e,9,617,0.9940174854155228,0.33193483497402265
no.net,594281d88e8715a8,8,597,0.973396906059143,0.57166916797258
no.net,5f0f5e7231081d0b,30,1369,0.9907152871527646,0.3317692964666725
no.net,653405d5563e5847,5,546,0.996595857026717,0.4755751310467059
no.net,66f12870ce3e3885,8,473,0.9947882661527654,0.3303978487951845
no.net,6a74d9636a7f35d3,32,1675,0.9952350304296949,0.2727532117113059
no.net,7a6c35840d97b038,22,752,0.9880711244651406,0.2683156151095344
no.net,80f2325acd68a0a5,4,233,0.9784078019840374,0.12732540750382132
no.net,86f9a2405b74fa8d,3,304,0.9974774232427378,0.37781639523757743
no.net,8dc0520af883f79b,11,473,0.9932978675554687,0.12142694008277947
no.net,91ed9a2dd549eec9,11,601,0.9900325797414787,0.413560983538981
no.net,a590c7360d9b5da3,11,532,0.9918852011372061,0.5162001065690102
no.net,a7fb2711dffcb789,7,418,0.9871263905015565,0.31920926990866466
no.net,b215d0fe464c8cb9,3,142,0.9858771726187886,0.2720501174357549
no.net,b40c50a253cd5b69,22,1075,0.9909563307169532,0.4102526720274381
no.net,b94d19b6ce93d965,12,368,0.9898663278838038,0.13531118822442806
no.net,bd8b523017a7f3fc,9,1030,0.9959454962157136,0.39658758545843115
no.net,c6f8337c4a425c4c,19,507,0.9824934998087036,0.3424025754546248
no.net,c7a6ca9d2dcc02aa,8,555,0.9928718213500859,0.38884474878860614
no.net,cc91b21876f4599b,3,289,0.9988342573145794,0.5150003732282737
no.net,d3cd2d34dd917d7d,9,558,0.9956645009279015,0.20823326709876333
no.net,d88d90e59d8be0d0,14,936,0.9816914453095212,0.5034844001563458
no.net,deff69340e425ccb,20,588,0.9877664043037687,0.1561976378158988
no.net,e3be09b66bad742e,13,345,0.9483413054121335,0.4533719315079345
no.net,ed634ca8e93596cd,18,838,0.9754556506635587,0.25214763173954846
no.news.diverse,052cb290ed3bc2a1,3,284,0.9958443843386452,0.25854336610418954
no.news.diverse,05f8be9768e9a7a4,44,2715,0.9921979321364444,0.4658024101457651
no.news.diverse,069ec2746f0915a6,3,261,0.9977029488379638,0.5532596986303101
no.news.diverse,0a0ff6e36e410614,3,296,0.9809576458002585,0.39878890764603225
no.news.diverse,0b8dbda321faf52d,21,1615,0.9918161494437482,0.3950827569889573
no.news.diverse,0cc8f35394c4d714,1,209,0.9973569272370792,0.42049158564996725
no.news.diverse,12f6ff9a05e00c83,1,10,0.9634183078748797,0.06525693905495528
no.news.diverse,1413005200b9c61a,6,654,0.995074015353462,0.42090615048948593
no.news.diverse,17daab5814cdbabd,10,322,0.954314574448876,0.33416301460762576
no.news.diverse,203abd694f595f11,17,672,0.9771796276217674,0.32607274664368824
no.news.diverse,22025b89969b54f7,5,242,0.9781529891620055,0.20828859423960286
no.news.diverse,4c82c08ad7476730,29,1173,0.98031320237174,0.5322239986352525
no.news.diverse,56d6b502eb0b1266,7,307,0.9218025004711865,0.41413829793053974
no.news.diverse,58a8b00e771af582,3,965,0.9966679573897697,0.17082146888581037
no.news.diverse,66fc35f6c0b6871e,10,619,0.9860916978625542,0.4491526167790118
no.news.diverse,6ba21d602eab37f1,66,3973,0.9914508121121518,0.21338599467946265
no.news.diverse,6f489423adb12539,5,561,0.9913533841649967,0.5314577024916046
no.news.diverse,72842dfb24755fd2,2,243,0.9990804146527157,0.311055982263494
no.news.diverse,752c4fe05c3d520f,23,1111,0.9874665392139413,0.437167393867048
no.news.diverse,75d555404e9c4657,3,334,0.995265960885367,0.5138484097938264
no.news.diverse,7739e2b10ef5f11a,9,786,0.9899812600321477,0.2677706285357935
no.news.diverse,7a31b74b6e29d643,8,588,0.9927672258109929,0.3928560980008745
no.news.diverse,807b813c45309601,23,1089,0.9757078572784345,0.5629922842940129
no.news.diverse,8138a188b28c3782,5,234,0.9854061563566358,0.2573026639464035
no.news.diverse,8ea59705b298dd4c,11,422,0.9907113393517101,0.2245441519434749
no.news.diverse,94c5e98a33abdbb3,15,567,0.9919076834080953,0.17706756859102316
no.news.diverse,957f7832a6050275,27,1516,0.9842587897002455,0.5016058697506507
no.news.diverse,96c42c7a6986b20b,5,460,0.9948182540681331,0.3045198944025205
no.news.diverse,a14c5c8c6c782ede,13,759,0.9852255818683439,0.20579233809464317
no.news.diverse,a6f756e2f2076a0f,13,536,0.9877895503109608,0.3444409275222971
no.news.diverse,b16a2ffaa09f1448,12,513,0.9692372906760265,0.2427569747416781
no.news.diverse,bef34d994d79dcd5,1,68,0.984668796003813,0.25049092336500606
no.news.diverse,bf939d9f60e502cd,9,723,0.9923510814620677,0.42182511088988706
no.news.diverse,c034cfcd0634df9d,20,1579,0.9903248070659335,0.4168129827451724
no.news.diverse,c666a6b6abb37c79,3,411,0.9965936481832809,0.35724921067414495
no.news.diverse,d41dadc8164b85fd,3,176,0.9552528958003301,0.20449613240646877
no.news.diverse,db6ea1bc5f1d9115,17,851,0.9820113741672232,0.48455461342517225
no.news.diverse,e324553ac7aed8ec,6,319,0.9775695689526043,0.4131671902433737
no.news.diverse,ecbc2755b0b68c33,20,671,0.8660105442981064,0.3028921390972614
no.news.diverse,eed39bda7003cf2e,4,339,0.9764439282603682,0.2638542208101068
no.news.diverse,f0f96d1db91af11a,10,1051,0.9974396544393304,0.33652389640140956
no.news.diverse,ff9b03948cef02c6,7,408,0.9941464572153886,0.39190777278169836
no.news.drift,01a15e5565847b9f,5,285,0.9770304212729917,0.42683511175785144
no.news.drift,05194bd83ffe247d,14,1719,0.9875747557355279,0.44446993041118393
no.news.drift,06417dbab3277ed5,13,488,0.9863361809681696,0.14010022684524642
no.news.drift,12556729b129db4f,44,2029,0.9836372567664762,0.48779467425720907
no.news.drift,1d480c4a40ced645,7,2167,0.9903142810613352,0.1926628546938668
no.news.drift,1e979ae56cda3050,3,419,0.9985427124881379,0.4718974218081699
no.news.drift,2b74518c184e47b9,11,761,0.9789561422612546,0.4928371900786757
no.news.drift,2d1f201c39d80d54,6,513,0.9910605312185851,0.2300483847592296
no.news.drift,30656808410ace3c,5,367,0.9943238230507209,0.1632706188359114
no.news.drift,362ae2a914e5ba20,7,294,0.9732770457715566,0.4187218470793376
no.news.drift,375a52fbbab550f5,3,188,0.984717358587903,0.3058391943683845
no.news.drift,399a536ece0031ae,9,307,0.9624489346907988,0.3611644298207291
no.news.drift,44cf08ccc3dffbc0,3,799,0.9985793127267177,0.3999606967881082
no.news.drift,466c24f46c341187,4,889,0.9972607547775131,0.317628158345681
no.news.drift,4bddb0b0a3dac6d4,2,593,0.9974270091344319,0.2375263830963818
no.news.drift,4f60397d278ac374,3,326,0.9976688811418996,0.15307164089222064
no.news.drift,5913cdffcdcb099d,13,698,0.9762505363162284,0.5933846167292252
no.news.drift,6999568be2a7e2e8,6,717,0.9931148053217094,0.47640072411280926
no.news.drift,6ef2c4d9a8aaf12c,16,848,0.9517247957214979,0.5279540247292506
no.news.drift,767f74b56babffbc,10,838,0.9933089132598978,0.3811874018791667
no.news.drift,7acb495df6f3cf9e,3,318,0.9984627054630879,0.49457924965477856
no.news.drift,7d7b31baa658ff17,7,526,0.9928813090229042,0.46937187483207526
no.news.drift,855ad0ec31c40ba5,3,329,0.9899268021508199,0.2940806841624498
no.news.drift,88485cc022c28d50,4,199,0.9601212164849384,0.3891448973506677
no.news.drift,8a1a5fb79495f334,7,759,0.996280045883753,0.49081698803761786
no.news.drift,8bf2bf8dec3de1a5,1,206,0.998258634284776,0.18564349573311942
no.news.drift,8f8f4681ff214c96,4,651,0.9993835255951228,0.6208310833642274
no.news.drift,8fcbd72415585d76,2,618,0.9994583300568387,0.54983966391198
no.news.drift,902af0b3bb6f0187,15,786,0.9896974935511277,0.5437141709788658
no.news.drift,9c2dc91425a93619,7,397,0.9847339103115471,0.31045317210415746
no.news.drift,a25bc2e59e2ad6ef,4,228,0.9780725725875263,0.10411005272146606
no.news.drift,a9366e7c8492fc09,6,334,0.9895185575162123,0.41861998878782336
no.news.drift,a948cbea45ccb4f9,10,455,0.9760078996163929,0.09379291908548049
no.news.drift,ae01f850ba4dffa0,5,322,0.9895195941674835,0.3027903213454682
no.news.drift,ba6b18699e7fe748,8,489,0.9643656889573758,0.3718885388219203
no.news.drift,bc5d827436df06ea,6,515,0.9939814841580046,0.5129680425379611
no.news.drift,be2b05f9af05c13a,14,884,0.9875776801330737,0.5930059415511895
no.news.drift,bf34b86427888022,7,476,0.9935286430169663,0.5287491593450789
no.news.drift,c7e64064c2d82658,6,651,0.9978035493693636,0.5570273192702071
no.news.drift,d6e0970ad677107a,19,816,0.9866561271699974,0.458156144598633
no.news.drift,e317f6dc4847e460,2,129,0.9864549449127409,0.3055293112424012
no.news.drift,f4b816df30710564,6,539,0.9901260283809012,0.4715281139930933
no.norsk,084252b9d7ec2868,3,238,0.9926773022179156,0.45093364724105767
no.norsk,0acdbd65e6d00757,6,377,0.9919170961400716,0.38747292692703494
no.norsk,1d78242279e161a3,59,3387,0.9848785309615669,0.465219433501647
no.norsk,1edaae64a7400f4b,82,3744,0.9682854831036652,0.5364859028233822
no.norsk,1f0efc427cc3c632,9,637,0.9858387589096055,0.380484983240178
no.norsk,211d5c025f1e62ff,6,179,0.8685759182821886,0.3567411620326425
no.norsk,27f29176d1eed711,6,574,0.9961471430350555,0.08903537320287683
no.norsk,2aa1f10c6435e02a,28,1549,0.9930259420763335,0.40979868972130395
no.norsk,4431c6b0bf2cc4c2,36,931,0.926556011185172,0.3766660604032694
no.norsk,4935c33eb8a9ca4e,3,385,0.9906746054750206,0.36688763737236824
no.norsk,4f11c8e0f0909f97,23,1159,0.9922408276242936,0.43073473003920204
no.norsk,57c8dcb1e1567f49,12,991,0.9795016054460748,0.5881711477563295
no.norsk,5805d4410a199f78,3,233,0.9682267683507488,0.3959485076179571
no.norsk,5b146d91aef3bc9d,14,412,0.9246484540476781,0.22485084549933987
no.norsk,5bd4b24cf5edc624,18,1041,0.9749420137376132,0.42610995980087635
no.norsk,5c61dee2258af2d8,6,491,0.9856406194589682,0.34242715577350485
no.norsk,61a7d26bc973f4ed,6,489,0.9945185412527234,0.3700606953059585
no.norsk,640c58150ea0b3f3,4,147,0.9602359486478477,0.15067443251379045
no.norsk,6b16d69943cf6503,2,432,0.9867401172580922,0.4779420645868867
no.norsk,7bb773c5c1ce5d64,2,414,0.998354925268945,0.5558778140412826
no.norsk,7c5a294871dd89f8,15,805,0.9946630343524225,0.2710736808871623
no.norsk,8398f57af52edeed,12,448,0.9534262246144668,0.18983048403326758
no.norsk,908d8175bd4e727d,4,317,0.9938702366707953,0.20857488738334293
no.norsk,97ee78cf793fe48a,10,364,0.9903094241143531,0.32536906921948733
no.norsk,9c15f225c58e1a87,25,1391,0.992858234479154,0.4935289831197641
no.norsk,9edcfd2ae6d958db,10,941,0.9962879708466702,0.38047699217413633
no.norsk,9f95457eb6e1b423,31,2258,0.9975698611994033,0.3601880489492653
no.norsk,9ffcd43d85aff80c,11,652,0.9932499875685982,0.3413393326724949
no.norsk,a507484039434a4a,2,215,0.987259840891527,0.4056476592591167
no.norsk,ac7522077b5b1ff8,22,1178,0.9721897064913173,0.303686210521647
no.norsk,acaa067424dcf8e8,3,59,0.7584421276307967,0.18498582342622216
no.norsk,af2f75996a837bd9,20,1111,0.9822214394779131,0.5099074886914512
no.norsk,af6e566ebd8bf2ad,9,619,0.9880476941610591,0.22257638754634274
no.norsk,bdf4597c2dc1c14d,7,617,0.9954669579122692,0.23820955211745254
no.norsk,c4990dee0e1428ee,9,497,0.9851384916932421,0.2862123144340245
no.norsk,c5fca711ddf0fec0,5,689,0.9751560388410846,0.2836283824157407
no.norsk,cfeaee1b82046fd8,26,875,0.9709625202889944,0.45725696845503977
no.norsk,d28fc6d8bff15eb2,5,142,0.9774025798020254,0.26997810826145174
no.norsk,d9586073aff02ccf,9,577,0.9947337715384397,0.4546840894289702
no.norsk,e74afd7a759a9341,7,329,0.9774312889533077,0.22755948301766518
no.norsk,e79173e92c1a36d6,37,1458,0.9874997745226136,0.30685591731775524
no.norsk,f7974f6624174feb,5,565,0.9966332263608438,0.3893848998380665
no.norsk.fagord,0d0cfb4f708707e7,4,725,0.9976301699642856,0.5569179402790659
no.norsk.fagord,10fd0e95b3f23784,4,624,0.9988971720692519,0.41911847520904794
no.norsk.fagord,18ab3afeb4a27245,3,227,0.9703601372801124,0.3726398164827224
no.norsk.fagord,193f221b2a42e43c,12,553,0.9729124123261288,0.363712866415189
no.norsk.fagord,1ebebca89a46309e,8,526,0.9930479446258981,0.3228051746390355
no.norsk.fagord,275835afe73eae86,10,661,0.9885317857101155,0.3532328663820057
no.norsk.fagord,28bbe7204df37a29,5,453,0.9787074398168039,0.29645575857174034
no.norsk.fagord,2c26867af6e9e402,11,1032,0.9932039297111969,0.3777757067533701
no.norsk.fagord,2ca9f4ed009137a2,1,307,0.9989772331116742,0.17501228307996505
no.norsk.fagord,360286c9418e8328,5,246,0.9700116099813035,0.18527960688130246
no.norsk.fagord,371bc7db65a14d04,2,340,0.9972043686076372,0.5841956383433757
no.norsk.fagord,46804aab0825a9a2,6,383,0.989291608922742,0.36965026525340045
no.norsk.fagord,4988e2befa047fc4,9,561,0.989768767136051,0.30733523221066206
no.norsk.fagord,4bc9b5ae81d89e50,1,210,0.9994913650877879,0.34941920309504426
no.norsk.fagord,4fa05e1b196cef64,24,1499,0.9785541613164541,0.43907884526738866
no.norsk.fagord,51394a58b7ac6ede,2,476,0.9968479700976867,0.17894305703510244
no.norsk.fagord,5f8367d51b5ac95e,4,1174,0.9960484361074244,0.3127212301643537
no.norsk.fagord,619b7a2e90c8ce43,5,581,0.9919073480997169,0.41467929391054875
no.norsk.fagord,626ed9fc4a622b33,5,432,0.9900929722618086,0.24739881353215665
no.norsk.fagord,6b297c1b42aaff21,4,364,0.987042999873821,0.17274215527785616
no.norsk.fagord,80526e7e842e4650,2,502,0.9977589230927425,0.41160892358071444
no.norsk.fagord,8162cea3ce305489,11,1276,0.9959799866515539,0.29589330306239786
no.norsk.fagord,822cc6e37af8cc67,4,449,0.9736058238761761,0.3003244720255964
no.norsk.fagord,884f663a69f11360,7,288,0.9598143024860494,0.4988663202452588
no.norsk.fagord,8a89ddf4ca608332,15,1600,0.9922300728560018,0.18128669950640103
no.norsk.fagord,97687680f37e5fc4,16,646,0.9476441000168007,0.4818467038344187
no.norsk.fagord,9d271de2c54da81e,30,1706,0.9802373697463207,0.3632440331453328
no.norsk.fagord,9fd92e09a70604bc,3,510,0.9957359352820351,0.3742349941778967
no.norsk.fagord,a7a86488c18ad1ea,11,543,0.9698314137985662,0.4225815069600284
no.norsk.fagord,a8d4d95722de5108,21,917,0.9820433184413185,0.42452403026438956
no.norsk.fagord,b38e9001bffde60b,2,250,0.9983309597147618,0.3228874142265012
no.norsk.fagord,bbda3005fd6b4719,2,201,0.9972211661957501,0.26959122924410994
no.norsk.fagord,bc1e7346fffcb51e,2,303,0.9905168222739118,0.39095908286811465
no.norsk.fagord,bcc6e6e0771768d8,2,180,0.9946975691022045,0.1216136435960036
no.norsk.fagord,bf6c8b94ce1443b6,54,2906,0.9789364057857967,0.21983842823593944
no.norsk.fagord,c7e967d971482423,26,918,0.9519542004286585,0.4355735069365463
no.norsk.fagord,d344ec2ad88c1cd8,12,528,0.9860666773959643,0.32241009166125
no.norsk.fagord,d9753d629a9f6ecc,12,643,0.9859864296555432,0.45932538718063665
no.norsk.fagord,d97ae2ca3b98ebe3,6,372,0.9970641754728203,0.2748785343426403
no.norsk.fagord,e407532e4a8e02f2,1,280,0.9998026290836544,0.09866221514700682
no.norsk.fagord,f33549adba8395c9,6,633,0.9921853445949423,0.45286355856136246
no.norsk.fagord,f624ff0736d2fb24,6,423,0.9864823900146598,0.12318504964331987
no.norsk.fagord,fb0f1afafe40927b,6,339,0.9809106653367936,0.5612157559778015
no.nuug,015032a432a26fa2,13,993,0.9888012910262274,0.11337814441192245
no.nuug,02402a29278dd919,15,629,0.9603715517000261,0.5261021747528983
no.nuug,08a7f14c215f4085,2,65,0.9227543016294633,0.2220394114981456
no.nuug,101930625ad4ab8a,19,848,0.8953078843723046,0.3726683993504523
no.nuug,1b8d24343f6a58e9,14,948,0.9920165735956535,0.4088316468850799
no.nuug,2030c1e00a8e2654,3,524,0.995768283665654,0.3683579748495979
no.nuug,3861bbe17f34f569,8,381,0.9709721083691202,0.1431907162545968
no.nuug,3d48bd71191635eb,11,1030,0.9894320481440937,0.39387249078948233
no.nuug,46226533cbb3d497,31,1341,0.986124989117502,0.21981197950897688
no.nuug,479f14ebb38e5fbe,7,319,0.9775117780907727,0.3262050995930108
no.nuug,51b510e80f326965,3,316,0.983413255602589,0.35532899081057473
no.nuug,56003fbcc4a6c06e,12,578,0.9562346190739144,0.18585586227074882
no.nuug,591a0b2193b23b4e,15,618,0.9842273525623836,0.07245054731468441
no.nuug,624be8dd39b5aa3b,18,985,0.9713219908608708,0.2614249707541229
no.nuug,6cceea13ea802dfb,1,248,0.9863129015968577,0.46076481861210195
no.nuug,74dc6c3e6de7e8d5,3,329,0.9671652533379889,0.47354089651084613
no.nuug,7a363f205b7dac34,2,97,0.9263577138315501,0.40203746308411237
no.nuug,9945992975bd2875,14,672,0.9831020869976465,0.3398791942073981
no.nuug,a34c82e5c0c551be,7,395,0.9856493606213192,0.35522360204510284
no.nuug,a41269a317094305,124,7253,0.9870418120658563,0.2985254446276553
no.nuug,a7468e7be23db137,71,2769,0.9751451895849946,0.34963336510638
no.nuug,aa26b2254ae72833,5,551,0.9943177477274237,0.329457137983085
no.nuug,bada3a3429520083,1,209,0.9947310257380094,0.23661788685971205
no.nuug,c4ba203550aba8ea,9,664,0.9838583781166356,0.2320116824498541
no.nuug,c5f551bd073f4c56,14,538,0.9287773842261727,0.2741845649442114
no.nuug,d69b011d667fb570,3,167,0.990427846409082,0.24841960270658497
no.nuug,dc5a98c3bd542131,29,1155,0.9458483781518678,0.45202918771993084
no.nuug,dfc0a9b5841b4d66,7,637,0.9843065569564137,0.2452095733061256
no.nuug,e1063648cc9e7a80,1,145,0.9991416881887851,0.23277438604441908
no.nuug,fbdbcbb623e74c13,14,888,0.9637661911828612,0.29193713631681073
no.nuug,fea1ccef5ea47084,4,455,0.9927034891476407,0.37017005522818425
no.org.dnd,0f6577d66951e664,2,169,0.9752811945760157,0.07751529639789796
no.org.dnd,430515aec83235ff,2,131,0.9818603490426903,0.41674043855789444
no.org.dnd,74204439ccc87ea6,1,789,0.997078835217479,0.457423360026059
no.org.dnd,82c6861f32ac8467,2,3164,0.9994601636332237,0.507065709226889
no.org.dnd,bb300ded89b648f1,6,428,0.9769707538728738,0.20923915273246568
no.org.dnd,c85eea48bc673aec,1,739,0.9970834248556797,0.18685635071109186
no.org.dnd,d29599dc22e40708,13,975,0.9849641093002179,0.6255317063382404
no.org.dnd,e06d07161b77d381,1,2503,1.0,0.3470910267352285
no.org.efn.diskusjon,0439b961c517dc0e,7,404,0.9870046520158534,0.3113184273546066
no.org.efn.diskusjon,0daad1b2cd1deef2,33,1675,0.9887389690529482,0.19105113787329436
no.org.efn.diskusjon,1a95a770692a24ba,4,439,0.9963801192625813,0.47753699128519944
no.org.efn.diskusjon,1ab6ff1dbfbd91cc,5,610,0.9949467675212242,0.3469648795378208
no.org.efn.diskusjon,1ef2cc5bc256eb29,8,743,0.9941134257081994,0.09324956817933557
no.org.efn.diskusjon,27e24aaac35596fb,58,2955,0.9937015184076987,0.18888739987636735
no.org.efn.diskusjon,3830d3c4f48023e6,7,553,0.9786885257852888,0.3718535517428328
no.org.efn.diskusjon,434d8a661bfaeac1,15,850,0.9846021483640053,0.046906109438096366
no.org.efn.diskusjon,4378d21a9f6a13df,14,1086,0.987808415946797,0.411351752193137
no.org.efn.diskusjon,4b7920c7482f27cc,22,1182,0.9850896972731858,0.462116397807932
no.org.efn.diskusjon,4f5c37518c67e018,5,379,0.9935619505451714,0.3676133430530154
no.org.efn.diskusjon,50084c2493b13a8e,1,647,0.998873786232604,0.31011893116665795
no.org.efn.diskusjon,5d57fa8d28912b4a,129,7058,0.9787195121382788,0.25035170856324374
no.org.efn.diskusjon,5ebb8744dace6ad8,42,1699,0.9885894957226322,0.3109949126970952
no.org.efn.diskusjon,63b47192dd860a71,156,7440,0.9940840527753145,0.3354264328029831
no.org.efn.diskusjon,63be562d1d64ec2b,5,562,0.992398015107775,0.48085443269595624
no.org.efn.diskusjon,68210c4b17729aa6,6,426,0.9940578841457366,0.5536903095248863
no.org.efn.diskusjon,69b29150f2d80dff,9,722,0.9904653433633517,0.41234563574029637
no.org.efn.diskusjon,6aa31a04fb048e02,13,891,0.9949654925517091,0.32329867880136554
no.org.efn.diskusjon,7e107447d83754b6,14,1266,0.9906837680010382,0.37008813853925737
no.org.efn.diskusjon,82c15d86acfc2f10,32,2880,0.9947875078250493,0.5065449143007298
no.org.efn.diskusjon,83d412c0c1a17f98,91,4357,0.9943045882911172,0.24798551272077066
no.org.efn.diskusjon,886a3178aa0988cf,19,1796,0.9963306328625334,0.1756411104660272
no.org.efn.diskusjon,8abd0a0174adc770,10,1044,0.986453205837943,0.24492086555425374
no.org.efn.diskusjon,ae709465069ee342,36,1624,0.9864282067457654,0.2884776365726533
no.org.efn.diskusjon,af6057607e86276b,3,663,0.9982424964940054,0.5703491388052347
no.org.efn.diskusjon,b423ee91a3046843,71,4219,0.978494703882326,0.19673081915998072
no.org.efn.diskusjon,bee2947f976b8dde,82,3828,0.9890204988755911,0.460866553975533
no.org.efn.diskusjon,bf55faea7bf1496f,1,381,0.997791904874928,0.5283178710513821
no.org.efn.diskusjon,c0bdf77a6875ae76,57,3003,0.9873842700955858,0.2610417314384338
no.org.efn.diskusjon,cad812007403f2a7,39,2349,0.9946672310474032,0.283356564785295
no.org.efn.diskusjon,cf7aaf4bef6e6481,8,713,0.9862269432822977,0.5622183774002244
no.org.efn.diskusjon,d0285d855b8e74ff,5,582,0.99249785375015,0.16792456022160776
no.org.efn.diskusjon,d3112c8d4a1d905e,9,737,0.9904713284346771,0.36427797122510586
no.org.efn.diskusjon,d7c1f3f1cff89cc0,32,1320,0.9844505978240344,0.516751358232503
no.org.efn.diskusjon,da9a79c6ff7f2a6c,24,1419,0.9938828220203639,0.33992999552857794
no.org.efn.diskusjon,e5dcb50682b73a06,2,719,0.9940084072822992,0.5177063153087046
no.org.efn.diskusjon,f04c624959068cf2,13,651,0.9851689076678908,0.49042937224407374
no.org.efn.diskusjon,f1da465c6eb60f80,18,2140,0.9938718399395516,0.35832174634418323
no.org.efn.diskusjon,f9468d9fa14ec30a,16,957,0.9906183898831358,0.43589834464182275
no.org.efn.diskusjon,fe1557540ac7da31,56,3184,0.9925525848318038,0.4885964403370548
no.org.efn.diskusjon,fe732908067be65f,36,1949,0.9898398748146183,0.34957313458693634
no.org.isoc-no,001de21292a7fcca,5,512,0.9953231522417059,0.10269740920988686
no.org.isoc-no,0649d2252310ecb7,24,1000,0.987339780529855,0.10826516562341287
no.org.isoc-no,0694015015e26439,6,455,0.9944044802637776,0.15252578525472282
no.org.isoc-no,0e3ac6b4ea58a5b1,17,1015,0.9930523714652183,0.44288795154813665
no.org.isoc-no,1989ec01151c2e2e,4,332,0.9935809319261517,0.26837053386136217
no.org.isoc-no,1cd8f999c1fb4936,43,2572,0.9831719816550787,0.5592141523779721
no.org.isoc-no,373eec11eeb8101e,2,123,0.9890784745343278,0.2162679911282679
no.org.isoc-no,429d9c3c38a827aa,16,1272,0.9943164321224939,0.48665052698504135
no.org.isoc-no,4afdf63415234e96,1,117,0.9972828697994768,0.15602964376730813
no.org.isoc-no,4b2a9e7b40100d6b,18,3003,0.995125902909021,0.35827804337781677
no.org.isoc-no,5d7b6ddda6de6c02,14,858,0.9921611132209379,0.5714850850326582
no.org.isoc-no,5f6ef0b566c90630,63,2731,0.9774413582859152,0.48816852401577604
no.org.isoc-no,5f6fa5e78d98ed91,56,2914,0.9819948477848293,0.38821339631659524
no.org.isoc-no,6441f0955ff0b751,16,1019,0.9941215695166141,0.3699173839690755
no.org.isoc-no,739eea15b09af221,80,3982,0.9882914105792439,0.2762282965945026
no.org.isoc-no,752b217b03db3cb6,23,1179,0.9872880798698713,0.34882103792264624
no.org.isoc-no,791f8e85033652ae,216,11461,0.9820975926057938,0.2082143754695315
no.org.isoc-no,7d8cc7ac264c5d02,22,1124,0.9824745408660425,0.40681417932359953
no.org.isoc-no,7ef5459493579c53,68,4201,0.9886718164078288,0.361732341938411
no.org.isoc-no,7fb0ea599b52bda1,125,6155,0.9844934293291091,0.4068873127207095
no.org.isoc-no,93dc8f8ec68806b9,30,2089,0.9938735956661033,0.48657924221488497
no.org.isoc-no,97c28970d67fe5b6,31,1408,0.9896193204670873,0.1982994385614186
no.org.isoc-no,9b4b063afe5bad17,8,403,0.985685310449702,0.3086318260338628
no.org.isoc-no,b7d703217e0eb9bf,95,5371,0.9947455602563302,0.4356827955346858
no.org.isoc-no,b9231a84e755237d,18,663,0.9655154762224274,0.29908094889168463
no.org.isoc-no,bc339405d8e5b860,33,1616,0.9871458195781276,0.371761841494372
no.org.isoc-no,bcf1a8398bdddc04,3,5023,0.9975958137956015,0.38649866212410805
no.org.isoc-no,c0b2542b0ef87a9f,96,4327,0.9831217833211312,0.2909099539617233
no.org.isoc-no,ce16a603e52d6381,16,555,0.9649813200982151,0.420162376953405
no.org.isoc-no,dc069925374ef04a,24,1315,0.9888983105590694,0.5283528049605384
no.org.isoc-no,e97ffaeb43d5696f,20,1103,0.9925799530332525,0.299104086614885
no.org.isoc-no,f03015882b2a04b7,176,7736,0.9687621606129414,0.5345021479816361
no.org.isoc-no,f552e3b922777467,20,996,0.9911965986674519,0.385921015334019
no.org.nobug.diverse,011985738c4410f5,3,430,0.998977558921017,0.43995944611854754
no.org.nobug.diverse,1fe5a40463782791,7,641,0.9926437149956036,0.08033881904297903
no.org.nobug.diverse,201fbb1966e5701b,10,538,0.9905807412124987,0.4635271187507969
no.org.nobug.diverse,2275b17fba070e23,3,206,0.9934069138431768,0.30920074218623494
no.org.nobug.diverse,2355471d7306405c,2,44,0.8651477093958105,0.22796755817283582
no.org.nobug.diverse,25a75cb19e859847,6,610,0.9966013545547973,0.3451014922472475
no.org.nobug.diverse,322cdbb4d1d5cb62,42,2959,0.9907136832794033,0.22947620865864304
no.org.nobug.diverse,3abb4576f0946f76,5,482,0.9945846464064504,0.2841457530043621
no.org.nobug.diverse,4174578366f9edd7,5,508,0.9953093905009194,0.5600564704464714
no.org.nobug.diverse,41bb494f10abcd23,8,634,0.9781030195610052,0.37614425592790307
no.org.nobug.diverse,433f2d321b44b66b,3,180,0.9909308112593109,0.2262183022915805
no.org.nobug.diverse,5127c1ed42118b3f,5,698,0.9973481233883961,0.22094646163519474
no.org.nobug.diverse,5345d662a2c026b2,5,498,0.9955395716862573,0.10851787946011714
no.org.nobug.diverse,54142e7212cc5877,7,281,0.9831026794000539,0.35328468030837773
no.org.nobug.diverse,5b50eadb5cd11804,4,127,0.9752852685096446,0.3429748984576616
no.org.nobug.diverse,5bc208a5efeab274,22,1171,0.9849651948954978,0.3413030102838693
no.org.nobug.diverse,5eb842d2ebfa7c9e,31,939,0.9816339516367121,0.4510175759677134
no.org.nobug.diverse,602dcacce356e6f7,5,453,0.9969771179661034,0.4238930658201838
no.org.nobug.diverse,62bccd5bb92088a4,39,2477,0.9931193394551848,0.3657425141900865
no.org.nobug.diverse,6a9ef2dee7c7de47,4,362,0.9857425547666341,0.4064561281006895
no.org.nobug.diverse,780ebbe95dab97be,18,818,0.9898661416847364,0.23191980895123146
no.org.nobug.diverse,85206373da2f6a74,24,1073,0.981763618882834,0.3098772173630744
no.org.nobug.diverse,8dab7e3992bfaa37,20,827,0.9838441353799849,0.43814238792327503
no.org.nobug.diverse,99c9f72ec6416a0f,11,1008,0.9884040641793602,0.4850651001777645
no.org.nobug.diverse,9ae75396a393b934,2,238,0.984795615047745,0.15173598332211613
no.org.nobug.diverse,9d36a21f74260d0c,3,210,0.994367328429874,0.3504291651821986
no.org.nobug.diverse,9f2179b80ab3d31e,11,537,0.9957138324008799,0.3780070502231176
no.org.nobug.diverse,a3f2348fa444e94a,4,284,0.9904851644241593,0.2559037459635834
no.org.nobug.diverse,a91abbc69d7e0e31,21,1111,0.9602916538730644,0.2379909953347024
no.org.nobug.diverse,ade08fa3e2679207,2,362,0.998309769343903,0.4349017539128261
no.org.nobug.diverse,b03d6e20ee3a8aec,4,530,0.9965719915739679,0.5909536888748934
no.org.nobug.diverse,b638746e120963b8,3,327,0.9968719025093423,0.4008323154515315
no.org.nobug.diverse,cdec0158bf5c9905,1,61,0.9488023164479469,0.13036914305123828
no.org.nobug.diverse,cede831c4a364b7f,1,70,0.9722301196491636,0.13956721071815456
no.org.nobug.diverse,d05baafd686a4b53,3,470,0.9970961390413656,0.5988766714953134
no.org.nobug.diverse,d25fa557a1f4c20c,6,525,0.9840886052327543,0.4475718860205464
no.org.nobug.diverse,d2a70473245386b9,8,416,0.9872716721906948,0.3037545606661052
no.org.nobug.diverse,d75700655055dbaf,3,109,0.9543461090571628,0.11297309465830292
no.org.nobug.diverse,d8824ccde9c72c96,9,894,0.9941338300256681,0.287900595691219
no.org.nobug.diverse,dabb398fa36c78a3,5,256,0.9813002340061083,0.5053104480646665
no.org.nobug.diverse,e247e116edeabf3b,8,622,0.9913076785935828,0.3521651004405756
no.org.nobug.diverse,fbac64fdb51e1f86,4,362,0.9949456265897244,0.34519695680676304
no.pc,157e24f95ee8ef24,10,739,0.9908365098275523,0.2833731403671846
no.pc,17b2f76d7683e104,7,410,0.988215399101306,0.609021819085517
no.pc,19adcd16d58b667e,8,378,0.9661560107360296,0.40882138248720895
no.pc,1bad0c2077b9fecb,5,538,0.9950150097241118,0.41941626270771015
no.pc,1cb42454b6bb2f52,7,420,0.9786273928165958,0.20568040614787825
no.pc,26c8bb8d61bbbc9b,5,471,0.9965656047026746,0.326030405410354
no.pc,2e638cca51e591ad,5,299,0.9964949731278775,0.3395428327797651
no.pc,350839f18afb7b56,12,1280,0.9970059032869324,0.5297403067010955
no.pc,3f74e4a9a2df7f47,7,1148,0.9975486513805485,0.1719477649808029
no.pc,494e1e8066e6a3d3,7,476,0.9942059754968703,0.4615798762823621
no.pc,4e173e37276cc660,14,650,0.9937563542379345,0.08935933720840758
no.pc,52e1b72606acd235,9,392,0.9919259632477452,0.22766368312558943
no.pc,579ae0f49453ea05,2,2572,0.9990037475492454,0.3565076210034132
no.pc,61d20319cf5bf459,10,603,0.9949184740392454,0.25534438752395067
no.pc,662ad60c762e124b,9,386,0.9593709350438663,0.4898854478560486
no.pc,68e514b7d5311fdc,3,730,0.997817598996942,0.17935155296347102
no.pc,69c119917fcfb51f,30,1395,0.9897838957231875,0.5856949352061918
no.pc,72d8bf54f2d12ccb,7,858,0.9984077090658514,0.37540461146489795
no.pc,82dccde4536e279f,4,372,0.9890664321545428,0.35195744113265015
no.pc,8a1c8dcf283f2499,12,376,0.9705458495969663,0.4016091180592092
no.pc,8c76c4062bcf7eea,16,692,0.9817323042567285,0.22078721450095745
no.pc,a14ea580912b7a3a,3,455,0.9966207352644681,0.11681180852927749
no.pc,a4b90c8bf1cb8705,12,833,0.9947675236091024,0.2613667335330556
no.pc,a679ef099cf27a3b,1,92,0.99525822785323,0.09507110012932447
no.pc,b2ce24c74dcb1673,3,227,0.9948502106339473,0.4105077809956553
no.pc,b4d59ff6169be5b8,6,376,0.9941518239378833,0.6735520086051107
no.pc,b50ff14a8335390c,7,388,0.9921293608669481,0.5791343792108031
no.pc,b6ec02f8cb379f40,7,705,0.9946864185079154,0.243063852731114
no.pc,b843a9d963c398a1,11,685,0.9918987999923344,0.5747826717548203
no.pc,bad9fb1a44037f66,1,304,0.9991736444454248,0.23432053548105894
no.pc,c19021da75313d86,9,843,0.9895098870591675,0.38379249200861243
no.pc,c4464b06a0234c3d,8,420,0.9808833986779464,0.3482098123951824
no.pc,cb22c48d40a5e238,33,2660,0.9914854445784951,0.49421640791912724
no.pc,ccb4379d26db4207,4,434,0.9927205203379762,0.39776957830182047
no.pc,cd7497545b35b89a,12,1206,0.9908911651316116,0.1917737408908069
no.pc,d084f42c54ae5898,11,472,0.9890887827868294,0.19996514694305195
no.pc,d793389e31631f7c,4,313,0.9950806507688541,0.17777848147866493
no.pc,db44700e999c1d5d,7,287,0.9907239708289208,0.06450796981920273
no.pc,dc74c1d6f3b80cef,6,366,0.9917097442780075,0.4058475866500099
no.pc,e03e0fe981563c4e,9,647,0.984148809259487,0.49481038593714255
no.pc,e9acd47a7657a988,1,382,0.9974319531312136,0.1802372781949419
no.pc,f3cad7010e8909b9,4,382,0.9575442942042193,0.31752814248379624
no.perl,02e8f0bd7090f54e,3,97,0.9866747642815028,0.39097496266583226
no.perl,037cfeb94eec85e2,1,193,0.9972777139688177,0.04320031187859369
no.perl,0b2a695aeaede18d,3,354,0.9949047135997586,0.11644494785220125
no.perl,0e39c45eb57d8cf5,8,477,0.9868589227937239,0.23591315914556743
no.perl,10e09c82b04fc502,5,1281,0.9967150793749837,0.4187866131284131
no.perl,130b82d8c06e1abd,11,403,0.9771074614273357,0.3031138143999163
no.perl,18332baf07a48993,20,822,0.9862383981298932,0.7369644901065292
no.perl,2bf0eeeab7cbd5ff,3,316,0.9774833961915665,0.34646012474770926
no.perl,2ea409566d61386c,16,526,0.9722245718841453,0.35189149600050196
no.perl,3127168679462acf,5,488,0.9899416127557913,0.19548829220305308
no.perl,341018bceb584076,4,580,0.9982146153592131,0.1494621757075635
no.perl,3c6722f5b932291d,2,534,0.9977977552140933,0.5957807109466983
no.perl,423adbaa5702de6e,12,1137,0.9971598375648939,0.24020842765222217
no.perl,432ea49c4ccf8b35,2,182,0.9947926142907416,0.47040422178371577
no.perl,43a153904cf1c416,18,1003,0.9772934322079405,0.3019407965697609
no.perl,4ad1b5bf62e6a3f4,6,269,0.9853033774270069,0.28003036301976203
no.perl,4f23b472a375fdb3,11,834,0.994195282803275,0.44122396263458386
no.perl,520d44e4ab2c2bf3,3,289,0.9983507539630314,0.5459387706757474
no.perl,52979a5ae00d61db,7,543,0.9866353534501902,0.4091817931092726
no.perl,52a9ba7e7c50d451,11,275,0.9697223740860225,0.2917936429348834
no.perl,52af68335cf56f13,2,84,0.9796770811466059,0.37743169856755454
no.perl,54402d3a9528dbb9,34,2318,0.9932284861541782,0.023189818810344313
no.perl,563d19f37eed9f63,13,826,0.988879094817155,0.23115693579903254
no.perl,57b24edfc1010f49,6,676,0.984220241487526,0.5106954256092917
no.perl,5d4ab3bde778b9da,11,799,0.9902431967596842,0.36912712476387927
no.perl,5dd80eb32f6a444a,10,622,0.9892460423522967,0.42663933340406784
no.perl,667ca6f376065d20,17,889,0.9893823183344488,0.4228436161334912
no.perl,81b82605390b3083,5,994,0.985560180704686,0.3586877538280164
no.perl,90ddf4291945a27a,6,566,0.9951002914044932,0.5055150861991043
no.perl,935b70e0fcb7ef9c,24,964,0.9736073711025673,0.5031578505347671
no.perl,988b4f1ef2622222,7,843,0.9957365099284639,0.31434392567149294
no.perl,a7672607b740ab20,7,520,0.9808369889222127,0.3565696441742501
no.perl,bec47cb6dec66128,7,337,0.9845254599537931,0.3151342929746407
no.perl,c5e20bd4a741991a,7,226,0.9717891567427794,0.37457856915291965
no.perl,c66cc8a76d56f206,13,1005,0.9926616111973883,0.5861832830373124
no.perl,cd78fe38ba6aa347,6,674,0.9839393512153971,0.4669531753955111
no.perl,e5dc2bb24b4fd381,1,332,0.9913242897319458,0.5690879084969165
no.perl,ec524e690e9cb5ba,5,711,0.9987723938832268,0.6271295778555599
no.perl,f2cad927cb5c8ddb,18,1413,0.9959373776132963,0.3245056660147595
no.perl,f8e62a49320ccfc8,6,385,0.947759159111557,0.4113775518491336
no.perl,fa60326d9f0c8a0d,9,2612,0.9987494452066487,0.2079951517687069
no.perl,fd2fa8ddbed85724,4,182,0.9865145244018431,0.048513795750868165
no.prat.aksjer,030f93fa55eb036c,16,624,0.9862942778036745,0.499225286931313
no.prat.aksjer,03205f7f73d9f7c4,7,675,0.9976242394424487,0.20826797026694255
no.prat.aksjer,0741ce07a6fb3818,5,336,0.98823599437121,0.3533351985637704
no.prat.aksjer,07e7d47f06787a2b,49,3399,0.9999051417521173,0.3497426527466887
no.prat.aksjer,09831bff2bb10525,14,908,0.9891481424759202,0.36141623107659
no.prat.aksjer,10577f53a97bbd57,1,360,0.9967320272537189,0.13488676828807683
no.prat.aksjer,1160fc8c2fa86dea,19,791,0.9853378237589225,0.20654386737966254
no.prat.aksjer,130ed8f8ff5c01c1,3,93,0.9382461066588723,0.13866486443883372
no.prat.aksjer,143e94fb3a6c778b,5,235,0.9802490801417306,0.16407888630106626
no.prat.aksjer,169be59ca654f7aa,16,1048,0.9587124309670043,0.3913231186046928
no.prat.aksjer,185a380f807c351a,2,124,0.9817640106550315,0.2111427494538867
no.prat.aksjer,27522bf4a94bcff8,1,177,0.9971017957365743,0.16615233308337013
no.prat.aksjer,284c38833d3ccfd8,25,744,0.9807213894793578,0.211643038012184
no.prat.aksjer,3146677637ef8954,6,543,0.971046492936465,0.2658370302379622
no.prat.aksjer,3239b8ce8afad8ff,22,705,0.9642114824463145,0.18239757065552753
no.prat.aksjer,335bbc88ee2c2264,22,1179,0.9910737171263311,0.16685101635292965
no.prat.aksjer,398267a99bb69e97,4,225,0.9837041485766184,0.30592978640023255
no.prat.aksjer,3e26c7d9ab609d2b,9,355,0.9701683322559355,0.19829063374202405
no.prat.aksjer,3f7ddd97e1559c68,31,1056,0.979051983918669,0.4656341018115187
no.prat.aksjer,48628ebec89d28ac,6,321,0.9771324220203618,0.2708989413034106
no.prat.aksjer,4a6734810dc0cec0,17,765,0.9587232547874829,0.28353629072362896
no.prat.aksjer,4f72817981b2dae9,6,237,0.9720314387686828,0.1538224550304526
no.prat.aksjer,5a0c0fbaf567a492,1,712,0.9992029131415626,0.3962127687805107
no.prat.aksjer,5c38d2c9371a463f,4,149,0.9151517618558345,0.033066112622295224
no.prat.aksjer,6c62464cf9de859b,15,1297,0.9942771686730748,0.32776485345872386
no.prat.aksjer,6faf3cc50080e00d,22,776,0.9878189440747522,0.2265040194698302
no.prat.aksjer,7a4fd74ee285cf57,8,242,0.9682036599416691,0.24158942732870015
no.prat.aksjer,81822c9b51d76957,21,933,0.990772084071413,0.4508967012116418
no.prat.aksjer,88dfa4c32c5f2f1a,33,772,0.9146268915793616,0.2258649517937041
no.prat.aksjer,a544bbf75d8624a8,7,268,0.9746987904309179,0.191431323799619
no.prat.aksjer,a644a0c913843408,8,319,0.9725746056467284,0.17832570339878373
no.prat.aksjer,ada7f9b7e0f32c36,12,667,0.993348376641512,0.2001360513585629
no.prat.aksjer,b3db6c6e7895553a,3,390,0.9928011190438462,0.11843085717864923
no.prat.aksjer,b845e7f755b7925a,8,424,0.9777153255668877,0.3345168200141359
no.prat.aksjer,bd36baefb1c989fb,2,224,0.9940773936306456,0.13362209663920346
no.prat.aksjer,c2cfd5a6cdbe91a8,12,637,0.9771124791336706,0.2572265395307319
no.prat.aksjer,cba753ef70bd1e68,3,246,0.9853850099537612,0.48618336276965707
no.prat.aksjer,ce63ad390d26f48c,3,278,0.9851430620288835,0.21532781939961093
no.prat.aksjer,d5c05583dc1d09ce,22,1019,0.9777807842772585,0.26982053554313146
no.prat.aksjer,f0b582fb1b4defbf,7,482,0.9833629716016773,0.26801127832069704
no.prat.aksjer,f425d5c34d6beab9,3,121,0.9789490608105691,0.21475620570535298
no.prat.aksjer,f671eab266326624,17,930,0.9886991555027269,0.21990991926461648
no.prat.narkotika,0933dd6499220fd9,35,2316,0.995628340421104,0.28012220856085523
no.prat.narkotika,0a98d4f63c0950fe,24,1634,0.9919662116293311,0.15867766130025054
no.prat.narkotika,1357b9383aa46719,18,1723,0.9941534861838588,0.17070126028341123
no.prat.narkotika,17b8eb103c12dd30,7,504,0.9876333744336241,0.2909474058918618
no.prat.narkotika,1b7757924807bd41,14,536,0.9821621745793064,0.24402193555027402
no.prat.narkotika,1dd5fc8618e00e3d,62,3320,0.9905990205988039,0.41324059026208887
no.prat.narkotika,28b64716d011c1b1,1,5872,0.9995968872713399,0.334474979586053
no.prat.narkotika,2a8e7942b1bfe3c3,26,1277,0.9943244264346298,0.2285867835184481
no.prat.narkotika,3e18751e6c78ce47,6,691,0.9944897810958199,0.11417772244853541
no.prat.narkotika,484f368e3baea767,30,1442,0.9841726414134907,0.19086885650175858
no.prat.narkotika,48fe867cd361104b,11,691,0.9873499803721815,0.2987800551342861
no.prat.narkotika,4c5f3ddfd002294b,46,1888,0.9929265745920988,0.1720955844416064
no.prat.narkotika,4da92c23a1eb7f4a,38,1503,0.9879598741502943,0.20706490109952108
no.prat.narkotika,4daeab9e631c6f25,6,435,0.9679926263063039,0.37439568302447196
no.prat.narkotika,58da8f8fc25acaab,4,901,0.99461836097438,0.3922711651613738
no.prat.narkotika,60a92250cf9e0375,27,1610,0.9856701230464484,0.36433600321911574
no.prat.narkotika,6e647a14f1765438,33,1657,0.9640349658291361,0.2748272731478144
no.prat.narkotika,777ac6819278bcea,7,649,0.9972157396773884,0.2894414387211285
no.prat.narkotika,7d18e8c13a194a39,34,2139,0.9880083366621039,0.13256088749040768
no.prat.narkotika,852ae07130e5cd1c,48,2186,0.9873797824188586,0.3196727479149188
no.prat.narkotika,89d781740ec36c40,20,761,0.9879050333278274,0.24216635805966139
no.prat.narkotika,8b340db91b3caf21,2,1205,0.998612011544619,0.08839957141406475
no.prat.narkotika,8b552a82552ddcd2,9,754,0.9930017493449026,0.34433756876333355
no.prat.narkotika,8d3da6cace25978a,4,438,0.9772279864046314,0.26857207354403567
no.prat.narkotika,94ce6d9ba5bade9e,17,1274,0.9900769788834174,0.39891646906423495
no.prat.narkotika,9d8cf1eb7e990fd0,7,339,0.970461958957349,0.24100519649898205
no.prat.narkotika,a2de68acf48b706a,1,173,0.9992319097135345,0.1697273034068092
no.prat.narkotika,a44f75e48317422c,11,790,0.9894297201873271,0.27521284685624314
no.prat.narkotika,a603971c4369fa1f,25,1849,0.9922465007699344,0.4684133424595258
no.prat.narkotika,abcb93056fe46fd3,7,633,0.9967111449728768,0.1665026457348333
no.prat.narkotika,b011bdaadd54229d,6,866,0.9913234826090208,0.2088348492705826
no.prat.narkotika,b400a02c52d932c1,5,238,0.9892685363596614,0.05509858154887405
no.prat.narkotika,b6d344a8c1363dc4,7,581,0.9914471409643006,0.4740787901591619
no.prat.narkotika,b9f48f99d6db59e1,5,520,0.9916100163012115,0.314293850759634
no.prat.narkotika,c684e5491afbacba,2,1899,0.9988583975172773,0.5218884948898033
no.prat.narkotika,d2298480565754d5,40,2413,0.9818859937786963,0.20147510786693895
no.prat.narkotika,d2b76d1a9ee92d50,74,3562,0.9891800548594172,0.3307342032411338
no.prat.narkotika,d57e8ae624bc6e56,166,9271,0.9691035935248455,0.22789267190885984
no.prat.narkotika,e4f69ab072958312,3,603,0.986988254588514,0.32721458157480865
no.prat.narkotika,e7ccf0cde21d2435,17,765,0.9880481906909463,0.3299306387638779
no.prat.narkotika,f57e9ca319df083d,200,10554,0.9914252146242856,0.35964113226466693
no.prat.narkotika,fc52d8d60c4594b7,37,1518,0.9899053915116022,0.29030431721830807
no.prat.narkotika,ff44e3038a5f94fb,14,830,0.9775066476832165,0.3092676832514611
no.prat.politikk,045cc123adea48e8,17,651,0.9878720887768483,0.20140756480456848
no.prat.politikk,05288922c49a13f4,15,595,0.9658166389869413,0.27701231937621223
no.prat.politikk,2c0c371f3476fbc4,7,759,0.9884736758953507,0.23176035244225637
no.prat.politikk,2d66a915c831a0b4,23,1256,0.9880267084296116,0.1376041431620975
no.prat.politikk,343b8275f23cc210,39,1646,0.9751972406836241,0.15962760551058752
no.prat.politikk,34d68d8bdd45c4ae,20,1085,0.9697615322274982,0.27471612271225054
no.prat.politikk,357a7f35abb7ad1f,29,1305,0.9697245808827708,0.13278944196042308
no.prat.politikk,385957a3ce3840b2,3,338,0.9845648579412338,0.4948316041664624
no.prat.politikk,38cee895a6e6077e,1,174,0.9818153412678827,0.2735647377500115
no.prat.politikk,3ce3e86c33bed452,41,2287,0.9886479196328689,0.22804683171831935
no.prat.politikk,3d441ea20016b746,10,562,0.9825071146826488,0.18952521053485233
no.prat.politikk,3d56f035ae0c7686,63,1968,0.963760335476461,0.3234739670118506
no.prat.politikk,40cc61fcb0d44935,17,573,0.9772481434626293,0.04792172399772836
no.prat.politikk,442e3cb050118b02,10,477,0.9857406811637238,0.201671093355284
no.prat.politikk,4a441ba89602ca79,8,827,0.9919013087028524,0.40464947871975504
no.prat.politikk,4ffb9baeb42182f6,6,342,0.9404601104333367,0.32784222759094406
no.prat.politikk,5a4f66e2ababe440,12,431,0.9412160329045725,0.2814838973238071
no.prat.politikk,5e1023267fcdcff7,2,307,0.9950845098453805,0.24550839680465492
no.prat.politikk,6969b9b011151736,2,253,0.9955667167126933,0.2717199759545255
no.prat.politikk,7524d31622e1bd28,30,1236,0.989133994200348,0.1802371024842359
no.prat.politikk,7a04298e83d53218,4,346,0.9837373486594205,0.20189408152018856
no.prat.politikk,95da2c76af6f5d93,131,6680,0.9917581160464879,0.1492052260783173
no.prat.politikk,a3a5b36f239ccd21,11,890,0.9912398765611264,0.2026441669585419
no.prat.politikk,a50aed4c08af735f,15,770,0.9884014644428152,0.21681796154243918
no.prat.politikk,b0ee798ba5d3f194,27,1417,0.9924858047329436,0.12673934649232765
no.prat.politikk,b53b6877cbf6fc07,2,671,0.9992092760620958,0.5419624183672974
no.prat.politikk,b86541a4171c1eac,61,3471,0.9834802791833452,0.3777364987711002
no.prat.politikk,bbafd5534c1d697c,8,477,0.9449183717188193,0.21368205989234165
no.prat.politikk,bea8b3d1b7233fd5,7,610,0.9961214952971242,0.12401359514349056
no.prat.politikk,bebe9c5ad60ccda9,45,2247,0.9869156607099603,0.33006765962691714
no.prat.politikk,c2c292a0cf346918,9,669,0.9488490287261171,0.2778749600056142
no.prat.politikk,c34b39456319a0e7,26,1137,0.9813088480531809,0.25447621916312724
no.prat.politikk,c8c8bb8ca5956f05,24,1275,0.9834246448574698,0.2397488379907657
no.prat.politikk,ca86fdb8542ab86a,7,506,0.9871638178160157,0.19699473032725268
no.prat.politikk,cfc2dd241a2ee107,6,288,0.970098150866604,0.4186652724727546
no.prat.politikk,d4bb3d9eb4ac1b45,8,524,0.9902011687903316,0.36615786968116587
no.prat.politikk,ed9a2b2edfe56b18,79,4251,0.9830105866397439,0.06629702554443023
no.prat.politikk,f0e723e0ccfc9d52,3,321,0.9933789070425537,0.17167022404777832
no.prat.politikk,f5b79c713fb6a621,10,842,0.9940215462298674,0.3132639696182913
no.prat.politikk,f8a87a584ddfd932,19,877,0.9929577581925746,0.1407719438897512
no.prat.politikk,fafd9a43c5bb950d,10,1101,0.9936777068317412,0.27901374746279073
no.prat.politikk,fefbeb16e4b566f3,43,2258,0.9905700777162918,0.300937917890503
no.prat.seksualitet,00e469a557627f48,4,384,0.9714081026276786,0.24306446799378248
no.prat.seksualitet,02ad47c6c3e3047c,7,467,0.9949090358540008,0.2588390129170471
no.prat.seksualitet,058526becbd63f09,11,601,0.9903347842958318,0.3553940521103138
no.prat.seksualitet,08a990494d590c98,8,298,0.9839468620820847,0.1826418109726455
no.prat.seksualitet,1c3a71150e786524,1,386,0.9989553136062954,0.2674851301917445
no.prat.seksualitet,1c48a34bf9722d99,28,1143,0.9678191629627939,0.2431321619728884
no.prat.seksualitet,22df5ac5e9e3a67e,41,2058,0.9837415549389735,0.12022542354480889
no.prat.seksualitet,2c000724eef15cb2,20,1022,0.9815569289230759,0.2780488989006939
no.prat.seksualitet,3188ac1ba61440ed,46,1427,0.972364797945291,0.20456384294350285
no.prat.seksualitet,3203ae51c593bd39,68,2692,0.9822928532163407,0.23230163419454514
no.prat.seksualitet,33918bef1d7a655b,32,1917,0.9821255371796063,0.29042512150501204
no.prat.seksualitet,50f95a9921012e4a,7,213,0.9789928352125778,0.33034813057425577
no.prat.seksualitet,546faf45c5b86511,12,475,0.9796721366336945,0.4140558172181497
no.prat.seksualitet,599b8bffcd7377f0,15,414,0.9815378462768682,0.385246148337419
no.prat.seksualitet,5a7708d6f3a9a9bf,2,179,0.9909767560334141,0.2716161948713558
no.prat.seksualitet,61d7ea9e8bcd2ea5,6,179,0.9717690690816653,0.29868587695352056
no.prat.seksualitet,6497e07cb915fdaf,8,194,0.9391049387773358,0.09875074078249389
no.prat.seksualitet,7017b00ca46bb74d,5,339,0.9969733988751899,0.3211862139218132
no.prat.seksualitet,7335d2caa3e964b6,4,261,0.9899620181704902,0.1348805975125359
no.prat.seksualitet,7614a3626ccc6350,26,1189,0.9793724670502547,0.4547796644214751
no.prat.seksualitet,765f5dd5b09b4d5e,3,402,0.9838435135433651,0.34734959651137215
no.prat.seksualitet,79927540ba2f9f82,2,300,0.9979935430067024,0.2748759011174055
no.prat.seksualitet,7baab0da6bfdb677,11,405,0.9593744963480023,0.12775145253578463
no.prat.seksualitet,806abb86dbe08c5d,18,703,0.9866744730884557,0.17829029717102887
no.prat.seksualitet,8b06120a9229bbba,7,732,0.9894085348133772,0.23927078385516562
no.prat.seksualitet,8bb5fad779dffb22,26,1274,0.9666157915786542,0.21879796715181404
no.prat.seksualitet,92e87f86c4cbba70,1,71,0.9370026252531883,0.17023508170875845
no.prat.seksualitet,96afc8a6c37a8c5c,33,1142,0.989496520014672,0.3364119525171341
no.prat.seksualitet,b94041f2f22f5eba,29,1790,0.9901644737601671,0.26605326983036
no.prat.seksualitet,b943221126d21006,20,863,0.9887115635035169,0.22918062314771273
no.prat.seksualitet,bb52e85287ec3661,10,274,0.9937195458598427,0.3254619287426611
no.prat.seksualitet,c9e605bf95f3d73e,10,375,0.9466811323125095,0.05254488939548133
no.prat.seksualitet,ca6a5c93a9b52849,5,374,0.9907831329762067,0.0967659210149607
no.prat.seksualitet,d24dc83fd9404fbf,27,1184,0.9551433434843939,0.23422192712200313
no.prat.seksualitet,d2d1e88d43e98a3e,7,415,0.993409720436451,0.16162279740020946
no.prat.seksualitet,d9f07ac511d84c2a,2,98,0.9766004571172535,0.11459196722634925
no.prat.seksualitet,dba7a580d6f30bd9,22,1280,0.9888750788645706,0.3266598914091865
no.prat.seksualitet,e41da88061555b5c,11,574,0.9690098109428993,0.38720437760962245
no.prat.seksualitet,e88c13f330053c14,112,4025,0.9892341299553542,0.2633954367814025
no.prat.seksualitet,edecaa1dcdb54484,31,1737,0.9941729295917576,0.30140369433107306
no.prat.seksualitet,fdf96abe6e806ffe,1,63,0.9865820781353434,0.059389223151572024
no.prat.seksualitet,ffbf678c3a37ab06,7,405,0.9719766182783895,0.15378884819746397
no.prat.ufo,0154362c78c7a462,12,510,0.9856958348837768,0.3210138170036631
no.prat.ufo,0603056680bd9f21,18,882,0.9281226991409941,0.4896587937845603
no.prat.ufo,07da55d8111c54a7,21,1120,0.991320549421637,0.4125546938793837
no.prat.ufo,0adb6ce2500d3091,19,1179,0.9859498600317433,0.3518908043236027
no.prat.ufo,0b53ccd59726144e,19,1216,0.9834767368130165,0.25054957600199584
no.prat.ufo,0cb9a1f4988265af,12,577,0.9565231096251378,0.2775178512607748
no.prat.ufo,244af273942bc3fa,19,1337,0.9883592062587445,0.3703927061896792
no.prat.ufo,2d83b2e1110fa0a5,46,3607,0.9920319542737954,0.33892469498157046
no.prat.ufo,3284e559a2e4279f,20,1616,0.9934565186849945,0.21468686569552578
no.prat.ufo,335a54fb7604bc2d,33,2287,0.9960547977318341,0.3517667928764414
no.prat.ufo,3821a3f58835e828,3,401,0.9957392676166736,0.56404311893717
no.prat.ufo,3e11c903db2b8628,4,1263,0.9982680669406603,0.28456427699966275
no.prat.ufo,442dadce1d5ec9df,49,2793,0.991371113048105,0.23289488950519935
no.prat.ufo,45a001730ddab240,15,1150,0.9623451061300275,0.24853268662889483
no.prat.ufo,468f15e99ec1f120,50,2557,0.9867160910375133,0.2842632256176906
no.prat.ufo,46fbe3895db183fb,2,473,0.9986566253171781,0.30386371739934354
no.prat.ufo,56c34988c4d18368,109,4935,0.9910206151985996,0.29907324057108425
no.prat.ufo,5c88578b3119f56f,44,1862,0.9901461313416159,0.41843683624404276
no.prat.ufo,5e6c9674420e64cf,21,1406,0.9932240099169389,0.3668813103515303
no.prat.ufo,662b8fc0aee92085,2,380,0.9988082226325058,0.22650074435455403
no.prat.ufo,7352b654a6bc626b,14,963,0.990461582070959,0.3205469632902918
no.prat.ufo,79bd5f7f4a8b795c,36,2247,0.9876795099533497,0.38801217324194287
no.prat.ufo,7b6a96b88710c80c,31,1725,0.9889342132749314,0.29232425385689
no.prat.ufo,7c732026941c099f,24,1567,0.9823089008116546,0.6414157710150903
no.prat.ufo,7dbb9a53f763f7e1,57,2659,0.9941096410253318,0.2863814092721675
no.prat.ufo,7e5743c6ae805147,4,1361,0.9993084723854881,0.16979678842810847
no.prat.ufo,824367ee4d0f2224,21,1410,0.9869211641752067,0.4777465374915354
no.prat.ufo,854aec80b1130cfe,22,990,0.9375202990747327,0.48493185161541935
no.prat.ufo,89207e53ab3d7ed5,63,4984,0.9937240294187248,0.3256195164113116
no.prat.ufo,8a704228d0feac52,7,845,0.9936304062901575,0.5685726654958024
no.prat.ufo,a83c4512e104247b,12,576,0.9811839630636772,0.20471868791791317
no.prat.ufo,ac0e74a1564bf56d,32,904,0.9697377655065393,0.3923974932727286
no.prat.ufo,b4648be1333682e7,5,965,0.9989935739904515,0.31171988585379
no.prat.ufo,c1b8694d857cfd1a,23,1841,0.9958073620407751,0.38311176937879154
no.prat.ufo,c6de4bfb24c45d41,13,1255,0.9970231037816387,0.3219066630977767
no.prat.ufo,d629d0777808a0e1,14,503,0.9839561916857348,0.31181555474337985
no.prat.ufo,d7d2c40f21fd743c,9,588,0.993517631709418,0.27998120559128664
no.prat.ufo,d8361f925b2c6377,44,3207,0.9950247286170832,0.28393574124205956
no.prat.ufo,ef971a813024053f,28,1301,0.9883522570899241,0.32297690352713215
no.prat.ufo,f3135dfa86313cd6,17,1637,0.9933652516610523,0.6202186766901071
no.prat.ufo,f3394f99a7b22853,12,899,0.9868856369970961,0.13918200973813616
no.prat.ufo,f712e4db0c0d6ab8,9,938,0.9953631555282282,0.2946608241224683
no.prat.ufo,fb4c62864bfac8a6,30,1232,0.9807980998445655,0.2372586424267715
no.pressemeldinger,044fb225a87e545f,23,1675,0.9888717979965033,0.295207355338474
no.pressemeldinger,138d0bec860dd5fd,35,2040,0.9844833652622723,0.17639327399734783
no.pressemeldinger,24f056eb4325fbdd,38,1719,0.9331446507088001,0.24850886408182532
no.pressemeldinger,26ed6d89e09ab8f7,33,1309,0.963925907006325,0.2279708405892719
no.pressemeldinger,36a348c00318949b,55,1962,0.9712212869531223,0.22206213319059065
no.pressemeldinger,4ce7986c9d49af44,40,1780,0.9705123503828011,0.2469186888232567
no.pressemeldinger,4e330b49c4452e59,28,1328,0.9722306466619549,0.1427380316528657
no.pressemeldinger,5084bd50825edb82,62,2551,0.971048814384303,0.23494303454443094
no.pressemeldinger,56a9a7d29052b3b5,72,2404,0.9586504660362029,0.3157120952447534
no.pressemeldinger,621df9805fbe5411,34,1454,0.9780179995817737,0.14376810763599465
no.pressemeldinger,6ced24d9446cae8f,38,2220,0.984944728888549,0.27977918435896215
no.pressemeldinger,73f102e1f8fbcfcb,54,1909,0.9344884895285783,0.2516508440024646
no.pressemeldinger,7a26af9e6a2b3b86,11,865,0.9832160377991214,0.2594960289881491
no.pressemeldinger,7a4eb0f6b31c96a1,51,1744,0.9657460049153319,0.40717825314763484
no.pressemeldinger,8084fafc52e9b2af,58,1787,0.9525909496131582,0.19361990835184942
no.pressemeldinger,80e1a7bdfa05e75e,89,3023,0.9309965213570985,0.5318317649416241
no.pressemeldinger,85dc8c9dccf8a3ac,27,1282,0.9583148003015495,0.20052470355039534
no.pressemeldinger,9d437c08f61ca058,38,1353,0.9693037383703278,0.28040651748566986
no.pressemeldinger,a38f709e70d5bbd5,49,2083,0.954294787584123,0.04429314521838006
no.pressemeldinger,ae9757b13caac0af,39,1638,0.9631235437853174,0.28985666329094556
no.pressemeldinger,b7b94403ee3352a3,38,2595,0.969920524225888,0.3078674987607788
no.pressemeldinger,e62ecaf51dd71479,33,1388,0.9365598891722453,-0.046931738152939745
no.pressemeldinger,ed12387dfe2c0726,67,3370,0.9709745218788781,0.22106208438398248
no.pressemeldinger,f0b4cb05807e3ae3,45,1442,0.9542855894008104,0.35645752496269995
no.pressemeldinger.diskusjon,160ecd3df8a4d81d,13,569,0.8952229594484358,0.2689589911304126
no.pressemeldinger.diskusjon,2687b1740abc5ab3,14,677,0.9697408237335837,0.37487847115812506
no.pressemeldinger.diskusjon,2c54cf02dbeffac2,12,397,0.8714961330662022,0.4748854169384159
no.pressemeldinger.diskusjon,52fbb23fa4c22e7f,18,627,0.8861769156281712,0.6865928855813929
no.pressemeldinger.diskusjon,66b18bb7222d2127,33,1420,0.9588793502725161,0.6672768000401879
no.pressemeldinger.diskusjon,6afe48215cbeab29,34,2006,0.9868485762145938,0.2697769598690788
no.pressemeldinger.diskusjon,7df4e2be47731116,27,804,0.9378484454737036,0.6478043613787504
no.pressemeldinger.diskusjon,88173614a009c3f1,4,402,0.9933242929483606,0.086485347251615
no.pressemeldinger.diskusjon,a5074cc33ce113bc,11,1137,0.9957347838022174,0.490880213945966
no.pressemeldinger.diskusjon,b2c53ad779b75fd5,6,119,0.8651365178794059,0.32740712521928744
no.pressemeldinger.diskusjon,d9c2ac0a44baadc8,7,167,0.881021555262126,0.22386948753747446
no.pressemeldinger.diskusjon,dad96130e572bb0e,32,1680,0.989050012594084,0.38568810153937827
no.pressemeldinger.diskusjon,dbe3cefce82b869f,31,1398,0.970328178364226,0.34768965854799255
no.psykologi,02077e12a9ff9dce,22,1014,0.9626349287619936,0.49293429444158465
no.psykologi,052a50341b400e80,10,344,0.9832582746503691,0.2999684543417924
no.psykologi,13a2655d4c7662bc,6,283,0.9886886873595747,0.1477541761144818
no.psykologi,14439b17bfaa9a98,11,632,0.9958700864529838,0.3695042238011163
no.psykologi,16faf893dc2b1ec1,10,874,0.9888742845028037,0.1957434235633918
no.psykologi,1a9475d626c0b513,29,2306,0.9913115748529917,0.2389938739199908
no.psykologi,1d68dbc3a513bf21,5,291,0.996038122497199,0.18980923622949544
no.psykologi,2171d8a1dc6d65d3,20,533,0.9546815336692098,0.2255664594563133
no.psykologi,28b9acb0047d5cfc,61,3194,0.9937601988283208,0.35620941100138903
no.psykologi,295b855f1f60fede,44,1930,0.9845417619034509,0.5611841049088636
no.psykologi,2eaa9b8d80003143,11,951,0.9776384653635762,0.42262423219509787
no.psykologi,3b4e969b9752a505,17,762,0.9559699278025371,0.6527029820011654
no.psykologi,446f8864521d90a5,4,657,0.9916291403185289,0.33555348642376304
no.psykologi,57e93739aa328120,6,763,0.9962441813287932,0.5417760398262248
no.psykologi,5e5abe404260a493,6,366,0.9235461887234753,0.15357310760502318
no.psykologi,60bc3c1ce75e45df,5,244,0.9946842986775393,0.3619540785666317
no.psykologi,612e8a49c5638663,16,451,0.9795567346590797,0.22317832964283102
no.psykologi,6df2bc89c8eec1ad,15,1282,0.9831231745547863,0.2798127767537211
no.psykologi,74d7ad610c98213c,10,624,0.979128452406524,0.30130516708945865
no.psykologi,7afaf15c023ec7f5,7,347,0.9729163675006015,0.2817824941159138
no.psykologi,8ebb98fea5bac5ba,1,402,0.9995624175714459,0.5111372961896752
no.psykologi,9c6e7f2b3ba3995c,9,214,0.9493977514790155,0.16978245532750746
no.psykologi,9ee84f800e2d7923,8,664,0.9964175191732193,0.13877300345430663
no.psykologi,a048b61da19453c9,7,563,0.9913166035306593,0.332244994024016
no.psykologi,a6676f13ca41e69e,4,544,0.9972623881798136,0.40712357965183177
no.psykologi,afd4b7eac40d899c,31,1743,0.9845983345424832,0.36073771023295853
no.psykologi,b33f8c04e505b5c7,9,910,0.9961800361914898,0.3351446757210422
no.psykologi,b8ededb15cdac2eb,44,3018,0.9954275368535973,0.3667922147618493
no.psykologi,bed689985b4f44f7,11,539,0.9835212843993014,0.24874353622049994
no.psykologi,c0be9c16203401dc,4,664,0.9971660329098447,0.41392108372676945
no.psykologi,c2074b7a00f52963,8,886,0.9987884876065305,0.4003841829828726
no.psykologi,c2171ead49c51e29,4,360,0.9731594044707385,0.3288341131777443
no.psykologi,c237842743c5322c,15,850,0.9869480622868688,0.25612552943430605
no.psykologi,c6f23226222ed22a,26,1031,0.9894187498753466,0.2634004718540375
no.psykologi,c78cb3ed0be77233,4,267,0.9926265291466874,0.2427768649833916
no.psykologi,cfe6b94c66acbadb,3,269,0.981849699279999,0.21881535963938797
no.psykologi,dd64cfea83c34ca0,5,827,0.9941858131221653,0.2123007667450244
no.psykologi,e120cdbfb2449b5e,11,1033,0.9893946162621156,0.3296970852117625
no.psykologi,f3232ce27bfea36c,35,2068,0.991999051149949,0.2591083773440536
no.psykologi,f3c4d1ee52600a6c,13,811,0.9915497191092802,0.31999664315789006
no.psykologi,f47e6ade29be66d4,28,1486,0.9947960548274636,0.12351556983255806
no.psykologi,f534664af5231a97,39,2470,0.9892482040348904,0.17476137525297017
no.psykologi,fc2a882092435e93,22,1795,0.9926541008490957,0.37385702462642173
no.radio-tv,0e63c1c795178387,8,330,0.9715441806442452,0.03446982405850295
no.radio-tv,0e7cebcea285939c,13,517,0.9784881082588353,0.22768542252143123
no.radio-tv,13a376e705d93c83,1,79,0.9644277015679614,0.25210940995293457
no.radio-tv,1f4058aef0e3ff61,24,1781,0.9860209287136297,0.2471144308998749
no.radio-tv,24b3af94af4237aa,2,226,0.9942580956617388,0.3364168430877387
no.radio-tv,2606dae79d1fa84a,5,226,0.9822964506421025,0.316023764080397
no.radio-tv,359025e95980d219,2,217,0.9932497826581596,0.22714169600218773
no.radio-tv,36d0dfec8db7984c,10,723,0.9902409578318146,0.3652716866604408
no.radio-tv,3855c75de8bc14b1,19,963,0.9856731689988045,0.13511166805933972
no.radio-tv,3b07852ab6a5aac1,7,517,0.9947707421443588,0.14906483070643994
no.radio-tv,3fd33e90703ba342,14,742,0.9780060285935307,0.37319853815613485
no.radio-tv,43672cf48ad329fa,12,490,0.9835395613084384,0.3506972371398317
no.radio-tv,4dc09d7d46fc83bd,9,688,0.9951723419183508,0.2460840367328422
no.radio-tv,5351199ac2aa56c8,7,311,0.9834637463453381,0.11410399480928157
no.radio-tv,60881fb5dda2147f,3,290,0.9937917037337606,0.45987990983967314
no.radio-tv,6632e908a2934466,13,592,0.9899873761449682,0.23333007752422527
no.radio-tv,682b1aa0f61a8c5c,8,540,0.9939019011791561,0.48709954675257683
no.radio-tv,6b1d69837edd86a7,3,221,0.9857468575361118,0.514187164521448
no.radio-tv,6b904e06c38424fc,9,634,0.9932615643156192,0.22075758377396573
no.radio-tv,753c0a4ebb5d5e35,2,270,0.9915216312660202,0.359647232045595
no.radio-tv,76d13d9e0f1f5f10,8,518,0.9552680561670438,0.3933020423603561
no.radio-tv,8017f531cbcfdedc,12,624,0.9904429306146532,0.38891956536613237
no.radio-tv,86d112da6ca2172a,31,1583,0.9905983559530542,0.32096076836122955
no.radio-tv,9c0cbddb1d1e84ff,7,531,0.9882054356725842,0.338264343163882
no.radio-tv,a4d0c435b0fadb79,2,404,0.9983480734288804,0.33284149830097004
no.radio-tv,aa0311e007aa1a38,2,121,0.994719829731305,0.3922577534081054
no.radio-tv,ac48cc8e66652cad,10,662,0.9929582044658575,0.5079003554613758
no.radio-tv,b10d205a0a5e013d,8,747,0.9916960574411143,0.20402418887803342
no.radio-tv,b435b72b5a0a3eba,5,517,0.9875338750859144,0.3215028163822037
no.radio-tv,bd317e0349160d56,5,231,0.9856950208256047,0.4225256192564648
no.radio-tv,d167c4262912bd4c,17,928,0.9835290654060139,0.11939998637329478
no.radio-tv,d5bcd8c39ee9a797,6,395,0.982625893157002,0.4486210881601949
no.radio-tv,d967b10715495494,4,482,0.9983772625986346,0.2743397679081376
no.radio-tv,db64269e5838f2ae,9,672,0.9879565729578196,0.3405575125758592
no.radio-tv,df6dc9e3564fd30e,15,578,0.9832765298673278,0.30797552572900033
no.radio-tv,e28c65bca5010317,6,411,0.9724293593716793,0.1532713237738812
no.radio-tv,e2c3bd6b29cd9625,20,1834,0.9944794304350091,0.19862333191792167
no.radio-tv,e98b28874227001f,14,678,0.9839025996781801,0.2878966268901312
no.radio-tv,eae4261dca598e46,4,500,0.9970801911314804,0.37556341001653576
no.radio-tv,f38d5cabcbee0255,9,1068,0.9966986687342201,0.16021464618164483
no.radio-tv,fbb88b088dc16e2b,6,446,0.9752155919363925,0.3010681674843136
no.radio-tv,ff4ecaae7058675d,28,1973,0.9906960358719559,0.5665841175606678
no.reiser,04cb9f87693909f6,12,1027,0.9951870795214875,0.2893620208026341
no.reiser,153da8599c4d5856,2,325,0.9923432394755071,0.3266878125762706
no.reiser,16a41cb88c652441,6,556,0.9877365738080337,0.09740852480887766
no.reiser,16bf3f97210e5613,20,860,0.9565783033589461,0.23034860793725292
no.reiser,18dc70ced1f5bd18,4,187,0.985818614586889,0.37032244927151703
no.reiser,274b3cd93440dbb5,6,1042,0.9960357470687217,0.22042714257494964
no.reiser,2f598b2138ebbceb,18,1225,0.9933887560506016,0.45397743692277376
no.reiser,3085582fe368a467,1,71,0.9885150472425701,0.21003320773368978
no.reiser,4dd136e8577f96c0,1,92,0.9938088386090502,0.24885616404680352
no.reiser,52eacf8e4ad30dce,29,1691,0.9873909558140811,0.2013565053883384
no.reiser,548450503deced90,29,1653,0.9904969364357814,0.5337849454419765
no.reiser,5cef56e3e73766c5,21,920,0.9842943666404824,0.2997911082655503
no.reiser,5f2498528050b58c,5,171,0.9573925232753061,0.026182972351668662
no.reiser,606997c427f5d1fb,13,1154,0.9941385074237712,0.2631928792450578
no.reiser,60cfe548482f03be,2,82,0.9830396206858464,0.27178120430341196
no.reiser,7171239bf5daacc7,8,299,0.9506161408299153,0.10255448413887
no.reiser,7362fe07855933b9,3,237,0.9950641352049407,0.3576462088702117
no.reiser,75c040673d4ec140,24,953,0.9811453656590038,0.22450782907808647
no.reiser,83e46395a0cc11b9,6,295,0.9556942258031239,0.2400870644790327
no.reiser,8c4432c98ca19155,9,435,0.9856939928081029,0.2708888181640973
no.reiser,9505b9de3a326cbb,65,2998,0.9737383802305386,0.0455508030688479
no.reiser,9573477c716cebb2,2,102,0.9598094891941491,0.1885726026927433
no.reiser,9835d008137d9c20,19,810,0.9919141916442601,0.1878240068031407
no.reiser,9df8afd2ee689bf5,4,331,0.9986479897105096,0.07583963534427328
no.reiser,a2de55a20920c377,10,338,0.9540530898995478,0.28800711852031535
no.reiser,a51cabcb67f3796f,4,256,0.9947947863536208,0.15192062827683098
no.reiser,a58d2c459e84df31,2,170,0.9953086305438447,0.23175883150418766
no.reiser,a85b135c0e8d0baf,13,659,0.9796636584810312,0.18841048905455257
no.reiser,a955c43609c6baa6,6,175,0.9429339539579257,0.17025079770561774
no.reiser,b7f64461bf1ea0a5,3,279,0.980858465362524,0.058880235147641416
no.reiser,be156ae656bffd62,3,298,0.9954973492417846,0.34413015529454255
no.reiser,bef64fcf2cec2d3a,18,975,0.9785194394522787,0.38453361150956766
no.reiser,c7ff5017a45c056c,13,820,0.9951553523450365,0.28195837630315335
no.reiser,cd288b0235aed2cd,10,526,0.976361234704274,0.24301187736803742
no.reiser,d56ede6d08289dc3,115,5538,0.9951533847597719,0.18418706037290122
no.reiser,d92e83d4eec9d37b,7,269,0.9608217722948384,0.23461583696607977
no.reiser,dcb9fb5c54738679,7,365,0.968733373166691,0.20170931136697864
no.reiser,e65d9413c9d713e9,14,1243,0.9953232418247192,0.21232460309002277
no.reiser,edbb078901825987,6,221,0.9922801664651341,0.21837663064615698
no.reiser,eddf937cff87401f,7,1044,0.9970555277602824,0.3004930312547049
no.reiser,f19ce5a70c76e315,17,570,0.976884316989952,0.2480175993994213
no.reiser,f3a1fa3738e4caa4,1,58,0.8538827322382776,0.12047103299391097
no.reiser,f51392530af2367f,16,1144,0.9907809065825791,0.5649543989135406
no.religion,0827b34ccb51a4cc,158,7879,0.9864545300835912,0.4548887264108598
no.religion,096989ec5aa13de9,12,860,0.9903902586488408,0.04196804665864649
no.religion,0df3eaa58d35023a,12,608,0.9873305603028846,0.6419337227100796
no.religion,16860f55f3a47d4b,8,663,0.9850560835558313,0.4773823093457211
no.religion,1f3ce6b2642a1355,28,1281,0.9916238246426575,0.20506764516236742
no.religion,2caa95126321c33f,7,390,0.9929009665955321,0.5177094638473241
no.religion,2d2816700e715421,7,418,0.9909427290060004,0.4046777622974039
no.religion,2e6223c5bca67610,29,1144,0.9761997560037068,0.39578253205638964
no.religion,30a30c91fc6d5d57,129,7823,0.9902469067018781,0.42552007583103735
no.religion,3ec710fe1a610e07,5,554,0.9861822337466494,0.1660479693197055
no.religion,4923b3cfe6e41542,11,604,0.9900146970830009,0.12104659566159512
no.religion,49bc0972cb93c781,12,1133,0.9960564471882254,0.4260332105054853
no.religion,578cc0c1d48414dc,13,642,0.980711472534814,0.5866717134004671
no.religion,5b8c3ea5c8912f3e,68,3505,0.9898176175065527,0.403470887881513
no.religion,6494813309c10fde,4,555,0.9960505097883513,0.4706080291162413
no.religion,6e917da53f2785c6,7,705,0.9914001841658646,0.3073036324386331
no.religion,79d91f4eaf8dad08,8,542,0.9744676958769859,0.3720374984703112
no.religion,7a200d37b10078c6,20,1005,0.9817594766932376,0.41228808558405916
no.religion,7de48fc690834974,67,3122,0.9867136652018256,0.30277032731449105
no.religion,81937a7d69eec2c0,5,856,0.9959685928016219,0.20453269408444413
no.religion,8744af8b5e1bdb7c,5,446,0.9732288077460451,0.4153583755774705
no.religion,87ebdd9ad5c2dbdd,2,631,0.9991662199918802,0.3955680333859978
no.religion,8c541e15b1e4f328,8,452,0.9810732689886741,0.14484863740699494
no.religion,8e36ab821839e7bf,4,527,0.9979394669319328,0.3592205624587595
no.religion,91cf43f3b0514ec3,9,1078,0.9982425068402825,0.3978399246286689
no.religion,948f675eb3699a22,82,3123,0.9829198010124406,0.33885853657196024
no.religion,954ed273976387e2,54,2503,0.9897292598604484,0.3583331213258753
no.religion,9d11db496b29943f,19,1121,0.9939666181570519,0.3211322354845172
no.religion,a40a06967780e219,16,4775,0.9978044763288781,0.23254836950458702
no.religion,a78b51c64506c642,74,2821,0.9897616264906134,0.4240053315335465
no.religion,ab8f330d572f038c,26,1564,0.9925494530450084,0.39279184793088023
no.religion,adfdafd374de9596,27,1177,0.9774702450278502,0.24138688012884843
no.religion,afc99a2025b237a5,58,2819,0.9969532853206223,0.2913052603342125
no.religion,afd914eb27e08cd1,113,7077,0.9937422439071661,0.48272954368391857
no.religion,b15e3fd7769e10ba,19,1326,0.9464764183208745,0.2393940601590982
no.religion,ba6ff8534c7758c6,32,1488,0.9877508148626312,0.23013783038403407
no.religion,cb7692fbb5ef2a6f,11,1062,0.9756300555760533,0.27253736707314774
no.religion,cf7176400ec138b9,46,2474,0.9837118915556498,0.49069996870097365
no.religion,d1436f0d0a3e4b6f,5,1178,0.9986577291044082,0.383989475435742
no.religion,d663649503e26a3c,26,1381,0.9909795980995886,0.0609431612332083
no.religion,da5944e3ff607ba1,114,4988,0.9671839810127989,0.11588574204628448
no.religion,dab5c25a965acc9a,39,2336,0.9883768922008087,0.293538025244438
no.religion,ef66321749f05a4f,20,971,0.9898301024696027,0.3874333010198984
no.skole.diverse,02f61869cf284bbb,43,1787,0.9806936972003855,0.49067523224577203
no.skole.diverse,1ea62e7494cf4a2a,22,640,0.951265806858254,0.5491522002769936
no.skole.diverse,23c432ea5189ef12,5,268,0.9946009884089393,0.5307675184600008
no.skole.diverse,27aff53cab439a90,22,1264,0.9759130809724336,0.4443545854881073
no.skole.diverse,293824f370a84d49,22,1192,0.9900792404926555,0.25463808457023934
no.skole.diverse,35034813bb1719a7,4,268,0.991087004862006,0.19317969613565092
no.skole.diverse,375128eb05013019,68,2409,0.9702104504353883,0.4553550076714926
no.skole.diverse,3a07c72ebbbe28d6,10,849,0.9941060745369341,0.33469754962772885
no.skole.diverse,3d15d396cc69f5db,9,422,0.992260683023643,0.25686350185675844
no.skole.diverse,494143e3cc69ba0e,2,123,0.9919765214262333,0.2872101912524153
no.skole.diverse,4b3804a69b53891e,26,1097,0.980623314342649,0.27014124626138286
no.skole.diverse,4ffb589ed7040809,28,1667,0.9960180357995372,0.4251393076367299
no.skole.diverse,52e620de84f595e5,21,549,0.9827185070050881,0.31587444933379144
no.skole.diverse,5499b6a548d03ce5,3,113,0.8884488297743649,0.1507440174780349
no.skole.diverse,55b88410ee869e5b,74,3000,0.982508552005292,0.3096822454978063
no.skole.diverse,5665c80cc5ee3458,9,1294,0.9983842292693955,0.27355103316243307
no.skole.diverse,597cfc2221580f6f,10,517,0.9446867192530731,0.31629439644204366
no.skole.diverse,59ce788521918a77,10,427,0.9662675033203743,0.3328272126425845
no.skole.diverse,5e248b1ee2383473,8,830,0.9771728222674037,0.16484154755699815
no.skole.diverse,62747c445931a00d,13,513,0.9707409311690228,0.23346223083178486
no.skole.diverse,674852911fbd5112,22,1128,0.9867493268792515,0.2843160759853762
no.skole.diverse,6999f069f1a105bb,13,678,0.9891950343173288,0.4029923005887067
no.skole.diverse,6b6399e74c29708a,6,355,0.9931248414769664,0.32916831521463463
no.skole.diverse,755e3f99d29a4f15,17,818,0.9804783066766086,0.2832572786646974
no.skole.diverse,756339a244925547,52,2128,0.9560373684296927,0.20218918936797603
no.skole.diverse,7941f4ee2de90223,22,609,0.9346854302743476,0.5155177631684054
no.skole.diverse,7f8e01d1b799eb37,13,808,0.9884169616508571,0.33441593198549624
no.skole.diverse,91cef1d69563f727,24,1290,0.9896926580406742,0.36028553363825894
no.skole.diverse,956474a8ddfcb169,12,960,0.9910030869619779,0.2754272292902186
no.skole.diverse,9c2d93099a6b6e98,8,2091,0.9988227285256895,0.5302156558570491
no.skole.diverse,a05b51316b350088,9,542,0.9932483051385754,0.31216693700132975
no.skole.diverse,a8fe71a864150319,11,908,0.9882515089663475,0.3437527922243
no.skole.diverse,b0188982b226f48e,36,1232,0.9598594757159579,0.4176411350442165
no.skole.diverse,b09a037305e9dbc9,4,264,0.9649098331456175,0.34446086506850765
no.skole.diverse,b60030ab9528dc62,1,159,0.9799980301845481,0.44319781090095517
no.skole.diverse,b6d1e4b81dbde757,20,1364,0.9834020233640057,0.40950348494333455
no.skole.diverse,baf991c95e09cb20,94,3923,0.9810756135614442,0.21737177379595374
no.skole.diverse,cf987a16377d2736,19,745,0.9494420368516058,0.1697767474848891
no.skole.diverse,d1b058fba207ff7c,5,334,0.9739135542078767,0.3928520958047861
no.skole.diverse,d4ebc6dbb679afa1,17,724,0.9910725422090494,0.2695147977427096
no.skole.diverse,e355f06b01a81039,18,643,0.9386235396929025,0.4099982927755719
no.skole.diverse,f321c4f0d0c47bf3,2,289,0.9988382763164022,0.38120070843443565
no.slekt,05d0e194835316cd,5,380,0.9889533857127834,0.23912575481436746
no.slekt,07eb9087fc96ad18,32,1101,0.968310795930669,0.28598253913052407
no.slekt,13992d6d88bab5ff,2,117,0.9926990334307888,0.243846956025726
no.slekt,19cf3d95874b4bec,49,1793,0.992576552961413,0.19827569355074232
no.slekt,1a6a0cc95653be22,7,589,0.9837978973282229,0.23351320316718507
no.slekt,2cef023c8a7a9a0c,9,671,0.9935180672673074,0.24500000776299075
no.slekt,2f7baec17805239a,2,280,0.9963461052419875,0.26304595643782785
no.slekt,345caa5fe1e49b5c,5,669,0.9958858138552825,0.5059429948022777
no.slekt,3a3278c7ce9a3c0b,2,190,0.9953819953162606,0.3436455885464422
no.slekt,3b3d3bdd9dea4ca9,3,278,0.9881286758511436,0.3553456629029229
no.slekt,41b68b398a4fbe0d,14,800,0.9692215440074052,0.23283092803986766
no.slekt,4e41f0dfb4c6ce32,9,373,0.9777517352105722,0.19342313099934996
no.slekt,517afbff15f54feb,9,963,0.9936027089800484,0.5597195896374164
no.slekt,5232e1f5d5ecaec4,4,433,0.9952140062556794,0.4553307245730174
no.slekt,57a10c0fbf869bd7,10,460,0.9627651583047729,0.27035214551437564
no.slekt,5aa889968605d3de,52,1804,0.9563860387025137,0.2586601725295555
no.slekt,5d772a79e2da1c36,8,355,0.961350298360975,0.35727998359535523
no.slekt,631810372b2213b7,3,137,0.9915266427057804,0.25325997412431056
no.slekt,666d9eabb437b0dc,5,361,0.9812743786409693,0.16993036535879252
no.slekt,69dac2479c6c85d8,12,528,0.9674225433805885,0.30520345853534353
no.slekt,6b9ea232e0e83c6f,27,1382,0.9912403329920617,0.3975803022518616
no.slekt,7265b7bdc68aff60,8,567,0.9940322517453344,0.2276488478133594
no.slekt,7390faceba465f64,3,124,0.9517969143709737,0.39370515658950955
no.slekt,77b395d14c9b89ea,2,654,0.9975978910741821,0.2503192497789685
no.slekt,77ed9253adcd31a9,7,1500,0.9960754649851306,0.4459939818020177
no.slekt,8884d7f42971d294,2,376,0.9690790148285282,0.22583416220326122
no.slekt,8e4cc42d49465065,9,845,0.9857854450498427,0.4347498420826329
no.slekt,947db938ae634313,6,191,0.9502382281685546,0.10261121416465971
no.slekt,97af7c5f9ec2e358,2,133,0.9767416756981101,0.43307852011495
no.slekt,99039de677a4b542,11,385,0.9767475600069045,0.4518465246389991
no.slekt,b2bef753c0d1f8ad,1,143,0.9985317514638998,0.2684486292054749
no.slekt,b8926622e7c281ca,26,1321,0.9840911854658353,0.21103875695593544
no.slekt,ba6a481e4899965e,2,117,0.9690679086465289,0.13724571438751304
no.slekt,bb810a919eb3d57c,3,165,0.9919246190168647,0.28279487370986933
no.slekt,c893d464c0ce8f02,6,927,0.9934093667959322,0.5286935578920839
no.slekt,d7229ce6e245550c,7,564,0.9850470090824763,0.3457635900360686
no.slekt,dfe8f6a1d908a071,10,249,0.9889348316819504,0.29009965520577624
no.slekt,f0b3ec3437b2e69a,16,1342,0.9923267916465528,0.2161405084943607
no.slekt,f174274a1e9dae82,2,253,0.9906053663463088,0.4390850418365596
no.slekt,f60a5f01451634e3,11,1225,0.9945186174187358,0.4384120934187982
no.slekt,f8bee6750aad74b5,8,355,0.961350298360975,0.3658079058244577
no.slekt,fd4cf788bb57582a,1,115,0.9844654840611753,0.1922916560187065
no.slekt.etterlysning,0311c7f6b8f1b1d0,6,412,0.987062224480313,0.27288664617376085
no.slekt.etterlysning,07be10b82624877e,5,256,0.9959420293509635,0.29115343556369233
no.slekt.etterlysning,0897e6248541527c,5,509,0.9981511858794416,0.19444560075307263
no.slekt.etterlysning,0927adc1030b8a46,54,2307,0.9860855907802619,0.469612129671932
no.slekt.etterlysning,0c50cfcc90fe30f6,12,291,0.9317543995968379,0.166571918349661
no.slekt.etterlysning,0e321080fcefc96f,2,175,0.9960552960017297,0.28944680869223266
no.slekt.etterlysning,1ca5fd74ccb8c8ce,22,1360,0.9873001636676867,0.3832901683746002
no.slekt.etterlysning,25e5006b7bc91b1c,8,786,0.9954311616211868,0.4598852817244848
no.slekt.etterlysning,262bd7bff7af6301,11,614,0.9755516167174665,0.2817358955161338
no.slekt.etterlysning,2b3728578400dcaf,23,1577,0.995181984050526,0.36641858412225575
no.slekt.etterlysning,3c0c65affe9f1079,15,2071,0.997178469889006,0.18018293702852625
no.slekt.etterlysning,46b6de5ef456bd98,3,409,0.9980991058663647,0.2008463321967885
no.slekt.etterlysning,4b3e9925bbb53365,17,1774,0.9963623410909829,0.3823303123106409
no.slekt.etterlysning,4c173436506daa36,6,822,0.9960084824005572,0.42568795120871905
no.slekt.etterlysning,5ffabbcf66099ba3,2,289,0.9957895096192256,0.12978300262566955
no.slekt.etterlysning,70a85c4ffa7929d9,2,656,0.9976810084442822,0.24711371692202802
no.slekt.etterlysning,7560fe0d1791616e,9,547,0.9803646252224413,0.29321207378621983
no.slekt.etterlysning,7be00b98fd18c6ac,3,215,0.9679602838184054,0.1758776709094672
no.slekt.etterlysning,7f92b38c2dd4681f,11,521,0.9899723780913473,0.32270512699667203
no.slekt.etterlysning,83a9c14418ef9c4a,5,460,0.9921997711123424,0.35789004415402786
no.slekt.etterlysning,89511275971b6eac,3,123,0.9299975762756084,0.176226536064744
no.slekt.etterlysning,908c827e54eb1e26,10,452,0.9685086954842786,0.2890029627575378
no.slekt.etterlysning,911712cf6f3dd80d,4,827,0.9971756450433936,0.4065503945613846
no.slekt.etterlysning,980d25f1a41fdc51,6,477,0.9929370324671821,0.23639980488872583
no.slekt.etterlysning,9a6f923c3d525797,22,1162,0.9907552852297294,0.11487626731964205
no.slekt.etterlysning,9add45583a9be39d,8,247,0.9451961423724405,0.36589478383234475
no.slekt.etterlysning,9fda7fc4aa5d7a8f,3,225,0.9838934893576329,0.14135136522058975
no.slekt.etterlysning,a32ccbce42cf83a2,7,289,0.9779546777082387,0.1720938244903012
no.slekt.etterlysning,b8465a18ae9c5e99,10,229,0.9691338670881711,0.23527161658369966
no.slekt.etterlysning,c002dc5c29424f34,8,487,0.989117349426336,-0.009095784668564028
no.slekt.etterlysning,d079b3817b427df2,26,1495,0.9938453297686223,0.19498443006614039
no.slekt.etterlysning,d2e2034ab8b5e872,30,2560,0.9961945619293673,0.34130041554242285
no.slekt.etterlysning,d8909e563fefe184,3,262,0.9932364969454696,0.29235906914074594
no.slekt.etterlysning,e1a5ea341cdc1467,7,274,0.9704762475256713,0.2706070666442807
no.slekt.etterlysning,e3ddd863373bc942,20,1158,0.9890419123907498,0.2561803184672501
no.slekt.etterlysning,e8b89af680df6ce1,9,446,0.9865261904173694,0.7009387092572391
no.slekt.etterlysning,eb5797ae2571e052,4,202,0.9517575212029739,0.3285351830198982
no.slekt.etterlysning,ecb420fe36f8b627,9,546,0.9917704093763043,0.34019958316109933
no.slekt.etterlysning,f562089010eadbb3,15,698,0.9840634557648507,0.27620431105665894
no.slekt.etterlysning,f592bf38e20a0d21,3,878,0.997813637146287,0.2979262561652558
no.slekt.etterlysning,faeebf08cb9e1a3e,18,1112,0.9909970676730592,0.4115886489061392
no.slekt.etterlysning,fec38630bf01dd69,9,337,0.9630888715780002,0.2329964564529388
no.slekt.programmer,047f669524cf822f,19,781,0.9699779425407958,0.3722465282377029
no.slekt.programmer,0caab34b2110f113,23,1531,0.9878754115128796,0.5716927528633
no.slekt.programmer,1021c49039aeb9c7,16,679,0.9661031695092223,0.5015634423284643
no.slekt.programmer,3149a937d1605da0,1,57,0.9790042665854443,0.360574232337298
no.slekt.programmer,356fce6cbb158d54,11,472,0.9801281991544981,0.32408391481924426
no.slekt.programmer,3e26edb85970fa27,8,615,0.9830554368630877,0.5685263779136197
no.slekt.programmer,3fc37466b0a72bde,24,2356,0.9933191057095229,0.2134672908041268
no.slekt.programmer,4302dd9addf39672,7,560,0.9913470594085528,0.20981633444855158
no.slekt.programmer,49363c86ca05c9ea,1,277,0.9980660236177175,0.3353660141015211
no.slekt.programmer,4e8ae25703867363,11,593,0.994087602164367,0.21165602112744422
no.slekt.programmer,5262d9f48c7a960d,21,1457,0.9846966462915857,0.4840765509813745
no.slekt.programmer,59674a4eb3d2eb4a,24,2760,0.9921764126715792,0.44334851007363735
no.slekt.programmer,5bf00d7de142611a,26,1711,0.9794577034949004,0.2959849206994917
no.slekt.programmer,5fd9c54aebfae3e5,3,350,0.9872522840247917,0.24145619603070329
no.slekt.programmer,60049e343509b6b3,5,80,0.9417787477031648,0.2954899408967069
no.slekt.programmer,6e6e8fc1e618b419,27,2007,0.9907532204582545,0.6034582501819733
no.slekt.programmer,71414b7f99b14a82,14,893,0.9906048810150683,0.46933271377893415
no.slekt.programmer,740c164a94ad4dda,39,2029,0.9792180307706617,0.35556766167056625
no.slekt.programmer,7cec1901dc66de8b,29,1317,0.9830272425946966,0.32935569343594995
no.slekt.programmer,83953ec3150d4643,16,1382,0.9725563384125679,0.5269137978484316
no.slekt.programmer,8d326f4460914c70,19,1043,0.984424618420092,0.18222205760612348
no.slekt.programmer,91f05bd8d632c8da,8,1678,0.9875460121298174,0.47554443555929254
no.slekt.programmer,963eed6cb19a3182,11,624,0.9826209192968819,0.31123030796370893
no.slekt.programmer,987aef1c10cab221,14,1097,0.9874774018833185,0.2034596697536264
no.slekt.programmer,a734f4d49d51b5e0,6,1299,0.9974488318444291,0.4005257132405857
no.slekt.programmer,ab16e7622724ac3d,18,1037,0.9907175262071889,0.54226178057581
no.slekt.programmer,b0ace1e0c145f11e,8,539,0.9912997412862385,0.1765937473517779
no.slekt.programmer,b1b5220d4826b9e6,3,156,0.9952138937184177,0.3348411568270132
no.slekt.programmer,d17601ee141c58cd,14,4476,0.9967548822175567,0.42042510574457415
no.slekt.programmer,d772a78441f54cc1,9,415,0.990033400350618,0.1565816889427997
no.slekt.programmer,da8c71703c5c9288,12,798,0.9902253580255079,0.06793248569812609
no.slekt.programmer,df41b1ee7ac28fa9,2,146,0.9864019938992541,0.28289269203494494
no.slekt.programmer,e0f573172a02f071,15,1300,0.9926169938030598,0.5581219443957564
no.slekt.programmer,e18d82bd1451f3ba,11,803,0.990286591329386,0.29260252603566217
no.slekt.programmer,e1c1929ab067f255,35,2550,0.9907908257295265,0.3660138114754848
no.slekt.programmer,e49618f3523473ad,3,394,0.9932982552536417,0.47927172844552085
no.slekt.programmer,e9192dcf48f0b409,8,681,0.9937115386904344,0.3676128786274731
no.slekt.programmer,f1abb304c0955365,15,831,0.992736388299063,0.6004120806871576
no.slekt.programmer,f1fd21f0a5fc5eb1,19,1782,0.9850655070870905,0.5526702736432875
no.slekt.programmer,f55febc6506ec940,14,674,0.9864651045018884,0.5445513744573522
no.slekt.programmer,f735facc4de2fc69,2,1221,1.0,0.542909126103
no.slekt.programmer,fe9f18ef1b6afd63,11,466,0.9821904892048858,0.30768279493184936
no.sources.list,0f9ccbef1f2e5195,1,186,0.9973640680956202,0.2917624501094025
no.sources.list,1224fa07aef6354e,1,233,0.9978333746005856,0.3563622355394054
no.sources.list,20f02aa3f69874b8,1,229,0.997822224269467,0.39741192027989763
no.sources.list,2a8694a7ecc88fcf,1,183,0.9971251544268869,0.4308566946569684
no.sources.list,2fe64b090f35cd72,1,61570,0.9992046482998899,0.39584844758897525
no.sources.list,3330371d987ede18,1,230,0.99783445909701,0.3215812338603622
no.sources.list,38517eb2171b6fcc,1,412,0.9987145600921922,0.4521062202026784
no.sources.list,41c371c4b18d6190,1,225,0.9977408769251336,0.4707412967574943
no.sources.list,4fe005032d630b2a,1,182,0.9969447881217157,0.3474767911398884
no.sources.list,55ad79ddec74780b,1,185,0.9972171068571789,0.13617969352243603
no.sources.list,5eea64915cd7a6f6,1,225,0.9976056037437867,0.7449495759433954
no.sources.list,639f51ff5986ff5a,1,179,0.9970310021311437,0.3393458733977894
no.sources.list,8d040084303a6cd9,1,309,0.9983291960612335,0.4508933900835447
no.sources.list,920a1762183bdf02,1,185,0.9972002271660776,0.36347453933953977
no.sources.list,96637e92f6f6d728,1,271,0.9981450776514665,0.17974564764734716
no.sources.list,99c8aca614a5867e,1,247,0.9980061452051853,0.18016310858484766
no.sources.list,9cb95468444ba569,1,182,0.997396770661097,0.18941471539793567
no.sources.list,ae5bb3c4c3766250,1,233,0.9978249048291873,0.4863402389770972
no.sources.list,b15413c5bd5c3b30,1,399,0.9987807853162366,0.06160580517961726
no.sources.list,b75176a424e2dc0a,1,190,0.9975496415409311,0.5428899015346793
no.sources.list,bae2d99ad4c703f5,1,313,0.9984782824985577,0.3893664325741436
no.sources.list,c0f6a5d0c671e3df,1,180,0.997264007029201,0.21617315500381562
no.sources.list,c5cf2f72d9fb1904,1,183,0.9972896275001154,0.5563119418032526
no.sources.list,cab283b093cebb26,1,184,0.9971084674862613,0.11367828910287303
no.sources.list,cdaf53d30b871a0f,1,440,0.9986945042391157,0.5857299776172634
no.sources.list,d8f327da755db8ac,1,184,0.9972457828615089,0.1591543035337478
no.sources.list,df1c47666112efe9,1,184,0.9970829899286413,0.4112098157508498
no.sources.list,e6813e776edf2f2c,1,407,0.9987118134897913,0.4972086375343086
no.sources.list,e6f8bdf2e7bc9074,1,555,0.9989503273524568,0.277734761902642
no.sources.list,e96d3a784b168107,1,271,0.9981172320828362,0.11728035023431374
no.sources.list,eb2989ac4b36584e,1,182,0.9970967230919715,0.3510962510051352
no.sources.list,ec8ecd62995d6577,1,270,0.9982587478208866,0.2502150234499462
no.sources.list,f2ccddd63d76e14d,1,268,0.9981437741681091,0.3179485334435578
no.sources.list,f8fee84e82dd0368,1,184,0.9971574881582801,0.34414917545835527
no.sources.list,fd462595ccacc0d4,1,181,0.997276176545487,0.5253824373088277
no.sources.wanted,0eb390860c7e3ce8,7,396,0.9938202367487428,0.5342443855399965
no.sources.wanted,0f95e987986a777d,4,291,0.9877783366476397,0.2278475877356019
no.sources.wanted,4030889f91f66200,16,1021,0.987259397771692,0.43914302266123695
no.sources.wanted,42e8d7f674ede13f,4,122,0.9530741143696747,0.2570682708627895
no.sources.wanted,42ea4eb7b28b6bf4,2,220,0.9963470264530037,0.2638953368456511
no.sources.wanted,5522a62f285ea70f,2,176,0.9930632841804633,0.4517717733026471
no.sources.wanted,5bbb1f91e9abcfb6,6,722,0.9933434634289657,0.3299466695060228
no.sources.wanted,649d7759ab8fad7b,2,264,0.9988128919985458,0.3098014485074457
no.sources.wanted,65da06c1ee31191e,4,396,0.9970969468780553,0.35753045120460974
no.sources.wanted,6b42e0469a38d48e,20,1177,0.9871247629085979,0.21350100033988034
no.sources.wanted,76b9ff422d177e6e,1,135,0.9905871761882153,0.39770008552765096
no.sources.wanted,aec01191268a973d,9,613,0.9854479850406537,0.24102629984375964
no.sources.wanted,b49f6540eff209de,7,292,0.9873893077345027,0.36257337538430384
no.sources.wanted,c166d25fcc24a722,4,318,0.997271134754202,0.3767118919150416
no.sources.wanted,c216a72f77190f64,6,1072,0.997681690367164,0.35052319812663396
no.sources.wanted,d3e6181aa0792d9f,2,261,0.998660993346785,0.12703874386216787
no.sources.wanted,d63c6ed0d1403926,2,302,0.9984814412511461,0.4873782538337856
no.sources.wanted,d91876097ff80b10,3,182,0.9932735415959493,0.23559054466826904
no.sources.wanted,d95caf0676afb77e,10,552,0.995188898855457,0.31619989400906295
no.sources.wanted,f342b01ceecb22ab,7,415,0.9909873327872628,0.25882664190197247
no.sources.wanted,fe722b70b4930d5f,9,687,0.9949497437328441,0.3513454239705209
no.speider,02516b0d57a60958,3,229,0.9748754741214276,0.32682330870932236
no.speider,0ccdfd2ce81545e8,20,998,0.9822167086100001,0.24764745955242543
no.speider,1b22ae1989b91180,15,758,0.9709825335834352,0.3235952428641344
no.speider,1e5e88dab4979596,11,535,0.9873387826605379,0.41369959525235495
no.speider,23f7a1399eddc616,12,330,0.937406701081308,0.3141153619573167
no.speider,27dc20d5792200c9,5,318,0.9908446233147432,0.22093323044277383
no.speider,2c16346a853abb8f,10,508,0.990126336626219,0.19092424334935654
no.speider,2dcbde0b057eab82,13,798,0.9915350360106797,0.43896714823215033
no.speider,34a985c083e7b337,7,366,0.994972034783316,0.13335298168357945
no.speider,3997501cad76d808,4,99,0.9815972292490588,0.22720059073898016
no.speider,41381820d7fb0f2b,21,733,0.9586740290201714,0.19598086128695835
no.speider,4bb13554f6c9861c,11,453,0.9872131378104936,0.3207299439961171
no.speider,51ba0e3db86967a9,7,381,0.9926975722146573,0.06647022042328214
no.speider,523c612a7c5340af,3,370,0.9977668631607068,0.25254010192746673
no.speider,52e6522fd5d6009c,114,4449,0.9880799579832173,0.27798665476448536
no.speider,64ef6b1ed56ab186,44,1383,0.9475081520560102,0.40170227452779195
no.speider,676df7cf0a24984f,9,394,0.9864601804034064,0.4108735287712164
no.speider,6a96da17655d8690,8,2528,0.9910911209748785,0.4575854086225289
no.speider,7dd1432872fb07bc,7,588,0.9921325295898538,0.3954638743404525
no.speider,853c227786ed0b0c,63,6312,0.9908163083384374,0.42924737766803106
no.speider,8d2e38680b1a1c02,40,2118,0.9843847695273698,0.3318441462648577
no.speider,8ec0d39d7021b873,19,1139,0.9905043633384907,0.2669293670397812
no.speider,99dd5fb4fda290f2,6,2211,0.9975114270465821,0.2067676235328947
no.speider,9bbbf952a7e4901d,4,790,0.9944672633473443,0.20858649220139497
no.speider,aa34b5c7174495c3,4,366,0.9765493642609463,0.32464438082200675
no.speider,ae2923dd9df636e6,1,78,0.9940694881367668,0.3123428870815843
no.speider,ae9b2bd2f29b2d5b,2,293,0.9966822890676905,0.28708781742053163
no.speider,b20c7439d7378e81,7,506,0.9931135575706231,0.29180029131690727
no.speider,b8b0cab2cebcd6a4,10,636,0.9822447006278462,0.34623461838920455
no.speider,bfd2582bbe2f5165,4,1247,0.9994102190248655,0.3319384115071769
no.speider,c38ee04ce4d286c1,1,78,0.9969167866890051,0.06271726401874866
no.speider,cd6bc3467808f8bf,11,575,0.9763243267700124,0.36204787191012033
no.speider,ced5cbe46eb7ff8f,13,968,0.9864423344804738,0.47946813456373344
no.speider,d3f8034840d38996,15,852,0.9966121313951627,0.2857537243761371
no.speider,d82127fd6ab3922c,29,2227,0.9865031629773388,0.3437972064491805
no.speider,da8b8ed0817e79fb,4,601,0.9982159709345206,0.15154262360345389
no.speider,e2a3981c00a424ac,4,344,0.9936008000287201,0.46844709366924014
no.speider,e3795399ae825b8c,14,332,0.9742456768761449,0.13382758300363246
no.speider,e47d050f984ccca3,8,1167,0.9894338739220407,0.5495899421059098
no.speider,ed333e6d61403353,8,462,0.9814630257245369,0.19057410084599172
no.speider,f060a2a27d9a587e,3,78,0.9538236233620753,0.20595557557628635
no.speider,fe1a7ecd44a2c6a6,1,193,0.9966468574685207,0.36864212257480866
no.spill,0014aea2e54b3182,25,833,0.9892947849171984,0.22458567313306663
no.spill,028e24b6b903dbd7,27,1416,0.9880273080896133,0.35992354197271104
no.spill,0a131866f4a1a0d1,14,1449,0.9948414607414171,0.24119029042138165
no.spill,0fc3c6aba77898e2,13,994,0.9877671334854277,0.36742146202354686
no.spill,129d3b4170c3734e,7,382,0.9937245964081796,0.2251598949299914
no.spill,12b90a153ea25a64,9,946,0.9958509042545077,0.133822161622767
no.spill,1907110e02cd1b82,7,425,0.9863865272882542,0.5504625051172765
no.spill,1f5302d76a8709a0,4,340,0.976757782766893,0.271270116902749
no.spill,204205c8a06655a8,5,338,0.9925772407958401,0.09617439121716449
no.spill,204dc169a36d8e6e,18,1846,0.9938283850090431,0.16854853554044888
no.spill,273984ce8a569a37,17,730,0.9846450089772795,0.18435569943221514
no.spill,34a615ae97ff4c4d,3,367,0.9951325928281062,0.5066211758590812
no.spill,3d83d4c643ffb101,9,545,0.99280320233718,0.37973096469397283
no.spill,45ed54a7ef455811,3,779,0.9975900506573548,0.24600939598017899
no.spill,53cb2037b35fe768,10,808,0.9925550857555598,0.39871856820977786
no.spill,69746b615bf9c799,2,145,0.992014243188617,0.1367756031993685
no.spill,6f267d4b69f48a7a,15,1403,0.993199669396112,0.4059218128956459
no.spill,74839588c88bdef3,8,441,0.9919491594677564,0.16656955361947912
no.spill,7acd6c8367644a3e,2,120,0.9965499100711415,0.1094794359427649
no.spill,84a4fa35a1a412ba,5,664,0.9962708589794207,0.5100552375636236
no.spill,85c2b53c0a4d0f96,1,317,0.9967962214367097,0.35335469991083257
no.spill,86723626a8dc5851,11,598,0.9840518324117029,0.35103958771907245
no.spill,9f2c12e97a5e6e08,14,711,0.9786432569614977,0.4445706383921992
no.spill,a2b716d1196bc4fa,4,97,0.98522455656088,0.2352098271607321
no.spill,a75aee74349c614b,11,346,0.947173893220994,0.1610237446274158
no.spill,aa841b20f55a0380,1,206,0.9973846495663083,0.17731595047106494
no.spill,b5a8365cd097309d,4,269,0.978688702165951,0.4216845904230039
no.spill,b6153be7c38d5c3e,9,415,0.9811882746497362,0.5076010498438986
no.spill,b710024c63262678,2,129,0.9177480431231748,0.3681464760174595
no.spill,ba16aa0f3c42b5bb,1,125,0.9821889720770922,0.028850158419139252
no.spill,bbf7c51c2142db9d,6,401,0.9933182566586587,0.20262405226629318
no.spill,bc9f8eed0bc7733a,15,1065,0.9884355377212983,0.11552859087847468
no.spill,c1115d53385769d9,4,665,0.9899048363006544,0.3934476955793605
no.spill,cf4efb06062c758d,7,759,0.9812930294165216,0.617765882977742
no.spill,cfadc50bdef18254,2,177,0.9933492415778798,0.22318120032168795
no.spill,d0a7a91375dfeb0f,12,650,0.9899093746751888,0.21859723721614452
no.spill,d2b9b2a5c7d0b2ed,5,209,0.975742444970932,0.08590885579320559
no.spill,dcc34043c33035dc,1,429,0.9998357085599092,0.3341744122700658
no.spill,dd429aa095eab6c2,17,861,0.9793723430220485,0.2952776156088852
no.spill,eb231c23f5d4d2da,5,592,0.9596057974929612,0.24706745374284472
no.spill,ee13d9b80da0c182,4,299,0.9946711228693113,0.23780910361312685
no.spill,fad6e791c26b3ce5,6,318,0.9938770074490916,0.28083002925038136
no.spill,ffe956f3f11eeaa4,31,1063,0.9663471581195734,0.11466464965540261
no.spill.rollespill,001522b6fe712445,5,506,0.9964567063271947,0.41278108350744624
no.spill.rollespill,0614d51c0fac9b8b,37,2886,0.9877754805520299,0.4118577792397954
no.spill.rollespill,07cc897309e6e0f3,12,910,0.994466340875147,0.28481783988848075
no.spill.rollespill,0bc09a6a3532006e,1,290,0.9993889910107081,0.2117637518538988
no.spill.rollespill,0c702553cd9aeea7,4,657,0.9989268456045762,0.31485310767661995
no.spill.rollespill,13f5be166b159e99,7,559,0.9947760680355854,0.49752299085135626
no.spill.rollespill,22632c39a58d3414,15,876,0.9814260140515295,0.4974897149765419
no.spill.rollespill,2bdea7029c022a85,10,657,0.9791027847426467,0.16106978694384413
no.spill.rollespill,2dbdae12115cdce3,27,1462,0.9906865799685829,0.2804060195185283
no.spill.rollespill,44b6abbaf071068f,4,939,0.9961003636503163,0.4719373577264858
no.spill.rollespill,4d324fe74f81469b,14,336,0.9837151711493922,0.34948305589309425
no.spill.rollespill,579b475442233b34,33,1677,0.9884410830851437,0.2934845375886861
no.spill.rollespill,5f59ec5c96b524a8,12,456,0.982636193419131,0.24717696266345307
no.spill.rollespill,64e277ee14f0e42e,5,330,0.9919626829393671,0.37167823996372407
no.spill.rollespill,6af5cae54f21595b,1,384,0.9963511522528323,0.17819313858469665
no.spill.rollespill,6bdf7b54337c84ec,9,622,0.9919852443423652,0.24282518376782455
no.spill.rollespill,6daffc3b983c4e0b,50,2603,0.9762153053247454,0.32851061388397973
no.spill.rollespill,716386f4d6f81131,7,549,0.9776451520006806,0.43062915375749267
no.spill.rollespill,7d85a246016d0a2c,11,483,0.9836944509722716,0.3282009043180358
no.spill.rollespill,7e38af377c3a397a,29,1567,0.9902726666717625,0.30737313108495573
no.spill.rollespill,831840fbbcda2364,31,1632,0.989843681954079,0.3014993705443321
no.spill.rollespill,8c6dfe3cf9921363,62,5196,0.9917786834235491,0.2800874206309311
no.spill.rollespill,9202d49be87e779a,10,1276,0.9970479350111885,0.350496866040278
no.spill.rollespill,961b77c9fa54c069,4,283,0.9787523884455995,0.3906084103729435
no.spill.rollespill,9b22ce36404ed09a,8,564,0.9946939826493963,0.519490281755216
no.spill.rollespill,9f567ee12617db11,33,2156,0.9825144321719864,0.43973850057153413
no.spill.rollespill,ab01b92dca9913f8,21,867,0.9912063563080178,0.2887104751347699
no.spill.rollespill,b147263ddf8c24b0,2,138,0.9912910579497982,0.42343608518821974
no.spill.rollespill,bfc7991e88f83e8a,183,8187,0.9796842464575187,0.22029613767137218
no.spill.rollespill,c22f7cecdcdd318e,5,521,0.989108659852108,0.42151934464665225
no.spill.rollespill,c5dfa4d981fa0850,115,5100,0.9871753400943014,0.3457344884817318
no.spill.rollespill,cd0fb1fe9a88d919,21,1033,0.9915697941882664,0.5683309204663652
no.spill.rollespill,d0b1cdc1fa886c0d,4,487,0.9760415150474485,0.3208788328642368
no.spill.rollespill,d741407ba5f1deb2,3,315,0.9976535400156106,0.29639570239941637
no.spill.rollespill,da8c0f1c80930b1d,4,697,0.9981669536358432,0.3403766258412166
no.spill.rollespill,dcc87fceaa58ae53,2,93,0.9916145224805315,0.2359544791200591
no.spill.rollespill,de85dd19d2bfa0d8,28,1840,0.9905776341481783,0.47787374673098915
no.spill.rollespill,e94219bed192917c,121,6098,0.9892291076475457,0.41764268707875496
no.spill.rollespill,e9fdd794b01f228e,11,719,0.995258782433782,0.4368775693278153
no.spill.rollespill,f7871b30aecab4e2,2,565,0.9991223481235714,-0.00017600357520985738
no.spill.rollespill,fefe56749c8a9aff,3,368,0.9867936049002254,0.2034020623895481
no.spill.rollespill,ffbacd406a44fcf0,5,525,0.9890374996637855,0.5942307098434807
no.spill.sjakk,042ef0e27e5ab5ad,2,153,0.9876811572685646,0.19091900070192602
no.spill.sjakk,0e63c2f5463e5980,9,544,0.981555318245588,0.5380987423484552
no.spill.sjakk,0f351c2dbd8cf79f,1,339,0.9969434989016285,0.13409674128026336
no.spill.sjakk,1514db25a228ab4c,12,607,0.9920146283190899,0.22180196234750096
no.spill.sjakk,26743b11a5661ff3,5,432,0.9831522909507202,0.22438199168491563
no.spill.sjakk,28580f6bbd1f6449,4,356,0.986550666558341,0.17678310628128335
no.spill.sjakk,31233778b89c814c,1,515,0.9984516119942042,0.20263149774118427
no.spill.sjakk,3602a4de3544871f,2,299,0.9933219190285248,0.2267358552378311
no.spill.sjakk,470c0d7c8490331f,29,1421,0.987347301451351,0.19097130625058548
no.spill.sjakk,4788a95cc3caa992,7,6127,0.9923731444796595,0.427472004171384
no.spill.sjakk,4e3e50d4f442cf79,3,169,0.9956371126467813,0.2972996199418738
no.spill.sjakk,4ed33472b99072bf,1,479,0.9986296733006089,0.11527841393863524
no.spill.sjakk,4ef59af9f9c1bd35,1,65,0.9954976533891363,0.22677576038748326
no.spill.sjakk,535b78fff8e2a4b9,10,610,0.9816924959681668,0.3350946287679799
no.spill.sjakk,62af9dbe62637499,2,537,0.9984832601502007,0.2364578843793243
no.spill.sjakk,7159da4370dc5c95,4,252,0.984124343906801,0.17996054087768978
no.spill.sjakk,7696fd58928430fa,1,570,0.9983961479331115,0.2195599026851717
no.spill.sjakk,81b41774105785f4,12,1080,0.9988798211730874,0.23591295387707392
no.spill.sjakk,858f5ea100d55597,2,564,0.9984313814707138,0.3820924196261882
no.spill.sjakk,8fe67f005be4cb31,50,2778,0.9926284861333495,0.22281041859269546
no.spill.sjakk,912b60e86229492a,1,393,0.9978883239781704,0.1473117774890276
no.spill.sjakk,9270c401b66dd884,1,526,0.9986916921518718,0.06086580572119184
no.spill.sjakk,93b662408691f457,1,537,0.9993685522691952,0.2752448241050933
no.spill.sjakk,9896d7ccf9f03b16,11,567,0.9852152394825009,0.5690841810727185
no.spill.sjakk,9ce0afbf74232f0d,1,816,0.9974235906713896,0.6641933698487884
no.spill.sjakk,b17140a9d1690b5d,13,613,0.9876707411586526,0.41735119254532294
no.spill.sjakk,b3edd16583f0f3a8,2,97,0.9392915492077947,0.20601111090491062
no.spill.sjakk,ba3c343f93b54bc8,13,655,0.9942811984590472,0.3508279172102647
no.spill.sjakk,bb4e988c53d12032,1,414,0.9938066612778368,0.054897160807067184
no.spill.sjakk,c1d970cb5b3b25a8,25,4942,0.9967298712605823,0.3131337741692264
no.spill.sjakk,c2c6da07cf6e1137,1,280,0.9998025818301797,0.2898876158597737
no.spill.sjakk,c35b080b426c7063,2,546,0.9984777715494393,0.48421928298603245
no.spill.sjakk,d4ffccef78de0c7b,4,500,0.9771646791299702,0.2955369709647403
no.spill.sjakk,e658d110399f93f3,2,126,0.9566356845515248,0.2989463308659052
no.spill.sjakk,ec7580fa54c7a07c,36,1576,0.9850903557862063,0.6799250337547039
no.spill.sjakk,f35470ff865b297b,14,1397,0.9955458042966632,0.1915327944116912
no.spill.sjakk,f5e9b9cb6e03cb00,1,199,0.9936181935194293,0.15552067032828523
no.spill.sjakk,f83768cdc444212b,1,669,0.9995191776874763,0.26063605541089235
no.spill.sjakk,f881ae17aa3b44b4,39,1834,0.989366287199686,0.5232231504043426
no.spill.sjakk,fc69c0d859ff7620,1,361,0.9958849546299643,0.30418817577862073
no.spill.sjakk,fcba90fc5df7be61,1,446,0.995575822768781,0.17309890444063447
no.spill.sjakk,fd8df8aaca28ef7e,17,1898,0.9971750092472766,0.23308411726355913
no.sport.diverse,025ef772f143976a,1,201,0.9990662295344432,0.1999854215792737
no.sport.diverse,089dec548e977456,13,806,0.9788218928605367,0.29192751386290133
no.sport.diverse,08b04466a38b3a97,3,140,0.9825066144383748,0.1852533099086841
no.sport.diverse,0c3b7ecdf89d11c4,6,896,0.9907738760632901,0.22883148858771293
no.sport.diverse,0dd8f48a88f02926,11,570,0.9809754659537914,0.29839113439220666
no.sport.diverse,21a00f65a5c6369d,35,805,0.9608585036634819,0.27123864907180634
no.sport.diverse,297e89bc4678e252,22,873,0.983591124268098,0.24398517069325584
no.sport.diverse,2ceec8417adba64b,33,1929,0.9949129198423998,0.377056299571369
no.sport.diverse,39d5d7861e742bdf,56,2400,0.9875238352060618,0.34711169187243873
no.sport.diverse,3c39b9dafbfed522,4,180,0.9921206571777316,0.11682006499689014
no.sport.diverse,3fcd5e71c864ab78,6,389,0.9898103805579267,0.281566830904065
no.sport.diverse,4380e1c5c091c0c0,12,414,0.9767920527717815,0.24288758619018452
no.sport.diverse,440fe06120095515,7,707,0.9943231948885092,0.3441700126223065
no.sport.diverse,4564d8c4ba773187,8,498,0.9887775032010983,0.3983358591691013
no.sport.diverse,4a6d8831e7a80014,15,1073,0.9801668381870928,0.44999471392051066
no.sport.diverse,51670522d61968f6,7,266,0.9930230588590757,0.22943573055037386
no.sport.diverse,53c0d59edfbf8711,17,1156,0.9923521890963602,0.267720809839233
no.sport.diverse,6504e5c96467f2a8,40,1576,0.9893817242699213,0.24278377541011287
no.sport.diverse,67751f717e80c8f5,14,717,0.968892790728521,0.2524258649868227
no.sport.diverse,6d573830e568da05,2,302,0.9949664073200891,0.18767409043224753
no.sport.diverse,701d1d4bc6e8bdd8,27,1119,0.9620564229955865,0.3488063053524343
no.sport.diverse,77aa9c46f6ff6e2f,15,708,0.9818245497148865,0.1479119096919916
no.sport.diverse,7deac90bd14f4c28,5,160,0.9795466800785346,0.11079181319310227
no.sport.diverse,8cbdbf941c5efea5,5,314,0.9575487046021822,0.2949427410078952
no.sport.diverse,964813ba53511377,2,698,0.9982336512571311,0.24554510030172266
no.sport.diverse,9765091569641bcf,4,186,0.9857328957666279,0.291198431085037
no.sport.diverse,98b7fff268bb1a8c,21,1115,0.9914064224568377,0.4169093949067567
no.sport.diverse,a0404cd738fff9c4,6,339,0.9907443811840635,0.20449033975499528
no.sport.diverse,a4c555ea66f74a97,48,1732,0.9770605120595061,0.2016779101171929
no.sport.diverse,ab9f7bdc6bf791d7,5,210,0.9761651529975026,0.17718269158648237
no.sport.diverse,b1d67cb427db3b15,4,175,0.9816406607716401,0.11873849791869058
no.sport.diverse,b2c82257bdfe5941,5,174,0.9710179345536246,0.08188429303649926
no.sport.diverse,b8b4e432cd82d9bd,8,276,0.99202280888402,0.23349232971757183
no.sport.diverse,b8e9b743e0c39c54,4,519,0.9784478605851702,0.32682131542040216
no.sport.diverse,c25b7c1cb286decb,32,1268,0.955038884744986,0.04074774539180694
no.sport.diverse,c289511668fab8ab,7,303,0.988722525933761,0.2628938571173214
no.sport.diverse,cb1a24209eb82a3b,5,422,0.9649295905523946,0.30128322936296065
no.sport.diverse,d8a30ac03411568d,4,143,0.9471273642301921,0.3160458708762769
no.sport.diverse,e2171fad85fe2344,20,1420,0.9940133674038203,0.3416548446677594
no.sport.diverse,e77362c9f54ba32e,3,521,0.9970490306985298,0.31994991129504796
no.sport.diverse,eb2f8eddd043e23c,16,593,0.9676302434812146,0.09327737235207638
no.sport.diverse,f1f1c309df6f5e03,18,1025,0.9703916622256263,0.27442693883502783
no.sport.diverse,f46903d3b7d4d33e,7,351,0.991358861191211,0.45989651325760955
no.sport.orientering,036ff9d63d4aac81,6,210,0.9634891701734668,0.19324347860153376
no.sport.orientering,0b130bc0d91be590,2,81,0.9614929885694462,0.3088696113067992
no.sport.orientering,0b335c2b9ee0d0b2,17,724,0.9790975984329308,0.0258696560668481
no.sport.orientering,0ca1e74f58164724,217,7255,0.9822498243055188,0.3599874302010913
no.sport.orientering,14c3ae06f39d7236,8,571,0.9888194187265045,0.18798651393588126
no.sport.orientering,27609b9ce2c97b0b,13,1483,0.9901036899555945,0.181090222024866
no.sport.orientering,3206d6038d8d5fc8,21,1012,0.9774145989463829,0.2248443124507178
no.sport.orientering,34f02e92fea4a1ca,1,143,0.9882406134011552,0.15641436647105345
no.sport.orientering,3d0c384a4773ef5c,14,2387,0.9943539526957521,0.26676837009797444
no.sport.orientering,46740c515c53409a,5,196,0.9683446609211849,0.23297585884545907
no.sport.orientering,5042b9f48dbda747,8,375,0.9861941086355424,0.14921170806906692
no.sport.orientering,5366a949619e3161,4,244,0.9793257224038381,0.24851623264922068
no.sport.orientering,56154490adee91d1,3,240,0.9616423120067114,0.144800683218591
no.sport.orientering,56a15945312fe200,20,1219,0.9695270922433945,0.33556684995183816
no.sport.orientering,5c46552ee680eecf,4,120,0.9616982822304815,0.22266961657044207
no.sport.orientering,63e73326855451de,6,350,0.9859905046634946,0.41795153950592934
no.sport.orientering,6a9f4d05ce9c482d,2,99,0.9923604235414792,0.15326741310219896
no.sport.orientering,88c1c3daac563d60,2,416,0.9945700570659434,0.41822185351720853
no.sport.orientering,95892e985690eff1,63,3238,0.9860446914519664,0.2177800831475985
no.sport.orientering,9a3ea1006913402c,25,1073,0.9715816623975085,0.43429536314513645
no.sport.orientering,a4c6f189aebcdf90,21,891,0.971714818358242,0.26388088196608117
no.sport.orientering,a8165b93490df74f,145,4743,0.9805582603493456,0.26709145653536864
no.sport.orientering,aecc012c6d33a5c1,63,2138,0.9614021839169613,0.21730699725148087
no.sport.orientering,b16a922c0546f579,10,708,0.9922432361829439,0.4594020287793887
no.sport.orientering,d9724b266e9a38dc,3,193,0.9938273280779277,0.31137434882647447
no.sport.orientering,e15dc07e58b65df4,15,1000,0.9782046376708817,0.3275942915256678
no.sport.orientering,e34445c9e6dc9012,1,77,0.9937385656737614,0.2719568392433776
no.sport.orientering,ed404d62bd1acf47,9,462,0.9939871064026667,0.21118731336482563
no.sport.orientering,fdbc106dd4f38d17,2,192,0.9767478891479663,0.3563660805821465
no.sport.orientering,fde52b552cd3a387,6,639,0.9947420797102248,0.5502192407667164
no.sport.volleyball,01eb1df40d91df6f,3,611,0.9989356124768957,0.1904050729179041
no.sport.volleyball,032c7fa718cfb195,33,2040,0.9950615850888397,0.11321894309804333
no.sport.volleyball,11b7e3ef8d4328e7,20,936,0.9836166290419902,0.3386503871235898
no.sport.volleyball,1bc7b469104fc973,13,298,0.9337338041856795,0.14550937176952497
no.sport.volleyball,26334941684d87fe,12,433,0.956012937360872,0.24729632654880038
no.sport.volleyball,333d1abfa2ad4e25,35,1952,0.9960890160755312,0.17527363345801822
no.sport.volleyball,38e02d9a8292d090,4,443,0.9918474759965531,0.09791011241255054
no.sport.volleyball,395e13d97f330ffe,34,1995,0.9899804317501475,0.23293082406523452
no.sport.volleyball,3d5444ab029f108d,2,89,0.8522162394240171,0.22108972662084855
no.sport.volleyball,4a8c00efd44d4f18,37,1553,0.9886749932913892,0.3331775929184669
no.sport.volleyball,4fe5860bfd44a208,103,4376,0.9918116299289047,0.3518557719165607
no.sport.volleyball,5b392632cb24554e,47,2113,0.9955853743220433,0.3137055733871728
no.sport.volleyball,5bc3fb98e73ed4cc,2,221,0.9963668097239508,0.479342384070711
no.sport.volleyball,5ef9abd5ffc75087,3,130,0.98369816664771,0.14023945792759027
no.sport.volleyball,649a5b909e7a8ae3,1,100,0.9847113581082251,0.27652164453248207
no.sport.volleyball,6674c5eeb2760199,6,333,0.9881181914006941,0.16979311485001572
no.sport.volleyball,785410ece9a3e8e8,6,237,0.9815605002823437,0.3329644288515582
no.sport.volleyball,7d9a0d2076ff9a25,4,136,0.9747441904680919,0.12047999216415943
no.sport.volleyball,7e944e2b7b87f2b6,6,457,0.9962076048339847,0.29464627032764007
no.sport.volleyball,7fb949aac281d3d9,7,524,0.9943626001694934,0.2583749836462525
no.sport.volleyball,968d5cb9eb335af0,1,238,0.9966928730922274,0.12609717336121506
no.sport.volleyball,98f36b1e7b86d997,5,1980,0.9983879390008246,0.10163025815789921
no.sport.volleyball,9a2a05bdcaafc53c,60,2297,0.983988007049388,0.12914354927450855
no.sport.volleyball,9dd265fc8f4999df,1,65,0.9924513857630114,0.16946043885021164
no.sport.volleyball,a230214d18e65514,8,495,0.9894203785119687,0.22541998211957526
no.sport.volleyball,a39bb24dcf4fa7c1,5,380,0.9917923944652817,0.20887220584519592
no.sport.volleyball,a53eec4f1009421d,17,703,0.9822901518495464,0.2258045795893253
no.sport.volleyball,ae83f1daf9f14a5f,23,912,0.9828139048751919,0.24756125133416207
no.sport.volleyball,b50113da5c3880f4,1,99,0.997786174758851,0.12851361676056677
no.sport.volleyball,b5eaac09a59c5b86,13,467,0.986970222228697,0.14565137449227733
no.sport.volleyball,babdf9ca392033fa,14,959,0.9929707965980804,0.19707762910344442
no.sport.volleyball,be5c8c8bb73ce107,5,195,0.9837303049470967,0.1992059954087308
no.sport.volleyball,c10f96c9d1f56f31,4,369,0.9981390823875472,0.1866246398226703
no.sport.volleyball,c7af8b0585688913,37,7924,0.9687966687749746,0.2973031077893161
no.sport.volleyball,c824e99e89a6bea3,5,204,0.9840202900389103,0.2283400392563864
no.sport.volleyball,cae073b1e20a7542,13,555,0.9933205191202675,0.24930677914660537
no.sport.volleyball,cb6c8b6b5e31020f,17,517,0.9700959209512284,0.25992572034592126
no.sport.volleyball,d0c328b0be1d26cd,1,69,0.9743523300179671,0.27162467429619647
no.sport.volleyball,d70f9b6783490280,7,963,0.997150253048424,0.4009059434282899
no.sport.volleyball,e457e6f01adf148a,1,112,0.9977853703409533,0.27026534073730324
no.sport.volleyball,ef610d1971a91d2d,21,1289,0.9712410200138392,0.2676703689264833
no.sport.volleyball,fa58c3fcd2c75c02,57,2922,0.9911465680205646,0.39125785306249705
no.standard,042bb89907bb6219,10,398,0.942854275187184,0.14523654027101893
no.standard,04b3403a8af634bb,2,260,0.9848717909685727,0.4920653651355669
no.standard,0fdc1e877ee4e0ff,4,266,0.9827987636986975,0.41718290528199975
no.standard,114439781160018d,9,832,0.9970937622463538,0.5888907038959731
no.standard,1d548bfb470bc197,8,248,0.9621334523096741,0.5526448624242349
no.standard,1d61dba84ed5d56a,2,192,0.9964877309418637,0.22906755641271626
no.standard,1f4cb8b7980bf5f8,4,379,0.9878116257010587,0.3787254159731255
no.standard,22200c9789220d59,5,332,0.9806994794017506,0.21412952326708623
no.standard,2ad000b76cca5dd3,1,132,0.992932386271415,0.41562626467130964
no.standard,2f81f8b197fc7eac,4,3024,0.9973537333377032,0.46001829977305564
no.standard,2fda2ef0310a28c0,37,3668,0.9948029989290644,0.5690651027598815
no.standard,2fde7c8db3dca658,36,1163,0.9773867490076328,0.3122002685402985
no.standard,38f2df46e3639aee,6,624,0.9910703691237228,0.40219444082660827
no.standard,3b4305f8d3f6cb86,42,2378,0.9899183822746623,0.39082140138818616
no.standard,472200489a6fde85,7,755,0.988408005777435,0.5181307237022421
no.standard,688908bc06bbdbe5,7,618,0.98624752576074,0.39089225875922157
no.standard,699716542f33bfe5,34,1922,0.9823533731765339,0.22485170396882434
no.standard,7ac87140e48eaef4,7,911,0.9939838666327896,0.28855897173428574
no.standard,8447375558b213ce,2,221,0.9844926155248562,0.3270216035768674
no.standard,96e3bcb2b7b52507,3,821,0.9945595573932025,0.46658728182705167
no.standard,a942888a9910e4a1,6,411,0.9678555702474225,0.40940699294297583
no.standard,ad64c02a8605d4c7,17,918,0.9765929071854219,0.5200459713781672
no.standard,b7f64155a232aece,11,508,0.987640090086782,0.160236219450394
no.standard,c1940dfd819b27e9,14,693,0.9897146034609651,0.47050482685192097
no.standard,d38618fed712e0e6,10,659,0.9942444383077282,0.34124834853729313
no.standard,e1b8d888af31058c,27,1595,0.9864325251332281,0.2822712375743571
no.standard,e789daaa1c12c528,1,60,0.9786258419297108,0.30443617684876617
no.standard,f5436b636c48b226,7,486,0.9825385013599895,0.4771584735131694
no.standard,f8816a06e6782072,21,1420,0.9738001893895357,0.5962024189029054
no.standard,fbc34c216aaae459,3,287,0.9967284279489983,0.23871367125904466
no.stortinget,0010fd8ed9971256,91,4812,0.9920646266320765,0.28537010008992086
no.stortinget,0f206a8872387232,4,1843,0.9978865004135555,0.4133912615089074
no.stortinget,0fd9dd76d2743f01,47,2290,0.9956020413015373,0.26824110762267805
no.stortinget,1089a18fe05a828c,12,779,0.9639460434871778,0.16413144607955318
no.stortinget,1b387fc9135dc03a,13,630,0.9894944082662234,0.3847855005446583
no.stortinget,1bff07a9fa8f9718,1,483,0.9992759137557983,0.20331194242632147
no.stortinget,1d20406d888b8c6f,11,635,0.9814183586050046,0.0786832173227374
no.stortinget,21bd96b58fc3989e,4,378,0.9923218965303483,0.13522201484636964
no.stortinget,250ea36598e99c96,1,75,0.9667372816456797,0.25013670513218955
no.stortinget,295ac915f02780d3,14,990,0.9883036821514712,0.29516255334801617
no.stortinget,2c6d97eee0c6ee6d,21,697,0.9846212009281536,0.37759077445174993
no.stortinget,39ac2be9c6db1fb2,4,272,0.9740958071302508,0.3373580991335614
no.stortinget,3e08f2bcf8f30902,7,702,0.996609201808853,0.2521721661219222
no.stortinget,3e225e93b6adf693,22,1176,0.9936492153704566,0.39357218660329074
no.stortinget,4245e784ffbb5139,2,240,0.9894927608632659,0.4528847055559786
no.stortinget,4cdc18e977d6a67e,72,3300,0.9938136396292618,0.28896733143466347
no.stortinget,5135bc15a7dd9ab4,5,439,0.9469686106037186,0.13581289971027982
no.stortinget,5e97cf0e6bfdfaf4,28,1596,0.9619432608744618,0.1712393242013886
no.stortinget,6016ae02a561b4f9,19,1229,0.9956287297812046,0.2387117278696264
no.stortinget,64f42837d0dd0efd,30,1579,0.9911479018701184,0.11063318066503867
no.stortinget,681ee92a647cfb8f,2,220,0.9938860643450276,0.21583925468310242
no.stortinget,6d814cbfb9d2aceb,13,925,0.9947408845444352,0.3033483765154732
no.stortinget,6e45ae0dbff6c502,13,1517,0.9897509103644778,0.34465438619897326
no.stortinget,7820ca72e985ec3b,16,686,0.9881198734231595,0.24780627212694864
no.stortinget,7eb8e012f0f9c7c6,13,614,0.9806410093981444,0.20488602044611326
no.stortinget,8f02639b5e48f7f6,4,1044,0.9955353457955245,0.28478462381112146
no.stortinget,91239fcf64abd19a,13,877,0.9936274425669015,0.14404747401899104
no.stortinget,989129ba4111916d,17,1013,0.9926908752008747,0.094702532198498
no.stortinget,a13db3e1e7dc95f0,24,1434,0.9810564792842539,0.3296031622948987
no.stortinget,a1d0b2a205299e02,8,303,0.970312370119264,0.22628612536891757
no.stortinget,a617443ecbe6cbd2,28,1111,0.9800898541038376,0.2923008010347031
no.stortinget,ad51c1a1a920465f,6,827,0.9957818355931363,0.23784378374935924
no.stortinget,c2133164919845e2,7,683,0.9851210001955636,0.14618679151406666
no.stortinget,ca3f541a726f2108,42,1580,0.9820746020596349,0.10332358561513515
no.stortinget,caac528738c27e6f,70,3645,0.9918056946075855,0.28153144693194276
no.stortinget,d8ed883dda89883b,6,278,0.9825042792753456,0.10931248853524214
no.stortinget,da64a4134a3620d7,15,704,0.9660414308373332,0.2281227355584048
no.stortinget,db8c5a871969c49f,8,783,0.9908764452479015,0.20884217978954994
no.stortinget,e94830381dd6f6e2,5,339,0.9585455372878775,0.24344118569860643
no.stortinget,ec78d27a843dc756,34,2110,0.9877885793425205,0.25982782599117665
no.stortinget,f43eb8ed7d600f6e,4,329,0.994392639111172,0.26704967615944086
no.stortinget,fc2bb616797d07da,4,312,0.9835805818793858,0.4302945351402476
no.student.nett,003910cb3dcbc4fe,10,566,0.9879630106178577,0.4876755038480927
no.student.nett,03681a7c431f3328,68,3487,0.9865377174642077,0.5322409718769825
no.student.nett,06cae49d8bf2bbad,4,64,0.8305435816246116,0.3132411044257868
no.student.nett,15941b155cc54033,3,273,0.9962761951452156,0.27547624776979907
no.student.nett,16a0b43ee8c8b0eb,2,210,0.9940720588632731,0.3017362411401047
no.student.nett,17f0f8a676068027,1,130,0.9980949511922522,0.175103376494485
no.student.nett,195994371200611f,4,461,0.9945095066540482,0.23694453744776453
no.student.nett,290c6aaab1bd2b86,5,371,0.9920728390384025,0.12732740710807172
no.student.nett,294a20cad29266f4,19,822,0.980038040878184,0.22333744472046888
no.student.nett,2d7a7c7458793103,8,623,0.995634709854856,0.47533820513527697
no.student.nett,2eac5eea8fb96c42,8,474,0.9972175080471334,0.23825323492366135
no.student.nett,300fb2d1e49fe5d4,11,641,0.9953892907107227,0.06531157421125446
no.student.nett,3a5dff09ec794b75,8,327,0.9635360590990113,0.25629693189125985
no.student.nett,3e6117518a22b4c1,3,193,0.9948052436833965,0.30576421920465646
no.student.nett,4082f73a865cff37,11,426,0.990251979129996,0.36317272520070415
no.student.nett,48ac724b311bc956,11,404,0.9795458769070786,0.20572257659855256
no.student.nett,51a435e80f47407a,2,217,0.9943714899496782,0.3666604524866347
no.student.nett,51b3dde54f1dfe4f,5,179,0.9914054371370163,0.21931237627711925
no.student.nett,564f2eb08fbc195c,3,516,0.9933782626973358,0.4966564745885124
no.student.nett,609085c1944905e9,6,643,0.9947200955268762,0.5770115057990449
no.student.nett,61c7c90f4b286d54,2,292,0.9889221224282927,0.2930701365542509
no.student.nett,63e879c854c78e3d,12,959,0.9926923021342388,0.48228700128068996
no.student.nett,663a7b6e6c56ef3b,2,541,0.9988875003348862,-0.04217532782906809
no.student.nett,6b72cee580121f9f,3,117,0.9416364677783904,0.2591873058408105
no.student.nett,82dcd913666657fe,4,204,0.8896809605764244,0.43545164106102396
no.student.nett,8c07160d37d81eba,4,141,0.9305204588533568,0.30223887246960496
no.student.nett,9105719af463d2cc,7,543,0.9906436440504617,0.24717412710176617
no.student.nett,954729b584abeb02,5,701,0.9920327728238489,0.21452597832045167
no.student.nett,9912b4d652df9b23,14,756,0.9883606954467122,0.1305368812924899
no.student.nett,9fa43ce731ddc82d,5,179,0.9714155524966697,0.11444841106344594
no.student.nett,a3bbccd72d09d19e,7,505,0.9619241510868755,0.2967364043832156
no.student.nett,a3e68ec0bab62ea7,5,272,0.9932454527825457,0.2532283880480657
no.student.nett,a7f637d4c7f86d6c,15,843,0.9921045626452847,0.27084120377846876
no.student.nett,aa9e282e9613ac73,8,531,0.9943183769170235,0.1020502980069784
no.student.nett,b19c5605c99b8109,4,1137,0.9986143010198743,0.3608688856046709
no.student.nett,c42e437230ee4fab,31,1207,0.9866676677076391,0.174001170559425
no.student.nett,db6c640c019ec82f,5,422,0.9876235628306275,0.29107717299989694
no.student.nett,ddb166ec95c7cd5a,13,629,0.9858870611954182,0.4220520490993183
no.student.nett,f3443abde9f8d5c4,4,342,0.9806726194669297,0.4776196316377672
no.student.nett,f80e9d028c20b2ee,29,1752,0.9886295685386538,0.3205953174918569
no.student.nett,fc0070734ad40eed,12,895,0.9726755008342477,0.07018526300057029
no.student.nett,ff7829e49c8525f7,46,2336,0.9806287514382221,0.37142573129291323
no.student.samfund,00787e1f0c6fd196,98,4052,0.9855460727238794,0.35626775166968866
no.student.samfund,041276fbb3715ff9,10,794,0.9607064202334522,0.3112020037787496
no.student.samfund,04faf9900047349b,10,554,0.9815260076318393,0.06990738068837699
no.student.samfund,0b8232cbe3a0d5ad,1,131,0.9965337467816812,0.2174277461818392
no.student.samfund,13c9dbc80d29f3ed,4,708,0.9953638020891681,0.2658779458852271
no.student.samfund,162e29be3625ae1d,14,702,0.9866412298376787,0.4206121877520566
no.student.samfund,1b6a216306099595,3,177,0.993169659070913,0.38500785652159636
no.student.samfund,1f2d5228e22df8a2,4,246,0.9788051183819383,0.3888055316150804
no.student.samfund,2e09f5cd4f4fb4d9,8,812,0.9749009899732685,0.16630255357546517
no.student.samfund,2e7c18f887e28b4e,10,1143,0.9942340250692766,0.3689165645142815
no.student.samfund,3005430c861025d5,2,426,0.9880569081076888,0.451656441978049
no.student.samfund,32aca8702b68cfae,40,1725,0.986771380703155,0.0675327712663105
no.student.samfund,3491f0a996bd574f,22,1217,0.9939217674708366,0.4474783750255372
no.student.samfund,48356ae966efe889,2,364,0.9958664380813282,0.4662277198321736
no.student.samfund,4840a043384efd1e,8,612,0.9956421570980785,0.2399303532897761
no.student.samfund,4ba62a9e731aa2cb,4,346,0.9958786340103207,0.2565962104192585
no.student.samfund,52f9442d4393b006,6,1062,0.9947774318600999,0.3330560845096862
no.student.samfund,599053a0ea157357,16,431,0.9764624430433231,0.4397110646730906
no.student.samfund,5ad57ce34b3415cb,3,482,0.9960834120753836,0.21208278901007963
no.student.samfund,5c55ed750c70c7df,5,176,0.9567238244512837,0.3501670443763578
no.student.samfund,5fb508869639d8ba,4,465,0.9942210568557556,0.19255365008185293
no.student.samfund,67b6535822fd0fa7,15,648,0.9934913060432325,0.1952685836372945
no.student.samfund,69f053a8a70329fd,2,331,0.9987077628116856,0.15864664315194457
no.student.samfund,6c30c0700e297d14,4,275,0.984995992465546,0.22242893009631182
no.student.samfund,6e60de7f5e1e76ad,20,1835,0.9863997731239212,0.32517008675109227
no.student.samfund,6fc40f2c6951261c,7,353,0.9856822673565431,0.21388725986084642
no.student.samfund,7e4835ca7bfa8fd5,7,146,0.8739103350282764,0.3068459037383437
no.student.samfund,84036726a4dbaa3a,10,972,0.9967242236228024,0.2888308255833265
no.student.samfund,843c674e462835b3,2,316,0.9960378258186177,0.4761051224182495
no.student.samfund,9422f468a057fb26,5,306,0.9948413011263989,0.0665067548193765
no.student.samfund,9a2332bf24135d1f,26,1374,0.9819471256136918,0.2136502081972177
no.student.samfund,a33505e10dcebcbf,196,8487,0.9555796402690959,0.30309160453970196
no.student.samfund,a706d585a1f207eb,2,46,0.943924713834702,0.23687607899741991
no.student.samfund,c7261c941f34e093,9,756,0.9920315660137757,0.08462185032966843
no.student.samfund,c837cf2f0f4c3219,11,697,0.9892097943113619,0.539301620381354
no.student.samfund,cd38a211919caa00,12,620,0.9842543888709085,0.43606377392648266
no.student.samfund,cf77d7326a3dad2a,28,2091,0.9917915354627667,0.464299550523287
no.student.samfund,d803cf395c41da4a,2,136,0.9824886236922747,0.15655428050804868
no.student.samfund,d9ec25cbe22de775,9,1578,0.9941548152265407,0.27733030685487187
no.student.samfund,e0364fa1ddb0ca92,1,394,0.999635769664601,0.42758241925363677
no.student.samfund,e0ff145f2891db93,10,955,0.9884389464976215,0.2659018202834351
no.student.samfund,e219e2f326ecb737,5,132,0.9733325312509324,0.19358213256771833
no.svar,00fa1b975d43cf9d,8,1515,0.9764209357240351,0.3429407120604056
no.svar,08c61117ddfd5dfe,8,1520,0.9769285130506257,0.0915452875480739
no.svar,14435293f86df75b,8,1515,0.9764209357240351,0.15836532058316763
no.svar,1fc5c160f9d845de,8,1515,0.9764209357240351,0.5152644309022079
no.svar,20d079feb03c0706,8,1520,0.9769285130506257,0.38596636649303706
no.svar,24a5da33389042b6,269,14565,0.9889030838690607,0.6576147926336497
no.svar,24ca256b7485e99e,74,4863,0.9950259315596898,0.21200807949901904
no.svar,285ab006dc9daa9e,8,1519,0.976965106347192,0.22139520494573792
no.svar,2eaec74a82ff8471,8,1520,0.9769285130506257,0.30091573139342875
no.svar,39ad6bb1cdb2d153,8,1515,0.9764209357240351,0.36921861795807076
no.svar,5ba991280673e230,8,1515,0.9764209357240351,0.1940046548177338
no.svar,6173653ea6002c7c,266,14324,0.9887117738898452,0.4891366018963792
no.svar,638edf8a23769c44,8,1519,0.976965106347192,0.1765241004063295
no.svar,64021be4f3d6998a,8,1519,0.976965106347192,0.5038014078734036
no.svar,6dfee907786b7f4f,8,1519,0.976965106347192,0.2713800481794612
no.svar,8bbb123f0dcf8d9a,8,1515,0.9764209357240351,0.4839352352158415
no.svar,92a5ec2902393a9f,143,10713,0.9940316625984339,0.5957927801233679
no.svar,95847b5d6f80a591,138,8935,0.9940616162744309,0.38076301111113364
no.svar,9bf1011d9dd8a690,8,1519,0.976965106347192,0.5433903314316817
no.svar,a1a0781adf5411bc,8,1519,0.976965106347192,0.35198273309285893
no.svar,a3a19d184b7b5681,120,7866,0.9942610704768092,0.5285157372699643
no.svar,a8248a2aeac1ec3f,8,1515,0.9764209357240351,0.25439133548077
no.svar,adc7bb18042d46d1,120,7866,0.9942610704768092,0.1449360481764211
no.svar,afd0a67708fae05c,8,1519,0.976965106347192,0.1983384262833713
no.svar,afd422926b1f08e3,8,1519,0.976965106347192,0.43711993321226
no.svar,b0f3a3635e92ccab,8,1519,0.976965106347192,0.3050148262171429
no.svar,b1a9462ce4ab1448,8,1515,0.9764209357240351,0.375409048363884
no.svar,b1e70365c28881b9,8,1515,0.9764209357240351,0.22352466273585106
no.svar,b687ea1d39f232c4,266,14324,0.9887117738898452,0.42840366813754516
no.svar,bc3a3338c8fae64a,74,4835,0.9950259315596898,0.324438582418997
no.svar,c1f56c570f5d2374,8,1519,0.976965106347192,0.5296133678139404
no.svar,d4a617a58b5b8ca0,74,4835,0.9950259315596898,0.6083369411163584
no.svar,d8aeffc6d79f3d01,8,1515,0.9764209357240351,0.347563772045168
no.svar,e46eb67a9ce4abc9,8,1515,0.9764209357240351,0.6196404904993202
no.svar,ef7fd6627ac2784b,8,1515,0.9764209357240351,0.19292287940714745
no.svar,fe2a99141b5f4173,8,1515,0.9764209357240351,0.2892965182858188
no.svar,fe9d0f9dc7fc8dea,8,1515,0.9764209357240351,0.16492885199339688
no.sykkel,04b12df3eda94371,6,795,0.9938742845553243,0.20655682745005535
no.sykkel,07e368848a527bc1,54,2648,0.9727394458423804,0.30947856620930303
no.sykkel,0960d6a9ca275c38,4,626,0.997917566218045,0.382576063506519
no.sykkel,1354a3988d0a8a9d,5,252,0.9846593686897301,0.3434422901628677
no.sykkel,1a17b1697c2135a4,18,1075,0.9935124310520846,0.28694924060611837
no.sykkel,2aefc483060c15fc,10,839,0.9918876064159091,0.18543692615791033
no.sykkel,2d08e337807c9a55,8,1042,0.9850325513191445,0.4228577622602281
no.sykkel,2ee26d8c2ae23ee1,28,1544,0.9890586127198727,0.15790677136850173
no.sykkel,30503459c08b5023,4,280,0.9720475444209751,0.1719786068050336
no.sykkel,3cc67024a22c4c31,2,457,0.9929962983438241,0.2800583083978593
no.sykkel,43d6e84090494e66,9,425,0.9862336572935562,0.2273577174372133
no.sykkel,43d83e8e9eb02bcc,7,280,0.9628431977270396,0.21505185410256356
no.sykkel,462ad61b7d72d1ec,27,1093,0.9809111003576128,0.12345225958081268
no.sykkel,4c13e408cf45528a,18,668,0.9272121077534551,0.25798540279302945
no.sykkel,4e1ef7ea39be9408,19,1102,0.9897235211341711,0.39600710631309555
no.sykkel,52f68ccd96152177,9,1143,0.9969010580353491,0.5310974244125818
no.sykkel,53558e92a4743bb6,3,455,0.9956137539479998,0.11355653181643094
no.sykkel,59f9697f27c697eb,6,212,0.9625588339928409,0.43950416179718066
no.sykkel,65f1eae80c8365a2,3,1175,0.9980612307233484,0.2866975861545241
no.sykkel,6b7819e6c8cd9b7a,10,794,0.991810900976084,0.329847613334699
no.sykkel,6bb388f4933ed966,2,660,0.9981595314790044,0.37500332101286155
no.sykkel,72a26b04cc06390f,5,265,0.985162959558976,0.22520068975666152
no.sykkel,72d197beddbcd5fa,4,522,0.994286212365531,0.35518847860541936
no.sykkel,74fb43be5c14172d,3,241,0.9864191844465596,0.25234559648763233
no.sykkel,7cb9c0af8a2b58aa,2,1130,0.9982375163406436,0.4606467648194244
no.sykkel,8ff1531e8d831f33,5,2192,0.9993415243993988,0.19284463908332564
no.sykkel,a15841d248a1599c,6,242,0.9882341724329672,0.31487911542349656
no.sykkel,a2283e60b67249e6,3,1828,0.9993207899008617,0.3663229921039663
no.sykkel,a5b73d0307d67ddf,21,749,0.957051884704385,0.16975195558024667
no.sykkel,b154194a6376516a,33,2233,0.9795642372009086,0.3175444541598587
no.sykkel,bf07cb536a1ece7c,5,363,0.9881798623023702,0.11605150090180112
no.sykkel,c7ece9d9a7000ae8,1,112,0.9976451450437035,0.3218996185616671
no.sykkel,cfbb6238c4f23054,2,414,0.9960755125482729,0.3708960701296729
no.sykkel,e220f8db48bcc4b9,12,846,0.9915268796544678,0.2703894609313388
no.sykkel,e67ba4cd3f0dedc5,23,866,0.9921963357045412,0.3469184085618235
no.sykkel,e8b27e57ca0525b7,23,1604,0.9787526149881541,0.15624333583703054
no.sykkel,e9118d8b7d902929,17,1500,0.9922794752495783,0.17345021367524513
no.sykkel,ef47fab2b895978a,4,389,0.9933354471342215,0.35794786013057917
no.sykkel,ef7ecd69e8a53cb6,26,1783,0.9912449263672002,0.2551672524276195
no.sykkel,f0c87f8e9aaacf41,4,474,0.9968015181556371,0.18136173156223806
no.sykkel,f4dc05dc7447c092,20,1002,0.9885984425882086,0.19984138401519655
no.sykkel,ff359e653e1a1638,3,325,0.971966874038354,0.1700538188992806
no.tegnsett,0bc1871fae987a2d,4,337,0.9909859982020961,0.48213643159099273
no.tegnsett,0e5aef16e71bed73,7,590,0.9951607087112593,0.33359028980683886
no.tegnsett,0f9ec44a630a90cb,2,305,0.9918794756291707,0.29758673659783524
no.tegnsett,26eb1f9c01a3cb0a,56,3047,0.9858666948260457,0.3756081031053281
no.tegnsett,2c1b104edd26a034,1,330,0.9999041286493501,0.2439974404210491
no.tegnsett,3c510368d9220bac,5,452,0.9923645185557833,0.39429416491628205
no.tegnsett,47b790be29a303ab,18,1590,0.9925986365760978,0.4378377661118196
no.tegnsett,4b81ffcd1b92ea42,3,581,0.9950198216758652,0.597460553136761
no.tegnsett,52a9f358315384bb,13,1008,0.9826555814731479,0.34742826590833664
no.tegnsett,54263210f288728a,7,288,0.9484888405362927,0.2862807463512175
no.tegnsett,63ff64b13529e647,13,1032,0.9939650786810994,0.34836594079420824
no.tegnsett,6c85ce53f93afa54,2,433,0.9993408956408025,0.15931074125234876
no.tegnsett,6ed9e4cba3293671,12,733,0.9763382690869791,0.5220880761938099
no.tegnsett,6f57f42038bcb418,12,575,0.9706549685550281,0.26785388026804935
no.tegnsett,6f8d6d59abccf092,55,2053,0.976126480953897,0.4546255308116636
no.tegnsett,75061887c2b28e2b,4,342,0.9916493136267261,0.4473048973146138
no.tegnsett,79b9d51fba0a6b60,1,286,0.9983318333500579,0.1869487584915979
no.tegnsett,80125c5a50c47c48,2,160,0.975270356285097,0.25859973032426936
no.tegnsett,8584ac88f80432a3,14,540,0.9895168799561206,0.2604905424774574
no.tegnsett,8704db06f7e624d8,7,372,0.9878085129163008,0.49333531901820116
no.tegnsett,8b7f8f357522055e,12,484,0.984579221940157,0.37491267436997794
no.tegnsett,9c277455016c2ced,4,415,0.9860104522297805,0.25816788880245733
no.tegnsett,9f05673a320c7770,20,971,0.9801415883233553,0.404094111017308
no.tegnsett,9f2e092d88675aee,33,1435,0.9748459999555907,0.20006359694525974
no.tegnsett,9f7154275f14df68,3,472,0.9921825897663095,0.5261723843868529
no.tegnsett,a4568bb045137b38,10,442,0.9502327776246032,0.2335526530801003
no.tegnsett,a7cc8cba5d89a118,35,1449,0.985297798514156,0.31391266858358735
no.tegnsett,c9cb4fec03570c64,8,697,0.9870880133007575,0.4223609112357005
no.tegnsett,d22c1b350551c723,24,1692,0.9869985845609541,0.44940104213010673
no.tegnsett,d505600fdd1583f2,2,336,0.9950021569629391,0.5732149541941481
no.tegnsett,d69de36c6b6c754f,3,1807,0.9989527598986518,0.6300425774260684
no.tegnsett,d8e18fc8355048fb,82,5541,0.983962395644323,0.551216747267702
no.tegnsett,db52ac6a03821e69,20,901,0.9796844613155336,0.22342950964471742
no.tegnsett,e31713359778a639,6,374,0.9924685319180561,0.11700789785446332
no.tegnsett,e34a2dd66bc0eeb5,3,174,0.9498529681142593,0.3533761425714038
no.tegnsett,e3ed37a9833a6539,6,446,0.995020817802431,0.4235545865319707
no.tegnsett,f070fd3e11a232f3,3,322,0.9906901151793913,0.3362955720966049
no.tegnsett,f34eb474d8a617ea,7,451,0.9966846722401173,0.48548563494601366
no.tegnsett,f399d895fe18df80,5,271,0.9841903994567184,0.525226664228713
no.tegnsett,f5b548581431c2eb,13,1100,0.9928325517803294,0.3414511515829706
no.tegnsett,fa095b96f95569cf,7,620,0.9876201141834557,0.33650461017189137
no.tegnsett,fcc9f428c82cc31b,14,972,0.9902871780970541,0.2726086343911501
no.tele,0322af68b122eed4,8,570,0.9970794097804927,0.21059849158538557
no.tele,1149f5ca6906f63b,9,1245,0.9984158573362301,0.34256278539582147
no.tele,16a4f7b31115a5e7,9,648,0.9919981314994146,0.2424530306315725
no.tele,1a768768c6d1fd9b,92,6178,0.9927777572188944,0.4524458476074492
no.tele,254d64b2642e1a2b,7,480,0.9961882080218489,0.33158580059972514
no.tele,255e99e1cec27463,25,949,0.9912298764343086,0.13400730762206087
no.tele,26e975443b047b9d,7,510,0.962487221972347,0.41889775532926904
no.tele,26ee1f60f7bfe953,26,1144,0.9882439190348709,0.3164879221148198
no.tele,2a30dfe2cadce009,2,808,0.999467375539548,0.24518313340820422
no.tele,2a81f744167475f6,14,921,0.9943448606887753,0.32495467473211864
no.tele,2b58777f31f3e505,11,372,0.9686586661047213,0.5028588052335521
no.tele,2e1eee2ebeb57132,17,1307,0.9951264504556997,0.2398397538771149
no.tele,3a0db4b8926d6d33,54,3033,0.9877217199408039,0.4207318051256239
no.tele,3b4ae17cf0d3a6d1,17,1565,0.9925504003274713,0.4425613422165686
no.tele,3c053a90802dddfe,9,661,0.9879304082251943,0.2557383048306269
no.tele,41652793ac3593f2,1,499,0.9986831952863745,0.33742269381247986
no.tele,444781f59f0697eb,20,1570,0.9952225550534983,0.45586563088018783
no.tele,49046534da4f00b7,20,1201,0.9881196627648678,0.22898927612964776
no.tele,4d75fe75ae2644ec,13,711,0.9924762612884636,0.21242841505440524
no.tele,4ff234a3e294e35a,4,1054,0.995938111600641,0.4048646569205286
no.tele,56bf8fd84e4fbde5,33,1860,0.990135859047415,0.3694638075279435
no.tele,5cda60c10d6e2ea1,22,772,0.9797249806477248,0.2506525102951924
no.tele,65f6eff28ab3a9dc,19,1039,0.9865931231035877,0.40051515059190346
no.tele,6ae88a57800a8ec1,5,425,0.9959762283703083,0.6430217617400898
no.tele,6c64bea7dcb32ffc,5,515,0.9984469559564222,0.5027643851445295
no.tele,7a5b4508f5457ba4,6,311,0.9930467857051045,0.18618608820657936
no.tele,7dde6be5e639bf4a,12,671,0.9894613183211142,0.3947254550384138
no.tele,8a7c16b44e012e5e,2,219,0.996258346627192,0.16673504615979323
no.tele,91216ee89184ae2a,16,830,0.9812723322028001,0.15972284712016518
no.tele,9de752fcb9f21259,11,666,0.9878595189169357,0.4006468589072225
no.tele,a0fa4f6d3886a4c0,15,931,0.9822200319845685,0.30701949170572657
no.tele,b22dd44135364a26,6,1206,0.9974985959531943,0.2268716257224944
no.tele,b53698e7333770b0,8,387,0.9418288103002492,0.38063289608090634
no.tele,be5a9f733f9c51db,3,481,0.9969916692442043,0.5149742679662149
no.tele,d99463b474965fe2,8,681,0.9828932874448105,0.3778327702676166
no.tele,dbd99b5477e1b4d4,2,401,0.9850054143553112,0.40483737696748057
no.tele,e0eb4060616aa402,4,126,0.9686568649688432,0.42036994794750043
no.tele,f423ddb7e692b82e,6,600,0.9963982119162826,0.42147371746336953
no.tele,f4c8783d91f2c302,13,937,0.996191502085868,0.4628694625963501
no.tele,f6dec7ebf09d0f2e,4,345,0.9978819230169458,0.4309765829040738
no.tele,f8068672dc32543c,13,588,0.988709874153801,0.20185746127444662
no.tele,fcca665908a95aab,2,531,0.9874123287938126,0.2768408669149202
no.telepost,0c03760416a9fd29,7,258,0.984978979063613,0.26528979538238895
no.telepost,12e8e04fe0edc217,20,1155,0.9918108679906112,0.5683934263781073
no.telepost,16e367c276635fe4,25,1566,0.9940183467668121,0.24353605568276074
no.telepost,16f93731b5dbc8a6,10,178,0.9715400890427809,0.38610993504844293
no.telepost,29a55991c91e1ab6,2,151,0.9887681265932475,0.149286106181164
no.telepost,331c18844a05821a,11,1008,0.9853824190273827,0.14835927336912824
no.telepost,3b504b2e3b91f722,7,339,0.9871046870782586,0.02800736540769001
no.telepost,462804c440058680,2,647,0.995046925937779,0.23243437050988033
no.telepost,47870752118ef637,9,353,0.9924837716077732,0.35076424720575966
no.telepost,4b83e1f96739e462,42,1226,0.9858623859380107,0.13640969120764393
no.telepost,4ca4833d7aad69de,11,572,0.9778977212521629,0.28530630975016796
no.telepost,572c6b76993a554f,11,626,0.9826442608012316,0.6394385368989095
no.telepost,5d8681045ad5d086,13,797,0.9913582574584479,0.36216044133062186
no.telepost,6583babe233554df,16,861,0.986516010797023,0.27189972356263253
no.telepost,659e8a651c3ca73a,4,205,0.9751226950084638,0.3775828035569051
no.telepost,67d4f3b821f55528,6,444,0.9709981661941701,0.18335036917542322
no.telepost,6853572a872405a8,4,204,0.9608999081987749,0.4173064329938572
no.telepost,6ab5e015f7623266,24,4347,0.9921548445099243,0.3925900236045538
no.telepost,70b7819ed3cda53f,15,902,0.9902296074801632,0.37285719429593556
no.telepost,794e8521dfbd9c97,3,309,0.9905688128426205,0.10077297803957053
no.telepost,7c7932b82bf2e9f7,5,338,0.9916187042679493,0.4128500782753445
no.telepost,826ca01872dc44f8,1,147,0.9995953061604662,0.46297037308265826
no.telepost,83408c7bd1b1858c,21,1383,0.985508081712032,0.248855681902617
no.telepost,87c22956aef8c120,22,954,0.9701195465475283,0.3891550379526396
no.telepost,8bf5911274a273ff,10,556,0.9853657167597706,0.428759043199361
no.telepost,9039d2decec90f62,20,2062,0.99173334082332,0.4190529459437197
no.telepost,96099bb61a11a002,16,831,0.988807125514596,0.4705159091707601
no.telepost,9a3bffdaea50c65a,12,633,0.9896327015711834,0.3396834220626882
no.telepost,9b3b0917876961a9,10,581,0.9829911083929822,0.41796961645963476
no.telepost,9c1db8472bc57441,30,1410,0.9801043610167852,0.17794258243269176
no.telepost,a183fecafded1bb7,9,387,0.994236548810408,0.33684115081508764
no.telepost,a57276bfaa9040e4,4,295,0.9956253292194922,0.33286672390674027
no.telepost,aa4fae108084370a,3,181,0.9804721338477931,0.1948014493014429
no.telepost,aae3048c351bb579,28,1753,0.9960020371381372,0.3496089113388337
no.telepost,accbc1efad4b1ebe,10,583,0.992582327915341,0.4235383973534151
no.telepost,acd5252bb1215904,4,614,0.9982052532844845,0.2561985029900863
no.telepost,bb921e4aaf5e27ef,9,518,0.9948445996154235,0.20314288258674068
no.telepost,c54e5e14513bd2ea,3,112,0.982416293003709,0.26158206109241816
no.telepost,cadab1b2e1ef8d83,24,1249,0.9888689650392611,0.5128440145749346
no.telepost,efa12377617ec6be,33,1872,0.9931087410283905,0.7196425789625959
no.telepost,f42d90edb7682ad4,5,225,0.9950657878247421,0.2699178873996344
no.telepost,fd229ed995d30756,18,919,0.9927907980153369,0.33083789456967977
no.test,0c2c5f16c853f308,3,115,0.9601614596183004,0.25764505391182274
no.test,0f6da2991f4b2c10,1,264,0.9992081623614179,0.21445016758302163
no.test,16bdc4830c0e4fee,1,79,0.9814994491460147,0.1468421855344026
no.test,200c18cecaae7dd4,6,91,0.9891495105188706,0.1306115243005157
no.test,25d76b81f4f3cde4,4,194,0.9902032446756925,0.3734512168857156
no.test,298c25bd1eeb6cae,2,82,0.9162310036373321,0.2517552482057745
no.test,2ad6300788113680,1,252,0.9983011278008543,0.4075425234263454
no.test,31f0200168e27f7f,4,209,0.955348906323713,0.30419369479556013
no.test,3b7010ac1bed6eb8,8,1070,0.9978521812330695,0.49809565066528333
no.test,3ea714210f79cf06,3,168,0.9792569669919577,0.3276152050712226
no.test,3ef81f26ca5b99d0,7,196,0.8858510013582837,0.16915771703890153
no.test,4213bab8c41a4daf,13,1280,0.9979670805072093,0.45969100264783536
no.test,42a76d7529b52177,2,80,0.9629845454061822,0.07946328240020785
no.test,4410750875c20a29,11,1178,0.9985114036816205,0.4683148521798753
no.test,4e8e35bdcfcabd61,11,1542,0.9990228242785583,0.26123467819936
no.test,511f72c834603e44,6,125,0.9912229073201395,0.297798424026317
no.test,53c5b259ad0eb88c,22,249,0.87478238519712,0.3719382350725658
no.test,551d70aa746822d0,6,7,0.41215064834335874,0.2517737164206728
no.test,6087c0abd58ea7ca,5,67,0.7834385547472746,0.44157590321078555
no.test,619539d5f6eab679,8,1166,0.9972911487031617,0.3404148000299206
no.test,68e7ea02433b7968,8,1049,0.9974106560197468,0.3793235395389133
no.test,69bb74045338620d,3,224,0.9654684798352174,0.46005019557508864
no.test,76e0238f60162dd3,4,80,0.9157643418096304,0.3321256946463293
no.test,80bca8fe93ae1e65,7,218,0.9289026130297281,0.30977698697916456
no.test,83418e92dcad2a35,4,318,0.9914818644574064,0.2880787159695694
no.test,8afb8028350ae623,1,72,0.9978560104130716,0.1333032610103122
no.test,a13c73b191ae9c8d,2,62,0.9781571182534414,0.13994881433124215
no.test,a170058f8bde12f5,6,6,0.41529345324974376,0.07625933032013381
no.test,a2a32d832899b27b,2,105,0.9370016429868366,0.276278487433333
no.test,a3a6a6a07c4c2f9c,17,696,0.9732291620228773,0.49405728738997073
no.test,a67cdce7d4c640fb,8,1112,0.9975466916507593,0.5045030672857533
no.test,af37344b947ce93f,8,1034,0.9974970341285265,0.332344990755032
no.test,afd477e0af8636a0,8,981,0.9971157509595108,0.0013491774321700816
no.test,b580d4c3ee4dda68,2,87,0.9798765447344563,0.20171279706371334
no.test,ce5d480d45ac92f7,9,1158,0.9964064403725653,0.28843997813068134
no.test,ce8503788762c68e,8,1141,0.9980181819235747,0.45623253238398354
no.test,dac3df1218faaf93,8,1112,0.9979791051515624,0.1766254674240644
no.test,df0e69743c78aba5,1,71,0.9868196613343565,0.23612440274035076
no.test,e7e2b95bbe9f68c9,11,1505,0.9989797575448801,0.24725154884926176
no.test,eb36711b3175df5c,8,1024,0.994401934427371,0.3736622220238579
no.test,f58bb48ae24c5b26,3,58,0.9374982052457309,-0.04008192856973366
no.test,faffcfa17f543c9f,5,95,0.9275108038468234,0.32578425951537643
no.tex,1503e9bb8cd16d73,11,638,0.9888795506101516,0.4748136754397555
no.tex,1a7017136c0ed09e,9,692,0.9941496672387711,0.5020312225006422
no.tex,363af392bc3f8055,6,717,0.9921860697564234,0.32513924960522417
no.tex,37c7057ddd7857c4,3,286,0.9857378932035893,0.3144231969505761
no.tex,37e355ca60cf21ee,9,832,0.9970937622463538,0.10522761452998014
no.tex,3905c11a44be7eb5,21,1365,0.994676015304624,0.3109109381259694
no.tex,4c9995c2332ff3d5,6,956,0.9979542790479419,0.39505622879736724
no.tex,519fea73cbd2088b,12,938,0.9930822335281476,0.40192419786930367
no.tex,5b6740daf3e44a91,2,735,0.9948399160499991,0.28416941224563996
no.tex,5e08bd02b07e2c87,4,877,0.9964405909928098,0.5584256038272488
no.tex,5eb781e0f26f8a82,6,195,0.9575046878032937,0.33310866081665713
no.tex,69c0ddffa823c80f,3,552,0.9946707488846558,0.3291509035264413
no.tex,6d51cb362300770b,24,1235,0.9835526537676827,0.21356396851548876
no.tex,6ec536c1a0e48b67,5,539,0.99204091742544,0.43265299305487437
no.tex,71724a656d6c093f,8,354,0.9891816255924338,0.3632141376475552
no.tex,74749c7c45b74e76,36,1755,0.9870988521436214,0.4087951504477149
no.tex,8001f624651348a2,4,760,0.9987033317348817,0.49839138542467887
no.tex,8230bd787c3885ed,7,328,0.989140514230433,0.3380765521210997
no.tex,8eea87326790efcc,10,828,0.9924908502440546,0.29921649829576785
no.tex,95a22eaca21daaac,13,626,0.9916159427083632,0.18749336609783002
no.tex,98c07a9a78e8d254,19,901,0.987265220668946,0.4524764671624473
no.tex,a0da4c3125e02513,6,392,0.99561618054596,0.5576016044407611
no.tex,a1ce41bff00289eb,4,333,0.9903571393299555,0.26756463318753354
no.tex,a722e068fa7784e8,21,1187,0.979596297814688,0.6518312973184694
no.tex,a7253e4c98d1d60b,3,330,0.9911795440746589,0.18589917868157727
no.tex,a9fbb9db1e397ffd,16,915,0.9827303966912669,0.3726973406384135
no.tex,b1e9a670928fe8c7,7,759,0.9895805487348557,0.5392559440416508
no.tex,bc39728a33d87f0a,13,800,0.9933975057026033,0.33867374551691903
no.tex,c1d51b3458bc6d2a,3,390,0.9966509114886906,0.540872617197168
no.tex,c541728de260ec18,7,425,0.9869333204240659,0.3516353655934401
no.tex,c9ed3dca5d8bb231,13,529,0.9849892112987073,0.43365092740691896
no.tex,cd0770ff8adf8a15,1,444,0.9915961348270671,0.24434815518488007
no.tex,d0a8441b9dbd2b62,6,949,0.9972386187331086,0.5591254990547541
no.tex,d2b32e3f7be649c7,24,1191,0.9891287564365369,0.47155174841737163
no.tex,d5c0145b03194289,6,433,0.9860935321609591,0.37487454903050765
no.tex,d72012848c1e79cb,2,575,0.9985303128536246,0.21203151801021747
no.tex,d776e580e592b12c,17,943,0.9937827068733227,0.24329126149497207
no.tex,d9839b75b4f9dc08,4,308,0.9925009009813558,0.2872015349905478
no.tex,e6a3069e3c87daae,5,138,0.9855434487673244,0.34823953744937025
no.tex,e8add48033950c3e,4,645,0.9945751816140713,0.4638806043095891
no.tex,ef625d9363680040,10,681,0.9932189695695522,0.34073805652668715
no.tex,ff66a75c55fc92ae,21,1230,0.988162190836138,0.3520434383102989
no.tungregning,014f0c764f8d2638,1,1050,0.9991844680414538,0.5046742659083473
no.tungregning,020529cf9a91da3a,6,727,0.9899334121799437,0.3883853526006707
no.tungregning,14b9491dcd4a7545,2,215,0.9801260543497831,0.12471087294721551
no.tungregning,1cd9d1b08dcabe9f,1,2224,1.0000000000000002,0.2785225316739234
no.tungregning,1fb08f9cfa89ab7c,29,2114,0.9750472063379185,0.251447276105563
no.tungregning,20132b1f8d6407ee,3,2002,0.9997623307148541,0.24477145087142463
no.tungregning,49820139e0e27170,5,307,0.9839291950538791,0.2145786949448541
no.tungregning,49de0adbed29e910,3,349,0.9796158049968955,0.28239796590302046
no.tungregning,552f79e06f524f3a,2,598,0.9969151692095053,0.22651649182211858
no.tungregning,557c7ff0d0094699,76,5310,0.9727986467720271,0.2232990281364772
no.tungregning,56d02f8262c76c37,2,496,0.9988525151942055,0.2882366408249181
no.tungregning,60f0391d7f497eb3,9,579,0.9886266771887073,0.30110899822557996
no.tungregning,62579f91b3df6085,30,2275,0.9954990195408577,0.2043514440460714
no.tungregning,7b8df4bfbfa7b598,1,1344,0.9995480521767234,0.2934168001230082
no.tungregning,98425563db1f9a00,15,1137,0.9918186110046467,0.4892385898705911
no.tungregning,a6c2f0ef47e7ffa0,3,808,0.9969963151095937,0.27028440569160084
no.tungregning,b8a5ffafeccb4bb1,36,4623,0.9946873220675422,0.3848070849117984
no.tungregning,ba467ee88390baae,11,711,0.9892944968747442,0.31652213900657283
no.tungregning,be586470f6b67c74,66,2386,0.9810551349272064,0.36464557829442507
no.tungregning,cf5274a2fb06075a,12,953,0.9900933973443561,0.18082765855046543
no.tungregning,e37451b50069aa6c,16,1016,0.9908685216915003,0.418411376605787
no.tungregning,fc4fd8fd52bedeca,3,240,0.9964910413813506,0.3197216405773922
no.typografi,089d1f35f66dec8c,8,616,0.9913421626142207,0.7020132920758437
no.typografi,0b1afaf933565ee9,13,586,0.978713008297347,0.3335070326995894
no.typografi,16a387d42a676e54,2,186,0.9963991157201851,0.4327764168278683
no.typografi,18f308a930f553f8,6,283,0.9933875195232702,0.38433160077740597
no.typografi,1e6b4599542a0aeb,16,426,0.9724658392051473,0.21145235640451712
no.typografi,2c52f1702fd868ee,2,241,0.9929828519429366,0.39514068330218155
no.typografi,2c78d6c6653e2638,14,675,0.9949435260115599,0.4954500477568297
no.typografi,2d72c96aeb5bee7f,14,562,0.983012080596312,0.5028324472652174
no.typografi,329f2b4076aa91af,2,259,0.9931148296259934,0.48030769958147806
no.typografi,35e0d067fbc0052c,4,482,0.9906480862257707,0.20230507035418954
no.typografi,3d4e0e1b25141a30,4,320,0.963669585457038,0.3357946161133145
no.typografi,3f286476d8ab692b,5,535,0.9936347022692548,0.45452040534239874
no.typografi,3f31f59629e419be,2,129,0.9903042131395925,0.42485228622115623
no.typografi,41a5cf58b2d0a27b,2,369,0.9946223026571992,0.5022677485256789
no.typografi,41cc9c5fd2f12b5e,1,362,0.9985406421995979,0.46561937799469005
no.typografi,43c512a2c643e84b,6,500,0.9853637980900697,0.1459381876755122
no.typografi,4868e017a9d25f23,14,1119,0.976031859017765,0.3885121133212828
no.typografi,4e30b6805244d0c1,22,1439,0.9932635851009207,0.4163104056570263
no.typografi,5a5f19c14e7f1529,7,800,0.9973556442548679,0.3037829152756431
no.typografi,5bb8e516a08ef4bd,9,674,0.99660553816025,0.6160953179858791
no.typografi,605c42864d33db1a,2,250,0.9937802848816945,0.2660345651379162
no.typografi,6426594e5740cb73,9,688,0.9940940917640677,0.3817840042554318
no.typografi,7ba4f50319a4930f,8,281,0.9796251547208458,0.27529889089264353
no.typografi,89919a8891288731,33,990,0.9739214803987069,0.3366954689140989
no.typografi,919e892eafd2d9d6,22,897,0.9912644206503947,0.5624637417550457
no.typografi,97c96e9807fb0c9b,4,220,0.9830318668897636,0.21672036195905353
no.typografi,9932482c65670979,2,191,0.9992395892231363,0.14359826548882154
no.typografi,9a2bc894a0e8d097,2,1018,0.9909696330445946,0.3450754316675082
no.typografi,a4431bfdd1ab6644,1,89,0.9698253084686042,0.301851145643959
no.typografi,a5915d51ab169ff8,4,237,0.9687245742538947,0.16828195644963928
no.typografi,a916a42b9e592301,6,517,0.9944436289798582,0.2994155980435594
no.typografi,a9fac4244fdc1fc6,8,214,0.9886024256252941,0.374059277793545
no.typografi,b6c5f190bdaaaaad,8,338,0.941145717913623,0.3187062921611524
no.typografi,b861ad185947118b,10,416,0.9540830798913582,0.48290091050640616
no.typografi,bcc3ca6ee86d5bea,10,541,0.9950903150395523,0.27867906229096095
no.typografi,c1028c24dd5de7c1,22,692,0.9804863727099319,0.5272380976852504
no.typografi,c710372005b1b0f0,3,259,0.994582859909699,0.33711958985006235
no.typografi,c964e533b3bdfa3c,16,1061,0.9903316962496788,0.48279709342341914
no.typografi,da0262044f04f141,3,397,0.9839403537774202,0.09477374502425409
no.typografi,e2f1f31d950d123b,2,149,0.9699124809765374,0.3123151947494302
no.typografi,ef8ba2bbbd10365a,2,123,0.9864918663268387,0.3078062307775438
no.typografi,fa76dda1de3df58f,15,727,0.9801001351746385,0.2688038848524325
no.uninett.diverse,07564f9d8ef59925,5,468,0.9930184255254048,0.18866306892691928
no.uninett.diverse,0bed2453b76e2906,27,3104,0.9965428918596677,0.3936654563696981
no.uninett.diverse,0dd00d965ed39b48,7,460,0.9947490620236734,0.34580045237248763
no.uninett.diverse,10297d9584827411,25,2035,0.996514105369218,0.2234788099083147
no.uninett.diverse,102d6ce66baace95,27,2399,0.9972241231352202,0.5430167349329785
no.uninett.diverse,14297573b2c1a8fb,25,1336,0.9816839952615469,0.12630110730927474
no.uninett.diverse,18ffb3222343e715,9,826,0.9883838053411261,0.43149377355197754
no.uninett.diverse,1ca4d4a8985f7df4,4,134,0.9832882986740088,0.3353856958926753
no.uninett.diverse,2a87bd41cf381a9d,13,620,0.9876771531388603,0.3716849106180172
no.uninett.diverse,2decfa851ff336d4,25,1456,0.9833870970203695,0.4071719856452088
no.uninett.diverse,3191f2749439f914,15,917,0.9881370193401365,0.3865783016978685
no.uninett.diverse,3211a2ef70f9e65d,23,1183,0.9862419068225435,0.3394908673760383
no.uninett.diverse,532bde4eefe0d3b6,1,155,0.9903519250592281,0.2666447929095432
no.uninett.diverse,540e34c565e45216,7,391,0.9878056717720547,0.28574503343770374
no.uninett.diverse,5bbdd7fe72833d46,10,470,0.9867910185375005,0.11127785334655166
no.uninett.diverse,60d5083d311f530a,27,2435,0.9971740238756124,0.0015368002569850854
no.uninett.diverse,654cc9e7c189b679,6,803,0.9967348336925015,0.4151240950555167
no.uninett.diverse,7056386da8486693,15,700,0.9922025457283058,0.20902815062245267
no.uninett.diverse,7b18e4b8c17a6422,4,512,0.9948739817243303,0.44445024823992074
no.uninett.diverse,92248edfae959f4d,27,2575,0.9970486754989182,0.3065081797263048
no.uninett.diverse,9443ef250f6ea0dd,11,697,0.9903571283738167,0.39370722658589047
no.uninett.diverse,949e619cb9a735fb,26,2247,0.997093281416825,0.12342451694383436
no.uninett.diverse,a867273a99050f74,14,875,0.9933755259605723,0.48193026652568793
no.uninett.diverse,ac066fae2df5adc5,4,311,0.9939427465001258,0.3708416551049599
no.uninett.diverse,b15cefc7bb9af236,13,514,0.9854455034512306,0.13921946834802393
no.uninett.diverse,b4e5f3d5b07bcadb,6,541,0.9923370403941091,0.2320856205550543
no.uninett.diverse,b51cd623557466cf,25,2041,0.9964466435698857,0.27078859447274706
no.uninett.diverse,bc0bc9a6db41b89f,13,611,0.9796220614633369,0.1801543962625019
no.uninett.diverse,bf9f18c0881fb9b2,54,3198,0.9887988060884404,0.30096131163987655
no.uninett.diverse,c1f461973e86de94,14,739,0.9873205511287976,0.25765486003258053
no.uninett.diverse,c8dd6422f1b799c6,3,496,0.9993309912912615,0.13077221015422694
no.uninett.diverse,cafbcc276c703249,7,412,0.9919273432594452,0.3557408731267555
no.uninett.diverse,d4fb2f2b679479fd,15,1064,0.9851528183224785,0.40744118129106716
no.uninett.diverse,d64df1ee118dd78d,11,701,0.9889606391403037,0.1854854208411973
no.uninett.diverse,d6d3f5d0975dfbd8,9,504,0.9856818188343599,0.3581929309323867
no.uninett.diverse,d7c3e28dd3228c55,3,581,0.9898598430892676,0.3854767095172058
no.uninett.diverse,daf528d1802e7784,30,1848,0.9915885489837681,0.3649390263496596
no.uninett.diverse,e1f8c07f16d3fc77,1,513,0.9932264393381449,0.34769317246461745
no.uninett.diverse,e2efb2b229ebc4a0,18,1344,0.9855647180469128,0.2117447474507314
no.uninett.diverse,e4db883d84b18536,24,2046,0.997331946259773,0.49455267583862395
no.uninett.diverse,e84508636e8d3ca2,39,2208,0.9923519713568316,0.25667989417538195
no.uninett.diverse,f77f309d962a6a08,32,1897,0.9847612991117805,0.33194714326799624
no.uninett.drift,0afe247e05c56849,4,494,0.9923942765676186,0.22707906135254408
no.uninett.drift,0dee52f5c071ce8e,5,188,0.9684060863546773,0.4224057552842856
no.uninett.drift,1a2a9ed104268b54,2,333,0.995508818785354,0.36639393249566404
no.uninett.drift,20ae5fc24ddc99c3,2,208,0.9958297832882153,0.30860030230558844
no.uninett.drift,25b05f17bb7905e2,5,801,0.9968381079564449,0.3435201154455367
no.uninett.drift,27849e693aee19b6,5,281,0.9854106197274207,0.6369859366465586
no.uninett.drift,2a285b1bf3452625,1,126,0.9968053796301211,0.1374523100547522
no.uninett.drift,3cfc1442ee9881ce,3,558,0.9948825532984316,0.2245744171945055
no.uninett.drift,4a45a9017884336e,1,239,0.9986160131686516,0.32053393294275845
no.uninett.drift,4fab79d5a6686d3a,14,3253,0.9929942820177039,0.17242026281038259
no.uninett.drift,579cfcd13aad1b68,2,379,0.9811615656399766,0.32800637930806237
no.uninett.drift,692bd4542da0f70e,1,196,0.9971341035003469,0.13280998502663596
no.uninett.drift,6b71eb693762efb9,4,608,0.9966684870625755,0.29843268060519007
no.uninett.drift,6e7121e22ff65931,4,302,0.9910229397252333,0.213151004828703
no.uninett.drift,748d4b78815f6cd9,3,560,0.9972500382062096,0.49125517597264123
no.uninett.drift,7958635dd4d94569,2,156,0.9818846794766188,0.18982698850805427
no.uninett.drift,796c9ac04841d8ac,3,165,0.9621214071586133,0.2587392842246388
no.uninett.drift,7b3c50cd860d064a,3,318,0.9924659228721697,0.43344141555194393
no.uninett.drift,7d1a4ad4b697df9a,13,449,0.9867202164830041,0.26753873373974096
no.uninett.drift,83c769d2899304af,4,181,0.9787792696241422,0.14964413664172888
no.uninett.drift,8b4ad9b4b15360be,11,320,0.9785797599543173,0.26454390263021715
no.uninett.drift,8d56e640407a3804,13,515,0.9829569564882478,0.3443506919599176
no.uninett.drift,9272bc66d900a084,5,448,0.9798852232299909,0.19718597320481504
no.uninett.drift,933fc732cf7156e0,14,1038,0.9926440202465818,0.48684436724114477
no.uninett.drift,9ba2329b7239f762,2,515,0.998127813231751,0.5512851570867651
no.uninett.drift,9f1f731ca5125dac,3,1223,1.0,0.3024652325805036
no.uninett.drift,ad57ed59c3d7b13a,5,269,0.9714777675070816,0.4301991270531114
no.uninett.drift,bd5c2f30fee0c977,10,527,0.9894882960824999,0.45019623049403346
no.uninett.drift,bebba18b56826e16,24,1100,0.9863291956926639,0.3602093319070278
no.uninett.drift,c77813523cccc185,13,449,0.9867202164830041,0.0652278784613731
no.uninett.drift,ca1289c7fc0dbee8,9,931,0.9934179844831434,0.2617418763544624
no.uninett.drift,cf8f9d84ad108c56,8,297,0.9864441176536348,0.26192527963141987
no.uninett.drift,d8376af332530fb5,4,443,0.9825070308372115,0.5100259349795927
no.uninett.drift,e778362a48ac785f,4,388,0.9971327955696624,0.1365366551552258
no.uninett.drift,e8948a61e1aeb72f,8,603,0.9894756805559274,0.5764357179046381
no.uninett.drift,fd9b30b2d31a7463,7,661,0.9934933813252967,0.12651939329766373
no.uninett.drift,ff8bf228da8c9ba4,5,308,0.9915419578012058,0.14872638930678897
no.uninett.hjelp,0df38701c0b8fd8b,2,356,0.9991503734478235,0.42181057724688903
no.uninett.hjelp,1ee0108a77e6fa68,8,344,0.9746051457034417,0.48592014204280565
no.uninett.hjelp,1fa8f445d0c09c4f,8,424,0.9692781118532436,0.2516745016163325
no.uninett.hjelp,28a8392c9f805187,13,425,0.988643833144473,0.5191441153049343
no.uninett.hjelp,2b5d3a3f79a57218,2,396,0.9969583643149232,0.44021868283170684
no.uninett.hjelp,3cf612adb42ba217,19,1063,0.9835910903098125,0.6942916365227271
no.uninett.hjelp,55896f8b1697ed6f,9,299,0.9826095675964328,0.12134552283852534
no.uninett.hjelp,59a84f115a4e9e42,6,554,0.9951308746573689,0.2517646812866834
no.uninett.hjelp,66cb001d4501ec98,5,295,0.9910504212645133,0.27856900092966186
no.uninett.hjelp,6dd1ccacf77116c9,3,479,0.9959320357018244,0.5436542711764051
no.uninett.hjelp,930dc1303bdb5b77,12,795,0.9898702047810264,0.39644003228102787
no.uninett.hjelp,9b415ec53f2533d6,5,342,0.994227194761095,0.31571000184168996
no.uninett.hjelp,a431f51a56633550,7,384,0.9888953355211332,0.18980937052241453
no.uninett.hjelp,a66733fad459cd8e,2,234,0.9953499275694573,0.14127399424229672
no.uninett.hjelp,a7b9d2adbd1836bf,3,704,0.9974154048061047,0.46345258416713875
no.uninett.hjelp,b01a5bf9ed6a36cd,2,123,0.9767362263762746,0.08892386307568462
no.uninett.hjelp,ca08008ade12997c,2,342,0.9975395948355827,0.5004393812142062
no.uninett.hjelp,debeec1e574b93dc,4,538,0.996832269321246,0.34526704595500385
no.uninett.hjelp,ec44d887706964f4,13,797,0.9882040222247825,0.3842657997472042
no.uninett.hjelp,f17c18da560b060e,18,1610,0.9968007976713715,0.46561148885115045
no.uninett.hjelp,fd89c79491ce2890,12,779,0.9944930840341021,0.4582923098323664
no.uninett.hjelp,ff90c9df4796fc13,12,541,0.9912618928981604,0.4579160525063916
no.uninett.katalog,41197d40b3903152,11,743,0.9861915816814955,0.27042448339460257
no.uninett.katalog,a3f67cc34fb1accb,340,28697,0.9630743026773984,0.2262108916330328
no.uninett.katalog,bc7cfd90d9cf21f0,3,78,0.9144106382045819,0.22419140185335418
no.uninett.katalog,c866bcd16e7749bb,31,1395,0.9729545434721631,0.4363175048595913
no.uninett.skole,00095886cab710a0,13,944,0.9771069543223849,0.3461037735574389
no.uninett.skole,0be443b1668a2d5d,3,328,0.9875050198734528,0.32974722335607864
no.uninett.skole,171f2ff4ec87a3a7,5,624,0.9950408458562626,0.30159783118111005
no.uninett.skole,174416683d2a161b,22,1296,0.993378192310267,0.6201898073283698
no.uninett.skole,1c60b10733c5276f,3,888,0.9991320902230889,0.17679792788005802
no.uninett.skole,1dbb64afa79a709e,18,528,0.9696059260763051,0.22495029605947867
no.uninett.skole,2a80c591ee4913c0,13,541,0.9001050649003514,0.38765882692599346
no.uninett.skole,2ee1734b95c6d294,11,879,0.9917011484815663,0.46510635776495096
no.uninett.skole,36fe65cdd5d2121d,13,954,0.9628350384917889,0.36011964985201733
no.uninett.skole,41c0cbd8ad86830a,8,548,0.9776701180660662,0.4706571322858475
no.uninett.skole,42e769d2aa3fb9a2,8,470,0.993406288940398,0.3698404463178144
no.uninett.skole,4d0795cb64c8440c,7,279,0.9633706052685157,0.08964920971444486
no.uninett.skole,543961eab1dac993,3,126,0.9928860980201516,0.03655168948246753
no.uninett.skole,5b6c186717e81bc2,5,401,0.9780935087133913,0.3840245677181156
no.uninett.skole,5c4a78eead509594,10,573,0.9863162023525752,0.3482588492252304
no.uninett.skole,712715865baf94ee,6,262,0.9843395997425526,0.19957906143979898
no.uninett.skole,76bc44c00fdce805,7,469,0.9777547317751386,0.302291123444894
no.uninett.skole,84c56bdecc0faddb,31,1201,0.9834165418644768,0.3437423947287759
no.uninett.skole,85ffdef8acee2879,2,157,0.9850645216429282,0.31592933939366213
no.uninett.skole,8838febb1c950b8f,9,534,0.9919476576684373,0.5887538885134502
no.uninett.skole,905d7f7f64771964,2,234,0.9759949841435118,0.14951082298719334
no.uninett.skole,95b41910fdbe23e6,4,344,0.9949547355264756,0.5456408842735337
no.uninett.skole,95f296b2be9b6ad7,47,2136,0.9905003998009392,0.30781731102664844
no.uninett.skole,969acf8c65b4d2d0,8,340,0.9876667786750424,0.20257401730181776
no.uninett.skole,a3cdc77fd96eeaf5,56,1647,0.934184329970496,0.3972375878123092
no.uninett.skole,aab9d0e47f017570,2,476,0.9967477916530973,0.1767187883342963
no.uninett.skole,ac83d24452ff4ca8,15,1073,0.9767389897147263,0.35856367332594496
no.uninett.skole,ad9fca295898311d,12,571,0.9634146809607654,0.4456139275883979
no.uninett.skole,b118dca9271dc550,21,533,0.9392621762313319,0.4727204360090997
no.uninett.skole,bfa357ade8f18068,24,1842,0.9906398394679908,0.4679400058993921
no.uninett.skole,c63e4f7495ed1ab8,5,351,0.9850022870550458,0.4935587474573448
no.uninett.skole,c9fa8871c78d792b,9,300,0.9859841225585922,0.4135136354168557
no.uninett.skole,d839c34e66773367,50,2975,0.9903163016419892,0.6732391210931559
no.uninett.skole,dc13bc96f01594ca,15,728,0.9943447289758661,0.34537851977805245
no.uninett.skole,dc32c9c6f6daeb6f,14,604,0.9882589577825356,0.5209269687048103
no.uninett.skole,e4d7832cb469751f,7,291,0.9686867608545102,0.3536797994283107
no.uninett.skole,eed50e1b4c01b69a,20,1265,0.992436601583059,0.29043185182558606
no.uninett.skole,f0a5499350c293d3,21,1260,0.9884156568277188,0.5077533704065277
no.uninett.skole,f242fe369db82d83,20,643,0.9509781640564104,0.2596359001365517
no.uninett.skole,f9b9c9e81fc07b04,4,420,0.9959802022643212,0.15880603172882637
no.uninett.skole,fb84f54d3ed1e995,16,1870,0.9968353641882547,0.47745529511200907
no.uninett.skole,fc1689656de981ed,18,653,0.9855858692561607,0.3841485739976936
no.unix,008ffc9b45158864,13,606,0.9934210769748287,0.23536472569202585
no.unix,00ec9cb5d1bee32a,7,395,0.9925501413489742,0.3420843693342946
no.unix,0d4135e7d17426a8,2,276,0.9946468549570044,0.49751105764965536
no.unix,119e1acf934b0b1f,8,477,0.9933438838696574,0.3686052297223499
no.unix,18790c8d66ac796a,13,1030,0.9901261682647089,0.17161907674638788
no.unix,1d217f69d069e3e9,5,648,0.9915808994482476,0.3898398137925876
no.unix,296afe3820cd1f14,9,998,0.9966460724814443,0.35755074430203215
no.unix,2eeaabe75bce558d,5,227,0.9819748483850438,0.42489077652498985
no.unix,33e69ffc37847b54,12,547,0.9857461638455554,0.33807399759028506
no.unix,371e463acdcb6a47,4,301,0.9855610275726089,0.4028761502193978
no.unix,402b0338466508bc,3,119,0.9890038926332031,0.057759801991302845
no.unix,461b473d4d9b8971,2,187,0.9885437638297239,0.2712240328690194
no.unix,477a7a37d30388a2,24,1091,0.9837837868330555,0.36008706029630494
no.unix,4ab57b5d58b8d940,13,1618,0.9958924193470683,0.18291008888851182
no.unix,599dde3a9063bd71,5,354,0.9967606775178165,0.33711838209922246
no.unix,65ac9501e17e6588,12,1028,0.9941067175689483,0.4054248961833314
no.unix,69b5f541ad9b3f48,20,1615,0.9953363263266115,0.37401837797007725
no.unix,75ca636a076943cd,3,219,0.9960460449634262,0.2629406560307759
no.unix,770fdb72aec0960e,14,220,0.9521573182739369,0.40568545417669466
no.unix,7b2fd2a22cef73e6,19,2225,0.9946539601094471,0.3724029389236393
no.unix,8bfe26eff9871bae,8,817,0.9878986390941861,0.28687302598201425
no.unix,8c5bffead4c44420,2,855,0.9986839770920759,0.5125108127844318
no.unix,8f9ee6a4b0e18d09,2,615,0.996891908557026,0.24010787914333018
no.unix,9735330ce857bc85,4,416,0.9907244663472157,0.2832607281125655
no.unix,98934a32453c0a9f,1,679,0.9995807181793656,0.34107186608713247
no.unix,994cd55c1ca32b12,12,905,0.994870627561281,0.5347151241571021
no.unix,9c0af5b2e0f4d32e,2,344,0.9963620030135296,0.2917031536855058
no.unix,9fbb16000595cdd0,19,700,0.977662478282034,0.5122911058867141
no.unix,a2767d57ebaf19fe,4,550,0.9964401968475798,0.32295538221250897
no.unix,a5862fd8feeb21d9,19,1090,0.9793572748957293,0.6296045988688695
no.unix,ae72e08577525d8a,5,786,0.9974687649914856,0.40680910127173553
no.unix,aed3f3efe327a2ef,14,631,0.9829585204295012,0.5302282825931028
no.unix,cb143d2668a435ed,1,199,0.9973417262090163,0.19979224629709497
no.unix,d3b11d2d70e8644c,16,665,0.9769726868745338,0.37711823503890574
no.unix,daec0e5707f18be6,3,375,0.9956932152970096,0.47680583057301584
no.unix,de96f4ba4fbe4491,3,297,0.9936829303367267,0.352083692273893
no.unix,ea237fcef44204bd,3,840,0.9988715091878339,0.23780786535096396
no.unix,eb448846b7f97caf,8,1383,0.9934798827154188,0.4640206454960202
no.unix,ef6746d5cb7d1caf,8,464,0.9911696198535512,0.4688739670386162
no.unix,f338fd8052b0a0c0,4,511,0.9843844785722459,0.4929129321588355
no.unix,fc7b2692b22c5993,5,770,0.9880466326738979,0.5681307227515089
no.unix,fca6bddae8ae4746,1,496,0.9992459772208202,0.3405002250259734
no.unix,ff63d705d23191e3,5,575,0.9898272335159276,0.28404655244570093
no.video,0f17378f25981b4c,1,496,0.9991548564469135,0.45663995353489284
no.video,11860aa61bb6672d,4,177,0.978465050365597,0.19174347930116492
no.video,135f7e6e1ddba95a,10,626,0.9946761812440811,0.3919204249337363
no.video,13e9fc5208f87c8a,6,234,0.9691566016717921,0.17160648568619108
no.video,195583ad1188efc9,8,566,0.9961772754776718,0.25764978677085193
no.video,2f03ca2fd3fad096,16,919,0.9720733694900194,0.3552351292377092
no.video,363d0efa1a8cde56,4,567,0.9955501520395653,0.24283828783390998
no.video,3dabe0ae2daafe23,1,241,0.9991305403099869,0.3566304062312253
no.video,3f513dc4e97761ba,1,42,0.9824863883935812,0.2575896985811228
no.video,425d8d02e4c10bc7,22,1058,0.9882652787719403,0.34015343619251254
no.video,44dc08a145b6bf1e,9,877,0.9961829752874375,0.4016954436982488
no.video,45562687814f3002,2,213,0.994498664061828,0.39241306829468653
no.video,4ca1f1d1621b2386,5,693,0.9950754718969348,0.3735980064369647
no.video,4f791630e90f108e,9,998,0.9965864409102246,0.3892798851832173
no.video,5bf8d80013a64144,1,577,0.9997909930449741,0.35402488409346716
no.video,630b5f88d6d2c584,12,664,0.9793814380091812,0.14102787218690124
no.video,6ecc9bbaf2f2b1cb,11,677,0.9950093062060851,0.4642152704591258
no.video,798c0b13a0fd4981,5,424,0.9938487876813158,0.21877121030807406
no.video,80e8606aa267a72e,4,349,0.9967415783863794,0.29625571836237496
no.video,8ee5a7d3b4dd1d9c,20,1289,0.9970351165177066,0.29218109573335116
no.video,8efdd5c808bb2c1a,9,486,0.9909859851073436,0.19333859048348223
no.video,8fc47d07f1c89468,12,981,0.99580684339554,0.4404694468987647
no.video,946f668ac40c545c,1,620,0.9994975731508116,0.38855647590189535
no.video,967b1b42802f9fb2,2,80,0.9900972111272753,0.11595748728153729
no.video,a071a4a6110495b4,10,631,0.995884898495136,0.47236306729480065
no.video,ae5798ea2216f41b,5,464,0.9865258661990899,0.5203359585239921
no.video,b4602605ef6d0668,1,88,0.9962938102776137,0.31255860439623373
no.video,beae36f92b9b2d27,8,431,0.9805366343398666,0.2488481918122212
no.video,c1f9b573284c025a,16,1197,0.9933849558214464,0.16505654107906043
no.video,c20b33f0f29bdbdd,4,215,0.9883043723993831,0.36781538755145876
no.video,c29901ac2f713587,20,958,0.9929269551679131,0.5806812514992282
no.video,c3892a064b2380af,19,950,0.9845491801364574,0.5236403027300711
no.video,d184c12956b0bee7,3,450,0.9980754601864377,0.0246545006990948
no.video,d1e0b54b7c18b4d6,2,167,0.9611426512581013,0.22908900104862556
no.video,df08ee2b6df714b6,10,460,0.9932948239306271,0.2849605506585442
no.video,e5e5736ea6787aec,3,352,0.996849636720037,0.35880308845668013
no.video,e6ebfee7c01fecc8,4,179,0.9907711875468329,0.2957627405410609
no.video,eb22835402c8322f,4,779,0.9983046294248652,0.22143525601760472
no.video,eeb28a9c69ff2855,3,518,0.9985186473051163,0.2482051290950093
no.video,f05fbd3326aa2195,83,4320,0.9658032690099931,0.5630407097054164
no.video,f0b2e8b572be7eef,37,2359,0.9898758378258826,0.4456796546339947
no.video,f4eb7f9aa94d3f64,9,383,0.985316938104613,0.21647827758498847
no.vit.diverse,007f0fcc2f92cf24,21,1237,0.9795561873084797,0.2245971054064318
no.vit.diverse,036e35ef5c249071,23,994,0.9842932530780079,0.2239573273005463
no.vit.diverse,0f5f65141c476ef2,19,1011,0.9907641673857075,0.18817221982468932
no.vit.diverse,104a97e9e979c923,2,404,0.9918770986587916,0.4352542675613362
no.vit.diverse,1678897d52abb70d,14,680,0.9945106036156277,0.2525685347391915
no.vit.diverse,1a69bd9b07309c0d,6,272,0.9855944173091932,0.22494473448039826
no.vit.diverse,1ab8e059c78c02d4,63,3887,0.9884251733687214,0.18564806859756774
no.vit.diverse,23153bc12fe528b7,10,633,0.9768769421407127,0.48682159715666384
no.vit.diverse,24f5fdc7667cd3b6,11,407,0.9816508881388935,0.2752413623799303
no.vit.diverse,2a10f1fb4da5032a,35,1427,0.9837119883253492,0.3493476755489124
no.vit.diverse,2ccf63adb661f073,28,1541,0.9928284767241807,0.23439133228306527
no.vit.diverse,2d49f368b92bfa61,77,3540,0.9827503141316666,0.08568338652738502
no.vit.diverse,3457fc03765298cd,10,602,0.9600693214721907,0.39967286713357525
no.vit.diverse,367b3414dae39781,5,491,0.9948531692442416,0.235840195929281
no.vit.diverse,39eb84e133d59ede,23,1082,0.9791570561113158,0.2595662322088114
no.vit.diverse,3f035e32823d30e5,8,414,0.979703259711817,0.1757576724988615
no.vit.diverse,3f09672b29ace882,30,2269,0.9927852589827922,0.485183805588448
no.vit.diverse,4b9f595d696defc4,41,1555,0.9863032641270193,0.2587353015876874
no.vit.diverse,57c39e0779667208,15,790,0.9911888552094553,0.3571141117866545
no.vit.diverse,5b771fbb17f32432,44,3105,0.9798829750230161,0.12046146780413539
no.vit.diverse,5d27c3b0309fd462,19,962,0.9435339327299719,0.4391171465183827
no.vit.diverse,6e7cc246f36d5e4a,31,1165,0.9844635844145188,0.36386496707122973
no.vit.diverse,7272fcda829d80c4,1,179,0.9979502870569334,0.28174534996384126
no.vit.diverse,7d33e9832379e685,65,3082,0.9920669377335003,0.06500092107556586
no.vit.diverse,8f17d69d8915a373,6,414,0.9905377940991404,0.19369753883555624
no.vit.diverse,9549e9678a10e3bb,9,500,0.994708597719776,0.3441603415498181
no.vit.diverse,9a90934c0a041d37,10,694,0.9953592425918574,0.3746062723330431
no.vit.diverse,9cad61ec2a6f8658,3,329,0.9976562601524299,0.34609913809346976
no.vit.diverse,aa2d80923f4ed044,4,700,0.9966675946931743,0.40517146443995056
no.vit.diverse,ace4f2d1479e030f,11,570,0.982546357093087,0.307333097786657
no.vit.diverse,bc921d8220c33ff7,16,1375,0.9982000194918197,0.150273391460222
no.vit.diverse,c15933bc3d6836e4,11,797,0.9794348811225021,0.27610828832743567
no.vit.diverse,ce0078c7dd4d56a7,19,1295,0.986879672185113,0.4429393797847323
no.vit.diverse,cfeefc8e1757c933,2,379,0.9993223101962676,0.05910007597738926
no.vit.diverse,d000a7443ea8c5c7,85,6250,0.9861749562150716,0.3223159066562688
no.vit.diverse,d91051ed922a28c8,9,744,0.9837094234927095,0.3091783749492836
no.vit.diverse,da7ac9a33844b743,25,1379,0.9823627215256436,0.2506893291421539
no.vit.diverse,dace8d2242c167c6,34,1358,0.9772517334518326,0.07829095982519658
no.vit.diverse,de6a9e8a9ccc85b0,25,1246,0.9787374152451691,0.378624323504848
no.vit.diverse,e048dfbcde212be7,22,721,0.9886862970837106,0.11816514314068992
no.vit.diverse,ec7d0b9ed3897d68,9,414,0.9913341623066276,0.1964008897937766
no.vit.diverse,fe40f94b43612db1,8,957,0.9855111276168038,0.2057499182099566
no.vitser,12c7ba73798007a1,9,646,0.9884635440286296,0.35710589248111774
no.vitser,1c2af00f9977e36f,4,705,0.9952019123024365,0.4186979930249372
no.vitser,2501c24ee4d31a54,9,273,0.9160693387638721,0.28116446474034745
no.vitser,255776b9d43e952f,2,587,0.9978439040336705,0.5584008687474515
no.vitser,27fbd2e95e84c8a7,1,202,0.9939517877122167,0.10744622750767391
no.vitser,31d6534aa3c47288,2,67,0.9747286785349608,0.19563261653461642
no.vitser,32c0d328d1e2bcde,4,563,0.9984734983303105,0.2835585885948163
no.vitser,39386e4554f507dd,1,295,0.9302733719540649,0.33249815450730635
no.vitser,3a2ec5e0860dd35f,9,521,0.9733694829546369,0.22560490162308267
no.vitser,3c1d312458ad8bf6,20,1022,0.9878804529799806,0.19341040225093228
no.vitser,442eb68471a21d29,21,936,0.9896902833557748,0.20471254419239765
no.vitser,456ff8a40555eb2a,12,498,0.9861523284711277,0.2769977618497703
no.vitser,4b8bc7cf02cecc03,2,117,0.9348286695801485,0.3394584180960549
no.vitser,4bc96cdb90cad022,56,2654,0.9800963870386104,0.27365327637006087
no.vitser,4f24d2a27137600d,8,512,0.9941951708350707,0.28766455847778727
no.vitser,5233b9ef972a6135,3,222,0.9829398512499233,0.3299812220742511
no.vitser,53e84c4dfc8ad820,3,60,0.90047109391663,0.033596283612672
no.vitser,5bf2ce2dd0fa23e7,16,1176,0.9386726667994564,0.3838252673501741
no.vitser,5c1243013edfa9bc,5,278,0.9826117203566795,0.37691802639602123
no.vitser,6d5d390a21e218d8,2,176,0.9782690729344156,0.23328851240734683
no.vitser,6f20ab8b1e1e753a,1,288,0.999608135868737,0.3486929007206402
no.vitser,77d9b59118ac472d,8,493,0.9860664123085651,0.2773078207069996
no.vitser,782c2e8fc42d9799,8,324,0.9696490617222199,0.18204536051706555
no.vitser,86527439d793f4c3,15,1240,0.9863097137711718,0.1381232697275373
no.vitser,86c4d267a910435d,5,419,0.9970402011394971,0.46616716532343316
no.vitser,89173de88bf2ed61,6,438,0.9870335695390324,0.42129418974263816
no.vitser,8f729ec90a67270c,6,558,0.9947177204942195,0.28685279607671527
no.vitser,9a94f9455789b098,25,1265,0.9603358502502455,0.30502618157168876
no.vitser,9fb69909234724d0,2,427,0.9983505821235108,0.26244198909689914
no.vitser,a051248c28616f78,25,1216,0.989445121041934,0.3247990591376177
no.vitser,a66b02bc7e1f010f,16,769,0.9829469175458937,0.6581619443276565
no.vitser,ae70cb80c6d455d7,8,515,0.9703600050889447,0.3651771032285409
no.vitser,b3a18b234b3b8e3d,7,613,0.99628272257998,0.6366444325219988
no.vitser,b4fea29df3fb9779,5,268,0.9820965515951672,0.12946669174794703
no.vitser,b899a6a1f1e4cf4b,38,1220,0.9676688680360117,0.2576131167633324
no.vitser,bfda202cac9ee786,13,613,0.9473551768055913,0.5153238030366907
no.vitser,c783962eeb5b7f9f,13,813,0.9908612432919799,0.4916492807998298
no.vitser,d47d13ebd5659507,10,594,0.9923688911801346,0.4011584508643861
no.vitser,ddfe5c846540ec27,2,191,0.9941006123088938,0.1268802472234225
no.vitser,e1d3a1708f3a0e71,2,190,0.9943800097972203,0.20880389613476685
no.vitser,f9fa1cd6724ab3b9,8,564,0.9909618420437106,0.41448642500444993
no.vitser,fee088e5bf846972,7,582,0.9860978490120642,0.4297364044755754
no.vitser,fefe8322880f1c2e,9,457,0.9859568830173678,0.26090457671301337
no.vr,022cb9bd835cabd0,4,225,0.995661870774313,0.45762304785639984
no.vr,03750f364cd2dc4d,13,747,0.9905371814559727,0.2829268331317168
no.vr,04820eb52374fa15,1,709,0.9998635309499149,0.06373417605421439
no.vr,066e86ec780abd6d,3,707,0.9961048614284547,0.48693812787431306
no.vr,12ddd437475a0b9d,4,351,0.9931643021878265,0.4224394709966033
no.vr,1a8ac6032b37f123,4,525,0.991324476633652,0.26274294601558246
no.vr,222d14473a4f3c35,6,209,0.9856490908058104,0.13007309729326735
no.vr,32a39e474488068f,22,1373,0.9904133730265116,0.3425711218323492
no.vr,35f0e7df9340ac69,1,381,0.9963352523085606,0.5302389299719619
no.vr,46a7d579249dfdc4,13,884,0.9892575148682744,0.6415121872292909
no.vr,5688696c825eedc7,5,383,0.9959989580716389,0.09151241870151373
no.vr,61261681fbbe0531,12,2969,0.9942929496284381,0.16145481644566717
no.vr,666e635e7cc03aba,13,743,0.9946100443069407,0.43121997305763937
no.vr,6683561b441f4536,2,98,0.9855167816083603,0.23328509243002055
no.vr,6850b0f1489d9007,1,1947,0.9990698995450666,0.25716383826823785
no.vr,695b00c074018906,2,1145,0.9990831366147183,0.18540793906143666
no.vr,7064c1a8ebc326fd,3,398,0.9980547308546849,0.13105250132610663
no.vr,81be02f69ddb2cd5,14,796,0.9732409592637544,0.26241257001468254
no.vr,88c87cf08f06ae67,53,2900,0.9873819156029136,0.10602960524739466
no.vr,8c633b17bab40336,11,183,0.9584847393514412,0.3250633293432843
no.vr,8e1dd140e24e249c,1,366,0.9990731404894327,0.3738310183608919
no.vr,9292f3004d783cd5,11,395,0.9816572629619017,0.12458685314847073
no.vr,95be8141d4360e8e,30,1930,0.9910393143337657,0.223756073866646
no.vr,9bc0683e5a2b2717,1,95,0.9963914918553457,0.2925204217526429
no.vr,a3c306e2fb59808c,30,3498,0.9975075323587845,0.37224919481252294
no.vr,b26ae74517435cb3,2,340,0.9966390863069982,0.44075468474016555
no.vr,bbee922150f453ba,10,316,0.9776426239168334,0.48501426435183187
no.vr,be603c80b004c398,1,120,0.9943777805335058,0.4003139854380597
no.vr,c8304da67ee47f19,2,506,0.9987159413619097,0.5365930539444626
no.vr,d13319d8e25ad34b,3,87,0.8563288722415796,0.25420434279249626
no.vr,d2f0b15c2198d58e,27,1342,0.9898218980460506,0.6511754649140842
no.vr,d533ee9afe31fa2c,12,573,0.9848530356433043,0.3947416551512184
no.vr,d7e55b45773f3b9f,18,1107,0.991689713826157,0.1006340308992159
no.vr,d7ecd756e14f174c,23,2385,0.9911469334401358,0.07718794849902902
no.vr,e50dc2d60460c9a9,1,209,0.9827218500258588,0.11607125882001681
no.vr,e6e4e37138c13618,4,532,0.9977141619945192,0.22422128077146627
no.vr,ebde07a2d0c51ec9,7,552,0.995896271720356,0.23487978737403614
no.vr,ed04477a04255db6,3,437,0.9974049779772277,0.47541058052469426
no.vr,f5b53037d02f5d19,4,585,0.9982055245692429,0.5473965815933907
no.vr,f8e78150a6dd631e,2,394,0.9989746741663162,0.41290907429405943
no.vr,feb07dc4e0cfaeda,47,2107,0.9828868934794431,0.32144797301034156
no.vr,ffe58718acda014e,10,1068,0.9933865302783653,0.26665904310777505
no.www,01193a95ca615ee4,22,1320,0.9854411215571959,0.3594647097292654
no.www,09ade69fa59daa1f,15,1011,0.9918510966869708,0.3514754424449695
no.www,19bc546c464276a7,5,750,0.9965723660803002,0.39446126497762957
no.www,1a1d54e582785135,15,557,0.988613394438534,0.3586480764732374
no.www,2039517efbc7631d,5,808,0.997758255200112,0.5928141884109892
no.www,2af5bbc1a39c6848,23,1415,0.9909629301691019,0.172682608802693
no.www,3ad5bf726123cd9e,8,688,0.9959355034511362,0.5231161866213737
no.www,4595f6d2c4ba316b,16,508,0.9734252371086157,0.4912285727416628
no.www,5474ffdcca7f06c4,6,612,0.9961969667431682,0.46007500959625036
no.www,5f589e6c32a5c9c9,36,2244,0.988875695030211,0.5848211604883623
no.www,69390d1064fda061,6,591,0.9963107265006482,0.327971349788353
no.www,6ee93ca07d642893,3,576,0.9953945226012608,0.3359888256213601
no.www,6ef9b9892ca94daa,13,469,0.9651923502869649,0.4011483277994131
no.www,71ec87044cd21fa5,3,532,0.9930688763372054,0.4328863901613552
no.www,7dc48fc94ff2a378,10,396,0.9884894265037788,0.5178661404715404
no.www,7ff85a36d41f1364,7,250,0.969257924175482,0.23841777907247544
no.www,81d4127acffb13cd,6,1169,0.9929636390267187,0.09633754229426733
no.www,85a918e70b59360a,67,2620,0.9867210797776368,0.4177261205633984
no.www,9f905b1c5775cad7,13,644,0.9913657041789463,0.45719165381652027
no.www,a5055fd3b88325f1,16,563,0.9784811519141646,0.4541476750313294
no.www,a5b1f5b1ef590cca,9,689,0.9917393885451153,0.4354505942253252
no.www,a84cda8de0603a1a,11,504,0.9898680627410992,0.4812999876113932
no.www,aebeaac9c8b24b85,26,1557,0.991443824134786,0.2912253002430038
no.www,afde400aeef3b386,6,388,0.9911409051100388,0.4378341063093854
no.www,b0dbeee829c8e242,18,1834,0.9931822541800117,0.37755182444120056
no.www,b67cfdaf76d66054,13,843,0.9768952886057327,0.22238233871520605
no.www,bf565ab8eaac3e02,1,171,0.9907398596452761,0.4820765979845554
no.www,c0b6a460218cabf9,1,471,0.9968997856771439,0.5722190443358726
no.www,c2c9bc1f92664323,6,684,0.997397182773806,0.2051939922925436
no.www,ce7665fddf769491,21,980,0.9447342556740422,0.42357439044888556
no.www,d766c3a37725eb35,10,644,0.9867517600747631,0.25528767076159375
no.www,df1e0c3b9fb2ab31,12,906,0.9974397118123458,0.5722000759525598
no.www,df4d0f9d53fd55ab,3,455,0.9988665283570519,0.5025776541407375
no.www,e2c48cc7a0540336,4,405,0.9932539186138664,0.30199948607768334
no.www,e4f217206cc01f06,15,914,0.9914426328703388,0.4120128861670389
no.www,eae9841e24c35bde,14,562,0.9840600039359192,0.44437612013499345
no.www,eb0898f25512bd9e,2,515,0.9982945682140212,0.3453526559627676
no.www,f4cc1fd835692bac,5,591,0.9926635178788178,0.3591979830492853
no.www,f62bdc205902401c,7,442,0.9945925984266093,0.25299583694371264
no.www,f6942b9b2cb1dba8,3,315,0.9943359209320768,0.39450090384357844
no.www,f8e0d432af5f4adc,5,223,0.9824215520969085,0.18667299372451454
no.www,ff219660c76008d8,29,1644,0.9948733959532385,0.05279364783895855
no.x,04a774b333e966b7,1,628,0.9984896533608801,0.46959606302220513
no.x,086c35b69b2db582,1,2608,0.9992019180521047,0.1963136937760707
no.x,198052d5f71e2201,1,539,0.9986124920209977,0.16726896669353397
no.x,1e998fa6e181d20f,1,313,0.9996476759021387,0.2928119023569565
no.x,28415175a534c809,5,440,0.9959649543126284,0.45708669301064286
no.x,2cf654c90b63bd06,7,281,0.9909265574311106,0.47950724927783084
no.x,2e30210f861a3d14,1,153,0.9987106546414278,0.5569651975333841
no.x,2e63403eae4ba091,8,610,0.9954774555126156,0.22062049231302075
no.x,33b5852441945bff,1,205,0.9980444671188119,0.3652715124458387
no.x,3adc30be7fa74c66,17,724,0.9825737360186418,0.3182821195729361
no.x,3c760d593276858f,2,252,0.984457984220923,0.1778627129058258
no.x,46d478c2e3509e8e,8,1196,0.9964699653133567,0.32223424695436376
no.x,50b52da892088219,1,305,0.9970267435237805,0.4971028005397228
no.x,533a3c5677477d58,10,604,0.9862376828035946,0.357874233320134
no.x,5351720514721b15,2,168,0.992447862056938,0.15420522467090592
no.x,643f1367de199af1,1,539,0.9986124920209977,0.41590657576747087
no.x,68c2f5adf84a0434,10,526,0.992595964125316,0.5047981038599181
no.x,69264a3b7ac4767d,7,732,0.9862235694904148,0.5016689896863911
no.x,6b9ce618f0e50cd3,6,284,0.983930284495743,0.4633433648789436
no.x,6f228d50ebb3c8d6,14,950,0.9923473786536272,0.5950640397450628
no.x,70d721ee486b37e0,4,408,0.9923585872159105,0.40112378688610406
no.x,779d5c72651fed52,8,1161,0.997076387876171,0.3327974155981046
no.x,a08db56388b06c4c,1,846,0.9999530801070636,0.48002460487000664
no.x,ab36094b463cbef8,15,529,0.9747554942205352,0.39465349194942706
no.x,ac4d3b04efe1ee91,7,699,0.9966120039053078,0.3350337973807088
no.x,b032e33e9d0367b1,2,253,0.9972123888120936,0.29248759989202305
no.x,b3686526ad2a9949,6,450,0.9937803895604338,0.31567145540732255
no.x,b65368e85db6c62a,1,290,0.9983899978671862,0.09213316711629292
no.x,bc05cbfd0f072278,11,566,0.9859091369274499,0.2675422688736703
no.x,bce26aa55a7533f0,8,490,0.9897683069035302,0.2133729796158631
no.x,cfeb3a216722a98f,1,163,0.9989563149560275,0.1479311201870924
no.x,d27346915a52cc77,18,1361,0.9849609880292158,0.5272175578456132
no.x,d4550eb8378c4132,7,362,0.9837594312028011,0.45902880519549377
no.x,d79fcd1449e4a693,3,466,0.9941810875020608,0.3213121879454324
no.x,e17dddee89e116df,5,455,0.9943959226684845,0.30825644860380574
no.x,e288c8d10334b162,8,589,0.9905813935218694,0.21797626111737847
no.x,e2bd5c4f24b24aef,15,1034,0.9872694893524888,0.6155024709565984
no.x,eb2d859a1909c9a4,1,93,0.9665581975985368,0.0777355068748306
no.x,ef8f99b53ec14daa,4,234,0.9881885719814574,0.19085935553033134
no.x,f1b8cd1c89153a9f,7,252,0.9771652675711753,0.2880735788447641
no.x,fa8a1cbfaf804c0e,6,323,0.9950103129234839,0.3740260065774384
no.x,fd719c2be82d030b,20,1044,0.9853327687393033,0.5103799690344457
