date,count
1992-04-04,3
1992-05-09,1
1992-07-20,3
1992-07-25,4
1992-07-26,1
1992-08-26,18
1992-08-27,5
1992-08-28,18
1992-08-29,2
1992-08-30,3
1992-08-31,10
1992-09-01,7
1992-09-02,13
1992-09-03,6
1992-09-04,4
1992-09-07,6
1992-09-08,2
1992-09-09,4
1992-09-11,2
1992-09-13,5
1992-09-14,7
1992-09-15,2
1992-09-16,13
1992-09-17,9
1992-09-18,5
1992-09-21,2
1992-09-22,2
1992-09-23,4
1992-09-25,3
1992-09-26,1
1992-09-29,2
1992-09-30,6
1992-10-01,1
1992-10-02,9
1992-10-04,2
1992-10-05,8
1992-10-06,4
1992-10-09,1
1992-10-10,2
1992-10-12,1
1992-10-14,1
1992-10-15,1
1992-10-16,1
1992-10-17,1
1992-10-18,1
1992-10-26,2
1992-11-09,17
1992-11-10,17
1992-11-11,13
1992-11-12,15
1992-11-16,2
1992-11-17,29
1992-11-18,32
1992-11-19,17
1992-11-20,40
1992-11-21,6
1992-11-22,5
1992-11-23,21
1992-11-24,34
1992-11-25,31
1992-11-26,25
1992-11-27,39
1992-11-28,18
1992-11-29,16
1992-11-30,46
1992-12-01,41
1992-12-02,29
1992-12-03,35
1992-12-04,20
1992-12-05,4
1992-12-06,7
1992-12-07,26
1992-12-08,21
1992-12-09,18
1992-12-10,17
1992-12-11,16
1992-12-12,7
1992-12-13,5
1992-12-14,8
1992-12-15,12
1992-12-16,22
1992-12-17,5
1992-12-18,4
1992-12-19,1
1992-12-20,1
1992-12-21,12
1992-12-22,21
1992-12-23,5
1992-12-28,5
1992-12-29,1
1992-12-31,1
1993-01-04,8
1993-01-05,6
1993-01-06,8
1993-01-07,19
1993-01-08,2
1993-01-09,3
1993-01-10,1
1993-01-11,44
1993-01-12,4
1993-01-13,14
1993-01-14,2
1993-01-15,13
1993-01-16,3
1993-01-17,9
1993-01-18,35
1993-01-19,3
1993-01-20,15
1993-01-21,10
1993-01-22,19
1993-01-24,4
1993-01-25,5
1993-01-26,12
1993-01-27,14
1993-01-28,13
1993-01-29,17
1993-01-30,1
1993-01-31,1
1993-02-01,9
1993-02-02,12
1993-02-03,7
1993-02-04,5
1993-02-05,13
1993-02-06,1
1993-02-08,2
1993-02-09,9
1993-02-10,22
1993-02-11,7
1993-02-12,7
1993-02-13,2
1993-02-14,3
1993-02-15,7
1993-02-22,6
1993-02-23,2
1993-02-24,9
1993-02-25,1
1993-02-26,13
1993-02-28,1
1993-03-01,7
1993-03-02,8
1993-03-03,17
1993-03-07,1
1993-03-08,21
1993-03-09,14
1993-03-10,36
1993-03-11,3
1993-03-12,12
1993-03-13,4
1993-03-14,1
1993-03-15,7
1993-03-16,12
1993-03-17,14
1993-03-18,5
1993-03-19,14
1993-03-20,2
1993-03-21,2
1993-03-22,11
1993-03-23,13
1993-03-24,12
1993-03-25,15
1993-03-26,10
1993-03-27,3
1993-03-28,1
1993-03-29,22
1993-03-30,27
1993-03-31,24
1993-04-01,1
1993-05-12,1
1993-05-13,1
1993-05-28,1
1993-06-06,1
1993-06-07,10
1993-06-08,15
1993-06-09,7
1993-06-10,7
1993-06-11,5
1993-06-12,8
1993-06-13,5
1993-06-14,4
1993-06-15,2
1993-06-17,2
1993-06-18,1
1993-06-24,1
1993-06-28,1
1993-07-20,2
1993-07-22,1
1993-08-04,2
1993-08-17,1
1993-08-20,1
1993-08-25,1
1993-08-26,1
1993-08-31,1
1993-09-03,1
1993-09-04,1
1993-09-07,1
1993-09-10,2
1993-09-13,1
1993-09-14,1
1993-09-15,1
1993-09-17,4
1993-09-23,5
1993-09-24,2
1993-09-25,1
1993-09-26,1
1993-09-29,1
1993-10-14,2
1993-10-17,2
1993-10-18,2
1993-11-14,1
1993-11-17,1
1993-11-22,3
1993-11-23,9
1993-11-24,12
1993-11-25,1
1993-11-27,2
1993-11-30,2
1993-12-01,2
1993-12-02,2
1993-12-04,1
1993-12-11,1
1993-12-31,3
1994-01-04,3
1994-01-06,2
1994-01-07,2
1994-01-10,6
1994-01-11,1
1994-01-12,2
1994-01-14,1
1994-01-19,1
1994-01-20,5
1994-01-21,1
1994-01-22,2
1994-01-24,9
1994-01-25,9
1994-01-26,4
1994-01-27,13
1994-01-28,13
1994-01-29,3
1994-01-30,2
1994-01-31,6
1994-02-01,4
1994-02-02,6
1994-02-03,2
1994-02-04,1
1994-02-05,1
1994-02-06,2
1994-02-09,2
1994-02-17,1
1994-02-18,2
1994-02-20,2
1994-02-21,2
1994-03-03,1
1994-03-04,2
1994-03-06,1
1994-03-07,2
1994-03-09,1
1994-03-10,1
1994-03-15,1
1994-03-22,2
1994-03-23,1
1994-03-31,1
1994-04-01,2
1994-04-05,1
1994-04-06,2
1994-04-07,1
1994-04-08,4
1994-04-12,1
1994-04-13,2
1994-04-19,1
1994-04-25,2
1994-04-26,1
1994-04-27,2
1994-04-30,1
1994-05-01,1
1994-05-02,3
1994-05-05,1
1994-05-06,5
1994-05-07,10
1994-05-08,15
1994-05-09,10
1994-05-10,3
1994-05-11,3
1994-05-12,1
1994-05-13,1
1994-05-19,5
1994-05-23,2
1994-05-25,3
1994-05-26,1
1994-07-03,2
1994-07-08,1
1994-07-18,1
1994-07-19,2
1994-07-20,1
1994-07-27,1
1994-07-29,1
1994-08-05,1
1994-08-07,1
1994-08-09,1
1994-08-12,1
1994-08-31,1
1994-09-03,1
1994-09-04,2
1994-09-05,5
1994-09-06,9
1994-09-07,7
1994-09-08,5
1994-09-09,2
1994-09-13,1
1994-09-15,1
1994-10-04,1
1994-10-11,1
1994-10-14,1
1994-10-15,2
1994-10-26,1
1994-10-29,1
1994-11-01,1
1994-11-10,2
1994-11-15,3
1994-11-16,7
1994-11-17,9
1994-11-18,5
1994-11-19,1
1994-11-20,1
1994-11-21,1
1994-11-23,2
1994-11-26,4
1994-11-27,2
1994-12-01,9
1994-12-03,1
1994-12-06,1
1994-12-07,1
1994-12-09,1
1994-12-11,3
1994-12-13,3
1994-12-14,4
1994-12-15,1
1994-12-16,1
1994-12-18,1
1994-12-24,1
1995-01-04,1
1995-01-06,1
1995-01-09,1
1995-01-22,1
1995-01-23,1
1995-01-24,2
1995-01-26,1
1995-01-30,1
1995-02-08,1
1995-02-09,2
1995-02-13,1
1995-02-15,3
1995-02-16,1
1995-02-17,10
1995-02-18,6
1995-02-19,8
1995-02-20,2
1995-02-21,10
1995-02-22,3
1995-02-23,5
1995-02-24,3
1995-02-25,1
1995-02-28,1
1995-03-01,1
1995-03-06,1
1995-03-14,1
1995-03-15,2
1995-03-17,1
1995-03-19,1
1995-03-21,3
1995-03-23,2
1995-03-24,1
1995-03-28,1
1995-03-31,1
1995-04-03,1
1995-04-05,1
1995-04-16,1
1995-04-19,1
1995-04-29,1
1995-05-05,1
1995-05-06,4
1995-05-07,1
1995-05-08,2
1995-05-09,3
1995-05-10,2
1995-05-11,2
1995-05-16,1
1995-05-21,2
1995-05-23,4
1995-05-25,1
1995-05-26,3
1995-06-05,1
1995-06-21,1
1995-06-23,1
1995-06-27,9
1995-06-28,3
1995-06-29,2
1995-06-30,1
1995-07-05,1
1995-07-06,1
1995-07-18,1
1995-07-20,6
1995-07-21,1
1995-07-22,1
1995-07-28,1
1995-08-02,2
1995-08-04,1
1995-08-05,1
1995-08-06,5
1995-08-07,1
1995-08-08,1
1995-08-09,2
1995-08-10,2
1995-08-11,3
1995-08-12,2
1995-08-13,1
1995-08-15,3
1995-08-16,4
1995-08-20,1
1995-08-21,1
1995-08-23,3
1995-08-29,4
1995-08-31,1
1995-09-07,1
1995-09-13,4
1995-09-14,2
1995-09-15,4
1995-09-18,2
1995-09-23,1
1995-09-24,2
1995-09-25,2
1995-09-26,3
1995-09-27,2
1995-09-28,3
1995-09-29,10
1995-09-30,1
1995-10-01,1
1995-10-04,3
1995-10-05,1
1995-10-06,2
1995-10-08,3
1995-10-11,3
1995-10-23,1
1995-10-24,3
1995-10-25,1
1995-10-26,6
1995-10-27,3
1995-10-28,4
1995-10-29,2
1995-10-30,15
1995-10-31,59
1995-11-01,84
1995-11-02,84
1995-11-03,147
1995-11-04,60
1995-11-05,116
1995-11-06,222
1995-11-07,172
1995-11-08,163
1995-11-09,228
1995-11-10,155
1995-11-11,164
1995-11-12,212
1995-11-13,195
1995-11-14,122
1995-11-15,137
1995-11-16,134
1995-11-17,117
1995-11-18,30
1995-11-19,57
1995-11-20,78
1995-11-21,98
1995-11-22,134
1995-11-23,146
1995-11-24,320
1995-11-25,201
1995-11-26,187
1995-11-27,326
1995-11-28,245
1995-11-29,434
1995-11-30,457
1995-12-01,382
1995-12-02,195
1995-12-03,200
1995-12-04,289
1995-12-05,216
1995-12-06,363
1995-12-07,388
1995-12-08,301
1995-12-09,163
1995-12-10,175
1995-12-11,283
1995-12-12,275
1995-12-13,212
1995-12-14,240
1995-12-15,243
1995-12-16,126
1995-12-17,171
1995-12-18,239
1995-12-19,285
1995-12-20,299
1995-12-21,294
1995-12-22,206
1995-12-23,141
1995-12-24,62
1995-12-25,96
1995-12-26,122
1995-12-27,161
1995-12-28,326
1995-12-29,471
1995-12-30,286
1995-12-31,241
1996-01-01,399
1996-01-02,448
1996-01-03,550
1996-01-04,586
1996-01-05,423
1996-01-06,348
1996-01-07,400
1996-01-08,591
1996-01-09,541
1996-01-10,402
1996-01-11,253
1996-01-12,307
1996-01-13,204
1996-01-14,189
1996-01-15,491
1996-01-16,556
1996-01-17,617
1996-01-18,681
1996-01-19,372
1996-01-20,131
1996-01-21,262
1996-01-22,740
1996-01-23,423
1996-01-24,279
1996-01-25,409
1996-01-26,422
1996-01-27,392
1996-01-28,433
1996-01-29,878
1996-01-30,727
1996-01-31,574
1996-02-01,543
1996-02-02,652
1996-02-03,351
1996-02-04,483
1996-02-05,513
1996-02-06,778
1996-02-07,885
1996-02-08,877
1996-02-09,671
1996-02-10,577
1996-02-11,474
1996-02-12,950
1996-02-13,1036
1996-02-14,937
1996-02-15,837
1996-02-16,681
1996-02-17,354
1996-02-18,465
1996-02-19,855
1996-02-20,827
1996-02-21,847
1996-02-22,859
1996-02-23,673
1996-02-24,367
1996-02-25,560
1996-02-26,755
1996-02-27,643
1996-02-28,1016
1996-02-29,1028
1996-03-01,1018
1996-03-02,408
1996-03-03,516
1996-03-04,428
1996-03-05,26
1996-03-06,34
1996-03-07,74
1996-03-08,72
1996-03-09,73
1996-03-10,16
1996-03-11,237
1996-03-12,278
1996-03-13,502
1996-03-14,884
1996-03-15,872
1996-03-16,388
1996-03-17,121
1996-03-18,383
1996-03-19,857
1996-03-20,978
1996-03-21,637
1996-03-22,691
1996-03-23,424
1996-03-24,491
1996-03-25,690
1996-03-26,849
1996-03-27,732
1996-03-28,755
1996-03-29,541
1996-03-30,279
1996-03-31,164
1996-04-01,432
1996-04-02,362
1996-04-03,453
1996-04-04,218
1996-04-05,203
1996-04-06,201
1996-04-07,261
1996-04-08,337
1996-04-09,697
1996-04-10,863
1996-04-11,826
1996-04-12,888
1996-04-13,669
1996-04-14,779
1996-04-15,1000
1996-04-16,1095
1996-04-17,878
1996-04-18,923
1996-04-19,896
1996-04-20,596
1996-04-21,530
1996-04-22,829
1996-04-23,792
1996-04-24,852
1996-04-25,897
1996-04-26,891
1996-04-27,467
1996-04-28,509
1996-04-29,840
1996-04-30,811
1996-05-01,462
1996-05-02,774
1996-05-03,709
1996-05-04,389
1996-05-05,534
1996-05-06,1011
1996-05-07,990
1996-05-08,890
1996-05-09,840
1996-05-10,872
1996-05-11,523
1996-05-12,524
1996-05-13,1016
1996-05-14,752
1996-05-15,709
1996-05-16,453
1996-05-17,280
1996-05-18,493
1996-05-19,496
1996-05-20,771
1996-05-21,767
1996-05-22,794
1996-05-23,851
1996-05-24,872
1996-05-25,471
1996-05-26,486
1996-05-27,475
1996-05-28,849
1996-05-29,933
1996-05-30,905
1996-05-31,918
1996-06-01,505
1996-06-02,701
1996-06-03,907
1996-06-04,838
1996-06-05,973
1996-06-06,768
1996-06-07,584
1996-06-08,424
1996-06-09,439
1996-06-10,871
1996-06-11,894
1996-06-12,905
1996-06-13,819
1996-06-14,547
1996-06-15,267
1996-06-16,235
1996-06-17,496
1996-06-18,466
1996-06-19,454
1996-06-20,486
1996-06-21,478
1996-06-22,390
1996-06-23,371
1996-06-24,511
1996-06-25,399
1996-06-26,276
1996-06-27,349
1996-06-28,400
1996-06-29,246
1996-06-30,271
1996-07-01,465
1996-07-02,526
1996-07-03,450
1996-07-04,461
1996-07-05,486
1996-07-06,235
1996-07-07,425
1996-07-08,656
1996-07-09,686
1996-07-10,527
1996-07-11,498
1996-07-12,519
1996-07-13,314
1996-07-14,247
1996-07-15,402
1996-07-16,502
1996-07-17,538
1996-07-18,371
1996-07-19,475
1996-07-20,219
1996-07-21,293
1996-07-22,431
1996-07-23,459
1996-07-24,495
1996-07-25,420
1996-07-26,365
1996-07-27,194
1996-07-28,412
1996-07-29,517
1996-07-30,522
1996-07-31,541
1996-08-01,512
1996-08-02,500
1996-08-03,373
1996-08-04,406
1996-08-05,670
1996-08-06,689
1996-08-07,820
1996-08-08,725
1996-08-09,522
1996-08-10,470
1996-08-11,535
1996-08-12,725
1996-08-13,713
1996-08-14,717
1996-08-15,677
1996-08-16,625
1996-08-17,445
1996-08-18,499
1996-08-19,676
1996-08-20,715
1996-08-21,858
1996-08-22,661
1996-08-23,683
1996-08-24,422
1996-08-25,460
1996-08-26,692
1996-08-27,753
1996-08-28,646
1996-08-29,632
1996-08-30,736
1996-08-31,604
1996-09-01,582
1996-09-02,877
1996-09-03,949
1996-09-04,887
1996-09-05,860
1996-09-06,734
1996-09-07,428
1996-09-08,477
1996-09-09,872
1996-09-10,710
1996-09-11,713
1996-09-12,701
1996-09-13,772
1996-09-14,386
1996-09-15,419
1996-09-16,744
1996-09-17,726
1996-09-18,798
1996-09-19,794
1996-09-20,785
1996-09-21,437
1996-09-22,526
1996-09-23,842
1996-09-24,863
1996-09-25,947
1996-09-26,995
1996-09-27,798
1996-09-28,617
1996-09-29,539
1996-09-30,803
1996-10-01,789
1996-10-02,797
1996-10-03,934
1996-10-04,875
1996-10-05,583
1996-10-06,558
1996-10-07,799
1996-10-08,831
1996-10-09,729
1996-10-10,786
1996-10-11,755
1996-10-12,511
1996-10-13,646
1996-10-14,916
1996-10-15,1111
1996-10-16,957
1996-10-17,971
1996-10-18,817
1996-10-19,666
1996-10-20,594
1996-10-21,901
1996-10-22,984
1996-10-23,913
1996-10-24,744
1996-10-25,579
1996-10-26,404
1996-10-27,521
1996-10-28,812
1996-10-29,876
1996-10-30,895
1996-10-31,833
1996-11-01,881
1996-11-02,649
1996-11-03,329
1996-11-04,988
1996-11-05,655
1996-11-06,837
1996-11-07,932
1996-11-08,826
1996-11-09,521
1996-11-10,515
1996-11-11,836
1996-11-12,1022
1996-11-13,824
1996-11-14,694
1996-11-15,682
1996-11-16,453
1996-11-17,593
1996-11-18,891
1996-11-19,845
1996-11-20,977
1996-11-21,997
1996-11-22,835
1996-11-23,634
1996-11-24,731
1996-11-25,1004
1996-11-26,1056
1996-11-27,1408
1996-11-28,1415
1996-11-29,1094
1996-11-30,694
1996-12-01,940
1996-12-02,1448
1996-12-03,1567
1996-12-04,1352
1996-12-05,460
1996-12-06,542
1996-12-07,297
1996-12-08,318
1996-12-09,365
1996-12-10,572
1996-12-11,445
1996-12-12,902
1996-12-13,575
1996-12-14,429
1996-12-15,219
1996-12-16,407
1996-12-17,604
1996-12-18,636
1996-12-19,332
1996-12-20,592
1996-12-21,435
1996-12-22,475
1996-12-23,478
1996-12-24,342
1996-12-25,344
1996-12-26,360
1996-12-27,456
1996-12-28,467
1996-12-29,348
1996-12-30,592
1996-12-31,517
1997-01-01,518
1997-01-02,836
1997-01-03,786
1997-01-04,757
1997-01-05,673
1997-01-06,927
1997-01-07,1029
1997-01-08,858
1997-01-09,1038
1997-01-10,1199
1997-01-11,797
1997-01-12,843
1997-01-13,1006
1997-01-14,963
1997-01-15,954
1997-01-16,801
1997-01-17,695
1997-01-18,787
1997-01-19,783
1997-01-20,888
1997-01-21,1095
1997-01-22,981
1997-01-23,1039
1997-01-24,900
1997-01-25,604
1997-01-26,549
1997-01-27,1033
1997-01-28,1033
1997-01-29,1192
1997-01-30,1029
1997-01-31,1076
1997-02-01,781
1997-02-02,881
1997-02-03,1184
1997-02-04,1334
1997-02-05,1144
1997-02-06,1016
1997-02-07,963
1997-02-08,778
1997-02-09,786
1997-02-10,1258
1997-02-11,1308
1997-02-12,1128
1997-02-13,1188
1997-02-14,1144
1997-02-15,501
1997-02-16,695
1997-02-17,1189
1997-02-18,1236
1997-02-19,988
1997-02-20,1067
1997-02-21,1044
1997-02-22,881
1997-02-23,945
1997-02-24,1311
1997-02-25,1113
1997-02-26,1239
1997-02-27,1023
1997-02-28,1077
1997-03-01,721
1997-03-02,758
1997-03-03,1321
1997-03-04,1185
1997-03-05,1057
1997-03-06,904
1997-03-07,895
1997-03-08,637
1997-03-09,747
1997-03-10,1159
1997-03-11,1197
1997-03-12,1106
1997-03-13,1134
1997-03-14,913
1997-03-15,535
1997-03-16,700
1997-03-17,982
1997-03-18,1126
1997-03-19,1086
1997-03-20,1040
1997-03-21,934
1997-03-22,548
1997-03-23,664
1997-03-24,612
1997-03-25,674
1997-03-26,519
1997-03-27,485
1997-03-28,425
1997-03-29,459
1997-03-30,605
1997-03-31,734
1997-04-01,1005
1997-04-02,1077
1997-04-03,1189
1997-04-04,1098
1997-04-05,759
1997-04-06,836
1997-04-07,1243
1997-04-08,1370
1997-04-09,1393
1997-04-10,1213
1997-04-11,1205
1997-04-12,707
1997-04-13,711
1997-04-14,870
1997-04-15,1088
1997-04-16,1247
1997-04-17,1206
1997-04-18,983
1997-04-19,756
1997-04-20,844
1997-04-21,1081
1997-04-22,988
1997-04-23,997
1997-04-24,875
1997-04-25,811
1997-04-26,715
1997-04-27,772
1997-04-28,971
1997-04-29,1086
1997-04-30,1194
1997-05-01,796
1997-05-02,914
1997-05-03,662
1997-05-04,891
1997-05-05,1167
1997-05-06,1083
1997-05-07,1198
1997-05-08,815
1997-05-09,932
1997-05-10,780
1997-05-11,1004
1997-05-12,1259
1997-05-13,712
1997-05-14,966
1997-05-15,936
1997-05-16,715
1997-05-17,458
1997-05-18,530
1997-05-19,592
1997-05-20,840
1997-05-21,893
1997-05-22,829
1997-05-23,1105
1997-05-24,1022
1997-05-25,981
1997-05-26,1198
1997-05-27,1464
1997-05-28,1278
1997-05-29,1142
1997-05-30,995
1997-05-31,745
1997-06-01,565
1997-06-02,757
1997-06-03,1112
1997-06-04,1003
1997-06-05,927
1997-06-06,1064
1997-06-07,665
1997-06-08,637
1997-06-09,812
1997-06-10,967
1997-06-11,811
1997-06-12,650
1997-06-13,692
1997-06-14,694
1997-06-15,868
1997-06-16,826
1997-06-17,805
1997-06-18,622
1997-06-19,677
1997-06-20,689
1997-06-21,501
1997-06-22,569
1997-06-23,687
1997-06-24,677
1997-06-25,694
1997-06-26,650
1997-06-27,631
1997-06-28,540
1997-06-29,622
1997-06-30,535
1997-07-01,621
1997-07-02,531
1997-07-03,673
1997-07-04,767
1997-07-05,433
1997-07-06,483
1997-07-07,625
1997-07-08,580
1997-07-09,477
1997-07-10,537
1997-07-11,418
1997-07-12,308
1997-07-13,336
1997-07-14,351
1997-07-15,500
1997-07-16,503
1997-07-17,270
1997-07-18,264
1997-07-19,142
1997-07-20,126
1997-07-21,213
1997-07-22,329
1997-07-23,745
1997-07-24,681
1997-07-25,660
1997-07-26,676
1997-07-27,999
1997-07-28,1417
1997-07-29,1484
1997-07-30,1719
1997-07-31,1245
1997-08-01,1149
1997-08-02,839
1997-08-03,838
1997-08-04,821
1997-08-05,822
1997-08-06,592
1997-08-07,597
1997-08-08,742
1997-08-09,555
1997-08-10,619
1997-08-11,839
1997-08-12,881
1997-08-13,902
1997-08-14,544
1997-08-15,642
1997-08-16,835
1997-08-17,910
1997-08-18,1149
1997-08-19,941
1997-08-20,643
1997-08-21,617
1997-08-22,639
1997-08-23,303
1997-08-24,536
1997-08-25,253
1997-08-26,162
1997-08-27,340
1997-08-28,778
1997-08-29,669
1997-08-30,295
1997-08-31,744
1997-09-01,515
1997-09-02,772
1997-09-03,1046
1997-09-04,662
1997-09-05,962
1997-09-06,870
1997-09-07,876
1997-09-08,1361
1997-09-09,1280
1997-09-10,1458
1997-09-11,1175
1997-09-12,1234
1997-09-13,807
1997-09-14,937
1997-09-15,1224
1997-09-16,1207
1997-09-17,1124
1997-09-18,837
1997-09-19,922
1997-09-20,574
1997-09-21,597
1997-09-22,1150
1997-09-23,1165
1997-09-24,1423
1997-09-25,1088
1997-09-26,1049
1997-09-27,774
1997-09-28,725
1997-09-29,1278
1997-09-30,1392
1997-10-01,1278
1997-10-02,1289
1997-10-03,1193
1997-10-04,686
1997-10-05,697
1997-10-06,1061
1997-10-07,1147
1997-10-08,1202
1997-10-09,925
1997-10-10,761
1997-10-11,644
1997-10-12,867
1997-10-13,1197
1997-10-14,1124
1997-10-15,1313
1997-10-16,1270
1997-10-17,1254
1997-10-18,729
1997-10-19,627
1997-10-20,930
1997-10-21,1031
1997-10-22,906
1997-10-23,670
1997-10-24,792
1997-10-25,686
1997-10-26,664
1997-10-27,998
1997-10-28,951
1997-10-29,926
1997-10-30,881
1997-10-31,1043
1997-11-01,666
1997-11-02,567
1997-11-03,772
1997-11-04,936
1997-11-05,903
1997-11-06,981
1997-11-07,1194
1997-11-08,983
1997-11-09,1069
1997-11-10,1513
1997-11-11,1409
1997-11-12,1322
1997-11-13,1147
1997-11-14,1271
1997-11-15,758
1997-11-16,762
1997-11-17,1018
1997-11-18,1446
1997-11-19,1630
1997-11-20,937
1997-11-21,928
1997-11-22,890
1997-11-23,1140
1997-11-24,1520
1997-11-25,1602
1997-11-26,1358
1997-11-27,1236
1997-11-28,1380
1997-11-29,1122
1997-11-30,1167
1997-12-01,1571
1997-12-02,1649
1997-12-03,1886
1997-12-04,1567
1997-12-05,1456
1997-12-06,984
1997-12-07,1155
1997-12-08,1416
1997-12-09,1269
1997-12-10,1332
1997-12-11,1401
1997-12-12,1313
1997-12-13,941
1997-12-14,901
1997-12-15,1340
1997-12-16,1440
1997-12-17,1311
1997-12-18,1178
1997-12-19,1014
1997-12-20,811
1997-12-21,820
1997-12-22,885
1997-12-23,734
1997-12-24,377
1997-12-25,378
1997-12-26,514
1997-12-27,653
1997-12-28,665
1997-12-29,821
1997-12-30,877
1997-12-31,635
1998-01-01,644
1998-01-02,1033
1998-01-03,997
1998-01-04,1186
1998-01-05,1527
1998-01-06,1374
1998-01-07,1528
1998-01-08,1329
1998-01-09,1294
1998-01-10,1079
1998-01-11,1262
1998-01-12,1696
1998-01-13,1590
1998-01-14,1770
1998-01-15,1482
1998-01-16,1567
1998-01-17,999
1998-01-18,1264
1998-01-19,1568
1998-01-20,1618
1998-01-21,1753
1998-01-22,1352
1998-01-23,1498
1998-01-24,1132
1998-01-25,1061
1998-01-26,1294
1998-01-27,1469
1998-01-28,1490
1998-01-29,1509
1998-01-30,1397
1998-01-31,1011
1998-02-01,1127
1998-02-02,1528
1998-02-03,1597
1998-02-04,1861
1998-02-05,1536
1998-02-06,1625
1998-02-07,1065
1998-02-08,1314
1998-02-09,1773
1998-02-10,1802
1998-02-11,1643
1998-02-12,1599
1998-02-13,1609
1998-02-14,1159
1998-02-15,1179
1998-02-16,1789
1998-02-17,1751
1998-02-18,1743
1998-02-19,1655
1998-02-20,1581
1998-02-21,1178
1998-02-22,1319
1998-02-23,1707
1998-02-24,1772
1998-02-25,1762
1998-02-26,1829
1998-02-27,1602
1998-02-28,1175
1998-03-01,1438
1998-03-02,1704
1998-03-03,1630
1998-03-04,2065
1998-03-05,1785
1998-03-06,1809
1998-03-07,1081
1998-03-08,1082
1998-03-09,1652
1998-03-10,1631
1998-03-11,1661
1998-03-12,1618
1998-03-13,1558
1998-03-14,1068
1998-03-15,1253
1998-03-16,1899
1998-03-17,1865
1998-03-18,1904
1998-03-19,1778
1998-03-20,1498
1998-03-21,1280
1998-03-22,1245
1998-03-23,1630
1998-03-24,1662
1998-03-25,1620
1998-03-26,1730
1998-03-27,1453
1998-03-28,933
1998-03-29,1009
1998-03-30,1731
1998-03-31,1778
1998-04-01,1840
1998-04-02,1808
1998-04-03,1693
1998-04-04,1040
1998-04-05,880
1998-04-06,1224
1998-04-07,1398
1998-04-08,1101
1998-04-09,696
1998-04-10,801
1998-04-11,814
1998-04-12,751
1998-04-13,1091
1998-04-14,1678
1998-04-15,1832
1998-04-16,1841
1998-04-17,1682
1998-04-18,1094
1998-04-19,1369
1998-04-20,1742
1998-04-21,1682
1998-04-22,1595
1998-04-23,1652
1998-04-24,1400
1998-04-25,941
1998-04-26,1158
1998-04-27,1536
1998-04-28,1699
1998-04-29,1693
1998-04-30,1423
1998-05-01,960
1998-05-02,992
1998-05-03,1128
1998-05-04,1549
1998-05-05,1803
1998-05-06,1947
1998-05-07,1836
1998-05-08,1455
1998-05-09,1034
1998-05-10,1338
1998-05-11,1915
1998-05-12,1652
1998-05-13,1800
1998-05-14,1798
1998-05-15,1484
1998-05-16,925
1998-05-17,684
1998-05-18,1485
1998-05-19,1794
1998-05-20,1671
1998-05-21,1293
1998-05-22,1546
1998-05-23,1430
1998-05-24,1607
1998-05-25,2023
1998-05-26,1802
1998-05-27,1626
1998-05-28,1687
1998-05-29,1588
1998-05-30,1013
1998-05-31,1082
1998-06-01,1478
1998-06-02,1827
1998-06-03,1938
1998-06-04,1968
1998-06-05,1630
1998-06-06,1094
1998-06-07,1318
1998-06-08,1952
1998-06-09,1929
1998-06-10,1863
1998-06-11,1600
1998-06-12,1429
1998-06-13,1075
1998-06-14,1027
1998-06-15,1480
1998-06-17,2005
1998-06-18,1630
1998-06-19,1533
1998-06-20,989
1998-06-21,1101
1998-06-22,1605
1998-06-23,1271
1998-06-24,1453
1998-06-25,1196
1998-06-26,1094
1998-06-27,700
1998-06-28,832
1998-06-29,1202
1998-06-30,1114
1998-07-01,1079
1998-07-02,1210
1998-07-03,1300
1998-07-04,327
1998-07-05,157
1998-07-06,989
1998-07-07,1238
1998-07-08,1175
1998-07-09,1235
1998-07-10,1101
1998-07-11,648
1998-07-12,666
1998-07-13,1141
1998-07-14,1327
1998-07-15,1475
1998-07-16,1622
1998-07-17,1233
1998-07-18,881
1998-07-19,1105
1998-07-20,1532
1998-07-21,1435
1998-07-22,1534
1998-07-23,1464
1998-07-24,1438
1998-07-25,1048
1998-07-26,897
1998-07-27,1585
1998-07-28,1532
1998-07-29,1726
1998-07-30,1630
1998-07-31,1394
1998-08-01,1083
1998-08-02,995
1998-08-03,1590
1998-08-04,1495
1998-08-05,1729
1998-08-06,1698
1998-08-07,1549
1998-08-08,1147
1998-08-09,1158
1998-08-10,1654
1998-08-11,1839
1998-08-12,1704
1998-08-13,1579
1998-08-14,1672
1998-08-15,1341
1998-08-16,1365
1998-08-17,1874
1998-08-18,1856
1998-08-19,2036
1998-08-20,2010
1998-08-21,1833
1998-08-22,1378
1998-08-23,1324
1998-08-24,1882
1998-08-25,1911
1998-08-26,1973
1998-08-27,1815
1998-08-28,1756
1998-08-29,756
1998-08-30,1252
1998-08-31,1769
1998-09-01,1799
1998-09-02,1579
1998-09-03,1507
1998-09-04,1732
1998-09-05,1217
1998-09-06,1144
1998-09-07,1904
1998-09-08,1852
1998-09-09,1803
1998-09-10,1572
1998-09-11,1568
1998-09-12,1211
1998-09-13,1466
1998-09-14,2093
1998-09-15,1871
1998-09-16,1824
1998-09-17,1794
1998-09-18,1725
1998-09-19,1150
1998-09-20,1280
1998-09-21,1928
1998-09-22,2093
1998-09-23,2080
1998-09-24,1973
1998-09-25,1779
1998-09-26,1204
1998-09-27,1556
1998-09-28,1905
1998-09-29,1967
1998-09-30,2079
1998-10-01,1855
1998-10-02,1684
1998-10-03,1030
1998-10-04,1035
1998-10-05,1729
1998-10-06,1836
1998-10-07,1785
1998-10-08,1847
1998-10-09,1551
1998-10-10,1504
1998-10-11,1559
1998-10-12,2376
1998-10-13,2571
1998-10-14,2179
1998-10-15,2229
1998-10-16,1944
1998-10-17,1662
1998-10-18,1798
1998-10-19,2210
1998-10-20,2098
1998-10-21,2336
1998-10-22,2152
1998-10-23,1996
1998-10-24,1445
1998-10-25,1858
1998-10-26,2015
1998-10-27,2089
1998-10-28,1976
1998-10-29,2139
1998-10-30,1876
1998-10-31,1487
1998-11-01,1566
1998-11-02,2169
1998-11-03,2239
1998-11-04,2287
1998-11-05,2240
1998-11-06,1880
1998-11-07,1565
1998-11-08,1769
1998-11-09,2537
1998-11-10,2160
1998-11-11,2510
1998-11-12,1959
1998-11-13,1827
1998-11-14,1417
1998-11-15,1679
1998-11-16,2044
1998-11-17,2049
1998-11-18,1990
1998-11-19,2145
1998-11-20,1944
1998-11-21,1343
1998-11-22,1800
1998-11-23,2002
1998-11-24,2010
1998-11-25,2350
1998-11-26,1989
1998-11-27,1942
1998-11-28,1274
1998-11-29,1423
1998-11-30,1860
1998-12-01,2087
1998-12-02,2082
1998-12-03,2069
1998-12-04,1999
1998-12-05,1535
1998-12-06,1536
1998-12-07,2072
1998-12-08,1877
1998-12-09,2004
1998-12-10,2196
1998-12-11,2149
1998-12-12,1391
1998-12-13,1756
1998-12-14,2074
1998-12-15,2196
1998-12-16,1991
1998-12-17,1915
1998-12-18,1793
1998-12-19,1216
1998-12-20,1217
1998-12-21,1521
1998-12-22,1338
1998-12-23,1219
1998-12-24,655
1998-12-25,752
1998-12-26,908
1998-12-27,1231
1998-12-28,1358
1998-12-29,1470
1998-12-30,1721
1998-12-31,1232
1999-01-01,1005
1999-01-02,1351
1999-01-03,1826
1999-01-04,2154
1999-01-05,2248
1999-01-06,2852
1999-01-07,2821
1999-01-08,2439
1999-01-09,2186
1999-01-10,2053
1999-01-11,2577
1999-01-12,2685
1999-01-13,2534
1999-01-14,2543
1999-01-15,2496
1999-01-16,1842
1999-01-17,2038
1999-01-18,2426
1999-01-19,2268
1999-01-20,2356
1999-01-21,2413
1999-01-22,2322
1999-01-23,1613
1999-01-24,1847
1999-01-25,2408
1999-01-26,2581
1999-01-27,2507
1999-01-28,2486
1999-01-29,2198
1999-01-30,1611
1999-01-31,1857
1999-02-01,2305
1999-02-02,2277
1999-02-03,2286
1999-02-04,2354
1999-02-05,2372
1999-02-06,1747
1999-02-07,2347
1999-02-08,2221
1999-02-09,2205
1999-02-10,2274
1999-02-11,2492
1999-02-12,2037
1999-02-13,1468
1999-02-14,1673
1999-02-15,2148
1999-02-16,2248
1999-02-17,2092
1999-02-18,2229
1999-02-19,1922
1999-02-20,1112
1999-02-21,1486
1999-02-22,1963
1999-02-23,2031
1999-02-24,1971
1999-02-25,2027
1999-02-26,1637
1999-02-27,1305
1999-02-28,1493
1999-03-01,1680
1999-03-02,1779
1999-03-03,2092
1999-03-04,1969
1999-03-05,1733
1999-03-06,1305
1999-03-07,1543
1999-03-08,2047
1999-03-09,2174
1999-03-10,2174
1999-03-11,2218
1999-03-12,1805
1999-03-13,1430
1999-03-14,2032
1999-03-15,2172
1999-03-16,2512
1999-03-17,814
1999-03-18,2290
1999-03-19,1810
1999-03-20,1278
1999-03-21,1531
1999-03-22,2073
1999-03-23,2696
1999-03-24,2461
1999-03-25,2194
1999-03-26,1848
1999-03-27,1183
1999-03-28,1204
1999-03-29,1789
1999-03-30,1628
1999-03-31,1408
1999-04-01,1023
1999-04-02,1082
1999-04-03,958
1999-04-04,982
1999-04-05,1684
1999-04-06,2172
1999-04-07,2256
1999-04-08,2261
1999-04-09,1958
1999-04-10,1483
1999-04-11,1785
1999-04-12,2041
1999-04-13,2112
1999-04-14,2172
1999-04-15,2023
1999-04-16,1826
1999-04-17,1405
1999-04-18,1658
1999-04-19,2068
1999-04-20,2363
1999-04-21,2367
1999-04-22,2184
1999-04-23,2127
1999-04-24,1369
1999-04-25,1328
1999-04-26,2381
1999-04-27,2266
1999-04-28,2619
1999-04-29,2275
1999-04-30,1997
1999-05-01,589
1999-05-02,1670
1999-05-03,2367
1999-05-04,2065
1999-05-05,1922
1999-05-06,2104
1999-05-07,1806
1999-05-08,1419
1999-05-09,1621
1999-05-10,2215
1999-05-11,2227
1999-05-12,2253
1999-05-13,1952
1999-05-14,1981
1999-05-15,1625
1999-05-16,1678
1999-05-17,987
1999-05-18,1775
1999-05-19,1847
1999-05-20,2073
1999-05-21,1795
1999-05-22,1239
1999-05-23,1328
1999-05-24,1671
1999-05-25,2087
1999-05-26,2057
1999-05-27,2001
1999-05-28,1853
1999-05-29,1387
1999-05-30,1702
1999-05-31,2181
1999-06-01,2413
1999-06-02,2132
1999-06-03,2153
1999-06-04,2166
1999-06-05,1491
1999-06-06,1662
1999-06-07,1854
1999-06-08,1875
1999-06-09,1855
1999-06-10,2006
1999-06-11,1809
1999-06-12,1306
1999-06-13,1371
1999-06-14,2080
1999-06-15,1905
1999-06-16,1948
1999-06-17,1932
1999-06-18,1516
1999-06-19,1043
1999-06-20,1271
1999-06-21,1762
1999-06-22,1613
1999-06-23,1415
1999-06-24,1607
1999-06-25,1319
1999-06-26,886
1999-06-27,1044
1999-06-28,1647
1999-06-29,1659
1999-06-30,1453
1999-07-01,1552
1999-07-02,1526
1999-07-03,1057
1999-07-04,982
1999-07-05,1514
1999-07-06,1547
1999-07-07,1679
1999-07-08,1751
1999-07-09,1701
1999-07-10,866
1999-07-11,869
1999-07-12,1451
1999-07-13,1430
1999-07-14,1493
1999-07-15,1444
1999-07-16,1501
1999-07-17,960
1999-07-18,1353
1999-07-19,1765
1999-07-20,2042
1999-07-21,2089
1999-07-22,2070
1999-07-23,1734
1999-07-24,1129
1999-07-25,1196
1999-07-26,1851
1999-07-27,1971
1999-07-28,1761
1999-07-29,1661
1999-07-30,1411
1999-07-31,1166
1999-08-01,1214
1999-08-02,1629
1999-08-03,1627
1999-08-04,1758
1999-08-05,1807
1999-08-06,1530
1999-08-07,1256
1999-08-08,1593
1999-08-09,2043
1999-08-10,1637
1999-08-11,1791
1999-08-12,2301
1999-08-13,2336
1999-08-14,1775
1999-08-15,1901
1999-08-16,2025
1999-08-17,2084
1999-08-18,1771
1999-08-19,1732
1999-08-20,1770
1999-08-21,975
1999-08-22,1085
1999-08-23,1772
1999-08-24,1901
1999-08-25,1869
1999-08-26,1836
1999-08-27,1296
1999-08-28,1088
1999-08-29,1237
1999-08-30,1927
1999-08-31,2128
1999-09-01,2225
1999-09-02,2197
1999-09-03,1843
1999-09-04,1144
1999-09-05,1213
1999-09-06,2077
1999-09-07,2094
1999-09-08,1944
1999-09-09,2039
1999-09-10,1524
1999-09-11,1109
1999-09-12,1374
1999-09-13,2036
1999-09-14,2203
1999-09-15,2146
1999-09-16,1732
1999-09-17,1758
1999-09-18,1112
1999-09-19,1445
1999-09-20,1957
1999-09-21,1920
1999-09-22,2163
1999-09-23,1902
1999-09-24,1525
1999-09-25,1151
1999-09-26,250
1999-09-27,1918
1999-09-28,2018
1999-09-29,1964
1999-09-30,1959
1999-10-01,1844
1999-10-02,1118
1999-10-03,1376
1999-10-04,2094
1999-10-05,2105
1999-10-06,2127
1999-10-07,1976
1999-10-08,2209
1999-10-09,1475
1999-10-10,1761
1999-10-11,2299
1999-10-12,2529
1999-10-13,2304
1999-10-14,2411
1999-10-15,2017
1999-10-16,32
1999-10-17,66
1999-10-18,2206
1999-10-19,2391
1999-10-20,2277
1999-10-21,2331
1999-10-22,1893
1999-10-23,1401
1999-10-24,1661
1999-10-25,2088
1999-10-26,2160
1999-10-27,2489
1999-10-28,2460
1999-10-29,2017
1999-10-30,1413
1999-10-31,1657
1999-11-01,2111
1999-11-02,2091
1999-11-03,2283
1999-11-04,2164
1999-11-05,2047
1999-11-06,1146
1999-11-07,1446
1999-11-08,2178
1999-11-09,2255
1999-11-10,2189
1999-11-11,2286
1999-11-12,2159
1999-11-13,1302
1999-11-14,1566
1999-11-15,2228
1999-11-16,2298
1999-11-17,2315
1999-11-18,2484
1999-11-19,2148
1999-11-20,1317
1999-11-21,1666
1999-11-22,2321
1999-11-23,2278
1999-11-24,2296
1999-11-25,2371
1999-11-26,2310
1999-11-27,1454
1999-11-28,1632
1999-11-29,2221
1999-11-30,2562
1999-12-01,2470
1999-12-02,2519
1999-12-03,2032
1999-12-04,1145
1999-12-05,1577
1999-12-06,2148
1999-12-07,2107
1999-12-08,2084
1999-12-09,2491
1999-12-10,2035
1999-12-11,1286
1999-12-12,1412
1999-12-13,2125
1999-12-14,2269
1999-12-15,2265
1999-12-16,2111
1999-12-17,1789
1999-12-18,1358
1999-12-19,1227
1999-12-20,1828
1999-12-21,1786
1999-12-22,1645
1999-12-23,1282
1999-12-24,496
1999-12-25,654
1999-12-26,785
1999-12-27,1094
1999-12-28,1253
1999-12-29,1413
1999-12-30,1284
1999-12-31,729
2000-01-01,794
2000-01-02,1265
2000-01-03,1845
2000-01-04,1941
2000-01-05,2223
2000-01-06,2335
2000-01-07,2130
2000-01-08,1475
2000-01-09,1734
2000-01-10,2015
2000-01-11,2347
2000-01-12,2559
2000-01-13,2212
2000-01-14,2069
2000-01-15,1155
2000-01-16,1604
2000-01-17,2064
2000-01-18,2092
2000-01-19,2251
2000-01-20,2177
2000-01-21,1934
2000-01-22,1238
2000-01-23,1486
2000-01-24,2059
2000-01-25,2281
2000-01-26,2411
2000-01-27,2557
2000-01-28,2045
2000-01-29,1295
2000-01-30,1562
2000-01-31,2315
2000-02-01,2158
2000-02-02,2020
2000-02-03,1740
2000-02-04,1767
2000-02-05,1132
2000-02-06,1281
2000-02-07,2156
2000-02-08,2310
2000-02-09,2306
2000-02-10,2173
2000-02-11,2038
2000-02-12,1390
2000-02-13,1383
2000-02-14,1863
2000-02-15,2124
2000-02-16,2075
2000-02-17,2120
2000-02-18,263
2000-02-19,824
2000-02-20,1210
2000-02-21,2400
2000-02-22,2483
2000-02-23,2431
2000-02-24,2577
2000-02-25,2132
2000-02-26,1644
2000-02-27,783
2000-02-28,2377
2000-02-29,2352
2000-03-01,2432
2000-03-02,1969
2000-03-03,1701
2000-03-04,1396
2000-03-05,1464
2000-03-06,2278
2000-03-07,2333
2000-03-08,2295
2000-03-09,2376
2000-03-10,1984
2000-03-11,1489
2000-03-12,1617
2000-03-13,1994
2000-03-14,2385
2000-03-15,2189
2000-03-16,2395
2000-03-17,2142
2000-03-18,1223
2000-03-19,1471
2000-03-20,1941
2000-03-21,2263
2000-03-22,2361
2000-03-23,2138
2000-03-24,2080
2000-03-25,1341
2000-03-26,1557
2000-03-27,2378
2000-03-28,2579
2000-03-29,2557
2000-03-30,2382
2000-03-31,2252
2000-04-01,1341
2000-04-02,1525
2000-04-03,2095
2000-04-04,2132
2000-04-05,2306
2000-04-06,2200
2000-04-07,2076
2000-04-08,1449
2000-04-09,1823
2000-04-10,2239
2000-04-11,2314
2000-04-12,2286
2000-04-13,2435
2000-04-14,2154
2000-04-15,1444
2000-04-16,1549
2000-04-17,2224
2000-04-18,1880
2000-04-19,1731
2000-04-20,1217
2000-04-21,1259
2000-04-22,1271
2000-04-23,1379
2000-04-24,1955
2000-04-25,2557
2000-04-26,2460
2000-04-27,2722
2000-04-28,2153
2000-04-29,1397
2000-04-30,1540
2000-05-01,2347
2000-05-02,2332
2000-05-03,2565
2000-05-04,2288
2000-05-05,2031
2000-05-06,1560
2000-05-07,1471
2000-05-08,2115
2000-05-09,2056
2000-05-10,2152
2000-05-11,2337
2000-05-12,1995
2000-05-13,1377
2000-05-14,1704
2000-05-15,2035
2000-05-16,1861
2000-05-17,1086
2000-05-18,2325
2000-05-19,2136
2000-05-20,890
2000-05-21,17
2000-05-22,2190
2000-05-23,2655
2000-05-24,2663
2000-05-25,2163
2000-05-26,2080
2000-05-27,1538
2000-05-28,1697
2000-05-29,2566
2000-05-30,2417
2000-05-31,2053
2000-06-01,1817
2000-06-02,1652
2000-06-03,1372
2000-06-04,1432
2000-06-05,2080
2000-06-06,2240
2000-06-07,2015
2000-06-08,2029
2000-06-09,1758
2000-06-10,878
2000-06-11,12
2000-06-12,1272
2000-06-13,2185
2000-06-14,2286
2000-06-15,2101
2000-06-16,2119
2000-06-17,1168
2000-06-18,1752
2000-06-19,2597
2000-06-20,2076
2000-06-21,2433
2000-06-22,2053
2000-06-23,1614
2000-06-24,948
2000-06-25,1386
2000-06-26,1697
2000-06-27,1875
2000-06-28,2098
2000-06-29,1909
2000-06-30,1564
2000-07-01,1124
2000-07-02,1187
2000-07-03,2010
2000-07-04,2003
2000-07-05,1928
2000-07-06,1840
2000-07-07,1503
2000-07-08,1028
2000-07-09,1027
2000-07-10,1629
2000-07-11,1731
2000-07-12,1923
2000-07-13,1783
2000-07-14,1716
2000-07-15,1041
2000-07-16,1211
2000-07-17,1654
2000-07-18,1767
2000-07-19,1552
2000-07-20,1526
2000-07-21,1481
2000-07-22,1009
2000-07-23,1113
2000-07-24,1369
2000-07-25,1648
2000-07-26,1774
2000-07-27,1776
2000-07-28,1617
2000-07-29,996
2000-07-30,1063
2000-07-31,1689
2000-08-01,1775
2000-08-02,1861
2000-08-03,1845
2000-08-04,1605
2000-08-05,1074
2000-08-06,1269
2000-08-07,1828
2000-08-08,1999
2000-08-09,2183
2000-08-10,2415
2000-08-11,2735
2000-08-12,1229
2000-08-13,1372
2000-08-14,2228
2000-08-15,2047
2000-08-16,1856
2000-08-17,1721
2000-08-18,1903
2000-08-19,1286
2000-08-20,1511
2000-08-21,2280
2000-08-22,2342
2000-08-23,2554
2000-08-24,2677
2000-08-25,2268
2000-08-26,1275
2000-08-27,1467
2000-08-28,2111
2000-08-29,1969
2000-08-30,2079
2000-08-31,1921
2000-09-01,1882
2000-09-02,1126
2000-09-03,977
2000-09-04,33
2000-09-05,1629
2000-09-06,2356
2000-09-07,2182
2000-09-08,2104
2000-09-09,1522
2000-09-10,1681
2000-09-11,2555
2000-09-12,2586
2000-09-13,2856
2000-09-14,2702
2000-09-15,2433
2000-09-16,1341
2000-09-17,1611
2000-09-18,2454
2000-09-19,2376
2000-09-20,2035
2000-09-21,2128
2000-09-22,2056
2000-09-23,1317
2000-09-24,1440
2000-09-25,2034
2000-09-26,1811
2000-09-27,2139
2000-09-28,2379
2000-09-29,2346
2000-09-30,1253
2000-10-01,1447
2000-10-02,2506
2000-10-03,2670
2000-10-04,2593
2000-10-05,2264
2000-10-06,2195
2000-10-07,1265
2000-10-08,1672
2000-10-09,2202
2000-10-10,2218
2000-10-11,2241
2000-10-12,2559
2000-10-13,2127
2000-10-14,1290
2000-10-15,1676
2000-10-16,2496
2000-10-17,2770
2000-10-18,2547
2000-10-19,2347
2000-10-20,2048
2000-10-21,1163
2000-10-22,1197
2000-10-23,2553
2000-10-24,2171
2000-10-25,2221
2000-10-26,2334
2000-10-27,2211
2000-10-28,1305
2000-10-29,1825
2000-10-30,2224
2000-10-31,2170
2000-11-01,2241
2000-11-02,2185
2000-11-03,2326
2000-11-04,1475
2000-11-05,1379
2000-11-06,2474
2000-11-07,3241
2000-11-08,3010
2000-11-09,2972
2000-11-10,2539
2000-11-11,1410
2000-11-12,1681
2000-11-13,2750
2000-11-14,2128
2000-11-15,2724
2000-11-16,2427
2000-11-17,2197
2000-11-18,1276
2000-11-19,1594
2000-11-20,2353
2000-11-21,2645
2000-11-22,2620
2000-11-23,3028
2000-11-24,2366
2000-11-25,1561
2000-11-26,1642
2000-11-27,2593
2000-11-28,3331
2000-11-29,3213
2000-11-30,2935
2000-12-01,2775
2000-12-02,1629
2000-12-03,1823
2000-12-04,2768
2000-12-05,2688
2000-12-06,3105
2000-12-07,3087
2000-12-08,1988
2000-12-09,1704
2000-12-10,1889
2000-12-11,2820
2000-12-12,2784
2000-12-13,2788
2000-12-14,2639
2000-12-15,2061
2000-12-16,1671
2000-12-17,1838
2000-12-18,2363
2000-12-19,2237
2000-12-20,2133
2000-12-21,2429
2000-12-22,2502
2000-12-23,1588
2000-12-24,880
2000-12-25,929
2000-12-26,1216
2000-12-27,1089
2000-12-28,1297
2000-12-29,1625
2000-12-30,1340
2000-12-31,1218
2001-01-01,1394
2001-01-02,2454
2001-01-03,2820
2001-01-04,2830
2001-01-05,2438
2001-01-06,1527
2001-01-07,1720
2001-01-08,2440
2001-01-09,2540
2001-01-10,2763
2001-01-11,2411
2001-01-12,2409
2001-01-13,1684
2001-01-14,2261
2001-01-15,2816
2001-01-16,2705
2001-01-17,2688
2001-01-18,2576
2001-01-19,2400
2001-01-20,1764
2001-01-21,1803
2001-01-22,2536
2001-01-23,2600
2001-01-24,2502
2001-01-25,2604
2001-01-26,2271
2001-01-27,1365
2001-01-28,1940
2001-01-29,2691
2001-01-30,2483
2001-01-31,2468
2001-02-01,2313
2001-02-02,2280
2001-02-03,1521
2001-02-04,1686
2001-02-05,2494
2001-02-06,779
2001-02-07,2057
2001-02-08,2032
2001-02-09,2071
2001-02-10,1548
2001-02-11,1613
2001-02-12,2126
2001-02-13,2179
2001-02-14,2132
2001-02-15,2097
2001-02-16,2040
2001-02-17,1580
2001-02-18,1893
2001-02-19,2429
2001-02-20,2671
2001-02-21,2542
2001-02-22,2614
2001-02-23,2103
2001-02-24,1669
2001-02-25,1961
2001-02-26,2543
2001-02-27,1582
2001-02-28,2425
2001-03-01,2311
2001-03-02,2036
2001-03-03,1430
2001-03-04,1511
2001-03-05,2350
2001-03-06,2410
2001-03-07,2470
2001-03-08,2604
2001-03-09,2083
2001-03-10,1442
2001-03-11,1806
2001-03-12,2476
2001-03-13,2268
2001-03-14,2528
2001-03-15,2428
2001-03-16,2515
2001-03-17,1263
2001-03-18,1448
2001-03-19,2245
2001-03-20,2165
2001-03-21,2440
2001-03-22,2434
2001-03-23,2063
2001-03-24,1238
2001-03-25,1446
2001-03-26,2355
2001-03-27,2270
2001-03-28,2307
2001-03-29,2294
2001-03-30,2432
2001-03-31,1445
2001-04-01,1630
2001-04-02,2355
2001-04-03,2256
2001-04-04,2169
2001-04-05,2103
2001-04-06,2092
2001-04-07,1132
2001-04-08,984
2001-04-09,1200
2001-04-10,1203
2001-04-11,1242
2001-04-12,904
2001-04-13,809
2001-04-14,862
2001-04-15,1079
2001-04-16,1533
2001-04-17,2349
2001-04-18,2418
2001-04-19,2425
2001-04-20,2521
2001-04-21,1518
2001-04-22,1785
2001-04-23,2475
2001-04-24,2725
2001-04-25,2565
2001-04-26,2565
2001-04-27,2139
2001-04-28,1482
2001-04-29,1773
2001-04-30,2221
2001-05-01,1864
2001-05-02,2285
2001-05-03,2341
2001-05-04,1958
2001-05-05,1583
2001-05-06,1541
2001-05-07,2390
2001-05-08,2276
2001-05-09,2378
2001-05-10,2370
2001-05-11,1978
2001-05-12,1301
2001-05-13,1526
2001-05-14,2285
2001-05-15,2100
2001-05-16,2073
2001-05-17,1172
2001-05-18,2047
2001-05-19,1658
2001-05-20,1694
2001-05-21,2292
2001-05-22,2269
2001-05-23,2427
2001-05-24,1734
2001-05-25,2203
2001-05-26,1490
2001-05-27,1498
2001-05-28,2082
2001-05-29,2601
2001-05-30,2208
2001-05-31,2093
2001-06-01,2059
2001-06-02,1144
2001-06-03,1122
2001-06-04,1481
2001-06-05,2014
2001-06-06,2141
2001-06-07,2073
2001-06-08,1840
2001-06-09,1426
2001-06-10,1602
2001-06-11,2266
2001-06-12,2165
2001-06-13,2325
2001-06-14,1817
2001-06-15,1879
2001-06-16,1107
2001-06-17,1364
2001-06-18,1938
2001-06-19,1728
2001-06-20,1763
2001-06-21,1916
2001-06-22,1544
2001-06-23,801
2001-06-24,952
2001-06-25,1516
2001-06-26,1602
2001-06-27,1476
2001-06-28,1603
2001-06-29,1643
2001-06-30,1166
2001-07-01,1215
2001-07-02,1567
2001-07-03,1678
2001-07-04,1475
2001-07-05,1546
2001-07-06,1330
2001-07-07,830
2001-07-08,822
2001-07-09,1508
2001-07-10,1783
2001-07-11,1802
2001-07-12,1972
2001-07-13,1900
2001-07-14,1106
2001-07-15,1119
2001-07-16,1589
2001-07-17,1442
2001-07-18,1533
2001-07-19,1610
2001-07-20,1517
2001-07-21,849
2001-07-22,1047
2001-07-23,1303
2001-07-24,1252
2001-07-25,1670
2001-07-26,1679
2001-07-27,1515
2001-07-28,1040
2001-07-29,1194
2001-07-30,1839
2001-07-31,1940
2001-08-01,2007
2001-08-02,1982
2001-08-03,2190
2001-08-04,1347
2001-08-05,1356
2001-08-06,2247
2001-08-07,2299
2001-08-08,2271
2001-08-09,2151
2001-08-10,2223
2001-08-11,1442
2001-08-12,1786
2001-08-13,2420
2001-08-14,2389
2001-08-15,2614
2001-08-16,2350
2001-08-17,2054
2001-08-18,1168
2001-08-19,1475
2001-08-20,2125
2001-08-21,2058
2001-08-22,2131
2001-08-23,2063
2001-08-24,2029
2001-08-25,1391
2001-08-26,1842
2001-08-27,2378
2001-08-28,2552
2001-08-29,2310
2001-08-30,2559
2001-08-31,2331
2001-09-01,1434
2001-09-02,1635
2001-09-03,2553
2001-09-04,2453
2001-09-05,2510
2001-09-06,2413
2001-09-07,2000
2001-09-08,1464
2001-09-09,1853
2001-09-10,2408
2001-09-11,1942
2001-09-12,2022
2001-09-13,2245
2001-09-14,2042
2001-09-15,1608
2001-09-16,1933
2001-09-17,2794
2001-09-18,2511
2001-09-19,2668
2001-09-20,2569
2001-09-21,2147
2001-09-22,1294
2001-09-23,2270
2001-09-24,2608
2001-09-25,2442
2001-09-26,2443
2001-09-27,2763
2001-09-28,2569
2001-09-29,1565
2001-09-30,1989
2001-10-01,2489
2001-10-02,2336
2001-10-03,2366
2001-10-04,2365
2001-10-05,2526
2001-10-06,1621
2001-10-07,2273
2001-10-08,2588
2001-10-09,2714
2001-10-10,2145
2001-10-11,2011
2001-10-12,1940
2001-10-13,1253
2001-10-14,1640
2001-10-15,2507
2001-10-16,2295
2001-10-17,2417
2001-10-18,2159
2001-10-19,2363
2001-10-20,1533
2001-10-21,1526
2001-10-22,2703
2001-10-23,2462
2001-10-24,2710
2001-10-25,2283
2001-10-26,2175
2001-10-27,1351
2001-10-28,1592
2001-10-29,2772
2001-10-30,2893
2001-10-31,3070
2001-11-01,2424
2001-11-02,2416
2001-11-03,1559
2001-11-04,1870
2001-11-05,2702
2001-11-06,2595
2001-11-07,2542
2001-11-08,2366
2001-11-09,2044
2001-11-10,1715
2001-11-11,1773
2001-11-12,2163
2001-11-13,2361
2001-11-14,2661
2001-11-15,2587
2001-11-16,2313
2001-11-17,1614
2001-11-18,1693
2001-11-19,2744
2001-11-20,2682
2001-11-21,2697
2001-11-22,2345
2001-11-23,2229
2001-11-24,1582
2001-11-25,2304
2001-11-26,2594
2001-11-27,2637
2001-11-28,2263
2001-11-29,2122
2001-11-30,1900
2001-12-01,1425
2001-12-02,1793
2001-12-03,2191
2001-12-04,2215
2001-12-05,2047
2001-12-06,2412
2001-12-07,2040
2001-12-08,1528
2001-12-09,1942
2001-12-10,2320
2001-12-11,2239
2001-12-12,1826
2001-12-13,2169
2001-12-14,1859
2001-12-15,1163
2001-12-16,1529
2001-12-17,2032
2001-12-18,2180
2001-12-19,2023
2001-12-20,2001
2001-12-21,1842
2001-12-22,1162
2001-12-23,1059
2001-12-24,655
2001-12-25,738
2001-12-26,999
2001-12-27,1254
2001-12-28,1390
2001-12-29,1308
2001-12-30,1558
2001-12-31,1395
2002-01-01,1508
2002-01-02,2151
2002-01-03,2490
2002-01-04,2692
2002-01-05,2055
2002-01-06,2395
2002-01-07,2545
2002-01-08,2460
2002-01-09,2676
2002-01-10,2608
2002-01-11,2082
2002-01-12,1657
2002-01-13,1947
2002-01-14,2638
2002-01-15,2094
2002-01-16,2039
2002-01-17,2156
2002-01-18,2301
2002-01-19,1821
2002-01-20,1777
2002-01-21,2191
2002-01-22,2467
2002-01-23,2403
2002-01-24,2516
2002-01-25,2491
2002-01-26,1639
2002-01-27,1803
2002-01-28,2570
2002-01-29,2547
2002-01-30,2622
2002-01-31,2206
2002-02-01,2011
2002-02-02,1539
2002-02-03,1979
2002-02-04,2682
2002-02-05,3185
2002-02-06,2857
2002-02-07,2719
2002-02-08,2043
2002-02-09,1867
2002-02-10,1995
2002-02-11,2956
2002-02-12,2679
2002-02-13,2335
2002-02-14,2342
2002-02-15,1948
2002-02-16,1326
2002-02-17,1534
2002-02-18,2162
2002-02-19,1899
2002-02-20,1963
2002-02-21,2118
2002-02-22,2057
2002-02-23,1365
2002-02-24,1486
2002-02-25,2051
2002-02-26,2076
2002-02-27,2169
2002-02-28,1869
2002-03-01,1806
2002-03-02,1178
2002-03-03,1675
2002-03-04,2587
2002-03-05,2388
2002-03-06,2341
2002-03-07,2150
2002-03-08,2158
2002-03-09,1614
2002-03-10,1852
2002-03-11,2347
2002-03-12,2292
2002-03-13,2468
2002-03-14,2208
2002-03-15,1849
2002-03-16,1293
2002-03-17,1582
2002-03-18,2290
2002-03-19,2329
2002-03-20,2425
2002-03-21,2206
2002-03-22,1729
2002-03-23,954
2002-03-24,1178
2002-03-25,1736
2002-03-26,1578
2002-03-27,1317
2002-03-28,1240
2002-03-29,1132
2002-03-30,909
2002-03-31,1262
2002-04-01,1808
2002-04-02,2579
2002-04-03,3110
2002-04-04,2437
2002-04-05,2140
2002-04-06,1414
2002-04-07,1425
2002-04-08,2276
2002-04-09,2743
2002-04-10,2310
2002-04-11,2262
2002-04-12,2051
2002-04-13,1274
2002-04-14,1649
2002-04-15,2078
2002-04-16,2194
2002-04-17,2177
2002-04-18,2296
2002-04-19,1993
2002-04-20,1401
2002-04-21,1790
2002-04-22,2354
2002-04-23,2442
2002-04-24,2654
2002-04-25,2640
2002-04-26,2014
2002-04-27,1388
2002-04-28,1395
2002-04-29,2010
2002-04-30,2245
2002-05-01,1951
2002-05-02,2662
2002-05-03,2376
2002-05-04,1664
2002-05-05,1831
2002-05-06,2669
2002-05-07,2381
2002-05-08,2154
2002-05-09,1914
2002-05-10,1772
2002-05-11,1330
2002-05-12,1883
2002-05-13,2330
2002-05-14,2214
2002-05-15,2162
2002-05-16,1769
2002-05-17,1031
2002-05-18,1081
2002-05-19,1183
2002-05-20,1285
2002-05-21,1994
2002-05-22,2092
2002-05-23,2141
2002-05-24,2140
2002-05-25,1665
2002-05-26,1849
2002-05-27,2062
2002-05-28,2407
2002-05-29,2405
2002-05-30,2103
2002-05-31,1956
2002-06-01,1234
2002-06-02,1338
2002-06-03,2051
2002-06-04,2019
2002-06-05,2022
2002-06-06,1986
2002-06-07,1802
2002-06-08,1301
2002-06-09,1223
2002-06-10,2075
2002-06-11,2423
2002-06-12,2549
2002-06-13,2247
2002-06-14,2104
2002-06-15,1268
2002-06-16,1565
2002-06-17,2278
2002-06-18,2240
2002-06-19,2270
2002-06-20,2041
2002-06-21,1971
2002-06-22,1345
2002-06-23,1419
2002-06-24,1836
2002-06-25,1924
2002-06-26,1850
2002-06-27,1756
2002-06-28,1497
2002-06-29,953
2002-06-30,1275
2002-07-01,1509
2002-07-02,1670
2002-07-03,1830
2002-07-04,1720
2002-07-05,1336
2002-07-06,864
2002-07-07,1053
2002-07-08,1456
2002-07-09,1338
2002-07-10,1535
2002-07-11,1617
2002-07-12,1488
2002-07-13,906
2002-07-14,895
2002-07-15,1368
2002-07-16,1334
2002-07-17,1337
2002-07-18,1428
2002-07-19,1476
2002-07-20,896
2002-07-21,1281
2002-07-22,1967
2002-07-23,1839
2002-07-24,1942
2002-07-25,1807
2002-07-26,1767
2002-07-27,1199
2002-07-28,1189
2002-07-29,1798
2002-07-30,1894
2002-07-31,1544
2002-08-01,1478
2002-08-02,1581
2002-08-03,996
2002-08-04,1065
2002-08-05,2101
2002-08-06,110
2002-08-08,9
2002-08-09,14
2002-08-10,1294
2002-08-11,1782
2002-08-12,2440
2002-08-13,2625
2002-08-14,2664
2002-08-15,2441
2002-08-16,2480
2002-08-17,1519
2002-08-18,1749
2002-08-19,2674
2002-08-20,2600
2002-08-21,2633
2002-08-22,2618
2002-08-23,2686
2002-08-24,1445
2002-08-25,1698
2002-08-26,2760
2002-08-27,2657
2002-08-28,2894
2002-08-29,2904
2002-08-30,2488
2002-08-31,1658
2002-09-01,1782
2002-09-02,2197
2002-09-03,2655
2002-09-04,2469
2002-09-05,2466
2002-09-06,2174
2002-09-07,2115
2002-09-08,1815
2002-09-09,2505
2002-09-10,2486
2002-09-11,2480
2002-09-12,2285
2002-09-13,1919
2002-09-14,1253
2002-09-15,1485
2002-09-16,2014
2002-09-17,2101
2002-09-18,2316
2002-09-19,2363
2002-09-20,1962
2002-09-21,1204
2002-09-22,1379
2002-09-23,1856
2002-09-24,2352
2002-09-25,2386
2002-09-26,2370
2002-09-27,1845
2002-09-28,1367
2002-09-29,1473
2002-09-30,2297
2002-10-01,2151
2002-10-02,2194
2002-10-03,2413
2002-10-04,2305
2002-10-05,1280
2002-10-06,1523
2002-10-07,2101
2002-10-08,2129
2002-10-09,2080
2002-10-10,2121
2002-10-11,1952
2002-10-12,1307
2002-10-13,1290
2002-10-14,2170
2002-10-15,2424
2002-10-16,2162
2002-10-17,2170
2002-10-18,1918
2002-10-19,1470
2002-10-20,1705
2002-10-21,2514
2002-10-22,2342
2002-10-23,2439
2002-10-24,2052
2002-10-25,1648
2002-10-26,1076
2002-10-27,1690
2002-10-28,1656
2002-10-29,2130
2002-10-30,2047
2002-10-31,1933
2002-11-01,1964
2002-11-02,1219
2002-11-03,1650
2002-11-04,1900
2002-11-05,1697
2002-11-06,2334
2002-11-07,2036
2002-11-08,1872
2002-11-09,1127
2002-11-10,1435
2002-11-11,2003
2002-11-12,2087
2002-11-13,1943
2002-11-14,2086
2002-11-15,1524
2002-11-16,1377
2002-11-17,1497
2002-11-18,1914
2002-11-19,2046
2002-11-20,1878
2002-11-21,1568
2002-11-22,1413
2002-11-23,1232
2002-11-24,1253
2002-11-25,1999
2002-11-26,2282
2002-11-27,1949
2002-11-28,1838
2002-11-29,1644
2002-11-30,1227
2002-12-01,1559
2002-12-02,2174
2002-12-03,2290
2002-12-04,1850
2002-12-05,2008
2002-12-06,1688
2002-12-07,1181
2002-12-08,1437
2002-12-09,2122
2002-12-10,2249
2002-12-11,1753
2002-12-12,2174
2002-12-13,1874
2002-12-14,1291
2002-12-15,1451
2002-12-16,1921
2002-12-17,2196
2002-12-18,1727
2002-12-19,1779
2002-12-20,1328
2002-12-21,970
2002-12-22,1075
2002-12-23,1279
2002-12-24,584
2002-12-25,664
2002-12-26,883
2002-12-27,1271
2002-12-28,1329
2002-12-29,1475
2002-12-30,1592
2002-12-31,1457
2003-01-01,1318
2003-01-02,1879
2003-01-03,1801
2003-01-04,1635
2003-01-05,1998
2003-01-06,2383
2003-01-07,2338
2003-01-08,2247
2003-01-09,2262
2003-01-10,2215
2003-01-11,1971
2003-01-12,2223
2003-01-13,2562
2003-01-14,2557
2003-01-15,2447
2003-01-16,2586
2003-01-17,2349
2003-01-18,1484
2003-01-19,1763
2003-01-20,2460
2003-01-21,2867
2003-01-22,2762
2003-01-23,2304
2003-01-24,1834
2003-01-25,1446
2003-01-26,1706
2003-01-27,2136
2003-01-28,2375
2003-01-29,2361
2003-01-30,2460
2003-01-31,2046
2003-02-01,1711
2003-02-02,1963
2003-02-03,2471
2003-02-04,2637
2003-02-05,2642
2003-02-06,2269
2003-02-07,1870
2003-02-08,1725
2003-02-09,1520
2003-02-10,2119
2003-02-11,1917
2003-02-12,2293
2003-02-13,2258
2003-02-14,2019
2003-02-15,1597
2003-02-16,1910
2003-02-17,2140
2003-02-18,2196
2003-02-19,2123
2003-02-20,2304
2003-02-21,2069
2003-02-22,1289
2003-02-23,1566
2003-02-24,2219
2003-02-25,2272
2003-02-26,2157
2003-02-27,1786
2003-02-28,1647
2003-03-01,1429
2003-03-02,1729
2003-03-03,2113
2003-03-04,2356
2003-03-05,2286
2003-03-06,2285
2003-03-07,2092
2003-03-08,1488
2003-03-09,1733
2003-03-10,2175
2003-03-11,2257
2003-03-12,2261
2003-03-13,2197
2003-03-14,1783
2003-03-15,1427
2003-03-16,1542
2003-03-17,2074
2003-03-18,1489
2003-03-19,1745
2003-03-20,1683
2003-03-21,1403
2003-03-22,970
2003-03-23,1546
2003-03-24,1844
2003-03-25,2393
2003-03-26,2306
2003-03-27,1906
2003-03-28,1727
2003-03-29,1327
2003-03-30,1360
2003-03-31,2282
2003-04-01,2760
2003-04-02,2254
2003-04-03,2179
2003-04-04,1912
2003-04-05,1370
2003-04-06,1298
2003-04-07,1893
2003-04-08,1820
2003-04-09,1934
2003-04-10,1461
2003-04-11,1305
2003-04-12,1095
2003-04-13,958
2003-04-14,1265
2003-04-15,1132
2003-04-16,1087
2003-04-17,842
2003-04-18,809
2003-04-19,835
2003-04-20,1053
2003-04-21,1255
2003-04-22,1523
2003-04-23,1897
2003-04-24,1747
2003-04-25,1636
2003-04-26,1321
2003-04-27,1408
2003-04-28,1748
2003-04-29,1783
2003-04-30,1747
2003-05-01,1580
2003-05-02,1555
2003-05-03,1168
2003-05-04,1421
2003-05-05,1758
2003-05-06,1813
2003-05-07,1776
2003-05-08,2241
2003-05-09,1802
2003-05-10,1338
2003-05-11,1507
2003-05-12,1977
2003-05-13,1970
2003-05-14,1897
2003-05-15,1892
2003-05-16,1553
2003-05-17,860
2003-05-18,1072
2003-05-19,1432
2003-05-20,1574
2003-05-21,1695
2003-05-22,1670
2003-05-23,1629
2003-05-24,1123
2003-05-25,1439
2003-05-26,1797
2003-05-27,1981
2003-05-28,1908
2003-05-29,1894
2003-05-30,1469
2003-05-31,1049
2003-06-01,1392
2003-06-02,1619
2003-06-03,2025
2003-06-04,1796
2003-06-05,1909
2003-06-06,1418
2003-06-07,957
2003-06-08,1097
2003-06-09,1419
2003-06-10,1887
2003-06-11,1807
2003-06-12,1843
2003-06-13,1629
2003-06-14,1301
2003-06-15,1282
2003-06-16,1712
2003-06-17,2030
2003-06-18,2094
2003-06-19,2067
2003-06-20,1759
2003-06-21,1019
2003-06-22,1100
2003-06-23,1239
2003-06-24,1430
2003-06-25,1555
2003-06-26,1621
2003-06-27,1356
2003-06-28,1179
2003-06-29,1182
2003-06-30,1549
2003-07-01,1745
2003-07-02,1798
2003-07-03,1524
2003-07-04,1478
2003-07-05,834
2003-07-06,1064
2003-07-07,1399
2003-07-08,1799
2003-07-09,2055
2003-07-10,1875
2003-07-11,1853
2003-07-12,1286
2003-07-13,1254
2003-07-14,1474
2003-07-15,1645
2003-07-16,1643
2003-07-17,1603
2003-07-18,1625
2003-07-19,1130
2003-07-20,1328
2003-07-21,1829
2003-07-22,1740
2003-07-23,1715
2003-07-24,1648
2003-07-25,1606
2003-07-26,1237
2003-07-27,1513
2003-07-28,1748
2003-07-29,1860
2003-07-30,1972
2003-07-31,1788
2003-08-01,1535
2003-08-02,1213
2003-08-03,1261
2003-08-04,1783
2003-08-05,1729
2003-08-06,1813
2003-08-07,1808
2003-08-08,1463
2003-08-09,967
2003-08-10,1107
2003-08-11,1786
2003-08-12,1969
2003-08-13,2083
2003-08-14,2042
2003-08-15,1641
2003-08-16,1458
2003-08-17,1359
2003-08-18,2040
2003-08-19,1908
2003-08-20,2356
2003-08-21,2228
2003-08-22,2157
2003-08-23,1422
2003-08-24,1546
2003-08-25,2183
2003-08-26,2068
2003-08-27,2176
2003-08-28,2269
2003-08-29,1901
2003-08-30,1309
2003-08-31,1633
2003-09-01,2257
2003-09-02,2121
2003-09-03,2155
2003-09-04,1744
2003-09-05,1892
2003-09-06,1299
2003-09-07,1659
2003-09-08,2140
2003-09-09,2135
2003-09-10,2446
2003-09-11,2036
2003-09-12,1943
2003-09-13,1222
2003-09-14,1729
2003-09-15,2153
2003-09-16,1829
2003-09-17,1923
2003-09-18,1829
2003-09-19,1758
2003-09-20,1069
2003-09-21,1435
2003-09-22,2244
2003-09-23,2056
2003-09-24,1984
2003-09-25,1872
2003-09-26,1666
2003-09-27,1191
2003-09-28,1610
2003-09-29,2213
2003-09-30,2188
2003-10-01,2180
2003-10-02,2055
2003-10-03,1765
2003-10-04,1425
2003-10-05,1293
2003-10-06,1907
2003-10-07,2130
2003-10-08,2369
2003-10-09,1884
2003-10-10,1573
2003-10-11,1142
2003-10-12,1539
2003-10-13,1616
2003-10-14,1862
2003-10-15,1903
2003-10-16,1773
2003-10-17,1613
2003-10-18,1536
2003-10-19,1492
2003-10-20,1833
2003-10-21,1761
2003-10-22,1781
2003-10-23,1927
2003-10-24,1690
2003-10-25,1236
2003-10-26,1303
2003-10-27,1682
2003-10-28,1807
2003-10-29,1645
2003-10-30,1863
2003-10-31,1818
2003-11-01,1383
2003-11-02,1317
2003-11-03,1762
2003-11-04,1726
2003-11-05,1866
2003-11-06,1945
2003-11-07,1589
2003-11-08,1222
2003-11-09,1144
2003-11-10,1648
2003-11-11,1620
2003-11-12,1799
2003-11-13,1823
2003-11-14,1626
2003-11-15,1203
2003-11-16,1350
2003-11-17,1777
2003-11-18,1824
2003-11-19,1981
2003-11-20,2212
2003-11-21,1648
2003-11-22,1423
2003-11-23,1504
2003-11-24,1611
2003-11-25,1579
2003-11-26,1780
2003-11-27,2015
2003-11-28,1702
2003-11-29,1243
2003-11-30,1436
2003-12-01,1688
2003-12-02,1745
2003-12-03,1922
2003-12-04,1676
2003-12-05,1589
2003-12-06,1125
2003-12-07,1305
2003-12-08,1557
2003-12-09,1897
2003-12-10,1875
2003-12-11,1891
2003-12-12,1751
2003-12-13,1471
2003-12-14,1305
2003-12-15,1455
2003-12-16,1577
2003-12-17,1625
2003-12-18,1287
2003-12-19,1346
2003-12-20,1009
2003-12-21,958
2003-12-22,814
2003-12-23,833
2003-12-24,512
2003-12-25,586
2003-12-26,680
2003-12-27,983
2003-12-28,1129
2003-12-29,1093
2003-12-30,1197
2003-12-31,983
2004-01-01,1023
2004-01-02,1162
2004-01-03,1219
2004-01-04,1524
2004-01-05,1499
2004-01-06,1443
2004-01-07,1368
2004-01-08,1621
2004-01-09,1679
2004-01-10,1232
2004-01-11,1334
2004-01-12,1765
2004-01-13,2095
2004-01-14,1678
2004-01-15,1494
2004-01-16,1399
2004-01-17,1220
2004-01-18,1455
2004-01-19,1575
2004-01-20,1817
2004-01-21,1604
2004-01-22,1531
2004-01-23,1320
2004-01-24,1121
2004-01-25,1059
2004-01-26,1554
2004-01-27,1577
2004-01-28,1810
2004-01-29,1846
2004-01-30,1934
2004-01-31,1141
2004-02-01,1383
2004-02-02,1491
2004-02-03,1613
2004-02-04,1868
2004-02-05,1685
2004-02-06,1490
2004-02-07,1117
2004-02-08,1146
2004-02-09,1736
2004-02-10,1574
2004-02-11,1487
2004-02-12,1640
2004-02-13,1750
2004-02-14,991
2004-02-15,1064
2004-02-16,1391
2004-02-17,1416
2004-02-18,1519
2004-02-19,1562
2004-02-20,1341
2004-02-21,1019
2004-02-22,1310
2004-02-23,1806
2004-02-24,1619
2004-02-25,1814
2004-02-26,1564
2004-02-27,1405
2004-02-28,1289
2004-02-29,1343
2004-03-01,1539
2004-03-02,1624
2004-03-03,1769
2004-03-04,1504
2004-03-05,1342
2004-03-06,1016
2004-03-07,961
2004-03-08,1254
2004-03-09,1576
2004-03-10,1485
2004-03-11,1405
2004-03-12,1264
2004-03-13,1137
2004-03-14,1575
2004-03-15,1973
2004-03-16,1600
2004-03-17,1442
2004-03-18,1465
2004-03-19,1295
2004-03-20,1075
2004-03-21,1136
2004-03-22,1251
2004-03-23,1407
2004-03-24,1295
2004-03-25,1595
2004-03-26,1508
2004-03-27,1001
2004-03-28,1157
2004-03-29,1688
2004-03-30,1712
2004-03-31,1368
2004-04-01,1544
2004-04-02,1252
2004-04-03,907
2004-04-04,1069
2004-04-05,1385
2004-04-06,1214
2004-04-07,1132
2004-04-08,975
2004-04-09,1128
2004-04-10,832
2004-04-11,1020
2004-04-12,1044
2004-04-13,1294
2004-04-14,1394
2004-04-15,1430
2004-04-16,1306
2004-04-17,1020
2004-04-18,1131
2004-04-19,1388
2004-04-20,1513
2004-04-21,1588
2004-04-22,1417
2004-04-23,1145
2004-04-24,759
2004-04-25,993
2004-04-26,1364
2004-04-27,1286
2004-04-28,2050
2004-04-29,1726
2004-04-30,1471
2004-05-01,1067
2004-05-02,1206
2004-05-03,1367
2004-05-04,1790
2004-05-05,1734
2004-05-06,1899
2004-05-07,1583
2004-05-08,927
2004-05-09,1036
2004-05-10,1612
2004-05-11,1426
2004-05-12,1416
2004-05-13,1808
2004-05-14,1435
2004-05-15,1040
2004-05-16,1090
2004-05-17,845
2004-05-18,1191
2004-05-19,1292
2004-05-20,1203
2004-05-21,1305
2004-05-22,1212
2004-05-23,1343
2004-05-24,1769
2004-05-25,1846
2004-05-26,1468
2004-05-27,1360
2004-05-28,1297
2004-05-29,946
2004-05-30,1548
2004-05-31,1550
2004-06-01,1523
2004-06-02,1536
2004-06-03,1448
2004-06-04,1310
2004-06-05,1037
2004-06-06,1087
2004-06-07,1629
2004-06-08,1444
2004-06-09,1395
2004-06-10,1553
2004-06-11,1267
2004-06-12,901
2004-06-13,834
2004-06-14,1361
2004-06-15,1493
2004-06-16,1298
2004-06-17,1357
2004-06-18,1231
2004-06-19,925
2004-06-20,1099
2004-06-21,1095
2004-06-22,1302
2004-06-23,1274
2004-06-24,1237
2004-06-25,1226
2004-06-26,859
2004-06-27,896
2004-06-28,1184
2004-06-29,1232
2004-06-30,1130
2004-07-01,1208
2004-07-02,1022
2004-07-03,568
2004-07-04,807
2004-07-05,889
2004-07-06,1244
2004-07-07,1082
2004-07-08,1281
2004-07-09,1238
2004-07-10,708
2004-07-11,814
2004-07-12,980
2004-07-13,1222
2004-07-14,1009
2004-07-15,1198
2004-07-16,1067
2004-07-17,867
2004-07-18,984
2004-07-19,1127
2004-07-20,1264
2004-07-21,1233
2004-07-22,1208
2004-07-23,1370
2004-07-24,866
2004-07-25,1024
2004-07-26,1203
2004-07-27,972
2004-07-28,1074
2004-07-29,1358
2004-07-30,890
2004-07-31,671
2004-08-01,1173
2004-08-02,1401
2004-08-03,1681
2004-08-04,1481
2004-08-05,1472
2004-08-06,1258
2004-08-07,810
2004-08-08,858
2004-08-09,1288
2004-08-10,1503
2004-08-11,1466
2004-08-12,1725
2004-08-13,1400
2004-08-14,893
2004-08-15,1037
2004-08-16,1775
2004-08-17,1881
2004-08-18,1787
2004-08-19,1806
2004-08-20,1467
2004-08-21,1024
2004-08-22,1234
2004-08-23,1708
2004-08-24,1686
2004-08-25,1955
2004-08-26,1811
2004-08-27,1478
2004-08-28,1090
2004-08-29,1230
2004-08-30,2125
2004-08-31,2228
2004-09-01,2082
2004-09-02,1624
2004-09-03,1375
2004-09-04,1050
2004-09-05,1313
2004-09-06,1291
2004-09-07,1712
2004-09-08,2181
2004-09-09,1601
2004-09-10,1864
2004-09-11,1354
2004-09-12,1347
2004-09-13,1721
2004-09-14,1927
2004-09-15,1842
2004-09-16,1603
2004-09-17,1528
2004-09-18,1059
2004-09-19,1245
2004-09-20,1604
2004-09-21,1814
2004-09-22,1666
2004-09-23,1519
2004-09-24,1478
2004-09-25,1100
2004-09-26,1495
2004-09-27,1568
2004-09-28,1465
2004-09-29,1762
2004-09-30,1386
2004-10-01,1660
2004-10-02,1065
2004-10-03,1135
2004-10-04,1412
2004-10-05,1703
2004-10-06,2121
2004-10-07,1930
2004-10-08,1566
2004-10-09,1011
2004-10-10,907
2004-10-11,1414
2004-10-12,1288
2004-10-13,1091
2004-10-14,937
2004-10-15,1011
2004-10-16,980
2004-10-17,1045
2004-10-18,1364
2004-10-19,1394
2004-10-20,1038
2004-10-21,1256
2004-10-22,1278
2004-10-23,890
2004-10-24,883
2004-10-25,1146
2004-10-26,1173
2004-10-27,1284
2004-10-28,1118
2004-10-29,996
2004-10-30,858
2004-10-31,962
2004-11-01,1127
2004-11-02,1312
2004-11-03,1220
2004-11-04,1390
2004-11-05,1182
2004-11-06,761
2004-11-07,1033
2004-11-08,1271
2004-11-09,1657
2004-11-10,1810
2004-11-11,1370
2004-11-12,1482
2004-11-13,983
2004-11-14,1044
2004-11-15,1378
2004-11-16,1541
2004-11-17,1500
2004-11-18,1811
2004-11-19,1352
2004-11-20,1188
2004-11-21,1483
2004-11-22,1506
2004-11-23,1448
2004-11-24,1407
2004-11-25,1320
2004-11-26,1365
2004-11-27,1264
2004-11-28,928
2004-11-29,1354
2004-11-30,1519
2004-12-01,1404
2004-12-02,1293
2004-12-03,1212
2004-12-04,1003
2004-12-05,1206
2004-12-06,1290
2004-12-07,1244
2004-12-08,1048
2004-12-09,1498
2004-12-10,1314
2004-12-11,853
2004-12-12,942
2004-12-13,1361
2004-12-14,1253
2004-12-15,1193
2004-12-16,1144
2004-12-17,1202
2004-12-18,995
2004-12-19,1107
2004-12-20,1171
2004-12-21,1028
2004-12-22,883
2004-12-23,850
2004-12-24,445
2004-12-25,379
2004-12-26,690
2004-12-27,1049
2004-12-28,1133
2004-12-29,1058
2004-12-30,1084
2004-12-31,787
2005-01-01,821
2005-01-02,825
2005-01-03,949
2005-01-04,1403
2005-01-05,1406
2005-01-06,1286
2005-01-07,1268
2005-01-08,1168
2005-01-09,1078
2005-01-10,1345
2005-01-11,1546
2005-01-12,1470
2005-01-13,1276
2005-01-14,1230
2005-01-15,1060
2005-01-16,1182
2005-01-17,1196
2005-01-18,1301
2005-01-19,1319
2005-01-20,1155
2005-01-21,1118
2005-01-22,779
2005-01-23,1053
2005-01-24,1177
2005-01-25,1243
2005-01-26,1216
2005-01-27,1161
2005-01-28,1035
2005-01-29,1175
2005-01-30,1050
2005-01-31,1124
2005-02-01,1263
2005-02-02,1254
2005-02-03,1162
2005-02-04,1161
2005-02-05,1128
2005-02-06,1074
2005-02-07,1326
2005-02-08,1408
2005-02-09,1455
2005-02-10,1040
2005-02-11,1120
2005-02-12,916
2005-02-13,1078
2005-02-14,1348
2005-02-15,1335
2005-02-16,1213
2005-02-17,1392
2005-02-18,1226
2005-02-19,884
2005-02-20,917
2005-02-21,992
2005-02-22,834
2005-02-23,1093
2005-02-24,1145
2005-02-25,1016
2005-02-26,832
2005-02-27,888
2005-02-28,1290
2005-03-01,1242
2005-03-02,1594
2005-03-03,1361
2005-03-04,1191
2005-03-05,759
2005-03-06,1048
2005-03-07,1169
2005-03-08,1238
2005-03-09,1302
2005-03-10,1121
2005-03-11,933
2005-03-12,969
2005-03-13,1256
2005-03-14,1406
2005-03-15,1190
2005-03-16,1210
2005-03-17,1423
2005-03-18,987
2005-03-19,830
2005-03-20,984
2005-03-21,903
2005-03-22,925
2005-03-23,972
2005-03-24,787
2005-03-25,674
2005-03-26,607
2005-03-27,976
2005-03-28,1129
2005-03-29,1476
2005-03-30,1460
2005-03-31,1413
2005-04-01,1006
2005-04-02,1029
2005-04-03,1145
2005-04-04,1346
2005-04-05,1217
2005-04-06,1489
2005-04-07,1000
2005-04-08,1225
2005-04-09,1393
2005-04-10,1745
2005-04-11,1352
2005-04-12,1340
2005-04-13,1448
2005-04-14,1517
2005-04-15,1161
2005-04-16,928
2005-04-17,948
2005-04-18,1106
2005-04-19,1441
2005-04-20,1727
2005-04-21,1624
2005-04-22,1110
2005-04-23,1173
2005-04-24,1328
2005-04-25,1598
2005-04-26,1407
2005-04-27,1333
2005-04-28,1669
2005-04-29,1301
2005-04-30,1066
2005-05-01,1077
2005-05-02,1372
2005-05-03,1262
2005-05-04,1056
2005-05-05,907
2005-05-06,922
2005-05-07,699
2005-05-08,880
2005-05-09,923
2005-05-10,1244
2005-05-11,1155
2005-05-12,994
2005-05-13,1021
2005-05-14,730
2005-05-15,809
2005-05-16,943
2005-05-17,602
2005-05-18,952
2005-05-19,1190
2005-05-20,1185
2005-05-21,998
2005-05-22,982
2005-05-23,1197
2005-05-24,959
2005-05-25,939
2005-05-26,1214
2005-05-27,895
2005-05-28,784
2005-05-29,693
2005-05-30,1126
2005-05-31,928
2005-06-01,851
2005-06-02,896
2005-06-03,816
2005-06-04,694
2005-06-05,712
2005-06-06,1058
2005-06-07,1228
2005-06-08,1180
2005-06-09,1020
2005-06-10,1059
2005-06-11,697
2005-06-12,689
2005-06-13,1020
2005-06-14,894
2005-06-15,1013
2005-06-16,1054
2005-06-17,1178
2005-06-18,960
2005-06-19,1010
2005-06-20,982
2005-06-21,937
2005-06-22,731
2005-06-23,725
2005-06-24,531
2005-06-25,627
2005-06-26,601
2005-06-27,588
2005-06-28,699
2005-06-29,634
2005-06-30,690
2005-07-01,639
2005-07-02,746
2005-07-03,901
2005-07-04,717
2005-07-05,755
2005-07-06,868
2005-07-07,675
2005-07-08,596
2005-07-09,550
2005-07-10,732
2005-07-11,1109
2005-07-12,1053
2005-07-13,980
2005-07-14,954
2005-07-15,973
2005-07-16,753
2005-07-17,567
2005-07-18,911
2005-07-19,1039
2005-07-20,604
2005-07-21,637
2005-07-22,714
2005-07-23,691
2005-07-24,561
2005-07-25,719
2005-07-26,857
2005-07-27,622
2005-07-28,627
2005-07-29,620
2005-07-30,597
2005-07-31,652
2005-08-01,752
2005-08-02,856
2005-08-03,888
2005-08-04,990
2005-08-05,892
2005-08-06,760
2005-08-07,894
2005-08-08,1125
2005-08-09,1072
2005-08-10,977
2005-08-11,987
2005-08-12,962
2005-08-13,964
2005-08-14,917
2005-08-15,1316
2005-08-16,1069
2005-08-17,971
2005-08-18,914
2005-08-19,842
2005-08-20,846
2005-08-21,999
2005-08-22,1428
2005-08-23,1172
2005-08-24,1090
2005-08-25,1080
2005-08-26,998
2005-08-27,771
2005-08-28,712
2005-08-29,812
2005-08-30,1195
2005-08-31,1123
2005-09-01,918
2005-09-02,799
2005-09-03,468
2005-09-04,760
2005-09-05,884
2005-09-06,892
2005-09-07,1036
2005-09-08,904
2005-09-09,735
2005-09-10,482
2005-09-11,631
2005-09-12,837
2005-09-13,1105
2005-09-14,991
2005-09-15,857
2005-09-16,752
2005-09-17,623
2005-09-18,753
2005-09-19,737
2005-09-20,706
2005-09-21,636
2005-09-22,768
2005-09-23,788
2005-09-24,636
2005-09-25,843
2005-09-26,851
2005-09-27,937
2005-09-28,997
2005-09-29,827
2005-09-30,682
2005-10-01,703
2005-10-02,531
2005-10-03,948
2005-10-04,1025
2005-10-05,908
2005-10-06,855
2005-10-07,744
2005-10-08,701
2005-10-09,729
2005-10-10,922
2005-10-11,988
2005-10-12,1086
2005-10-13,907
2005-10-14,792
2005-10-15,526
2005-10-16,567
2005-10-17,848
2005-10-18,878
2005-10-19,818
2005-10-20,818
2005-10-21,787
2005-10-22,744
2005-10-23,706
2005-10-24,978
2005-10-25,1034
2005-10-26,1076
2005-10-27,922
2005-10-28,769
2005-10-29,688
2005-10-30,732
2005-10-31,680
2005-11-01,868
2005-11-02,1053
2005-11-03,724
2005-11-04,591
2005-11-05,435
2005-11-06,460
2005-11-07,796
2005-11-08,852
2005-11-09,762
2005-11-10,720
2005-11-11,689
2005-11-12,486
2005-11-13,584
2005-11-14,841
2005-11-15,792
2005-11-16,1131
2005-11-17,908
2005-11-18,820
2005-11-19,526
2005-11-20,617
2005-11-21,870
2005-11-22,1013
2005-11-23,856
2005-11-24,858
2005-11-25,862
2005-11-26,729
2005-11-27,875
2005-11-28,842
2005-11-29,679
2005-11-30,1011
2005-12-01,805
2005-12-02,1016
2005-12-03,1107
2005-12-04,1186
2005-12-05,1176
2005-12-06,937
2005-12-07,1151
2005-12-08,1095
2005-12-09,1116
2005-12-10,813
2005-12-11,889
2005-12-12,1147
2005-12-13,1122
2005-12-14,993
2005-12-15,885
2005-12-16,738
2005-12-17,667
2005-12-18,687
2005-12-19,891
2005-12-20,1053
2005-12-21,1192
2005-12-22,917
2005-12-23,790
2005-12-24,415
2005-12-25,340
2005-12-26,414
2005-12-27,681
2005-12-28,852
2005-12-29,867
2005-12-30,819
2005-12-31,749
2006-01-01,711
2006-01-02,1014
2006-01-03,976
2006-01-04,1007
2006-01-05,1085
2006-01-06,995
2006-01-07,1079
2006-01-08,1126
2006-01-09,1232
2006-01-10,1227
2006-01-11,1299
2006-01-12,1327
2006-01-13,992
2006-01-14,734
2006-01-15,748
2006-01-16,862
2006-01-17,1097
2006-01-18,965
2006-01-19,751
2006-01-20,794
2006-01-21,707
2006-01-22,810
2006-01-23,947
2006-01-24,897
2006-01-25,884
2006-01-26,840
2006-01-27,753
2006-01-28,941
2006-01-29,1000
2006-01-30,889
2006-01-31,702
2006-02-01,780
2006-02-02,683
2006-02-03,670
2006-02-04,706
2006-02-05,776
2006-02-06,1315
2006-02-07,1234
2006-02-08,1074
2006-02-09,873
2006-02-10,898
2006-02-11,660
2006-02-12,739
2006-02-13,634
2006-02-14,639
2006-02-15,846
2006-02-16,652
2006-02-17,494
2006-02-18,622
2006-02-19,633
2006-02-20,679
2006-02-21,818
2006-02-22,747
2006-02-23,749
2006-02-24,665
2006-02-25,615
2006-02-26,657
2006-02-27,724
2006-02-28,832
2006-03-01,696
2006-03-02,823
2006-03-03,770
2006-03-04,624
2006-03-05,567
2006-03-06,816
2006-03-07,896
2006-03-08,765
2006-03-09,808
2006-03-10,898
2006-03-11,630
2006-03-12,745
2006-03-13,884
2006-03-14,1121
2006-03-15,1307
2006-03-16,1162
2006-03-17,949
2006-03-18,668
2006-03-19,775
2006-03-20,1003
2006-03-21,866
2006-03-22,914
2006-03-23,812
2006-03-24,632
2006-03-25,746
2006-03-26,672
2006-03-27,906
2006-03-28,920
2006-03-29,2069
2006-03-30,1309
2006-03-31,944
2006-04-01,762
2006-04-02,851
2006-04-03,952
2006-04-04,749
2006-04-05,1088
2006-04-06,881
2006-04-07,600
2006-04-08,553
2006-04-09,522
2006-04-10,665
2006-04-11,812
2006-04-12,747
2006-04-13,508
2006-04-14,550
2006-04-15,726
2006-04-16,552
2006-04-17,1006
2006-04-18,862
2006-04-19,832
2006-04-20,801
2006-04-21,630
2006-04-22,710
2006-04-23,661
2006-04-24,966
2006-04-25,1049
2006-04-26,1132
2006-04-27,801
2006-04-28,841
2006-04-29,724
2006-04-30,784
2006-05-01,1018
2006-05-02,966
2006-05-03,1041
2006-05-04,912
2006-05-05,658
2006-05-06,774
2006-05-07,818
2006-05-08,1205
2006-05-09,875
2006-05-10,663
2006-05-11,484
2006-05-12,469
2006-05-13,770
2006-05-14,697
2006-05-15,749
2006-05-16,833
2006-05-17,586
2006-05-18,651
2006-05-19,660
2006-05-20,764
2006-05-21,961
2006-05-22,979
2006-05-23,1027
2006-05-24,935
2006-05-25,741
2006-05-26,579
2006-05-27,592
2006-05-28,918
2006-05-29,798
2006-05-30,725
2006-05-31,783
2006-06-01,522
2006-06-02,687
2006-06-03,605
2006-06-04,568
2006-06-05,930
2006-06-06,989
2006-06-07,911
2006-06-08,853
2006-06-09,786
2006-06-10,667
2006-06-11,724
2006-06-12,672
2006-06-13,762
2006-06-14,727
2006-06-15,745
2006-06-16,628
2006-06-17,820
2006-06-18,689
2006-06-19,684
2006-06-20,690
2006-06-21,733
2006-06-22,909
2006-06-23,802
2006-06-24,687
2006-06-25,764
2006-06-26,872
2006-06-27,655
2006-06-28,596
2006-06-29,528
2006-06-30,550
2006-07-01,486
2006-07-02,533
2006-07-03,607
2006-07-04,396
2006-07-05,345
2006-07-06,422
2006-07-07,383
2006-07-08,373
2006-07-09,360
2006-07-10,555
2006-07-11,635
2006-07-12,506
2006-07-13,420
2006-07-14,458
2006-07-15,382
2006-07-16,407
2006-07-17,568
2006-07-18,691
2006-07-19,500
2006-07-20,585
2006-07-21,498
2006-07-22,421
2006-07-23,558
2006-07-24,657
2006-07-25,689
2006-07-26,589
2006-07-27,605
2006-07-28,499
2006-07-29,486
2006-07-30,626
2006-07-31,881
2006-08-01,870
2006-08-02,538
2006-08-03,806
2006-08-04,770
2006-08-05,483
2006-08-06,640
2006-08-07,842
2006-08-08,837
2006-08-09,788
2006-08-10,627
2006-08-11,708
2006-08-12,540
2006-08-13,731
2006-08-14,681
2006-08-15,745
2006-08-16,674
2006-08-17,602
2006-08-18,568
2006-08-19,483
2006-08-20,618
2006-08-21,699
2006-08-22,622
2006-08-23,677
2006-08-24,642
2006-08-25,647
2006-08-26,588
2006-08-27,580
2006-08-28,665
2006-08-29,664
2006-08-30,590
2006-08-31,744
2006-09-01,501
2006-09-02,396
2006-09-03,611
2006-09-04,688
2006-09-05,666
2006-09-06,680
2006-09-07,630
2006-09-08,616
2006-09-09,553
2006-09-10,532
2006-09-11,664
2006-09-12,591
2006-09-13,695
2006-09-14,559
2006-09-15,505
2006-09-16,606
2006-09-17,773
2006-09-18,608
2006-09-19,581
2006-09-20,634
2006-09-21,578
2006-09-22,389
2006-09-23,541
2006-09-24,461
2006-09-25,473
2006-09-26,497
2006-09-27,574
2006-09-28,426
2006-09-29,460
2006-09-30,458
2006-10-01,531
2006-10-02,548
2006-10-03,539
2006-10-04,440
2006-10-05,408
2006-10-06,493
2006-10-07,462
2006-10-08,671
2006-10-09,604
2006-10-10,560
2006-10-11,650
2006-10-12,528
2006-10-13,710
2006-10-14,437
2006-10-15,656
2006-10-16,613
2006-10-17,523
2006-10-18,562
2006-10-19,445
2006-10-20,367
2006-10-21,480
2006-10-22,509
2006-10-23,548
2006-10-24,624
2006-10-25,655
2006-10-26,659
2006-10-27,821
2006-10-28,694
2006-10-29,751
2006-10-30,438
2006-10-31,694
2006-11-01,769
2006-11-02,731
2006-11-03,574
2006-11-04,711
2006-11-05,619
2006-11-06,405
2006-11-07,455
2006-11-08,403
2006-11-09,515
2006-11-10,594
2006-11-11,593
2006-11-12,761
2006-11-13,864
2006-11-14,641
2006-11-15,569
2006-11-16,573
2006-11-17,446
2006-11-18,533
2006-11-19,537
2006-11-20,503
2006-11-21,536
2006-11-22,562
2006-11-23,712
2006-11-24,497
2006-11-25,360
2006-11-26,365
2006-11-27,523
2006-11-28,571
2006-11-29,466
2006-11-30,472
2006-12-01,582
2006-12-02,560
2006-12-03,528
2006-12-04,578
2006-12-05,530
2006-12-06,481
2006-12-07,508
2006-12-08,644
2006-12-09,631
2006-12-10,942
2006-12-11,648
2006-12-12,535
2006-12-13,615
2006-12-14,588
2006-12-15,508
2006-12-16,480
2006-12-17,417
2006-12-18,484
2006-12-19,491
2006-12-20,489
2006-12-21,596
2006-12-22,466
2006-12-23,376
2006-12-24,295
2006-12-25,308
2006-12-26,348
2006-12-27,622
2006-12-28,459
2006-12-29,545
2006-12-30,613
2006-12-31,476
2007-01-01,438
2007-01-02,530
2007-01-03,517
2007-01-04,611
2007-01-05,488
2007-01-06,436
2007-01-07,787
2007-01-08,576
2007-01-09,597
2007-01-10,540
2007-01-11,612
2007-01-12,498
2007-01-13,451
2007-01-14,478
2007-01-15,599
2007-01-16,487
2007-01-17,463
2007-01-18,695
2007-01-19,717
2007-01-20,488
2007-01-21,502
2007-01-22,688
2007-01-23,544
2007-01-24,677
2007-01-25,911
2007-01-26,591
2007-01-27,457
2007-01-28,480
2007-01-29,564
2007-01-30,718
2007-01-31,716
2007-02-01,682
2007-02-02,757
2007-02-03,886
2007-02-04,521
2007-02-05,621
2007-02-06,694
2007-02-07,581
2007-02-08,592
2007-02-09,479
2007-02-10,612
2007-02-11,391
2007-02-12,599
2007-02-13,494
2007-02-14,420
2007-02-15,580
2007-02-16,445
2007-02-17,361
2007-02-18,484
2007-02-19,424
2007-02-20,475
2007-02-21,576
2007-02-22,471
2007-02-23,443
2007-02-24,292
2007-02-25,546
2007-02-26,543
2007-02-27,715
2007-02-28,460
2007-03-01,459
2007-03-02,443
2007-03-03,465
2007-03-04,528
2007-03-05,613
2007-03-06,585
2007-03-07,646
2007-03-08,679
2007-03-09,490
2007-03-10,427
2007-03-11,327
2007-03-12,516
2007-03-13,498
2007-03-14,500
2007-03-15,760
2007-03-16,510
2007-03-17,620
2007-03-18,487
2007-03-19,559
2007-03-20,478
2007-03-21,522
2007-03-22,574
2007-03-23,484
2007-03-24,467
2007-03-25,565
2007-03-26,602
2007-03-27,568
2007-03-28,509
2007-03-29,549
2007-03-30,469
2007-03-31,542
2007-04-01,477
2007-04-02,495
2007-04-03,610
2007-04-04,437
2007-04-05,620
2007-04-06,630
2007-04-07,408
2007-04-08,448
2007-04-09,632
2007-04-10,533
2007-04-11,450
2007-04-12,514
2007-04-13,448
2007-04-14,490
2007-04-15,625
2007-04-16,562
2007-04-17,539
2007-04-18,434
2007-04-19,385
2007-04-20,365
2007-04-21,297
2007-04-22,568
2007-04-23,474
2007-04-24,423
2007-04-25,315
2007-04-26,417
2007-04-27,374
2007-04-28,248
2007-04-29,360
2007-04-30,398
2007-05-01,480
2007-05-02,525
2007-05-03,411
2007-05-04,497
2007-05-05,391
2007-05-06,448
2007-05-07,497
2007-05-08,503
2007-05-09,452
2007-05-10,438
2007-05-11,477
2007-05-12,277
2007-05-13,470
2007-05-14,450
2007-05-15,521
2007-05-16,400
2007-05-17,347
2007-05-18,389
2007-05-19,311
2007-05-20,388
2007-05-21,446
2007-05-22,373
2007-05-23,356
2007-05-24,368
2007-05-25,390
2007-05-26,444
2007-05-27,353
2007-05-28,453
2007-05-29,496
2007-05-30,500
2007-05-31,545
2007-06-01,389
2007-06-02,235
2007-06-03,266
2007-06-04,442
2007-06-05,389
2007-06-06,344
2007-06-07,297
2007-06-08,326
2007-06-09,156
2007-06-10,307
2007-06-11,256
2007-06-12,403
2007-06-13,348
2007-06-14,291
2007-06-15,252
2007-06-16,192
2007-06-17,302
2007-06-18,331
2007-06-19,282
2007-06-20,291
2007-06-21,402
2007-06-22,254
2007-06-23,197
2007-06-24,169
2007-06-25,270
2007-06-26,243
2007-06-27,279
2007-06-28,234
2007-06-29,194
2007-06-30,177
2007-07-01,142
2007-07-02,330
2007-07-03,372
2007-07-04,389
2007-07-05,382
2007-07-06,312
2007-07-07,256
2007-07-08,247
2007-07-09,207
2007-07-10,314
2007-07-11,304
2007-07-12,314
2007-07-13,252
2007-07-14,244
2007-07-15,279
2007-07-16,225
2007-07-17,253
2007-07-18,150
2007-07-19,134
2007-07-20,141
2007-07-21,141
2007-07-22,208
2007-07-23,240
2007-07-24,349
2007-07-25,284
2007-07-26,325
2007-07-27,317
2007-07-28,214
2007-07-29,267
2007-07-30,270
2007-07-31,216
2007-08-01,241
2007-08-02,273
2007-08-03,353
2007-08-04,166
2007-08-05,129
2007-08-06,189
2007-08-07,328
2007-08-08,285
2007-08-09,372
2007-08-10,342
2007-08-11,257
2007-08-12,249
2007-08-13,306
2007-08-14,338
2007-08-15,267
2007-08-16,295
2007-08-17,284
2007-08-18,207
2007-08-19,336
2007-08-20,859
2007-08-21,358
2007-08-22,317
2007-08-23,230
2007-08-24,243
2007-08-25,500
2007-08-26,416
2007-08-27,345
2007-08-28,371
2007-08-29,357
2007-08-30,256
2007-08-31,260
2007-09-01,255
2007-09-02,258
2007-09-03,330
2007-09-04,338
2007-09-05,383
2007-09-06,468
2007-09-07,279
2007-09-08,256
2007-09-09,255
2007-09-10,316
2007-09-11,277
2007-09-12,349
2007-09-13,373
2007-09-14,361
2007-09-15,386
2007-09-16,421
2007-09-17,572
2007-09-18,400
2007-09-19,361
2007-09-20,368
2007-09-21,354
2007-09-22,296
2007-09-23,319
2007-09-24,576
2007-09-25,359
2007-09-26,378
2007-09-27,487
2007-09-28,318
2007-09-29,323
2007-09-30,236
2007-10-01,256
2007-10-02,414
2007-10-03,345
2007-10-04,359
2007-10-05,430
2007-10-06,634
2007-10-07,468
2007-10-08,390
2007-10-09,574
2007-10-10,517
2007-10-11,497
2007-10-12,336
2007-10-13,277
2007-10-14,344
2007-10-15,395
2007-10-16,441
2007-10-17,456
2007-10-18,301
2007-10-19,357
2007-10-20,454
2007-10-21,395
2007-10-22,308
2007-10-23,329
2007-10-24,481
2007-10-25,344
2007-10-26,320
2007-10-27,290
2007-10-28,297
2007-10-29,298
2007-10-30,387
2007-10-31,365
2007-11-01,354
2007-11-02,307
2007-11-03,325
2007-11-04,386
2007-11-05,511
2007-11-06,285
2007-11-07,286
2007-11-08,397
2007-11-09,273
2007-11-10,217
2007-11-11,679
2007-11-12,249
2007-11-13,276
2007-11-14,230
2007-11-15,262
2007-11-16,247
2007-11-17,1026
2007-11-18,881
2007-11-19,294
2007-11-20,196
2007-11-21,253
2007-11-22,402
2007-11-23,278
2007-11-24,653
2007-11-25,208
2007-11-26,372
2007-11-27,423
2007-11-28,256
2007-11-29,272
2007-11-30,274
2007-12-01,357
2007-12-02,331
2007-12-03,261
2007-12-04,237
2007-12-05,301
2007-12-06,405
2007-12-07,341
2007-12-08,228
2007-12-09,264
2007-12-10,235
2007-12-11,155
2007-12-12,225
2007-12-13,291
2007-12-14,284
2007-12-15,321
2007-12-16,1287
2007-12-17,321
2007-12-18,354
2007-12-19,247
2007-12-20,350
2007-12-21,350
2007-12-22,368
2007-12-23,284
2007-12-24,99
2007-12-25,153
2007-12-26,256
2007-12-27,211
2007-12-28,231
2007-12-29,264
2007-12-30,343
2007-12-31,520
2008-01-01,1315
2008-01-02,514
2008-01-03,296
2008-01-04,329
2008-01-05,293
2008-01-06,314
2008-01-07,315
2008-01-08,378
2008-01-09,330
2008-01-10,370
2008-01-11,391
2008-01-12,494
2008-01-13,422
2008-01-14,490
2008-01-15,527
2008-01-16,539
2008-01-17,438
2008-01-18,387
2008-01-19,344
2008-01-20,298
2008-01-21,374
2008-01-22,475
2008-01-23,249
2008-01-24,317
2008-01-25,247
2008-01-26,266
2008-01-27,342
2008-01-28,452
2008-01-29,372
2008-01-30,281
2008-01-31,284
2008-02-01,246
2008-02-02,195
2008-02-03,298
2008-02-04,247
2008-02-05,353
2008-02-06,278
2008-02-07,321
2008-02-08,245
2008-02-09,278
2008-02-10,214
2008-02-11,262
2008-02-12,296
2008-02-13,327
2008-02-14,212
2008-02-15,261
2008-02-16,169
2008-02-17,231
2008-02-18,255
2008-02-19,249
2008-02-20,298
2008-02-21,155
2008-02-22,179
2008-02-23,229
2008-02-24,203
2008-02-25,177
2008-02-26,319
2008-02-27,366
2008-02-28,273
2008-02-29,237
2008-03-01,190
2008-03-02,308
2008-03-03,246
2008-03-04,304
2008-03-05,260
2008-03-06,426
2008-03-07,379
2008-03-08,351
2008-03-09,257
2008-03-10,261
2008-03-11,251
2008-03-12,435
2008-03-13,371
2008-03-14,343
2008-03-15,215
2008-03-16,202
2008-03-17,208
2008-03-18,284
2008-03-19,206
2008-03-20,128
2008-03-21,144
2008-03-22,122
2008-03-23,163
2008-03-24,157
2008-03-25,280
2008-03-26,328
2008-03-27,328
2008-03-28,338
2008-03-29,342
2008-03-30,438
2008-03-31,388
2008-04-01,474
2008-04-02,354
2008-04-03,211
2008-04-04,184
2008-04-05,326
2008-04-06,310
2008-04-07,246
2008-04-08,291
2008-04-09,282
2008-04-10,378
2008-04-11,214
2008-04-12,383
2008-04-13,431
2008-04-14,306
2008-04-15,322
2008-04-16,345
2008-04-17,291
2008-04-18,240
2008-04-19,208
2008-04-20,190
2008-04-21,374
2008-04-22,307
2008-04-23,279
2008-04-24,226
2008-04-25,214
2008-04-26,183
2008-04-27,254
2008-04-28,389
2008-04-29,282
2008-04-30,426
2008-05-01,492
2008-05-02,416
2008-05-03,234
2008-05-04,353
2008-05-05,367
2008-05-06,367
2008-05-07,287
2008-05-08,297
2008-05-09,268
2008-05-10,347
2008-05-11,245
2008-05-12,369
2008-05-13,329
2008-05-14,405
2008-05-15,330
2008-05-16,311
2008-05-17,302
2008-05-18,259
2008-05-19,263
2008-05-20,403
2008-05-21,294
2008-05-22,320
2008-05-23,267
2008-05-24,262
2008-05-25,307
2008-05-26,450
2008-05-27,364
2008-05-28,313
2008-05-29,264
2008-05-30,311
2008-05-31,223
2008-06-01,275
2008-06-02,277
2008-06-03,271
2008-06-04,297
2008-06-05,261
2008-06-06,256
2008-06-07,117
2008-06-08,284
2008-06-09,273
2008-06-10,284
2008-06-11,251
2008-06-12,235
2008-06-13,192
2008-06-14,163
2008-06-15,280
2008-06-16,308
2008-06-17,379
2008-06-18,355
2008-06-19,436
2008-06-20,402
2008-06-21,261
2008-06-22,331
2008-06-23,389
2008-06-24,494
2008-06-25,224
2008-06-26,411
2008-06-27,292
2008-06-28,209
2008-06-29,276
2008-06-30,322
2008-07-01,274
2008-07-02,286
2008-07-03,172
2008-07-04,208
2008-07-05,255
2008-07-06,188
2008-07-07,281
2008-07-08,268
2008-07-09,359
2008-07-10,376
2008-07-11,268
2008-07-12,318
2008-07-13,403
2008-07-14,310
2008-07-15,420
2008-07-16,405
2008-07-17,322
2008-07-18,311
2008-07-19,304
2008-07-20,259
2008-07-21,291
2008-07-22,278
2008-07-23,317
2008-07-24,276
2008-07-25,197
2008-07-26,428
2008-07-27,482
2008-07-28,331
2008-07-29,432
2008-07-30,368
2008-07-31,306
2008-08-01,187
2008-08-02,127
2008-08-03,197
2008-08-04,314
2008-08-05,283
2008-08-06,347
2008-08-07,449
2008-08-08,252
2008-08-09,531
2008-08-10,400
2008-08-11,255
2008-08-12,270
2008-08-13,335
2008-08-14,335
2008-08-15,259
2008-08-16,174
2008-08-17,231
2008-08-18,235
2008-08-19,277
2008-08-20,252
2008-08-21,280
2008-08-22,273
2008-08-23,184
2008-08-24,408
2008-08-25,289
2008-08-26,266
2008-08-27,258
2008-08-28,282
2008-08-29,331
2008-08-30,175
2008-08-31,235
2008-09-01,229
2008-09-02,263
2008-09-03,305
2008-09-04,228
2008-09-05,226
2008-09-06,199
2008-09-07,190
2008-09-08,252
2008-09-09,277
2008-09-10,239
2008-09-11,242
2008-09-12,238
2008-09-13,118
2008-09-14,224
2008-09-15,166
2008-09-16,143
2008-09-17,125
2008-09-18,209
2008-09-19,327
2008-09-20,136
2008-09-21,374
2008-09-22,274
2008-09-23,138
2008-09-24,181
2008-09-25,219
2008-09-26,215
2008-09-27,155
2008-09-28,187
2008-09-29,165
2008-09-30,161
2008-10-01,290
2008-10-02,216
2008-10-03,154
2008-10-04,123
2008-10-05,149
2008-10-06,352
2008-10-07,290
2008-10-08,285
2008-10-09,299
2008-10-10,307
2008-10-11,200
2008-10-12,224
2008-10-13,545
2008-10-14,357
2008-10-15,329
2008-10-16,362
2008-10-17,272
2008-10-18,266
2008-10-19,248
2008-10-20,279
2008-10-21,248
2008-10-22,204
2008-10-23,211
2008-10-24,154
2008-10-25,138
2008-10-26,195
2008-10-27,187
2008-10-28,226
2008-10-29,213
2008-10-30,196
2008-10-31,145
2008-11-01,114
2008-11-02,205
2008-11-03,140
2008-11-04,179
2008-11-05,191
2008-11-06,169
2008-11-07,177
2008-11-08,124
2008-11-09,258
2008-11-10,157
2008-11-11,164
2008-11-12,229
2008-11-13,188
2008-11-14,155
2008-11-15,144
2008-11-16,135
2008-11-17,160
2008-11-18,140
2008-11-19,140
2008-11-20,94
2008-11-21,115
2008-11-22,130
2008-11-23,169
2008-11-24,233
2008-11-25,203
2008-11-26,280
2008-11-27,222
2008-11-28,230
2008-11-29,134
2008-11-30,166
2008-12-01,185
2008-12-02,243
2008-12-03,173
2008-12-04,211
2008-12-05,133
2008-12-06,153
2008-12-07,170
2008-12-08,191
2008-12-09,164
2008-12-10,203
2008-12-11,158
2008-12-12,155
2008-12-13,105
2008-12-14,200
2008-12-15,270
2008-12-16,233
2008-12-17,232
2008-12-18,216
2008-12-19,120
2008-12-20,155
2008-12-21,249
2008-12-22,164
2008-12-23,210
2008-12-24,129
2008-12-25,166
2008-12-26,81
2008-12-27,155
2008-12-28,209
2008-12-29,283
2008-12-30,217
2008-12-31,252
2009-01-01,156
2009-01-02,246
2009-01-03,380
2009-01-04,237
2009-01-05,322
2009-01-06,347
2009-01-07,255
2009-01-08,204
2009-01-09,198
2009-01-10,199
2009-01-11,286
2009-01-12,255
2009-01-13,364
2009-01-14,218
2009-01-15,349
2009-01-16,273
2009-01-17,325
2009-01-18,474
2009-01-19,386
2009-01-20,309
2009-01-21,305
2009-01-22,250
2009-01-23,258
2009-01-24,119
2009-01-25,82
2009-01-26,152
2009-01-27,191
2009-01-28,251
2009-01-29,258
2009-01-30,203
2009-01-31,202
2009-02-01,221
2009-02-02,261
2009-02-03,177
2009-02-04,151
2009-02-05,150
2009-02-06,135
2009-02-07,126
2009-02-08,196
2009-02-09,228
2009-02-10,145
2009-02-11,223
2009-02-12,257
2009-02-13,161
2009-02-14,146
2009-02-15,108
2009-02-16,149
2009-02-17,279
2009-02-18,198
2009-02-19,139
2009-02-20,193
2009-02-21,167
2009-02-22,146
2009-02-23,137
2009-02-24,194
2009-02-25,194
2009-02-26,200
2009-02-27,135
2009-02-28,139
2009-03-01,153
2009-03-02,164
2009-03-03,182
2009-03-04,233
2009-03-05,165
2009-03-06,116
2009-03-07,80
2009-03-08,60
2009-03-09,90
2009-03-10,103
2009-03-11,181
2009-03-12,174
2009-03-13,216
2009-03-14,107
2009-03-15,149
2009-03-16,295
2009-03-17,239
2009-03-18,200
2009-03-19,323
2009-03-20,214
2009-03-21,103
2009-03-22,360
2009-03-23,302
2009-03-24,343
2009-03-25,264
2009-03-26,326
2009-03-27,184
2009-03-28,196
2009-03-29,153
2009-03-30,139
2009-03-31,140
2009-04-01,126
2009-04-02,138
2009-04-03,145
2009-04-04,68
2009-04-05,84
2009-04-06,102
2009-04-07,87
2009-04-08,84
2009-04-09,101
2009-04-10,70
2009-04-11,72
2009-04-12,71
2009-04-13,72
2009-04-14,60
2009-04-15,103
2009-04-16,160
2009-04-17,171
2009-04-18,128
2009-04-19,166
2009-04-20,113
2009-04-21,242
2009-04-22,165
2009-04-23,174
2009-04-24,209
2009-04-25,177
2009-04-26,294
2009-04-27,164
2009-04-28,207
2009-04-29,195
2009-04-30,227
2009-05-01,88
2009-05-02,84
2009-05-03,110
2009-05-04,110
2009-05-05,147
2009-05-06,163
2009-05-07,163
2009-05-08,105
2009-05-09,150
2009-05-10,142
2009-05-11,180
2009-05-12,143
2009-05-13,182
2009-05-14,136
2009-05-15,170
2009-05-16,154
2009-05-17,103
2009-05-18,150
2009-05-19,150
2009-05-20,124
2009-05-21,145
2009-05-22,88
2009-05-23,180
2009-05-24,151
2009-05-25,210
2009-05-26,155
2009-05-27,124
2009-05-28,274
2009-05-29,125
2009-05-30,90
2009-05-31,96
2009-06-01,72
2009-06-02,157
2009-06-03,118
2009-06-04,139
2009-06-05,119
2009-06-06,93
2009-06-07,104
2009-06-08,118
2009-06-09,137
2009-06-10,132
2009-06-11,97
2009-06-12,113
2009-06-13,69
2009-06-14,89
2009-06-15,118
2009-06-16,152
2009-06-17,114
2009-06-18,128
2009-06-19,99
2009-06-20,78
2009-06-21,72
2009-06-22,101
2009-06-23,81
2009-06-24,71
2009-06-25,88
2009-06-26,137
2009-06-27,119
2009-06-28,145
2009-06-29,90
2009-06-30,87
2009-07-01,76
2009-07-02,118
2009-07-03,39
2009-07-04,50
2009-07-05,90
2009-07-06,69
2009-07-07,121
2009-07-08,98
2009-07-09,66
2009-07-10,66
2009-07-11,57
2009-07-12,65
2009-07-13,71
2009-07-14,232
2009-07-15,120
2009-07-16,86
2009-07-17,73
2009-07-18,54
2009-07-19,77
2009-07-20,74
2009-07-21,40
2009-07-22,57
2009-07-23,70
2009-07-24,37
2009-07-25,35
2009-07-26,78
2009-07-27,76
2009-07-28,49
2009-07-29,94
2009-07-30,83
2009-07-31,78
2009-08-01,89
2009-08-02,121
2009-08-03,94
2009-08-04,116
2009-08-05,85
2009-08-06,96
2009-08-07,140
2009-08-08,71
2009-08-09,89
2009-08-10,98
2009-08-11,108
2009-08-12,109
2009-08-13,157
2009-08-14,125
2009-08-15,114
2009-08-16,163
2009-08-17,84
2009-08-18,86
2009-08-19,90
2009-08-20,143
2009-08-21,176
2009-08-22,121
2009-08-23,192
2009-08-24,197
2009-08-25,165
2009-08-26,213
2009-08-27,177
2009-08-28,127
2009-08-29,123
2009-08-30,203
2009-08-31,174
2009-09-01,133
2009-09-02,212
2009-09-03,286
2009-09-04,182
2009-09-05,114
2009-09-06,145
2009-09-07,180
2009-09-08,130
2009-09-09,125
2009-09-10,89
2009-09-11,114
2009-09-12,60
2009-09-13,95
2009-09-14,129
2009-09-15,68
2009-09-16,120
2009-09-17,143
2009-09-18,121
2009-09-19,119
2009-09-20,186
2009-09-21,127
2009-09-22,131
2009-09-23,73
2009-09-24,113
2009-09-25,121
2009-09-26,104
2009-09-27,88
2009-09-28,103
2009-09-29,125
2009-09-30,91
2009-10-01,78
2009-10-02,68
2009-10-03,141
2009-10-04,97
2009-10-05,87
2009-10-06,182
2009-10-07,131
2009-10-08,105
2009-10-09,156
2009-10-10,157
2009-10-11,247
2009-10-12,147
2009-10-13,191
2009-10-14,116
2009-10-15,146
2009-10-16,100
2009-10-17,91
2009-10-18,103
2009-10-19,118
2009-10-20,119
2009-10-21,133
2009-10-22,131
2009-10-23,63
2009-10-24,52
2009-10-25,77
2009-10-26,124
2009-10-27,96
2009-10-28,61
2009-10-29,87
2009-10-30,63
2009-10-31,44
2009-11-01,45
2009-11-02,72
2009-11-03,86
2009-11-04,72
2009-11-05,89
2009-11-06,78
2009-11-07,94
2009-11-08,102
2009-11-09,85
2009-11-10,105
2009-11-11,75
2009-11-12,52
2009-11-13,56
2009-11-14,54
2009-11-15,96
2009-11-16,60
2009-11-17,69
2009-11-18,96
2009-11-19,66
2009-11-20,55
2009-11-21,86
2009-11-22,52
2009-11-23,73
2009-11-24,44
2009-11-25,49
2009-11-26,32
2009-11-27,94
2009-11-28,56
2009-11-29,99
2009-11-30,52
2009-12-01,45
2009-12-02,80
2009-12-03,83
2009-12-04,75
2009-12-05,58
2009-12-06,72
2009-12-07,59
2009-12-08,99
2009-12-09,73
2009-12-10,89
2009-12-11,52
2009-12-12,95
2009-12-13,44
2009-12-14,68
2009-12-15,111
2009-12-16,99
2009-12-17,75
2009-12-18,127
2009-12-19,88
2009-12-20,133
2009-12-21,111
2009-12-22,165
2009-12-23,96
2009-12-24,42
2009-12-25,85
2009-12-26,137
2009-12-27,118
2009-12-28,173
2009-12-29,94
2009-12-30,80
2009-12-31,63
2010-01-01,102
2010-01-02,144
2010-01-03,75
2010-01-04,133
2010-01-05,152
2010-01-06,117
2010-01-07,185
2010-01-08,108
2010-01-09,70
2010-01-10,108
2010-01-11,107
2010-01-12,80
2010-01-13,82
2010-01-14,64
2010-01-15,75
2010-01-16,109
2010-01-17,112
2010-01-18,115
2010-01-19,71
2010-01-20,121
2010-01-21,129
2010-01-22,116
2010-01-23,122
2010-01-24,97
2010-01-25,50
2010-01-26,51
2010-01-27,82
2010-01-28,66
2010-01-29,78
2010-01-30,123
2010-01-31,177
2010-02-01,63
2010-02-02,73
2010-02-03,82
2010-02-04,56
2010-02-05,64
2010-02-06,43
2010-02-07,76
2010-02-08,106
2010-02-09,82
2010-02-10,86
2010-02-11,108
2010-02-12,112
2010-02-13,72
2010-02-14,60
2010-02-15,93
2010-02-16,154
2010-02-17,169
2010-02-18,97
2010-02-19,111
2010-02-20,35
2010-02-21,135
2010-02-22,129
2010-02-23,143
2010-02-24,77
2010-02-25,56
2010-02-26,96
2010-02-27,94
2010-02-28,82
2010-03-01,53
2010-03-02,81
2010-03-03,97
2010-03-04,101
2010-03-05,113
2010-03-06,49
2010-03-07,117
2010-03-08,149
2010-03-09,113
2010-03-10,81
2010-03-11,151
2010-03-12,106
2010-03-13,99
2010-03-14,101
2010-03-15,78
2010-03-16,115
2010-03-17,66
2010-03-18,75
2010-03-19,51
2010-03-20,89
2010-03-21,83
2010-03-22,112
2010-03-23,90
2010-03-24,129
2010-03-25,83
2010-03-26,67
2010-03-27,102
2010-03-28,95
2010-03-29,73
2010-03-30,69
2010-03-31,46
2010-04-01,54
2010-04-02,60
2010-04-03,51
2010-04-04,51
2010-04-05,25
2010-04-06,59
2010-04-07,173
2010-04-08,151
2010-04-09,116
2010-04-10,120
2010-04-11,265
2010-04-12,196
2010-04-13,273
2010-04-14,195
2010-04-15,236
2010-04-16,86
2010-04-17,114
2010-04-18,122
2010-04-19,70
2010-04-20,105
2010-04-21,78
2010-04-22,51
2010-04-23,64
2010-04-24,28
2010-04-25,76
2010-04-26,68
2010-04-27,125
2010-04-28,78
2010-04-29,59
2010-04-30,76
2010-05-01,77
2010-05-02,27
2010-05-03,85
2010-05-04,90
2010-05-05,57
2010-05-06,88
2010-05-07,38
2010-05-08,45
2010-05-09,52
2010-05-10,29
2010-05-11,55
2010-05-12,56
2010-05-13,39
2010-05-14,50
2010-05-15,58
2010-05-16,64
2010-05-17,68
2010-05-18,91
2010-05-19,40
2010-05-20,43
2010-05-21,11
2010-05-22,30
2010-05-23,33
2010-05-24,102
2010-05-25,85
2010-05-26,91
2010-05-27,57
2010-05-28,90
2010-05-29,127
2010-05-30,76
2010-05-31,89
2010-06-01,76
2010-06-02,118
2010-06-03,108
2010-06-04,75
2010-06-05,27
2010-06-06,51
2010-06-07,37
2010-06-08,54
2010-06-09,43
2010-06-10,32
2010-06-11,36
2010-06-12,43
2010-06-13,34
2010-06-14,36
2010-06-15,47
2010-06-16,51
2010-06-17,65
2010-06-18,52
2010-06-19,48
2010-06-20,21
2010-06-21,25
2010-06-22,52
2010-06-23,49
2010-06-24,60
2010-06-25,66
2010-06-26,33
2010-06-27,33
2010-06-28,61
2010-06-29,101
2010-06-30,47
2010-07-01,30
2010-07-02,24
2010-07-03,43
2010-07-04,81
2010-07-05,46
2010-07-06,66
2010-07-07,24
2010-07-08,42
2010-07-09,29
2010-07-10,24
2010-07-11,13
2010-07-12,31
2010-07-13,34
2010-07-14,6
2010-07-15,34
2010-07-16,14
2010-07-17,31
2010-07-18,51
2010-07-19,21
2010-07-20,27
2010-07-21,53
2010-07-22,59
2010-07-23,42
2010-07-24,39
2010-07-25,63
2010-07-26,72
2010-07-27,48
2010-07-28,31
2010-07-29,38
2010-07-30,39
2010-07-31,46
2010-08-01,77
2010-08-02,40
2010-08-03,54
2010-08-04,85
2010-08-05,117
2010-08-06,97
2010-08-07,49
2010-08-08,91
2010-08-09,40
2010-08-10,49
2010-08-11,46
2010-08-12,70
2010-08-13,72
2010-08-14,91
2010-08-15,118
2010-08-16,112
2010-08-17,83
2010-08-18,53
2010-08-19,96
2010-08-20,101
2010-08-21,113
2010-08-22,105
2010-08-23,49
2010-08-24,53
2010-08-25,62
2010-08-26,71
2010-08-27,66
2010-08-28,60
2010-08-29,53
2010-08-30,35
2010-08-31,92
2010-09-01,67
2010-09-02,103
2010-09-03,54
2010-09-04,84
2010-09-05,72
2010-09-06,116
2010-09-07,123
2010-09-08,84
2010-09-09,39
2010-09-10,39
2010-09-11,41
2010-09-12,46
2010-09-13,61
2010-09-14,79
2010-09-15,76
2010-09-16,64
2010-09-17,58
2010-09-18,78
2010-09-19,24
2010-09-20,42
2010-09-21,61
2010-09-22,61
2010-09-23,76
2010-09-24,75
2010-09-25,71
2010-09-26,91
2010-09-27,56
2010-09-28,50
2010-09-29,100
2010-09-30,96
2010-10-01,42
2010-10-02,75
2010-10-03,54
2010-10-04,51
2010-10-05,84
2010-10-06,75
2010-10-07,53
2010-10-08,57
2010-10-09,50
2010-10-10,67
2010-10-11,50
2010-10-12,35
2010-10-13,48
2010-10-14,40
2010-10-15,62
2010-10-16,60
2010-10-17,60
2010-10-18,76
2010-10-19,89
2010-10-20,113
2010-10-21,80
2010-10-22,52
2010-10-23,90
2010-10-24,87
2010-10-25,52
2010-10-26,69
2010-10-27,92
2010-10-28,86
2010-10-29,56
2010-10-30,83
2010-10-31,70
2010-11-01,41
2010-11-02,44
2010-11-03,40
2010-11-04,59
2010-11-05,52
2010-11-06,59
2010-11-07,37
2010-11-08,54
2010-11-09,64
2010-11-10,62
2010-11-11,77
2010-11-12,86
2010-11-13,47
2010-11-14,40
2010-11-15,43
2010-11-16,37
2010-11-17,54
2010-11-18,47
2010-11-19,18
2010-11-20,56
2010-11-21,48
2010-11-22,82
2010-11-23,90
2010-11-24,87
2010-11-25,89
2010-11-26,32
2010-11-27,42
2010-11-28,45
2010-11-29,27
2010-11-30,28
2010-12-01,17
2010-12-02,17
2010-12-03,27
2010-12-04,20
2010-12-05,80
2010-12-06,24
2010-12-07,54
2010-12-08,39
2010-12-09,17
2010-12-10,28
2010-12-11,34
2010-12-12,175
2010-12-13,102
2010-12-14,109
2010-12-15,88
2010-12-16,101
2010-12-17,114
2010-12-18,104
2010-12-19,111
2010-12-20,128
2010-12-21,64
2010-12-22,68
2010-12-23,77
2010-12-24,31
2010-12-25,48
2010-12-26,58
2010-12-27,52
2010-12-28,73
2010-12-29,61
2010-12-30,102
2010-12-31,27
2011-01-01,42
2011-01-02,72
2011-01-03,61
2011-01-04,48
2011-01-05,73
2011-01-06,112
2011-01-07,65
2011-01-08,57
2011-01-09,72
2011-01-10,49
2011-01-11,43
2011-01-12,72
2011-01-13,57
2011-01-14,35
2011-01-15,35
2011-01-16,26
2011-01-17,16
2011-01-18,19
2011-01-19,45
2011-01-20,20
2011-01-21,28
2011-01-22,31
2011-01-23,25
2011-01-24,47
2011-01-25,100
2011-01-26,152
2011-01-27,82
2011-01-28,66
2011-01-29,83
2011-01-30,40
2011-01-31,35
2011-02-01,40
2011-02-02,95
2011-02-03,34
2011-02-04,54
2011-02-05,30
2011-02-06,49
2011-02-07,47
2011-02-08,49
2011-02-09,98
2011-02-10,18
2011-02-11,85
2011-02-12,70
2011-02-13,74
2011-02-14,49
2011-02-15,64
2011-02-16,36
2011-02-17,48
2011-02-18,55
2011-02-19,21
2011-02-20,30
2011-02-21,27
2011-02-22,20
2011-02-23,20
2011-02-24,49
2011-02-25,42
2011-02-26,27
2011-02-27,47
2011-02-28,126
2011-03-01,33
2011-03-02,65
2011-03-03,57
2011-03-04,41
2011-03-05,59
2011-03-06,78
2011-03-07,62
2011-03-08,47
2011-03-09,62
2011-03-10,34
2011-03-11,77
2011-03-12,69
2011-03-13,105
2011-03-14,89
2011-03-15,57
2011-03-16,17
2011-03-17,59
2011-03-18,35
2011-03-19,71
2011-03-20,91
2011-03-21,39
2011-03-22,79
2011-03-23,79
2011-03-24,19
2011-03-25,25
2011-03-26,39
2011-03-27,62
2011-03-28,63
2011-03-29,53
2011-03-30,37
2011-03-31,33
2011-04-01,44
2011-04-02,47
2011-04-03,76
2011-04-04,50
2011-04-05,46
2011-04-06,52
2011-04-07,47
2011-04-08,27
2011-04-09,38
2011-04-10,31
2011-04-11,29
2011-04-12,49
2011-04-13,33
2011-04-14,30
2011-04-15,36
2011-04-16,51
2011-04-17,35
2011-04-18,31
2011-04-19,68
2011-04-20,35
2011-04-21,43
2011-04-22,32
2011-04-23,49
2011-04-24,33
2011-04-25,38
2011-04-26,29
2011-04-27,40
2011-04-28,48
2011-04-29,23
2011-04-30,40
2011-05-01,52
2011-05-02,75
2011-05-03,50
2011-05-04,42
2011-05-05,65
2011-05-06,75
2011-05-07,48
2011-05-08,76
2011-05-09,72
2011-05-10,71
2011-05-11,58
2011-05-12,73
2011-05-13,53
2011-05-14,92
2011-05-15,56
2011-05-16,102
2011-05-17,75
2011-05-18,39
2011-05-19,39
2011-05-20,52
2011-05-21,50
2011-05-22,69
2011-05-23,36
2011-05-24,42
2011-05-25,39
2011-05-26,44
2011-05-27,31
2011-05-28,54
2011-05-29,59
2011-05-30,99
2011-05-31,73
2011-06-01,50
2011-06-02,52
2011-06-03,56
2011-06-04,19
2011-06-05,49
2011-06-06,16
2011-06-07,22
2011-06-08,45
2011-06-09,15
2011-06-10,16
2011-06-11,24
2011-06-12,27
2011-06-13,32
2011-06-14,21
2011-06-15,23
2011-06-16,18
2011-06-17,20
2011-06-18,17
2011-06-19,18
2011-06-20,21
2011-06-21,24
2011-06-22,21
2011-06-23,14
2011-06-24,9
2011-06-25,11
2011-06-26,5
2011-06-27,24
2011-06-28,15
2011-06-29,8
2011-06-30,5
2011-07-01,15
2011-07-02,3
2011-07-03,7
2011-07-04,9
2011-07-05,8
2011-07-06,14
2011-07-07,25
2011-07-08,23
2011-07-09,11
2011-07-10,18
2011-07-11,38
2011-07-12,27
2011-07-13,14
2011-07-14,27
2011-07-15,36
2011-07-16,29
2011-07-17,17
2011-07-18,21
2011-07-19,20
2011-07-20,15
2011-07-21,10
2011-07-22,28
2011-07-23,57
2011-07-24,19
2011-07-25,44
2011-07-26,39
2011-07-27,34
2011-07-28,33
2011-07-29,36
2011-07-30,49
2011-07-31,74
2011-08-01,38
2011-08-02,47
2011-08-03,86
2011-08-04,80
2011-08-05,50
2011-08-06,97
2011-08-07,106
2011-08-08,72
2011-08-09,40
2011-08-10,32
2011-08-11,19
2011-08-12,26
2011-08-13,7
2011-08-14,32
2011-08-15,81
2011-08-16,76
2011-08-17,65
2011-08-18,25
2011-08-19,34
2011-08-20,34
2011-08-21,32
2011-08-22,38
2011-08-23,45
2011-08-24,45
2011-08-25,32
2011-08-26,65
2011-08-27,34
2011-08-28,48
2011-08-29,98
2011-08-30,37
2011-08-31,93
2011-09-01,66
2011-09-02,65
2011-09-03,36
2011-09-04,29
2011-09-05,55
2011-09-06,85
2011-09-07,65
2011-09-08,57
2011-09-09,60
2011-09-10,53
2011-09-11,66
2011-09-12,45
2011-09-13,65
2011-09-14,43
2011-09-15,22
2011-09-16,66
2011-09-17,102
2011-09-18,167
2011-09-19,125
2011-09-20,116
2011-09-21,88
2011-09-22,104
2011-09-23,83
2011-09-24,65
2011-09-25,60
2011-09-26,51
2011-09-27,59
2011-09-28,34
2011-09-29,33
2011-09-30,25
2011-10-01,33
2011-10-02,20
2011-10-03,18
2011-10-04,52
2011-10-05,28
2011-10-06,19
2011-10-07,14
2011-10-08,30
2011-10-09,35
2011-10-10,65
2011-10-11,64
2011-10-12,44
2011-10-13,51
2011-10-14,51
2011-10-15,18
2011-10-16,19
2011-10-17,43
2011-10-18,31
2011-10-19,78
2011-10-20,41
2011-10-21,48
2011-10-22,19
2011-10-23,24
2011-10-24,30
2011-10-25,24
2011-10-26,41
2011-10-27,107
2011-10-28,58
2011-10-29,205
2011-10-30,97
2011-10-31,44
2011-11-01,41
2011-11-02,24
2011-11-03,23
2011-11-04,25
2011-11-05,27
2011-11-06,60
2011-11-07,42
2011-11-08,49
2011-11-09,29
2011-11-10,24
2011-11-11,63
2011-11-12,40
2011-11-13,133
2011-11-14,40
2011-11-15,37
2011-11-16,36
2011-11-17,30
2011-11-18,42
2011-11-19,39
2011-11-20,11
2011-11-21,17
2011-11-22,47
2011-11-23,127
2011-11-24,114
2011-11-25,92
2011-11-26,221
2011-11-27,61
2011-11-28,23
2011-11-29,30
2011-11-30,23
2011-12-01,41
2011-12-02,15
2011-12-03,35
2011-12-04,35
2011-12-05,11
2011-12-06,27
2011-12-07,21
2011-12-08,19
2011-12-09,11
2011-12-10,16
2011-12-11,9
2011-12-12,17
2011-12-13,25
2011-12-14,29
2011-12-15,32
2011-12-16,15
2011-12-17,16
2011-12-18,40
2011-12-19,30
2011-12-20,80
2011-12-21,41
2011-12-22,73
2011-12-23,44
2011-12-24,27
2011-12-25,34
2011-12-26,18
2011-12-27,120
2011-12-28,109
2011-12-29,107
2011-12-30,109
2011-12-31,14
2012-01-01,84
2012-01-02,95
2012-01-03,120
2012-01-04,31
2012-01-05,25
2012-01-06,22
2012-01-07,18
2012-01-08,19
2012-01-09,12
2012-01-10,26
2012-01-11,19
2012-01-12,28
2012-01-13,21
2012-01-14,9
2012-01-15,25
2012-01-16,34
2012-01-17,45
2012-01-18,18
2012-01-19,18
2012-01-20,23
2012-01-21,32
2012-01-22,18
2012-01-23,74
2012-01-24,92
2012-01-25,35
2012-01-26,31
2012-01-27,26
2012-01-28,47
2012-01-29,26
2012-01-30,44
2012-01-31,31
2012-02-01,11
2012-02-02,26
2012-02-03,7
2012-02-04,23
2012-02-05,17
2012-02-06,56
2012-02-07,54
2012-02-08,60
2012-02-09,46
2012-02-10,42
2012-02-11,9
2012-02-12,38
2012-02-13,59
2012-02-14,67
2012-02-15,47
2012-02-16,65
2012-02-17,36
2012-02-18,19
2012-02-19,96
2012-02-20,67
2012-02-21,88
2012-02-22,35
2012-02-23,42
2012-02-24,41
2012-02-25,20
2012-02-26,10
2012-02-27,23
2012-02-28,20
2012-02-29,24
2012-03-01,29
2012-03-02,27
2012-03-03,17
2012-03-04,48
2012-03-05,46
2012-03-06,47
2012-03-07,19
2012-03-08,8
2012-03-09,31
2012-03-10,7
2012-03-11,9
2012-03-12,18
2012-03-13,8
2012-03-14,9
2012-03-15,9
2012-03-16,15
2012-03-17,32
2012-03-18,14
2012-03-19,48
2012-03-20,76
2012-03-21,70
2012-03-22,55
2012-03-23,31
2012-03-24,21
2012-03-25,13
2012-03-26,16
2012-03-27,12
2012-03-28,16
2012-03-29,18
2012-03-30,15
2012-03-31,11
2012-04-01,16
2012-04-02,14
2012-04-03,17
2012-04-04,7
2012-04-05,9
2012-04-06,14
2012-04-07,27
2012-04-08,10
2012-04-09,10
2012-04-10,17
2012-04-11,12
2012-04-12,23
2012-04-13,9
2012-04-14,5
2012-04-15,29
2012-04-16,25
2012-04-17,24
2012-04-18,14
2012-04-19,4
2012-04-20,7
2012-04-21,11
2012-04-22,7
2012-04-23,11
2012-04-24,7
2012-04-25,19
2012-04-26,19
2012-04-27,11
2012-04-28,8
2012-04-29,5
2012-04-30,14
2012-05-01,39
2012-05-02,53
2012-05-03,30
2012-05-04,19
2012-05-05,18
2012-05-06,16
2012-05-07,26
2012-05-08,11
2012-05-09,13
2012-05-10,7
2012-05-11,28
2012-05-12,10
2012-05-13,7
2012-05-14,23
2012-05-15,26
2012-05-16,16
2012-05-17,12
2012-05-18,11
2012-05-19,19
2012-05-20,11
2012-05-21,20
2012-05-22,35
2012-05-23,9
2012-05-24,24
2012-05-25,32
2012-05-26,21
2012-05-27,15
2012-05-28,24
2012-05-29,25
2012-05-30,31
2012-05-31,26
2012-06-01,9
2012-06-02,20
2012-06-03,22
2012-06-04,6
2012-06-05,14
2012-06-06,12
2012-06-07,9
2012-06-08,11
2012-06-09,15
2012-06-10,9
2012-06-11,22
2012-06-12,10
2012-06-13,9
2012-06-14,10
2012-06-15,6
2012-06-16,4
2012-06-17,4
2012-06-18,8
2012-06-19,16
2012-06-20,8
2012-06-21,6
2012-06-22,11
2012-06-23,19
2012-06-24,12
2012-06-25,7
2012-06-26,7
2012-06-27,11
2012-06-28,9
2012-06-29,4
2012-06-30,28
2012-07-01,23
2012-07-02,19
2012-07-03,16
2012-07-04,13
2012-07-05,56
2012-07-06,43
2012-07-07,13
2012-07-08,20
2012-07-09,20
2012-07-10,6
2012-07-11,15
2012-07-12,26
2012-07-13,32
2012-07-14,28
2012-07-15,57
2012-07-16,19
2012-07-17,24
2012-07-18,30
2012-07-19,25
2012-07-20,15
2012-07-21,14
2012-07-22,7
2012-07-23,41
2012-07-24,6
2012-07-25,7
2012-07-26,11
2012-07-27,16
2012-07-28,14
2012-07-29,15
2012-07-30,6
2012-07-31,7
2012-08-01,12
2012-08-02,5
2012-08-04,4
2012-08-05,7
2012-08-06,9
2012-08-07,15
2012-08-08,12
2012-08-09,13
2012-08-10,4
2012-08-11,4
2012-08-12,3
2012-08-13,14
2012-08-14,13
2012-08-15,7
2012-08-16,9
2012-08-17,29
2012-08-18,18
2012-08-19,11
2012-08-20,21
2012-08-21,25
2012-08-22,9
2012-08-23,6
2012-08-24,4
2012-08-25,11
2012-08-26,13
2012-08-27,13
2012-08-28,10
2012-08-29,25
2012-08-30,29
2012-08-31,15
2012-09-01,12
2012-09-02,40
2012-09-03,38
2012-09-04,33
2012-09-05,37
2012-09-06,60
2012-09-07,18
2012-09-08,8
2012-09-09,26
2012-09-10,24
2012-09-11,33
2012-09-12,32
2012-09-13,40
2012-09-14,6
2012-09-15,20
2012-09-16,11
2012-09-17,14
2012-09-18,16
2012-09-19,21
2012-09-20,20
2012-09-21,23
2012-09-22,18
2012-09-23,27
2012-09-24,29
2012-09-25,10
2012-09-26,10
2012-09-27,19
2012-09-28,28
2012-09-29,21
2012-09-30,6
2012-10-01,29
2012-10-02,1
2012-10-03,19
2012-10-04,10
2012-10-05,15
2012-10-06,21
2012-10-07,27
2012-10-08,24
2012-10-09,22
2012-10-10,12
2012-10-11,18
2012-10-12,34
2012-10-13,7
2012-10-14,27
2012-10-15,28
2012-10-16,16
2012-10-17,9
2012-10-18,10
2012-10-19,3
2012-10-20,8
2012-10-21,10
2012-10-22,2
2012-10-23,7
2012-10-24,16
2012-10-25,9
2012-10-26,4
2012-10-27,9
2012-10-28,12
2012-10-29,21
2012-10-30,15
2012-10-31,14
2012-11-01,23
2012-11-02,4
2012-11-03,11
2012-11-04,22
2012-11-05,30
2012-11-06,7
2012-11-07,3
2012-11-08,9
2012-11-09,6
2012-11-10,13
2012-11-11,4
2012-11-12,8
2012-11-13,11
2012-11-14,32
2012-11-15,22
2012-11-16,13
2012-11-17,9
2012-11-18,3
2012-11-19,13
2012-11-20,12
2012-11-21,7
2012-11-22,26
2012-11-23,2
2012-11-24,2
2012-11-25,3
2012-11-26,1
2012-11-27,1
2012-11-28,1
2012-11-29,5
2012-11-30,2
2012-12-01,6
2012-12-02,3
2012-12-03,4
2012-12-04,7
2012-12-05,8
2012-12-06,8
2012-12-07,10
2012-12-08,6
2012-12-10,5
2012-12-11,1
2012-12-12,48
2012-12-13,15
2012-12-14,5
2012-12-15,12
2012-12-16,11
2012-12-17,10
2012-12-18,47
2012-12-19,18
2012-12-20,24
2012-12-21,32
2012-12-22,5
2012-12-23,5
2012-12-24,3
2012-12-25,2
2012-12-26,4
2012-12-27,6
2012-12-28,10
2012-12-29,8
2012-12-30,5
2012-12-31,6
2013-01-01,9
2013-01-02,2
2013-01-03,3
2013-01-04,3
2013-01-05,2
2013-01-06,3
2013-01-07,12
2013-01-08,18
2013-01-09,9
2013-01-10,5
2013-01-11,12
2013-01-12,5
2013-01-13,2
2013-01-14,6
2013-01-15,4
2013-01-16,3
2013-01-17,7
2013-01-18,5
2013-01-19,2
2013-01-20,1
2013-01-21,9
2013-01-22,13
2013-01-23,6
2013-01-24,5
2013-01-25,2
2013-01-26,1
2013-01-27,5
2013-01-28,6
2013-01-29,1
2013-01-30,8
2013-01-31,3
2013-02-01,1
2013-02-02,2
2013-02-03,2
2013-02-04,3
2013-02-05,3
2013-02-06,4
2013-02-07,7
2013-02-08,12
2013-02-09,14
2013-02-10,11
2013-02-11,9
2013-02-12,8
2013-02-13,5
2013-02-14,14
2013-02-15,38
2013-02-16,7
2013-02-17,30
2013-02-18,8
2013-02-19,29
2013-02-20,11
2013-02-21,4
2013-02-22,7
2013-02-23,11
2013-02-24,8
2013-02-25,10
2013-02-26,5
2013-02-27,4
2013-02-28,3
2013-03-01,6
2013-03-02,44
2013-03-03,35
2013-03-04,21
2013-03-05,27
2013-03-06,22
2013-03-07,30
2013-03-08,38
2013-03-09,10
2013-03-10,16
2013-03-11,17
2013-03-12,17
2013-03-13,14
2013-03-14,49
2013-03-15,36
2013-03-16,57
2013-03-17,86
2013-03-18,33
2013-03-19,34
2013-03-20,24
2013-03-21,15
2013-03-22,7
2013-03-23,3
2013-03-24,7
2013-03-25,6
2013-03-26,6
2013-03-27,2
2013-03-28,1
2013-03-29,5
2013-03-30,1
2013-03-31,2
2013-04-02,2
2013-04-03,1
2013-04-04,4
2013-04-05,4
2013-04-06,5
2013-04-08,4
2013-04-09,9
2013-04-10,5
2013-04-12,11
2013-04-13,3
2013-04-16,4
2013-04-17,16
2013-04-18,6
2013-04-19,2
2013-04-20,4
2013-04-21,3
2013-04-22,1
2013-04-23,2
2013-04-24,1
2013-04-25,6
2013-04-26,2
2013-04-28,4
2013-04-29,3
2013-04-30,3
2013-05-01,4
2013-05-02,3
2013-05-04,2
2013-05-05,6
2013-05-06,8
2013-05-07,3
2013-05-08,16
2013-05-09,3
2013-05-10,2
2013-05-11,4
2013-05-12,2
2013-05-13,10
2013-05-14,6
2013-05-15,2
2013-05-16,2
2013-05-18,2
2013-05-19,4
2013-05-20,3
2013-05-21,2
2013-05-22,19
2013-05-23,12
2013-05-24,18
2013-05-25,3
2013-05-26,10
2013-05-27,21
2013-05-28,3
2013-05-29,9
2013-05-30,3
2013-05-31,2
2013-06-05,6
2013-06-06,9
2013-06-07,10
2013-06-08,11
2013-06-09,11
2013-06-10,8
2013-06-11,8
2013-06-12,15
2013-06-13,1
2013-06-15,8
2013-06-16,4
2013-06-18,1
