newsgroup,message_id_hash,replacement_char_count,nb_body_length,matched_similarity,shuffled_similarity
no.ai,0debfbac2b14b784,12,705,0.9992590118867382,0.3897179982226183
no.ai,117de86fa437fa76,2,140,0.9952113911988559,0.520562362080096
no.ai,1298caf112c8cbae,28,880,0.9967006141721311,0.5624324761004551
no.ai,13d5ac298d332c56,29,1635,0.9931186581408274,0.47529517751507117
no.ai,14fef30edb07a1b8,6,433,0.9958957841837743,0.44790611493960025
no.ai,164942b114eb23ee,2,828,0.9947440740200514,0.5368431600187592
no.ai,1d2e410b5013cfbc,28,1334,0.9983635735610412,0.6490338445330694
no.ai,202914214bebf6cb,9,485,0.992340157483622,0.5750875796902355
no.ai,21a6abb620695cec,15,915,0.9964531515127072,0.5145011799652458
no.ai,2fab2999bd24043d,7,610,0.9900363553765021,0.5605773182433794
no.ai,334f912bbff9a48e,8,337,0.9946339698536599,0.7800270138492844
no.ai,4604a3336a182c37,14,494,0.9698649269253264,0.6609583858057986
no.ai,4655906211d6c9ca,1,1096,0.9996657619971283,0.4627243562771826
no.ai,50c2be546f276985,36,2155,0.9980596733767565,0.5057962744162311
no.ai,574ab9edee545191,27,1493,0.9987760553415741,0.5943860912295841
no.ai,5901e639db7df1a3,1,413,0.9995144261901884,0.8537234821250332
no.ai,666dcfa1c13e8594,6,489,0.9952167084624086,0.4918468828422217
no.ai,6a1187d925d2b0da,2,617,0.9999129299903662,0.4032902957387031
no.ai,71e203a201c80565,18,1443,0.9990685541398322,0.5946911808702336
no.ai,73b3d8ec260a728a,3,291,0.9966165105677579,0.6384641822622171
no.ai,748bf51203f66663,2,88,0.9834936120638088,0.6125842246562895
no.ai,78f5d2eb31267b38,24,1356,0.9952636145827135,0.5242736672707942
no.ai,7b83514e47c1f900,2,255,0.9987090296446409,0.6389521602816169
no.ai,85ba6d8ef5e085f7,18,622,0.9968984444284524,0.5744874194201673
no.ai,8b436cf2b88567d2,10,284,0.9947833212012831,0.5562973972264433
no.ai,8ff5d07dbfa58218,20,1329,0.9972063489673636,0.5081682885306229
no.ai,913127183a7d56cc,13,802,0.997818039994297,0.42271435768112875
no.ai,920f8faa53024945,42,2048,0.9985493580591612,0.4989417115799257
no.ai,92dd5c903177901d,5,128,0.9854960890372809,0.606463784593903
no.ai,92f175275985f922,9,672,0.9987194564077778,0.5750073233173114
no.ai,a470beb381e91201,11,272,0.990800848713827,0.5961276574512187
no.ai,a9f8fa3e4d6a5411,1,166,0.9972047208382236,0.5639732714356601
no.ai,cd9eddd89dc0fd85,8,288,0.9858650997645705,0.5872096885886492
no.ai,d299c66cbe959d82,4,513,0.997251680782684,0.4386533739250331
no.ai,d8e15c059d8b981c,1,1298,0.9991286524654589,0.7418038997932067
no.ai,db004c412e4e161a,8,237,0.9872666159923051,0.5881962712498082
no.ai,e37bc92d63b3d6a0,5,525,0.994312105118195,0.7372347438210772
no.ai,e3d038e5c245fdec,31,1264,0.9976750860544953,0.6414469190032147
no.ai,eb7f9823513115d9,1,435,0.9997821269253644,0.4189781783003368
no.ai,ecbbdc05a35ef0d0,92,6436,0.9967940552965636,0.6555967608450483
no.ai,f37ec4133eca75f8,11,346,0.988452094279395,0.45638861097605105
no.ai,fb778c454b37945e,10,642,0.9995501573076963,0.6094386113722674
no.alkohol,0640c50ff6cf0a8d,4,190,0.9919708858572711,0.5620766430109191
no.alkohol,071dbf71200a5dcd,2,21,0.6686906633015176,0.45224074029892214
no.alkohol,1091e087c43b78aa,1,294,0.9998909932613141,0.6271917283472123
no.alkohol,12929acbf0a6e5eb,19,1377,0.998562318949463,0.6721530079868963
no.alkohol,14a043dc8710337b,8,605,0.9929884781184262,0.5392615462186691
no.alkohol,14c3f3002780b797,5,103,0.8536301887454174,0.6788106992949093
no.alkohol,34c3e18b48187f24,14,624,0.9238354777877866,0.45383801480670366
no.alkohol,3e6c745b80f49652,3,91,0.7830622824121976,0.6633116521671274
no.alkohol,41f6a17d97653407,1,151,0.9995368740013338,0.4615997236268678
no.alkohol,451dd55e1b8b155c,24,1549,0.9986213279356979,0.4249498465673483
no.alkohol,4b2d5082c5a03c0f,15,884,0.9977153317252873,0.5695762934428475
no.alkohol,555e55914da3ead3,4,308,0.9952551901410462,0.7694690368103109
no.alkohol,5770563f4f317aab,10,719,0.9987534412756862,0.4541307773398504
no.alkohol,588304989b43c429,16,928,0.9831981638958546,0.49533062714304454
no.alkohol,58e07721cb5db164,7,826,0.9981880409729424,0.6853702036129212
no.alkohol,5a1f1044e6780d6e,26,1411,0.9984610320296757,0.4405187102837271
no.alkohol,5a50a5d5d90a9d25,16,1296,0.9983697384705262,0.6559853053603778
no.alkohol,64f1441245531d97,53,2609,0.995884711004186,0.5307134139732798
no.alkohol,6c70a268c7c6549e,5,295,0.9965553802110655,0.43792688705077387
no.alkohol,71f084e75538bc2d,1,64,0.9984578452516231,0.526350144040451
no.alkohol,73d0a9f1b63bd2f2,14,705,0.9981334911558405,0.633296155677555
no.alkohol,841ed8970dece0d4,131,4641,0.9906804050019039,0.47061534800443156
no.alkohol,867deaee18211c87,12,578,0.9431630823313019,0.5215736371143471
no.alkohol,8a95c294e16bcb58,15,529,0.9467644865631363,0.600515939402032
no.alkohol,974eee2a3e9ea5ec,8,517,0.9944905171556586,0.5071150820525038
no.alkohol,987df42e9cb1b541,9,814,0.9985446551645744,0.5500923832153797
no.alkohol,9ff9fcbd8de50423,13,561,0.9978412448199045,0.5697128927094512
no.alkohol,ab26feceddd921f2,8,326,0.9859948093958746,0.45418644338552144
no.alkohol,ada9327c2f197d68,13,911,0.995525154428806,0.6052314847292963
no.alkohol,b265e8c7498be8e5,9,692,0.9988408043562043,0.5596945865347879
no.alkohol,b4b709a32610a4a1,116,6027,0.9964759823434731,0.4696337185495328
no.alkohol,b71e3c5de3070854,62,3008,0.9986168760371167,0.6364344539304722
no.alkohol,c5328e6df63f2af6,9,634,0.9984109332752282,0.7121535965773487
no.alkohol,c93c2ae77a6682f9,8,571,0.9982659369294834,0.4028787248473888
no.alkohol,d226e2f3b0862358,8,891,0.997215143698179,0.4378514345957335
no.alkohol,d2fab6b2608415fc,3,240,0.9995863972886739,0.42640168128689165
no.alkohol,dc964805aece904e,50,3277,0.9987980845057395,0.7169266951371505
no.alkohol,e530e8c97c5f403f,26,1692,0.9994212388888324,0.7329654390028957
no.alkohol,ea836b168ba3987a,4,218,0.9980330889999565,0.534552853210541
no.alkohol,f5545bedd363f68b,3,320,0.9959359122230846,0.5627451312664222
no.alkohol,f5a8f5a7543f6902,4,680,0.998829532614663,0.4615554403785467
no.alkohol,fba38c6344c44649,33,1766,0.998337484348724,0.40208512219357784
no.alkohol,feadd56f42a7d14f,100,4204,0.9982103621607032,0.27613339580507196
no.alt.arkiv,01c17873effff80e,2,847,0.9952054952032618,0.4633031617214515
no.alt.arkiv,055ba2fd464b7fa0,2,1598,0.9956763237133299,0.8058441816045063
no.alt.arkiv,070d8fb774833ba1,2,342,0.996305932982028,0.6372162040559274
no.alt.arkiv,0d0da0a5ae5b45ed,2,1622,0.9969186110086635,0.3827825432232813
no.alt.arkiv,114b43edd2aa8875,2,358,0.9963719173248976,0.687926725619118
no.alt.arkiv,1fe46df69b9abac3,2,330,0.9969866697792445,0.6780701446337695
no.alt.arkiv,2008dd61341220e2,2,785,0.9942475975955509,0.8009149545677443
no.alt.arkiv,215f9e4a41794caa,2,422,0.9953822932209511,0.6058919181060889
no.alt.arkiv,2ba19e287ed17987,2,241,0.9979489604464961,0.554146018052998
no.alt.arkiv,2f1fdef220af92b4,2,762,0.9976803187926478,0.4430613701213136
no.alt.arkiv,3d7cab9f6b52056b,2,2377,0.9947542958652289,0.487551732403384
no.alt.arkiv,4702ebda26fce729,2,623,0.9975125881028959,0.5042319980621476
no.alt.arkiv,5aa5bc282199e860,2,270,0.9970803263288375,0.543868698526699
no.alt.arkiv,62243475c12ddce0,2,1438,0.9956522859115138,0.7021500179389749
no.alt.arkiv,6549bd910f6ff6e3,2,471,0.9961554852691349,0.6906170564354333
no.alt.arkiv,66b797d360fdb4b8,2,326,0.9972174120031873,0.5804052879110606
no.alt.arkiv,6bbfefd74c05ffac,2,598,0.9961615477898021,0.36322189046163217
no.alt.arkiv,761c8e11509f29e9,2,330,0.9960826165945827,0.8141065173730289
no.alt.arkiv,77269b6ac5c9b6f6,2,2475,0.9971819422840857,0.5003843879457742
no.alt.arkiv,7acd7e696ffedeff,2,325,0.9974716560013969,0.3967939601613477
no.alt.arkiv,82b2527f869f49c7,1,1382,0.999743666171761,0.5411243416691403
no.alt.arkiv,8b19a05a61bd4296,2,756,0.9951722874023576,0.6548930367757937
no.alt.arkiv,8eae22d5ce6f2c78,2,1051,0.9956543365663214,0.7194271513831545
no.alt.arkiv,9aa38a287cc01923,2,1503,0.9962048796949035,0.7501155487687358
no.alt.arkiv,a367eddf619db795,2,1303,0.9957230877467026,0.8106411315131288
no.alt.arkiv,a40d3cbee0e9308a,2,811,0.9969389696683083,0.77053002221887
no.alt.arkiv,a83ae8d519fe4276,2,465,0.9950740376253183,0.49788964559257637
no.alt.arkiv,ad4e9ced9b3051ca,2,1281,0.9950557900820266,0.5188568361239869
no.alt.arkiv,af2b1d23de21552d,2,344,0.9969101271236628,0.40443187184205615
no.alt.arkiv,b20dd2143aae2bf1,2,1354,0.9960353198067109,0.4893246462214396
no.alt.arkiv,ceb0a7dbde39e4f5,1,2344,0.9998127174595283,0.6097058282798323
no.alt.arkiv,d6edb14733abd26b,2,1003,0.996692965520947,0.4417844142955884
no.alt.arkiv,d7175aeecf51ed91,2,1239,0.9927493457658811,0.39469921073418873
no.alt.arkiv,d782f5d234eab191,2,287,0.9966842932152294,0.4924717693932842
no.alt.arkiv,e77b4ec59183a742,2,709,0.9955010064757943,0.594619114022742
no.alt.arkiv,e8112e327306af1a,2,625,0.9947755007989969,0.4926067763116578
no.alt.arkiv,f3132fd6c1ec631a,2,730,0.996178978514479,0.684232507611783
no.alt.arkiv,f3d86e3861508c8e,2,1132,0.9951016346767352,0.6809825328912369
no.alt.arkiv,f8f263f7507097c0,2,2979,0.9936247341831099,0.5088286181453876
no.alt.arkiv,f96dab251d04b617,2,2087,0.9919747098914156,0.648083749945631
no.alt.arkiv,fbd1fad6b76a370e,2,522,0.9970069431393445,0.4168458897255609
no.alt.arkiv,fc91f18491baee56,2,946,0.9945855102342019,0.5473356104598625
no.alt.config,051bfa92a01a12be,4,112,0.996927352799846,0.6718612327658054
no.alt.config,0b1abddc496e0486,5,338,0.9422618711793651,0.6807607009653195
no.alt.config,0ca1751bf9bffb27,2,75,0.9943090135803921,0.5678303916279263
no.alt.config,2120492f88e2a99a,6,280,0.9983293067306236,0.7052169659655395
no.alt.config,294fef60a6784e99,5,416,0.9986586916597312,0.7333794766306073
no.alt.config,2d442280836f3221,6,564,0.9979874243628863,0.6395733360554564
no.alt.config,32ef962bafa61421,5,379,0.9946453897714409,0.7016145763984768
no.alt.config,340c0d57fa28bfd9,3,230,0.9983121372931014,0.6552818346431151
no.alt.config,3b65fa195ecc9e81,8,618,0.9967418788737923,0.5286088430841263
no.alt.config,40855fe007a6c498,5,601,0.9952872430934624,0.5295433991162969
no.alt.config,46b8563fe010be48,15,471,0.9963578522490916,0.4564074067505776
no.alt.config,49cf931c6b07c50a,1,268,0.9992561335566289,0.6700378747081743
no.alt.config,4a0e4bddd3b2524b,1,181,0.9974576692742265,0.8660102062678231
no.alt.config,4c9db227f09decb8,4,305,0.9959983131483461,0.5708071949395601
no.alt.config,5127a9ca772df464,5,460,0.9994395881619125,0.6035613075890062
no.alt.config,553a366ccc94a490,17,1384,0.9991993786474651,0.522057529097667
no.alt.config,612c9350f7752173,2,465,0.9993206043117564,0.4688722334452248
no.alt.config,65254cc6cf4438be,10,924,0.9986950892147606,0.6147587519987316
no.alt.config,6683448395261ca6,5,470,0.9990927809964576,0.5705325705242132
no.alt.config,68a8e813215d152e,5,812,0.9983402266141057,0.5084116108940392
no.alt.config,6921cd274b2f0196,11,566,0.9928299332842949,0.668322893359927
no.alt.config,6ae594d53eddc3d8,32,1085,0.9949958127555864,0.548673024683428
no.alt.config,a791ef942d5a4ec2,3,642,0.9976406424095776,0.6664978042036868
no.alt.config,aeaa4ce1a53c7816,16,1010,0.9969998685134461,0.42591839539083887
no.alt.config,b3be9072e6c16ee2,5,1011,0.9993695443619488,0.5037226145424544
no.alt.config,bb359defa41e4f01,2,350,0.9989694965792222,0.5628934997123529
no.alt.config,c69ff29484e605cc,8,1155,0.9995261607542403,0.471937889109128
no.alt.config,cbae3d798bf7e236,5,694,0.9992846378294922,0.6886878416039289
no.alt.config,d2068eb70a27ec59,11,628,0.9960073044858554,0.7364550335827855
no.alt.config,d9b991df469c03c4,5,470,0.9922475343379196,0.630832354440843
no.alt.config,dbd465fc46ee68ce,18,695,0.9962282484936927,0.5344446727117405
no.alt.config,e377be3922a4abbb,16,715,0.9386548017624703,0.7062638100202251
no.alt.config,e3b7ea51c7757212,9,557,0.967318845056848,0.5237900146981492
no.alt.config,e486764f98f73563,3,425,0.9985210797333965,0.664979103363442
no.alt.config,e55116455a871e9e,3,218,0.9989561703320373,0.577696042172742
no.alt.config,eb1da8a2e256f51a,17,948,0.9970232593913392,0.7592834481941075
no.alt.config,f284d98892d9a41f,13,733,0.9948840203598877,0.4775572419972188
no.alt.config,f5fff86e043b4d34,3,1012,0.996212733667734,0.5686817883934506
no.alt.config,f835371a89057ae6,1,274,0.9996174867173967,0.4878387769651323
no.alt.config,f86cc10c32caa6fb,23,1410,0.9985221055164415,0.6803187844516965
no.alt.config,f8d6f4391624bc68,6,846,0.9992030154435031,0.794352322360982
no.alt.config,fc4dc2310ed070cb,39,2822,0.9982526302443665,0.5959985678557747
no.alt.diskusjoner,0233867a4866c9bd,2,256,0.9976157432313476,0.576311864513324
no.alt.diskusjoner,0e2ba4c49b721369,16,935,0.9986785142561682,0.5738776465212779
no.alt.diskusjoner,0f923eba6cec0925,1,388,0.9972974353940899,0.4233228692615245
no.alt.diskusjoner,1173d5a22de3b042,36,1870,0.9986301763886807,0.5167163530031037
no.alt.diskusjoner,12d92dde3414f281,37,2108,0.9968066950534019,0.5184990370954663
no.alt.diskusjoner,168521096114096e,7,875,0.9994361897046521,0.5029325901413415
no.alt.diskusjoner,19cc3da64dd695a2,4,559,0.999723307171457,0.6510028980953627
no.alt.diskusjoner,1a59fcc83051eb71,11,338,0.9741855637651116,0.6625356011609078
no.alt.diskusjoner,1da0c5f0bcd98203,396,20192,0.9949902269600487,0.43761448065950914
no.alt.diskusjoner,201056b8253c3a85,9,758,0.9991402881214959,0.5070533506152576
no.alt.diskusjoner,2ba7beff8664530d,3,271,0.9977755005923262,0.5504127762197569
no.alt.diskusjoner,2c0adbfcf167cdba,9,1093,0.9979884952493956,0.4509278668978545
no.alt.diskusjoner,31517bc44d740f9d,3,565,0.9982386678977637,0.6282339913733033
no.alt.diskusjoner,39ef76eb7d41afbd,11,473,0.9991172550302961,0.529372821020496
no.alt.diskusjoner,3d8331c270941f66,6,414,0.9969683255624261,0.5011419414880669
no.alt.diskusjoner,46394efda1f0e7d5,262,17285,0.9985130504566702,0.49061955480165975
no.alt.diskusjoner,54224e0a676a9190,4,507,0.998531221448162,0.5063007857380056
no.alt.diskusjoner,5c72adbed3c6fe7d,76,3657,0.9949842847778283,0.5397641493870344
no.alt.diskusjoner,603615305fa30ddb,4,300,0.9980755197792083,0.5748185430313207
no.alt.diskusjoner,62012e16796a2921,2,393,0.999568558754357,0.5165388986194885
no.alt.diskusjoner,76fd17918aa9f623,12,693,0.9972630460095957,0.5310458719784438
no.alt.diskusjoner,7df55387165ad8ed,7,451,0.9988972235051035,0.5029542555908713
no.alt.diskusjoner,8794d6fc69e21137,5,368,0.9914922474114665,0.808840097658027
no.alt.diskusjoner,88280008470a3e4b,2,332,0.9995144831637948,0.5630495837669494
no.alt.diskusjoner,8863c03236f902e6,8,326,0.9920115476726284,0.5754907064146654
no.alt.diskusjoner,9bd6604c64b84815,53,2439,0.9848915068049207,0.48602942660917225
no.alt.diskusjoner,9ec23a09efbb2c45,51,2463,0.977893173471701,0.5795831960717346
no.alt.diskusjoner,a6fe713914a48b41,1,386,0.9926071784024498,0.5834953790232583
no.alt.diskusjoner,ab5b19b3fdcda2c5,4,352,0.9827312001674617,0.5472163004750058
no.alt.diskusjoner,add1da0d63c8364c,1,630,0.9994468110830026,0.539088606605263
no.alt.diskusjoner,b1b0ad9f0e95e8d1,15,1417,0.9986930780352012,0.682963074001747
no.alt.diskusjoner,c312cbe8c62b2956,1,1100,0.9998206157690087,0.5426818947590856
no.alt.diskusjoner,c8aab3db89fd9037,233,19714,0.9988904450644177,0.3917388974699583
no.alt.diskusjoner,cc32458615a14d47,19,1026,0.9966994546739742,0.46496450211332807
no.alt.diskusjoner,d712478ab948bbdd,21,1465,0.9985203202271864,0.628440691968974
no.alt.diskusjoner,dac3ee921d4a276c,13,765,0.9987290283383667,0.4998063070677757
no.alt.diskusjoner,e7359649e78d0f10,2,293,0.9986998223582582,0.33099807365081885
no.alt.diskusjoner,f0c0962169f9b4eb,16,725,0.9963041035147032,0.5740951357601621
no.alt.diskusjoner,f493899073d155a3,2,509,0.9997048378561963,0.5662343172553903
no.alt.diskusjoner,f6924fe1b04a0521,15,2012,0.9989946008140491,0.47945384817129527
no.alt.diskusjoner,fa86ca22e5849d98,13,739,0.9982888063024502,0.610498654703736
no.alt.diskusjoner,fd51627707bff434,6,232,0.9954701990611624,0.6529093207977689
no.alt.fan.de-lillos,0d659d15feeff857,13,558,0.9969629288098116,0.5643493578379144
no.alt.fan.de-lillos,0d842ec156447702,3,277,0.9947006333771174,0.5225878354378862
no.alt.fan.de-lillos,10c4075c282f7085,35,2211,0.999227462360645,0.4338301000734121
no.alt.fan.de-lillos,1367d9eab2eb38b9,5,237,0.991237127480581,0.6437603815578816
no.alt.fan.de-lillos,22712ac44dc368be,6,313,0.9768977527315067,0.5051848518007063
no.alt.fan.de-lillos,31627a42a634c9a3,3,328,0.9946956721037084,0.6086494838011934
no.alt.fan.de-lillos,3d4b4ebcd05970c2,5,190,0.9889988611210168,0.6124401318966572
no.alt.fan.de-lillos,44ec4cadfe1805b9,1,53,0.9656594190516242,0.5019056304966781
no.alt.fan.de-lillos,4d5b2b5f1b24621c,1,217,0.9988396261494362,0.5850634668706567
no.alt.fan.de-lillos,55b6900f092f751f,2,366,0.999326327189547,0.6062632903435727
no.alt.fan.de-lillos,57d7ed2d98c16ad3,4,621,0.9942971758807088,0.4480700195983873
no.alt.fan.de-lillos,5f81c50a8be45c32,7,412,0.9949462190320457,0.5068636905366236
no.alt.fan.de-lillos,6c1578b81e9f3bbb,1,72,0.9811964167586931,0.6283694718634157
no.alt.fan.de-lillos,6c73d6fc0c14c667,16,879,0.9983854550010907,0.4619487056010508
no.alt.fan.de-lillos,756e80ae6f3e9e74,1,280,0.9995106610901667,0.5494751687702457
no.alt.fan.de-lillos,79e27c803cb85644,7,868,0.9987050388809373,0.6290918334495031
no.alt.fan.de-lillos,841ca608c9c0fcd0,2,160,0.9978160102407633,0.5582909906823971
no.alt.fan.de-lillos,866529e1807487a1,1,117,0.9989726538914265,0.48398702576952835
no.alt.fan.de-lillos,8871bef9e926b2a2,14,601,0.9968975351226114,0.4515686299000626
no.alt.fan.de-lillos,92506643b8f915c6,2,300,0.9954789018083776,0.7236032873260967
no.alt.fan.de-lillos,97e08e68d7203e12,27,1495,0.9988562634337957,0.7041037260666398
no.alt.fan.de-lillos,9f511c264cb09585,1,106,0.9284335883678738,0.4513853638484391
no.alt.fan.de-lillos,ac42dcd448571c24,3,224,0.8546763718471087,0.4894651823244656
no.alt.fan.de-lillos,acf3336b72b84bbe,2,191,0.9960216900464257,0.5014843994715392
no.alt.fan.de-lillos,b513fe4ccb46386e,5,361,0.9960819533564957,0.8268049984998909
no.alt.fan.de-lillos,c7e4958fbd9e1bfa,8,428,0.9905814115577014,0.5269680226857105
no.alt.fan.de-lillos,c99b2cd30aefa80d,7,764,0.9985767919575949,0.4730394068275838
no.alt.fan.de-lillos,d14d9631eaed5a66,3,127,0.9963088577721888,0.5546477443777327
no.alt.fan.de-lillos,d2e462ed4a2b3300,5,221,0.9970693218037704,0.5798917738549518
no.alt.fan.de-lillos,d3c3a343cdc3e3c8,9,492,0.997464279304207,0.5863891244227271
no.alt.fan.de-lillos,e0dfbcbae4e1455e,13,878,0.9984316504999567,0.6587680837018033
no.alt.fan.de-lillos,e3f09223c9e53884,15,368,0.9969559541076773,0.4825317662534885
no.alt.fan.de-lillos,ed5323525574dcf0,10,490,0.9975917880034343,0.5273034831544411
no.alt.fan.de-lillos,f0be792ba501c48b,9,456,0.9973439828194304,0.6296079561788139
no.alt.fan.de-lillos,f60033210f8b5671,13,706,0.9972253890651936,0.6547960368380668
no.alt.fan.de-lillos,f7d37261f5b1e495,7,591,0.9879771268764618,0.687769942929273
no.alt.fan.de-lillos,fd73843d09327150,8,393,0.9977397485399806,0.5794079510845833
no.alt.flame,0102ff71287a59d0,10,715,0.998333921864173,0.6591150163726446
no.alt.flame,0422f3cfc244aed6,1,826,0.9996863163153646,0.5355768718659712
no.alt.flame,0831d6ad0d301f13,10,687,0.9976903952586195,0.5103539807487141
no.alt.flame,1c80248ab82cf6c7,7,552,0.9969571989074907,0.4714238239625663
no.alt.flame,1c86ccc86ec2b9d2,7,545,0.9958056933060294,0.6665647432319308
no.alt.flame,1f4b2aac8ebec55f,6,1017,0.9980506374364023,0.5301252104191628
no.alt.flame,21b6211444ae58a4,16,870,0.9947939873353194,0.5289215309331645
no.alt.flame,2a3f7df5dc22c21c,3,972,0.9986278706327075,0.5677089746169345
no.alt.flame,2a74e7669c6246f3,6,264,0.9800769103114294,0.45166337815057944
no.alt.flame,33418359e34cfa1c,2,576,0.9855845868992079,0.5486928680981815
no.alt.flame,360ffeda7b73a74a,7,973,0.9988903841004279,0.5413150890036487
no.alt.flame,3cc17928421018bb,1,976,0.999571933165829,0.5892397044871722
no.alt.flame,518bb4f4d1edec90,1,3098,0.9997884232794682,0.4870135546121991
no.alt.flame,5bd3841e977396a4,11,593,0.9821702544762898,0.6791046341841326
no.alt.flame,5f6de33cc7445608,4,931,0.9996303941105686,0.5551252315224542
no.alt.flame,644343d1bdd87fda,17,1262,0.9839343755462271,0.4913245602976628
no.alt.flame,6f44589c9cea81ba,2,1900,0.9957823424071238,0.37266757045610904
no.alt.flame,6fa80b585e3372a5,8,711,0.9974876519409495,0.604009511311854
no.alt.flame,75ef926b64a74b3c,3,562,0.9983626740721847,0.5735652348453357
no.alt.flame,76bb5e004ccb9d22,15,945,0.9908981157054283,0.5431260409944499
no.alt.flame,81f877b3b0a76723,1,171,0.9847140739252916,0.762087430221046
no.alt.flame,90d1bd3d31819311,5,874,0.9954092391259447,0.5193285224858222
no.alt.flame,99ef24d7d427a991,1,761,0.9994863632875914,0.6528557009405774
no.alt.flame,a6815f274fd54ef3,8,840,0.9985653092022506,0.7327592980866547
no.alt.flame,af9c43009a4ad879,47,1898,0.9973022290940683,0.5311528903234665
no.alt.flame,b6b95f18b8a85e7d,41,3533,0.9993192422043344,0.5634415005699444
no.alt.flame,c42b4c0b5f38260e,9,769,0.9936489165175643,0.5796736761279409
no.alt.flame,cbcbb5979a94d796,6,186,0.9843593615375537,0.7112979573426593
no.alt.flame,cc0a284fee517f38,11,757,0.998987947891279,0.47311843650175195
no.alt.flame,cdc82a3229906c96,3,445,0.9987392940621144,0.5589630016378728
no.alt.flame,d0ecab7b72741de4,10,388,0.9903261490983823,0.47170895309246497
no.alt.flame,d1d5d522d01a15f6,13,647,0.9903299246210286,0.7661378494818306
no.alt.flame,d332a50376b71eb5,1,837,0.9996817141842367,0.43896519811339063
no.alt.flame,d38eba4577261f4c,2,771,0.9992118002704533,0.6043429770734172
no.alt.flame,da4870131ac6e1ae,3,196,0.977744962282402,0.6531836042816306
no.alt.flame,dfc32598aa716534,1,835,0.9999055721612071,0.5745623892282135
no.alt.flame,e2138fc2999050fe,3,314,0.9980238922349172,0.5198553307378107
no.alt.flame,e5c5ccf4a9c06582,5,332,0.9988070021421535,0.6146924913653653
no.alt.flame,ea6e2ec66c711ab1,4,342,0.9929899513362007,0.6917942792575399
no.alt.flame,f7313134f5eaae1c,1,788,0.9997978463137794,0.34720037352862293
no.alt.flame,f7d302ae16701e25,1,1117,0.9998580960676058,0.38424975412002654
no.alt.flame,fd127c3d55b596c8,4,831,0.999809570561406,0.5610374820956052
no.alt.gledesutbrudd,0122f16cdb4cdd77,17,896,0.9912453541077907,0.5407263776401984
no.alt.gledesutbrudd,0bb51634841af5ad,5,438,0.994998205449144,0.568257054881301
no.alt.gledesutbrudd,16f9d2656801e42b,11,452,0.9933928467205251,0.6812558861471311
no.alt.gledesutbrudd,1d3ca22dc1ee3586,10,387,0.9959988103980952,0.6120787975323807
no.alt.gledesutbrudd,1d9aa90384a64c8a,32,1344,0.9959457548291272,0.5962087197677389
no.alt.gledesutbrudd,20cf368fa9f1355d,2,245,0.996104577478421,0.5176994516579431
no.alt.gledesutbrudd,27c98115a44fe7ee,17,753,0.9957752716366707,0.5310060263173214
no.alt.gledesutbrudd,304f73bd696eb515,4,230,0.9950387494717415,0.4909178010853922
no.alt.gledesutbrudd,3211c05b077c9bf0,4,214,0.994182498304176,0.519645156092834
no.alt.gledesutbrudd,3347bc91fd4056e2,19,762,0.9960917059370185,0.450304282545917
no.alt.gledesutbrudd,34792e203559ea6a,1,100,0.9978686681366019,0.5115205256952036
no.alt.gledesutbrudd,352c1c84245ac6cd,2,225,0.9969098089012064,0.6045833598200907
no.alt.gledesutbrudd,3b672ee285a68f5d,8,462,0.9954644440196551,0.4896292871981973
no.alt.gledesutbrudd,3baece45b52c26be,3,225,0.9970782951167935,0.6476859785206973
no.alt.gledesutbrudd,42b2a0c390e1ff71,15,1224,0.9976972829882634,0.5595810563307648
no.alt.gledesutbrudd,4afd7ca44adfd902,6,162,0.9887226129923137,0.6631093981964797
no.alt.gledesutbrudd,4c3207cc40f4521e,3,292,0.9967396826062263,0.6153303784828696
no.alt.gledesutbrudd,4ed0877e68287597,3,186,0.9950817388895986,0.5649694719441858
no.alt.gledesutbrudd,500868304f03b242,7,318,0.995070053851776,0.5252028300631499
no.alt.gledesutbrudd,58c8d06bd813569d,5,503,0.9952910055579159,0.6205755591914948
no.alt.gledesutbrudd,62e88d45f495b049,5,393,0.9921885185818263,0.6662118869124268
no.alt.gledesutbrudd,67e473182f9240e8,3,361,0.9990520434576213,0.6117370497768415
no.alt.gledesutbrudd,699646cfeeebcc41,1,38,0.9346168285108383,0.5347713285263422
no.alt.gledesutbrudd,699a8959baac89b8,3,256,0.9941951507915291,0.5739212237159058
no.alt.gledesutbrudd,708d7fc8f59835e5,4,252,0.9850822100652049,0.5916248416113795
no.alt.gledesutbrudd,717610354c5c1746,15,458,0.9855770364386001,0.7999417571026739
no.alt.gledesutbrudd,79e43f8714b7bf00,7,386,0.9942219955289011,0.5256619225338627
no.alt.gledesutbrudd,8a96c0ca234839b4,4,284,0.9962197684520803,0.5879932627569817
no.alt.gledesutbrudd,8d0c2d1075a77196,15,508,0.9950921553695761,0.5344030581949455
no.alt.gledesutbrudd,a308cc5686c8623c,2,275,0.9992470226312788,0.6254965571257349
no.alt.gledesutbrudd,b16181f8ead7ea1e,2,847,0.9997100039529901,0.7279554435040075
no.alt.gledesutbrudd,b505a786d7df7d7a,9,318,0.9878566183024947,0.7394190911700441
no.alt.gledesutbrudd,b780bebd2103bc42,8,333,0.9903279771239398,0.5031947013204364
no.alt.gledesutbrudd,b7a5d4dd07321fb1,2,254,0.9993029491911579,0.5729313204377374
no.alt.gledesutbrudd,bdf5d012d07d32ac,14,966,0.9957693239882246,0.5239837739326484
no.alt.gledesutbrudd,c0e49b02bc4bba8e,3,213,0.9931412130502524,0.49034510902885153
no.alt.gledesutbrudd,cf947ab4707c4a57,8,239,0.9626385830783553,0.5992913962498376
no.alt.gledesutbrudd,e1ca28001062dec4,2,121,0.99871739656155,0.47756581809196746
no.alt.gledesutbrudd,e43765d03ba110c9,5,302,0.9892225110726695,0.6171360442365548
no.alt.gledesutbrudd,e7276fd2f5388c9a,8,798,0.9994388535505244,0.5258634298662114
no.alt.gledesutbrudd,ef9c8abf3646f2b5,5,139,0.9669350345016646,0.5359797379767214
no.alt.gledesutbrudd,f2ec777cf7a17763,3,215,0.9976639080319969,0.43247477551979585
no.alt.gledesutbrudd,fc63084e2c10c5c5,5,653,0.9990593487635969,0.6962499910435519
no.alt.god.jul,087d224adf143252,3,440,0.9924489454211377,0.6167340613848039
no.alt.god.jul,0da8dbafe2acd5dc,17,871,0.9987310535976531,0.5304335218206383
no.alt.god.jul,0f02765e642d6799,3,292,0.9990039906160261,0.5962397542741703
no.alt.god.jul,110ab86ef0364e0c,2,97,0.9344264508482646,0.5559852907632808
no.alt.god.jul,19f1df6e0fa46fcf,3,4058,0.9998910425492811,0.5474726300413351
no.alt.god.jul,1be6068a5fa8511f,7,554,0.9990175788228618,0.5514074780976185
no.alt.god.jul,26679b051c45ef93,1,25,0.9922429632615073,0.5665553050468413
no.alt.god.jul,2d5637eee37377c0,10,738,0.997241750150739,0.5772596452313781
no.alt.god.jul,36caf2d8682d42a9,10,636,0.9827844187152418,0.5220289589975216
no.alt.god.jul,435744c1656a38af,6,474,0.9876684587019721,0.6538921625978517
no.alt.god.jul,44853256ba8f0298,13,769,0.9984237322528569,0.6947972233100844
no.alt.god.jul,45c6e1d42b8473d0,2,169,0.9856871567230369,0.5653925087077833
no.alt.god.jul,46dc95541fcbc852,3,320,0.9974577155494996,0.3609972215356351
no.alt.god.jul,49e07ec485aaf3d3,8,229,0.9891077441472843,0.6520063511074995
no.alt.god.jul,51407be80d0e602f,1,231,0.9995055513358277,0.5290758124586972
no.alt.god.jul,51525208234b9075,30,1600,0.989310314841287,0.6687113953130089
no.alt.god.jul,5ee7271c07446aa7,5,140,0.998772941225681,0.43925373491071257
no.alt.god.jul,669d00c262aee58c,33,1574,0.9906529618255433,0.559475067165464
no.alt.god.jul,6999863390e2e2b8,1,3828,0.999906908528689,0.4121570668791783
no.alt.god.jul,6c07477268990009,2,174,0.9992169702712353,0.41557440544840224
no.alt.god.jul,6c4069b9f6b6f598,2,85,0.9903899958898387,0.48449134550417783
no.alt.god.jul,73d6ce4a2a2400a7,5,348,0.9871160381806753,0.5351080419537367
no.alt.god.jul,8bcede8abe53816b,8,615,0.9768614723239455,0.6565640059660282
no.alt.god.jul,90d266461d2bdf63,3,370,0.9981274028682925,0.8251540711975262
no.alt.god.jul,91cbb304c01c0696,6,575,0.9831554311163094,0.57551314065973
no.alt.god.jul,94ff7fcbe1ffa539,9,1349,0.9968543181447508,0.7014682852622834
no.alt.god.jul,9616cd74a37015f5,4,127,0.9764900547590611,0.6529081117820517
no.alt.god.jul,9621af0c2407b99d,6,428,0.9975407552698324,0.777643584607623
no.alt.god.jul,a3c96e58c027aeea,10,526,0.9933100656591055,0.7393129016855718
no.alt.god.jul,a5c94254c22d11ff,14,1054,0.9978283566142143,0.4176812427827893
no.alt.god.jul,a71eb62dd9a44269,2,142,0.994867175968856,0.5698681096075697
no.alt.god.jul,a86c26b5441b436e,11,617,0.9986308028340526,0.6259800335625487
no.alt.god.jul,abc8210462ee544f,2,68,0.9741700922481592,0.626029806135758
no.alt.god.jul,ac942e5bc056a281,6,345,0.9874423034195939,0.6723341952213715
no.alt.god.jul,b56c07d6de49ea3a,1,197,0.9991040476004823,0.6385030934501774
no.alt.god.jul,bac89cf4b7d3cf4e,25,1585,0.9866839431571162,0.582337232620186
no.alt.god.jul,c218e207500784ee,3,113,0.994915072122408,0.6416426760112145
no.alt.god.jul,dd0705b37a9e75f2,15,723,0.9823851772155914,0.7595108889233374
no.alt.god.jul,e0e729cfc13e1822,2,93,0.9733466787674804,0.5260224912526787
no.alt.god.jul,e718b2561694b482,5,232,0.9977027164539747,0.46438255750770563
no.alt.god.jul,fc124bf51b2d62a4,32,1901,0.9984824534956002,0.6291927503689551
no.alt.god.jul,fe49ced036414a01,10,536,0.9976338826189074,0.6029600865546009
no.alt.god.jul,feaec9c0360a1f73,2,382,0.9991266549487141,0.501583328696987
no.alt.irc-treff,00c471ae1e7833c0,4,130,0.9915960704985497,0.5182534142721376
no.alt.irc-treff,0f755b5841364939,25,1350,0.9930849383746707,0.49741917429887245
no.alt.irc-treff,1617f4e8b0b039fb,5,630,0.9978627550243021,0.4843451370579298
no.alt.irc-treff,2244dd244688d80a,4,412,0.9947960921676594,0.5394964533884328
no.alt.irc-treff,24a5823ef714b00c,12,612,0.9956726928314776,0.6157322595036951
no.alt.irc-treff,27c3a8d12ba62d31,4,386,0.9979093431947268,0.5747870070405222
no.alt.irc-treff,2bfaa4d8392944f6,8,652,0.9956276951970213,0.4547325437147351
no.alt.irc-treff,3bb81bcc9e9c75b1,7,595,0.9985159768876943,0.6689437012902612
no.alt.irc-treff,3fc525dc9ff22e29,5,276,0.996364918076851,0.5805382837176593
no.alt.irc-treff,413e526a3518b94b,6,769,0.9993673867754191,0.5650882649010209
no.alt.irc-treff,4182376b4e5f9a6d,7,428,0.9968326646539414,0.5290849477987027
no.alt.irc-treff,438eb1f2bbaf6e66,2,236,0.9961108808820544,0.6833837036375957
no.alt.irc-treff,4cc29fb33585c157,3,478,0.9909086973553003,0.6601843280318521
no.alt.irc-treff,4d2847352c7bfedb,18,757,0.9990037962484707,0.5140547913914232
no.alt.irc-treff,53b4215bcfbbb1bc,4,253,0.9984223396954998,0.5248432377045723
no.alt.irc-treff,64a8b3634cda249b,25,1229,0.9901630486579805,0.6704055437554162
no.alt.irc-treff,67c99c460a31c20b,3,381,0.9992264558393906,0.4667638227162627
no.alt.irc-treff,6c94549ab76d3ef0,7,408,0.9972552500618518,0.7004509651804056
no.alt.irc-treff,6ca4c42259e8c331,22,940,0.9970763756808395,0.7003397929731491
no.alt.irc-treff,762c0205939a7edd,6,344,0.9934746946618043,0.5514984461366257
no.alt.irc-treff,8b0105467f19c0cf,7,553,0.9963843042199434,0.7756305076149941
no.alt.irc-treff,8b5a169d7d35edf0,10,500,0.9886873185784335,0.5079518239056136
no.alt.irc-treff,8efdf3cd64ef2f8b,19,747,0.9976087685535744,0.8777505298355304
no.alt.irc-treff,94c28ac689cc9c3e,2,246,0.9954970133590205,0.6929181979631875
no.alt.irc-treff,94d0a91bff582085,23,919,0.9934889352705566,0.419368971018936
no.alt.irc-treff,96a754f913eb4053,4,295,0.9963070967957623,0.46296261331222127
no.alt.irc-treff,a3f908e170730469,12,704,0.9946658392396318,0.4276499711237887
no.alt.irc-treff,a8875b16573fc877,5,539,0.9984336445759174,0.5531742833489324
no.alt.irc-treff,ab197305005349da,4,490,0.9947146520643092,0.62613014433672
no.alt.irc-treff,aef81d56fa2720e8,6,726,0.9820098668438659,0.6611663998078318
no.alt.irc-treff,b12e861966e0a042,5,480,0.9975853306917591,0.5731033432787617
no.alt.irc-treff,b171107832a28b73,2,223,0.9999373607225419,0.6511351105941031
no.alt.irc-treff,ca7f48ca9e2207e7,11,790,0.9981997110197879,0.5945407849231641
no.alt.irc-treff,cae289678c1ed881,1,614,0.9986066277358328,0.6642251137765922
no.alt.irc-treff,cfd1d4579594c212,7,124,0.9593741565238354,0.6243412194119541
no.alt.irc-treff,d42394f0c60c5a7a,3,353,0.9874132286663219,0.5615965297236698
no.alt.irc-treff,df102b6cc237743c,7,466,0.9991611001065975,0.4609641953482064
no.alt.irc-treff,e5e1424a1392367f,1,763,0.9992043882411841,0.5661753048713466
no.alt.irc-treff,e9ecf6d80d6bda40,4,561,0.9968298537830123,0.5785047037370018
no.alt.irc-treff,ea011b94070eb606,4,357,0.9959780041367934,0.597625214911797
no.alt.irc-treff,f6b7bf9d05586525,3,427,0.995100717452157,0.5160991786543223
no.alt.irc-treff,f7552329cf2352dd,3,435,0.9764907208869437,0.5947072479282473
no.alt.katter,084b074e0d5ea61c,3,517,0.998849385338604,0.5074298734123229
no.alt.katter,188d7cc715baba6c,20,1082,0.9938316456036395,0.4834055126992547
no.alt.katter,1fb619c11aa88f1a,12,873,0.9972024918610557,0.363500214400807
no.alt.katter,2026bf257b44628e,2,214,0.9982582898625922,0.5762641267792719
no.alt.katter,21dd04872a7f3b5c,28,1322,0.9945735092408023,0.47006526680552235
no.alt.katter,225529a548aaf03c,17,799,0.9934636984504703,0.4540984463513334
no.alt.katter,25a6d7c2bbec0bcf,10,506,0.9842258564497706,0.45262646927632977
no.alt.katter,2a67b8c747cdd7dc,7,278,0.9928290123990804,0.45195722734594296
no.alt.katter,2a842819052973a6,19,1212,0.9992277695923086,0.443508889886282
no.alt.katter,300ee7b14110ebab,2,158,0.9953142716163976,0.5775379056147116
no.alt.katter,40d729e895772967,4,280,0.9941259132360228,0.6305722728519414
no.alt.katter,425316131c8a1ba2,15,788,0.998639645711103,0.4616933744059412
no.alt.katter,49a98f70157e5468,9,521,0.9983018204532992,0.5068970355838934
no.alt.katter,4fa9a96da646bf77,7,826,0.997336694133791,0.46129915123327975
no.alt.katter,567b26736f61d9e8,24,1052,0.9988322097341443,0.46975465287937157
no.alt.katter,5fbf391b48da8012,22,889,0.9929021232874317,0.3407548444696822
no.alt.katter,717e11e7877712ee,20,734,0.9983065519003502,0.4214257107254395
no.alt.katter,73cf1bd49c27a62d,7,702,0.9830463051726812,0.5190448992733712
no.alt.katter,78a5357189ef3fdb,5,657,0.9991892785242259,0.46422963521337246
no.alt.katter,8ba411896967a125,9,472,0.9949355728993342,0.40891024674513204
no.alt.katter,8ccf6948d2421066,9,631,0.9986357367490748,0.5040382717800936
no.alt.katter,9302f9e690defcc7,1,144,0.9993550206761629,0.527850844948162
no.alt.katter,99024f0699e69fba,8,371,0.9935253635665546,0.5280202834070545
no.alt.katter,9a46d67f6be35e4b,15,701,0.9980073621743428,0.34897397456208207
no.alt.katter,9b13d17ba13038f7,6,261,0.9985935682823827,0.44826341365616257
no.alt.katter,9d026e672a7ca2cc,16,949,0.9984155455977788,0.47136606818992377
no.alt.katter,b22fc583e275c1bb,9,704,0.9994360720269573,0.5204815308699213
no.alt.katter,b52e244bfa6c4124,10,653,0.9984697380812722,0.42916522937094226
no.alt.katter,be7713de14a467f9,12,528,0.9916484903258778,0.664154212449579
no.alt.katter,c346c42d2000047f,5,354,0.9987820083140891,0.4760416140544279
no.alt.katter,caa7e925b4711b17,8,616,0.9986999460441127,0.5282628110566534
no.alt.katter,cbca43e7c38092aa,38,1469,0.9989562809632188,0.3016849570168509
no.alt.katter,cf1b8e0680fe2044,12,732,0.9986960467966727,0.5466833607447665
no.alt.katter,d07440cf93db877f,9,532,0.9975605118839832,0.4754226431217857
no.alt.katter,d720a460636c4707,22,1187,0.9953539598120812,0.47122384972271514
no.alt.katter,de4dfb445b12f3e0,26,1024,0.9984561192553929,0.4511706455459184
no.alt.katter,e60dc81a0ed6a009,25,943,0.9964522374873717,0.4772946463574209
no.alt.katter,e75199bfa08bfd77,7,242,0.9919434665052277,0.5078484797249403
no.alt.katter,f2e1deacbbbe7bd1,27,1208,0.9952278059050166,0.46402930549820426
no.alt.katter,f76dd56082973b58,10,468,0.997263314457937,0.5574127066441564
no.alt.katter,fbd0d2b5a0efb097,3,276,0.9993824976451512,0.5023825599065217
no.alt.katter,ffbd442d7ab0e530,2,338,0.9968675195024636,0.5752513819349557
no.alt.mat,02427d0317be4df7,3,375,0.9370681349167863,0.5963400322500901
no.alt.mat,07b84dad5620eb9d,7,326,0.9973893649900214,0.5933669523192405
no.alt.mat,09aa9c3d11511192,1,255,0.9991643359742779,0.4119044546075643
no.alt.mat,10a16489132d26bb,57,4834,0.9988768246052774,0.3891365261439839
no.alt.mat,17991e55e3745893,10,567,0.9986470790976963,0.4280084420596314
no.alt.mat,1b00718ec7333f4d,12,1135,0.9913555038770424,0.5157456800667407
no.alt.mat,22fb34eda3653582,8,1032,0.9914696380399453,0.5487670895582345
no.alt.mat,258547e8213f5403,28,1009,0.9980616040461474,0.596876609440955
no.alt.mat,26c31ca59adbf1e4,10,733,0.9987478383911583,0.7274368695673834
no.alt.mat,2e53388c83ca9e18,16,1021,0.9976474209556084,0.4793742326615909
no.alt.mat,31c8f983b1e423eb,7,726,0.9993756919333208,0.5116587103581242
no.alt.mat,36a3c840e3db11a2,7,369,0.9987380227792045,0.5587861201968143
no.alt.mat,3baff65c2c6ec1d8,5,144,0.9797885262900252,0.4642331819869309
no.alt.mat,40b1d4c214df97b0,22,637,0.9923308630801219,0.46467019841123
no.alt.mat,438e72d86298c983,3,458,0.9990552387082451,0.5692241840398075
no.alt.mat,4bbc636ce850c000,6,136,0.9862694629115837,0.4782701246412693
no.alt.mat,4cf39dac7932ef3e,46,2638,0.986505350922509,0.6635930271028196
no.alt.mat,553577fcb7692324,6,144,0.9869209503523984,0.3958929976287519
no.alt.mat,58cfe8c6f1d31ded,22,798,0.991069322620234,0.5127279301824823
no.alt.mat,60556761cb0361c5,14,996,0.9992995744451265,0.5905018746548371
no.alt.mat,63e603213e96fbb9,7,319,0.9960257469024215,0.5209387930249713
no.alt.mat,6deaba117fcb0372,12,501,0.9869060921402292,0.5547909362812506
no.alt.mat,71c291a98a131e18,23,857,0.9892530518628034,0.5288458426346652
no.alt.mat,76044c410d15a259,10,656,0.9961148840821447,0.4904949256239936
no.alt.mat,789a2137b6cea97b,2,241,0.9951579674821834,0.544602897500901
no.alt.mat,845a6a3c134ba78b,7,447,0.9814387867562971,0.6545226920689509
no.alt.mat,87c6e193896b447d,8,638,0.9965154749434639,0.4697621384404741
no.alt.mat,99c2d83f7c0da10b,7,756,0.9981555562253556,0.4845414636399112
no.alt.mat,a2c1051a952bcc87,2,6607,0.9984357776822576,0.3760814705248334
no.alt.mat,a8952f179592aaab,10,837,0.9968116031016455,0.6371508967439007
no.alt.mat,aa1a1147c04db98c,12,892,0.9975842044731444,0.6540983689369491
no.alt.mat,aaeed5475c3378c6,24,1034,0.992308835123477,0.5153239690812327
no.alt.mat,b343beb1c2eeddf8,12,1179,0.9878780141788607,0.45034852925136165
no.alt.mat,bd1eeb990c94d1f5,14,690,0.9962421254693986,0.3570580156837328
no.alt.mat,c6dba92a024f6294,18,838,0.9945596310783142,0.47451518683284516
no.alt.mat,d24d6f8293ec09c5,8,449,0.9988263531007365,0.47713559925759697
no.alt.mat,d3cf2871f564d50b,1,46,0.9991021902486216,0.44120192580667056
no.alt.mat,d3eeac3f39d6c472,9,709,0.9991738086953696,0.6290876195772248
no.alt.mat,dd364f907c189061,12,702,0.9854671676277665,0.5284176256882798
no.alt.mat,e60896fd3912c29f,1,315,0.9933584333657459,0.6801257548671557
no.alt.mat,e8d8d81a5b8f3408,1,79,0.9828478404218036,0.6567731033380593
no.alt.mat,f837cf4be4e34b84,9,533,0.9364841245437129,0.6625950046762544
no.alt.mat.drikke,0006067b68748e68,4,569,0.9967944333065946,0.5582212361885313
no.alt.mat.drikke,108d323d8e6b6206,23,2928,0.9968565452904561,0.5539202733094728
no.alt.mat.drikke,18e410b72152699c,7,174,0.9858574699543379,0.5455385708965226
no.alt.mat.drikke,22802c80f9b2fa1e,9,583,0.9982730759480866,0.4975887453409259
no.alt.mat.drikke,2d9272fcc573e891,6,545,0.9992531241687949,0.483168997791489
no.alt.mat.drikke,377351fe19301ae9,3,217,0.9978766432688938,0.4729730603417589
no.alt.mat.drikke,3c563397847a9544,1,109,0.9521711391311641,0.5192305594314185
no.alt.mat.drikke,483e7486d0e8d680,1,99,0.9992697648399596,0.42565716758987304
no.alt.mat.drikke,529f4cac39415bc7,13,654,0.9944540181526854,0.5335567064186585
no.alt.mat.drikke,58eded2408c05bea,8,778,0.9987069622223458,0.5736415443702171
no.alt.mat.drikke,6659553ff75c7574,8,2518,0.9994212056132495,0.3973131156095856
no.alt.mat.drikke,66a9fecf24ad3d23,12,532,0.9977390022349344,0.6151206174795837
no.alt.mat.drikke,67e33d3151c10a1e,7,279,0.9397097811556355,0.6404748976483601
no.alt.mat.drikke,68a1b164e791ea00,10,386,0.9979227237628007,0.6219789495701176
no.alt.mat.drikke,6b46ad7a8de39251,18,851,0.9987948455700905,0.41248693274101494
no.alt.mat.drikke,71ba46a54b607c71,23,1701,0.9950068723451216,0.5883109233184883
no.alt.mat.drikke,76d8d36cd8e8a02b,2,203,0.9995069706856996,0.5464590193646627
no.alt.mat.drikke,7a108c0edc5063d1,11,440,0.9603311082766923,0.5149193685200496
no.alt.mat.drikke,7b50e96d660b6c0e,9,251,0.9947444313569829,0.49033971160972023
no.alt.mat.drikke,7c0b001f6d6fd137,11,626,0.998991905078375,0.531712230063672
no.alt.mat.drikke,82f4987a71342390,5,323,0.9994962551548403,0.46246374713935895
no.alt.mat.drikke,955b77ee937074b7,6,714,0.9986386483217643,0.4968827828654077
no.alt.mat.drikke,987aa0ff5cc77bbc,9,837,0.9975117567838752,0.6590364180317916
no.alt.mat.drikke,aab3b92263b5a098,2,249,0.9913306457502613,0.5853048604284525
no.alt.mat.drikke,ada13463f2aa7e14,9,644,0.9949574503111367,0.562681467518672
no.alt.mat.drikke,af25a4cec7f74987,7,172,0.9157893985379785,0.6781480923348393
no.alt.mat.drikke,b2d28d81912f410d,6,223,0.9944174537775617,0.7093325650213717
no.alt.mat.drikke,b5a5e02ab022eece,8,1094,0.9988933707367904,0.5385139441377664
no.alt.mat.drikke,b93c007b1079a4ac,3,173,0.9942803954921392,0.6406922248749046
no.alt.mat.drikke,be55122ba9dec01d,14,564,0.9973669305404496,0.4324334970761234
no.alt.mat.drikke,c9e953c33c6c91e0,4,139,0.9887322094590334,0.5165249235187389
no.alt.mat.drikke,cce6f98c00b34cb8,4,156,0.9572394741382751,0.613244102224269
no.alt.mat.drikke,d61c7d9a3557199c,19,1977,0.9832876064732075,0.5153929997249515
no.alt.mat.drikke,daa9893db4fdbbc9,4,339,0.9981053472950658,0.6257667120399911
no.alt.mat.drikke,df8bb4ec4d8d8619,2,245,0.9950364050653476,0.5069376663497763
no.alt.mat.drikke,e09e0b6b0f3aa430,4,640,0.9965371045966289,0.5017301283476887
no.alt.mat.drikke,e1af37e2699b0597,3,299,0.997645613807703,0.5299889404713641
no.alt.mat.drikke,eeb9e733e7fb8827,8,385,0.9906567358008668,0.4972082698262426
no.alt.mat.drikke,f149400165b7fe98,12,556,0.9876906932856088,0.49083042122431453
no.alt.mat.drikke,f3175d8ce4726134,6,454,0.9995347281901192,0.539519636407776
no.alt.mat.drikke,f4383c50eab3dbb5,8,485,0.9975623934294677,0.5010989210396427
no.alt.mat.drikke,f84a9c163a75db57,7,199,0.8647083214350977,0.7609328379968017
no.alt.pompel-og-pilt,05b081f676f43fca,1,312,0.9992251362231622,0.736192549469648
no.alt.pompel-og-pilt,09fcf878cfe1236e,17,1259,0.9778759375219993,0.6769080456357204
no.alt.pompel-og-pilt,0edda23f76963032,8,325,0.9889901001878233,0.5480428971566277
no.alt.pompel-og-pilt,133d714a353ba4b1,1,226,0.9991078010507023,0.680600610756513
no.alt.pompel-og-pilt,149376745c8c6ee1,6,2410,0.9982771791670675,0.6792129534872875
no.alt.pompel-og-pilt,1e6da9f2623d077f,7,483,0.9966192083569757,0.5770744790494491
no.alt.pompel-og-pilt,1f3f26f72307e11b,10,416,0.9545311301258985,0.5874082138780015
no.alt.pompel-og-pilt,2506ccddb4d64c26,1,417,0.9944916409322072,0.6224270039608962
no.alt.pompel-og-pilt,2563d64631ff2f79,13,660,0.9977090045057396,0.7772406670718667
no.alt.pompel-og-pilt,2f29b907a9aaa208,5,343,0.9869792548905506,0.6089796365635267
no.alt.pompel-og-pilt,353366f1d7dfbf5e,5,182,0.9970443753137557,0.6493408550554985
no.alt.pompel-og-pilt,3b1f6cbe53055057,1,337,0.9986279579985128,0.5211220593078174
no.alt.pompel-og-pilt,3bcafa173972b2fb,8,296,0.9953951434060565,0.6279654185495303
no.alt.pompel-og-pilt,3c1d1f8b67e8380f,1,973,0.9999143008609869,0.5790711180828854
no.alt.pompel-og-pilt,4566f4007ce990e0,6,411,0.9964908843405706,0.444975934826359
no.alt.pompel-og-pilt,4e085e563fefaf24,6,301,0.994369571931093,0.591212697082867
no.alt.pompel-og-pilt,4e5165081f2695be,2,631,0.998218497390109,0.4102473514128275
no.alt.pompel-og-pilt,5ef4f3b267446c53,4,153,0.995915876054296,0.5969038679276772
no.alt.pompel-og-pilt,6220481a4e43e148,4,263,0.9962590120748678,0.7646160450568766
no.alt.pompel-og-pilt,62562b6cfabbf58b,4,2290,0.9991267146529471,0.5908408518901883
no.alt.pompel-og-pilt,65de5a8ab75a9e91,7,419,0.9979151232393118,0.615863511897102
no.alt.pompel-og-pilt,686434bd8876f77b,1,739,0.9964986597535281,0.7061413515862451
no.alt.pompel-og-pilt,6a02a28c628f0e82,9,392,0.9762929761328668,0.5917081072975162
no.alt.pompel-og-pilt,77e461bb4f043ddf,1,626,0.9997652492741322,0.763729956250195
no.alt.pompel-og-pilt,8652b4f477aeab24,3,319,0.9976901109373099,0.5385225984672246
no.alt.pompel-og-pilt,868831efd717ad5e,5,381,0.9974515573609667,0.5166428698229404
no.alt.pompel-og-pilt,91047a8234eaf5b9,8,503,0.995376545271134,0.6169247762286801
no.alt.pompel-og-pilt,9911968a47a96563,9,251,0.9972401753829647,0.6918308847904451
no.alt.pompel-og-pilt,9ccdb474226bce22,1,542,0.9994902354106366,0.7784086292300153
no.alt.pompel-og-pilt,9fe37347880258f7,16,507,0.9888059369139457,0.8016127873332692
no.alt.pompel-og-pilt,a8b4e72a39c463e3,20,1005,0.9919748662158449,0.5964777014921104
no.alt.pompel-og-pilt,b07579b40dc70022,1,78,0.9913199408065404,0.6577352344735516
no.alt.pompel-og-pilt,b4f53bd5c2903803,8,707,0.996140427776761,0.6674584802932964
no.alt.pompel-og-pilt,bc69d0cd66d5a988,8,918,0.9982554122090768,0.5670540162628441
no.alt.pompel-og-pilt,ce5f002c5a6ea35e,4,133,0.9839949606993932,0.4597945924108054
no.alt.pompel-og-pilt,cf84b76868ae6a58,8,687,0.998936442880394,0.5534978446030785
no.alt.pompel-og-pilt,d051bf59b7667692,17,580,0.9844689085308426,0.5536857684888042
no.alt.pompel-og-pilt,d925b62578f0a449,1,259,0.99889240916011,0.490904772399833
no.alt.pompel-og-pilt,d9e2df6fb7cf6f73,3,300,0.9995103261024207,0.5836793264699294
no.alt.pompel-og-pilt,de8520f5aad296b6,2,907,0.9995963048946888,0.605427826802619
no.alt.pompel-og-pilt,f1d483a3b6f2dfac,3,99,0.9936706991400224,0.6863810335010911
no.alt.pompel-og-pilt,fe1f2c24224fa465,2,122,0.9895048424984889,0.625743822348999
no.alt.radio-tv.irma-1000,0021303bfff657db,20,1042,0.9961742960875238,0.6764643922205751
no.alt.radio-tv.irma-1000,009c802fc7b5bccf,1,99,0.9994167743467427,0.577881542377361
no.alt.radio-tv.irma-1000,02285518f8a85d0b,2,298,0.9967728605577189,0.5197620816220596
no.alt.radio-tv.irma-1000,0305f3850732ed66,6,490,0.998164985594536,0.7126543478108174
no.alt.radio-tv.irma-1000,0315c396a859227c,4,307,0.9925340246821397,0.5581247092718343
no.alt.radio-tv.irma-1000,059b58e955b3348b,6,181,0.9951980598742841,0.6020549287407403
no.alt.radio-tv.irma-1000,08a989bd379c0b7e,2,85,0.9878822237593486,0.5920935025200653
no.alt.radio-tv.irma-1000,120cf38f184e64b6,1,328,0.9954314366064009,0.5075158906644294
no.alt.radio-tv.irma-1000,13308159ea0c4a0c,4,296,0.9852402373799942,0.5731252029462677
no.alt.radio-tv.irma-1000,257cd409a957a1ec,1,152,0.9983123994059292,0.6466309884653613
no.alt.radio-tv.irma-1000,26a1f9721a132192,2,57,0.993642607718627,0.6022729528934521
no.alt.radio-tv.irma-1000,362d85732f50c4af,24,978,0.9952819474986813,0.7914571663921471
no.alt.radio-tv.irma-1000,3d8c1d955bf9c2d8,3,220,0.998809269223201,0.7890078957529766
no.alt.radio-tv.irma-1000,3f2e036d1ebb19bb,8,334,0.9969440230129644,0.6116549766264526
no.alt.radio-tv.irma-1000,4350ab76a830abd0,9,724,0.9955597471714206,0.49973677261775284
no.alt.radio-tv.irma-1000,5487a10e74e0e204,16,735,0.9930107298112945,0.6845369239557597
no.alt.radio-tv.irma-1000,72be098b1fa9b713,18,910,0.9966462760636857,0.5304296419060615
no.alt.radio-tv.irma-1000,795a961ac3b8982f,7,265,0.9926186428985138,0.47824400464879285
no.alt.radio-tv.irma-1000,8b14ee20e212a8c1,5,213,0.9966479593398577,0.6248815160267692
no.alt.radio-tv.irma-1000,8c506d7cc5b7bc5b,6,132,0.9907222208149487,0.5861092374585181
no.alt.radio-tv.irma-1000,94060c21002a03ff,17,805,0.9950153802549913,0.514753815418338
no.alt.radio-tv.irma-1000,9c1942f829b07e9e,2,488,0.9987688241269113,0.568027671441641
no.alt.radio-tv.irma-1000,a10a4c730c7185ce,23,965,0.9960790054666747,0.5574490236741281
no.alt.radio-tv.irma-1000,a70d31e18a1ce0e5,10,529,0.9981909279023586,0.7059089047692144
no.alt.radio-tv.irma-1000,acf175c59c835f45,1,242,0.9947793634792655,0.5520762036979799
no.alt.radio-tv.irma-1000,afc55b475e19362f,10,629,0.998700424979215,0.5819709195609951
no.alt.radio-tv.irma-1000,b33d7caad8281f6d,21,805,0.9969839986017274,0.4402221855535175
no.alt.radio-tv.irma-1000,b5c708287a42f541,15,519,0.9963755341928884,0.5746928804877097
no.alt.radio-tv.irma-1000,c4a35e34dbec27f7,1,85,0.9988071286879405,0.4319433520104412
no.alt.radio-tv.irma-1000,c5000d27a9606db2,9,689,0.9878633187592966,0.5495920671711363
no.alt.radio-tv.irma-1000,cab442207eb918f3,4,555,0.9929431119792353,0.6340079424049772
no.alt.radio-tv.irma-1000,d13dd767447deb64,3,242,0.9973053035358709,0.6917390451441932
no.alt.radio-tv.irma-1000,d3192df2ddccfecb,12,1641,0.9959389284843718,0.5390712605632443
no.alt.radio-tv.irma-1000,d42f48a70b34be39,8,539,0.9987221191366954,0.5165364141666772
no.alt.radio-tv.irma-1000,d6dd6f900e4b927a,3,126,0.9972086771591843,0.5682287928668389
no.alt.radio-tv.irma-1000,dd81798c856908b0,8,612,0.9957850837498998,0.6532384911492058
no.alt.radio-tv.irma-1000,e04136274e32d8dc,3,300,0.9988194071429295,0.6464722970058466
no.alt.radio-tv.irma-1000,e5d7c04491323dac,27,938,0.9940621412109961,0.596662264807502
no.alt.radio-tv.irma-1000,e66217116298f2cf,19,1228,0.9982914318134841,0.5590394645378111
no.alt.radio-tv.irma-1000,ed90ba3051997c68,3,336,0.9968793558751526,0.5206296310148346
no.alt.radio-tv.irma-1000,f44c95c8c6b4f04f,4,526,0.9944319887819381,0.5921265035544752
no.alt.radio-tv.irma-1000,f706f1100bf016e4,2,82,0.9919380802962834,0.6075077291594458
no.alt.sjokolade,01b7934fcf4e655d,2,221,0.9992557693176733,0.5786948510935892
no.alt.sjokolade,0241d31655ad3daa,8,481,0.9962340628240605,0.7703920146641878
no.alt.sjokolade,0815c4ca3c3722f7,5,809,0.9995841216199812,0.6398429277263553
no.alt.sjokolade,0891aa9e2c327fda,12,902,0.9861662896450271,0.5432384651574262
no.alt.sjokolade,1443f4f7273efed4,39,815,0.994352186934496,0.6104855100903843
no.alt.sjokolade,17203503d31a854a,8,385,0.9906359296848173,0.4187016604292341
no.alt.sjokolade,1d6bb1d4e0fc5aec,14,591,0.9887797953628138,0.518401629425087
no.alt.sjokolade,20a431a2d8ef466c,7,453,0.9967539424190516,0.7889685593376768
no.alt.sjokolade,2f75dec927bbd20d,8,554,0.9992766403158584,0.5385448514895517
no.alt.sjokolade,32407837236a56bd,5,163,0.9954113380889908,0.44030073501325356
no.alt.sjokolade,39eb710e01204457,3,347,0.9988772482934228,0.5752474325612477
no.alt.sjokolade,434514947f45ef0b,12,645,0.9992047457973897,0.6368404206612899
no.alt.sjokolade,46c987337901c4b9,1,521,0.9996492119122217,0.6068793909869844
no.alt.sjokolade,4886e27d269055a5,11,762,0.9984832745336202,0.5874637961618274
no.alt.sjokolade,494021e032272aa2,3,147,0.9980612244065374,0.4599870057567515
no.alt.sjokolade,4cb4c4d976b883d1,7,348,0.9989860790881143,0.5017002015821465
no.alt.sjokolade,4d59f2de9ba76805,14,787,0.9984881749269418,0.4924983078044534
no.alt.sjokolade,539791e632708d95,1,150,0.9976782682551273,0.5477434999557308
no.alt.sjokolade,643676e9adf5311e,15,669,0.9877680438541329,0.47894048756072766
no.alt.sjokolade,6e7025a80d084447,18,788,0.9980933651587232,0.5727837750116029
no.alt.sjokolade,71de5aaa52844aa0,41,1794,0.9896593307649776,0.5589144086136982
no.alt.sjokolade,72c2ccc9550da111,2,348,0.9996806750778707,0.5238058084253896
no.alt.sjokolade,7c750de76c18d853,4,134,0.9883906908613252,0.7884938508237016
no.alt.sjokolade,7f58db9fb5d1a199,16,671,0.9960401214520938,0.5495791127183265
no.alt.sjokolade,81901235205853fb,4,424,0.9990413066560072,0.4929537263700087
no.alt.sjokolade,8a5c95257dfe6322,7,306,0.9962452643086102,0.5038129401326553
no.alt.sjokolade,95fde9eed902d67d,2,120,0.9961964295137189,0.5561308196117258
no.alt.sjokolade,9630f96e28555c07,5,186,0.9966394111403026,0.5481016087532103
no.alt.sjokolade,99479922954d5c51,6,398,0.9969538113197433,0.5704216815736979
no.alt.sjokolade,9956b9d78a570d09,9,486,0.9961541495251127,0.6729019582923529
no.alt.sjokolade,b1e8577acb2369cc,4,488,0.9995351033746472,0.5326531880741129
no.alt.sjokolade,b23c33106d5c4022,10,484,0.9958778277727883,0.5627237363045079
no.alt.sjokolade,b41778c3af915545,8,364,0.998274750832153,0.5439861605951695
no.alt.sjokolade,ca1b8020d5bc03f8,7,400,0.9988103313697846,0.5798651295697262
no.alt.sjokolade,cd6835e46a017a86,9,915,0.997384557036421,0.4127034299223549
no.alt.sjokolade,d5b7234a07e6b6f3,4,329,0.9985509726355118,0.6926927845575569
no.alt.sjokolade,d8634346917ab1b3,2,183,0.9988420488561826,0.49865385873544976
no.alt.sjokolade,dcabd7efb0d9d9ee,1,26,0.9906163165196122,0.6916362373135844
no.alt.sjokolade,e3751e65699e30f5,13,855,0.9947906482227352,0.6020912550689116
no.alt.sjokolade,e4731d13ee07d736,43,1704,0.9927889194809204,0.60178624627766
no.alt.sjokolade,ea8b00522848ed3f,5,617,0.9993385144700738,0.5254455520061293
no.alt.sjokolade,f1d348633eed09b8,17,1043,0.9991508704381734,0.6312451569220981
no.alt.tegneserier,06c7541cb16029c8,1,241,0.9977851537878826,0.6749704114996619
no.alt.tegneserier,16dccf894f1ffc50,3,271,0.9851158285191671,0.731148382837404
no.alt.tegneserier,19cd2e445a6996ba,3,235,0.998648956469254,0.491774444683554
no.alt.tegneserier,25d27d498eec6a50,7,637,0.994941330523065,0.7423450396764626
no.alt.tegneserier,295c6830ed4b0215,5,281,0.9929605153649262,0.7140624491267995
no.alt.tegneserier,33bc3864288a8924,1,147,0.998473832326823,0.5312387408988642
no.alt.tegneserier,39ae0bf57a59c750,9,349,0.9883478727278838,0.38024238764771956
no.alt.tegneserier,3ae38c78f2e9a18a,8,406,0.9876839163026179,0.4096102196429876
no.alt.tegneserier,3f14b24eea38bf4d,13,725,0.9873401613007508,0.5400155728295915
no.alt.tegneserier,3f85cd5b3e29ead7,3,334,0.9994228870755338,0.44594876858768456
no.alt.tegneserier,4475f13fe36550a4,9,230,0.987927673262619,0.4635342979677167
no.alt.tegneserier,44f83d833e507bc5,9,456,0.9981059814394723,0.5546329809192708
no.alt.tegneserier,4be5232599aaf4a3,7,3997,0.991937812791739,0.5373888260250129
no.alt.tegneserier,50f4c34e33f35bc1,10,4110,0.9991029147340166,0.5008516389570352
no.alt.tegneserier,62a52cd96fc13dcc,2,257,0.9964859346722666,0.6329302949078222
no.alt.tegneserier,6369c1d210f78a72,8,652,0.996654838314288,0.4719994659324783
no.alt.tegneserier,679316275e91da7c,6,210,0.9887720368339545,0.4611646243685754
no.alt.tegneserier,6a589780a237873e,8,442,0.9988071039693925,0.48330863858792594
no.alt.tegneserier,6f73025f11991add,5,216,0.9838502352509537,0.5107149448012962
no.alt.tegneserier,757e764978a0fba2,37,2641,0.9975910934993918,0.7308346445609863
no.alt.tegneserier,7e975bb9e31141a1,3,219,0.9872116149743235,0.5069761944256806
no.alt.tegneserier,83f0d8ed7efff0e1,8,463,0.9979021408778898,0.48668203058700094
no.alt.tegneserier,8a5d2ed563743576,11,894,0.9976204353811494,0.5462110440068022
no.alt.tegneserier,9194c18836018b90,5,544,0.9968777480300255,0.6667460737502653
no.alt.tegneserier,960969be08b96ed3,4,167,0.9969052188196201,0.5643778719920552
no.alt.tegneserier,9934b697d7c1f267,5,531,0.9993004313998036,0.45408920592996355
no.alt.tegneserier,9eb711a241940183,1,168,0.9986279741121447,0.5757231056663558
no.alt.tegneserier,a64e565b7f4cc087,4,736,0.999719771663274,0.5831368060584406
no.alt.tegneserier,a760087c9a401de2,4,1055,0.9998290448453809,0.5438735819680205
no.alt.tegneserier,af49b1c2ffc4bfac,8,636,0.9979249557790705,0.4682624018417543
no.alt.tegneserier,b2ee036fc073b526,4,682,0.9846674311537473,0.5630207623994853
no.alt.tegneserier,b561edd2b866a6d2,12,448,0.99276247753838,0.6789477330348834
no.alt.tegneserier,bc525c9450957604,2,164,0.9980914853017512,0.4914799509450199
no.alt.tegneserier,bd62ae1708a5f66f,6,410,0.9897968236271927,0.5367641000209123
no.alt.tegneserier,cb76e603743725c2,1,236,0.9993128199976131,0.5631709052600234
no.alt.tegneserier,d5817d73ae1f8cc7,16,1281,0.9993685713710089,0.6585899299301295
no.alt.tegneserier,d7a2ef293a8a5edc,3,288,0.9981482420546952,0.4292098259426062
no.alt.tegneserier,e5086a7b4b708c18,17,964,0.9988729314179186,0.5358753541163436
no.alt.tegneserier,e8512e0e214789e4,4,601,0.9989358481222873,0.42733710021962684
no.alt.tegneserier,e9093ff9f623a6aa,4,279,0.997799757393479,0.7201889287823385
no.alt.tegneserier,eff954986a6105c9,6,318,0.996200837187331,0.7344094537107136
no.alt.tegneserier,f1a26af290e329e1,17,2786,0.9993918972745948,0.46389761994063966
no.alt.tegneserier,fdd42eb773370c16,6,391,0.9864081064362816,0.5095343960895339
no.amiga,038a70d8714eb293,6,443,0.9989575238554945,0.6083631605252294
no.amiga,0535a5b6758d7967,5,653,0.9987435097287952,0.46569728585669795
no.amiga,072169789c9b3ddf,3,529,0.9991132414722439,0.6203083705875397
no.amiga,11ccb0dfeeda6da6,7,545,0.9990318483258718,0.5796792733028513
no.amiga,12aebcc84f8a7bd7,10,733,0.9990384092922269,0.4889648358266357
no.amiga,12e5cc56fa279d42,4,254,0.9990467935381302,0.5328910922693004
no.amiga,142c5d02c1831a0a,24,1130,0.9970214072364288,0.5205419963029952
no.amiga,1e79d22ac21c151b,6,571,0.998395960258101,0.407057803891267
no.amiga,20bc49bc6d2fa11c,2,288,0.9970175184763267,0.5045440055240179
no.amiga,22c7e7ed623d20fc,25,1800,0.9977837690995947,0.4456238053744155
no.amiga,2ee8c6f4412b021e,8,822,0.9987406764846495,0.6255096665873663
no.amiga,38997051825f205a,17,594,0.9961993315698869,0.503619442297795
no.amiga,47d60717b14effdf,7,543,0.9357003408857033,0.49279396906838857
no.amiga,4e03f2a1847472e8,3,450,0.9969732283451439,0.535843215683214
no.amiga,55c10ad51b534b02,5,626,0.9987811177067111,0.6990853569469379
no.amiga,56571bebeea46415,7,503,0.9983735051239664,0.5500148033909399
no.amiga,58a8fea36a157e76,5,443,0.9961408047084469,0.5395041538063919
no.amiga,5ad24536fa7f1bc0,33,1657,0.9985730773265249,0.5987279943484305
no.amiga,5ccfec87357cfca8,4,356,0.9989903385404051,0.6568217721196232
no.amiga,63fc2e213caade99,32,2118,0.9982471025254801,0.5256548843662323
no.amiga,647e4732bcdd1641,8,639,0.9981844280732602,0.5604369955012206
no.amiga,6902f0417b9f9810,20,2376,0.9904193223401215,0.5657239313078902
no.amiga,808a9f8dd384c0c8,9,606,0.9968941476686992,0.67059175627389
no.amiga,838ddf706f5b694a,9,583,0.9990279164857376,0.6165888439352731
no.amiga,8b130ffd195c2b1a,12,857,0.9987757260154346,0.706068132035026
no.amiga,8e8627953ac1e9a7,10,708,0.9991692484839165,0.5015877497461045
no.amiga,8fb4fa28b58a98bf,65,3424,0.9987390954858019,0.7495004308357057
no.amiga,9d29a3797fcc9867,2,231,0.9992436722917122,0.44808709862775153
no.amiga,9eaa36c3387f9921,11,702,0.9945224231771401,0.6425825012455622
no.amiga,af677f9febc99de0,1,458,0.999775507322445,0.4467019536159277
no.amiga,b4930eca8aeab6dc,7,530,0.996508979873243,0.7991166109836002
no.amiga,bd8cf0bcec14540f,9,660,0.998578581737309,0.7982701608246883
no.amiga,c1076907a4c56fa8,1,411,0.9999006489503434,0.7960398790965407
no.amiga,c7fe725a40d6eda3,4,400,0.9967130423603108,0.6740134392035075
no.amiga,d105033a44555c0d,14,1314,0.9973368776887553,0.580414308763529
no.amiga,d610776c9105a363,11,945,0.9984413364986597,0.5082226187891933
no.amiga,d6442f6358d09411,29,1960,0.999347023443183,0.5950630936441923
no.amiga,e001d22a5c549b83,13,1030,0.9990460512879097,0.49995077544633176
no.amiga,ec56110a224ded90,5,844,0.9991753802182703,0.5905486712521418
no.amiga,ee2a6708951d2395,10,590,0.9895286434890884,0.5831868684671528
no.amiga,f1c952d87f7ceaea,7,520,0.9812641310758213,0.4980592233344496
no.amiga,ffb47a14860ec33a,10,473,0.996656065416368,0.5144557272898768
no.audio,04a82490f947fd01,20,1158,0.9986390540560325,0.48135852164140464
no.audio,06185fe345132da5,1,406,0.9962911113618521,0.4943984041120832
no.audio,08a670be4f98e88b,10,1380,0.9997231267119716,0.6049872219536313
no.audio,11bfb49fa4d822ce,18,1072,0.9783261538528875,0.6050098053321334
no.audio,16676005fd62255b,9,295,0.9956295527224639,0.5895734924252196
no.audio,16d68a69aaee4979,7,475,0.9939372090777346,0.8508750276473828
no.audio,23c7f262a8d0f923,22,1162,0.9950801096372286,0.5103618760677419
no.audio,33223c8a1d43f3bf,5,389,0.9936503433723485,0.46612149255967156
no.audio,34e63c9df836eb0a,5,256,0.957612959363037,0.5777482825514625
no.audio,390c46ad2367f6ae,58,1909,0.9937034049358451,0.47243324391863295
no.audio,3c2bcc5a744944f6,22,1474,0.9977403520001935,0.7237704765522616
no.audio,3ff801b8ecc69899,4,990,0.9998282055551397,0.5263211973835897
no.audio,51d144c8b28b4c71,2,393,0.999527066647047,0.6874550412686405
no.audio,5d49a81e35a9e22b,5,607,0.9968378999049031,0.5150077065914594
no.audio,5f11fb9cf04a4e01,16,998,0.9978408210265235,0.770195838009086
no.audio,6ac4dbc8a8635ed1,4,144,0.9578845079280227,0.52661065818963
no.audio,6bf5123d3db36e4f,30,2141,0.9976731129257244,0.5948626228214429
no.audio,6d191fff6d427648,5,242,0.9404973612061097,0.4953299806628051
no.audio,6fbdce54a4965771,6,125,0.9737608753841789,0.4887118453574305
no.audio,70fc2604a910dad4,8,740,0.9993045365844279,0.538830913497354
no.audio,7697d900898a05a3,9,799,0.9994100264652204,0.4832917322013562
no.audio,8311b511ca4f80bb,13,1125,0.9984959986723222,0.5767587288778308
no.audio,834d80cdaadb176f,61,2677,0.9952113336947894,0.4663774477849909
no.audio,869cee6b9069addc,14,1488,0.9996739604464289,0.6023543100163249
no.audio,886123e28d98353b,16,1104,0.997063880513455,0.5103753377226784
no.audio,8b62c948ef7c0605,7,490,0.9981022725894081,0.5977471849695283
no.audio,8d7f15c41e9c0188,18,1043,0.9992113792127839,0.4202583550630309
no.audio,96b5c0b4eea2cc69,1,70,0.9961046942887706,0.4760631665759083
no.audio,a04a13d06e999959,69,2377,0.9980468238281935,0.5483328530543673
no.audio,a14fab31dee3800d,38,2768,0.999707313775307,0.4893141285021976
no.audio,d1056ab5967e461f,16,662,0.9977568126916495,0.4159504055473462
no.audio,d9bccc199a7b37b2,5,222,0.996785324082487,0.47728316817478567
no.audio,dbc5c736839d04e7,15,487,0.9927409133171029,0.5609240123328256
no.audio,de0ad8f28bc67c09,22,1356,0.9957194611016916,0.44426037473732083
no.audio,de69b201edd16351,42,3317,0.9990711693430796,0.43487022144366916
no.audio,e7bae265f121b205,11,792,0.9821898947912577,0.5969948779634927
no.audio,eb5d8f30a0390f7d,6,752,0.9990221299824985,0.6342185560971166
no.audio,ee711df8b3bdb838,9,529,0.997449244171708,0.4580081759086503
no.audio,f49bfd823f747283,30,1135,0.9816701195757492,0.7352245562085555
no.audio,f69a7c9370f18c8b,3,126,0.9956234484432523,0.6587916183335836
no.audio,f7962e43eac6ea60,3,563,0.9990667584581508,0.5628178131918488
no.audio,f798616ecd470457,60,2978,0.9984644626843535,0.4782708379484686
no.bibsys,002ffb01b621afdf,2,293,0.9992861292635151,0.4878739716526425
no.bibsys,00c0c8f2fd207a2f,13,368,0.9572259045479815,0.5084023690328291
no.bibsys,086745b42e32b92e,4,309,0.9992213359127973,0.6656683038975489
no.bibsys,1463c8fb202ff512,4,467,0.9973494455441483,0.7150931703682253
no.bibsys,19dd751e7b858ef5,9,947,0.9991357746078943,0.5820995882885905
no.bibsys,1ed9e669643fca9f,17,799,0.9986058362992503,0.47589051853130826
no.bibsys,2a7db01688a75f77,12,837,0.9948859959315144,0.6184941675439484
no.bibsys,30d0775d3377669d,10,839,0.9994419678119635,0.7010998268359849
no.bibsys,33a64ea5fcaef2b2,11,551,0.9965702364395004,0.5011287264156696
no.bibsys,33e5db4004db7ff2,2,120,0.9977390352399286,0.6257461981400138
no.bibsys,3a76d9f71a3371f1,5,357,0.9947093960241286,0.5532999225132045
no.bibsys,428699dbbbd1a045,12,443,0.9780478941866447,0.5203776933568093
no.bibsys,4a74485407a1f8ef,2,138,0.9907917405776236,0.6177235605995234
no.bibsys,4b179e140fc7a286,8,747,0.9826991678571779,0.3940514401760665
no.bibsys,5b58c4fb2396027a,11,661,0.9965467345135643,0.6801544974514724
no.bibsys,5e7cbcff5690b74e,11,1032,0.9873637455935707,0.39450278734590283
no.bibsys,78821350ea0e675c,21,1493,0.9983886102895432,0.43196052185005923
no.bibsys,83b0966f7e0ac401,22,1203,0.9976668051716877,0.6100871440688919
no.bibsys,86145b849de0e42f,1,323,0.9995333955982326,0.6049132985028134
no.bibsys,88a72421c51d66c3,12,688,0.9950457365362664,0.516359979311011
no.bibsys,8c35b0fc0a5c137a,25,1316,0.9979520527804868,0.6829381865340042
no.bibsys,8eaa5b068c8ed697,17,1157,0.9861950124146648,0.5224727911913057
no.bibsys,9043a5f79c58e123,19,1064,0.9942381957372903,0.7283584924248552
no.bibsys,94ffded7c15ccbda,36,1724,0.9948420239045951,0.5746134579234763
no.bibsys,a099073479a43ab0,14,795,0.9979250286437062,0.7373316057193089
no.bibsys,a11f94639642cd8a,11,732,0.997793011232794,0.5346041553534829
no.bibsys,a2afccff7db9d8c9,18,1221,0.9981040535079637,0.6511313161910385
no.bibsys,a89c169571d3c686,5,591,0.9954934440220577,0.7654633254136789
no.bibsys,abe5c74f21749049,15,2099,0.9985065047490432,0.6506702857929132
no.bibsys,b80a5540542b237f,8,695,0.9953928952372997,0.6069962401013204
no.bibsys,bd5c7625d6087e49,5,326,0.9881391130405126,0.5844416287775968
no.bibsys,c2496e154120e3d5,4,248,0.9864212585835946,0.7035974829177002
no.bibsys,cb70b1bc5028abaf,9,901,0.9703780426282214,0.5140492416408063
no.bibsys,ce6a65b1fbb43df7,5,465,0.9993750294709771,0.4609054363616661
no.bibsys,d0141756deb29232,11,664,0.9975073940116029,0.615859110503453
no.bibsys,db7f4373bb772c90,17,1253,0.9989257998755781,0.605942397914962
no.bibsys,dce1d34c766c6147,3,215,0.9988039205054384,0.6015851889513392
no.bibsys,e4b6a17e34815686,27,1418,0.9960672325498467,0.45579812854988233
no.bibsys,e4fd9dae03960a0c,2,177,0.9996303986505062,0.5415560741087775
no.bibsys,f0db08ce7498f655,15,933,0.9935079439220167,0.5740300800438008
no.bibsys,f3bc598d742b878a,7,434,0.9929547975898034,0.48722920166903144
no.bibsys,fefcd3b7a20d2cac,23,683,0.9947753271011422,0.5973343186522904
no.bil,0205446aff7b5778,4,536,0.9978123836181282,0.6103077952422445
no.bil,077fac7cc54c9add,3,149,0.9967084422089222,0.6101376294191178
no.bil,0a21217dc29f99cf,10,697,0.999593206135451,0.5706014007520497
no.bil,0be291e17b239bd0,16,860,0.9988742285767016,0.5090896730793846
no.bil,0f68fc4617617b0f,11,1271,0.9987354913667672,0.4553560774875718
no.bil,100164b56694a832,6,258,0.9909777852453228,0.5966020793438626
no.bil,12eb0bfca7c2f515,20,1194,0.9991593327127966,0.43143668217800557
no.bil,2805ff6db04625e4,15,928,0.9952274669704503,0.4610190488216713
no.bil,28997d1116baa82b,8,1748,0.9996029747037325,0.4318318757140616
no.bil,2bff1fdf68c2194d,20,886,0.9982065221984795,0.4783582652791918
no.bil,2ce5c6990df2ac0e,11,381,0.9973856094067954,0.48090714087547753
no.bil,2da67fef5a7e1511,2,130,0.9800231161783655,0.8903594519225735
no.bil,3a38b094bf849545,20,981,0.9984126331034358,0.46966746134667375
no.bil,47182b40bab9dd3f,136,4664,0.9967542616874011,0.4814049773014501
no.bil,4ca721165b29c0f4,3,157,0.9929368111958211,0.699307082837134
no.bil,4ccf080d96c14d42,3,361,0.9997998573826846,0.5228203332452185
no.bil,50cea29d2683b3e8,4,341,0.9964967636001132,0.709656449911747
no.bil,5b952da6d7b8a944,2,110,0.9994488868918984,0.4144074669910463
no.bil,5f80752331daa9ce,24,1072,0.9988719726753631,0.3954649182130783
no.bil,6a78093d843c5d77,2,705,0.9996240072236973,0.42229989966032694
no.bil,6dbc6d5d93c9a607,4,875,0.999114524214184,0.616622916284986
no.bil,7686bb64717f2caa,7,338,0.9979733720364994,0.762166965443998
no.bil,77dc01c7605efaae,13,896,0.9951553413244204,0.5076013194506661
no.bil,975a83792b83e9e0,3,380,0.994878858488384,0.6685978275767608
no.bil,a883169cae3763df,10,224,0.9752595007353829,0.5229382248035254
no.bil,aef0b965c161369e,15,1261,0.999066718472341,0.420437064258556
no.bil,b25249731aedb7e6,10,527,0.9953024146815004,0.5233889639152739
no.bil,b7200498c24f12e1,9,378,0.9942377410536094,0.5237839276460687
no.bil,b8a0f1e49810740b,9,658,0.9994494206082204,0.5259898561918203
no.bil,bb051395107b3d62,10,787,0.9991696331366549,0.37210765738696716
no.bil,bc882dff6a8248d1,1,392,0.9999565319983389,0.49836610731218617
no.bil,c0df97faef003517,1,316,0.9994237156648644,0.5083976835602388
no.bil,c2609f4b76734a41,18,826,0.9986191652862495,0.3837061598215559
no.bil,c45a0095e56032a0,2,252,0.9992223887965506,0.439274160540925
no.bil,c7ed9630e6d9e929,9,400,0.9890290915377383,0.6381731748538803
no.bil,cb052dcbc012f8d6,2,82,0.9971727813946676,0.4338358742823332
no.bil,d1b057b3f600a4aa,30,1200,0.9987474791856806,0.49335600099623617
no.bil,d45c4ae423016261,6,286,0.9915259581051282,0.4219842241515013
no.bil,dda01a040190e725,5,422,0.992456433947088,0.6068611763647148
no.bil,e401394a6d02df09,18,1024,0.9989181102674087,0.4593526998351013
no.bil,eeac9994cd5228e0,8,632,0.9924596798992393,0.48539302669433265
no.bil,f5e87897c930a8e7,18,884,0.9968815083335311,0.49332918825845273
no.bil,faa52af8463ead86,5,466,0.9961608981786627,0.45114941399659086
no.biz.annonser,0095b24126da1baf,11,1193,0.998530072235869,0.8151072040739061
no.biz.annonser,05abdf82489659b0,3,127,0.9969347840018992,0.4839794351122366
no.biz.annonser,0c92640f40b9b6ba,1,97,0.9968183173959996,0.6462085262736535
no.biz.annonser,1281f4ada9b4e51e,5,381,0.9990795798492815,0.73187403473226
no.biz.annonser,2f734f8e8116ed39,83,8534,0.9992049038453285,0.5999152380994189
no.biz.annonser,2f76695a7c092293,7,3524,0.9908594082508667,0.5042498086015132
no.biz.annonser,4730503a702bc791,28,1642,0.9987699121093669,0.6277784871943574
no.biz.annonser,51e0d5602add998e,4,436,0.9975889446883728,0.6258621528359994
no.biz.annonser,51e844b184fddc77,5,499,0.999344586916792,0.5329557986589076
no.biz.annonser,538568139d3b4ebd,1,294,0.9974053606484418,0.501521829599795
no.biz.annonser,53aad867d8f818b9,10,392,0.977349229192981,0.6430153957326041
no.biz.annonser,56882e1485d11fc0,2,225,0.9805010709312247,0.4354008051748321
no.biz.annonser,5a30a4cd25dcc1b9,2,118,0.9970930234805625,0.6364788414520615
no.biz.annonser,5ab53185961501b3,7,3463,0.9900391082393806,0.46800609551579314
no.biz.annonser,5c12b6690e96b9e3,7,277,0.9780390441878802,0.6439770428716938
no.biz.annonser,5dee89f10868fc25,10,224,0.9948012350901072,0.4596846383811521
no.biz.annonser,668541e0bc45bf7b,7,715,0.9983973667417131,0.4781620228799806
no.biz.annonser,6dc1f26bd516d8a0,2,504,0.9973945272808529,0.624862310396734
no.biz.annonser,6e29e30a32c64574,2,259,0.9996664723088184,0.5117566501759302
no.biz.annonser,71122b0fbdd8b597,2,247,0.9978948265432928,0.53270173982271
no.biz.annonser,77f1fd8fc29e56bc,2,186,0.9970459661964148,0.4807022081061764
no.biz.annonser,7f1f87d738cb71ba,2,200,0.9965806670998743,0.43158347788426654
no.biz.annonser,83091c8db28fbefd,20,966,0.9991569701929537,0.4519649891523723
no.biz.annonser,86189a153484b380,12,1370,0.999773487705159,0.6762384829157515
no.biz.annonser,946f39bf362ce484,6,332,0.9991489911136381,0.6462503592183153
no.biz.annonser,9be9ec295f0b71d4,13,1234,0.9992116088757057,0.4448827396837219
no.biz.annonser,a6c94267162a9eca,13,603,0.9982899304627482,0.387202434510599
no.biz.annonser,ab5bc89b712bd206,2,126,0.994463465147366,0.4368376124494209
no.biz.annonser,b2f094a59d4ba858,2,448,0.9990873454556058,0.5647026222022263
no.biz.annonser,bc3c268cc936f1b9,27,1212,0.995233176102035,0.3817186581633318
no.biz.annonser,c338d6fb82643db0,1,579,0.9997938484089086,0.48840139587268766
no.biz.annonser,cb3d4496672cba08,6,504,0.9996001302938545,0.5017821843303268
no.biz.annonser,cd32d04176e098b8,1,652,0.9997020083724717,0.6353365020659085
no.biz.annonser,d37ec79dc4b68de4,6,760,0.9996906614852855,0.5837587122013316
no.biz.annonser,da6daa0203630c81,3,785,0.998478178495052,0.7013562138155581
no.biz.annonser,da9aef0a7b01de13,17,1319,0.9986349506308251,0.5329936767702312
no.biz.annonser,db6c086590248dc5,8,481,0.9950171961201384,0.5707169085116215
no.biz.annonser,e72651fad73908cd,2,35,0.981061270382211,0.5456143443466537
no.biz.annonser,f1d958dbcffd3ccf,3,109,0.9902737854805777,0.5589785520913356
no.biz.annonser,f5e28c49b37cb41c,11,3760,0.999163906075048,0.6774291188919324
no.biz.annonser,f79f27cb088c4538,12,2258,0.9995550344048593,0.6072811352820363
no.biz.annonser,fcdc79f18f2600d9,26,1549,0.998777634219252,0.47204582141747237
no.biz.annonser,fdabd742f9f2dcfb,1,300,0.999094899978763,0.41726683478120036
no.biz.annonser.data,12dc36fed4f2f901,3,65,0.9796025635505338,0.5921690235589138
no.biz.annonser.data,19014be233877322,10,588,0.9974237563190205,0.566497874573519
no.biz.annonser.data,1e065a62e1da55a0,8,349,0.9108510697795899,0.41910814787777634
no.biz.annonser.data,250204164c02cdb2,1,86,0.9858477717520453,0.7209722164311121
no.biz.annonser.data,355ba23ed6090526,1,156,0.9995058718662985,0.6027610094186692
no.biz.annonser.data,446095bbaabb7f58,8,349,0.9108510697795899,0.6566594640870136
no.biz.annonser.data,4abc943012f62e28,3,107,0.9919943131257029,0.509872000895449
no.biz.annonser.data,4adc20b04cc0b62d,4,670,0.999590338792024,0.43736748709769563
no.biz.annonser.data,4b0c4ff8fd8f7b21,2,164,0.9965459933559547,0.6644324875221196
no.biz.annonser.data,4e425da8a41426e7,5,535,0.998869098683352,0.5023238861681151
no.biz.annonser.data,57ccfe0ca014677b,17,1822,0.9992788725117406,0.7629172191516368
no.biz.annonser.data,5e31cc4e9297dda7,12,709,0.9990042927994686,0.6302813472867892
no.biz.annonser.data,5e681b6cc092487c,10,568,0.9989416362257308,0.5978689165579073
no.biz.annonser.data,60dcc6ae02dd1e94,7,264,0.9963963862761324,0.4010746583122079
no.biz.annonser.data,68574c98b9424242,1,109,0.9993457188452928,0.7076149699352103
no.biz.annonser.data,6dd8fa53b6fffc4c,1,137,0.9986891538639298,0.5691144468200213
no.biz.annonser.data,7302b2b2b9b27668,6,424,0.9975015091223345,0.5730552324336484
no.biz.annonser.data,7ab583d3c6cefb2f,5,508,0.9964733637142654,0.7058472031732307
no.biz.annonser.data,918b3da77d115b61,1,241,0.9936343448339549,0.4039541607167925
no.biz.annonser.data,94b340f991f779f4,10,530,0.9992416954217354,0.639693817592109
no.biz.annonser.data,94d4caa8a96e012c,20,1268,0.9966505080685348,0.40894099572617537
no.biz.annonser.data,9c27931fc645e6f5,6,566,0.9991934757031941,0.6580230653717465
no.biz.annonser.data,9c7c135b7b52f74c,6,273,0.9976106907894896,0.5550944705144735
no.biz.annonser.data,9e96470ac4723a6d,3,98,0.9729183418135863,0.6201684558711613
no.biz.annonser.data,ab8697ee8d1866e0,12,720,0.9974833410396218,0.5644448796606505
no.biz.annonser.data,ace0eb4844cf6b78,3,120,0.9863352686594213,0.7255933624997145
no.biz.annonser.data,b0f9bb3f78173d7f,2,204,0.9994039199022041,0.5310303995290179
no.biz.annonser.data,bb378d55582eb245,4,211,0.9972585624832002,0.6316864648674436
no.biz.annonser.data,bccbc297ab52ff53,24,1025,0.9550599203981466,0.46974483877167744
no.biz.annonser.data,c1afa45cc360d1db,24,1141,0.9898939383449706,0.627558943672764
no.biz.annonser.data,c2726d83317f78ea,1,265,0.9992398857292051,0.3968843133226832
no.biz.annonser.data,c58a18481307b108,5,670,0.9994216283413255,0.44393048524948303
no.biz.annonser.data,d0c31695507533ad,4,401,0.9990177825983056,0.5958383900371546
no.biz.annonser.data,d0de89e9c0088d68,6,634,0.9992631554283556,0.6609804261561739
no.biz.annonser.data,d6dc24b90d966052,4,1232,0.9994699303836557,0.7016793435721546
no.biz.annonser.data,de341c13d577df9b,7,552,0.9963422212871456,0.4976296657846254
no.biz.annonser.data,ef44476c9c4b6b45,1,77,0.9986256256541073,0.48404249554043804
no.biz.annonser.data,ef938368612c6790,1,491,0.999544609186482,0.7443950223173579
no.biz.annonser.data,f11c8579ef558fc4,4,102,0.9922038287580711,0.6256211110824675
no.biz.annonser.data,f1fa0440c63fa674,1,137,0.9990406881217118,0.5367041662829241
no.biz.annonser.data,f4dfde5c43b3cbe3,16,1735,0.9993783435805996,0.6201740942681944
no.biz.annonser.data,f8a36542c3eaf3f2,1,92,0.9988018902610828,0.5822060818558218
no.biz.diskusjoner,03f83e984a3fd127,15,444,0.9966584569404585,0.649785991316255
no.biz.diskusjoner,08090613607dae70,21,1204,0.9990183557447817,0.6187653038151502
no.biz.diskusjoner,08fb6717f4027b68,10,767,0.9977668949403936,0.5683064091203013
no.biz.diskusjoner,0dcd6c8441f265d9,4,120,0.9865613137356606,0.781887385422609
no.biz.diskusjoner,142c8e83f9f61c5a,7,636,0.9991744797141012,0.6668239018263529
no.biz.diskusjoner,20d1a104f3eb63d6,20,1488,0.9957296957335825,0.49617254787029585
no.biz.diskusjoner,2a61ee6957ed4412,5,408,0.9973879260294818,0.4949280331187497
no.biz.diskusjoner,2e3ac1627a33d068,2,108,0.9699362735335549,0.5418898978404559
no.biz.diskusjoner,320c5da1b810c5d2,9,671,0.9982544435424789,0.40552996677537734
no.biz.diskusjoner,35c215f92af2f47a,34,2085,0.9973689475055753,0.7087069611068924
no.biz.diskusjoner,3ab02b2b919266e6,24,1233,0.996402032259088,0.7972872690717024
no.biz.diskusjoner,4e3d5e05a035e2f4,8,561,0.9993679136575213,0.6290930075419536
no.biz.diskusjoner,51478f8b5d16ded2,9,656,0.9992910979475355,0.5082939500817721
no.biz.diskusjoner,5604b791873cfdbd,15,847,0.9986721041844652,0.6950922874645588
no.biz.diskusjoner,5c76cf063a69f1d2,53,3397,0.9984805875282379,0.4000502272846665
no.biz.diskusjoner,5e7de68cd9f7cf1b,1,1096,0.9996657619971283,0.42969931005947526
no.biz.diskusjoner,702fe831b2597d27,7,239,0.997203935004486,0.47099822202054964
no.biz.diskusjoner,761c8a8995b3c2fe,3,185,0.998834684361863,0.625936911105451
no.biz.diskusjoner,7fcc145252c4ac72,4,663,0.9989996070040521,0.48285977338041836
no.biz.diskusjoner,8d3ba399ab8882f9,40,2163,0.9968351384670411,0.6342232255970567
no.biz.diskusjoner,9bcddfda4eaf5d3b,1,643,0.999952800492126,0.5571228819858879
no.biz.diskusjoner,a03b174c3ca3e09e,32,1711,0.9960958411687031,0.3205243634982104
no.biz.diskusjoner,a052d32e544b9058,10,464,0.9977581125574624,0.7690468129369318
no.biz.diskusjoner,a060aa1b85b9e4b7,21,1121,0.9974789302940469,0.5376811707519363
no.biz.diskusjoner,a0d4870fcd75be6b,12,750,0.9976966952551486,0.5100595085025701
no.biz.diskusjoner,a88e650a8d914a08,1,134,0.9988380186931205,0.6411871244147427
no.biz.diskusjoner,a9880915c11061e0,2,188,0.997130973974004,0.8249897662793373
no.biz.diskusjoner,ac1bc303ec84a447,9,675,0.9991492545159957,0.4182995321435146
no.biz.diskusjoner,b0c206cc2b1a515b,2,124,0.9965037297462728,0.5034997019487453
no.biz.diskusjoner,b36be605522d5a3d,4,663,0.9997302463967375,0.6637968406898491
no.biz.diskusjoner,b8f74377bf89646a,5,543,0.9997236177731653,0.47122031491365235
no.biz.diskusjoner,bcac8387eadc2f43,2,684,0.999757548201656,0.5112977985055804
no.biz.diskusjoner,c6c0a34053107b0b,2,407,0.9973454607251391,0.5369790240309064
no.biz.diskusjoner,d833ebca80a93239,2,417,0.9998313306243809,0.8272333738114054
no.biz.diskusjoner,d96638854e0197a6,8,1326,0.9991055093328743,0.44057166003737264
no.biz.diskusjoner,dbc241ff914d41e4,3,411,0.9976114408114711,0.5447013013054368
no.biz.diskusjoner,dc4ba27ec46f46a2,1,2775,0.9992916584651841,0.6656271991212105
no.biz.diskusjoner,deef9bb25fcf3a9b,9,1541,0.9994034073272814,0.6727066874530834
no.biz.diskusjoner,def12ac7f6d2bab4,14,678,0.9987881905068559,0.5922404167356189
no.biz.diskusjoner,df66057377ad1ff0,1,232,0.9998247139615353,0.47645288282888454
no.biz.diskusjoner,e2fe2fb2a097eb95,4,537,0.9985210563953967,0.7135158409874212
no.biz.diskusjoner,fa421d719968b493,23,1337,0.9972599030996312,0.41955756181454396
no.biz.diskusjoner,fd68a52a55d5336d,15,1039,0.9865210476256883,0.49057918420538693
no.biz.nettilbydere,009496afecbdcfd1,16,1038,0.999053851881859,0.6084291852270467
no.biz.nettilbydere,023b6d73e19acfe0,11,806,0.9996646962322008,0.5647769667362632
no.biz.nettilbydere,04532648fe967f64,5,274,0.9990798389925835,0.5015568490102955
no.biz.nettilbydere,08e84881dccb9b41,15,752,0.9981608052651975,0.3561450921472777
no.biz.nettilbydere,13d781a7da564d19,4,696,0.9996117791748401,0.72677712351323
no.biz.nettilbydere,15ba257be70208c9,11,697,0.9995329465302668,0.6004522004986342
no.biz.nettilbydere,2ab735c0a1e99068,8,407,0.9984793105695071,0.711368358971795
no.biz.nettilbydere,2fdf2a97a4e79f0e,8,515,0.9957369340672866,0.6372466418952611
no.biz.nettilbydere,3493aaa4de07faf6,5,329,0.99864629602358,0.6158747095879431
no.biz.nettilbydere,3818cace4bed9275,7,600,0.9995374539589414,0.4248985337556764
no.biz.nettilbydere,38d1f9aad8f2f978,21,1127,0.9984752950642632,0.7710873686080792
no.biz.nettilbydere,392dab3b2bc2df8d,9,595,0.9994459741977213,0.4239951693108813
no.biz.nettilbydere,44e63e798031845c,17,1114,0.9994925034115821,0.5966376408721363
no.biz.nettilbydere,5848fd4cdb0c0fa5,7,433,0.9857168321858707,0.6023918190969306
no.biz.nettilbydere,5bd39ffdbea0ae5f,11,511,0.9981250727277503,0.6944330679331138
no.biz.nettilbydere,62bce643545125fd,3,333,0.9972240552118787,0.6384515542504692
no.biz.nettilbydere,6ae501e1bc1f70ef,26,1349,0.9974069017464074,0.6271331015714557
no.biz.nettilbydere,6b93520f0e0c2844,8,391,0.9954232827343278,0.73104039253101
no.biz.nettilbydere,6d0f896050ef349f,6,586,0.9994046375501915,0.7993767826737092
no.biz.nettilbydere,741536d50c742655,4,631,0.9994108902945567,0.5529403168075105
no.biz.nettilbydere,7b56269fe855131f,2,411,0.9996411315854569,0.7970645687340334
no.biz.nettilbydere,81f0de54901bcebf,5,801,0.9995694387215368,0.606609608622323
no.biz.nettilbydere,8811b8048cb21a49,17,1018,0.9985208210571371,0.42077462489676415
no.biz.nettilbydere,9501f8340f2690ec,5,534,0.9996856652984784,0.45069716125669046
no.biz.nettilbydere,9f6cd59d966309dd,30,1318,0.9986000713118811,0.7675653980244493
no.biz.nettilbydere,a02d6a5c6605532d,2,111,0.9692293889318605,0.5264685115124011
no.biz.nettilbydere,a76489615946ec84,11,636,0.9986357999856652,0.8917180615008683
no.biz.nettilbydere,a94c46699cf9e911,4,963,0.9997769266508099,0.475332306000424
no.biz.nettilbydere,ac6ef799f17404d3,7,588,0.9992829186913704,0.7553882177068355
no.biz.nettilbydere,adb998280c6b4128,50,2042,0.9989044143165648,0.7305741732687936
no.biz.nettilbydere,adcca6fba65a5a2b,3,230,0.9992188451924966,0.7410968730974623
no.biz.nettilbydere,ba943d064d957907,7,274,0.9969636136828484,0.5730237136747793
no.biz.nettilbydere,c16dad3226877e20,25,1589,0.997275835863939,0.5694454761791565
no.biz.nettilbydere,c7c60d4837be0bfb,7,475,0.9993782566537894,0.4872584927840353
no.biz.nettilbydere,dd37d408579c99c0,18,1088,0.999151735499284,0.5541173136541263
no.biz.nettilbydere,de9fbb249beea96a,10,449,0.9979732869589845,0.7145815404403659
no.biz.nettilbydere,e27799f423b2fad4,5,749,0.9997475796148947,0.6040537085271719
no.biz.nettilbydere,e7989670e36ea790,23,1530,0.9988857515957954,0.7240762296718294
no.biz.nettilbydere,f2e251e74a7c985a,15,956,0.9989138848728228,0.5424743657814316
no.biz.nettilbydere,f334a9f3a9765b88,8,354,0.9973160781428488,0.8122852126391901
no.biz.nettilbydere,fa7fee6c95a9d483,4,324,0.9988043533078631,0.6485254160920553
no.biz.nettilbydere,fbe889517671f9cd,7,430,0.9979375220931591,0.42213024658611764
no.bolig,0148931b13e964f0,12,432,0.9664625739393867,0.44647244081057763
no.bolig,08c592ae09ade08f,3,105,0.9841068408863852,0.43723697552379204
no.bolig,0efb0add37ebea73,9,636,0.999512971776698,0.41761131246272315
no.bolig,12fdbccaf6d53b42,4,267,0.9990359994621465,0.40076099603274495
no.bolig,1e2b76fb4f499d02,88,3281,0.9972591636236453,0.45663152587949335
no.bolig,1e6eb625d6b0ac1c,2,226,0.9984041521769896,0.41169871776862355
no.bolig,2400705cfb34e3d1,3,384,0.9939250812847931,0.5654615485958085
no.bolig,2efd1a411914653d,6,262,0.9960194998861024,0.5899340398050481
no.bolig,309826978d71c487,3,117,0.9961943476979156,0.6598126301310441
no.bolig,3374c73500b00630,10,722,0.9925695283028179,0.5597193360140281
no.bolig,3375b1858dbd2c88,2,171,0.9979318823882485,0.5284972979477965
no.bolig,352be3cae543b04f,24,819,0.9929284077029732,0.4414383225099271
no.bolig,416575a13a0b4336,10,434,0.9271088124633649,0.42259244395176404
no.bolig,430c8e40940ec3ee,3,124,0.977264360158448,0.500314458966577
no.bolig,43a1273fbce3780d,1,180,0.9996399863248259,0.528637262507838
no.bolig,4a37ccf41dba8788,16,811,0.9989499137760846,0.47034882027889846
no.bolig,4b546ca87b2c33b9,21,1299,0.9968683044373072,0.4445689506077511
no.bolig,556f45218730f8f3,1,61,0.9956704712411463,0.584997521026126
no.bolig,566df8e75b19b6a5,32,804,0.9836928948872719,0.2615286245816367
no.bolig,5b2548fef4aa2ad8,9,241,0.8533015933160137,0.6446187329211597
no.bolig,654292201fe3e902,5,250,0.8988018374178096,0.44754891880190645
no.bolig,6ac5cb31da8d33a8,18,670,0.9968242985426865,0.4225161181993476
no.bolig,6bce46dab258dd7f,4,109,0.9970813586570562,0.4756785320319492
no.bolig,6f9369e86c1b43a4,28,1142,0.994292648471012,0.4651072039434463
no.bolig,74be57cd131cd227,4,1797,0.9998037972959957,0.43272579245632614
no.bolig,75e1d1249126acc5,7,295,0.9904053493714621,0.4357873604950353
no.bolig,8b9fed43e9a92b26,38,1746,0.9979053788690982,0.4858765401021399
no.bolig,96162238c3bb1eb9,7,290,0.9923602698800484,0.3954144888702586
no.bolig,980fc066e876a0f5,2,284,0.9985444426529203,0.6749226127782662
no.bolig,9dfe25f3bf8120db,39,1599,0.9976323898491213,0.3969605266636595
no.bolig,9e8257e24138a532,13,717,0.9977516986110788,0.40330894077482965
no.bolig,a01659d7e3664bb3,3,165,0.9977863726009248,0.4279531457655392
no.bolig,a3fb2f2ad6d00851,13,336,0.9799106846217144,0.4629278829145611
no.bolig,a69ab7fcbbd7fbcf,4,106,0.9926368295985926,0.5283167215124615
no.bolig,aecb4e8d8d3e036c,15,802,0.9927468359145731,0.35336279708469437
no.bolig,b470ab6d9b9163b2,9,314,0.9973941819478757,0.5427273109990929
no.bolig,c1751981d6e6824a,9,365,0.995720095595213,0.45119391562858113
no.bolig,c49f0e99fd5f6709,6,229,0.9956149978703207,0.5530721747210923
no.bolig,c81fe7f90e06b363,12,705,0.9982544393284665,0.5459119691226413
no.bolig,d542d984fe9aaa14,14,921,0.9974784988764137,0.48368214126958353
no.bolig,dee16530b1263f38,41,1928,0.9971447169885062,0.5308890343375327
no.bolig,df0710bf9076dc74,9,463,0.9871105825122819,0.5086499442095398
no.c,04c9141de4f1bfa0,12,822,0.998888452729499,0.5828489726970074
no.c,09451f82f21f7ef1,1,280,0.9851442061469661,0.5734215882048749
no.c,0f64de07f3a85a7a,11,961,0.998903544317735,0.5269148235226253
no.c,345cf418a64074f7,20,868,0.9992257029884654,0.4439547979547243
no.c,390db61d0367a00b,12,1176,0.9984740291901634,0.634631730102655
no.c,42e933bca61fb808,9,349,0.9986013538137472,0.732976522537882
no.c,4561c2d5c2f18c4e,7,742,0.9972658335655822,0.5343390756679846
no.c,4c38dc36e7336d43,7,1364,0.9996538874784413,0.4639382058719751
no.c,4de055962889ce69,6,228,0.9916033788013531,0.5782868324109838
no.c,5547db2b9fe2d71d,18,629,0.9966503553839872,0.460005670458675
no.c,5a52091031f64dc4,3,261,0.99779923985331,0.7709716153672912
no.c,5f059d2c015df233,3,211,0.9866682974243985,0.4496520079906944
no.c,5f11732029ad3c5f,14,968,0.9986815192465052,0.5461234184567736
no.c,647bfe531e2da33d,25,1238,0.994687665556648,0.5381561343869167
no.c,65c8d2dff8746852,1,249,0.9974352747615817,0.670671336061918
no.c,6893a054c54d8c21,5,921,0.9989180302992495,0.4208933565635931
no.c,72d1f6d6489338b0,21,872,0.9957344595159345,0.4899972499200311
no.c,7931a6401e85dbeb,8,519,0.9973809079654355,0.40546941456788915
no.c,7ce03b2cacfd5c75,15,1217,0.9966655790602424,0.7156414275033107
no.c,7e420c748b9ee703,11,1079,0.9992435630790016,0.4533185982399184
no.c,88240c7d180ff09c,11,533,0.9967646954962657,0.488680761080699
no.c,8a2e17e46f9dadcc,9,761,0.9994306443402107,0.6812842548968916
no.c,8c9aa2d0f124a6b6,12,811,0.9900515887809986,0.44080937966056327
no.c,95301ca2b0630a39,1,483,0.99982872998323,0.4458327066408023
no.c,9b4ac5510635e68d,2,434,0.9985834514052158,0.6750730181044902
no.c,ac1ab2c6289f9acf,4,335,0.9998549326409717,0.4522882662655029
no.c,b38381b88daaeb6b,1,288,0.9999098454109886,0.6254823394642042
no.c,b3afcb76de2314e0,17,907,0.9979750831455383,0.4983481414667251
no.c,b63e933103104b66,10,384,0.9854074524773835,0.5417088022440464
no.c,b88100e88b9eb895,15,2024,0.9998224512572852,0.500949294833769
no.c,b8b104059c622763,7,677,0.9988910651054552,0.4375630108887555
no.c,bc5d71622557b5bf,1,67,0.9852248216269074,0.6700199480228808
no.c,c55245f52358d633,24,1805,0.9991241225159043,0.4627531996517275
no.c,c6207c40d1a1a93c,2,210,0.9990350674713641,0.47377883124146714
no.c,cfb917b1c243722c,13,717,0.9960798430447754,0.5084144939416726
no.c,d006c8593e4f8907,13,600,0.9990214990648956,0.6286710170228909
no.c,d63b80db3a9103bf,4,298,0.9993270666317057,0.8666624902898576
no.c,d879236f1297632d,8,445,0.9977739284013974,0.5057667786942128
no.c,e09cf827cb0a53b8,9,2994,0.999486751572076,0.37797432634449896
no.c,e2b40b4444b6a67b,9,559,0.9991610131190327,0.6381367108364808
no.c,e3480fe7abe92e70,15,844,0.9980208413976904,0.48517592046986097
no.c,fed3b5d82b8179d9,9,1079,0.999131144393818,0.47684749904120616
no.ef,05eeed97a314d77e,21,830,0.9740150187909358,0.6650825093218495
no.ef,074c823da7bb2c21,22,1595,0.9993809934079056,0.5343117115545454
no.ef,077ef281c20e1f00,9,664,0.9983859654459465,0.4717472842873771
no.ef,11fb2a227a6729f1,5,387,0.9954493933967239,0.5728185937918928
no.ef,1e401a043fef5897,76,4065,0.9961037984479839,0.563149560058794
no.ef,218981bab6ccfcf6,28,1177,0.9879093844182483,0.5513254405050007
no.ef,277ede5c688c465c,16,1382,0.9981567721287253,0.5720252051990379
no.ef,2df8236083d04254,51,2374,0.9949415420313381,0.532818401750413
no.ef,332d5a3ab735f56b,13,1126,0.996576068069926,0.39124894008151656
no.ef,3736d52810b34132,4,1575,0.9998574599491361,0.5121570462345896
no.ef,43fa6ba6609e1a3a,17,931,0.9978175858067954,0.56522593242085
no.ef,5516fa5d7b4bf248,15,1031,0.9991551545027326,0.6402018119110032
no.ef,55a8508fe3965048,2,391,0.9997261181551897,0.4363106976105591
no.ef,6024be09b53c4014,21,1162,0.9964297722995924,0.6170414662225274
no.ef,61c743f113a1276f,20,1275,0.9985757055020651,0.4702562181852212
no.ef,63180777c68db1d3,24,984,0.9940372494167486,0.5702077603015908
no.ef,67378a60c3433848,10,653,0.9976740867635151,0.5793812926304077
no.ef,67e5367e1a6bba4d,13,994,0.9977398706750448,0.6318830704790824
no.ef,67fda4afa3e18a54,9,296,0.9648703483463512,0.46359282545208313
no.ef,6855b69a8da2f665,13,1051,0.995913565607397,0.5066266464549801
no.ef,6b7e7f828227ce1e,2,57,0.9899567784067093,0.7213395944513686
no.ef,7414ffe0e7261e32,19,1197,0.9971512288394043,0.44344477695415574
no.ef,78c708bb418d935f,21,774,0.9935309936426384,0.5260169089151808
no.ef,826ad8dff64f39bc,17,838,0.99659009356497,0.5990074663511518
no.ef,85b88c78f860dfea,2,533,0.9999215968872175,0.6313903233514215
no.ef,8c888c27213572b5,11,556,0.9987545412574861,0.8258836967311849
no.ef,9cc4ccf31abf6264,18,827,0.986242234852239,0.46494046544144624
no.ef,a5dccb0e0f152751,10,277,0.9942042962248555,0.5431774066731243
no.ef,a66e90fec0eacf66,21,922,0.9979072122344164,0.6590638101179488
no.ef,a68c215a5cd06c9c,8,246,0.9955701041708036,0.5740702812058113
no.ef,a91b697e4dcf6c8c,15,730,0.9988823521907229,0.4201650031571919
no.ef,bd670c56517335fd,13,767,0.9786413786825672,0.5441938177586799
no.ef,c1bb3c8b704663a9,9,296,0.9987790390310345,0.4123468969940412
no.ef,c7ca6fc74459a76d,10,492,0.9960686014323353,0.4850439203669851
no.ef,cd7ce51c3d04add2,53,3196,0.993334243578098,0.5255297622705262
no.ef,d0f59999b6b64291,5,1305,0.9995359877588744,0.5763207953306312
no.ef,d463cdfe8eeccc5c,24,1001,0.9803600960200473,0.5853958346139791
no.ef,d4c30619f9b8a480,1,376,0.9998978679746845,0.2941852966809461
no.ef,d71b35aa8b499560,11,649,0.9981084575948626,0.5959231678431872
no.ef,d73beef6d65379bf,4,274,0.9996560160646664,0.5720882187276765
no.ef,d82c74dd5cd0b98d,2,279,0.9994246917519962,0.5068921303672004
no.ef,e819a67ca3c75174,7,299,0.9958233365712688,0.6725838261645362
no.elektronikk,0792cfddc120b9e3,25,1430,0.9991765717844397,0.6261658469760385
no.elektronikk,230d5fba8558257a,7,408,0.9977721370632889,0.7651359909158939
no.elektronikk,23b0ef7651066085,1,128,0.9986848679781661,0.6583140461261097
no.elektronikk,3b79348e7f893434,13,850,0.9984367268389924,0.508050413158956
no.elektronikk,3d2cb19591f1c9a3,2,355,0.999043365535679,0.4485730867619506
no.elektronikk,45303447952841b0,7,134,0.9891539179305019,0.4755140786346071
no.elektronikk,49353a506693f483,5,287,0.9955932299917363,0.5530089963625174
no.elektronikk,5122427f2cbabe30,7,238,0.9982257299527735,0.5122512018370803
no.elektronikk,626fa45bce716498,7,445,0.9992319025004816,0.5432433649743961
no.elektronikk,64b13e7dd22d4211,10,461,0.9970894032616269,0.5395212854244705
no.elektronikk,65cb6ba4ac9ff477,11,610,0.9958507060471534,0.6315640150598267
no.elektronikk,6973bd07a827620e,3,189,0.9876643628015656,0.5451301676323077
no.elektronikk,6bf32b72ddaf1353,95,5019,0.9976595584942306,0.5175871082948236
no.elektronikk,6d411383ffe82707,6,218,0.9945588793445937,0.6691449467383356
no.elektronikk,772bc89225ec4978,2,292,0.9874877749300262,0.4766014030655408
no.elektronikk,7b60dbd198597d61,6,275,0.9961586229762968,0.5229156635393793
no.elektronikk,7bb6c980f59a89ed,15,840,0.997952167190461,0.458312304696234
no.elektronikk,7cc3d094150812a1,2,1466,0.9999066847086813,0.49989428975108624
no.elektronikk,7da7112dcb73efa7,37,1934,0.9992290832230157,0.6311341949804298
no.elektronikk,810b56f813acdde6,1,112,0.9988863272414749,0.5091305778679761
no.elektronikk,84ddcb321b2cdd47,3,326,0.9994476242918878,0.590360425708035
no.elektronikk,89efd10b1ceba3e9,15,1283,0.9995556352557826,0.6558221993541263
no.elektronikk,9356a0a518ced6e6,11,358,0.9856155207117362,0.618498563877883
no.elektronikk,9395ef7b52417e78,2,311,0.9993494273094471,0.5023662816822839
no.elektronikk,939d447afe43873b,2,466,0.9993794928749671,0.4522415808834683
no.elektronikk,97e667fbad09d8d7,15,1252,0.9990491790274618,0.5836612960182713
no.elektronikk,b207d2020a0b3659,3,410,0.9995094569909178,0.6120740629384733
no.elektronikk,bdc00ccf57f47fa3,42,1884,0.9980576001142158,0.42966511725707884
no.elektronikk,be68478197393764,16,769,0.9950200037681373,0.5599306145734608
no.elektronikk,c45130744207d8b6,8,1213,0.9997421680249085,0.452898705457084
no.elektronikk,c519b292fc564f81,8,515,0.9979093865819989,0.5303372571259516
no.elektronikk,c70216a1f4e6bc9e,3,359,0.9995330003841482,0.39497969331738786
no.elektronikk,cae74e2e2707333b,24,2105,0.998875067193418,0.45237621240187254
no.elektronikk,cc901e73c7a80cfa,8,635,0.9978400250956441,0.7211633677150949
no.elektronikk,db38f0cf95758cb7,10,304,0.9922369967258002,0.5153131680847657
no.elektronikk,e2b89f23078ad66d,5,687,0.9982970047832415,0.5391609178601899
no.elektronikk,e34b65787293c627,5,464,0.9860755135158606,0.5318901805152643
no.elektronikk,e452386bfaaf7701,1,104,0.9992614110222976,0.7876905904937728
no.elektronikk,ef6a2a9150e60137,26,842,0.9943045653836381,0.5068854555501187
no.elektronikk,f1eb148ac78b8aa5,4,168,0.9971483489692922,0.43074085819661206
no.elektronikk,f5fd0eff0a5226e6,3,202,0.9988583082226962,0.5877263183068466
no.elektronikk,ffbfa3600eca871d,3,222,0.9993916201048473,0.5579416849114212
no.embnet,089150b7f4b9b2ae,8,516,0.999084161428742,0.7397391836146757
no.embnet,094208ab4d0f6b24,7,152,0.9650576195405988,0.7044421099191226
no.embnet,2301b887ea157f94,4,239,0.9983508720492037,0.5516229219780148
no.embnet,6657f55fcad14abb,7,937,0.9906444334563476,0.5853185817440671
no.embnet,83577db16a6d4543,6,702,0.9938707065187884,0.4693527439023683
no.embnet,88792ffeeb39f47d,7,774,0.9996877594113194,0.4675145085413675
no.embnet,94c74d7b8995bf87,4,565,0.9890323615838781,0.5621775498924823
no.embnet,b18017857b1ff45e,4,167,0.9982319177053125,0.4973013753802638
no.embnet,b27ac44e484b5549,1,86,0.9994471237843752,0.4599664872326784
no.embnet,ca066524672da8e2,7,160,0.9950617151044903,0.5467908029955277
no.embnet,ece4969ff89ce19a,7,774,0.9996877594113194,0.44649205585073654
no.eunet.diverse,00297bb9498cee30,24,1223,0.9982209130778075,0.5051558986691075
no.eunet.diverse,07b877a52faf34e0,24,1197,0.9939886142418083,0.5825891426014415
no.eunet.diverse,0a15dd32b354536c,10,432,0.9962349596550069,0.43625390497584365
no.eunet.diverse,14c1c7a524e966a5,23,1055,0.9964132797077355,0.6788073016353269
no.eunet.diverse,1bf69ea23cddf9f1,6,207,0.9969157644438684,0.5737253167356259
no.eunet.diverse,1e47215b6e2a8cd7,15,1436,0.9994662052662235,0.6525051222730474
no.eunet.diverse,266522e8ce8f972c,5,530,0.9991521556501123,0.7700590593833312
no.eunet.diverse,31ad37d2910871a8,5,525,0.9976684541727687,0.7082601189121213
no.eunet.diverse,35e27d3ef6efec8a,2,84,0.9911822406474933,0.6106585876704672
no.eunet.diverse,4f0c1970c005a466,17,852,0.9990786535645341,0.7635617404642768
no.eunet.diverse,539ebc6727664ef1,6,722,0.9980314494559039,0.6745981392674313
no.eunet.diverse,5575e6c0194e00f1,8,588,0.9986359942442514,0.5232677150289807
no.eunet.diverse,57992437d92f13c0,2,469,0.9997476980388621,0.4622882492047914
no.eunet.diverse,5d78330204e4460f,3,276,0.9945450165812474,0.5773028608219979
no.eunet.diverse,6bf240af3f5e3a81,9,421,0.9983259770859998,0.4447842888734142
no.eunet.diverse,719a6168869134fd,9,792,0.9981048369991999,0.49406795539575504
no.eunet.diverse,72eedc433628c4c7,7,251,0.9976046162886667,0.5521893851037566
no.eunet.diverse,733c806af3e3ac65,4,270,0.9946191824659854,0.6078788023221071
no.eunet.diverse,80b3f947eb663c17,7,550,0.9978710983980967,0.7376953766212418
no.eunet.diverse,87f3f7e1f92e15fd,10,357,0.9977373967108801,0.4523945287857062
no.eunet.diverse,8e5169c26f2eb852,8,546,0.999090079879144,0.7937872434649879
no.eunet.diverse,9139903fc515f53a,21,885,0.9951226342991062,0.5006869739833019
no.eunet.diverse,92f3c376db08a62d,11,659,0.9922554115657749,0.5463034319017611
no.eunet.diverse,9b14b3e68390e8b7,1,125,0.9990611922596495,0.7442376830253402
no.eunet.diverse,9f072d3423c5e397,9,387,0.9972908921310508,0.6946089386742288
no.eunet.diverse,a99de037276e0734,4,175,0.997991952153427,0.7835201642159748
no.eunet.diverse,b55cad6773bb84ea,40,2981,0.9995555573386768,0.49069901328773474
no.eunet.diverse,b89cb8f07c5a8b7d,11,865,0.9976173297022534,0.5015779921502991
no.eunet.diverse,b9cf632f16e9c97d,13,832,0.9987796793795823,0.6884083801006838
no.eunet.diverse,bad58bd24b228a08,120,6718,0.999320556956152,0.6716826707223085
no.eunet.diverse,bd1dbafd609d563e,22,1549,0.9989151133016557,0.7366595192473491
no.eunet.diverse,bf5a4024cfd8d810,3,544,0.9998035451951047,0.5729206966381942
no.eunet.diverse,c75b587bf2b6a568,7,931,0.999280768558333,0.48086505468497887
no.eunet.diverse,dcc4f161359fc198,52,2567,0.9992758699331227,0.6157092720054654
no.eunet.diverse,ddd74d042b9240aa,4,316,0.999074450348642,0.46063067992662887
no.eunet.diverse,e265781a912e054b,4,423,0.9991972378584918,0.6796857129517322
no.eunet.diverse,e2ac7d2806ecfea4,6,637,0.998706978427799,0.5757667983712276
no.eunet.diverse,e88c223dc4cdb79b,2,180,0.9947615327831354,0.7559685986881931
no.eunet.diverse,ea3f1884c28feded,44,1737,0.9981086799220631,0.4633021931126749
no.eunet.diverse,eba470385686db0e,8,948,0.9983112718612089,0.6114875888915514
no.eunet.diverse,ef99d246046c7324,10,598,0.9992007176026164,0.700870593293927
no.eunet.diverse,ffa9f50337969289,1,141,0.9995027025154958,0.7959202476628463
no.eunet.drift,00337390b47789e2,34,1331,0.9937532560397598,0.6117844501590624
no.eunet.drift,04f14ffc7ddc1f4d,13,900,0.9994657191606748,0.7132930405492208
no.eunet.drift,0824266eeeaf664c,3,208,0.9992760525619389,0.551438059643418
no.eunet.drift,13a46a19859c866e,12,496,0.9926017618625805,0.49922733442933737
no.eunet.drift,156a6440d66e7f68,3,219,0.9959324821505586,0.6829254277207554
no.eunet.drift,15bbeb01f75aa559,12,815,0.9976872557977711,0.5257397278769832
no.eunet.drift,1bf61948cb197055,23,909,0.9969042228356245,0.43320324154428913
no.eunet.drift,1c2d1235f3e74bab,3,190,0.9971418356392233,0.7231928271356513
no.eunet.drift,1d895f56fba10b40,25,1543,0.9979158096720332,0.7482059885084805
no.eunet.drift,273f2efd8fc0c0a6,1,1178,0.9997476333228228,0.40986996765734995
no.eunet.drift,33eac2677706a67c,15,901,0.9985451061878722,0.7159988747259972
no.eunet.drift,36347e51b2e564de,51,1965,0.9930991392959362,0.48448307743837743
no.eunet.drift,437cdbfaa6f12bae,5,140,0.9960476789825408,0.4785297165766629
no.eunet.drift,77ea86f3a58fce04,20,1250,0.9990028492001364,0.5675432454371429
no.eunet.drift,7afa668d35276a67,14,751,0.9975471858003653,0.49117311323485485
no.eunet.drift,7de69c8534380d81,9,554,0.9992998176462405,0.5507411974778871
no.eunet.drift,7df964e640c8b701,6,402,0.9989746253993783,0.7402912102031275
no.eunet.drift,7f3aa7f6eb173253,8,205,0.9935635667226038,0.5546855883756845
no.eunet.drift,87fd30b4f264bf69,5,474,0.9954883386600195,0.6986036185026766
no.eunet.drift,88bcee9678a00186,2,285,0.9998116508384576,0.576334805886315
no.eunet.drift,8b2f66f51e4f220e,5,326,0.9971692711096355,0.8884193289535732
no.eunet.drift,8c0b47a6689508f1,7,493,0.9982930162226157,0.5502596904932202
no.eunet.drift,8fbc2c962c8dcbfa,18,718,0.9987972463090387,0.5752241130045952
no.eunet.drift,9d4de467752dd399,13,548,0.9978427206291497,0.46323029819145456
no.eunet.drift,a3a99c23194dd693,5,234,0.9962867229057302,0.7156278608540398
no.eunet.drift,a72f588a10ea3093,10,321,0.997652689242709,0.45264526363414964
no.eunet.drift,ab07163b0c6c1cd6,14,517,0.9985820638455367,0.7417279590311103
no.eunet.drift,ab713759d6c44967,17,794,0.9982603178121765,0.5449172054888516
no.eunet.drift,ba78f50379cd7bec,9,763,0.9988531755366845,0.6310902900840539
no.eunet.drift,bceafb54c4ff5c34,9,604,0.995096643440531,0.5120591885540547
no.eunet.drift,c477e7c277b7f6cb,45,2055,0.9969900064207167,0.6703008074368616
no.eunet.drift,cdad743b0c1939c7,17,792,0.99799404465755,0.7756156399103113
no.eunet.drift,d1eb8c8b66fe2c87,16,704,0.9865008363178188,0.6347509600592728
no.eunet.drift,d2e946286dcea549,61,2913,0.9985823115974761,0.7686683591550992
no.eunet.drift,d81f22dd7ce599fc,10,575,0.9981093845633059,0.5721228396791272
no.eunet.drift,dec4b1f926c98298,9,376,0.9976717653939229,0.6996232655933218
no.eunet.drift,e0d946b640db40a9,26,853,0.9977849458993581,0.47166301710956604
no.eunet.drift,ed875a909fdf44f0,18,757,0.9950464894183054,0.5497127024499956
no.eunet.drift,eee755494c6232de,19,1443,0.9992832934877477,0.7483226660629029
no.eunet.drift,f1c3434fc5519f5e,12,709,0.998525389564508,0.7237003401947208
no.eunet.drift,fd49c0f6833e70b7,20,1125,0.9990635440214805,0.5211558831820151
no.eunet.drift,fe0b6ed5d48c733a,5,404,0.9988102413173132,0.5444183567526865
no.eunet.hjelp,069f0ec264497f16,16,792,0.9984142120823015,0.6994814570341575
no.eunet.hjelp,0ecf29929092db0e,5,653,0.9989940161166367,0.6398997702121769
no.eunet.hjelp,1230537d02d1fe92,1,345,0.9999181675726998,0.570712257154982
no.eunet.hjelp,1b12d3a4009a13ea,8,209,0.9954642801488398,0.7755530738457826
no.eunet.hjelp,1c0da959590b936a,4,404,0.9994507853464834,0.3938296127968772
no.eunet.hjelp,1cc386bdff91d1bf,5,241,0.992531896438563,0.56764904758078
no.eunet.hjelp,26ca38d4eeabc3b3,1,322,0.9998102784642058,0.8354567383361909
no.eunet.hjelp,283966c8c0076bd7,15,730,0.9987484293938425,0.4324565773427142
no.eunet.hjelp,2b423f4e99e151bc,10,480,0.99343456218822,0.5554188667594885
no.eunet.hjelp,30a783e9a98b203c,12,470,0.9985710361931682,0.4201472489421105
no.eunet.hjelp,3658931cb3b38791,16,737,0.9946404657447344,0.5150403806272844
no.eunet.hjelp,39567d644f8fba1e,15,546,0.9980481932098373,0.39500564942765487
no.eunet.hjelp,44c0825459c01094,6,1069,0.9997272372312171,0.5696629239132752
no.eunet.hjelp,4ab10858005b2425,26,1208,0.9984612785888357,0.5440818496961941
no.eunet.hjelp,56d173453bf87a5e,6,469,0.9989481277101209,0.5536054754383479
no.eunet.hjelp,570dcb223c268365,8,345,0.9975081836991359,0.6502336618106173
no.eunet.hjelp,6351840d543a144a,43,2370,0.9971990067809405,0.39534995461579575
no.eunet.hjelp,647f7ceaaf7df8fe,8,265,0.9945825452510398,0.6273167872549466
no.eunet.hjelp,73ac027c6591f128,6,290,0.997444926397198,0.5470231469424327
no.eunet.hjelp,880833e37e45b4c1,7,347,0.9986515507453715,0.5030779707504776
no.eunet.hjelp,884eb8c861079d03,10,668,0.9984865168425661,0.46101972144775616
no.eunet.hjelp,8a4d5ab9ec094d92,9,496,0.9982778266926,0.7442567341255935
no.eunet.hjelp,8e6e46f889c177c6,4,233,0.9980481493411795,0.45656395238463304
no.eunet.hjelp,9bab2fd8f919ad3b,6,813,0.9996959171849955,0.4606881405627266
no.eunet.hjelp,9e9e7f95d89fddec,7,470,0.9990062187919881,0.6323696883846778
no.eunet.hjelp,a1a5e4cad228fe2d,3,218,0.9962595070889646,0.5024609970873688
no.eunet.hjelp,a4b16bcdf63e6b83,5,283,0.9983326064763379,0.5468327766441132
no.eunet.hjelp,a74a9b59a8e1529f,8,441,0.997779142004381,0.6183773837751484
no.eunet.hjelp,ab548a12cb785023,43,1494,0.9981400458916052,0.5326313959963861
no.eunet.hjelp,ad372e45c98ea57b,19,774,0.9972485303078873,0.668509839835954
no.eunet.hjelp,b2e1ec31e5589427,10,500,0.997481054383198,0.7377557356952823
no.eunet.hjelp,c6547a7939772a6b,12,618,0.9962032287274033,0.6399682442554713
no.eunet.hjelp,ccdebc1df98beeef,5,325,0.998107801701862,0.7877452002253397
no.eunet.hjelp,cee808fa104738b9,3,172,0.9992910013182811,0.5755469030821082
no.eunet.hjelp,e1dee594550c0503,15,472,0.9963977443386239,0.5706739008152255
no.eunet.hjelp,e46b0ba9f2cf3d98,2,119,0.9900285033437812,0.6540547846652552
no.eunet.hjelp,eb453b2f7060b99b,19,749,0.9952714571152687,0.6953203423313307
no.eunet.hjelp,ebafe73d7f0ae97d,1,786,0.9996913928467628,0.4704252152387796
no.eunet.hjelp,edf07af7e1f33066,7,245,0.9928974491196296,0.41109214438617037
no.eunet.hjelp,ee71b48235b54bea,4,632,0.9983779781831507,0.5737392614491689
no.eunet.hjelp,f5b98d5642e3e846,12,760,0.9982362756776019,0.44827590857340105
no.eunet.hjelp,f6946c4cd4ef31f6,6,210,0.9980194052208485,0.655210127689447
no.eunet.hjelp,fb392838e72a179b,7,516,0.9983638928326701,0.5127075639547249
no.film,0ef12890a2f5d644,6,471,0.9974047141274954,0.498111853311385
no.film,14143138866c1c2a,13,575,0.997037236687043,0.5981329156660969
no.film,1b509d56d2840e56,5,597,0.9994343523198607,0.4780736733370087
no.film,2940a01e0a0adee9,1,162,0.9975633308890415,0.4708626539169666
no.film,2a5964f70b4deb1b,3,88,0.9971190957731665,0.5593113130299012
no.film,2b193f5bfdb39305,1,48,0.9930790834843989,0.6172690467597145
no.film,2cfa50ab9f630291,3,647,0.9992004898026677,0.6291971851202655
no.film,2dee247a739dd608,17,1142,0.9994417699614748,0.38624363111136556
no.film,2f354c5d2b994ca8,14,907,0.9988263271322071,0.535827771288351
no.film,3fcf72c5ed07bb71,4,546,0.9994227945313005,0.4884996460860116
no.film,40caefc8a02344ea,13,825,0.99714740026551,0.5331267392758948
no.film,44bc59bd1c77fb6a,3,275,0.954731555867286,0.4981670368173812
no.film,513959d2746e4c1c,3,605,0.9996256780153884,0.6502285262237767
no.film,51a1cf97c259842b,5,429,0.9990111386458512,0.5568322905847801
no.film,529eae34e2a394c3,38,1867,0.9859117507879891,0.44034686891311214
no.film,559337c9207a5ab7,5,486,0.9986066693953387,0.7545431711054639
no.film,5840df297d2ba16b,10,536,0.9953368236801255,0.7269812072830727
no.film,5b3390b0b07af53e,8,824,0.9995813187443933,0.4904572887963179
no.film,6eb715a2419c0619,22,1212,0.9988336204094327,0.49555521016916954
no.film,71b3e1fe51ccc039,4,528,0.9997531194520728,0.6161257203623431
no.film,7904ea5bc4b86959,3,314,0.9960224391701761,0.511572168395778
no.film,83ed1e5c82e9a873,13,883,0.999118206019558,0.5320597100260737
no.film,851c3429bfc0e7c0,5,699,0.9995329201355655,0.4370310895387926
no.film,8a81e8c666cb2e10,5,250,0.9984795335513976,0.5358570719140624
no.film,9a64a692ad92383f,16,1033,0.9975169268494117,0.5410343601857901
no.film,9e0296b0dcb53703,14,1364,0.9992607895669648,0.3831816204568575
no.film,a129518dd563f89e,11,488,0.9995543738250734,0.42934229190379486
no.film,a1e8bafcdd521524,11,730,0.9989094939964677,0.3102873008464618
no.film,a8b5fabcb7847ebf,2,31,0.8269205644184091,0.6556816718841553
no.film,a8ebb1babb1afba9,8,407,0.9967556070717307,0.5532333966080376
no.film,b58c643c9e75303d,1,348,0.9998325479573846,0.4251398948424407
no.film,b6e004504b679244,16,1128,0.9985584712034953,0.6408078920579433
no.film,b82e8c96bd3036aa,28,1400,0.9966112073928515,0.5071500874820741
no.film,c3aecdc2d0789a15,2,425,0.9984765834937237,0.5681606401479974
no.film,c9c863a7d2a3e980,2,130,0.9993326892962395,0.4123373634461017
no.film,cbad9d0cfe4609cb,7,563,0.9996047146365432,0.3866971954874821
no.film,cc3f8500d223d854,7,374,0.9932469014005433,0.46872078795363586
no.film,d7a038c6674c7588,5,649,0.9994989695478536,0.45386902999739054
no.film,e0c07b4531b60196,2,184,0.9987779981224618,0.49705970604263633
no.film,e1b04e143ebf1200,9,457,0.9951372321550723,0.5426315330944157
no.film,e331ac19ff49774f,1,669,0.9999503089480694,0.6328265027812315
no.film,ec115bd5644f098d,6,1226,0.9995603918700544,0.5822228823767688
no.folklore.edb,09eeee7007902598,11,1581,0.9997319931682526,0.409293968344027
no.folklore.edb,0a819bcaca7a5a98,5,204,0.9943857736273382,0.7041281692886568
no.folklore.edb,0e304271cee49b0d,6,587,0.9984397330883599,0.8170806714835246
no.folklore.edb,12ff17530f62ba27,2,500,0.9989809614401713,0.6020937353922492
no.folklore.edb,26ae16e9fc2524b9,6,512,0.998914189850902,0.6870469740399329
no.folklore.edb,37f09a16650dfd72,34,2245,0.9970854131575414,0.7985916869389844
no.folklore.edb,4567434ffd04fc35,68,4441,0.9983198168729751,0.47457262882027007
no.folklore.edb,4dc51694610dfc9f,4,1555,0.9995550346107929,0.7446729757338153
no.folklore.edb,4e2b64f01d59899c,41,2617,0.9938647104515161,0.7057044315836408
no.folklore.edb,55e718b885c2761a,7,392,0.9991342766893779,0.5273036329115429
no.folklore.edb,605dbfca738b5d9c,1,419,0.9998956990793821,0.5896643965395681
no.folklore.edb,6305c7d8264e5c44,3,328,0.9995302286172214,0.6365205889889677
no.folklore.edb,635c19e80355187c,2,177,0.9993021764836373,0.5270758909682903
no.folklore.edb,7604cd56206b6e93,6,241,0.9948274389760737,0.637367633659861
no.folklore.edb,7936c7ea7aeb2753,1,353,0.9996311575010338,0.6685506707588108
no.folklore.edb,7e08933b82fb743c,29,2124,0.9986123441409396,0.7017160471458287
no.folklore.edb,7f16ded9206e1ed4,3,261,0.9990387108432689,0.583472801883716
no.folklore.edb,7fa8968376dd2b44,3,456,0.9989059427399242,0.568746744805094
no.folklore.edb,829fd4ae94f59764,19,1008,0.9984251292965588,0.7010075467009096
no.folklore.edb,87570e94e817e152,27,1005,0.9936158348036561,0.5251273394955341
no.folklore.edb,8d2a01f57aba2723,4,341,0.9995587903366239,0.6267142587959645
no.folklore.edb,8d4894b084bfde2d,14,1108,0.9988546257489976,0.7305815431706764
no.folklore.edb,8d745f994a95924e,3,134,0.9974805724571957,0.6028853592332999
no.folklore.edb,9157d1a2ab3c31f5,4,657,0.9988976654468454,0.643875380180453
no.folklore.edb,93dccbbe91b6afc7,1,262,0.9991925865490052,0.7182756902766673
no.folklore.edb,9a3ab4e140893a93,10,707,0.9986364514864886,0.6431026700522785
no.folklore.edb,9b50348ae8b2376a,24,1189,0.9962594368126033,0.5547416328423646
no.folklore.edb,a003f453bd06c849,12,816,0.9988774953105936,0.5233011781710999
no.folklore.edb,a7d86f6883560de6,8,703,0.9995055422422944,0.4195173982855257
no.folklore.edb,aa06a3ff4e9b14a4,1,208,0.999924190335005,0.47395953491242404
no.folklore.edb,aa358175f31f0f6e,22,1343,0.9955024369916411,0.5753980888605221
no.folklore.edb,ad7868279dd54a59,8,555,0.9991601345394825,0.641214640450129
no.folklore.edb,af210f74c429a831,8,642,0.9972309981499371,0.4932941475996441
no.folklore.edb,b7cf0d208d4ae220,1,1973,0.9999291291546449,0.6497833820586228
no.folklore.edb,dc0e960e43ee78cb,13,712,0.9985827936615276,0.4442212264559599
no.folklore.edb,dfa46d3cdbc02408,7,357,0.9926256813574862,0.5555451912953923
no.folklore.edb,e9d0580de0a61d8b,8,364,0.9977718531007614,0.6959876232777652
no.folklore.edb,eac2cd08b4f8b274,9,759,0.998048448594079,0.7719142577701746
no.folklore.edb,eb5c71d81dbb09c0,3,486,0.9969898355262918,0.6363917602854903
no.folklore.edb,f5c7faf237b671e4,2,1445,0.9998946971597915,0.6454326797394859
no.folklore.edb,f8b499037050a332,3,609,0.9997461439495349,0.4847783950371878
no.folklore.edb,f960f19943d18b00,10,848,0.9994876064230739,0.5042826640861436
no.folklore.generelt,2c40c536cad93948,9,1039,0.9976025953362796,0.6492262119253841
no.folklore.generelt,323313c3b8507656,11,549,0.9937903327596084,0.5675240962569428
no.folklore.overtro,54c788ef65b9e27a,8,644,0.991852015939329,0.46229858860067935
no.general,0b43aaa1b48c65b7,10,581,0.9931050409557481,0.5993553479422097
no.general,0c7f1a7f3c8c64c4,6,278,0.9931800785260958,0.549144850437105
no.general,0d72bdd3813498f4,14,646,0.9961087059208835,0.4784405723759302
no.general,172c24fd7e71e3ef,36,2049,0.9981423928924821,0.6788404870730482
no.general,17c05e4f574ff403,4,364,0.998446716346001,0.7620649790576184
no.general,1a8c9a5db877cc63,4,319,0.9970140548313567,0.49963430779162493
no.general,25bd8237eaa5c6a4,3,612,0.9998942612926669,0.5246255966384522
no.general,29289d4582cbdc24,3,162,0.9970422116336639,0.4525938022687566
no.general,2c0900a8e80c7be4,20,1213,0.9968961544770772,0.8258045799999955
no.general,2ee3816eb0449dd3,6,701,0.9994085665474641,0.5730464215746409
no.general,310548f8c247ba4c,35,1832,0.9996010906528794,0.4787154912911995
no.general,31e8efe63283d29b,42,1840,0.9968478637633842,0.49265241333614374
no.general,36927123da38b034,4,311,0.9948960302707137,0.6788583675332811
no.general,4e11fe534279ebfd,5,202,0.9928283171439503,0.6510887837791832
no.general,604c35acb9047fc1,2,151,0.980896750532196,0.6970766135224751
no.general,6ab8733bec336666,16,920,0.9952687902001691,0.5867899011635207
no.general,7426a13cae50d0b4,7,957,0.9961086655981003,0.5958818841867666
no.general,790cf6358bc8fef9,6,487,0.9902383344556137,0.6704104079143847
no.general,7ea83f88d4182e95,9,678,0.9968456698843151,0.5437818011607612
no.general,80e4020d725e320d,27,1819,0.9989896400249726,0.5801210225751208
no.general,8140a8f6da17875a,1,152,0.9995365124194131,0.5911019088390739
no.general,8231fa620b2de5d2,16,792,0.9680934863449004,0.5962925036551507
no.general,8eb1e2bb6a4ac21a,9,686,0.9916706932858826,0.46974628145531666
no.general,91a8da319870654e,50,2643,0.9975905413334002,0.792486131155236
no.general,922c4dcb48ce9651,5,198,0.994986738740976,0.630169622620749
no.general,94c443f7526500d8,6,392,0.9819559090658382,0.684790969154626
no.general,97d0c81d89919a30,10,628,0.9844422001639287,0.5414601434236013
no.general,9c24cf80df160402,7,272,0.9878972374983226,0.5752442049474945
no.general,a0151313fbd5a0de,13,780,0.991664244739325,0.6215686615869179
no.general,a4d1e65b1777c133,7,637,0.9990751344754056,0.515665780309667
no.general,a54cb296574e36e4,28,1327,0.9989230253948814,0.5534716610032255
no.general,aef62ebefb9da64e,68,2504,0.91023477705075,0.3721221678499561
no.general,b27a2c78533395db,7,456,0.9970458378823351,0.6020435133293585
no.general,b9251104407ceb44,2,645,0.9995789119107984,0.7284947671029192
no.general,bd45a952fc08b6ab,9,525,0.9955715488940438,0.5160901713335387
no.general,c28aef0eacbbb455,14,709,0.9989045790364554,0.5105032624412923
no.general,c5ab0c7ac336c096,27,1570,0.9980608694999141,0.49396759545062524
no.general,ddc912a9b92d2e93,7,563,0.9942327512378809,0.641515598988583
no.general,dfedcfb059cac9e8,7,585,0.9813691363895128,0.547140737461643
no.general,eb0dc343cf846cef,7,590,0.9969824924936604,0.6475024061296812
no.general,eda79676ca061056,11,482,0.9822005052039159,0.40571653487296794
no.general,edd7a4a150fe146e,9,669,0.9986417435769533,0.5092966252438277
no.havforskning,050c48e7d6538498,11,614,0.9961087755051699,0.4977779109846438
no.havforskning,062f291d5cb36354,7,525,0.8832218061463153,0.33691934866288953
no.havforskning,0cfee09e5f5c4121,6,481,0.9515411806816438,0.5161191304631191
no.havforskning,0da1fcad3a74bdb9,12,948,0.9991159179893286,0.5792748252019296
no.havforskning,0f30e92c426a27f2,8,291,0.996596494857866,0.488626254481676
no.havforskning,282f38bf7e9631b8,36,1944,0.9980460758698886,0.6250798355548851
no.havforskning,284c8aa82b195554,9,8439,0.9998577880336832,0.3646168732082213
no.havforskning,2b54efbdb306e5db,3,332,0.9986344693796614,0.44420480591774625
no.havforskning,2edbf24bf7fac503,11,606,0.9768648154016301,0.4220195736606411
no.havforskning,30b216f83f837ca6,3,421,0.9985472818125815,0.3774245972958863
no.havforskning,36e79a774d60d9a2,32,1315,0.9971402368277498,0.5504978382784153
no.havforskning,3ef8334fb6f9f61c,4,219,0.9955904444373579,0.4810604106450896
no.havforskning,429be13e26139631,73,3378,0.9955644901491983,0.4372005337725824
no.havforskning,52ebe6e41f190917,2,138,0.9989205570275019,0.4998134522454136
no.havforskning,55f6c97670a53aed,17,2380,0.9984010383008304,0.4930921565225432
no.havforskning,5db56660fd810325,2,256,0.9985861649995323,0.5175406791986636
no.havforskning,68ade080b77b8fb7,10,549,0.9973259199120968,0.5434081466411582
no.havforskning,697cd48150061baa,11,683,0.9964243861181468,0.481428273879686
no.havforskning,6d13dca06e977939,4,883,0.99911815086886,0.49910152504962013
no.havforskning,7c0e9f56cc9604b6,4,452,0.9928976506956091,0.6312976867064918
no.havforskning,80ccbebcc860b2a6,15,554,0.9980169659422635,0.4712409017905958
no.havforskning,85e5835015eaa490,12,346,0.9988955777502021,0.5304763718618947
no.havforskning,8a7232e3611e61bb,12,946,0.9967646458504126,0.5169387360389244
no.havforskning,921c30d8aa9d3cd5,12,599,0.9928261979227904,0.5337242862738213
no.havforskning,950069db70ca071b,4,469,0.9942376522922747,0.4725582494860584
no.havforskning,9d3ab214b7fd7694,3,770,0.9951933598262607,0.7634043094119582
no.havforskning,9f9549d2ecbf2dfa,3,98,0.9831444326280041,0.47477931319523403
no.havforskning,a2663295d982351b,7,359,0.9959562162831082,0.4348380923963599
no.havforskning,b24045b130714ff8,11,623,0.9978156796676739,0.6365498120942599
no.havforskning,b51c925672929484,2,298,0.9967260894264849,0.4737189288677204
no.havforskning,c588e91890195a05,2,455,0.99993364546068,0.4871762867125374
no.havforskning,cc56c2c39981a553,11,627,0.9538349232018732,0.44724834378455236
no.havforskning,cc8b1f49908239c6,5,195,0.9882586356483075,0.5868730868033973
no.havforskning,d0bc0516042a6868,10,374,0.9934435847910411,0.5392021887978167
no.havforskning,dc68eba1903a00d7,2,3578,0.9993079768100707,0.3986904960798978
no.havforskning,e0754f9318368591,3,332,0.9986344693796614,0.4595747893932266
no.havforskning,e4bad957fabb0992,21,1080,0.9885913679457659,0.48244673087162154
no.havforskning,e609424e350f4a63,9,444,0.9986859424544642,0.5683865077503356
no.havforskning,e88b2a7adf9ba6fb,4,130,0.9980372923126354,0.4031466718770558
no.havforskning,ed02e230a06fc49d,10,591,0.9962563849316134,0.5255387456118701
no.havforskning,f5ecab1373d57085,17,485,0.9928597597544828,0.45758371894990096
no.havforskning,f6b92d96df48f5ba,11,580,0.9971718317391473,0.4615172364927808
no.havforskning,f9d351755894567c,9,567,0.9988906496719236,0.5020992771372275
no.hobby.diverse,00950be5a2296066,9,365,0.9969806871854172,0.4765372328262167
no.hobby.diverse,0b7f4a723c6dd449,2,132,0.9988036009384798,0.5324536390819353
no.hobby.diverse,0f4e089126b25633,10,658,0.9955242378813491,0.5881179867792327
no.hobby.diverse,163f1883f39b7a08,10,404,0.9988693074699162,0.43729390107279525
no.hobby.diverse,25d298330e01ea43,13,1025,0.9986279398143946,0.5079600986983761
no.hobby.diverse,2cdb62a7cdf9afb8,5,272,0.9992561561039751,0.4784340956988861
no.hobby.diverse,37476f341a2af473,2,87,0.9971542836914029,0.4629080611776251
no.hobby.diverse,3b0ae4f6b27d9cca,3,130,0.8942235701429312,0.4817471191391686
no.hobby.diverse,3f338cb38b49265b,8,289,0.9974266491576368,0.522579638512755
no.hobby.diverse,42ec42491975f661,1,169,0.9981227359689957,0.553848113948379
no.hobby.diverse,4847d0dd745ffcc7,28,1185,0.9963755802933852,0.5501548684949338
no.hobby.diverse,49639a4e634c1076,2,71,0.9873731514961306,0.6443110050006161
no.hobby.diverse,4f5280887b803ef8,1,130,0.9444498564777782,0.5771375058945791
no.hobby.diverse,4fd3f5810d9c1173,11,1022,0.99920228290034,0.6194414050211652
no.hobby.diverse,551504a7633b1e7d,2,350,0.9952481961846372,0.5433624045590487
no.hobby.diverse,58001c01a6c2c76f,2,147,0.998956799678756,0.5196756135135778
no.hobby.diverse,5d6cd5db093b9c0c,39,2366,0.9989821997134636,0.6301420643117264
no.hobby.diverse,5e736d750b664eed,8,324,0.9963085083214006,0.642191757595266
no.hobby.diverse,6e64d51ab3ef5ee0,6,353,0.995785047809973,0.6008846136054763
no.hobby.diverse,76815f5f61346751,16,1216,0.9995371227402234,0.5159094506502603
no.hobby.diverse,783d8e026ded40a7,8,457,0.9945368988997235,0.6369171338652264
no.hobby.diverse,82cf63e432a7eb65,8,635,0.9983132403120931,0.5854132202312661
no.hobby.diverse,96e35f58eab9110b,7,614,0.9988739279844667,0.6443369373232154
no.hobby.diverse,98c3be7790acfbf7,12,444,0.9904123769656454,0.4235370374803366
no.hobby.diverse,9cace28fa0751616,7,369,0.9918407445404597,0.5210881604232507
no.hobby.diverse,a13407391e29d0d8,6,481,0.9951977795353087,0.67098080344545
no.hobby.diverse,a75a86091418875e,12,513,0.9850294946461385,0.5368506100557819
no.hobby.diverse,ac5d6d7f54dac9c5,5,245,0.9971463539470528,0.4774229088559007
no.hobby.diverse,b3f12efd6a1ee2b4,6,358,0.9984916055030854,0.49574109550286427
no.hobby.diverse,bfe4c9c59c47fe3b,6,353,0.9965900893598435,0.4914829840478629
no.hobby.diverse,c2a955540650c917,1,202,0.9996983562105329,0.42828113610182295
no.hobby.diverse,c3b7904139be6a53,23,975,0.998456369639136,0.5352049360033941
no.hobby.diverse,ce6d2c221bf782c0,4,196,0.988871327254757,0.7488948397801761
no.hobby.diverse,d7027e68430d3702,2,182,0.9985922590268742,0.49711724955379744
no.hobby.diverse,da8b9e080cb65e8d,6,448,0.9935090847576342,0.5429422563023354
no.hobby.diverse,dc84b0e901c766c3,12,715,0.997589006981461,0.6060378567215103
no.hobby.diverse,e06b44166b2d4cb0,4,553,0.9943727682200848,0.5303405130517724
no.hobby.diverse,ee9943b42d4d7c00,1,45,0.9829629185995571,0.6454120346387587
no.hobby.diverse,efbb2fe5eccf26e7,5,194,0.986406174318844,0.6025559400653467
no.hobby.diverse,f20cc9d75affb627,4,824,0.999266302298939,0.4391321512138747
no.hobby.diverse,f7efe8c56e2c3757,13,421,0.996477204084469,0.5732742014827974
no.hobby.diverse,fdd4e877e55ebea0,15,955,0.9870417851954297,0.5897122597307163
no.irc,0a15a6fd75509721,6,476,0.9932798348343613,0.6118162291757504
no.irc,137c58b2fcc1bbdd,22,1670,0.9988824121276957,0.5285467820271698
no.irc,18b5373e1505f254,12,1109,0.9953849547110969,0.8229511675394072
no.irc,2865f2f1ebcbb4bc,17,1085,0.9988475748496556,0.44208785008447304
no.irc,2c743d1b948d2091,8,518,0.8861845341471652,0.7602842184364327
no.irc,326829532bbaeefd,8,1027,0.9992327214690533,0.5369593068653031
no.irc,3580f47c6a8cd83d,18,1012,0.9973574853537656,0.669447072542948
no.irc,41b8c221dae46785,49,1925,0.9976209374082072,0.59699046080371
no.irc,4516f1f7be43981e,5,518,0.9992289205764514,0.49162713178313605
no.irc,4d73c65d8f5f0cb1,17,680,0.9983474167669364,0.6746276717757845
no.irc,515f4fce9f9026a6,13,908,0.9990840213711558,0.6952611560919358
no.irc,528f17941cab0016,12,774,0.9992256520381126,0.6762543168260964
no.irc,5c5cb296228d8935,12,599,0.9986840345203977,0.42523804551537564
no.irc,5c780cb6c97d4da6,38,1677,0.9982087149851189,0.7556696249648407
no.irc,634458ca66f09a59,2,681,0.9958903955799843,0.6089193651616317
no.irc,696bc25b40b4faf3,3,372,0.99822180671361,0.7271758962727988
no.irc,711bba4f5298ca2b,31,1136,0.9957081255527828,0.4307042072539521
no.irc,7605eef9a7d93544,3,600,0.9998335042658232,0.7253395263109497
no.irc,776d0262a8c1102d,5,314,0.9965713117709365,0.6806877612163353
no.irc,783666650e6d13e2,4,291,0.9994628519231126,0.42154280762673546
no.irc,92ac3062ef1921a8,7,386,0.9975382780192386,0.8164344656737019
no.irc,9d98dc068d798dcc,11,573,0.9973187237809135,0.4341775492296118
no.irc,a95534bdf471ca85,13,594,0.9952233759255821,0.5652562977334579
no.irc,af44e11bbcc0433f,2,259,0.9973107636072963,0.7027104512370219
no.irc,b3a284e836a99088,7,783,0.9991429459115619,0.4197297830338551
no.irc,b6fa247a7827f30f,13,655,0.997849224090371,0.5155294002322854
no.irc,b77081a91fd88a28,3,388,0.9986908433261135,0.5153618121685157
no.irc,ba3071cffeb20e13,36,1308,0.9943309941896596,0.4520243887594949
no.irc,c553a6970ccfc1a5,5,240,0.9989854104872945,0.4837647345489142
no.irc,c8a0e49317d82a8f,67,2216,0.9942264817796439,0.5649024587279241
no.irc,ca3dfd6f60e8871e,13,914,0.9984332393477794,0.7510663145163389
no.irc,cbbb46ed934e7e47,36,1149,0.9974757461118184,0.5795702473242828
no.irc,d54ba10709a8749c,18,1043,0.9982501965820665,0.6708964678880782
no.irc,d94d81fbb51b47e3,15,911,0.9951157646003231,0.6599459665531423
no.irc,dd95308e977f6e3b,2,438,0.9993934096325507,0.7061359329629509
no.irc,dedafc00840fcb0c,7,310,0.9941258551602767,0.616717002044675
no.irc,e3392379ef59f2e6,2,822,0.9991424701594195,0.5997509827048864
no.irc,e8507ff5aae6808b,18,605,0.9926176901205501,0.7412317555905887
no.irc,ec96bc75fb485d54,49,2206,0.9958029779009271,0.5648742640352588
no.irc,ed3923ba743f9656,5,506,0.9992703630444013,0.4603753959338425
no.irc,f3150b713bbb6474,4,472,0.9991059996149126,0.5283118919087385
no.irc,fa1e10b7763dd77a,28,1705,0.9979629447247712,0.7497382017474771
no.it.diverse,09feb476388434ed,5,410,0.9899472529504229,0.5093710394129481
no.it.diverse,0b479804bf5aa7e1,6,454,0.9959987868495336,0.5110997901886959
no.it.diverse,0ce43742f3202a33,1,112,0.9992603171174517,0.7038227870513142
no.it.diverse,14bad2548c185285,2,143,0.9877763831514588,0.5564881489579077
no.it.diverse,16e403e8edc80666,7,392,0.9928554821504305,0.5998637782134651
no.it.diverse,184148bb506487a3,3,120,0.9977386148319131,0.5246465846529009
no.it.diverse,3081beff72550216,7,492,0.9988324320800281,0.7506848206769711
no.it.diverse,31ea1854b9e07ed1,8,534,0.9945731995694972,0.42805724796812566
no.it.diverse,351f1357ab3a4a70,9,421,0.9937806334509441,0.591374121286497
no.it.diverse,44c25a7b59e1f30a,11,804,0.9978887258393491,0.547398371848509
no.it.diverse,4538957487ee3b2b,4,431,0.9991501932412462,0.5590734407518828
no.it.diverse,4618b48e58be4a3b,9,689,0.9994546887954368,0.6485096274262918
no.it.diverse,4aa90d2fca81cc7a,7,331,0.9963423581237624,0.6059163112628771
no.it.diverse,50fdd5a77a9946cb,8,853,0.9988397169115666,0.6320828167553115
no.it.diverse,5ad9464d41af354b,11,599,0.9987012346996285,0.6151973625840056
no.it.diverse,5f841afa4f456618,2,341,0.9955841081786911,0.751262542964023
no.it.diverse,62263c1e60a9569a,14,1140,0.9993615729493344,0.5513643166261685
no.it.diverse,64272ff8a7a64878,13,801,0.9987649433064616,0.7029790304628463
no.it.diverse,64f0ae3187974cc3,5,294,0.9887864329755033,0.516015273168129
no.it.diverse,669063b29158c188,8,589,0.9995050737625999,0.38882709380044844
no.it.diverse,6c43f76d4c031bb8,13,779,0.9985996040109889,0.5749226181322588
no.it.diverse,6d06e9a6c2e643cb,4,365,0.9986227228918386,0.5553422594716425
no.it.diverse,7579ea2dd0dc35df,5,566,0.9988169529759925,0.4072882472162253
no.it.diverse,7b9f60533170e3fc,8,547,0.998153927840832,0.49480332858866455
no.it.diverse,8368a1c728ea246a,13,515,0.9986254875683473,0.3793600463420418
no.it.diverse,9832f0ca655e8a7e,11,565,0.9973772792581493,0.4711144345714453
no.it.diverse,9c7b8d83a4d323d1,3,185,0.9991114418915639,0.6330961599465359
no.it.diverse,9e6e0760289bc894,4,413,0.998689072000757,0.6115716455708727
no.it.diverse,a62384d0034aacd0,2,232,0.9906429532379168,0.5740664577921688
no.it.diverse,b50632bf3d76a1ca,21,1602,0.9985463960095885,0.6460317455752254
no.it.diverse,b6a2f93b466c28c9,5,620,0.9983295619906999,0.6303494196957734
no.it.diverse,b8db79f868ba43bd,5,464,0.9989574928276554,0.5299578215077163
no.it.diverse,bed1180a8808dd89,41,2535,0.9983660917504339,0.5259168377337772
no.it.diverse,beeb48e11ca27c91,4,325,0.9992843062404057,0.37941533632236246
no.it.diverse,bfa3bcdec2840f85,4,264,0.9870317506939944,0.6419439591763991
no.it.diverse,ca676311469266ed,2,195,0.9962952763950993,0.6778082039337703
no.it.diverse,cfb297db2686f18f,9,598,0.9984182690948858,0.7712821852945512
no.it.diverse,d877ffabd3810293,13,846,0.9984062506437656,0.4577847892024739
no.it.diverse,e013d7dc55fa81fa,5,217,0.9964046592439291,0.5345413543935119
no.it.diverse,e4010badcd79fc18,1,388,0.9997875145344955,0.44360848508918127
no.it.diverse,e54f0adfc8be5ffd,5,391,0.9977361374187067,0.5284467084372783
no.it.diverse,eaa25960737a8033,15,836,0.9976610979027818,0.570830208565834
no.it.diverse,ed04c11d1a397455,5,345,0.9980112366338989,0.6946976604042775
no.it.emacs,04b7bc724071c476,10,1067,0.9996797975835624,0.5746350887753793
no.it.emacs,0b934994742d2c9d,3,253,0.9972925371654362,0.6172202651815945
no.it.emacs,0cab9c18ffa3d0ac,7,470,0.9981700524114505,0.6069758183194227
no.it.emacs,124c277bf1c63de6,10,483,0.9855829562909052,0.6227998910700782
no.it.emacs,1dad89935122bb38,11,441,0.9982101225978978,0.5864180708827516
no.it.emacs,212130d7892a2cb0,7,699,0.9992064871028346,0.7518188946083904
no.it.emacs,32190382ae2a9c2b,3,210,0.9954675669456915,0.6420484267213802
no.it.emacs,3d250c02e0379a15,2,223,0.9985112025807746,0.6286904069077025
no.it.emacs,4824544ca2e0b69c,14,976,0.998061988960185,0.5155752584025388
no.it.emacs,4b84a343fd4665c5,9,565,0.9983015196972893,0.5190637080172863
no.it.emacs,50979ad4f83b5c86,1,101,0.9984394241783972,0.7629652471904694
no.it.emacs,52b92f87de25e764,13,997,0.9994945269878827,0.43204341038865124
no.it.emacs,53a697927166563f,2,244,0.9959089309085982,0.523529026490577
no.it.emacs,56f94abf26d25c74,5,542,0.9990554726022783,0.5329966306899026
no.it.emacs,5bcdf4a0a04d90af,3,433,0.9997428874172763,0.6718930037036435
no.it.emacs,5c366c1d629770b4,6,487,0.9990822076491896,0.662548047531232
no.it.emacs,5e25765e61b1a60d,3,368,0.9920427063714012,0.6450713010544811
no.it.emacs,5ed2352d01e9bd54,6,273,0.9927052941828828,0.547407722096457
no.it.emacs,632f74432f5fbe29,4,524,0.9993931396903518,0.38501143224977785
no.it.emacs,69a674e5e726d452,9,539,0.9980242196506456,0.5276578658786112
no.it.emacs,6cc76c37693bfdc0,1,357,0.9999500693303088,0.6391516877448014
no.it.emacs,6d89f8c150bc4374,4,497,0.9991312290764771,0.5502619197980977
no.it.emacs,77898755373a3c69,12,821,0.9993883206244946,0.4642800235655946
no.it.emacs,7ce2a2d568831bf0,31,1759,0.9985325032398259,0.616352847256757
no.it.emacs,8e786039ab672014,4,575,0.9996353091198162,0.43263476127112493
no.it.emacs,92a15a4c2904101e,11,1316,0.9988292320614442,0.6876017558188015
no.it.emacs,966f411bbec58b4b,3,520,0.9995751236908846,0.8190384116701388
no.it.emacs,b4422018bc665ec9,12,671,0.9987088157640498,0.3839275330905392
no.it.emacs,bf59a8bee82bfeb1,7,759,0.9992079499897297,0.6661522803999118
no.it.emacs,bffa9d98eee2a621,9,469,0.9864722385853952,0.49273162750361943
no.it.emacs,c360a0e2959bcf82,8,340,0.998714717741724,0.3995610492997708
no.it.emacs,cb7ea1cf67ef2efe,6,511,0.9992870725767411,0.5689979700367422
no.it.emacs,cdd2d6d930362879,7,298,0.9963674373323254,0.48161018324263677
no.it.emacs,cf449390cdafc018,6,1813,0.9989514656410826,0.4486203874531271
no.it.emacs,d4b23514b0dfb50e,15,754,0.9964656978369822,0.6439862705298038
no.it.emacs,da656d8bb447e88f,2,436,0.9998060287720171,0.6300312517085456
no.it.emacs,db33a810548f9413,8,495,0.9922875528280576,0.5088798744821461
no.it.emacs,e48560cbebeebd9b,26,1006,0.9888902225405037,0.6163227462004702
no.it.emacs,e88cf3acd99453fb,3,244,0.9986581941312125,0.7077023205925482
no.it.emacs,faddeada464795cd,13,908,0.9995519834495334,0.25807962072255225
no.it.emacs,fdb67098fd243bd8,6,696,0.9993060409941197,0.5430093943915657
no.it.emacs,ff24bc181d8f6110,2,152,0.9948114778828447,0.7967876484125974
no.it.os.os2,01a3c6909289fd1c,6,281,0.9937417309023283,0.7375614088356448
no.it.os.os2,02a3d5f9b46da28e,14,848,0.9966240809367075,0.4809693023739617
no.it.os.os2,02d8035e4932e2cb,9,834,0.9949779727114509,0.6275367096258785
no.it.os.os2,2b0bbefeb590a474,7,719,0.999494576679862,0.4111809485407485
no.it.os.os2,328e6e974fd621e3,17,966,0.9984117434421217,0.4770929848451276
no.it.os.os2,363855b5491f9952,30,1227,0.9983962828800544,0.47261866664743224
no.it.os.os2,4339c1c59eea8e11,21,978,0.9991441414108896,0.5265122290693158
no.it.os.os2,50dbb2c07091cb1e,14,431,0.9984724643513269,0.44984135868153635
no.it.os.os2,51d14d7ed919f11b,45,2420,0.9992028557915791,0.46059745277317377
no.it.os.os2,56223739e112d414,19,886,0.9968855369991519,0.5820466090853739
no.it.os.os2,5623c4d29dc99180,24,1843,0.9994746254358171,0.47537652419811316
no.it.os.os2,57b3b7ec5c4339bf,13,404,0.9976352476202769,0.516731200433903
no.it.os.os2,60537ebd70c287b2,9,752,0.999636904201381,0.5719265302589582
no.it.os.os2,609db82762ec9397,4,668,0.9972374234089326,0.4533510338037037
no.it.os.os2,60e8cb3a4c101ddc,14,1308,0.9955293493110415,0.648194635055213
no.it.os.os2,65bd4c7d946c6a47,4,224,0.9988158436074215,0.6546284238587887
no.it.os.os2,6cb05a31dfca4d08,5,300,0.9923490053512749,0.7733572471298767
no.it.os.os2,6eb22fd9e7e2bdbb,11,490,0.9970333472851626,0.4225684734003999
no.it.os.os2,717ec16572612757,23,1237,0.9991224009390192,0.4137059213419051
no.it.os.os2,7562e0139bdcd15e,10,649,0.999383090633836,0.7382474506003323
no.it.os.os2,85415274c16a1773,6,309,0.9962857655467302,0.5603120005113206
no.it.os.os2,8592413d18a00711,9,834,0.9960530518131906,0.5777030164881964
no.it.os.os2,93be2d0cd5eb4c33,3,177,0.9987111768326437,0.6690627124615115
no.it.os.os2,9c2a3acb280c3fc2,3,416,0.9995425489083548,0.44200890801294274
no.it.os.os2,9f3053e57f23f2f4,92,5507,0.9987923047182515,0.41389334781111703
no.it.os.os2,9ff84e2eb9fd5c77,6,387,0.9987368764247425,0.6855012279291695
no.it.os.os2,a2483c8f07c0a926,11,761,0.9985142848431262,0.5382306398512141
no.it.os.os2,aed7a7d42e6abd29,43,2200,0.9988873518767825,0.6847455071177726
no.it.os.os2,b440e21330e805e8,7,437,0.9939367547930155,0.6421374252791566
no.it.os.os2,bf3d30e2a03ffc1e,5,317,0.9925751140459788,0.5853400270547098
no.it.os.os2,c06b39ccab85935e,21,1004,0.9983348878556372,0.6344559415771522
no.it.os.os2,c143bbb0cef21cc1,5,251,0.9958679859836093,0.5919592150943663
no.it.os.os2,c87dd291c3ec1a0f,4,561,0.9993933186717301,0.4607083951602329
no.it.os.os2,cc9b1f783711fd9d,9,1668,0.9994904410283867,0.6626962002741956
no.it.os.os2,d4c8e42d2e3d81fa,16,948,0.998967379458275,0.6593452974441713
no.it.os.os2,db2c6b2120aa3d3a,26,1638,0.9981170808942326,0.5326446799394101
no.it.os.os2,dc3d317046f8a71f,14,564,0.9975475507562909,0.4629201770946922
no.it.os.os2,e0a1cf8c76a45eb7,9,502,0.9987493555113919,0.5296808568299456
no.it.os.os2,e9e18e0ad67cb7c3,41,2403,0.9958918965731517,0.5814727895913719
no.it.os.os2,f02ff90ebaffe3e4,9,550,0.999017535958456,0.43982717695130297
no.it.os.os2,faa9927e709a507a,34,1851,0.9973024789866727,0.3795858903386987
no.it.os.os2,ffebd845066dd74a,22,1262,0.9990685043337597,0.39022020190055573
no.it.os.os2,ffff4099006345d5,3,361,0.9993160422029727,0.8033076294778436
no.jus,00166f176d7313b9,11,821,0.9982285609187851,0.3938889018970258
no.jus,057123db0c2398bc,23,771,0.9967059793951665,0.3832722839209872
no.jus,0beae74177530835,20,593,0.9919751211139521,0.5403374148258017
no.jus,0c7771a29ff14c0e,24,1006,0.9853813970610392,0.5942958043181371
no.jus,1419cabe2c49b8e8,21,1014,0.9878934595352059,0.5408400294773444
no.jus,18fd198b2d2ce78f,25,1378,0.9975756667495136,0.7010108474155419
no.jus,2abc7b1c598a568a,25,818,0.977587386050279,0.5387610915612434
no.jus,3065ef0ff564a81e,15,1146,0.9990029329950663,0.521125790324734
no.jus,329a9fc98d1604eb,2,467,0.9997554481977324,0.49279821118697165
no.jus,3416cca11f614232,184,8038,0.9956958059908546,0.35402162907111384
no.jus,38a83e03a67a73d7,12,894,0.9982320075292094,0.5183302721230892
no.jus,4027c5363924a8dc,11,460,0.9954224565003045,0.5952928874609023
no.jus,48c398dd2faac7b2,41,1694,0.987831517482571,0.5583659733308636
no.jus,4b70c4c26a0fcd54,15,906,0.9899394812740178,0.4555128485510169
no.jus,4bd01d55e1864390,39,2277,0.9991293714287038,0.585664799818902
no.jus,4c1de74b7e5cac77,5,480,0.9955992466344052,0.4306525727726669
no.jus,4e01e96cc8954ddf,10,371,0.9918913194603223,0.6319215464044144
no.jus,5120f56679193678,36,2858,0.9989565156855311,0.46317762892400716
no.jus,588253ce866647f6,51,2864,0.9932286778644319,0.6043126833711517
no.jus,5f00aed4dc64b097,4,647,0.993978589982766,0.5709387597789126
no.jus,6c21d3c259cea0f4,18,1383,0.9936044394491149,0.5688849461087773
no.jus,74301e5523f96fd6,7,326,0.9938877707818551,0.5371667457481039
no.jus,772a9436af131c5a,6,413,0.9903013914890179,0.703821450238445
no.jus,85abb8c3073b815e,15,1010,0.9982426732911202,0.6492291610503076
no.jus,87be9a5ccc906980,19,1018,0.9978234771593626,0.509561050197357
no.jus,9b43b23c5259f8a2,29,1606,0.9930675010122336,0.5886342272302029
no.jus,9dbca8e400006b5f,1,151,0.9996945061200092,0.34556859741187174
no.jus,a7550c636b06e78d,33,1753,0.9948082928971541,0.49255665912202223
no.jus,a7d2ad7508d4fffc,69,2805,0.9958628845308055,0.4505336981085157
no.jus,a97488503b012ceb,97,4778,0.9984539540767908,0.39305074147193736
no.jus,b3348739f353774b,30,2061,0.9991691824571657,0.637479825520609
no.jus,b6ab333a864bf806,4,773,0.9976354024202032,0.39397287489488897
no.jus,ba89cf64bf7d9a87,16,1268,0.9992873087567385,0.5519002197645523
no.jus,c0a0238b228fbc06,8,1041,0.9976559693652052,0.45185782480719533
no.jus,c4a27c9002beff3d,29,1061,0.9959472905073438,0.6144740782459299
no.jus,c6b9e1f2818a59e2,44,2457,0.9930682260714851,0.5273437590184445
no.jus,ddd3073d36f93368,54,2782,0.9983909807230605,0.440231983124139
no.jus,deb01761104f3202,18,664,0.986247205233699,0.4987673067281939
no.jus,e10203ce773f2d9a,22,1223,0.9975859817768079,0.4049507253227063
no.jus,e32bff40ffc54856,13,823,0.9891566030268453,0.5236321052888315
no.jus,e5825f62eb2dcb87,13,730,0.9938056027823343,0.6788371299724678
no.jus,f330a2815b1817b4,2,302,0.992906037929998,0.48236984121777576
no.jus,fed0baff6927c545,14,982,0.9994043559404466,0.38502322382034054
no.kjemi,072887cd1bedc84f,25,1172,0.9972324740336305,0.4129083129729356
no.kjemi,0ce0732adc34078e,4,491,0.9973633903799964,0.47074585067383146
no.kjemi,103f18885991643a,9,507,0.999083314217382,0.40925092373586736
no.kjemi,16faf188d84098ff,5,550,0.999392846807779,0.4286470623010935
no.kjemi,1c2b50e91396c40c,28,1904,0.99823906807586,0.4771616025662129
no.kjemi,270ca7522f44e1ff,7,1060,0.999107246746387,0.479459761862123
no.kjemi,275b42dceafff0cd,34,1558,0.9971580978374197,0.4175757145873293
no.kjemi,37c65431b40097f0,11,586,0.9945261018274953,0.4247396455585847
no.kjemi,395663d01c1c99da,26,1993,0.9991123011799377,0.39346700045671007
no.kjemi,3cbb38f322e18885,15,696,0.9917783214390551,0.5004717009259382
no.kjemi,46b1db6e27e1d327,33,1081,0.9692982522989003,0.4542914424224537
no.kjemi,48f4e8b7582b0040,4,392,0.9986721357260693,0.5955460850421647
no.kjemi,5093071458c71a7e,4,150,0.9942014239071331,0.4286853375691772
no.kjemi,518747202df99e20,32,2183,0.998652045557712,0.5028185637956346
no.kjemi,539b582d4c6cc2cc,2,170,0.9987703623183246,0.4932088779871555
no.kjemi,57309f4aaf1ed141,17,1330,0.9974216001680407,0.48534000248155423
no.kjemi,57feaf46dbf0a27a,10,358,0.9428701975158,0.6213153172858484
no.kjemi,5c991c9fa31744fd,12,707,0.9971959952710845,0.4913085919457828
no.kjemi,62705f409a35744a,13,1177,0.9993442248012797,0.428965650986863
no.kjemi,6a7f7618267beb7f,6,809,0.9994873715817899,0.630684085412226
no.kjemi,72c8dccf45310806,7,462,0.9986548651765549,0.4982183497538936
no.kjemi,84943da86262f027,8,757,0.9991919553820645,0.4045439547640629
no.kjemi,8838105a1c49f8e0,4,168,0.9981791449751414,0.38353148309546065
no.kjemi,8d07efb586eaab23,14,744,0.9977615365831553,0.37638588584430377
no.kjemi,9c00baf00ecd0896,1,373,0.9993056522081847,0.44801885321455365
no.kjemi,9ccbb40a7f10f926,75,3053,0.9876062498486445,0.4859856467426548
no.kjemi,b1ebd357bb054fa3,5,736,0.9994525105398565,0.5291837746111269
no.kjemi,b2b96fb72a1cd4ce,16,1079,0.9926452436241415,0.5328333211702532
no.kjemi,bc11ecf0ae0eead9,26,1175,0.9953886533041314,0.3927910902655761
no.kjemi,be5625921b44e132,7,901,0.9992886008144878,0.4530681847987852
no.kjemi,bffe65695d60f934,37,2005,0.9945345708599016,0.45545548882166376
no.kjemi,c27c78354a986543,4,775,0.9986164808456209,0.594197544247046
no.kjemi,c9af275cb2bb82ea,6,313,0.9953064178082306,0.46586618929969525
no.kjemi,cbe27f346e359f49,6,1118,0.9989332669650662,0.31406952751772926
no.kjemi,d7fdb839a25d7dbe,4,418,0.998810271434211,0.47136569328732447
no.kjemi,e0d31fb9bb607827,12,741,0.9983363660741417,0.4691317164576382
no.kjemi,e31fc4608994c7c5,11,853,0.999266061724736,0.38227795214883803
no.kjemi,e8296da1b05fcdca,7,863,0.9983059707998301,0.37357176967744377
no.kjemi,e937e14c8cdc6ff1,10,257,0.9959338425415789,0.626331220874665
no.kjemi,eab0a5a484688dde,1,297,0.9976409958070771,0.334756183810522
no.kjemi,f0384a7d92fa6948,6,423,0.9978769593057838,0.41580750758898755
no.kjemi,f3c77bb2b0cbdd4d,13,627,0.9971577168047027,0.4650872330721881
no.kjemi,fd26fc562eb8bbfb,5,654,0.999664000919653,0.4038582089476659
no.kryptografi,02057374a3a3b100,6,530,0.9994792673909371,0.6593355434053527
no.kryptografi,047d305cc551e796,17,1539,0.9991918967607665,0.43543509156045335
no.kryptografi,0729e47135b95d77,9,352,0.986267425731175,0.4285284001743535
no.kryptografi,094fd207e479eef0,10,1036,0.9889160554573014,0.4324005515052488
no.kryptografi,0d11ec052c059503,9,557,0.9992387862221176,0.42472216158190096
no.kryptografi,1ead69533c359f9f,17,805,0.9944966199456179,0.601272979484867
no.kryptografi,1f572760b37a3f3d,9,1015,0.9994149647874409,0.5115578122394276
no.kryptografi,2684f863370c02ce,9,543,0.9962571221972722,0.5526105464513374
no.kryptografi,27b13319c14cebe4,2,125,0.9955988477672617,0.5452684516334497
no.kryptografi,2c452ecf3a9865fe,15,654,0.9978114414275562,0.7848780301378661
no.kryptografi,2ed823a2b30df6e9,10,716,0.9983550475068911,0.46371151129817406
no.kryptografi,30989ff6710d45ad,10,626,0.9985185883447452,0.4190412300938915
no.kryptografi,32f66571e151ac3a,6,581,0.9993561938879176,0.5673650275652079
no.kryptografi,3ac3ee9ce639198e,22,1164,0.998440629256589,0.48202747391102263
no.kryptografi,3e5c609c732c1f21,9,407,0.9856000812050698,0.7631049227251628
no.kryptografi,4d9b375bebc27e70,30,1211,0.9984591719167214,0.520711248005459
no.kryptografi,573ae890f2b883a1,2,737,0.999715226519117,0.35041404260144277
no.kryptografi,74ec5a2ad9e0ba2e,40,2086,0.9990244802752323,0.6732707277780866
no.kryptografi,778eb4b14245f65b,4,705,0.9986803160944849,0.5894455675633304
no.kryptografi,8683ff30d8c53898,9,642,0.997638148225415,0.5348876383003056
no.kryptografi,89671f2ba4effe7f,1,701,0.9999929993350402,0.5590776178691482
no.kryptografi,8c5946b8587fc34f,33,1223,0.9930054389669093,0.3644373446972779
no.kryptografi,8d6b85dfa66fc0f2,10,888,0.9990200948772678,0.5042055771750241
no.kryptografi,9302b7854baff13b,4,290,0.9989994281211158,0.6440197083879065
no.kryptografi,9a9bdf78f26166fd,18,771,0.9985245658369818,0.7637669318275071
no.kryptografi,9b36a50b9dfce578,46,3603,0.9992332542560113,0.5660290251125791
no.kryptografi,9c92aba9a1681364,5,257,0.9913683344443985,0.51993467612292
no.kryptografi,9d3f441b9d3bf979,44,2464,0.9989370359425676,0.4828971682920724
no.kryptografi,a9a8ecd128e914a4,6,513,0.9986013811502473,0.586665553553177
no.kryptografi,b1bb8615a5441f69,13,739,0.9982394348333364,0.474919559990716
no.kryptografi,b6e41a52452fbce2,10,426,0.9975603207150193,0.5106067439873095
no.kryptografi,bd6177aad35367e1,6,324,0.9981087244219045,0.5342808541707317
no.kryptografi,c019fda6633e8222,12,940,0.9983266502837025,0.43996394513282894
no.kryptografi,c083326b4d34f2bd,9,850,0.9984056617224581,0.3800457109636967
no.kryptografi,cad69e38decd4739,6,284,0.9930447755148861,0.6735327660700254
no.kryptografi,cc9b44171a560015,3,423,0.9947683893313486,0.5723437687896993
no.kryptografi,cf9ae60b86f7c32f,8,627,0.9987081418549528,0.44510422666616756
no.kryptografi,d319aa5e847a9b92,32,2250,0.9977166346922907,0.4861968319425116
no.kryptografi,e5f0cc58ccc4b2b8,17,1285,0.9948012175661405,0.5163672708001699
no.kryptografi,ed631f3b02e8d13e,21,1136,0.999107271297465,0.5893814803885701
no.kryptografi,ee60e7917f3d0270,4,517,0.9997517646264453,0.5330306112754488
no.kryptografi,ff32d4a20d494317,8,666,0.9996603986333107,0.6968251909604225
no.linux,0036d908550b8b1d,7,760,0.999518260601248,0.7603015121118086
no.linux,06da7dd95e3e92a8,5,241,0.9982296228507032,0.5207087958619365
no.linux,09278c5b7a4e3be1,9,470,0.9983263221000087,0.45275565043308774
no.linux,093f3be6893f9847,5,540,0.999458391969024,0.5563942780386506
no.linux,0c468e3ac88e10dc,3,304,0.9993200366099361,0.4286582102247814
no.linux,0f75527e515aae90,212,17007,0.9980985577615775,0.3316197477897315
no.linux,11894151314a12bf,2,143,0.9904267742829397,0.5572648288887511
no.linux,11fde4d8afb61dd9,6,277,0.9937839266816056,0.6383002554917515
no.linux,14929db9e7c17513,3,903,0.9997495134507981,0.4838937673457214
no.linux,1631209a673d5df1,8,395,0.9962243467959678,0.4148879434096523
no.linux,1853ce7a237c9e52,27,1186,0.9989733352442162,0.48807887007278505
no.linux,1da12198ef923885,6,721,0.9994957371288328,0.6166444313645753
no.linux,2c446feda0777ab2,19,746,0.9988448374057998,0.39326700577128093
no.linux,302832ceb1bd1181,23,1542,0.9992867186166132,0.5537736269257864
no.linux,34280058b3433680,2,332,0.9994957448522627,0.6454712021503003
no.linux,44018616607eb054,5,676,0.9996429621276087,0.6750290844106204
no.linux,4e518038bad7beef,5,186,0.9824258215028148,0.4833029675987381
no.linux,5154c203c72a46e6,2,157,0.9993147209934787,0.5176123450814953
no.linux,521ab87ddba63153,16,1667,0.9995570955323738,0.48341321961532097
no.linux,598dbc326ab13450,19,526,0.9972054912863657,0.5884198417641949
no.linux,710f4b2f8bf9a474,13,786,0.9986968308968296,0.39824928721363795
no.linux,725d1e0482b4e602,19,751,0.9993316797792426,0.35649430977733276
no.linux,7311ebac39ef70fb,2,656,0.9999522428074422,0.42139556944733536
no.linux,738e8bc1d96ea8b2,12,1164,0.9977614404424684,0.46150553360707874
no.linux,74e5528090e79c26,2,353,0.9999281591472866,0.4282740311030574
no.linux,79c04bb9e5f0bc1a,4,557,0.999109491392157,0.48108787352140636
no.linux,7f5c2ed79cc47f36,9,1803,0.9986477664035858,0.523405940596844
no.linux,9f5ce5a54abb85c4,7,1336,0.999535822193709,0.7144341682834233
no.linux,aaea087fd85d7be3,6,320,0.9990867361029988,0.5113982274459197
no.linux,aebe324c1e6f7d34,14,824,0.9988213768659412,0.7264175489820135
no.linux,af6dff2afa9edcda,4,374,0.9986237168005228,0.6756422270339899
no.linux,b6fcf467fade312d,17,1380,0.9991977313018733,0.559069167383738
no.linux,bef43b147bb99fd5,11,473,0.996614551589875,0.7470771321246382
no.linux,c95149de79cdc8a7,2,158,0.9981760223524353,0.3802770026738767
no.linux,cd2a781956ea79ec,8,950,0.9995146744197471,0.4047200067713165
no.linux,ceb8576d5b7938d5,13,686,0.9990901345049454,0.5246270247217052
no.linux,dd1a5fa33f142757,12,571,0.9988147417415122,0.3935161550936397
no.linux,e15a19a258c21629,13,868,0.9982054554674281,0.3752568923899705
no.linux,e3719ba4c29cf69d,15,1565,0.9987105182921951,0.7983895967003514
no.linux,e56d4be718b99e2f,11,656,0.999357092347125,0.6386666707329974
no.linux,f10b70e0ac3650a7,6,393,0.9971583691402583,0.4344403369310737
no.linux,fddeaef4dbd306e9,2,676,0.9998590960450648,0.64665369538217
no.lisp,00b1dea92273d1e5,4,486,0.9977777494242726,0.5396517106136973
no.lisp,01f033196d635542,25,2171,0.9993090091952581,0.35159038262272274
no.lisp,0250fb38214a5499,53,4326,0.9990222015852881,0.5787227458494667
no.lisp,199d859de9475cbe,5,1098,0.9995859647471256,0.4866007352625788
no.lisp,2171c261864791ac,31,1855,0.9978166691472571,0.4760848130675658
no.lisp,26ed5f1f60339a63,26,2057,0.9991896761182895,0.4400396019047222
no.lisp,282704b0a9fa443c,11,917,0.9986140579846001,0.6583015976278971
no.lisp,2bdf60dbe9d9b6f9,10,770,0.9991654767713314,0.49909103648661296
no.lisp,3dc2a3dba8fa7e96,20,4166,0.9997697419111378,0.4686626130183086
no.lisp,405a2b125ee9c039,10,3767,0.996647344127623,0.3681545775057488
no.lisp,4444761e0a002566,2,702,0.999888434144391,0.6013464488795429
no.lisp,4817ccc1a48f9f40,12,826,0.9968487314427594,0.6694528967735395
no.lisp,4a73e8191c06575b,4,99,0.983635442277229,0.5862618838190771
no.lisp,4c5e7889946910e1,5,553,0.9995488487876192,0.3999094155815943
no.lisp,537703c93d501288,35,1680,0.9988246959527429,0.5954750389002957
no.lisp,5c34d0f30f81b4e4,14,654,0.9985818478055181,0.5299774789192404
no.lisp,5c91555dd1e3c19f,5,953,0.9993174579871409,0.6808065908545009
no.lisp,621b4e7c64b9b67e,11,567,0.9862196327394197,0.7141166970102393
no.lisp,62ebaf584073b304,113,5579,0.9937587866177156,0.7083541689848669
no.lisp,657cdb05c60b0f85,11,509,0.998316464808329,0.43097213391073386
no.lisp,6f478438dd795f47,8,714,0.9979159573795477,0.6964131732616602
no.lisp,7aea357f24482de5,9,1167,0.9988950712243089,0.4826211750228577
no.lisp,7b1277da924e8ed4,13,694,0.99774429109039,0.4926046643979597
no.lisp,7bc50ecfe568e97e,11,824,0.9985294980279922,0.4134795862988202
no.lisp,802184e5c22fae91,8,675,0.9983814247554261,0.6643603664442413
no.lisp,885d86b8c85183e4,12,509,0.997716190775404,0.6175289451582702
no.lisp,8aec7a2ebc159e58,4,240,0.9993694137898214,0.6332476807164443
no.lisp,92066584d29d51f7,3,356,0.9987547432089414,0.511376510317614
no.lisp,accdfb60dccf1e9a,4,519,0.9885342661018812,0.5934184148282503
no.lisp,ae48fa3d738231eb,13,912,0.9990063494032788,0.4866937094476312
no.lisp,aefd6788815d9917,3,1391,0.9986825714498827,0.315381994844918
no.lisp,bb1af2416236e7b4,10,821,0.9967260780345217,0.46137244449634784
no.lisp,bd6aec6c070b89a8,35,2044,0.9986301425161955,0.6222178736802297
no.lisp,bf24444b1d9bcae8,1,1025,0.9980962538930904,0.6130887997807691
no.lisp,c00c99216b6fec17,1,163,0.9998294280131967,0.6372635435074082
no.lisp,c9f0d09bf25d4b20,1,318,0.9999594839099376,0.43944137929356325
no.lisp,cccbb976f503e687,1,210,0.9982187404130964,0.3426410947060568
no.lisp,d968d11a564e90d9,7,946,0.9992418893518408,0.3527138523462861
no.lisp,e1a45856eb8375f3,9,366,0.9962246657117765,0.6321008378323527
no.lisp,e479263f8e38c5c6,12,666,0.9966504501020713,0.4903859661749322
no.lisp,ed1f9e14e17da720,4,658,0.9995904979832266,0.5503477551527381
no.lisp,fa53bdc3e4498b58,37,2482,0.9993865551688697,0.7013464931865081
no.litteratur,059e47ae7a21cd58,13,376,0.9847413915700034,0.5946530322711203
no.litteratur,12695787968ecfe7,7,325,0.9953939747552905,0.4385785414563332
no.litteratur,1c6526a357c7c274,15,887,0.9972001194700912,0.497536939006882
no.litteratur,21d28e2a2a52b80b,4,107,0.9956619984957692,0.4696172702891513
no.litteratur,2c04255eca6f480a,3,361,0.9966242724745743,0.5917398698583083
no.litteratur,2c7c31a5564568dc,13,470,0.9911251202425252,0.651642107269723
no.litteratur,2e7e14e041091ec4,10,826,0.9973535510711652,0.5390173186371937
no.litteratur,2fd285e84bbb1243,12,814,0.9972892698659798,0.6259998013695975
no.litteratur,33a30d0ea3f0eaee,28,1051,0.9951756917309398,0.359177616480896
no.litteratur,34582e6dfab45831,15,588,0.9737608565453553,0.5575227729356595
no.litteratur,43ed9c9324a3ffc3,4,370,0.9986182892762877,0.5597771120876439
no.litteratur,4404283219390405,2,89,0.9982620581421132,0.802117660651225
no.litteratur,51d646852751002d,11,926,0.999036981186558,0.453428933420117
no.litteratur,5c868be9067e5be1,10,744,0.9913811035802047,0.5469949301610675
no.litteratur,5f20760aaa26ce97,6,551,0.9942681601757632,0.42008533218199284
no.litteratur,5fe000b3d2d6b59b,101,5603,0.998666024831369,0.5028282179857111
no.litteratur,6301d96121e93ef7,10,836,0.9990644210278833,0.48348445420824954
no.litteratur,754ce29741075ecb,3,246,0.9963810177203544,0.44365942753324483
no.litteratur,7593254d0d5ece13,10,297,0.9918703160784168,0.5248124211274019
no.litteratur,7f35a43b5ded4ac7,16,831,0.9933472302452747,0.6323184678936878
no.litteratur,81e717d0cc241eba,1,58,0.9747772854464039,0.4638928768085741
no.litteratur,84321284c68bf37e,5,289,0.9967167482193849,0.512086084222512
no.litteratur,86959f55d5e255ff,22,1050,0.9953454058726544,0.5634215757836597
no.litteratur,88d1e5e8fd15dc3a,9,655,0.9985548429833729,0.43648046798936196
no.litteratur,8e884f613e045c89,6,229,0.9832380730654244,0.6774474599942948
no.litteratur,989657f08308bf67,39,1557,0.9972680784872162,0.5250864797572219
no.litteratur,9bbcafe23d3e8d98,7,479,0.9972256198018866,0.6280871591943432
no.litteratur,9e09fe0bae2a9f7c,15,1414,0.9950882066269946,0.5000178247807061
no.litteratur,a97cc922c1956ec9,4,318,0.957495493859621,0.6602786477973559
no.litteratur,ad1fcfbd4f362bad,25,1584,0.9965377208296571,0.4467000867475652
no.litteratur,b193a2fc524e973d,7,318,0.9984902908583061,0.5300219030316938
no.litteratur,b63169818293f109,12,762,0.9946882332472322,0.5646315154136465
no.litteratur,b9def1066a9a8570,5,474,0.9989694234104153,0.6272594994976912
no.litteratur,cdc080220b70836f,6,619,0.9977385070055335,0.4730942724666563
no.litteratur,d11181534962c457,5,192,0.9936196057551245,0.6932775991930488
no.litteratur,d44a8d4dc0c420d6,45,2801,0.9990578003112549,0.7124745147630932
no.litteratur,d9a279b957f54cc8,4,224,0.8910183703520448,0.5950421239384173
no.litteratur,e35610559f9eb01d,1,181,0.9996024311576129,0.45033267661897924
no.litteratur,ef013d17e7dd788f,69,2377,0.9532180891312225,0.37643208189909794
no.litteratur,f0b8747830df2585,9,563,0.9975011917720714,0.5235121909419752
no.litteratur,fa20d58f214c7cca,22,1115,0.9981799970123005,0.46323476397491864
no.litteratur,ff72662b2db32bfe,5,258,0.9986607887139001,0.40413343967042
no.mac,11e71b24ea19487c,9,828,0.999642203579243,0.39735564094759673
no.mac,142d2057fbc664b5,4,307,0.9989791521570545,0.5088982781438283
no.mac,1539cac0156e6de1,14,570,0.9957577533100506,0.46929638815342206
no.mac,1d7b5bec7e40469b,13,1189,0.9989193788776783,0.29440981172279146
no.mac,28a4927307b58fbf,8,563,0.998743285840904,0.37994019563667697
no.mac,2be9519ffba4a51d,7,356,0.9986234348303604,0.4051977302965827
no.mac,2e976258d11ad0db,20,1014,0.9988894567971037,0.5588000947391609
no.mac,335103584fd29739,7,551,0.9989851694208661,0.5792849047110883
no.mac,34d4ebd504daa3ee,16,800,0.9967071960369454,0.7624148272610992
no.mac,39a295f3290d16a1,6,412,0.9985636774255112,0.5270884286293207
no.mac,3ce21acc7e606d42,27,1836,0.9988037558136005,0.40003760130537735
no.mac,44e80e6ae86f6815,6,190,0.9958744726146895,0.5505157614733268
no.mac,4790723659e2b038,8,578,0.9992764889796528,0.523364996424169
no.mac,48c75336c0bc7484,5,961,0.9995718881223032,0.764523627974181
no.mac,4d0629b17cd4c1ed,16,761,0.9822021505644336,0.44467164307210794
no.mac,594f380e084f1a1f,10,607,0.9986351790117536,0.7276030591922552
no.mac,5a18f0ce34a87292,3,366,0.9985639869077856,0.5434693815448554
no.mac,5cbffa0b9aebed0e,4,626,0.9983754782509257,0.4910035925417998
no.mac,62ce2e0f70c4b8be,24,1016,0.9963507375011432,0.54928310460836
no.mac,6523d8d39f196e23,1,305,0.9996280829204027,0.7763233831708688
no.mac,6953fdebf7a882b4,4,503,0.999363465782505,0.7169679400203934
no.mac,70cf6469a9aee981,15,984,0.9987470773149935,0.562962408224029
no.mac,76b12fda3d64278f,3,510,0.998896979042407,0.5272404017012994
no.mac,7a81373e4c5bfc9d,3,253,0.9994794455713026,0.5305547739150749
no.mac,8518b39e39ff2976,18,877,0.9961453432856745,0.8053091626305509
no.mac,860cb93f25f453d5,1,402,0.9997329465432879,0.5136809678682575
no.mac,8bac212b7335a865,4,575,0.9986372152367664,0.47955932118946787
no.mac,a22cb522779127b0,3,381,0.9794625296132343,0.526144671495784
no.mac,a80d47ef2182f32f,3,200,0.997434175471921,0.7584463027849857
no.mac,a87610ce22aa62f2,17,931,0.9987403672114478,0.4371881528459846
no.mac,b210f18d3541691c,7,904,0.9994632083021022,0.4901725555275606
no.mac,b783c03da3a6fc67,27,1050,0.9626986951870409,0.5070901877625796
no.mac,bbf5ae1e1d664f38,6,477,0.9989901012686013,0.3886125921396833
no.mac,bfd1063023095f29,4,264,0.9983943459756904,0.5832846104490574
no.mac,c79b4d5938708e16,7,657,0.9994069853913159,0.498502631272495
no.mac,c85adb291068dc84,6,350,0.9989755980203117,0.846716016460876
no.mac,ca755a09e68b1d07,35,1605,0.9985466388006474,0.3132703737592991
no.mac,d5247eb5a990ca3d,7,377,0.9972563095588638,0.5134293851688719
no.mac,d7f90c02979048d9,29,1474,0.9979605272333152,0.4709175411931762
no.mac,ec05b76b64a0f106,18,1069,0.9987896605659666,0.5018633444094723
no.mac,ec7daa9423b09be2,12,1123,0.999041438607665,0.6710576755349943
no.mac,eded68fd5a4ab82e,4,246,0.9989454727760069,0.5882627516903285
no.mail.diverse,08dae3585d1247e6,1,680,0.9996128531988261,0.5705076684279805
no.mail.diverse,08eeaa43b96009f4,4,559,0.9971241122947573,0.7052058471821958
no.mail.diverse,0b6d26fa44d7e4b7,14,644,0.9968468474431746,0.499644035726327
no.mail.diverse,0c43f112da5c2688,19,814,0.9968943333373806,0.6088822065761446
no.mail.diverse,0d72fd15220d181c,2,414,0.9991618602336577,0.4971144372452467
no.mail.diverse,14c2980e8be1ea7d,2,256,0.9994990071358538,0.6043224827888402
no.mail.diverse,15fcf2a0c96eaea7,5,455,0.9985002994924354,0.4410847379525108
no.mail.diverse,2164f033cf6011bb,22,1338,0.9972198684709862,0.7719011945996818
no.mail.diverse,26d0b2a64a4d5c72,8,286,0.9981308161459924,0.6407399068055439
no.mail.diverse,27e0d9baf5c13f15,8,299,0.9914392766988943,0.467989885827676
no.mail.diverse,28527dcc4dbfed26,3,317,0.9968556434967849,0.44681856119890606
no.mail.diverse,2ff9f5821b12bfb1,19,3311,0.9991322490986586,0.6389469406932379
no.mail.diverse,3332196038848557,16,967,0.9979633819108622,0.6614366244563601
no.mail.diverse,47d4b33d4bec3ed7,4,309,0.9986905980436256,0.5012861366887381
no.mail.diverse,517207efdd113244,18,967,0.9989489288415442,0.6572382663735638
no.mail.diverse,588f39cd588aa236,18,1352,0.9991927221434067,0.4487150738326224
no.mail.diverse,5db9209cf7fc7232,7,729,0.9992194995353904,0.468186209988378
no.mail.diverse,63b5376ab600c601,12,645,0.9988356244950912,0.5604536902038423
no.mail.diverse,6464988f9503c9e2,23,1767,0.9984413745888608,0.734402716138258
no.mail.diverse,82b6878f538540d2,9,445,0.9990591015122555,0.551810180752228
no.mail.diverse,83c9619484cd2bc1,40,1679,0.9988666731494011,0.5905553354937437
no.mail.diverse,8634d3d9f96d393a,17,906,0.9986038603733413,0.4922085333767127
no.mail.diverse,864d0a494259be61,16,1133,0.9991163220273586,0.4565444392767637
no.mail.diverse,9caaacc13831f16a,1,168,0.9992687845802068,0.52780722064576
no.mail.diverse,9f677e6538b7b717,4,850,0.9997742670267558,0.6372534624679743
no.mail.diverse,9fe775de43bc863e,8,288,0.991491355413286,0.7989828267744472
no.mail.diverse,a0ce5265aa32dea0,8,950,0.9992337482855014,0.6447583774361523
no.mail.diverse,a709bcaeeb92b953,29,1589,0.9966941540694569,0.6645195376884673
no.mail.diverse,a7f0254c738c11ec,6,543,0.9991701607638982,0.5160880961362486
no.mail.diverse,b5ffdf08297622f2,24,1518,0.9981668040442319,0.5405405177592142
no.mail.diverse,bf6f64b33a540f74,12,689,0.9963467559554349,0.8530728866052731
no.mail.diverse,c472735e6a3ac216,13,2742,0.9996809780574711,0.5982427440472643
no.mail.diverse,cd4c18a4420afd37,2,437,0.9990893054519655,0.5726640017860449
no.mail.diverse,cdf7e4dec3cb7756,7,462,0.9991567879166804,0.7833253623501841
no.mail.diverse,d8fe599f1d197568,5,153,0.9975905021797703,0.5428810322239012
no.mail.diverse,d96e74c5964ee124,13,1025,0.9992283569666602,0.4589142747119766
no.mail.diverse,dabfcb4eb9901b31,8,685,0.9978643734830627,0.6481137772717671
no.mail.diverse,dde1d9cf2339b40d,4,353,0.9984331116979502,0.5849544460388831
no.mail.diverse,edf97aa23eb82b14,1,186,0.9989013402140801,0.7130754924271844
no.mail.diverse,f5bfef77b5fdd8ac,7,734,0.9993913055293726,0.6028343018032533
no.mail.diverse,f9aacd0312156a56,5,479,0.9994852556076277,0.529692835311673
no.mail.diverse,feb97b5b44b36823,21,959,0.997697423879008,0.558306228722692
no.mail.diverse,fede2243fe4f4580,9,431,0.9983939362345441,0.3617464877760338
no.mail.drift,04f5603d0fbce0da,13,930,0.9993313405406054,0.835034609014634
no.mail.drift,1b780283a94d0d2e,6,382,0.997283279062412,0.6083694683914361
no.mail.drift,1e960292dc98dc1e,8,967,0.9966521310644685,0.5266877485939679
no.mail.drift,226042628bc576f0,3,642,0.998080893885872,0.498712227581253
no.mail.drift,2333e6adbe4f6fff,5,681,0.9983227026087751,0.47258331997609676
no.mail.drift,261fcc319a2789ee,5,536,0.9989192017535783,0.7778291433912472
no.mail.drift,2a3892fd698c02f8,8,541,0.999230668879761,0.5358730211499545
no.mail.drift,31152b3a8f52d8d0,4,184,0.9973159871406011,0.6842551142006871
no.mail.drift,3941b9c4c6206dfc,15,1233,0.9995433404312601,0.38375373994391887
no.mail.drift,44ea0ab7ff5bf276,8,663,0.9993140541236509,0.6541648824517344
no.mail.drift,458b785b38fe69e5,16,1011,0.9995081659187217,0.670294164554729
no.mail.drift,46bd6ca3cf25ba84,5,687,0.9959922161968887,0.6537318640964456
no.mail.drift,4acf90c86dfa3ae0,17,607,0.9989517491374431,0.543007685960914
no.mail.drift,52c1a45864ecac80,13,629,0.9979314062157052,0.6583202365173156
no.mail.drift,63ae253eae8a8fa7,4,547,0.9993698050905864,0.3665822492237244
no.mail.drift,64aa329199bff0d3,42,2270,0.9976117939570207,0.6708225087556211
no.mail.drift,6b7584d2ef950adf,10,873,0.9996952527638542,0.4948211219425323
no.mail.drift,78b12219cbbccd2f,16,1132,0.9992966612217847,0.6545359197233823
no.mail.drift,838c6b2371ea0f99,13,517,0.998424368882373,0.4839366955414287
no.mail.drift,84f21d1b311c0c1c,1,52,0.9983602450014443,0.7808896327915448
no.mail.drift,86ae39b4c20f9b56,3,214,0.993668345186337,0.6301364603965092
no.mail.drift,8f3bb01352fc193e,20,852,0.9971393280759914,0.5454387187928318
no.mail.drift,91fd229dc2877911,21,1315,0.9989576830314312,0.8050295807649857
no.mail.drift,9713417cd7181c7c,16,1331,0.9991384147573393,0.634246126892141
no.mail.drift,975444ac1deeccb6,19,916,0.9989047085705657,0.7269855196459362
no.mail.drift,99600be054e94a2f,18,1102,0.9986633540884526,0.6113268312522543
no.mail.drift,9af40eec750d8630,12,695,0.9987151551826186,0.652189492169472
no.mail.drift,9c1fccdbfde2814a,23,2095,0.9989596329909665,0.5734726967143242
no.mail.drift,9c762b2a6f5e664d,8,1010,0.9983413905894847,0.42553652966482647
no.mail.drift,a078888f8c6741f2,6,974,0.9997968439994234,0.6861716057831067
no.mail.drift,abec64269e64eac2,6,218,0.9963330403150307,0.8051899352781989
no.mail.drift,af37e6fe65fde788,5,548,0.9997203221209093,0.4420944506717626
no.mail.drift,b4aeb26c49f02d82,13,922,0.9983225075156767,0.39382009393665146
no.mail.drift,be9a96bbb7941ae2,3,2355,0.9995662128162904,0.47836552716139813
no.mail.drift,c23b58d3e887b087,19,747,0.9981446273170169,0.5453465067955875
no.mail.drift,cd4da42ae8994946,3,899,0.9994343914302686,0.3523680334379457
no.mail.drift,ce2acf58d1d0a491,11,447,0.9981592742774279,0.49657854945614066
no.mail.drift,d04f0dabf09f5ede,3,1629,0.9997624175672479,0.4108654588864919
no.mail.drift,d2fb9474b8ab17d8,3,240,0.9989937415116571,0.5770174011804724
no.mail.drift,d43a82e250ddb53d,15,1030,0.9981426824100116,0.7753299584466337
no.mail.drift,f6b0f336d300d623,18,970,0.9953786706677925,0.67279631945094
no.mail.drift,f99a33dc7cb5e41b,25,1011,0.9850899183208874,0.6831384951388123
no.marked,052ab91ac82c35e3,5,214,0.880490726824152,0.3860918441038707
no.marked,0a2383612c14b697,5,163,0.9958693679674501,0.5987977043915972
no.marked,0c23076e623cf2ec,3,542,0.9940120178903509,0.4420713193632833
no.marked,0cdc2e641c1b4ff4,3,223,0.9979402166754849,0.7212261908762005
no.marked,241a900cd262e078,10,883,0.9969030278227975,0.4798366599456491
no.marked,2a8e7d974f0d3eed,6,266,0.9940602751113518,0.5524229569561179
no.marked,2dc7ff365c8cc7b0,6,400,0.9501507066110632,0.6832310642559906
no.marked,39684ee96b345afe,3,397,0.9990638676326912,0.6819933586069183
no.marked,3adb7d26f96a95f0,5,591,0.9987469247792674,0.600535325195744
no.marked,3db7006323c0e611,1,86,0.9992649222435697,0.5109736988919624
no.marked,3f9975b9ec1b029b,7,388,0.9909879207472644,0.5290068753813884
no.marked,417e4f4677f260f0,5,293,0.9977800963384862,0.49008962890100927
no.marked,44fd2523076b044a,3,382,0.9997823362518273,0.47151903457981265
no.marked,4708388e3d4fd7b1,10,834,0.9909249043634555,0.631291435504099
no.marked,4ee1f2b5ff363d41,10,793,0.9905188203089367,0.537383564847271
no.marked,5257173e42b98175,7,788,0.9803191218593816,0.5238951599683741
no.marked,58335bd6a6131376,14,852,0.9978113268772705,0.6128664216359415
no.marked,59b2545b3c87712a,5,393,0.9989554257123352,0.664559130340809
no.marked,5febcd378ef9a282,2,109,0.9860413335250676,0.34997052596788203
no.marked,61230aba98890af1,9,546,0.9959940692086571,0.4950693406205514
no.marked,690789784fc2de12,3,261,0.9959279559999908,0.46751080252332605
no.marked,6b34588683b87afc,3,560,0.9780431485233461,0.6016827801187634
no.marked,72c1e76a1edef5b3,6,472,0.9995410381458085,0.5748415297218453
no.marked,7d68a8d4b2952bd6,6,264,0.9715341373311209,0.6528034324818185
no.marked,9b923bf251f95f2e,1,752,0.9997337534933323,0.48217771439615426
no.marked,9e36fb3a74211631,2,144,0.9938641374259574,0.5428200536177172
no.marked,a05ac91a5dce6c74,5,382,0.9979129641020238,0.3360445379062726
no.marked,a10a69fbe38aaa83,5,702,0.9774599998423864,0.4596971066197658
no.marked,a40d23d218cc08c5,7,283,0.9963621602749098,0.41902009251033306
no.marked,aea66a7339b1b33b,5,81,0.9038734664028397,0.6895483496772219
no.marked,af618353fe4e0e5a,7,616,0.9992003800443933,0.43873584461508386
no.marked,b2456ed232419e64,5,573,0.998738131289807,0.5279473716819171
no.marked,baab6143b985c982,4,255,0.9991877955045583,0.4306841102711569
no.marked,bc92ff1cb38c8947,6,466,0.9989488889476076,0.6773320130990995
no.marked,c57425308f4c4113,6,537,0.999116424432015,0.550851716986664
no.marked,c657d40d0c6e8489,2,279,0.9991759703744035,0.5931209062968298
no.marked,cf10fb958a52a4e0,6,375,0.996376684648349,0.4315434224093535
no.marked,d5bc3ff337e4e7f3,2,821,0.998317399485853,0.444168712679533
no.marked,e16a064f8bef0acb,7,323,0.9912529626214245,0.6494246272272317
no.marked,f29c406fac5c6bd2,1,215,0.9997815146298025,0.5359473377557266
no.marked,f3f33a9340ac85ae,1,676,0.9994561294942861,0.5352341071010348
no.marked,faf439830ecfe8d6,1,208,0.9997238217639015,0.5993780028884993
no.marked.bil,02bcf7e05308b465,8,257,0.9949417333421908,0.5807478981769196
no.marked.bil,0b7f7a93e14b2d17,7,405,0.99930048857679,0.4309734239120284
no.marked.bil,0e86504dc588437e,2,124,0.9994837970234054,0.43893408481921387
no.marked.bil,13ba989bf4d82851,8,508,0.9989115890566762,0.4932789390618942
no.marked.bil,13c5df8f3ecf906b,5,522,0.9991112738269899,0.42044568513903663
no.marked.bil,15f77f6b7c266de9,19,1255,0.9992745696302338,0.52017095699372
no.marked.bil,162e23b242e6be58,13,600,0.9980891039654967,0.4327831510446347
no.marked.bil,18b393ca183f2777,7,394,0.9963397815212576,0.33000212889027575
no.marked.bil,1d75f6c03fa828a2,18,542,0.9942793271111813,0.5333564177641177
no.marked.bil,1f174d1038e1581d,1,109,0.9979648641749375,0.4339674940507642
no.marked.bil,2b5537cf6e0c9ee9,3,226,0.9942352696330651,0.4651409339283985
no.marked.bil,2e435ad65d9dc115,3,57,0.8564521044333447,0.6320091156358418
no.marked.bil,32a3304d2a517863,3,49,0.9764603030221611,0.43326087436438876
no.marked.bil,3dfdd4f194671009,3,188,0.9984175383336804,0.4075416411615304
no.marked.bil,3f675a4c3c73364e,2,211,0.9992256652446844,0.4405986655562872
no.marked.bil,4355af1d02e07e1f,7,345,0.9912737405693013,0.4382491481090517
no.marked.bil,4d5a9351eaecc034,7,312,0.9993802000164741,0.4486527513501392
no.marked.bil,4dd8b134283f2e28,26,800,0.996875963786021,0.48395019010621415
no.marked.bil,5fce09ec8ced0def,3,236,0.9918715520497277,0.42632677570613864
no.marked.bil,678767d784421d5e,7,319,0.9665597060317409,0.8593365907909826
no.marked.bil,682dd2cb47e08ad2,2,139,0.9946977798695193,0.38726162674250636
no.marked.bil,6858b2fb71e7da47,10,486,0.9959720338944948,0.6278213992278617
no.marked.bil,68b69736a13cce16,3,49,0.9764603030221611,0.4459987453735986
no.marked.bil,7432fc38f3596dbb,3,172,0.9909521541230534,0.6032915133064906
no.marked.bil,753614f09e17c2f9,6,895,0.9994210140947876,0.3815686468493325
no.marked.bil,7654c385b09c0e76,4,431,0.9996735780926196,0.4012914568393583
no.marked.bil,800623da0930d4c3,2,182,0.9996556406653703,0.3939433619735067
no.marked.bil,83b3e2f2be3802fd,6,232,0.9726668238299683,0.5372657772546464
no.marked.bil,83b7d73782956085,1,155,0.9990203705071157,0.4380390590370321
no.marked.bil,8c683effe6cca83b,11,481,0.9974995804744999,0.6286779152929133
no.marked.bil,9f8d8b7315f96d9e,10,1082,0.9987774683289868,0.48313478693112083
no.marked.bil,b778561207f4360e,4,291,0.9971768066736408,0.4490340074859542
no.marked.bil,cb81a9086a0d3d23,6,270,0.9956562214888113,0.6294551943412924
no.marked.bil,cb9f38da3ec82ad3,6,337,0.9995741099771387,0.4146327976561557
no.marked.bil,ccfcf64bad11d771,2,218,0.9997542347926889,0.4604905774781063
no.marked.bil,cdd9df19e5a71318,1,147,0.9992904390532338,0.5043610129797728
no.marked.bil,ce86108d84542f8b,37,1271,0.9975554327898906,0.3752895771178047
no.marked.bil,ceb7f2feb8bbee24,7,332,0.9980642095077055,0.2799956382814035
no.marked.bil,d344c07bd7fb176e,1,154,0.9996814208576302,0.36926481223379803
no.marked.bil,f240afdd76d3abb3,11,471,0.9949119319801849,0.44911053812945845
no.marked.bil,f4e3188b5dcd1acc,2,201,0.9992090584654394,0.45206692400716564
no.marked.bil,fb094ee84b5add30,13,296,0.990899418455011,0.5002745302148383
no.marked.bolig,06d3fee84875dc41,4,432,0.9272901895524518,0.6166549841445508
no.marked.bolig,0f27e3716e6893c6,9,498,0.9957695921371323,0.4277074455238388
no.marked.bolig,13b057d99cf52678,3,165,0.9979086641914099,0.4580696221109829
no.marked.bolig,178d8b1547a1668b,5,348,0.9868571629489888,0.5612425086249134
no.marked.bolig,1a93c1fda723c649,12,1276,0.9988023941188829,0.6033478822727598
no.marked.bolig,33bfe4cd8d56f370,17,554,0.9975853185259875,0.5366490108947304
no.marked.bolig,3ad26a6786b2ac82,8,323,0.9932274130920244,0.48954112851204956
no.marked.bolig,412e85dce19073c1,6,760,0.9989423313496056,0.728256882415224
no.marked.bolig,4580447cb4d43186,9,305,0.9936214766590727,0.5935581065554814
no.marked.bolig,46fe03b2c483670d,8,358,0.9861172247746668,0.5601257917969186
no.marked.bolig,4bcfa1b25856da5d,8,323,0.9932274130920244,0.4354655805190586
no.marked.bolig,50ef83e0cd7a57fe,6,570,0.9990845512814475,0.48307128257879894
no.marked.bolig,51f541e9ad598017,24,1039,0.9963507936690077,0.3963249104446611
no.marked.bolig,54200328728889fb,3,246,0.9981723107929693,0.532082373069749
no.marked.bolig,55fbd5ba18f12445,6,549,0.9982458100856986,0.4294360140221922
no.marked.bolig,58ce3bb726084637,8,353,0.9958333674831449,0.4531411118317221
no.marked.bolig,5fc386e3733d3b99,9,417,0.9949393357980787,0.712307967124538
no.marked.bolig,63925bdf00555144,3,275,0.998826129849136,0.3329085518379976
no.marked.bolig,661a25bca7383239,5,250,0.9969441831647108,0.3812988502268976
no.marked.bolig,7da282f80815562d,2,451,0.9991569910198268,0.45564455559911365
no.marked.bolig,8154640d6c01629b,5,109,0.9326619983240135,0.5647833354170831
no.marked.bolig,84a2d01e9a19bf92,10,217,0.9949387056778735,0.4009206243411902
no.marked.bolig,948cd62696337cfa,2,448,0.9997638358465876,0.43498037964137964
no.marked.bolig,97e82896104fef62,5,261,0.9914649989453158,0.46674107927901204
no.marked.bolig,9b5d66bbc402de4b,3,145,0.9792020392791734,0.5972494201419902
no.marked.bolig,a494f31a6e1d440e,2,192,0.997366600265264,0.5340598647394292
no.marked.bolig,b6279de0652cf084,2,225,0.9985494293948832,0.512314206657902
no.marked.bolig,b6c3d90b7ab966ea,4,220,0.9900924765833419,0.4347995984837694
no.marked.bolig,bc7bb1c25bf1377d,5,270,0.9626862897452693,0.4871161459236416
no.marked.bolig,c353858763688ca9,5,266,0.9878333302377484,0.45254511017313936
no.marked.bolig,c7b7e40ee7f9702c,7,442,0.9970879165790473,0.6217816546699045
no.marked.bolig,caada1da2513f4fe,2,422,0.9983446466759006,0.487798912485406
no.marked.bolig,cea18270431551c2,3,268,0.9952108005727747,0.587101061451858
no.marked.bolig,d1c1ebf75a5fa3d3,7,145,0.9962354134992482,0.4517236416983445
no.marked.bolig,d20dd31e1edcd0fb,3,253,0.9939178393256386,0.4501939291812882
no.marked.bolig,d7389f216b99deec,2,669,0.9989487944712157,0.42112271900151665
no.marked.bolig,dbfa1f41b3ad2eca,2,209,0.9839531155032762,0.47117579388752756
no.marked.bolig,df2f12f5aa1ae4c3,6,296,0.9982333227673624,0.5564447148004996
no.marked.bolig,e6172a4402b8ebc9,1,85,0.9976172059701461,0.6134192724733594
no.marked.bolig,e7f4d0664964a504,8,414,0.9959141713986126,0.6830431056460206
no.marked.bolig,ffa0e5de2fb61d59,2,555,0.9989886282870925,0.5090522101012829
no.marked.bolig,ffd6d103cf89a479,3,194,0.987557945356325,0.5606269911988857
no.marked.data,05aa6c77d6f08278,3,162,0.9958608883678298,0.4905234723461697
no.marked.data,06841a40a1ec3f1d,5,336,0.9945650513585762,0.5844531385727202
no.marked.data,10d2cb14b2cd718f,2,141,0.9977031406356557,0.6705481262053512
no.marked.data,1a389ac5a9fd79b5,13,1221,0.9990867312178107,0.5290867733814407
no.marked.data,2b1bf14ee62b54fa,62,2379,0.9934587463115673,0.4384641429340811
no.marked.data,3fb0891b1dfc804d,6,694,0.9939067594491265,0.41071471390674524
no.marked.data,41864f803fe800f9,9,294,0.9771577633964088,0.4416808036828047
no.marked.data,42734dcf39fd7779,3,94,0.9864530761131691,0.5101418255553373
no.marked.data,4cb5030474d198d5,7,216,0.9958929223333243,0.45205214920902154
no.marked.data,4dbe08f3b9c17460,7,658,0.9994063529230979,0.6262408639541771
no.marked.data,4e4db14479e8c835,5,186,0.990074740318688,0.4733229093625244
no.marked.data,520d8050cfd901af,2,592,0.9998654574183837,0.33104529994324017
no.marked.data,5abf1b9afc50f09e,1,71,0.9908787567825477,0.6777587038975206
no.marked.data,5bb038b313c9d21d,1,128,0.9994563942982309,0.430332033118845
no.marked.data,643e49fc6c64908f,2,250,0.9992096903459795,0.479267384385082
no.marked.data,75ba0aef61ba3f74,1,80,0.9978306341452106,0.5547460690424557
no.marked.data,88448b918d5f8234,1,296,0.9996087384672879,0.5037082043238276
no.marked.data,91fcc96a5da99810,8,570,0.9975443762360264,0.6925328675714673
no.marked.data,9a5d51b4d7ca09a3,1,539,0.9999040234511921,0.515522145015064
no.marked.data,9c610bcec4484c13,4,412,0.9990494524853298,0.3793316638369009
no.marked.data,9fb072eab4bd03c3,8,374,0.9982691358207161,0.6379590575530706
no.marked.data,9fb3155547fc7257,3,262,0.9987935763289304,0.4206886890660504
no.marked.data,a3a3c6509f9f1f40,5,129,0.9882921828424052,0.45811081823179395
no.marked.data,aa34e11e331d2fd1,7,367,0.998999891918351,0.6119666887406241
no.marked.data,ab1ab7db0e276356,6,495,0.9980631019955404,0.5485529960017572
no.marked.data,b2d0360bfbbcbb04,3,146,0.9750176085197642,0.5826654307570139
no.marked.data,bb0d87adcee19835,2,361,0.9870536779868628,0.5859841352399221
no.marked.data,bb83d1ff0481aa21,23,1114,0.9988507903005601,0.516723747235939
no.marked.data,c8aff20900316b4b,8,123,0.9919843830694663,0.46433032786936834
no.marked.data,cc56d7b28c75895f,2,124,0.9985807262896966,0.7934767354592167
no.marked.data,ce5b0307410f1e3b,2,885,0.9993228550950531,0.6014119568452125
no.marked.data,db2fd26aea52ae05,5,139,0.996278311277651,0.6565102119592456
no.marked.data,db6206765198f206,6,629,0.9949468137820358,0.7562251543565384
no.marked.data,e165f230cba8dcda,6,419,0.9956244637949305,0.7225963809169695
no.marked.data,e215af4d8230a24f,3,101,0.994054893123162,0.5537683824087445
no.marked.data,f22ef6426d4b1099,3,79,0.9874642877368972,0.5899367341823544
no.marked.data,f45ef0c0f5b99a19,3,98,0.9830540387161715,0.723698167322396
no.marked.data,f4cb2cc705fc278e,3,147,0.9990310275324384,0.39596080172842096
no.marked.data,f76fb5e58d251c01,3,333,0.9939552324007597,0.5087983260949942
no.marked.data,f9cb010f442d2285,10,646,0.9961444818755486,0.6297172147000349
no.marked.data,f9df651ec2b7a19e,5,360,0.9970776358898827,0.8027457289928311
no.marked.data,fc6b7384ba2f8838,2,436,0.9995930358381069,0.8222248435513713
no.marked.diskusjon,0e01d11690ed1d9a,9,905,0.9967521083421668,0.5774135684411854
no.marked.diskusjon,11d3c07cad93504b,7,365,0.9897857568955127,0.6105916658152747
no.marked.diskusjon,165845243117caf7,1,103,0.9852754420510873,0.4894619040895977
no.marked.diskusjon,20b540ee7314cd97,4,205,0.9952407492136874,0.5645212222075969
no.marked.diskusjon,2489cd6e5afbcefd,82,3160,0.9920836013659217,0.5576537613983447
no.marked.diskusjon,27e0a000de33728e,2,429,0.9978656262940642,0.6122517706398927
no.marked.diskusjon,298428ec1567f22e,1,54,0.9820777567484131,0.4860159494393069
no.marked.diskusjon,3f132ce2ab7e9106,16,891,0.9978342412243655,0.45929933900538344
no.marked.diskusjon,426df7873189816a,11,545,0.9988462735959852,0.4919747675035164
no.marked.diskusjon,45193f41acadb5ff,6,471,0.9987909711888714,0.5956061545337243
no.marked.diskusjon,460efc3be742d082,4,146,0.9936144871541631,0.6665547221491259
no.marked.diskusjon,48105a80faddf7e3,11,904,0.998638245483465,0.7654058013188161
no.marked.diskusjon,4d736991439e28ea,19,892,0.9968765810860565,0.5143012295653361
no.marked.diskusjon,52d0ff7e6a2839d3,2,68,0.9417155339475539,0.5549285350265523
no.marked.diskusjon,59ffdf2945ee77b2,16,909,0.997479477551799,0.5341764765400344
no.marked.diskusjon,5bbc35d110be30f4,9,486,0.9744070021205651,0.731103564504151
no.marked.diskusjon,62ac976a74a8396a,87,4445,0.9959381889226809,0.4446296375756927
no.marked.diskusjon,653b6725138bc816,2,514,0.998457130899642,0.6425155692021151
no.marked.diskusjon,65ebe6978bf71fb3,4,222,0.9950534135044786,0.4550722336849521
no.marked.diskusjon,6aa344fce4a34ce1,10,528,0.9904451754498597,0.6984539078260057
no.marked.diskusjon,6bd3d2f10ead2c70,9,471,0.9830340263440167,0.4677016418259491
no.marked.diskusjon,6fe2a0df1daa53c7,46,2269,0.990626887149668,0.5511027434454981
no.marked.diskusjon,71017ce7c2827d8f,5,316,0.9813240770458229,0.7359106020229859
no.marked.diskusjon,7748dc689c1389ab,12,614,0.9979725546018361,0.4282137111228773
no.marked.diskusjon,79dcc41db70637dd,19,988,0.9928217128529581,0.6059027063668192
no.marked.diskusjon,7a951f6349594bd7,12,594,0.9978555280959942,0.48974558271518925
no.marked.diskusjon,7c67b7b9255c7a17,6,395,0.9921492623999008,0.38612963859980093
no.marked.diskusjon,8c659af06d126c50,6,372,0.9984837415800357,0.5935188790186036
no.marked.diskusjon,9a2a7f079046a000,8,467,0.9982638508960934,0.5864817915305176
no.marked.diskusjon,9d0df3b97b4203d6,17,741,0.9984934926760352,0.4564892066416962
no.marked.diskusjon,9fd3af3292c2e3f9,28,1599,0.985555177749125,0.6853594359313793
no.marked.diskusjon,a9577e5758e4aeb7,55,2679,0.998016919752179,0.7094005608705888
no.marked.diskusjon,b4e12945f0f42aa2,13,558,0.9969629288098116,0.6398012330972711
no.marked.diskusjon,d350287636b7a9bc,39,2541,0.9937280668181595,0.47111929343366726
no.marked.diskusjon,d3e4aebae679fa62,36,1906,0.9928239049190777,0.503786542959416
no.marked.diskusjon,ddba88ea80106bc6,19,1157,0.9955498012345481,0.5634318941947364
no.marked.diskusjon,e10d7c2a2235cfa0,7,405,0.9886312151680072,0.4765570820738957
no.marked.diskusjon,e4a263010afb9de2,19,684,0.9936442874233934,0.4645550137787453
no.marked.diskusjon,ed2a6acfd17c5162,1,227,0.9959704604499712,0.6480064559543821
no.marked.jobb,0bd60241868c9070,17,1142,0.9974890243245655,0.5702091149413675
no.marked.jobb,0c890d4809cde37f,8,763,0.9978280635041251,0.5319496651004326
no.marked.jobb,12b1943d14e2ed94,13,722,0.9923520351707601,0.4458035925511128
no.marked.jobb,13cfc42f0963590f,11,605,0.9972473749646913,0.5104199877510304
no.marked.jobb,22ec9f29324da2f4,9,494,0.998162176320278,0.6530945826957552
no.marked.jobb,2787525a6013d4c8,12,1007,0.9994751926707304,0.6549621128189553
no.marked.jobb,2cf254efe24fd592,16,795,0.9980593600074207,0.6777187826931966
no.marked.jobb,2dd7ba43b235eb98,3,166,0.990596154116294,0.5720213339441255
no.marked.jobb,314e1c3f2d6d9d78,3,180,0.9978267989612851,0.6737858131776989
no.marked.jobb,384545dccb059a02,37,1828,0.9833717536668424,0.49858761925303813
no.marked.jobb,3e24c0202680a958,5,458,0.9933516369659385,0.3329214270936755
no.marked.jobb,3f9994dd041ae9d9,3,164,0.9978471615692327,0.42239989422740876
no.marked.jobb,4f3397b7d732193b,3,155,0.9894170987599914,0.4994904122583498
no.marked.jobb,4fc025e27aad51fe,9,631,0.9837870473003572,0.7050773135473931
no.marked.jobb,6277a21568fae1b5,20,861,0.9939912780785586,0.4404700861022032
no.marked.jobb,724f5ee579eb494c,1,128,0.9996590977537463,0.49047911604870026
no.marked.jobb,7b76742af015f798,1,257,0.9997082333276817,0.740812495941981
no.marked.jobb,809e002159ee0fed,3,223,0.9989814017458615,0.5352253858619623
no.marked.jobb,87ecce6b703f7609,2,225,0.998055995603287,0.5606893580774246
no.marked.jobb,8f0ae44384480b18,20,824,0.9873983726994003,0.611122520966045
no.marked.jobb,90a31bbd9372069d,8,695,0.9980002187443598,0.4434046277113704
no.marked.jobb,976bc9cd92414c77,7,339,0.9886972517566236,0.5536872618581159
no.marked.jobb,98ada698b3b24671,12,936,0.9883257301558446,0.47110682610890026
no.marked.jobb,9b12283756ce1221,16,765,0.9920829152665661,0.5187668636225894
no.marked.jobb,9d0e0e4989807e3b,10,435,0.9984590328003881,0.6794815195128695
no.marked.jobb,a41adbb39ac03083,8,413,0.9959462161765277,0.5570430836450643
no.marked.jobb,a89ca6f2b1ba1331,6,496,0.9989679395283129,0.595721066220544
no.marked.jobb,b03c4e65f341e435,10,1012,0.9995381839061703,0.540666132749864
no.marked.jobb,b781980995faf488,34,1787,0.9973766450696608,0.6088819590195559
no.marked.jobb,ba8852a09f5c53a1,13,1080,0.9910712806724008,0.5032694014852734
no.marked.jobb,bbcc2a3b62c23b17,29,2131,0.9974780024436191,0.5050519871638269
no.marked.jobb,c5b8be7a0d96af62,5,204,0.9861257171166825,0.5261211716851412
no.marked.jobb,c69559435b69a112,1,259,0.9997396433652329,0.358295105946154
no.marked.jobb,cf5cbc2db7c10b32,8,328,0.9982360626097402,0.6056393345896532
no.marked.jobb,d208cd22366eefdd,2,94,0.9735836572818599,0.4972795720612863
no.marked.jobb,d3e13dffdf32c88a,3,186,0.9986722765680321,0.4492303452108348
no.marked.jobb,d45545d791f84f2e,8,326,0.9928258748205366,0.5889149165081112
no.marked.jobb,dba16485016a4349,8,374,0.9988853593406286,0.7510728040717723
no.marked.jobb,e6664c8e38d5efaa,38,2206,0.9986192628797483,0.6406934685944135
no.marked.jobb,ea6c786340834419,4,394,0.9934404442177439,0.5611918389707167
no.marked.jobb,f973ac5285848cef,3,489,0.9677612404006802,0.5097340812300725
no.marked.jobb,fae3c75889527b80,8,928,0.9991062220654313,0.6858105350356174
no.media,0771ee0a2734a64d,3,212,0.9975709682047185,0.6437431879543183
no.media,0b1a05b62e9e5e1b,11,830,0.9979880587689597,0.5652565912529744
no.media,103d085ea3fd18b3,17,1129,0.9989243823646686,0.4259612171317588
no.media,136a0b095bb6b2dc,29,1665,0.9906679795011955,0.6290989815614709
no.media,13d710fe4f8bb62c,24,811,0.9931407351214081,0.42735940804514794
no.media,1dba9f0030751b5f,2,401,0.9983020123741373,0.4836019660954766
no.media,24dd7188c2a7d931,6,470,0.9897728374657516,0.6371950437786198
no.media,280f34632d169b2c,6,253,0.9758331742911908,0.5403594074718786
no.media,2daea4636f1855b7,4,328,0.99226769978103,0.5113216737659095
no.media,2efe1de6d4eedb36,7,208,0.9941805676041129,0.5232602902835085
no.media,3042b69edb5ebe47,1,146,0.998999436590739,0.7240841423155154
no.media,32b589f85cd919b4,33,1567,0.9943684073929576,0.41132065916493576
no.media,356f7b2f011fe3b1,7,305,0.988121758785736,0.6017106126532057
no.media,399fd9f910e8d7c4,7,431,0.996798763636007,0.6465723856829331
no.media,4229d48c521c8dc9,3,184,0.996212300168351,0.6338903558767962
no.media,5b0cc462af600ba3,7,301,0.9929062343772824,0.5620848650190784
no.media,5c9c164aa5bd5226,26,1327,0.998414358834538,0.6100033358522784
no.media,680764b8170458d3,6,431,0.9982530732964939,0.4643224362488947
no.media,6cb500de8a80dea9,8,659,0.9985618589660682,0.47315566137234777
no.media,6f0bfe5f168584a0,7,276,0.9891387631177099,0.4416702063669759
no.media,80d32cf1f2128818,7,247,0.995912372846556,0.5224979321910507
no.media,9401e2c033981e4a,1,1075,0.9997285982796524,0.5642330809803193
no.media,9651be6da1506285,4,364,0.9992689056997495,0.7539552153050492
no.media,9e354638c69d26de,9,832,0.998844700740447,0.5495754186370575
no.media,b040c521cb1beb0c,28,1188,0.9935100111782074,0.6056269319754563
no.media,b5e9d5e46bb07baa,2,409,0.9955571381980021,0.6916336876999272
no.media,c00bc37a89a316d2,6,549,0.9994490139951876,0.7454234523668537
no.media,c2e7eb1eec43a963,1,195,0.998869615678907,0.435710288523702
no.media,c8d4c9a3362acaa2,7,415,0.9977557327704741,0.5996167819585886
no.media,cff6babf35a27fbd,6,689,0.9974685281678958,0.6044029473217918
no.media,d04f0cc2d5b98164,6,464,0.9984935883642208,0.6302192425159052
no.media,d26b6894e98b015e,12,372,0.9960498531574002,0.42923516180376353
no.media,d2a96f6ec810059d,20,1041,0.9970074280031525,0.44657330930534167
no.media,d86c1e75a175806b,1,317,0.9993088364817704,0.6606397487595316
no.media,e2753be335071bfe,6,454,0.9988074269683034,0.5059149373195958
no.media,e917333b2cf85e32,1,342,0.9998436350037303,0.5173772406465145
no.media,ea50a7462d658248,9,376,0.9950704357946939,0.5146488417029379
no.media,ee015b9d402dfda6,12,372,0.9960498531574002,0.5067128863729066
no.media,ee20543c623b6f69,15,765,0.9960520254691011,0.4273465620634696
no.media,f05d5b3e3aaf800b,1,79,0.9993412583188627,0.49288237664208406
no.media,f61ee38d11ec9726,2,223,0.999803747239801,0.42086606265142235
no.media,faabe3ad326cb579,7,540,0.9978864928002714,0.596161681743284
no.medisin,0166eb3c77424e71,58,2656,0.993073618959166,0.4983874570530708
no.medisin,0472a2ffa934091b,11,860,0.9979187709028294,0.5504693109876988
no.medisin,0faaceeb2ae6651b,41,1627,0.9976348672051836,0.40689279085360264
no.medisin,12710d17be36ba2d,2,169,0.9979266909801627,0.48988148235090173
no.medisin,1475d06418ddf4ab,20,1245,0.9983427579411913,0.48467365735043244
no.medisin,14f63c918c18305f,1,72,0.9985818808553318,0.5711579230294466
no.medisin,18002883f5cf44ee,13,884,0.9956720271801406,0.4371518391126165
no.medisin,1bde8d77df2b9907,15,608,0.9901493267134552,0.4318462608318641
no.medisin,1ee30fce94e5c3e0,22,1299,0.9972703249811052,0.44622040577870337
no.medisin,35b4232a2d53ae4d,19,823,0.999017478154211,0.5088751502122553
no.medisin,3991e4a83dda36c3,34,1464,0.9983671810345868,0.45134042404031827
no.medisin,3ba534bd832921a6,2,353,0.9999261670135213,0.6815048891819434
no.medisin,3edd8a4b7ff16606,56,1872,0.995352829696245,0.48200982096696915
no.medisin,46cd975775e907f1,10,787,0.9995789795969392,0.4520527194946926
no.medisin,4b1ef0274813e42f,2,363,0.9999355476594799,0.5368064933646175
no.medisin,4c9d702562d154d5,3,128,0.9991998485157975,0.6102271400004547
no.medisin,53d56829a42a2269,11,734,0.9870730591958166,0.35703557192739277
no.medisin,5409a8dd609d3dc8,23,888,0.9743637488585615,0.6452188495868402
no.medisin,5aac05192acf70ee,20,942,0.9973030576582668,0.5630755634387707
no.medisin,6580798c6db12d56,6,543,0.9988311306926525,0.6128692909497463
no.medisin,7c8cf6aa5594ef82,6,274,0.99742863777787,0.5024900352527346
no.medisin,7e796bd66b7c856c,15,790,0.9989021947975144,0.48259728488466486
no.medisin,82a84ebb0971c01d,21,924,0.9959057044646303,0.46718237785377076
no.medisin,838043ff0a077d9e,8,554,0.9971626419126276,0.7581351756960256
no.medisin,959b0445b0c253d6,4,939,0.9910862621630492,0.5499747317143739
no.medisin,9cd9859b289c7a5f,10,403,0.9991148619092339,0.40069534328145834
no.medisin,9ee9a0ea27de1dec,22,726,0.9980764379440934,0.42779169048040905
no.medisin,a040f53d30d7ccd2,5,437,0.9910435238512124,0.46883280533611343
no.medisin,b54ef9e54e41927e,7,1696,0.9997311438130512,0.4941673008100364
no.medisin,b70c13dbed656c8b,45,2048,0.9979274191756431,0.46268733351181246
no.medisin,b778c563cc1673b3,12,606,0.9967685276708247,0.4749005612141731
no.medisin,baff2646efd36550,11,420,0.9982699530197529,0.48353923259364306
no.medisin,c0d40e51ecd96045,7,389,0.9986457998597169,0.42497246678767925
no.medisin,d0575b0571e74ab9,2,256,0.9996957253912997,0.6188150824171412
no.medisin,d1e60d73c4ef0722,45,2442,0.9991738183305261,0.48189865486716754
no.medisin,d2133bec0d0b6737,10,719,0.9851134202599873,0.47217356000406685
no.medisin,d53f006dfb85d66c,16,856,0.9992298657418106,0.5280819360142517
no.medisin,ee6670416a1da52c,15,815,0.9963909055721077,0.5041218322929861
no.medisin,f5d2002240a09f27,16,965,0.9987611187094536,0.45598448308539824
no.medisin,f807fb161d5d5c74,22,865,0.9944382718671314,0.4643675659315014
no.medisin,f8f7c011b5fed5bd,2,142,0.9973461913327801,0.5439445226173921
no.medisin,fefb0a625e9f0c05,24,1780,0.9984142866652097,0.4624830484546141
no.ms-windows,04e4017120d8114c,7,364,0.9989537624772624,0.6104812208623633
no.ms-windows,05a5d9ac9faed314,5,433,0.9992371677513062,0.472115258022228
no.ms-windows,0632f861b4372a12,16,1036,0.9972662762326782,0.4367894974855358
no.ms-windows,185bcd1776d4038b,3,276,0.9990584421102815,0.6061350721171325
no.ms-windows,1aababe1f05be258,6,168,0.9973210418104808,0.6507028885263024
no.ms-windows,29f825af671f2d51,10,956,0.9991367812594556,0.6855721917771935
no.ms-windows,2ae966f0a419e124,13,691,0.9981876737873714,0.5746900421235506
no.ms-windows,2f25fb06586fb176,2,430,0.9989166900871536,0.5113393303609437
no.ms-windows,2f3e999eddbf5f4b,6,502,0.9994010490489871,0.4466888573746439
no.ms-windows,4ad7e8fb05997713,4,286,0.9990099211195222,0.7754902591554574
no.ms-windows,5eff09e444371af5,8,1083,0.9997342785744946,0.401810998977762
no.ms-windows,6661c58d93ae7272,25,1135,0.994360946452679,0.579839520100598
no.ms-windows,6782f356052bf421,3,240,0.9990098861929656,0.41087578611963893
no.ms-windows,7503131a9e1243ca,2,396,0.999581126334982,0.6538980742518631
no.ms-windows,75b99f50ecdf6bae,9,478,0.9970241267908837,0.6401386503414563
no.ms-windows,7fe36e21720bd8b3,7,427,0.9973068557377975,0.6762789640412219
no.ms-windows,80323ee4ce6a5515,3,337,0.9992743454623152,0.4236420455517831
no.ms-windows,8281e6774d779e1f,7,389,0.9961756778115649,0.6439500140148351
no.ms-windows,9c8e9a135eda43f6,22,789,0.9968779477576923,0.8826793164216756
no.ms-windows,9e9ff74ab31ab0c1,7,629,0.9990517601398314,0.6001186261394139
no.ms-windows,a57dc4a3ab1c32ee,13,818,0.9980310170685216,0.4020567272892188
no.ms-windows,a5fc39f0e8a55ace,10,705,0.9976623638453754,0.44189134601770885
no.ms-windows,a6206339e8bf3f42,3,207,0.9948694917057429,0.6098558315532837
no.ms-windows,aa92269f459c628a,5,218,0.9992779981045591,0.6149208305680629
no.ms-windows,ae2d9c55a0bd06e7,6,703,0.9992355696737324,0.5388100637705594
no.ms-windows,afeb041f0183bf91,4,4144,0.9998816874076057,0.3690970738833355
no.ms-windows,b43b597561301edd,16,950,0.997865898263372,0.6823261467104161
no.ms-windows,b616616e268b0ce8,5,452,0.992873366539772,0.6145592748091587
no.ms-windows,c0d9af318f548419,10,464,0.9987853128310967,0.4744769689526885
no.ms-windows,c5a0d192a2eae136,25,1729,0.9993435345221208,0.7125763136282858
no.ms-windows,c86b1627910a44ed,21,1503,0.9994473303146058,0.5718425292491092
no.ms-windows,cc2342c2139d0e4d,15,871,0.9977500309094073,0.5967846666020101
no.ms-windows,d7b4d95042584f69,9,692,0.9993384340970981,0.4321926605711954
no.ms-windows,da8b5592b2007c2a,13,466,0.9987324072760013,0.37879396620035727
no.ms-windows,db7508f0b79e5597,13,490,0.998382972564958,0.6796122387768831
no.ms-windows,e26f05ffe69aecca,7,318,0.9987389496403727,0.4201876676957576
no.ms-windows,e3ddc4a7f23ad464,14,708,0.9977986998441082,0.44106880096791096
no.ms-windows,e763bee9fbc11d7c,14,559,0.9859868859344774,0.6416853943115556
no.ms-windows,ef001e51eafd90d2,11,625,0.9987720452983152,0.4598893296701624
no.ms-windows,f16f2aaa6643708e,3,139,0.9907251970958931,0.7248398878577588
no.ms-windows,f62e7fd8a446e9db,11,347,0.9934523568322168,0.674926567101453
no.ms-windows,f912ec37009c5e84,25,1127,0.9973647207831114,0.45950926168483447
no.multimedia,0154185a9d2abd0a,14,523,0.9974361439540894,0.5337175486356821
no.multimedia,0259d78c7a9c774e,10,458,0.9978407752868783,0.6584563638407849
no.multimedia,071427e1e8fba2e9,5,501,0.998121673529691,0.5701105868723919
no.multimedia,12b56e4363b3e49f,19,846,0.9970446582769849,0.39238098116486786
no.multimedia,194be7e1bd8627df,10,482,0.998324147720943,0.4406781011250858
no.multimedia,1cecbb4438af380e,6,549,0.9994490139951876,0.6665455379887556
no.multimedia,20179fff520fb201,34,1696,0.9983578741329185,0.5075158576067285
no.multimedia,25482bc6f608ca48,3,292,0.999185929940062,0.6512615299559184
no.multimedia,29bdb62691428263,6,1460,0.9982125724924098,0.5812171707554736
no.multimedia,2bb8ff8592753e84,1,625,0.997320264005369,0.30873667797210885
no.multimedia,2f2802e25d7d2a9e,43,2895,0.9982819444372614,0.5020352702649702
no.multimedia,349fa6f92a7ab5a1,40,1804,0.9973977951861619,0.5595914083303312
no.multimedia,3cba99211ee9a156,3,421,0.9996936693663949,0.43646271309889345
no.multimedia,4b474441d821abf2,3,609,0.9966464368255082,0.6066675890007236
no.multimedia,4d73dfd175b919cc,2,391,0.9993125513320711,0.6437621234333136
no.multimedia,5905c018641157d9,1,187,0.9996028000126461,0.503904137073857
no.multimedia,614d6a053b34f17c,17,1055,0.9988144778069157,0.558966742698699
no.multimedia,622862094e26bea7,6,498,0.9990983942555394,0.6805422958759478
no.multimedia,65e5362bda71a1a5,9,501,0.9983345816634601,0.6006473072337435
no.multimedia,68a48cd1de3597b5,6,465,0.9986532961888063,0.5372214387872533
no.multimedia,6cb8c5da52bff9c0,6,365,0.9959145879427425,0.6142322826163624
no.multimedia,6cf62cd9b329b823,11,1039,0.9995270021465603,0.4881785841890876
no.multimedia,74eb9d6ba43e827d,5,523,0.9993813192712819,0.8053993644638925
no.multimedia,8ac3f4f46a80056d,12,726,0.9977878966112327,0.5292428099306046
no.multimedia,8b11132900af0ddc,66,4304,0.9987389028981747,0.7599507434521723
no.multimedia,949b7b17f24723a7,6,544,0.9993913175131768,0.6431155665393478
no.multimedia,97ee8fc48e00d20d,142,10606,0.998857717643165,0.5854294095259699
no.multimedia,9efa50d78c1179c9,13,350,0.9942705918636133,0.5807090509585482
no.multimedia,a8864022dc0b48e7,1,288,0.9998451133725863,0.5712908751960706
no.multimedia,a9898fca41d79dfe,5,641,0.9997160426382226,0.6109695147011008
no.multimedia,b29c232fc926566c,6,380,0.9784344782270429,0.6556501676998088
no.multimedia,b4c06dd319a7119c,5,486,0.9996949262611594,0.4063225814577381
no.multimedia,c1bc064664ed5a3f,16,699,0.9946367831108783,0.5484268605674779
no.multimedia,c1f11543440ccdcf,10,608,0.9980567917529537,0.6624701980563086
no.multimedia,c20e90b0ce64b098,1,78,0.996414772640329,0.651697037941871
no.multimedia,c340dc3e05590cbe,14,529,0.9935941256015307,0.553462560131723
no.multimedia,c7e32d5098fab17e,32,1455,0.9975204050331868,0.439982000784087
no.multimedia,cd780a7245c0e63c,2,127,0.9621499715659475,0.6039679467445839
no.multimedia,d1b049ee73b7f511,3,572,0.9984613667264116,0.725117072184978
no.multimedia,d5fa10719ef26f8a,9,471,0.9695928807417371,0.46524968370614445
no.multimedia,d7bc81601f3c1cfc,5,348,0.9721582935374707,0.4307462265243014
no.multimedia,e4e2def0a02f65c8,16,1032,0.9987906373368894,0.4959507639115448
no.multimedia,f6387f0562a1253d,11,860,0.9982738776854417,0.43170013959679976
no.musikk,03bea90d466ccaea,15,769,0.9977615682519567,0.7171818357120323
no.musikk,04712876fd656df2,7,1775,0.9998804613486595,0.47561956407929085
no.musikk,0c71e58797aa60b6,12,901,0.9986330717423965,0.5293991590796161
no.musikk,15f5236ba4f2f41a,3,490,0.9996311766328309,0.6330494783160522
no.musikk,16ea1c8589fd41fd,2,371,0.9996361574784347,0.48629186593867824
no.musikk,1a11716af7f4fe54,21,1290,0.9987559684431585,0.3757917320265366
no.musikk,200a8d401fbae86b,16,855,0.9970348410639311,0.5443048575787754
no.musikk,2acc4ef9ff5a8e28,6,374,0.9988528909322324,0.5007080195532136
no.musikk,2d107cb81975e859,5,467,0.9979866376033247,0.5903098548902345
no.musikk,2f8ce66c90ee897f,2,451,0.9997551767480893,0.4250431155083501
no.musikk,3972e65e6b7f62f4,14,706,0.9975241401566534,0.4713289730602827
no.musikk,3aca9d4963da1d34,4,268,0.998103059392718,0.524962479979949
no.musikk,41040b60aaea32fa,13,686,0.9987561633585956,0.5944379682989801
no.musikk,4609e76725580edb,5,289,0.9888798611321175,0.4448966264778665
no.musikk,52daf0a286b708a9,7,346,0.9986777049811698,0.3615332301941125
no.musikk,53d4cd7957b6ef2c,1,76,0.9924564258372192,0.46515485927098055
no.musikk,567638916b3b9f62,6,390,0.9958236478552371,0.6616302287151719
no.musikk,599c081319368d65,1,593,0.999355569702471,0.5891841327999975
no.musikk,67aa788ee2418863,7,887,0.9985492992425468,0.5425503671170876
no.musikk,6ba8d7976b3905f7,1,462,0.999532224657426,0.6291035162601156
no.musikk,6ebc9f5975005427,5,409,0.9991741430449085,0.4461895134626973
no.musikk,6f255cb5fc4b7d42,13,601,0.9981917020753402,0.5714455789110834
no.musikk,7ac67e7be884c27c,11,952,0.9940755230308337,0.5067956926940311
no.musikk,832ca9e95d77d907,24,1402,0.9981532150511863,0.5192174173904852
no.musikk,8c1620bda88965e5,3,446,0.9836211831564973,0.49070761973213534
no.musikk,92220c9aa15e49c6,8,526,0.9962571832790738,0.513893899838517
no.musikk,9293df8db43cfa80,8,704,0.9990531634780186,0.5447181838007885
no.musikk,a22d8a7896244ca2,9,515,0.9978663152458402,0.6559420293148281
no.musikk,adc102a374ca40aa,8,1139,0.9990761081104303,0.4292926691277945
no.musikk,b0d33955650f8ec0,10,1050,0.9993880161495882,0.6236819172902865
no.musikk,b63d8733a5ef00e1,8,409,0.9988035132503603,0.429287055704035
no.musikk,c1273f89183dc5b2,4,211,0.9971976362973081,0.4770165370992436
no.musikk,c17d5de1685bb637,4,352,0.9983998493707241,0.5288629692369013
no.musikk,c274556e746f7d77,14,1128,0.9996211741263958,0.5050097592372753
no.musikk,d97c303764354548,12,681,0.9993976582264787,0.48084702408815844
no.musikk,d992c082e8be996f,11,505,0.9897801723074883,0.6785474117195144
no.musikk,da10e0b6a18544fd,4,421,0.9991239254562145,0.7311475281500734
no.musikk,e2d9a36d4899b809,12,731,0.9990391023779648,0.4737422774794833
no.musikk,e6b8de39092133a5,4,618,0.9974107136500086,0.4500765229918308
no.musikk,ebcdf0e405a02fe1,8,730,0.999258734709641,0.48702037734712333
no.musikk,f1d8b1d405dafc1a,8,687,0.9985827648594436,0.4643374712177159
no.musikk,f2a723c4d4980a3a,4,274,0.9953924350073382,0.5501334288299317
no.musikk.gitar,088d225a179a695e,3,323,0.9985481244874098,0.6196543415199685
no.musikk.gitar,11b23601b5aca7c4,1,177,0.9998475825919081,0.6208858454522757
no.musikk.gitar,17865888979a6d7f,61,2720,0.9365450701104754,0.5178452099635579
no.musikk.gitar,19a80297e3a1fd84,1,186,0.999681367493109,0.5454423182524633
no.musikk.gitar,2297ba9f0d34ee07,6,193,0.9973919042494434,0.42487480100623154
no.musikk.gitar,25ded067a6d49e3a,9,1181,0.9987757866345727,0.4838981859385875
no.musikk.gitar,29f3fef5b845307c,3,419,0.9996502430638262,0.6961186321854957
no.musikk.gitar,36d1ddba88e8c979,2,500,0.9986518536070536,0.5792816947569196
no.musikk.gitar,38b0ed5ea837bf69,10,578,0.9983331320771017,0.41180633044068243
no.musikk.gitar,43936cc2afb8963f,5,431,0.9988867111579667,0.4905732270598051
no.musikk.gitar,44f97bcd826074fb,7,629,0.9993467404957479,0.5171935582533156
no.musikk.gitar,49a609147ebf5c14,18,877,0.992169504396178,0.4093349171407895
no.musikk.gitar,53cb8918d4985d1a,4,333,0.9978681117061925,0.49354912395754097
no.musikk.gitar,55d0a6d90e5617bc,2,508,0.9989667808083779,0.45224344105894176
no.musikk.gitar,561c7c0e091820e0,20,635,0.9950712625137298,0.4223946318097645
no.musikk.gitar,5adb57c6eba473d3,28,1333,0.9976676947742835,0.5481759953863621
no.musikk.gitar,70fabe3b884f4d95,3,330,0.9994400134416542,0.5469147196475256
no.musikk.gitar,8cd0046a7bf54c47,24,1253,0.9981202177562627,0.47073324930458926
no.musikk.gitar,8d370e457325eacd,6,862,0.9976369684433491,0.614087642736646
no.musikk.gitar,92688b49660e9b3c,2,270,0.9992359498180626,0.6074682137871332
no.musikk.gitar,927a98b4353b87c4,17,872,0.998963811198928,0.5964544887638328
no.musikk.gitar,944f844e0f3e3b8c,45,2719,0.9986897959714283,0.40654878254504534
no.musikk.gitar,9660edd4f4c252cb,3,303,0.9993323136558017,0.3928251924050298
no.musikk.gitar,a22550bf158d52b7,15,608,0.9987005099776787,0.8777092300852414
no.musikk.gitar,a47470c2f25dc299,2,398,0.9985499010376366,0.7625976837276255
no.musikk.gitar,b29dc1404926c0ca,12,433,0.9854959832207204,0.5116394027607809
no.musikk.gitar,b595986928f1a3c4,3,598,0.9996982336149605,0.4141629421743999
no.musikk.gitar,be66c55b11e4113e,7,337,0.9942875923937945,0.5743839312438315
no.musikk.gitar,c0772d54dc32c510,9,233,0.9981295307102287,0.520301098260455
no.musikk.gitar,c6cd80b5826d9db1,8,748,0.9862381127955487,0.6798657351027866
no.musikk.gitar,c8b02d1930760540,8,777,0.9975199540803691,0.5820262470366453
no.musikk.gitar,c8c3a65324cd25f0,8,660,0.9935273759104274,0.48862184714597695
no.musikk.gitar,d4478d0661bf9378,3,646,0.999705097702841,0.44456003578269804
no.musikk.gitar,d58ebd1e72a107d8,5,257,0.9922568006105723,0.6089665697991994
no.musikk.gitar,e067ab9b9de2c633,4,155,0.9955023699067042,0.6472223542212989
no.musikk.gitar,e1dc712c0e1c3b24,23,1458,0.9990070328489984,0.3925129105734865
no.musikk.gitar,e8d739347c0c01cb,7,452,0.9968950279662481,0.5887604739146103
no.musikk.gitar,ef5b280792fde7fe,5,283,0.9981832075298607,0.5562166599755715
no.musikk.gitar,efebefcc31f60c23,6,5048,0.9999828291471566,0.5812123382676762
no.musikk.gitar,f08cac24467bc258,1,88,0.9954971504405249,0.6450345998199897
no.musikk.gitar,f7a307246b758f04,4,194,0.9921044303742111,0.6791112105474619
no.musikk.gitar,f7bfc5295e5338dd,38,1838,0.998005874825999,0.43758590953707577
no.musikk.gitar,fa1e4a806fdbef9a,6,195,0.986366622020715,0.4895313657513116
no.musikk.klassisk,012fa7caf752844e,7,401,0.9984722802926387,0.3603272485412101
no.musikk.klassisk,079e9162e9fafb11,7,667,0.9996459630724567,0.5541522958802575
no.musikk.klassisk,07e947079fee664b,18,799,0.9936298564904646,0.4882275671001475
no.musikk.klassisk,18a191eaa9335c81,3,465,0.9995260160275663,0.5036496741749131
no.musikk.klassisk,1967af1e80d47985,8,235,0.9897972755783577,0.5931656927444742
no.musikk.klassisk,233133922d172781,7,577,0.9976164139686063,0.4234127174871576
no.musikk.klassisk,268205bad9743704,14,677,0.9960635544514582,0.4725155565430671
no.musikk.klassisk,327595305bf9269a,19,719,0.9934449869238567,0.42556476363053797
no.musikk.klassisk,38120ff5bfe67eba,3,64,0.9913660043307099,0.4562496633537258
no.musikk.klassisk,3fd9348003ac450f,8,217,0.9935194540306366,0.6638358274806935
no.musikk.klassisk,488a84c8274e888a,11,807,0.9963771472497038,0.5430458215067199
no.musikk.klassisk,49836c7a160c6c4d,16,778,0.9957264293192951,0.4341889888576644
no.musikk.klassisk,4cd8c36a5e32b541,13,583,0.9990049911207878,0.44174122448561587
no.musikk.klassisk,51e19eb3b459125f,2,298,0.9987842563052511,0.5642994206379226
no.musikk.klassisk,567d6cf72479ec51,4,210,0.9975588181075002,0.49431122109270825
no.musikk.klassisk,5d432f37fe5d93be,1,82,0.98465988708951,0.6896142100512593
no.musikk.klassisk,61b5b61d5ce9e94c,11,579,0.9992316589072028,0.5087861072959939
no.musikk.klassisk,670bcff66a3c0446,2,319,0.9987707636987354,0.5445197708060345
no.musikk.klassisk,68bd8c5e1fce6a1d,10,799,0.9972957416380184,0.5347170590167311
no.musikk.klassisk,6a7c700f96bbf5b3,15,735,0.9976916917911638,0.5619766017198774
no.musikk.klassisk,751f1a94549d95f9,5,414,0.9967748057525347,0.49573402661217003
no.musikk.klassisk,7a1ad7f08dccb7f4,8,593,0.9993299682307304,0.44558008600919663
no.musikk.klassisk,7db803e4d1e898a2,4,378,0.9938582239905726,0.5096873576003037
no.musikk.klassisk,8b5b55c410441326,23,956,0.9974476308488172,0.7162749106136032
no.musikk.klassisk,8f87064cbceeac2d,12,825,0.997975315875745,0.5431491380421927
no.musikk.klassisk,9c5d18eef2df0ac0,23,1342,0.9953970037323421,0.5601633959071171
no.musikk.klassisk,9d2322693c47ae21,5,134,0.9916323046120071,0.4441369562975017
no.musikk.klassisk,a88549bdad6b6012,14,1145,0.9993568125812301,0.49257668745860544
no.musikk.klassisk,a90a40abe68b990d,4,177,0.991391200543452,0.4534112173980353
no.musikk.klassisk,a9dd1251ec9b8f2e,5,607,0.9969691551530281,0.6168535947848475
no.musikk.klassisk,b24983a06290ecdb,30,1319,0.9979333506702242,0.5175999777054515
no.musikk.klassisk,b601084cb54ff35b,7,561,0.998238159496174,0.5127504509280064
no.musikk.klassisk,b630c7bcc8ee8121,12,517,0.9712806445994899,0.5700863553250416
no.musikk.klassisk,d7181af659b21c2d,23,1356,0.9984759799578504,0.5362249743690378
no.musikk.klassisk,dd95f75ec6796e3c,25,2622,0.9989877817844709,0.47553468412079636
no.musikk.klassisk,e1ef1c526dbf9a06,20,1099,0.9987456085241833,0.4529431987007804
no.musikk.klassisk,ea10d9b8068f4ea5,8,572,0.9984984686765885,0.5795766333997764
no.musikk.klassisk,eab76510d362bf99,12,543,0.995712368808418,0.4456556804168213
no.musikk.klassisk,f0356e9508f6fa9e,5,321,0.998926412016041,0.6631897727846897
no.musikk.klassisk,f15fc5d04cdc407d,5,663,0.9994960437573539,0.517457113629236
no.musikk.klassisk,f30bb7c48327e664,5,275,0.9765442513750889,0.5418167903796178
no.musikk.klassisk,fcbb5ab0cfdde17d,7,236,0.9971429586193816,0.4423086938488247
no.net,038e57295e054303,3,226,0.9917225135958898,0.5815176728460707
no.net,0d866aa324a0c6a1,13,1184,0.9996519877739823,0.5482562689727409
no.net,0e3525eee7600b8f,15,1023,0.9969706187599938,0.6484023759841608
no.net,0f4a733cee3cc0ed,1,699,0.9999445994247976,0.565208663892715
no.net,0f8484947842b9fd,3,369,0.9991247664093524,0.606438433665453
no.net,139c5a541a937f9e,5,370,0.9950457350989101,0.5109426876989023
no.net,14604d436654a4d2,8,573,0.9983529098887404,0.4829354042314103
no.net,17cb82c61f94bb3e,9,409,0.9986432316102694,0.46792780551338825
no.net,17cda7f00e6c8c78,11,1049,0.9992615781630464,0.7067633913763866
no.net,1c0e485baefee508,5,407,0.9986890663250829,0.5889891714896474
no.net,213651e39061e83b,46,2124,0.9986748212730988,0.6844355664969238
no.net,29a9fc414e295834,2,178,0.9802062242826801,0.6451493520907098
no.net,29f8d1a14bdd7ff4,5,648,0.9988130068514552,0.6419278945753889
no.net,2ce9697d2b3256bb,6,661,0.9990891873579262,0.7648287860869682
no.net,417ce2bfbcd75f24,18,2258,0.9993621137566702,0.6987192228603207
no.net,42fd891c455a7dfd,10,553,0.9986466709572346,0.8212796413280679
no.net,4cb12c5e799ba57a,2,170,0.999079303788632,0.5935458491329904
no.net,527f10eb7c87f725,3,432,0.9997391860510143,0.39451791755790766
no.net,554bc9b116116a1e,9,617,0.9990591156683187,0.6415549686490658
no.net,594281d88e8715a8,8,597,0.9976263985641703,0.6896642442198041
no.net,5f0f5e7231081d0b,30,1369,0.9991055916364304,0.615219679646204
no.net,653405d5563e5847,5,546,0.9994394290519781,0.6023627139636764
no.net,66f12870ce3e3885,8,473,0.996891527700508,0.5550935480513385
no.net,6a74d9636a7f35d3,32,1675,0.9992692979326537,0.4700996521135281
no.net,7a6c35840d97b038,22,752,0.9978755604274757,0.6563624886544
no.net,80f2325acd68a0a5,4,233,0.9968363702360876,0.4889546366134369
no.net,86f9a2405b74fa8d,3,304,0.9980691343875748,0.7347318061894808
no.net,8dc0520af883f79b,11,473,0.9970468007023128,0.6187805100291901
no.net,91ed9a2dd549eec9,11,601,0.99902677528936,0.7127513717640066
no.net,a590c7360d9b5da3,11,532,0.9989004832715749,0.7147768311335967
no.net,a7fb2711dffcb789,7,418,0.9925412399332235,0.5718554617029676
no.net,b215d0fe464c8cb9,3,142,0.9957903071907621,0.7374245433435568
no.net,b40c50a253cd5b69,22,1075,0.9917047440499592,0.6990139386260859
no.net,b94d19b6ce93d965,12,368,0.9974855987550523,0.47162575434879933
no.net,bd8b523017a7f3fc,9,1030,0.9993355426739927,0.4016933950007804
no.net,c6f8337c4a425c4c,19,507,0.9966244872633021,0.466889493835289
no.net,c7a6ca9d2dcc02aa,8,555,0.998163265810839,0.6014773879922328
no.net,cc91b21876f4599b,3,289,0.9993498708526687,0.6236448837750596
no.net,d3cd2d34dd917d7d,9,558,0.9977983414246053,0.4982968416215108
no.net,d88d90e59d8be0d0,14,936,0.9983020782395606,0.7089498281549323
no.net,deff69340e425ccb,20,588,0.9967780938152345,0.3933865678490384
no.net,e3be09b66bad742e,13,345,0.9871944059948192,0.6895868122851906
no.net,ed634ca8e93596cd,18,838,0.9906108426326824,0.4895049654588708
no.news.diverse,052cb290ed3bc2a1,3,284,0.9980853512269192,0.5599149433728668
no.news.diverse,05f8be9768e9a7a4,44,2715,0.9983185853865398,0.6420384753506747
no.news.diverse,069ec2746f0915a6,3,261,0.9987661980161616,0.7720118256918994
no.news.diverse,0a0ff6e36e410614,3,296,0.9962603421222571,0.7069381584694127
no.news.diverse,0b8dbda321faf52d,21,1615,0.9987403634978878,0.5842335625197058
no.news.diverse,0cc8f35394c4d714,1,209,0.9992360398776013,0.6411054501053151
no.news.diverse,12f6ff9a05e00c83,1,10,0.8942591887836235,0.4206686073861991
no.news.diverse,1413005200b9c61a,6,654,0.9981701942485083,0.551553810761971
no.news.diverse,17daab5814cdbabd,10,322,0.9917588429285373,0.45681791405466327
no.news.diverse,203abd694f595f11,17,672,0.9962641668086876,0.5130998871176441
no.news.diverse,22025b89969b54f7,5,242,0.9552400266093319,0.6163048818713931
no.news.diverse,4c82c08ad7476730,29,1173,0.9958938956452664,0.7144931770670127
no.news.diverse,56d6b502eb0b1266,7,307,0.9950139130554625,0.6321615695865693
no.news.diverse,58a8b00e771af582,3,965,0.9996284658135441,0.540456613312228
no.news.diverse,66fc35f6c0b6871e,10,619,0.99825411383851,0.7651743339511665
no.news.diverse,6ba21d602eab37f1,66,3973,0.9981912549270792,0.5379835031281832
no.news.diverse,6f489423adb12539,5,561,0.992328122295163,0.7475947340773779
no.news.diverse,72842dfb24755fd2,2,243,0.9998014143539815,0.45741927736957677
no.news.diverse,752c4fe05c3d520f,23,1111,0.9963644011894156,0.45120498922078356
no.news.diverse,75d555404e9c4657,3,334,0.9997208797647975,0.7874863738614092
no.news.diverse,7739e2b10ef5f11a,9,786,0.9994702484722073,0.5028393669264767
no.news.diverse,7a31b74b6e29d643,8,588,0.9989090898138783,0.4612316973873756
no.news.diverse,807b813c45309601,23,1089,0.9963950227305235,0.7700346796782879
no.news.diverse,8138a188b28c3782,5,234,0.9940562545179077,0.4725600273049388
no.news.diverse,8ea59705b298dd4c,11,422,0.9929482381221081,0.5867927302482553
no.news.diverse,94c5e98a33abdbb3,15,567,0.9981966946078382,0.6064268088475699
no.news.diverse,957f7832a6050275,27,1516,0.9959959705267764,0.5403780071090586
no.news.diverse,96c42c7a6986b20b,5,460,0.9986168647607631,0.5077408619550007
no.news.diverse,a14c5c8c6c782ede,13,759,0.9977876213345979,0.5306615233474743
no.news.diverse,a6f756e2f2076a0f,13,536,0.9975458431128221,0.5890782090638018
no.news.diverse,b16a2ffaa09f1448,12,513,0.9884348009422593,0.6362224682979859
no.news.diverse,bef34d994d79dcd5,1,68,0.9971148690855626,0.8292056064251299
no.news.diverse,bf939d9f60e502cd,9,723,0.9975402643337655,0.6823950672727305
no.news.diverse,c034cfcd0634df9d,20,1579,0.9973269873128074,0.6190881859636842
no.news.diverse,c666a6b6abb37c79,3,411,0.9989376283888297,0.5522711600359693
no.news.diverse,d41dadc8164b85fd,3,176,0.9927320772373843,0.5720521108481139
no.news.diverse,db6ea1bc5f1d9115,17,851,0.9967328052945281,0.6007562287460111
no.news.diverse,e324553ac7aed8ec,6,319,0.982657579317594,0.6189594358309078
no.news.diverse,ecbc2755b0b68c33,20,671,0.989462135835524,0.7100657274248371
no.news.diverse,eed39bda7003cf2e,4,339,0.994435369092234,0.5919042529573506
no.news.diverse,f0f96d1db91af11a,10,1051,0.999122428109409,0.4666869730142279
no.news.diverse,ff9b03948cef02c6,7,408,0.998156038425128,0.4306687985718182
no.news.drift,01a15e5565847b9f,5,285,0.9993195812300077,0.5998286859392504
no.news.drift,05194bd83ffe247d,14,1719,0.9978071571959973,0.4481376720400415
no.news.drift,06417dbab3277ed5,13,488,0.9962986934248901,0.534011972942598
no.news.drift,12556729b129db4f,44,2029,0.9956975431418731,0.6334627702008422
no.news.drift,1d480c4a40ced645,7,2167,0.9961065693763987,0.4486326516553597
no.news.drift,1e979ae56cda3050,3,419,0.9998006413425422,0.7863810183964991
no.news.drift,2b74518c184e47b9,11,761,0.9969564439032417,0.6814082357551998
no.news.drift,2d1f201c39d80d54,6,513,0.9969076186545567,0.6249693119909058
no.news.drift,30656808410ace3c,5,367,0.9936017586172113,0.6030885740815268
no.news.drift,362ae2a914e5ba20,7,294,0.9976439442314928,0.6805129200455677
no.news.drift,375a52fbbab550f5,3,188,0.9978128148240837,0.49453695154974997
no.news.drift,399a536ece0031ae,9,307,0.9908405091389786,0.8275828755946875
no.news.drift,44cf08ccc3dffbc0,3,799,0.9965815772833212,0.6208787577561374
no.news.drift,466c24f46c341187,4,889,0.9974187846778438,0.6814013851161651
no.news.drift,4bddb0b0a3dac6d4,2,593,0.9995271587172807,0.5672204490673032
no.news.drift,4f60397d278ac374,3,326,0.9977950006870658,0.47149495039676004
no.news.drift,5913cdffcdcb099d,13,698,0.9978692582730516,0.826552423709363
no.news.drift,6999568be2a7e2e8,6,717,0.9988699132221108,0.5692229539265469
no.news.drift,6ef2c4d9a8aaf12c,16,848,0.990705867443563,0.643278468453659
no.news.drift,767f74b56babffbc,10,838,0.9991736388371243,0.4258999895780294
no.news.drift,7acb495df6f3cf9e,3,318,0.9978709361635191,0.6403801280110362
no.news.drift,7d7b31baa658ff17,7,526,0.9991913249025005,0.8033788778345644
no.news.drift,855ad0ec31c40ba5,3,329,0.9992632213609001,0.57471710850382
no.news.drift,88485cc022c28d50,4,199,0.9973902778687943,0.7357288382371308
no.news.drift,8a1a5fb79495f334,7,759,0.999369198369731,0.6297065239783421
no.news.drift,8bf2bf8dec3de1a5,1,206,0.9973267820725239,0.6386783770575175
no.news.drift,8f8f4681ff214c96,4,651,0.9990388313593406,0.7053503337866869
no.news.drift,8fcbd72415585d76,2,618,0.9995321842492462,0.6950047147503893
no.news.drift,902af0b3bb6f0187,15,786,0.9976348033272917,0.8319140858756904
no.news.drift,9c2dc91425a93619,7,397,0.9972392700585189,0.7116789971117548
no.news.drift,a25bc2e59e2ad6ef,4,228,0.9960630906709135,0.5036271228039845
no.news.drift,a9366e7c8492fc09,6,334,0.9968859757766131,0.5618832230261781
no.news.drift,a948cbea45ccb4f9,10,455,0.9953995560606411,0.6761857043027898
no.news.drift,ae01f850ba4dffa0,5,322,0.9993395341121921,0.6934916428305031
no.news.drift,ba6b18699e7fe748,8,489,0.9921364297576011,0.5646341064560493
no.news.drift,bc5d827436df06ea,6,515,0.9978685122870906,0.7620973634876193
no.news.drift,be2b05f9af05c13a,14,884,0.9956697595496398,0.5278145802345585
no.news.drift,bf34b86427888022,7,476,0.9977109288134824,0.5849122817656673
no.news.drift,c7e64064c2d82658,6,651,0.9978088800704374,0.5459863644550167
no.news.drift,d6e0970ad677107a,19,816,0.9923726309918489,0.6017956442621649
no.news.drift,e317f6dc4847e460,2,129,0.9973541208530274,0.6262902315084589
no.news.drift,f4b816df30710564,6,539,0.9961498084723663,0.7885682903102302
no.norsk,084252b9d7ec2868,3,238,0.9944225238943895,0.47775641236070515
no.norsk,0acdbd65e6d00757,6,377,0.9983517569420154,0.5410085118689852
no.norsk,1d78242279e161a3,59,3387,0.9990380136949697,0.7431317476016077
no.norsk,1edaae64a7400f4b,82,3744,0.9969482944043657,0.48663074574055887
no.norsk,1f0efc427cc3c632,9,637,0.9953790617227487,0.5934646575159297
no.norsk,211d5c025f1e62ff,6,179,0.9860633457453829,0.5735686212147013
no.norsk,27f29176d1eed711,6,574,0.9994635375827967,0.463935636942398
no.norsk,2aa1f10c6435e02a,28,1549,0.9973915101339483,0.539639190467552
no.norsk,4431c6b0bf2cc4c2,36,931,0.9754200360584566,0.6924465582506096
no.norsk,4935c33eb8a9ca4e,3,385,0.9928444919491359,0.5989878643957309
no.norsk,4f11c8e0f0909f97,23,1159,0.99753717381742,0.5958037861813991
no.norsk,57c8dcb1e1567f49,12,991,0.9958407629558621,0.5945495189379326
no.norsk,5805d4410a199f78,3,233,0.9827308920320752,0.7114243338977471
no.norsk,5b146d91aef3bc9d,14,412,0.9464787721050715,0.6098624869978837
no.norsk,5bd4b24cf5edc624,18,1041,0.9976865803462236,0.5462475794595909
no.norsk,5c61dee2258af2d8,6,491,0.9945919533891713,0.6567980893023581
no.norsk,61a7d26bc973f4ed,6,489,0.9972291621113993,0.7171959444632379
no.norsk,640c58150ea0b3f3,4,147,0.9600065574005251,0.5825911089428132
no.norsk,6b16d69943cf6503,2,432,0.9960435572949107,0.6552114505763728
no.norsk,7bb773c5c1ce5d64,2,414,0.999753966230134,0.7508185364269756
no.norsk,7c5a294871dd89f8,15,805,0.9963284418246978,0.4631339741408517
no.norsk,8398f57af52edeed,12,448,0.9813847895875601,0.4783620377127976
no.norsk,908d8175bd4e727d,4,317,0.998915977086039,0.6696880247077165
no.norsk,97ee78cf793fe48a,10,364,0.9924496025107687,0.5332750297364239
no.norsk,9c15f225c58e1a87,25,1391,0.9973284129610811,0.723175805133826
no.norsk,9edcfd2ae6d958db,10,941,0.9997643903745607,0.6043942257238841
no.norsk,9f95457eb6e1b423,31,2258,0.9949234408403657,0.564711478799525
no.norsk,9ffcd43d85aff80c,11,652,0.998284384803963,0.5739853101344039
no.norsk,a507484039434a4a,2,215,0.9982889407767316,0.6117925032981412
no.norsk,ac7522077b5b1ff8,22,1178,0.9963357678957124,0.5198031356550219
no.norsk,acaa067424dcf8e8,3,59,0.9689657289354829,0.6795343300244693
no.norsk,af2f75996a837bd9,20,1111,0.9980723125455304,0.7544232350302706
no.norsk,af6e566ebd8bf2ad,9,619,0.9984712786865194,0.46850463894661726
no.norsk,bdf4597c2dc1c14d,7,617,0.9896800472842702,0.6030451817852246
no.norsk,c4990dee0e1428ee,9,497,0.9782879727518883,0.5594302117013428
no.norsk,c5fca711ddf0fec0,5,689,0.9975948365054902,0.5492968461544055
no.norsk,cfeaee1b82046fd8,26,875,0.9929130807856448,0.6539443107368368
no.norsk,d28fc6d8bff15eb2,5,142,0.9781568701556052,0.735506678057859
no.norsk,d9586073aff02ccf,9,577,0.9987445737957048,0.5079999316022482
no.norsk,e74afd7a759a9341,7,329,0.9933015712457843,0.45999575428493644
no.norsk,e79173e92c1a36d6,37,1458,0.9965480143317722,0.4506418745859522
no.norsk,f7974f6624174feb,5,565,0.9991355353891958,0.610639937709759
no.norsk.fagord,0d0cfb4f708707e7,4,725,0.9988413822423026,0.6564429762417869
no.norsk.fagord,10fd0e95b3f23784,4,624,0.9996963939490439,0.49268022560423697
no.norsk.fagord,18ab3afeb4a27245,3,227,0.992860233785702,0.5440884966247942
no.norsk.fagord,193f221b2a42e43c,12,553,0.994998965732766,0.5000679733785627
no.norsk.fagord,1ebebca89a46309e,8,526,0.9987976701885185,0.5290326659848196
no.norsk.fagord,275835afe73eae86,10,661,0.9976092774721623,0.484470628665259
no.norsk.fagord,28bbe7204df37a29,5,453,0.9966364096963761,0.582801352996606
no.norsk.fagord,2c26867af6e9e402,11,1032,0.997796337034226,0.6022173616178468
no.norsk.fagord,2ca9f4ed009137a2,1,307,0.9996804889469055,0.686708470489938
no.norsk.fagord,360286c9418e8328,5,246,0.9979680388643015,0.46020367547426755
no.norsk.fagord,371bc7db65a14d04,2,340,0.9996704769252696,0.6358019241941497
no.norsk.fagord,46804aab0825a9a2,6,383,0.9981176143303164,0.5742943627435152
no.norsk.fagord,4988e2befa047fc4,9,561,0.9985358757171067,0.6169794292864068
no.norsk.fagord,4bc9b5ae81d89e50,1,210,0.9995791636055187,0.6787169814806304
no.norsk.fagord,4fa05e1b196cef64,24,1499,0.9967798695894998,0.4708912569175704
no.norsk.fagord,51394a58b7ac6ede,2,476,0.9994745152257897,0.38402489615997687
no.norsk.fagord,5f8367d51b5ac95e,4,1174,0.9994033677527602,0.5546643586829992
no.norsk.fagord,619b7a2e90c8ce43,5,581,0.9987499571479659,0.5973456757093583
no.norsk.fagord,626ed9fc4a622b33,5,432,0.9917129556967681,0.6551918473579477
no.norsk.fagord,6b297c1b42aaff21,4,364,0.9995640555033966,0.6076993231554745
no.norsk.fagord,80526e7e842e4650,2,502,0.9947651976495661,0.645987170605389
no.norsk.fagord,8162cea3ce305489,11,1276,0.999496792686761,0.5062054735761108
no.norsk.fagord,822cc6e37af8cc67,4,449,0.9837646540974967,0.5188359916262929
no.norsk.fagord,884f663a69f11360,7,288,0.993822594821494,0.5124248093326774
no.norsk.fagord,8a89ddf4ca608332,15,1600,0.9995138030281484,0.3941193559068697
no.norsk.fagord,97687680f37e5fc4,16,646,0.9938734939754914,0.5347719667929823
no.norsk.fagord,9d271de2c54da81e,30,1706,0.9972575378742511,0.5423170026307848
no.norsk.fagord,9fd92e09a70604bc,3,510,0.9992174306156358,0.5703545347973913
no.norsk.fagord,a7a86488c18ad1ea,11,543,0.9942706104308842,0.5662166845887631
no.norsk.fagord,a8d4d95722de5108,21,917,0.9967557585030514,0.4665554191417185
no.norsk.fagord,b38e9001bffde60b,2,250,0.9979262472092867,0.6141075182069897
no.norsk.fagord,bbda3005fd6b4719,2,201,0.9985514779615182,0.6428862396800028
no.norsk.fagord,bc1e7346fffcb51e,2,303,0.9957529449707926,0.7686064741708343
no.norsk.fagord,bcc6e6e0771768d8,2,180,0.9983800889538714,0.5289443672513757
no.norsk.fagord,bf6c8b94ce1443b6,54,2906,0.9980423450845987,0.4297137648682659
no.norsk.fagord,c7e967d971482423,26,918,0.9964295284808173,0.5047393743212715
no.norsk.fagord,d344ec2ad88c1cd8,12,528,0.9952751165081192,0.6281961379422545
no.norsk.fagord,d9753d629a9f6ecc,12,643,0.9943662907284756,0.4995575345625838
no.norsk.fagord,d97ae2ca3b98ebe3,6,372,0.9985770051505526,0.4004672264248418
no.norsk.fagord,e407532e4a8e02f2,1,280,0.9994937294942736,0.40715397996300906
no.norsk.fagord,f33549adba8395c9,6,633,0.9986845784636919,0.5872193319413465
no.norsk.fagord,f624ff0736d2fb24,6,423,0.9957235297702587,0.6339905589656689
no.norsk.fagord,fb0f1afafe40927b,6,339,0.9935757547471548,0.6263861053776586
no.nuug,015032a432a26fa2,13,993,0.9976842232179974,0.5194861437004421
no.nuug,02402a29278dd919,15,629,0.9939294956903614,0.8496345233624746
no.nuug,08a7f14c215f4085,2,65,0.9878578040926653,0.7189799835401326
no.nuug,101930625ad4ab8a,19,848,0.986645413247905,0.5538042346398092
no.nuug,1b8d24343f6a58e9,14,948,0.998902507254058,0.680398160569876
no.nuug,2030c1e00a8e2654,3,524,0.9993045857979751,0.6496214832074446
no.nuug,3861bbe17f34f569,8,381,0.998285817537657,0.3968810541600773
no.nuug,3d48bd71191635eb,11,1030,0.9989831843361914,0.7609947034405775
no.nuug,46226533cbb3d497,31,1341,0.9969046279702858,0.4656883113375845
no.nuug,479f14ebb38e5fbe,7,319,0.9984788157691984,0.4778584105438306
no.nuug,51b510e80f326965,3,316,0.9979827561794733,0.48541181740110984
no.nuug,56003fbcc4a6c06e,12,578,0.996931214782273,0.46655613711316973
no.nuug,591a0b2193b23b4e,15,618,0.9991636772448411,0.4857877517725223
no.nuug,624be8dd39b5aa3b,18,985,0.9971245534531125,0.4352471624627336
no.nuug,6cceea13ea802dfb,1,248,0.9916309140226707,0.6680060298791217
no.nuug,74dc6c3e6de7e8d5,3,329,0.9765553435508308,0.6355156208996692
no.nuug,7a363f205b7dac34,2,97,0.9774340401297981,0.8052493096396267
no.nuug,9945992975bd2875,14,672,0.9811720076024809,0.6725949150272703
no.nuug,a34c82e5c0c551be,7,395,0.9969238614928039,0.7675857846131224
no.nuug,a41269a317094305,124,7253,0.9978395350108465,0.6463917883617792
no.nuug,a7468e7be23db137,71,2769,0.9986557840548836,0.4465120217519148
no.nuug,aa26b2254ae72833,5,551,0.9965715487535655,0.49964979801669435
no.nuug,bada3a3429520083,1,209,0.9924228574734939,0.5400450544740705
no.nuug,c4ba203550aba8ea,9,664,0.9989737004417505,0.55367372621919
no.nuug,c5f551bd073f4c56,14,538,0.9838577719883125,0.4540804793415098
no.nuug,d69b011d667fb570,3,167,0.9976676641153709,0.5716786360697054
no.nuug,dc5a98c3bd542131,29,1155,0.9962566758766729,0.5901958099701643
no.nuug,dfc0a9b5841b4d66,7,637,0.9960081789683339,0.5291290848840933
no.nuug,e1063648cc9e7a80,1,145,0.9998565268366987,0.371436934926638
no.nuug,fbdbcbb623e74c13,14,888,0.9943343262323366,0.4934951241402965
no.nuug,fea1ccef5ea47084,4,455,0.998532718579667,0.6202542099059144
no.org.dnd,0f6577d66951e664,2,169,0.9989450115904654,0.7069207284941545
no.org.dnd,430515aec83235ff,2,131,0.9960195838690221,0.7485019345542179
no.org.dnd,74204439ccc87ea6,1,789,0.9998530008167825,0.4724792201119123
no.org.dnd,82c6861f32ac8467,2,3164,0.9999037168481634,0.5188204700035278
no.org.dnd,bb300ded89b648f1,6,428,0.9956938358909846,0.5638296675565193
no.org.dnd,c85eea48bc673aec,1,739,0.9998969987551501,0.46526980303920207
no.org.dnd,d29599dc22e40708,13,975,0.9972012350905899,0.7470485406847893
no.org.dnd,e06d07161b77d381,1,2503,0.9999688809674201,0.43977076660539055
no.org.efn.diskusjon,0439b961c517dc0e,7,404,0.9979628900439116,0.5208717101548983
no.org.efn.diskusjon,0daad1b2cd1deef2,33,1675,0.9975061774357383,0.5144382551702718
no.org.efn.diskusjon,1a95a770692a24ba,4,439,0.9994361961259428,0.725595148061907
no.org.efn.diskusjon,1ab6ff1dbfbd91cc,5,610,0.9988888051235073,0.5729108886706055
no.org.efn.diskusjon,1ef2cc5bc256eb29,8,743,0.9995237570475738,0.6228893332521385
no.org.efn.diskusjon,27e24aaac35596fb,58,2955,0.994956638322368,0.6548337167213502
no.org.efn.diskusjon,3830d3c4f48023e6,7,553,0.9986571618107591,0.42933467954231824
no.org.efn.diskusjon,434d8a661bfaeac1,15,850,0.9958525197171162,0.5098909480270929
no.org.efn.diskusjon,4378d21a9f6a13df,14,1086,0.9980601012951656,0.5362020277565641
no.org.efn.diskusjon,4b7920c7482f27cc,22,1182,0.9969839351897058,0.5442723996735845
no.org.efn.diskusjon,4f5c37518c67e018,5,379,0.9985715121074635,0.7641614725457411
no.org.efn.diskusjon,50084c2493b13a8e,1,647,0.9998307248149947,0.37658877303732463
no.org.efn.diskusjon,5d57fa8d28912b4a,129,7058,0.998173584906582,0.5494410035577679
no.org.efn.diskusjon,5ebb8744dace6ad8,42,1699,0.997607610796113,0.7403355400118866
no.org.efn.diskusjon,63b47192dd860a71,156,7440,0.9958570782589461,0.49702512741000937
no.org.efn.diskusjon,63be562d1d64ec2b,5,562,0.9920414856315417,0.551937284030681
no.org.efn.diskusjon,68210c4b17729aa6,6,426,0.9990377842254146,0.612480156746064
no.org.efn.diskusjon,69b29150f2d80dff,9,722,0.9992431544856509,0.6069845311397668
no.org.efn.diskusjon,6aa31a04fb048e02,13,891,0.998542100978268,0.5567669365567331
no.org.efn.diskusjon,7e107447d83754b6,14,1266,0.996848581040856,0.47120259692821104
no.org.efn.diskusjon,82c15d86acfc2f10,32,2880,0.998414377677497,0.681451257155878
no.org.efn.diskusjon,83d412c0c1a17f98,91,4357,0.9972159651573019,0.4482023161340229
no.org.efn.diskusjon,886a3178aa0988cf,19,1796,0.9994278427015034,0.6283229090987729
no.org.efn.diskusjon,8abd0a0174adc770,10,1044,0.998997046751061,0.4768690259026127
no.org.efn.diskusjon,ae709465069ee342,36,1624,0.9979352165575198,0.5180936619335942
no.org.efn.diskusjon,af6057607e86276b,3,663,0.9988275459293613,0.70949217758498
no.org.efn.diskusjon,b423ee91a3046843,71,4219,0.9994925982625915,0.4270912639358392
no.org.efn.diskusjon,bee2947f976b8dde,82,3828,0.9984524334043524,0.5851416030185012
no.org.efn.diskusjon,bf55faea7bf1496f,1,381,0.9997543114225897,0.6719632009720651
no.org.efn.diskusjon,c0bdf77a6875ae76,57,3003,0.9961288703814986,0.3997300150544889
no.org.efn.diskusjon,cad812007403f2a7,39,2349,0.9988778233167009,0.5482143596562002
no.org.efn.diskusjon,cf7aaf4bef6e6481,8,713,0.9960894088167612,0.7948884339541646
no.org.efn.diskusjon,d0285d855b8e74ff,5,582,0.9980650778586534,0.4615661338129254
no.org.efn.diskusjon,d3112c8d4a1d905e,9,737,0.9966672389869137,0.44611351608971284
no.org.efn.diskusjon,d7c1f3f1cff89cc0,32,1320,0.9983071560324328,0.6885825809346757
no.org.efn.diskusjon,da9a79c6ff7f2a6c,24,1419,0.9991474054959039,0.5369763945705491
no.org.efn.diskusjon,e5dcb50682b73a06,2,719,0.9998792287332139,0.7638307953877697
no.org.efn.diskusjon,f04c624959068cf2,13,651,0.9863731459649882,0.663578005914148
no.org.efn.diskusjon,f1da465c6eb60f80,18,2140,0.9977329670345918,0.6453408136396683
no.org.efn.diskusjon,f9468d9fa14ec30a,16,957,0.9990893419746587,0.8605010438353848
no.org.efn.diskusjon,fe1557540ac7da31,56,3184,0.9984740147110459,0.5562681537771442
no.org.efn.diskusjon,fe732908067be65f,36,1949,0.9987814277587483,0.6096330866410012
no.org.isoc-no,001de21292a7fcca,5,512,0.9997566652414186,0.5200261118812746
no.org.isoc-no,0649d2252310ecb7,24,1000,0.9982375935352019,0.46442215313404395
no.org.isoc-no,0694015015e26439,6,455,0.9992586389953388,0.5714687126844767
no.org.isoc-no,0e3ac6b4ea58a5b1,17,1015,0.9972219244357284,0.8635461247974585
no.org.isoc-no,1989ec01151c2e2e,4,332,0.9968596084201624,0.5427521871395389
no.org.isoc-no,1cd8f999c1fb4936,43,2572,0.9988361847437321,0.8759431163508856
no.org.isoc-no,373eec11eeb8101e,2,123,0.9981254947772608,0.7303468385154657
no.org.isoc-no,429d9c3c38a827aa,16,1272,0.99895527596732,0.5673587290761504
no.org.isoc-no,4afdf63415234e96,1,117,0.98483695147723,0.6495860427574462
no.org.isoc-no,4b2a9e7b40100d6b,18,3003,0.9997836244000841,0.4364097597535709
no.org.isoc-no,5d7b6ddda6de6c02,14,858,0.9970208219357172,0.6839536964094485
no.org.isoc-no,5f6ef0b566c90630,63,2731,0.9987780162628074,0.9050077503819353
no.org.isoc-no,5f6fa5e78d98ed91,56,2914,0.9992391747324817,0.5743525953979813
no.org.isoc-no,6441f0955ff0b751,16,1019,0.9991877802834029,0.4659728714123985
no.org.isoc-no,739eea15b09af221,80,3982,0.9990490520188102,0.5035112763066552
no.org.isoc-no,752b217b03db3cb6,23,1179,0.9979286688262943,0.7996010590798558
no.org.isoc-no,791f8e85033652ae,216,11461,0.9984731514772146,0.5766786978411993
no.org.isoc-no,7d8cc7ac264c5d02,22,1124,0.9985252757768934,0.554405746351358
no.org.isoc-no,7ef5459493579c53,68,4201,0.9993700324389018,0.3881467518527404
no.org.isoc-no,7fb0ea599b52bda1,125,6155,0.9989943736856476,0.6860366327817148
no.org.isoc-no,93dc8f8ec68806b9,30,2089,0.9984415834760003,0.6602782785998863
no.org.isoc-no,97c28970d67fe5b6,31,1408,0.9989445596607847,0.4226277445053859
no.org.isoc-no,9b4b063afe5bad17,8,403,0.9976278966952007,0.6135436155300976
no.org.isoc-no,b7d703217e0eb9bf,95,5371,0.9972798541823598,0.5340282696377622
no.org.isoc-no,b9231a84e755237d,18,663,0.9960281024742852,0.5217079113327241
no.org.isoc-no,bc339405d8e5b860,33,1616,0.9986932844623286,0.6215872371535524
no.org.isoc-no,bcf1a8398bdddc04,3,5023,0.999915099586187,0.35716200279969273
no.org.isoc-no,c0b2542b0ef87a9f,96,4327,0.9984021805326878,0.5169540268526863
no.org.isoc-no,ce16a603e52d6381,16,555,0.9958535099446492,0.6657716528967138
no.org.isoc-no,dc069925374ef04a,24,1315,0.9994226810734396,0.5433574168960986
no.org.isoc-no,e97ffaeb43d5696f,20,1103,0.9993365550830401,0.6779272126283908
no.org.isoc-no,f03015882b2a04b7,176,7736,0.9980503314511259,0.5450314310095962
no.org.isoc-no,f552e3b922777467,20,996,0.9979354794663909,0.6920039243705828
no.org.nobug.diverse,011985738c4410f5,3,430,0.9992694917801284,0.5819573838423457
no.org.nobug.diverse,1fe5a40463782791,7,641,0.998380684721422,0.42038652799538356
no.org.nobug.diverse,201fbb1966e5701b,10,538,0.9955647633411343,0.6808861483753924
no.org.nobug.diverse,2275b17fba070e23,3,206,0.9943229278410878,0.5701759678388147
no.org.nobug.diverse,2355471d7306405c,2,44,0.9874268027128834,0.45926600356661074
no.org.nobug.diverse,25a75cb19e859847,6,610,0.9991945319201986,0.4111591074974091
no.org.nobug.diverse,322cdbb4d1d5cb62,42,2959,0.9991454321540438,0.38875101852242266
no.org.nobug.diverse,3abb4576f0946f76,5,482,0.99692254970413,0.6233030279149281
no.org.nobug.diverse,4174578366f9edd7,5,508,0.9988951359647464,0.7130254182517816
no.org.nobug.diverse,41bb494f10abcd23,8,634,0.9960437808203684,0.5857973162793711
no.org.nobug.diverse,433f2d321b44b66b,3,180,0.994015102212812,0.5494509155115204
no.org.nobug.diverse,5127c1ed42118b3f,5,698,0.9990467165525643,0.47556350868693276
no.org.nobug.diverse,5345d662a2c026b2,5,498,0.9992944919561805,0.45054171288445827
no.org.nobug.diverse,54142e7212cc5877,7,281,0.9967327592575385,0.6564001516774316
no.org.nobug.diverse,5b50eadb5cd11804,4,127,0.9970506083367283,0.5544312667200876
no.org.nobug.diverse,5bc208a5efeab274,22,1171,0.9993495603080081,0.34693089777252656
no.org.nobug.diverse,5eb842d2ebfa7c9e,31,939,0.9927903466841002,0.6907474358887706
no.org.nobug.diverse,602dcacce356e6f7,5,453,0.9982332992865903,0.682516672882234
no.org.nobug.diverse,62bccd5bb92088a4,39,2477,0.9992777299230151,0.39389640836943385
no.org.nobug.diverse,6a9ef2dee7c7de47,4,362,0.9965323605609945,0.6368541986483705
no.org.nobug.diverse,780ebbe95dab97be,18,818,0.9991898860568557,0.38120961158690286
no.org.nobug.diverse,85206373da2f6a74,24,1073,0.9977252389140739,0.5517762468264955
no.org.nobug.diverse,8dab7e3992bfaa37,20,827,0.9963421821795294,0.6060121180004738
no.org.nobug.diverse,99c9f72ec6416a0f,11,1008,0.9981802283073814,0.6815305678817526
no.org.nobug.diverse,9ae75396a393b934,2,238,0.9995070380200596,0.4457533834357657
no.org.nobug.diverse,9d36a21f74260d0c,3,210,0.9946980920994968,0.5974241290122202
no.org.nobug.diverse,9f2179b80ab3d31e,11,537,0.9973146357240863,0.603118435832937
no.org.nobug.diverse,a3f2348fa444e94a,4,284,0.9990752786946768,0.6732606396190961
no.org.nobug.diverse,a91abbc69d7e0e31,21,1111,0.9968798544655657,0.4394052921493534
no.org.nobug.diverse,ade08fa3e2679207,2,362,0.9997042395136215,0.635255594967321
no.org.nobug.diverse,b03d6e20ee3a8aec,4,530,0.9993103077481088,0.7088893919164685
no.org.nobug.diverse,b638746e120963b8,3,327,0.9963472171149267,0.6751639800631063
no.org.nobug.diverse,cdec0158bf5c9905,1,61,0.9972561953982026,0.3477194133031983
no.org.nobug.diverse,cede831c4a364b7f,1,70,0.9382993022773476,0.4819540554844124
no.org.nobug.diverse,d05baafd686a4b53,3,470,0.9970004153394403,0.7824980669841354
no.org.nobug.diverse,d25fa557a1f4c20c,6,525,0.9995423139851646,0.5695100627205403
no.org.nobug.diverse,d2a70473245386b9,8,416,0.9979176177238985,0.4380272341524498
no.org.nobug.diverse,d75700655055dbaf,3,109,0.9959454485262665,0.6139136318399454
no.org.nobug.diverse,d8824ccde9c72c96,9,894,0.99900913953535,0.41481782251838506
no.org.nobug.diverse,dabb398fa36c78a3,5,256,0.9989302185343498,0.7397784171900649
no.org.nobug.diverse,e247e116edeabf3b,8,622,0.9995319800982333,0.4929310501443812
no.org.nobug.diverse,fbac64fdb51e1f86,4,362,0.996968605535868,0.5886621713678594
no.pc,157e24f95ee8ef24,10,739,0.9991654050010613,0.6386669157240894
no.pc,17b2f76d7683e104,7,410,0.9989000536018533,0.6821311037741732
no.pc,19adcd16d58b667e,8,378,0.998581196422703,0.6545408707482936
no.pc,1bad0c2077b9fecb,5,538,0.9993446361843872,0.4583981458378728
no.pc,1cb42454b6bb2f52,7,420,0.9991146932399033,0.40241799984426996
no.pc,26c8bb8d61bbbc9b,5,471,0.9994764498622655,0.43435750409609536
no.pc,2e638cca51e591ad,5,299,0.9991895499612241,0.5455325140603585
no.pc,350839f18afb7b56,12,1280,0.9997396018298413,0.5660848031183598
no.pc,3f74e4a9a2df7f47,7,1148,0.9989518920119612,0.46724580197303905
no.pc,494e1e8066e6a3d3,7,476,0.9978626464371244,0.6923466055399704
no.pc,4e173e37276cc660,14,650,0.9985452520866981,0.476327545573345
no.pc,52e1b72606acd235,9,392,0.996639364158751,0.4329589129136764
no.pc,579ae0f49453ea05,2,2572,0.9998187389955727,0.5292532520498446
no.pc,61d20319cf5bf459,10,603,0.9990534843606393,0.4750917990438734
no.pc,662ad60c762e124b,9,386,0.9956203962672698,0.7651229322856339
no.pc,68e514b7d5311fdc,3,730,0.9997413659044455,0.5065483211416403
no.pc,69c119917fcfb51f,30,1395,0.9994282537927613,0.7675805772687794
no.pc,72d8bf54f2d12ccb,7,858,0.9949397634112426,0.5835957620533628
no.pc,82dccde4536e279f,4,372,0.9988261437845546,0.7254167202059294
no.pc,8a1c8dcf283f2499,12,376,0.9984770254600345,0.5987933409076573
no.pc,8c76c4062bcf7eea,16,692,0.9987921775698255,0.4087908357542188
no.pc,a14ea580912b7a3a,3,455,0.999378450279408,0.5354708858814251
no.pc,a4b90c8bf1cb8705,12,833,0.999164083155052,0.4774680850680908
no.pc,a679ef099cf27a3b,1,92,0.9974745303351885,0.49952268861207466
no.pc,b2ce24c74dcb1673,3,227,0.9979935853420392,0.7827068153725577
no.pc,b4d59ff6169be5b8,6,376,0.9987160473634545,0.7404625115783713
no.pc,b50ff14a8335390c,7,388,0.9984416190732014,0.6296499401008324
no.pc,b6ec02f8cb379f40,7,705,0.9990697901940936,0.6783742906955424
no.pc,b843a9d963c398a1,11,685,0.9986001629497833,0.7412405860506861
no.pc,bad9fb1a44037f66,1,304,0.9998842156132228,0.46048797765184807
no.pc,c19021da75313d86,9,843,0.9994843578959871,0.49627584931773716
no.pc,c4464b06a0234c3d,8,420,0.9984233598019255,0.6117608569735139
no.pc,cb22c48d40a5e238,33,2660,0.9988724555341743,0.6708047173652993
no.pc,ccb4379d26db4207,4,434,0.9995011098340857,0.6761582233334187
no.pc,cd7497545b35b89a,12,1206,0.9981979884988794,0.3465006459572092
no.pc,d084f42c54ae5898,11,472,0.9977999402849738,0.4535135880693715
no.pc,d793389e31631f7c,4,313,0.9982298875314644,0.40954685277762587
no.pc,db44700e999c1d5d,7,287,0.9988583741133245,0.506056018623164
no.pc,dc74c1d6f3b80cef,6,366,0.9976234096676461,0.7463225690640114
no.pc,e03e0fe981563c4e,9,647,0.9975252348636442,0.650685221691868
no.pc,e9acd47a7657a988,1,382,0.9999915051791183,0.4161226735407834
no.pc,f3cad7010e8909b9,4,382,0.9975230393315643,0.5147133164833054
no.perl,02e8f0bd7090f54e,3,97,0.9935389878450994,0.5178097710809765
no.perl,037cfeb94eec85e2,1,193,0.9998709683317741,0.43221169979657975
no.perl,0b2a695aeaede18d,3,354,0.9975390179475503,0.398896989619915
no.perl,0e39c45eb57d8cf5,8,477,0.9995627540697853,0.3720418225429123
no.perl,10e09c82b04fc502,5,1281,0.9995622718465196,0.42189554610322566
no.perl,130b82d8c06e1abd,11,403,0.9982417836010204,0.43570983070966335
no.perl,18332baf07a48993,20,822,0.9953742249765034,0.6981379383789414
no.perl,2bf0eeeab7cbd5ff,3,316,0.9955804862063626,0.7727816705029035
no.perl,2ea409566d61386c,16,526,0.99450521825657,0.5376728363307028
no.perl,3127168679462acf,5,488,0.9975731789904292,0.4635483864499231
no.perl,341018bceb584076,4,580,0.9995697071805183,0.39386432271998933
no.perl,3c6722f5b932291d,2,534,0.997955291734845,0.687332138612627
no.perl,423adbaa5702de6e,12,1137,0.9993708465967891,0.5119108514285615
no.perl,432ea49c4ccf8b35,2,182,0.9970921623066751,0.6984013643620707
no.perl,43a153904cf1c416,18,1003,0.9941150811262465,0.4909822342812446
no.perl,4ad1b5bf62e6a3f4,6,269,0.9782162108071103,0.5744960461826965
no.perl,4f23b472a375fdb3,11,834,0.9995826593377759,0.5144399414520406
no.perl,520d44e4ab2c2bf3,3,289,0.9968928243413476,0.5550834078273137
no.perl,52979a5ae00d61db,7,543,0.997977325220319,0.7307466703017725
no.perl,52a9ba7e7c50d451,11,275,0.9970980387137879,0.48287738256778034
no.perl,52af68335cf56f13,2,84,0.9985523900089387,0.740071349719352
no.perl,54402d3a9528dbb9,34,2318,0.9997109179167607,0.46280662507791676
no.perl,563d19f37eed9f63,13,826,0.9984442066573878,0.4454025349733494
no.perl,57b24edfc1010f49,6,676,0.999188560125208,0.7079423277977713
no.perl,5d4ab3bde778b9da,11,799,0.9973273259266996,0.531075676334927
no.perl,5dd80eb32f6a444a,10,622,0.9987866208332549,0.5217311759653183
no.perl,667ca6f376065d20,17,889,0.9980512685440808,0.5333185726863271
no.perl,81b82605390b3083,5,994,0.9993456262163866,0.5939501075917625
no.perl,90ddf4291945a27a,6,566,0.9980296418558687,0.641781401144143
no.perl,935b70e0fcb7ef9c,24,964,0.9922719975476195,0.7130933977341871
no.perl,988b4f1ef2622222,7,843,0.9994872128774103,0.4162202192285029
no.perl,a7672607b740ab20,7,520,0.9959709216674981,0.6777642086837451
no.perl,bec47cb6dec66128,7,337,0.9946150033643265,0.5678243377750745
no.perl,c5e20bd4a741991a,7,226,0.9795899946714226,0.3781751220234801
no.perl,c66cc8a76d56f206,13,1005,0.9991916684327703,0.6327344442344492
no.perl,cd78fe38ba6aa347,6,674,0.9990111039358603,0.5000908199839428
no.perl,e5dc2bb24b4fd381,1,332,0.9970581797626809,0.5109954768603245
no.perl,ec524e690e9cb5ba,5,711,0.9992981736016747,0.9257247530910669
no.perl,f2cad927cb5c8ddb,18,1413,0.9991840216833278,0.442051887122448
no.perl,f8e62a49320ccfc8,6,385,0.9891534452478281,0.43628998844679534
no.perl,fa60326d9f0c8a0d,9,2612,0.9996602369812398,0.39880336594736926
no.perl,fd2fa8ddbed85724,4,182,0.9950359079796731,0.3628549254260142
no.prat.aksjer,030f93fa55eb036c,16,624,0.9984930767580675,0.4935473254160713
no.prat.aksjer,03205f7f73d9f7c4,7,675,0.9990813923154762,0.42545009593065564
no.prat.aksjer,0741ce07a6fb3818,5,336,0.9963552621007306,0.4104324418735703
no.prat.aksjer,07e7d47f06787a2b,49,3399,0.9938516035294461,0.5261927079880746
no.prat.aksjer,09831bff2bb10525,14,908,0.9981040366027568,0.5450748106967707
no.prat.aksjer,10577f53a97bbd57,1,360,0.998775097385592,0.5413521461415359
no.prat.aksjer,1160fc8c2fa86dea,19,791,0.9954977191967382,0.418878471287841
no.prat.aksjer,130ed8f8ff5c01c1,3,93,0.9966961526653695,0.3743922771135391
no.prat.aksjer,143e94fb3a6c778b,5,235,0.9978394270420023,0.43551743387845204
no.prat.aksjer,169be59ca654f7aa,16,1048,0.9942742732142708,0.5035087528890039
no.prat.aksjer,185a380f807c351a,2,124,0.9906483609677587,0.5798761163744437
no.prat.aksjer,27522bf4a94bcff8,1,177,0.9994657662210259,0.3658477386146331
no.prat.aksjer,284c38833d3ccfd8,25,744,0.9969391810579987,0.5341982429603964
no.prat.aksjer,3146677637ef8954,6,543,0.9944706740692194,0.4419878898237773
no.prat.aksjer,3239b8ce8afad8ff,22,705,0.9934495606851836,0.45758879098133665
no.prat.aksjer,335bbc88ee2c2264,22,1179,0.998524925460387,0.3273187006856744
no.prat.aksjer,398267a99bb69e97,4,225,0.9989452794041981,0.49794495172483483
no.prat.aksjer,3e26c7d9ab609d2b,9,355,0.9975176708377185,0.5096204622610594
no.prat.aksjer,3f7ddd97e1559c68,31,1056,0.9990008422526259,0.5363490445127862
no.prat.aksjer,48628ebec89d28ac,6,321,0.9953705307758197,0.5011046056997297
no.prat.aksjer,4a6734810dc0cec0,17,765,0.9967983722736042,0.6349174147040205
no.prat.aksjer,4f72817981b2dae9,6,237,0.9697973036228059,0.5091500040565065
no.prat.aksjer,5a0c0fbaf567a492,1,712,0.9991715447180829,0.5457763462224055
no.prat.aksjer,5c38d2c9371a463f,4,149,0.9892231797558392,0.3161909611557629
no.prat.aksjer,6c62464cf9de859b,15,1297,0.9983180531111118,0.5892485059011976
no.prat.aksjer,6faf3cc50080e00d,22,776,0.9987655028730895,0.4181909356454107
no.prat.aksjer,7a4fd74ee285cf57,8,242,0.9958908385809102,0.5412823597749346
no.prat.aksjer,81822c9b51d76957,21,933,0.9967892388408138,0.5503176782285701
no.prat.aksjer,88dfa4c32c5f2f1a,33,772,0.9750545412706244,0.4912151483469288
no.prat.aksjer,a544bbf75d8624a8,7,268,0.9994990919028487,0.44129665329419543
no.prat.aksjer,a644a0c913843408,8,319,0.9695414672951121,0.5238742680981929
no.prat.aksjer,ada7f9b7e0f32c36,12,667,0.9992566422701493,0.47727160853440204
no.prat.aksjer,b3db6c6e7895553a,3,390,0.9959345785663509,0.48801255280991657
no.prat.aksjer,b845e7f755b7925a,8,424,0.9978967987855356,0.4341516925101922
no.prat.aksjer,bd36baefb1c989fb,2,224,0.9995385114376776,0.4608011763452504
no.prat.aksjer,c2cfd5a6cdbe91a8,12,637,0.997408964913786,0.48962605230906525
no.prat.aksjer,cba753ef70bd1e68,3,246,0.9908527973218088,0.6316434878113067
no.prat.aksjer,ce63ad390d26f48c,3,278,0.993036424567396,0.5296240031346856
no.prat.aksjer,d5c05583dc1d09ce,22,1019,0.9976118981504567,0.4258133335846341
no.prat.aksjer,f0b582fb1b4defbf,7,482,0.998248790261264,0.48200696351080546
no.prat.aksjer,f425d5c34d6beab9,3,121,0.9980889308118901,0.6353949808109809
no.prat.aksjer,f671eab266326624,17,930,0.999566353745882,0.48718334357155324
no.prat.narkotika,0933dd6499220fd9,35,2316,0.9996266748156394,0.4316415635261243
no.prat.narkotika,0a98d4f63c0950fe,24,1634,0.997302989466924,0.5918097666318787
no.prat.narkotika,1357b9383aa46719,18,1723,0.9992568627367288,0.4307855806750343
no.prat.narkotika,17b8eb103c12dd30,7,504,0.9941920209422714,0.660204962159062
no.prat.narkotika,1b7757924807bd41,14,536,0.9955145314492367,0.4098448651418582
no.prat.narkotika,1dd5fc8618e00e3d,62,3320,0.9976937920717086,0.4776936413762139
no.prat.narkotika,28b64716d011c1b1,1,5872,0.9957111279634656,0.40426529619337187
no.prat.narkotika,2a8e7942b1bfe3c3,26,1277,0.9984283862779836,0.3936228419956153
no.prat.narkotika,3e18751e6c78ce47,6,691,0.9997201541360584,0.3506305433989391
no.prat.narkotika,484f368e3baea767,30,1442,0.9992369660905183,0.4210219785831621
no.prat.narkotika,48fe867cd361104b,11,691,0.9988229986871738,0.5450763646467451
no.prat.narkotika,4c5f3ddfd002294b,46,1888,0.9990603654780382,0.48232346849129437
no.prat.narkotika,4da92c23a1eb7f4a,38,1503,0.9960934083705979,0.3667426819002112
no.prat.narkotika,4daeab9e631c6f25,6,435,0.9915187981810869,0.45478016955775713
no.prat.narkotika,58da8f8fc25acaab,4,901,0.9998414684441828,0.46410796516120295
no.prat.narkotika,60a92250cf9e0375,27,1610,0.9993068596079313,0.4860196654233429
no.prat.narkotika,6e647a14f1765438,33,1657,0.9965860712644772,0.4014632729368402
no.prat.narkotika,777ac6819278bcea,7,649,0.998511877158171,0.4839779893608379
no.prat.narkotika,7d18e8c13a194a39,34,2139,0.9987871757976509,0.4018035078140667
no.prat.narkotika,852ae07130e5cd1c,48,2186,0.9990323469008656,0.3572015170186532
no.prat.narkotika,89d781740ec36c40,20,761,0.9979190930075993,0.46750095315551404
no.prat.narkotika,8b340db91b3caf21,2,1205,0.999957031697395,0.40235184952913305
no.prat.narkotika,8b552a82552ddcd2,9,754,0.9984023257104665,0.4346441561094927
no.prat.narkotika,8d3da6cace25978a,4,438,0.9974275905520475,0.5621026256872615
no.prat.narkotika,94ce6d9ba5bade9e,17,1274,0.9988012963542835,0.5135896636360793
no.prat.narkotika,9d8cf1eb7e990fd0,7,339,0.9957631330919087,0.3973494779158851
no.prat.narkotika,a2de68acf48b706a,1,173,0.9997233345579808,0.563735930960996
no.prat.narkotika,a44f75e48317422c,11,790,0.9985451730149156,0.4325578777340603
no.prat.narkotika,a603971c4369fa1f,25,1849,0.9995070810450905,0.5842061215551562
no.prat.narkotika,abcb93056fe46fd3,7,633,0.9991794056385391,0.3984916128055619
no.prat.narkotika,b011bdaadd54229d,6,866,0.9995094633079687,0.5197586303242728
no.prat.narkotika,b400a02c52d932c1,5,238,0.9980861225813508,0.6779153814956528
no.prat.narkotika,b6d344a8c1363dc4,7,581,0.9986572255563352,0.5896921489987371
no.prat.narkotika,b9f48f99d6db59e1,5,520,0.9952934537863983,0.5137943872881149
no.prat.narkotika,c684e5491afbacba,2,1899,0.999687115434092,0.6082351991377477
no.prat.narkotika,d2298480565754d5,40,2413,0.9988193611490397,0.5374056127012884
no.prat.narkotika,d2b76d1a9ee92d50,74,3562,0.9970714475826087,0.4007990984976024
no.prat.narkotika,d57e8ae624bc6e56,166,9271,0.9954882698946126,0.36790757579908684
no.prat.narkotika,e4f69ab072958312,3,603,0.9949718880140359,0.49377700843132566
no.prat.narkotika,e7ccf0cde21d2435,17,765,0.9981817419857594,0.5103250445670059
no.prat.narkotika,f57e9ca319df083d,200,10554,0.9976777787836476,0.4249583268714909
no.prat.narkotika,fc52d8d60c4594b7,37,1518,0.9985686270290005,0.5282669370866678
no.prat.narkotika,ff44e3038a5f94fb,14,830,0.9976879171960125,0.5057876890905814
no.prat.politikk,045cc123adea48e8,17,651,0.9878956175511066,0.4686419578801511
no.prat.politikk,05288922c49a13f4,15,595,0.9315680337281811,0.4673237834388917
no.prat.politikk,2c0c371f3476fbc4,7,759,0.9884072331133189,0.6384293971688478
no.prat.politikk,2d66a915c831a0b4,23,1256,0.9956280983632212,0.4635828341092353
no.prat.politikk,343b8275f23cc210,39,1646,0.9916966235018084,0.5548202075963085
no.prat.politikk,34d68d8bdd45c4ae,20,1085,0.9884464179544691,0.4754491197004635
no.prat.politikk,357a7f35abb7ad1f,29,1305,0.9924880006982209,0.5966108957684445
no.prat.politikk,385957a3ce3840b2,3,338,0.9959837498396807,0.6650185769408785
no.prat.politikk,38cee895a6e6077e,1,174,0.9909138348811659,0.5088266357885624
no.prat.politikk,3ce3e86c33bed452,41,2287,0.996781858250587,0.6254273224089306
no.prat.politikk,3d441ea20016b746,10,562,0.9955673221619928,0.42293839373873265
no.prat.politikk,3d56f035ae0c7686,63,1968,0.9950786303979404,0.5663306254464932
no.prat.politikk,40cc61fcb0d44935,17,573,0.9928378260828667,0.4461534653124772
no.prat.politikk,442e3cb050118b02,10,477,0.9893900063769128,0.5836059945614648
no.prat.politikk,4a441ba89602ca79,8,827,0.9986146031376274,0.5831985227576741
no.prat.politikk,4ffb9baeb42182f6,6,342,0.8933334866422924,0.6376783268416002
no.prat.politikk,5a4f66e2ababe440,12,431,0.996869507913341,0.4549362761549511
no.prat.politikk,5e1023267fcdcff7,2,307,0.998118883634277,0.5297923882446715
no.prat.politikk,6969b9b011151736,2,253,0.993761899168321,0.6530462065485805
no.prat.politikk,7524d31622e1bd28,30,1236,0.9993459549382187,0.4943413376735815
no.prat.politikk,7a04298e83d53218,4,346,0.9851566348671612,0.5863681045601592
no.prat.politikk,95da2c76af6f5d93,131,6680,0.9990034524510085,0.40601316152418754
no.prat.politikk,a3a5b36f239ccd21,11,890,0.9987134624169998,0.3739410683941713
no.prat.politikk,a50aed4c08af735f,15,770,0.998518595288335,0.47057143975590493
no.prat.politikk,b0ee798ba5d3f194,27,1417,0.9994438592035315,0.40320475047762844
no.prat.politikk,b53b6877cbf6fc07,2,671,0.9987681739797615,0.7122711926065012
no.prat.politikk,b86541a4171c1eac,61,3471,0.9963889970666472,0.4988902820490743
no.prat.politikk,bbafd5534c1d697c,8,477,0.9943342692671535,0.6032598934408048
no.prat.politikk,bea8b3d1b7233fd5,7,610,0.9995722348770413,0.5043008284692809
no.prat.politikk,bebe9c5ad60ccda9,45,2247,0.9973697396162606,0.49394003210720616
no.prat.politikk,c2c292a0cf346918,9,669,0.951324663679197,0.6059684555884964
no.prat.politikk,c34b39456319a0e7,26,1137,0.9940105216921449,0.469741390148902
no.prat.politikk,c8c8bb8ca5956f05,24,1275,0.996770419938345,0.3993622331475013
no.prat.politikk,ca86fdb8542ab86a,7,506,0.9989357170162432,0.48567695875909006
no.prat.politikk,cfc2dd241a2ee107,6,288,0.986963008390062,0.6374494759043536
no.prat.politikk,d4bb3d9eb4ac1b45,8,524,0.9847512690897298,0.5396056824389304
no.prat.politikk,ed9a2b2edfe56b18,79,4251,0.9981050530789383,0.46603212750993916
no.prat.politikk,f0e723e0ccfc9d52,3,321,0.9988699553815505,0.5695207104170096
no.prat.politikk,f5b79c713fb6a621,10,842,0.9988904280670241,0.5230455325485946
no.prat.politikk,f8a87a584ddfd932,19,877,0.9990857011444564,0.4675031102125011
no.prat.politikk,fafd9a43c5bb950d,10,1101,0.9992176339999467,0.523844688171883
no.prat.politikk,fefbeb16e4b566f3,43,2258,0.9951095467944453,0.5596003586082651
no.prat.seksualitet,00e469a557627f48,4,384,0.9890182436501732,0.6568591170357909
no.prat.seksualitet,02ad47c6c3e3047c,7,467,0.9970761531973203,0.5758146924063429
no.prat.seksualitet,058526becbd63f09,11,601,0.9975579203278109,0.5742794997655307
no.prat.seksualitet,08a990494d590c98,8,298,0.9973004076344241,0.6436885887261057
no.prat.seksualitet,1c3a71150e786524,1,386,0.9998961294030938,0.7712465222507462
no.prat.seksualitet,1c48a34bf9722d99,28,1143,0.9674170897433084,0.38957976923970505
no.prat.seksualitet,22df5ac5e9e3a67e,41,2058,0.9905421112682921,0.3865263123191837
no.prat.seksualitet,2c000724eef15cb2,20,1022,0.9963548769084133,0.4557580017847865
no.prat.seksualitet,3188ac1ba61440ed,46,1427,0.9906699202105365,0.4333794578097371
no.prat.seksualitet,3203ae51c593bd39,68,2692,0.9990124257738978,0.5319161477947587
no.prat.seksualitet,33918bef1d7a655b,32,1917,0.991522511885642,0.5405337041710805
no.prat.seksualitet,50f95a9921012e4a,7,213,0.9909681282665534,0.6298132870370073
no.prat.seksualitet,546faf45c5b86511,12,475,0.9970972556361228,0.6108428701045108
no.prat.seksualitet,599b8bffcd7377f0,15,414,0.9880114673633892,0.6232620743559271
no.prat.seksualitet,5a7708d6f3a9a9bf,2,179,0.9975980470148059,0.5679329736556822
no.prat.seksualitet,61d7ea9e8bcd2ea5,6,179,0.9876380503216065,0.6550851571049818
no.prat.seksualitet,6497e07cb915fdaf,8,194,0.9954023257822482,0.36972498266618176
no.prat.seksualitet,7017b00ca46bb74d,5,339,0.9973782643618762,0.5667308167556788
no.prat.seksualitet,7335d2caa3e964b6,4,261,0.9885872624809185,0.5148590301380267
no.prat.seksualitet,7614a3626ccc6350,26,1189,0.997178511379904,0.6838594854774106
no.prat.seksualitet,765f5dd5b09b4d5e,3,402,0.9969229261450171,0.4085247661966949
no.prat.seksualitet,79927540ba2f9f82,2,300,0.9935933497706021,0.5701086613561537
no.prat.seksualitet,7baab0da6bfdb677,11,405,0.9870456269135323,0.5294120829131502
no.prat.seksualitet,806abb86dbe08c5d,18,703,0.998443189656982,0.37684110266172144
no.prat.seksualitet,8b06120a9229bbba,7,732,0.9993190543557713,0.6288392150315314
no.prat.seksualitet,8bb5fad779dffb22,26,1274,0.9904788642123498,0.6666656847569903
no.prat.seksualitet,92e87f86c4cbba70,1,71,0.9832783174834366,0.6364031597473992
no.prat.seksualitet,96afc8a6c37a8c5c,33,1142,0.9953460223063177,0.5231998548290554
no.prat.seksualitet,b94041f2f22f5eba,29,1790,0.9906838030226505,0.50925943051206
no.prat.seksualitet,b943221126d21006,20,863,0.9979908395681869,0.37915782976949525
no.prat.seksualitet,bb52e85287ec3661,10,274,0.9879905128058659,0.66296870444187
no.prat.seksualitet,c9e605bf95f3d73e,10,375,0.9879271949107558,0.4167130660935507
no.prat.seksualitet,ca6a5c93a9b52849,5,374,0.998697847442784,0.5507698154664294
no.prat.seksualitet,d24dc83fd9404fbf,27,1184,0.9931622510614873,0.5172542779454573
no.prat.seksualitet,d2d1e88d43e98a3e,7,415,0.9982069311740742,0.5895823977075612
no.prat.seksualitet,d9f07ac511d84c2a,2,98,0.9869628894296841,0.5577773253801674
no.prat.seksualitet,dba7a580d6f30bd9,22,1280,0.9973704797825654,0.5670078450790248
no.prat.seksualitet,e41da88061555b5c,11,574,0.9957146455273365,0.5428443855794458
no.prat.seksualitet,e88c13f330053c14,112,4025,0.9976855242849135,0.4401774852460739
no.prat.seksualitet,edecaa1dcdb54484,31,1737,0.9991190820307685,0.5452546693030133
no.prat.seksualitet,fdf96abe6e806ffe,1,63,0.9983775676073442,0.689759150368976
no.prat.seksualitet,ffbf678c3a37ab06,7,405,0.9945442075705586,0.4838705057620314
no.prat.ufo,0154362c78c7a462,12,510,0.9977128432123108,0.4932253518036443
no.prat.ufo,0603056680bd9f21,18,882,0.974016899835809,0.5411186574787039
no.prat.ufo,07da55d8111c54a7,21,1120,0.9973561897434327,0.6322480528834775
no.prat.ufo,0adb6ce2500d3091,19,1179,0.9967733867623704,0.5410829610867973
no.prat.ufo,0b53ccd59726144e,19,1216,0.9920450245066538,0.4598330357333028
no.prat.ufo,0cb9a1f4988265af,12,577,0.959843632008575,0.5953746964295386
no.prat.ufo,244af273942bc3fa,19,1337,0.9985471592273597,0.4941982126816724
no.prat.ufo,2d83b2e1110fa0a5,46,3607,0.9985238305896479,0.579027481008952
no.prat.ufo,3284e559a2e4279f,20,1616,0.9991432725233543,0.546245918656525
no.prat.ufo,335a54fb7604bc2d,33,2287,0.9977488678919755,0.6129001776559703
no.prat.ufo,3821a3f58835e828,3,401,0.9992575129989838,0.5679470108979261
no.prat.ufo,3e11c903db2b8628,4,1263,0.9997989306251414,0.5153245824493605
no.prat.ufo,442dadce1d5ec9df,49,2793,0.9981611806006796,0.4360642548712531
no.prat.ufo,45a001730ddab240,15,1150,0.9793836753256315,0.5439902981027563
no.prat.ufo,468f15e99ec1f120,50,2557,0.9986352990464715,0.5560531324770247
no.prat.ufo,46fbe3895db183fb,2,473,0.999347245814936,0.5335882055581885
no.prat.ufo,56c34988c4d18368,109,4935,0.9979339691855763,0.5243854294212807
no.prat.ufo,5c88578b3119f56f,44,1862,0.9974857689933189,0.5457762103535628
no.prat.ufo,5e6c9674420e64cf,21,1406,0.9980654173247754,0.43693875160002604
no.prat.ufo,662b8fc0aee92085,2,380,0.9989690003028387,0.5533830747925506
no.prat.ufo,7352b654a6bc626b,14,963,0.9992687538543007,0.4520697545792991
no.prat.ufo,79bd5f7f4a8b795c,36,2247,0.9979071422297532,0.46433505433245326
no.prat.ufo,7b6a96b88710c80c,31,1725,0.9966210575089037,0.5988921932537746
no.prat.ufo,7c732026941c099f,24,1567,0.9976328190431898,0.6077654989131923
no.prat.ufo,7dbb9a53f763f7e1,57,2659,0.9989181192454584,0.42880981682252556
no.prat.ufo,7e5743c6ae805147,4,1361,0.9996920189114016,0.5428218609913257
no.prat.ufo,824367ee4d0f2224,21,1410,0.9993942891156742,0.5282109341412775
no.prat.ufo,854aec80b1130cfe,22,990,0.971913042715057,0.6367547813265649
no.prat.ufo,89207e53ab3d7ed5,63,4984,0.9991986036198551,0.4657029886999832
no.prat.ufo,8a704228d0feac52,7,845,0.9983803801050981,0.5303043706673078
no.prat.ufo,a83c4512e104247b,12,576,0.9983563617503567,0.4407693036125424
no.prat.ufo,ac0e74a1564bf56d,32,904,0.9908390641530314,0.8143448929382452
no.prat.ufo,b4648be1333682e7,5,965,0.9995799431971384,0.39650649759538287
no.prat.ufo,c1b8694d857cfd1a,23,1841,0.9988229036642995,0.5258728796053611
no.prat.ufo,c6de4bfb24c45d41,13,1255,0.9996675084475262,0.4061788390236265
no.prat.ufo,d629d0777808a0e1,14,503,0.9903856899880512,0.5724718872598575
no.prat.ufo,d7d2c40f21fd743c,9,588,0.998901848288582,0.4480877549928498
no.prat.ufo,d8361f925b2c6377,44,3207,0.9989992253354524,0.4341081212197753
no.prat.ufo,ef971a813024053f,28,1301,0.9952083750801699,0.5986036921483822
no.prat.ufo,f3135dfa86313cd6,17,1637,0.9985164885296881,0.42417791011136285
no.prat.ufo,f3394f99a7b22853,12,899,0.9988514116951488,0.4159256025476571
no.prat.ufo,f712e4db0c0d6ab8,9,938,0.9995058339875985,0.5198454452906998
no.prat.ufo,fb4c62864bfac8a6,30,1232,0.9982508639328953,0.5159666681476185
no.pressemeldinger,044fb225a87e545f,23,1675,0.994591680869131,0.4064173456388213
no.pressemeldinger,138d0bec860dd5fd,35,2040,0.9988681463552315,0.5271572171355637
no.pressemeldinger,24f056eb4325fbdd,38,1719,0.9522287452088649,0.5580689706055112
no.pressemeldinger,26ed6d89e09ab8f7,33,1309,0.989799730176529,0.49121075195755837
no.pressemeldinger,36a348c00318949b,55,1962,0.9781110382135273,0.41938546713215724
no.pressemeldinger,4ce7986c9d49af44,40,1780,0.9942802552853345,0.40823650765484554
no.pressemeldinger,4e330b49c4452e59,28,1328,0.9953628855187475,0.5272793236805983
no.pressemeldinger,5084bd50825edb82,62,2551,0.9863698801465932,0.37145631503011123
no.pressemeldinger,56a9a7d29052b3b5,72,2404,0.964299642440084,0.45534192814743163
no.pressemeldinger,621df9805fbe5411,34,1454,0.9967239150399693,0.4947614426379012
no.pressemeldinger,6ced24d9446cae8f,38,2220,0.9966435640159249,0.7081679327774001
no.pressemeldinger,73f102e1f8fbcfcb,54,1909,0.9808690406846939,0.4777226636968454
no.pressemeldinger,7a26af9e6a2b3b86,11,865,0.9825898243619171,0.5828513683551358
no.pressemeldinger,7a4eb0f6b31c96a1,51,1744,0.9952039873957862,0.614891386445466
no.pressemeldinger,8084fafc52e9b2af,58,1787,0.9112243849274682,0.5260912631271802
no.pressemeldinger,80e1a7bdfa05e75e,89,3023,0.903626720274877,0.5437023143806857
no.pressemeldinger,85dc8c9dccf8a3ac,27,1282,0.9940056948415987,0.6079553625290713
no.pressemeldinger,9d437c08f61ca058,38,1353,0.9950390832454327,0.42555087044217865
no.pressemeldinger,a38f709e70d5bbd5,49,2083,0.9392279735213687,0.4843763796182799
no.pressemeldinger,ae9757b13caac0af,39,1638,0.989446126804542,0.5579414073828118
no.pressemeldinger,b7b94403ee3352a3,38,2595,0.9691120268240773,0.4741517806722602
no.pressemeldinger,e62ecaf51dd71479,33,1388,0.97814724702465,0.47369809010214625
no.pressemeldinger,ed12387dfe2c0726,67,3370,0.991598788634945,0.483164033984395
no.pressemeldinger,f0b4cb05807e3ae3,45,1442,0.983461573273366,0.5266365214615469
no.pressemeldinger.diskusjon,160ecd3df8a4d81d,13,569,0.9811427987455004,0.6945182279620518
no.pressemeldinger.diskusjon,2687b1740abc5ab3,14,677,0.989228849868542,0.44236891186199506
no.pressemeldinger.diskusjon,2c54cf02dbeffac2,12,397,0.8669348192165192,0.5392184186489929
no.pressemeldinger.diskusjon,52fbb23fa4c22e7f,18,627,0.8664969795076263,0.8044057888357387
no.pressemeldinger.diskusjon,66b18bb7222d2127,33,1420,0.969110372401771,0.7806738715777788
no.pressemeldinger.diskusjon,6afe48215cbeab29,34,2006,0.9972916586889513,0.5047400343479131
no.pressemeldinger.diskusjon,7df4e2be47731116,27,804,0.9459326329112967,0.8250304773836341
no.pressemeldinger.diskusjon,88173614a009c3f1,4,402,0.9981110615970835,0.44239179402177503
no.pressemeldinger.diskusjon,a5074cc33ce113bc,11,1137,0.9967550827339411,0.6613147012892224
no.pressemeldinger.diskusjon,b2c53ad779b75fd5,6,119,0.8882232970723217,0.5221862311637121
no.pressemeldinger.diskusjon,d9c2ac0a44baadc8,7,167,0.9373014222588264,0.4979069957976385
no.pressemeldinger.diskusjon,dad96130e572bb0e,32,1680,0.9991235964519242,0.5371430208862026
no.pressemeldinger.diskusjon,dbe3cefce82b869f,31,1398,0.9072336803687406,0.5906032627850087
no.psykologi,02077e12a9ff9dce,22,1014,0.9964614550207509,0.5678711387123443
no.psykologi,052a50341b400e80,10,344,0.9979555803846002,0.5021692222610049
no.psykologi,13a2655d4c7662bc,6,283,0.9934852228814524,0.5500895194985671
no.psykologi,14439b17bfaa9a98,11,632,0.9982056773045248,0.6723232767469683
no.psykologi,16faf893dc2b1ec1,10,874,0.9983293208547812,0.41462953881220416
no.psykologi,1a9475d626c0b513,29,2306,0.9988890583716202,0.5155974439169639
no.psykologi,1d68dbc3a513bf21,5,291,0.9954294197439925,0.46825148898734015
no.psykologi,2171d8a1dc6d65d3,20,533,0.9940669564111052,0.4893593265887443
no.psykologi,28b9acb0047d5cfc,61,3194,0.9986136238930761,0.5018521882895308
no.psykologi,295b855f1f60fede,44,1930,0.996973364749727,0.7004016742228927
no.psykologi,2eaa9b8d80003143,11,951,0.9985334490538395,0.5792600576703852
no.psykologi,3b4e969b9752a505,17,762,0.9311884024239063,0.594740576578717
no.psykologi,446f8864521d90a5,4,657,0.9978006859043977,0.5304604921928243
no.psykologi,57e93739aa328120,6,763,0.9990074071381613,0.5493223038281183
no.psykologi,5e5abe404260a493,6,366,0.9864677902317367,0.554404650941966
no.psykologi,60bc3c1ce75e45df,5,244,0.9975958888074233,0.4981633890057502
no.psykologi,612e8a49c5638663,16,451,0.9972650580938837,0.5320310158542114
no.psykologi,6df2bc89c8eec1ad,15,1282,0.9979876196173897,0.5556225605729237
no.psykologi,74d7ad610c98213c,10,624,0.9980339632010862,0.7016800732101877
no.psykologi,7afaf15c023ec7f5,7,347,0.989870261130434,0.5896152214634554
no.psykologi,8ebb98fea5bac5ba,1,402,0.9997613374849899,0.5619295644971595
no.psykologi,9c6e7f2b3ba3995c,9,214,0.9866595429703506,0.4786537063650109
no.psykologi,9ee84f800e2d7923,8,664,0.9982377615951552,0.4625096945943625
no.psykologi,a048b61da19453c9,7,563,0.9993643929764939,0.45677297109683707
no.psykologi,a6676f13ca41e69e,4,544,0.998835744085437,0.466866999278042
no.psykologi,afd4b7eac40d899c,31,1743,0.9968978373558994,0.5717671157190728
no.psykologi,b33f8c04e505b5c7,9,910,0.9972533993776904,0.48335708435133323
no.psykologi,b8ededb15cdac2eb,44,3018,0.9984536086391561,0.5305856693648012
no.psykologi,bed689985b4f44f7,11,539,0.9970889033712382,0.47327044665613005
no.psykologi,c0be9c16203401dc,4,664,0.9925126860970345,0.6522790135696911
no.psykologi,c2074b7a00f52963,8,886,0.9997589460199259,0.5898755461529499
no.psykologi,c2171ead49c51e29,4,360,0.9951500883480984,0.5901788745259425
no.psykologi,c237842743c5322c,15,850,0.9949313457711639,0.4788248974868006
no.psykologi,c6f23226222ed22a,26,1031,0.9978790040498724,0.4962840110584264
no.psykologi,c78cb3ed0be77233,4,267,0.9988717343503788,0.47025029450005507
no.psykologi,cfe6b94c66acbadb,3,269,0.9972449874350197,0.5777272755854203
no.psykologi,dd64cfea83c34ca0,5,827,0.9959669200450267,0.4869718409762689
no.psykologi,e120cdbfb2449b5e,11,1033,0.9931809706184926,0.3941037562985454
no.psykologi,f3232ce27bfea36c,35,2068,0.998089053491836,0.520848306381581
no.psykologi,f3c4d1ee52600a6c,13,811,0.998760117731444,0.5251253676929025
no.psykologi,f47e6ade29be66d4,28,1486,0.9991363928467638,0.43606019641879956
no.psykologi,f534664af5231a97,39,2470,0.9990249398715775,0.4674631551447791
no.psykologi,fc2a882092435e93,22,1795,0.9993508075117212,0.4434603144504767
no.radio-tv,0e63c1c795178387,8,330,0.9349391126967297,0.6384702532654954
no.radio-tv,0e7cebcea285939c,13,517,0.9966306687984062,0.48261355091063857
no.radio-tv,13a376e705d93c83,1,79,0.9973768766255638,0.6552598719088314
no.radio-tv,1f4058aef0e3ff61,24,1781,0.9674864015107945,0.5878424093017457
no.radio-tv,24b3af94af4237aa,2,226,0.9994412316236267,0.42832422189332225
no.radio-tv,2606dae79d1fa84a,5,226,0.9964655037854858,0.5951958856424964
no.radio-tv,359025e95980d219,2,217,0.9937664098653367,0.6110145333252962
no.radio-tv,36d0dfec8db7984c,10,723,0.9989849310903322,0.684067008577518
no.radio-tv,3855c75de8bc14b1,19,963,0.9987797445380908,0.5498234306476248
no.radio-tv,3b07852ab6a5aac1,7,517,0.9984667249760808,0.7525906346200714
no.radio-tv,3fd33e90703ba342,14,742,0.9906100483801114,0.5515554344195639
no.radio-tv,43672cf48ad329fa,12,490,0.9991606468650518,0.6145407187192435
no.radio-tv,4dc09d7d46fc83bd,9,688,0.9981982313061565,0.4790126658462639
no.radio-tv,5351199ac2aa56c8,7,311,0.9993047393072678,0.45901491743123674
no.radio-tv,60881fb5dda2147f,3,290,0.9977457582951959,0.6036273185797723
no.radio-tv,6632e908a2934466,13,592,0.998839391512498,0.3348216649298581
no.radio-tv,682b1aa0f61a8c5c,8,540,0.9990724547943932,0.6666971712782607
no.radio-tv,6b1d69837edd86a7,3,221,0.9986542559926381,0.6654258492047087
no.radio-tv,6b904e06c38424fc,9,634,0.9994417648266009,0.4908645453691756
no.radio-tv,753c0a4ebb5d5e35,2,270,0.9947598216682726,0.72606397692849
no.radio-tv,76d13d9e0f1f5f10,8,518,0.9858660162027305,0.5729060373043336
no.radio-tv,8017f531cbcfdedc,12,624,0.9990625978989448,0.6330826115474709
no.radio-tv,86d112da6ca2172a,31,1583,0.9983299712580092,0.47463177149298463
no.radio-tv,9c0cbddb1d1e84ff,7,531,0.9896170166428374,0.7853135706009396
no.radio-tv,a4d0c435b0fadb79,2,404,0.9990046226862819,0.5105642260470538
no.radio-tv,aa0311e007aa1a38,2,121,0.9997188749538242,0.47309252154400183
no.radio-tv,ac48cc8e66652cad,10,662,0.999555262001913,0.6098644974784577
no.radio-tv,b10d205a0a5e013d,8,747,0.9955900014072085,0.47129568225811097
no.radio-tv,b435b72b5a0a3eba,5,517,0.9994635072592479,0.5236822481184619
no.radio-tv,bd317e0349160d56,5,231,0.997384336004028,0.599614268177365
no.radio-tv,d167c4262912bd4c,17,928,0.999068346200077,0.4688825984126218
no.radio-tv,d5bcd8c39ee9a797,6,395,0.995895782794356,0.6568483765076922
no.radio-tv,d967b10715495494,4,482,0.9997442026664065,0.5069375681077214
no.radio-tv,db64269e5838f2ae,9,672,0.9972059848479516,0.5498554258103727
no.radio-tv,df6dc9e3564fd30e,15,578,0.9897338391628177,0.5580265541556403
no.radio-tv,e28c65bca5010317,6,411,0.9168663837430394,0.48059929449888233
no.radio-tv,e2c3bd6b29cd9625,20,1834,0.999464012958519,0.41076862656905494
no.radio-tv,e98b28874227001f,14,678,0.9984844720142126,0.726867043630113
no.radio-tv,eae4261dca598e46,4,500,0.999215096907574,0.5337436963647668
no.radio-tv,f38d5cabcbee0255,9,1068,0.998221613895319,0.503800164301832
no.radio-tv,fbb88b088dc16e2b,6,446,0.9993040864985926,0.5491940419759936
no.radio-tv,ff4ecaae7058675d,28,1973,0.9935157525998076,0.6606843313554734
no.reiser,04cb9f87693909f6,12,1027,0.998959818364579,0.488943299030165
no.reiser,153da8599c4d5856,2,325,0.998847380208816,0.5605541044270668
no.reiser,16a41cb88c652441,6,556,0.9980131183071913,0.5029308962837534
no.reiser,16bf3f97210e5613,20,860,0.9951443347823375,0.5104956902673283
no.reiser,18dc70ced1f5bd18,4,187,0.9928702814211098,0.5698413140074502
no.reiser,274b3cd93440dbb5,6,1042,0.9990425275063227,0.5583488814262182
no.reiser,2f598b2138ebbceb,18,1225,0.9988816322899704,0.37265383594542956
no.reiser,3085582fe368a467,1,71,0.9978146746021328,0.5012893816009525
no.reiser,4dd136e8577f96c0,1,92,0.9993901284990386,0.46232604222444923
no.reiser,52eacf8e4ad30dce,29,1691,0.9982977821185182,0.3757942816519625
no.reiser,548450503deced90,29,1653,0.9965645844496698,0.7762508521714881
no.reiser,5cef56e3e73766c5,21,920,0.9975577725993177,0.45116241088892256
no.reiser,5f2498528050b58c,5,171,0.9962031123604993,0.3996737742220452
no.reiser,606997c427f5d1fb,13,1154,0.9995879848140804,0.4290638357764899
no.reiser,60cfe548482f03be,2,82,0.9975699802594536,0.7386473256495428
no.reiser,7171239bf5daacc7,8,299,0.9860696621663734,0.4723119161280347
no.reiser,7362fe07855933b9,3,237,0.9996854628964468,0.7003022443230473
no.reiser,75c040673d4ec140,24,953,0.9967861451963519,0.40335313372012827
no.reiser,83e46395a0cc11b9,6,295,0.9311272347458264,0.5554559691584003
no.reiser,8c4432c98ca19155,9,435,0.9953883614685309,0.5171224122087231
no.reiser,9505b9de3a326cbb,65,2998,0.998407906912929,0.413451648217404
no.reiser,9573477c716cebb2,2,102,0.9977526233672268,0.4541059210403624
no.reiser,9835d008137d9c20,19,810,0.9981516120965125,0.48370514979624185
no.reiser,9df8afd2ee689bf5,4,331,0.9993799825163151,0.4958529905881943
no.reiser,a2de55a20920c377,10,338,0.9798051507360227,0.5712383554363906
no.reiser,a51cabcb67f3796f,4,256,0.9988562706891004,0.49577936057300703
no.reiser,a58d2c459e84df31,2,170,0.9991284505613457,0.5770529723925306
no.reiser,a85b135c0e8d0baf,13,659,0.9987072760173062,0.5241633466828293
no.reiser,a955c43609c6baa6,6,175,0.9838717369487805,0.5529451522620034
no.reiser,b7f64461bf1ea0a5,3,279,0.9965268814301398,0.5804790303564125
no.reiser,be156ae656bffd62,3,298,0.9975553039834757,0.6259084516612045
no.reiser,bef64fcf2cec2d3a,18,975,0.9897946071476954,0.581127410957669
no.reiser,c7ff5017a45c056c,13,820,0.9994646450117761,0.4370040558851161
no.reiser,cd288b0235aed2cd,10,526,0.9974614980366233,0.5816443576791468
no.reiser,d56ede6d08289dc3,115,5538,0.9980968816882684,0.38064591905459455
no.reiser,d92e83d4eec9d37b,7,269,0.9971848335475456,0.4162573611702917
no.reiser,dcb9fb5c54738679,7,365,0.9946529560069023,0.5355604716898797
no.reiser,e65d9413c9d713e9,14,1243,0.9989483707176335,0.5280808209792335
no.reiser,edbb078901825987,6,221,0.9962555846979914,0.5780413561416353
no.reiser,eddf937cff87401f,7,1044,0.9988115618312589,0.5670667265270128
no.reiser,f19ce5a70c76e315,17,570,0.9986651170737822,0.4496502169015134
no.reiser,f3a1fa3738e4caa4,1,58,0.9856816745340061,0.4650740928843095
no.reiser,f51392530af2367f,16,1144,0.9987795627784699,0.4823926077089111
no.religion,0827b34ccb51a4cc,158,7879,0.9967628495069727,0.5097677747901036
no.religion,096989ec5aa13de9,12,860,0.9993974124944924,0.4455194849736348
no.religion,0df3eaa58d35023a,12,608,0.9899290070028955,0.8143022144951774
no.religion,16860f55f3a47d4b,8,663,0.9679767976817689,0.684115045829616
no.religion,1f3ce6b2642a1355,28,1281,0.9987207505006458,0.47560276340601143
no.religion,2caa95126321c33f,7,390,0.9904462749695357,0.7340165609177692
no.religion,2d2816700e715421,7,418,0.9991779655817298,0.507462545458005
no.religion,2e6223c5bca67610,29,1144,0.9946019604700944,0.5215581216293129
no.religion,30a30c91fc6d5d57,129,7823,0.9982073985307268,0.36896655569301356
no.religion,3ec710fe1a610e07,5,554,0.997640659290601,0.43225741776537396
no.religion,4923b3cfe6e41542,11,604,0.9992460916156454,0.4778950455020827
no.religion,49bc0972cb93c781,12,1133,0.9989850402828452,0.576664528623076
no.religion,578cc0c1d48414dc,13,642,0.9986472293394323,0.747253637560375
no.religion,5b8c3ea5c8912f3e,68,3505,0.9976937741095371,0.6795702077370406
no.religion,6494813309c10fde,4,555,0.9976331217215407,0.6165265191711791
no.religion,6e917da53f2785c6,7,705,0.9969889032793035,0.48061849261512857
no.religion,79d91f4eaf8dad08,8,542,0.9876701773328573,0.6016645202655907
no.religion,7a200d37b10078c6,20,1005,0.982937658550581,0.5621312600489222
no.religion,7de48fc690834974,67,3122,0.9990915280472944,0.4168579208261462
no.religion,81937a7d69eec2c0,5,856,0.9997451042584015,0.4659836209144867
no.religion,8744af8b5e1bdb7c,5,446,0.9912995988846083,0.5278836318940661
no.religion,87ebdd9ad5c2dbdd,2,631,0.9984446220834658,0.4469983924585528
no.religion,8c541e15b1e4f328,8,452,0.997750630173054,0.4848004381540042
no.religion,8e36ab821839e7bf,4,527,0.9980069112664586,0.6262645225127623
no.religion,91cf43f3b0514ec3,9,1078,0.999398647857341,0.544384382204827
no.religion,948f675eb3699a22,82,3123,0.9935839160152742,0.5214692367375806
no.religion,954ed273976387e2,54,2503,0.9964873811062642,0.5330761815180926
no.religion,9d11db496b29943f,19,1121,0.9974547646432906,0.46243608384602525
no.religion,a40a06967780e219,16,4775,0.9998043510202976,0.4224888398585849
no.religion,a78b51c64506c642,74,2821,0.9955818233277282,0.5005215693312501
no.religion,ab8f330d572f038c,26,1564,0.9976123909891998,0.5661535153627223
no.religion,adfdafd374de9596,27,1177,0.9971582727265835,0.43031833237835165
no.religion,afc99a2025b237a5,58,2819,0.9982293368792465,0.5571128435117519
no.religion,afd914eb27e08cd1,113,7077,0.9983948589414507,0.4457082602437124
no.religion,b15e3fd7769e10ba,19,1326,0.9885438246647378,0.4164944884600398
no.religion,ba6ff8534c7758c6,32,1488,0.9982952088991202,0.3764755634496083
no.religion,cb7692fbb5ef2a6f,11,1062,0.9984888162954904,0.4454554364154704
no.religion,cf7176400ec138b9,46,2474,0.9989628739699145,0.6393743667819299
no.religion,d1436f0d0a3e4b6f,5,1178,0.9994884246470608,0.5842496469967453
no.religion,d663649503e26a3c,26,1381,0.9964733807346932,0.3812870884116278
no.religion,da5944e3ff607ba1,114,4988,0.9948324707386831,0.48784923917280476
no.religion,dab5c25a965acc9a,39,2336,0.9990598164188088,0.4424207340791721
no.religion,ef66321749f05a4f,20,971,0.997512516182013,0.5521051825200618
no.skole.diverse,02f61869cf284bbb,43,1787,0.9955102636486538,0.7472408028723758
no.skole.diverse,1ea62e7494cf4a2a,22,640,0.9960673740772745,0.5961971912559475
no.skole.diverse,23c432ea5189ef12,5,268,0.9864134225466631,0.692704022093446
no.skole.diverse,27aff53cab439a90,22,1264,0.99800009384657,0.7122570236320456
no.skole.diverse,293824f370a84d49,22,1192,0.9988465873989572,0.5585373189177815
no.skole.diverse,35034813bb1719a7,4,268,0.9991695510961006,0.4357995571390633
no.skole.diverse,375128eb05013019,68,2409,0.9977778415879494,0.5014330582537174
no.skole.diverse,3a07c72ebbbe28d6,10,849,0.9979606792223664,0.590579683171802
no.skole.diverse,3d15d396cc69f5db,9,422,0.997052982816284,0.38481354791212585
no.skole.diverse,494143e3cc69ba0e,2,123,0.9992036311580724,0.6735388957541476
no.skole.diverse,4b3804a69b53891e,26,1097,0.991675741392896,0.5490281639511473
no.skole.diverse,4ffb589ed7040809,28,1667,0.9973223319131586,0.7226268283749104
no.skole.diverse,52e620de84f595e5,21,549,0.973327106596018,0.6424906801476589
no.skole.diverse,5499b6a548d03ce5,3,113,0.9468806558477989,0.5390599274842632
no.skole.diverse,55b88410ee869e5b,74,3000,0.9946541003703067,0.6238359516629309
no.skole.diverse,5665c80cc5ee3458,9,1294,0.9989499482921834,0.5857591634472937
no.skole.diverse,597cfc2221580f6f,10,517,0.9893931857026116,0.4155682559054983
no.skole.diverse,59ce788521918a77,10,427,0.9968880399762453,0.403978653766697
no.skole.diverse,5e248b1ee2383473,8,830,0.9943512881430194,0.3915354895200188
no.skole.diverse,62747c445931a00d,13,513,0.9914727140973855,0.5855595328144777
no.skole.diverse,674852911fbd5112,22,1128,0.9987847696069951,0.5872558519647697
no.skole.diverse,6999f069f1a105bb,13,678,0.9982898444429001,0.6081745156124356
no.skole.diverse,6b6399e74c29708a,6,355,0.9992892312879331,0.4881405528224606
no.skole.diverse,755e3f99d29a4f15,17,818,0.9973151200136782,0.6600722873644406
no.skole.diverse,756339a244925547,52,2128,0.9916072136998744,0.5252494898668547
no.skole.diverse,7941f4ee2de90223,22,609,0.987243866278241,0.539055893520245
no.skole.diverse,7f8e01d1b799eb37,13,808,0.9988982928440757,0.46442581513079273
no.skole.diverse,91cef1d69563f727,24,1290,0.9953774323166763,0.5824506979618123
no.skole.diverse,956474a8ddfcb169,12,960,0.9986746184113139,0.47255364102832653
no.skole.diverse,9c2d93099a6b6e98,8,2091,0.9986676153316802,0.5376003622583908
no.skole.diverse,a05b51316b350088,9,542,0.9962777150326104,0.5109958971931314
no.skole.diverse,a8fe71a864150319,11,908,0.9946665500293048,0.5006607379546791
no.skole.diverse,b0188982b226f48e,36,1232,0.989201223591034,0.5736829802382223
no.skole.diverse,b09a037305e9dbc9,4,264,0.9977455402646941,0.41999726123199577
no.skole.diverse,b60030ab9528dc62,1,159,0.9848664314406902,0.7089062745884347
no.skole.diverse,b6d1e4b81dbde757,20,1364,0.9977977271322984,0.5762696972112844
no.skole.diverse,baf991c95e09cb20,94,3923,0.9966273243504261,0.4558549994473846
no.skole.diverse,cf987a16377d2736,19,745,0.97976868583867,0.4974626553221879
no.skole.diverse,d1b058fba207ff7c,5,334,0.9908638822301419,0.5267694918244854
no.skole.diverse,d4ebc6dbb679afa1,17,724,0.9981371578129629,0.5676664161406653
no.skole.diverse,e355f06b01a81039,18,643,0.9926040591395103,0.5488030729837606
no.skole.diverse,f321c4f0d0c47bf3,2,289,0.999535827046545,0.5935415172710328
no.slekt,05d0e194835316cd,5,380,0.9990202460581716,0.5723333732017116
no.slekt,07eb9087fc96ad18,32,1101,0.9977419008738977,0.5396464493304223
no.slekt,13992d6d88bab5ff,2,117,0.992008991972392,0.6670111967358726
no.slekt,19cf3d95874b4bec,49,1793,0.998430980624327,0.48038476915456524
no.slekt,1a6a0cc95653be22,7,589,0.9953661897720839,0.6006656107499876
no.slekt,2cef023c8a7a9a0c,9,671,0.9951813524817802,0.6143167907018771
no.slekt,2f7baec17805239a,2,280,0.9931773611727049,0.5341555021911325
no.slekt,345caa5fe1e49b5c,5,669,0.9986956846499058,0.7345294951047624
no.slekt,3a3278c7ce9a3c0b,2,190,0.998624071853414,0.5936218698303479
no.slekt,3b3d3bdd9dea4ca9,3,278,0.9939738535729312,0.46319988440704396
no.slekt,41b68b398a4fbe0d,14,800,0.9968540770301585,0.2968722658854556
no.slekt,4e41f0dfb4c6ce32,9,373,0.9973123296194963,0.5263316511803839
no.slekt,517afbff15f54feb,9,963,0.9990355617533205,0.5622784044138328
no.slekt,5232e1f5d5ecaec4,4,433,0.9927475884089796,0.5265387726686984
no.slekt,57a10c0fbf869bd7,10,460,0.9874838495394371,0.4552782841891262
no.slekt,5aa889968605d3de,52,1804,0.9948640620410952,0.47383806247367855
no.slekt,5d772a79e2da1c36,8,355,0.9964824190090174,0.5505965688158475
no.slekt,631810372b2213b7,3,137,0.9962723518802042,0.5133811299575405
no.slekt,666d9eabb437b0dc,5,361,0.9855725684438049,0.6241288135889532
no.slekt,69dac2479c6c85d8,12,528,0.9253755269618176,0.7034114240457232
no.slekt,6b9ea232e0e83c6f,27,1382,0.9975499961385574,0.5002578032725064
no.slekt,7265b7bdc68aff60,8,567,0.9971312725809145,0.5924717930752343
no.slekt,7390faceba465f64,3,124,0.9876984745855821,0.5993389587776717
no.slekt,77b395d14c9b89ea,2,654,0.9997779991433597,0.4814872581077175
no.slekt,77ed9253adcd31a9,7,1500,0.9995327528370707,0.5968153265943706
no.slekt,8884d7f42971d294,2,376,0.9966356634143847,0.571836792821455
no.slekt,8e4cc42d49465065,9,845,0.9974620766534116,0.6428089538167694
no.slekt,947db938ae634313,6,191,0.9802717295106075,0.555737038591293
no.slekt,97af7c5f9ec2e358,2,133,0.9963365561935051,0.65113785965191
no.slekt,99039de677a4b542,11,385,0.9967968788310198,0.7473294998915574
no.slekt,b2bef753c0d1f8ad,1,143,0.9989063865497589,0.6089971399936377
no.slekt,b8926622e7c281ca,26,1321,0.9961554419593823,0.5813842806672672
no.slekt,ba6a481e4899965e,2,117,0.9942468805606256,0.4400980086607156
no.slekt,bb810a919eb3d57c,3,165,0.9969853972260031,0.6163704620696263
no.slekt,c893d464c0ce8f02,6,927,0.999338391529284,0.43324304874447117
no.slekt,d7229ce6e245550c,7,564,0.9858429422534387,0.5352656246736893
no.slekt,dfe8f6a1d908a071,10,249,0.9942226883223941,0.6151879040835008
no.slekt,f0b3ec3437b2e69a,16,1342,0.9983714576932602,0.5566430161726499
no.slekt,f174274a1e9dae82,2,253,0.9948164274851715,0.6013366553362035
no.slekt,f60a5f01451634e3,11,1225,0.9957222847860242,0.4518562692727205
no.slekt,f8bee6750aad74b5,8,355,0.9964824190090174,0.5018668964067619
no.slekt,fd4cf788bb57582a,1,115,0.9962979991277049,0.47587603220462
no.slekt.etterlysning,0311c7f6b8f1b1d0,6,412,0.9959457662187908,0.6562890856807517
no.slekt.etterlysning,07be10b82624877e,5,256,0.9980817988603228,0.5386895710642375
no.slekt.etterlysning,0897e6248541527c,5,509,0.998500025199499,0.43419324254449243
no.slekt.etterlysning,0927adc1030b8a46,54,2307,0.9887867938250614,0.7361341678944049
no.slekt.etterlysning,0c50cfcc90fe30f6,12,291,0.9970635537459333,0.48154097377444716
no.slekt.etterlysning,0e321080fcefc96f,2,175,0.9987360402744566,0.6970325993025026
no.slekt.etterlysning,1ca5fd74ccb8c8ce,22,1360,0.9975059166799282,0.4312228916035882
no.slekt.etterlysning,25e5006b7bc91b1c,8,786,0.9963360782056129,0.6522003817749537
no.slekt.etterlysning,262bd7bff7af6301,11,614,0.994482765608252,0.3980952348445455
no.slekt.etterlysning,2b3728578400dcaf,23,1577,0.9976544187482917,0.586044093196458
no.slekt.etterlysning,3c0c65affe9f1079,15,2071,0.9986239496432231,0.5386132688616723
no.slekt.etterlysning,46b6de5ef456bd98,3,409,0.9976603974602086,0.5972294191795338
no.slekt.etterlysning,4b3e9925bbb53365,17,1774,0.9990939555794316,0.6481761940596843
no.slekt.etterlysning,4c173436506daa36,6,822,0.9988124045793011,0.4840229370469342
no.slekt.etterlysning,5ffabbcf66099ba3,2,289,0.9984258431138605,0.49597711732154864
no.slekt.etterlysning,70a85c4ffa7929d9,2,656,0.9978963973152535,0.5127037852838114
no.slekt.etterlysning,7560fe0d1791616e,9,547,0.998130062257234,0.49392584751841107
no.slekt.etterlysning,7be00b98fd18c6ac,3,215,0.9944411139799675,0.6655384569612695
no.slekt.etterlysning,7f92b38c2dd4681f,11,521,0.9961098548320757,0.4935468265946774
no.slekt.etterlysning,83a9c14418ef9c4a,5,460,0.9938185304841042,0.6028944036699814
no.slekt.etterlysning,89511275971b6eac,3,123,0.9130024799434351,0.6757376540414611
no.slekt.etterlysning,908c827e54eb1e26,10,452,0.9969677610973282,0.4502935488688705
no.slekt.etterlysning,911712cf6f3dd80d,4,827,0.9994434183944207,0.605362678742689
no.slekt.etterlysning,980d25f1a41fdc51,6,477,0.9990854258772546,0.5140397644614744
no.slekt.etterlysning,9a6f923c3d525797,22,1162,0.9980861075628169,0.41375396883040894
no.slekt.etterlysning,9add45583a9be39d,8,247,0.9955408941253251,0.412215941902863
no.slekt.etterlysning,9fda7fc4aa5d7a8f,3,225,0.9833372087674436,0.5543758708860984
no.slekt.etterlysning,a32ccbce42cf83a2,7,289,0.9861037606047686,0.37580050912195073
no.slekt.etterlysning,b8465a18ae9c5e99,10,229,0.9872212764370715,0.5167572437427208
no.slekt.etterlysning,c002dc5c29424f34,8,487,0.9974831747766983,0.5316330833198076
no.slekt.etterlysning,d079b3817b427df2,26,1495,0.9984026970926665,0.44621158527937616
no.slekt.etterlysning,d2e2034ab8b5e872,30,2560,0.9986569687131646,0.6159023180130047
no.slekt.etterlysning,d8909e563fefe184,3,262,0.997396061010344,0.664719403688747
no.slekt.etterlysning,e1a5ea341cdc1467,7,274,0.9969153669607943,0.48515335763231654
no.slekt.etterlysning,e3ddd863373bc942,20,1158,0.9969772467593027,0.5761534028132839
no.slekt.etterlysning,e8b89af680df6ce1,9,446,0.997270459076534,0.902308139996779
no.slekt.etterlysning,eb5797ae2571e052,4,202,0.9915383291691063,0.516416658842548
no.slekt.etterlysning,ecb420fe36f8b627,9,546,0.9818628499274223,0.6290650714052655
no.slekt.etterlysning,f562089010eadbb3,15,698,0.9955041870382948,0.5850208444640543
no.slekt.etterlysning,f592bf38e20a0d21,3,878,0.9995568058348131,0.48922570878268573
no.slekt.etterlysning,faeebf08cb9e1a3e,18,1112,0.9856647375353221,0.5429531913724327
no.slekt.etterlysning,fec38630bf01dd69,9,337,0.9977669354161787,0.531573087975479
no.slekt.programmer,047f669524cf822f,19,781,0.9970239045002616,0.5341844628063356
no.slekt.programmer,0caab34b2110f113,23,1531,0.9987088839049351,0.6108169044170224
no.slekt.programmer,1021c49039aeb9c7,16,679,0.995986080675748,0.6490751315625268
no.slekt.programmer,3149a937d1605da0,1,57,0.9972161055782354,0.6172821596484465
no.slekt.programmer,356fce6cbb158d54,11,472,0.9954185816305386,0.4523660689832105
no.slekt.programmer,3e26edb85970fa27,8,615,0.9984878178698415,0.5899481486758518
no.slekt.programmer,3fc37466b0a72bde,24,2356,0.9985108860615699,0.4504787226750978
no.slekt.programmer,4302dd9addf39672,7,560,0.9983426086391841,0.47592312141176546
no.slekt.programmer,49363c86ca05c9ea,1,277,0.9986288753878518,0.8219979385589538
no.slekt.programmer,4e8ae25703867363,11,593,0.9972364648830758,0.48376969838046086
no.slekt.programmer,5262d9f48c7a960d,21,1457,0.9981189267609055,0.5833371403343813
no.slekt.programmer,59674a4eb3d2eb4a,24,2760,0.9973516999613229,0.6628380336846397
no.slekt.programmer,5bf00d7de142611a,26,1711,0.994500181881383,0.5913741274312773
no.slekt.programmer,5fd9c54aebfae3e5,3,350,0.9986435100704428,0.7008460975648012
no.slekt.programmer,60049e343509b6b3,5,80,0.9825705682786982,0.591922316587821
no.slekt.programmer,6e6e8fc1e618b419,27,2007,0.9985853796765511,0.6053309799114707
no.slekt.programmer,71414b7f99b14a82,14,893,0.9989019489488599,0.7224048212222681
no.slekt.programmer,740c164a94ad4dda,39,2029,0.997206507530217,0.3976719440266554
no.slekt.programmer,7cec1901dc66de8b,29,1317,0.9988521707714028,0.5745780728686889
no.slekt.programmer,83953ec3150d4643,16,1382,0.9929862907310576,0.6392269192851747
no.slekt.programmer,8d326f4460914c70,19,1043,0.9972208157788769,0.5561159050657453
no.slekt.programmer,91f05bd8d632c8da,8,1678,0.9993440674925615,0.4580440623918266
no.slekt.programmer,963eed6cb19a3182,11,624,0.9982739355276687,0.548767472419332
no.slekt.programmer,987aef1c10cab221,14,1097,0.9980947411774002,0.5205184444256855
no.slekt.programmer,a734f4d49d51b5e0,6,1299,0.9997478616940018,0.48577291420590274
no.slekt.programmer,ab16e7622724ac3d,18,1037,0.9971437594560815,0.5088214135269593
no.slekt.programmer,b0ace1e0c145f11e,8,539,0.9972003235143738,0.42067050469234873
no.slekt.programmer,b1b5220d4826b9e6,3,156,0.9969442234493245,0.6590008599209046
no.slekt.programmer,d17601ee141c58cd,14,4476,0.9918102814957674,0.7086352406048809
no.slekt.programmer,d772a78441f54cc1,9,415,0.996964326647475,0.45135158414035387
no.slekt.programmer,da8c71703c5c9288,12,798,0.9993757482151733,0.487161729572949
no.slekt.programmer,df41b1ee7ac28fa9,2,146,0.9990620987479739,0.5777591144307864
no.slekt.programmer,e0f573172a02f071,15,1300,0.9988900588587747,0.5851564687761787
no.slekt.programmer,e18d82bd1451f3ba,11,803,0.9852468536059531,0.4501221063823779
no.slekt.programmer,e1c1929ab067f255,35,2550,0.9994096037618426,0.6298597497013756
no.slekt.programmer,e49618f3523473ad,3,394,0.9954919423479808,0.6017000230478303
no.slekt.programmer,e9192dcf48f0b409,8,681,0.9840158812188253,0.6509680147666843
no.slekt.programmer,f1abb304c0955365,15,831,0.9991385137157036,0.7393844533912464
no.slekt.programmer,f1fd21f0a5fc5eb1,19,1782,0.9971453432186737,0.6225323229580334
no.slekt.programmer,f55febc6506ec940,14,674,0.997185668543448,0.7734141292084384
no.slekt.programmer,f735facc4de2fc69,2,1221,0.9995481111122515,0.5488564713782876
no.slekt.programmer,fe9f18ef1b6afd63,11,466,0.9964659018367767,0.5699699273263705
no.sources.list,0f9ccbef1f2e5195,1,186,0.9994178071607521,0.5260027765495657
no.sources.list,1224fa07aef6354e,1,233,0.9992481801076243,0.5794656860848854
no.sources.list,20f02aa3f69874b8,1,229,0.9995029408296222,0.44393968747271817
no.sources.list,2a8694a7ecc88fcf,1,183,0.9993868326244103,0.6045116552605696
no.sources.list,2fe64b090f35cd72,1,61570,0.9998593787413161,0.4698188710293179
no.sources.list,3330371d987ede18,1,230,0.9995363621249463,0.6973985601629045
no.sources.list,38517eb2171b6fcc,1,412,0.9994922323217995,0.4145184857750254
no.sources.list,41c371c4b18d6190,1,225,0.9995413664945272,0.5548580044893333
no.sources.list,4fe005032d630b2a,1,182,0.999375093878354,0.5751358682188583
no.sources.list,55ad79ddec74780b,1,185,0.9995616948718032,0.40463585410228503
no.sources.list,5eea64915cd7a6f6,1,225,0.9994672667373686,0.7799753407292949
no.sources.list,639f51ff5986ff5a,1,179,0.9993802508824925,0.6493276215675257
no.sources.list,8d040084303a6cd9,1,309,0.9995045124413521,0.5920427316615545
no.sources.list,920a1762183bdf02,1,185,0.9994743502265471,0.6511896943010477
no.sources.list,96637e92f6f6d728,1,271,0.999505229944549,0.432178349450758
no.sources.list,99c8aca614a5867e,1,247,0.9995873550625274,0.5380049282810261
no.sources.list,9cb95468444ba569,1,182,0.9995237292845628,0.5003364050896996
no.sources.list,ae5bb3c4c3766250,1,233,0.9996021229185686,0.5818935242825045
no.sources.list,b15413c5bd5c3b30,1,399,0.999553250909401,0.46682192051619753
no.sources.list,b75176a424e2dc0a,1,190,0.9994877460703043,0.6185866169580777
no.sources.list,bae2d99ad4c703f5,1,313,0.9995123231504878,0.5226631638899908
no.sources.list,c0f6a5d0c671e3df,1,180,0.9992589503067977,0.5274099239068374
no.sources.list,c5cf2f72d9fb1904,1,183,0.9995541864372287,0.6658150284537925
no.sources.list,cab283b093cebb26,1,184,0.9993562724258152,0.5156510375765663
no.sources.list,cdaf53d30b871a0f,1,440,0.9995825572063347,0.5626939677021033
no.sources.list,d8f327da755db8ac,1,184,0.9994700856984278,0.42784812249564064
no.sources.list,df1c47666112efe9,1,184,0.9994333748888157,0.49839564500460215
no.sources.list,e6813e776edf2f2c,1,407,0.9994905390566791,0.6048968027098857
no.sources.list,e6f8bdf2e7bc9074,1,555,0.9995781294680329,0.5159270443026633
no.sources.list,e96d3a784b168107,1,271,0.9995137947558443,0.5303912870045776
no.sources.list,eb2989ac4b36584e,1,182,0.9994729183068574,0.5539494972956395
no.sources.list,ec8ecd62995d6577,1,270,0.9994875345927818,0.40778413197226276
no.sources.list,f2ccddd63d76e14d,1,268,0.9995032365527197,0.5381775608159016
no.sources.list,f8fee84e82dd0368,1,184,0.9994438863056007,0.543978499362264
no.sources.list,fd462595ccacc0d4,1,181,0.9994751995723764,0.6503782973962392
no.sources.wanted,0eb390860c7e3ce8,7,396,0.9986664102041546,0.6751167716323754
no.sources.wanted,0f95e987986a777d,4,291,0.9992970530709586,0.5003155122219437
no.sources.wanted,4030889f91f66200,16,1021,0.9964191554631308,0.45344435592800475
no.sources.wanted,42e8d7f674ede13f,4,122,0.989019781206911,0.5745942494926274
no.sources.wanted,42ea4eb7b28b6bf4,2,220,0.9995359955381893,0.6082613065774769
no.sources.wanted,5522a62f285ea70f,2,176,0.9976195555547844,0.6717195062801365
no.sources.wanted,5bbb1f91e9abcfb6,6,722,0.9993476870119599,0.46029006273285444
no.sources.wanted,649d7759ab8fad7b,2,264,0.9993937076490635,0.5934639379638545
no.sources.wanted,65da06c1ee31191e,4,396,0.9993033314641655,0.4837777982163008
no.sources.wanted,6b42e0469a38d48e,20,1177,0.9985347485621349,0.5131970825204719
no.sources.wanted,76b9ff422d177e6e,1,135,0.9931265122100049,0.7387489606220976
no.sources.wanted,aec01191268a973d,9,613,0.9979544968620504,0.46043404533515825
no.sources.wanted,b49f6540eff209de,7,292,0.9969263742038674,0.6083655375514092
no.sources.wanted,c166d25fcc24a722,4,318,0.9924274254339169,0.6409879139756561
no.sources.wanted,c216a72f77190f64,6,1072,0.9992682384577257,0.45756981235801897
no.sources.wanted,d3e6181aa0792d9f,2,261,0.9985532004937065,0.5097530165108306
no.sources.wanted,d63c6ed0d1403926,2,302,0.9993048531832004,0.5859041393971146
no.sources.wanted,d91876097ff80b10,3,182,0.9989336015018184,0.4376179460197974
no.sources.wanted,d95caf0676afb77e,10,552,0.9843663306026224,0.6206420443304157
no.sources.wanted,f342b01ceecb22ab,7,415,0.9978302080778139,0.6590195498074931
no.sources.wanted,fe722b70b4930d5f,9,687,0.9984791318448627,0.5372168084777926
no.speider,02516b0d57a60958,3,229,0.9672475981662746,0.7330331465205734
no.speider,0ccdfd2ce81545e8,20,998,0.9974116772733775,0.49747588518642416
no.speider,1b22ae1989b91180,15,758,0.992056966837872,0.608252435516529
no.speider,1e5e88dab4979596,11,535,0.9980570564512066,0.6689722130740575
no.speider,23f7a1399eddc616,12,330,0.9942621876179726,0.45085037876034023
no.speider,27dc20d5792200c9,5,318,0.9976720838969997,0.5302219661816523
no.speider,2c16346a853abb8f,10,508,0.9987257111494454,0.4370892481081787
no.speider,2dcbde0b057eab82,13,798,0.9941515578280969,0.6514633038068237
no.speider,34a985c083e7b337,7,366,0.9825032943838352,0.564916330520548
no.speider,3997501cad76d808,4,99,0.9940034695679875,0.5930372019289842
no.speider,41381820d7fb0f2b,21,733,0.9932424927825608,0.5997991312193194
no.speider,4bb13554f6c9861c,11,453,0.9947083267697376,0.7218278200342884
no.speider,51ba0e3db86967a9,7,381,0.998179907063935,0.44662011243578736
no.speider,523c612a7c5340af,3,370,0.9929185192238417,0.6046859204177654
no.speider,52e6522fd5d6009c,114,4449,0.9953886005539015,0.4622028067330089
no.speider,64ef6b1ed56ab186,44,1383,0.9813144826062794,0.5664258851744618
no.speider,676df7cf0a24984f,9,394,0.9935048564238579,0.7696923430444088
no.speider,6a96da17655d8690,8,2528,0.9963853751498792,0.6659532007698438
no.speider,7dd1432872fb07bc,7,588,0.998101500965828,0.5544954894667176
no.speider,853c227786ed0b0c,63,6312,0.9881595776924953,0.7286585829691902
no.speider,8d2e38680b1a1c02,40,2118,0.9958233659149559,0.5134374391546622
no.speider,8ec0d39d7021b873,19,1139,0.999545041205154,0.596834632213106
no.speider,99dd5fb4fda290f2,6,2211,0.9987832434037146,0.4040089155170132
no.speider,9bbbf952a7e4901d,4,790,0.9976684778939848,0.39453874805150013
no.speider,aa34b5c7174495c3,4,366,0.9959846664386866,0.47560925289774564
no.speider,ae2923dd9df636e6,1,78,0.9924646364218064,0.7021768676986756
no.speider,ae9b2bd2f29b2d5b,2,293,0.9995620464735174,0.673202312791118
no.speider,b20c7439d7378e81,7,506,0.9957017312756988,0.5526121520783468
no.speider,b8b0cab2cebcd6a4,10,636,0.9976621774735174,0.5632716795499441
no.speider,bfd2582bbe2f5165,4,1247,0.9998331076123491,0.4920050585583073
no.speider,c38ee04ce4d286c1,1,78,0.9969480366659769,0.479378243465409
no.speider,cd6bc3467808f8bf,11,575,0.994589381471344,0.44742663733855653
no.speider,ced5cbe46eb7ff8f,13,968,0.9926603968969613,0.6721461483110398
no.speider,d3f8034840d38996,15,852,0.9984757874155086,0.5113665889715742
no.speider,d82127fd6ab3922c,29,2227,0.9977285616357089,0.4603940701108115
no.speider,da8b8ed0817e79fb,4,601,0.9985792515696529,0.5931701653931751
no.speider,e2a3981c00a424ac,4,344,0.9948839683756768,0.5977785094507946
no.speider,e3795399ae825b8c,14,332,0.9945889897473439,0.6379257150842467
no.speider,e47d050f984ccca3,8,1167,0.9958861492246068,0.523089329500556
no.speider,ed333e6d61403353,8,462,0.9943810217977187,0.654350109305899
no.speider,f060a2a27d9a587e,3,78,0.9842799846316903,0.6809554794351124
no.speider,fe1a7ecd44a2c6a6,1,193,0.9982435945222716,0.6888546785160817
no.spill,0014aea2e54b3182,25,833,0.9946717629617536,0.46982299334462724
no.spill,028e24b6b903dbd7,27,1416,0.9960575116335871,0.7086051560956051
no.spill,0a131866f4a1a0d1,14,1449,0.9983878733985688,0.4811020516779852
no.spill,0fc3c6aba77898e2,13,994,0.9987870440268616,0.49908830361306616
no.spill,129d3b4170c3734e,7,382,0.998407878568704,0.4842183447103484
no.spill,12b90a153ea25a64,9,946,0.9984951134425347,0.4855360906790323
no.spill,1907110e02cd1b82,7,425,0.9963596909636973,0.7102373671179103
no.spill,1f5302d76a8709a0,4,340,0.997659449362041,0.6104554449286945
no.spill,204205c8a06655a8,5,338,0.9989862034433181,0.42712016182940216
no.spill,204dc169a36d8e6e,18,1846,0.9991197136355894,0.4418106025640987
no.spill,273984ce8a569a37,17,730,0.9923008820713817,0.4225853628459549
no.spill,34a615ae97ff4c4d,3,367,0.9988601779149768,0.5645034098516086
no.spill,3d83d4c643ffb101,9,545,0.9981879016407987,0.5438552407735963
no.spill,45ed54a7ef455811,3,779,0.9998482905791326,0.4435547753034381
no.spill,53cb2037b35fe768,10,808,0.9990567691978992,0.5473945745192156
no.spill,69746b615bf9c799,2,145,0.9935415813206407,0.28070532691375183
no.spill,6f267d4b69f48a7a,15,1403,0.9991477907489983,0.5474436954729732
no.spill,74839588c88bdef3,8,441,0.9989961841442331,0.5949232014120697
no.spill,7acd6c8367644a3e,2,120,0.9985807270056982,0.4603531247815442
no.spill,84a4fa35a1a412ba,5,664,0.9980673037162768,0.5589247899243137
no.spill,85c2b53c0a4d0f96,1,317,0.9957690984980432,0.6826895089486951
no.spill,86723626a8dc5851,11,598,0.9971969598204834,0.5807180610154202
no.spill,9f2c12e97a5e6e08,14,711,0.9947467731813512,0.39428895780616563
no.spill,a2b716d1196bc4fa,4,97,0.9972495138012446,0.5847063271799471
no.spill,a75aee74349c614b,11,346,0.981814489582902,0.46317771447594647
no.spill,aa841b20f55a0380,1,206,0.9901716289541753,0.5358135049695762
no.spill,b5a8365cd097309d,4,269,0.9957295758287125,0.6121793780922016
no.spill,b6153be7c38d5c3e,9,415,0.9975502729423346,0.6933615412007789
no.spill,b710024c63262678,2,129,0.9467862030220807,0.6765808300951823
no.spill,ba16aa0f3c42b5bb,1,125,0.9988020396652253,0.6920398220467534
no.spill,bbf7c51c2142db9d,6,401,0.9984681292888948,0.52127770564123
no.spill,bc9f8eed0bc7733a,15,1065,0.9984029089274994,0.5103125604720133
no.spill,c1115d53385769d9,4,665,0.9997996185663367,0.5898947861215315
no.spill,cf4efb06062c758d,7,759,0.9985701071374192,0.6318680381310803
no.spill,cfadc50bdef18254,2,177,0.9968328729365699,0.6609632325627846
no.spill,d0a7a91375dfeb0f,12,650,0.9910495465630599,0.6091878726729565
no.spill,d2b9b2a5c7d0b2ed,5,209,0.9927155334809749,0.5445288001853629
no.spill,dcc34043c33035dc,1,429,0.999876008225327,0.5458589475086009
no.spill,dd429aa095eab6c2,17,861,0.9845065624399385,0.5776835500515797
no.spill,eb231c23f5d4d2da,5,592,0.9952383782413458,0.5143134710273226
no.spill,ee13d9b80da0c182,4,299,0.999642561465552,0.41416029582833636
no.spill,fad6e791c26b3ce5,6,318,0.9882415892337139,0.536349744049368
no.spill,ffe956f3f11eeaa4,31,1063,0.9980868087711512,0.5536660012753527
no.spill.rollespill,001522b6fe712445,5,506,0.9996254124181532,0.4491333470400072
no.spill.rollespill,0614d51c0fac9b8b,37,2886,0.9989557629991818,0.4916936678162016
no.spill.rollespill,07cc897309e6e0f3,12,910,0.9982080567521056,0.4846053787027152
no.spill.rollespill,0bc09a6a3532006e,1,290,0.9996993248498071,0.6102430834861294
no.spill.rollespill,0c702553cd9aeea7,4,657,0.9995740046037328,0.44482248893522486
no.spill.rollespill,13f5be166b159e99,7,559,0.9957022345718395,0.6467432488130767
no.spill.rollespill,22632c39a58d3414,15,876,0.9989027063813576,0.5444749886784865
no.spill.rollespill,2bdea7029c022a85,10,657,0.9994284231892387,0.40253825560828665
no.spill.rollespill,2dbdae12115cdce3,27,1462,0.996345274957728,0.5762528782709501
no.spill.rollespill,44b6abbaf071068f,4,939,0.9994339648978459,0.6577756400891801
no.spill.rollespill,4d324fe74f81469b,14,336,0.9957056886455795,0.5196184295033791
no.spill.rollespill,579b475442233b34,33,1677,0.9937997093218423,0.541076179779003
no.spill.rollespill,5f59ec5c96b524a8,12,456,0.9940431864642253,0.6125586799577446
no.spill.rollespill,64e277ee14f0e42e,5,330,0.9983981015479604,0.5742834932729299
no.spill.rollespill,6af5cae54f21595b,1,384,0.9996141296873212,0.6156824122886312
no.spill.rollespill,6bdf7b54337c84ec,9,622,0.998149160665746,0.5521485356384502
no.spill.rollespill,6daffc3b983c4e0b,50,2603,0.998200820720956,0.5919933044263125
no.spill.rollespill,716386f4d6f81131,7,549,0.994471392200246,0.47673173118290707
no.spill.rollespill,7d85a246016d0a2c,11,483,0.9987647013350712,0.45543512876304126
no.spill.rollespill,7e38af377c3a397a,29,1567,0.9861202126786694,0.6336508953612368
no.spill.rollespill,831840fbbcda2364,31,1632,0.9946007715856172,0.5289454396123264
no.spill.rollespill,8c6dfe3cf9921363,62,5196,0.9990952090647637,0.4516119588293288
no.spill.rollespill,9202d49be87e779a,10,1276,0.9993345775347872,0.37443250690319213
no.spill.rollespill,961b77c9fa54c069,4,283,0.9979088585959259,0.5330481792293525
no.spill.rollespill,9b22ce36404ed09a,8,564,0.9980320214223135,0.5758654727372169
no.spill.rollespill,9f567ee12617db11,33,2156,0.9992271221790006,0.48207393912346874
no.spill.rollespill,ab01b92dca9913f8,21,867,0.9942743396073455,0.7501246062155267
no.spill.rollespill,b147263ddf8c24b0,2,138,0.9971094750309475,0.6910986524653461
no.spill.rollespill,bfc7991e88f83e8a,183,8187,0.9981299969017949,0.6328235913794154
no.spill.rollespill,c22f7cecdcdd318e,5,521,0.9958572291623047,0.4637990400193088
no.spill.rollespill,c5dfa4d981fa0850,115,5100,0.9975378159608923,0.400108541063265
no.spill.rollespill,cd0fb1fe9a88d919,21,1033,0.9981309591242394,0.7390519247470988
no.spill.rollespill,d0b1cdc1fa886c0d,4,487,0.9932179787761153,0.5712545247900932
no.spill.rollespill,d741407ba5f1deb2,3,315,0.9990531411214089,0.4482263685445132
no.spill.rollespill,da8c0f1c80930b1d,4,697,0.999643967278163,0.6314754142643283
no.spill.rollespill,dcc87fceaa58ae53,2,93,0.9925019111038819,0.37312778412537184
no.spill.rollespill,de85dd19d2bfa0d8,28,1840,0.9989317867098851,0.5569940408279174
no.spill.rollespill,e94219bed192917c,121,6098,0.998820523547317,0.4570420246013284
no.spill.rollespill,e9fdd794b01f228e,11,719,0.9988547470913911,0.578317044645473
no.spill.rollespill,f7871b30aecab4e2,2,565,0.9995914750694154,0.38359339751741894
no.spill.rollespill,fefe56749c8a9aff,3,368,0.9954188954941368,0.763550318947128
no.spill.rollespill,ffbacd406a44fcf0,5,525,0.9986794456592245,0.678442489306006
no.spill.sjakk,042ef0e27e5ab5ad,2,153,0.9993741450552941,0.4436003067996808
no.spill.sjakk,0e63c2f5463e5980,9,544,0.9976515433290319,0.6138888412438537
no.spill.sjakk,0f351c2dbd8cf79f,1,339,0.9996356104386038,0.370547933514629
no.spill.sjakk,1514db25a228ab4c,12,607,0.997769873561926,0.5752948555139169
no.spill.sjakk,26743b11a5661ff3,5,432,0.9985838774574725,0.4698535358722628
no.spill.sjakk,28580f6bbd1f6449,4,356,0.9988597975455743,0.43047232076036285
no.spill.sjakk,31233778b89c814c,1,515,0.9994475894338877,0.36397862232054157
no.spill.sjakk,3602a4de3544871f,2,299,0.9990902980936326,0.4301625985760176
no.spill.sjakk,470c0d7c8490331f,29,1421,0.9984710749634745,0.3632049808995041
no.spill.sjakk,4788a95cc3caa992,7,6127,0.9975280796202279,0.6824743640963941
no.spill.sjakk,4e3e50d4f442cf79,3,169,0.9951900307722641,0.5975719965099173
no.spill.sjakk,4ed33472b99072bf,1,479,0.9994639791111385,0.34735388149907026
no.spill.sjakk,4ef59af9f9c1bd35,1,65,0.9745720349249586,0.5193213422518638
no.spill.sjakk,535b78fff8e2a4b9,10,610,0.9951169355022457,0.5036673988337166
no.spill.sjakk,62af9dbe62637499,2,537,0.9995789107707937,0.4754408777259582
no.spill.sjakk,7159da4370dc5c95,4,252,0.9959634292046291,0.4915330809832716
no.spill.sjakk,7696fd58928430fa,1,570,0.9992537780207755,0.2553371677193382
no.spill.sjakk,81b41774105785f4,12,1080,0.9997231766275431,0.4127336349761288
no.spill.sjakk,858f5ea100d55597,2,564,0.9981657319873626,0.7060950911699915
no.spill.sjakk,8fe67f005be4cb31,50,2778,0.9992502325774409,0.47863944596788616
no.spill.sjakk,912b60e86229492a,1,393,0.9995421701699447,0.32175117091585775
no.spill.sjakk,9270c401b66dd884,1,526,0.9994195572018476,0.3005768842309699
no.spill.sjakk,93b662408691f457,1,537,0.9993925626695092,0.4470576203280424
no.spill.sjakk,9896d7ccf9f03b16,11,567,0.9986829892126025,0.5499351154337938
no.spill.sjakk,9ce0afbf74232f0d,1,816,0.9997285872446083,0.990742792944063
no.spill.sjakk,b17140a9d1690b5d,13,613,0.9973204666530927,0.483973112626884
no.spill.sjakk,b3edd16583f0f3a8,2,97,0.9946929993051984,0.6341720488914161
no.spill.sjakk,ba3c343f93b54bc8,13,655,0.9985327977673178,0.6550599615944946
no.spill.sjakk,bb4e988c53d12032,1,414,0.9995223104800144,0.3328033156635315
no.spill.sjakk,c1d970cb5b3b25a8,25,4942,0.9997537225509461,0.4724212787627774
no.spill.sjakk,c2c6da07cf6e1137,1,280,0.999813726866008,0.6794020296317613
no.spill.sjakk,c35b080b426c7063,2,546,0.9984147462336649,0.6774522754839247
no.spill.sjakk,d4ffccef78de0c7b,4,500,0.9994720300106851,0.402769520111355
no.spill.sjakk,e658d110399f93f3,2,126,0.9944348196095948,0.591609427969893
no.spill.sjakk,ec7580fa54c7a07c,36,1576,0.9963321571457225,0.6123173344424034
no.spill.sjakk,f35470ff865b297b,14,1397,0.9996343351023952,0.44587780045390835
no.spill.sjakk,f5e9b9cb6e03cb00,1,199,0.9987740806590211,0.45800878304316817
no.spill.sjakk,f83768cdc444212b,1,669,0.9998965088475776,0.42435741412926065
no.spill.sjakk,f881ae17aa3b44b4,39,1834,0.9970730377890937,0.5053945013026667
no.spill.sjakk,fc69c0d859ff7620,1,361,0.9995764675683229,0.3792604422258736
no.spill.sjakk,fcba90fc5df7be61,1,446,0.9994459624695952,0.2906975933715303
no.spill.sjakk,fd8df8aaca28ef7e,17,1898,0.9995358773395787,0.5049619331489386
no.sport.diverse,025ef772f143976a,1,201,0.9998956803378573,0.45875229329347533
no.sport.diverse,089dec548e977456,13,806,0.9931860622482216,0.4748974721660935
no.sport.diverse,08b04466a38b3a97,3,140,0.9961828526683771,0.4212574724497422
no.sport.diverse,0c3b7ecdf89d11c4,6,896,0.999202834803002,0.473952112995244
no.sport.diverse,0dd8f48a88f02926,11,570,0.996797744708754,0.5212218451138071
no.sport.diverse,21a00f65a5c6369d,35,805,0.9947349479383729,0.42405512610211943
no.sport.diverse,297e89bc4678e252,22,873,0.9981907555401012,0.549592068518646
no.sport.diverse,2ceec8417adba64b,33,1929,0.997429419845474,0.4199835977245265
no.sport.diverse,39d5d7861e742bdf,56,2400,0.998669907413724,0.5792953489975464
no.sport.diverse,3c39b9dafbfed522,4,180,0.9993571115301005,0.3913514827623476
no.sport.diverse,3fcd5e71c864ab78,6,389,0.9912156340275875,0.4774750889361624
no.sport.diverse,4380e1c5c091c0c0,12,414,0.9989290886274157,0.41452979348885893
no.sport.diverse,440fe06120095515,7,707,0.9997980251768696,0.4698998433848604
no.sport.diverse,4564d8c4ba773187,8,498,0.9982607895570501,0.48872043792766956
no.sport.diverse,4a6d8831e7a80014,15,1073,0.9989052072150337,0.6167536203003593
no.sport.diverse,51670522d61968f6,7,266,0.998354547850905,0.5484545341923478
no.sport.diverse,53c0d59edfbf8711,17,1156,0.9935243954850147,0.3719010979474323
no.sport.diverse,6504e5c96467f2a8,40,1576,0.9992118241528106,0.5089953740936802
no.sport.diverse,67751f717e80c8f5,14,717,0.9986398845544104,0.4686121577770845
no.sport.diverse,6d573830e568da05,2,302,0.9990787679816263,0.46263423259044234
no.sport.diverse,701d1d4bc6e8bdd8,27,1119,0.9982621585098638,0.5105400772780379
no.sport.diverse,77aa9c46f6ff6e2f,15,708,0.9977707166819817,0.454243620431825
no.sport.diverse,7deac90bd14f4c28,5,160,0.9972768207019802,0.4329267815089809
no.sport.diverse,8cbdbf941c5efea5,5,314,0.9947898405887547,0.6139522167742417
no.sport.diverse,964813ba53511377,2,698,0.999729146670184,0.32382852234339526
no.sport.diverse,9765091569641bcf,4,186,0.9987098216890636,0.40381660149481174
no.sport.diverse,98b7fff268bb1a8c,21,1115,0.9956938869781973,0.5551359995573407
no.sport.diverse,a0404cd738fff9c4,6,339,0.986959800216924,0.46962709144985165
no.sport.diverse,a4c555ea66f74a97,48,1732,0.9988788726330681,0.4407265229270478
no.sport.diverse,ab9f7bdc6bf791d7,5,210,0.9980888530113241,0.44122294953320856
no.sport.diverse,b1d67cb427db3b15,4,175,0.99697178340997,0.49998621586541214
no.sport.diverse,b2c82257bdfe5941,5,174,0.9355484272095329,0.5391416779300007
no.sport.diverse,b8b4e432cd82d9bd,8,276,0.9968183898787016,0.7098619370390146
no.sport.diverse,b8e9b743e0c39c54,4,519,0.9993923447529871,0.5103985203446779
no.sport.diverse,c25b7c1cb286decb,32,1268,0.987800507465546,0.313530550706212
no.sport.diverse,c289511668fab8ab,7,303,0.9968733517244569,0.6931785900316434
no.sport.diverse,cb1a24209eb82a3b,5,422,0.9968982093433916,0.4199248033358414
no.sport.diverse,d8a30ac03411568d,4,143,0.9977476400456995,0.7278768147559838
no.sport.diverse,e2171fad85fe2344,20,1420,0.9993871788027369,0.44310162601853054
no.sport.diverse,e77362c9f54ba32e,3,521,0.9984848490655501,0.48803303606649506
no.sport.diverse,eb2f8eddd043e23c,16,593,0.9966594804359972,0.3787778045864121
no.sport.diverse,f1f1c309df6f5e03,18,1025,0.9873312014032931,0.5956499294938878
no.sport.diverse,f46903d3b7d4d33e,7,351,0.9962365293453691,0.6251066065183156
no.sport.orientering,036ff9d63d4aac81,6,210,0.9866033848046498,0.4205831974279032
no.sport.orientering,0b130bc0d91be590,2,81,0.9621316759642398,0.5449484643023241
no.sport.orientering,0b335c2b9ee0d0b2,17,724,0.9917946683109135,0.40835568354953306
no.sport.orientering,0ca1e74f58164724,217,7255,0.9746544768805943,0.4571934527920557
no.sport.orientering,14c3ae06f39d7236,8,571,0.9942548246317332,0.7947490304373008
no.sport.orientering,27609b9ce2c97b0b,13,1483,0.9926220496161073,0.5131422203243242
no.sport.orientering,3206d6038d8d5fc8,21,1012,0.9843623629951647,0.524328213462907
no.sport.orientering,34f02e92fea4a1ca,1,143,0.9994946945935486,0.3582794207831148
no.sport.orientering,3d0c384a4773ef5c,14,2387,0.9997286836074579,0.5426363358723224
no.sport.orientering,46740c515c53409a,5,196,0.9788919622835223,0.5942373476837937
no.sport.orientering,5042b9f48dbda747,8,375,0.9843785866169956,0.41418986403727204
no.sport.orientering,5366a949619e3161,4,244,0.9776000300602116,0.4937838867561047
no.sport.orientering,56154490adee91d1,3,240,0.8968716362238424,0.5417252469324693
no.sport.orientering,56a15945312fe200,20,1219,0.9730359451825493,0.6935463670548493
no.sport.orientering,5c46552ee680eecf,4,120,0.978307280644968,0.4545038952423977
no.sport.orientering,63e73326855451de,6,350,0.9930055407277746,0.49415718052656704
no.sport.orientering,6a9f4d05ce9c482d,2,99,0.9986236807774941,0.4750030300837022
no.sport.orientering,88c1c3daac563d60,2,416,0.9986623343643748,0.6501595232800945
no.sport.orientering,95892e985690eff1,63,3238,0.9858369410980677,0.48654575118977644
no.sport.orientering,9a3ea1006913402c,25,1073,0.9385413765141812,0.45060590391629446
no.sport.orientering,a4c6f189aebcdf90,21,891,0.967813632046215,0.43490484536088525
no.sport.orientering,a8165b93490df74f,145,4743,0.9819289873913123,0.4052173955922943
no.sport.orientering,aecc012c6d33a5c1,63,2138,0.9861402781324399,0.4860432514513058
no.sport.orientering,b16a922c0546f579,10,708,0.9987376101891747,0.6927273813793383
no.sport.orientering,d9724b266e9a38dc,3,193,0.9869195639944841,0.5209634084851383
no.sport.orientering,e15dc07e58b65df4,15,1000,0.9816417088841684,0.4812740596363491
no.sport.orientering,e34445c9e6dc9012,1,77,0.9962317173797001,0.6810752428396298
no.sport.orientering,ed404d62bd1acf47,9,462,0.9992473170887733,0.4780641478326157
no.sport.orientering,fdbc106dd4f38d17,2,192,0.9990071494587912,0.7668138126975975
no.sport.orientering,fde52b552cd3a387,6,639,0.9955462284759696,0.6213971277875805
no.sport.volleyball,01eb1df40d91df6f,3,611,0.9991281863285351,0.42857262062997725
no.sport.volleyball,032c7fa718cfb195,33,2040,0.9989485708568199,0.38472704240684186
no.sport.volleyball,11b7e3ef8d4328e7,20,936,0.9972665473353668,0.38018408764372996
no.sport.volleyball,1bc7b469104fc973,13,298,0.9958480523991159,0.5291055833037935
no.sport.volleyball,26334941684d87fe,12,433,0.9970373637040193,0.46220537891752134
no.sport.volleyball,333d1abfa2ad4e25,35,1952,0.9995383925434442,0.4375109908710073
no.sport.volleyball,38e02d9a8292d090,4,443,0.9995481595434981,0.3207181377264965
no.sport.volleyball,395e13d97f330ffe,34,1995,0.998450267513026,0.4678603091873464
no.sport.volleyball,3d5444ab029f108d,2,89,0.9703140037321065,0.38057797376579316
no.sport.volleyball,4a8c00efd44d4f18,37,1553,0.9986526563441155,0.5363491918359783
no.sport.volleyball,4fe5860bfd44a208,103,4376,0.9980005762527172,0.5637291596398399
no.sport.volleyball,5b392632cb24554e,47,2113,0.9972387602623444,0.40376704751917397
no.sport.volleyball,5bc3fb98e73ed4cc,2,221,0.9997950523831625,0.7566147587675824
no.sport.volleyball,5ef9abd5ffc75087,3,130,0.997394688977179,0.4903433958102799
no.sport.volleyball,649a5b909e7a8ae3,1,100,0.9992596094088231,0.37359468450912725
no.sport.volleyball,6674c5eeb2760199,6,333,0.9993400715006068,0.49672884939270856
no.sport.volleyball,785410ece9a3e8e8,6,237,0.9984331271953586,0.38298721638536576
no.sport.volleyball,7d9a0d2076ff9a25,4,136,0.9973472543130522,0.35008172411378025
no.sport.volleyball,7e944e2b7b87f2b6,6,457,0.9953960318918225,0.4660086744643999
no.sport.volleyball,7fb949aac281d3d9,7,524,0.9989236017950626,0.43976761335088954
no.sport.volleyball,968d5cb9eb335af0,1,238,0.9998452730130087,0.38201627924016995
no.sport.volleyball,98f36b1e7b86d997,5,1980,0.9998048658467847,0.3963408210355521
no.sport.volleyball,9a2a05bdcaafc53c,60,2297,0.9973552419188483,0.5166736650282944
no.sport.volleyball,9dd265fc8f4999df,1,65,0.9960538111650905,0.4799991678346373
no.sport.volleyball,a230214d18e65514,8,495,0.9984869571257919,0.4129356513018186
no.sport.volleyball,a39bb24dcf4fa7c1,5,380,0.9995062307371032,0.41959367815180654
no.sport.volleyball,a53eec4f1009421d,17,703,0.9983333075748406,0.44194048213751436
no.sport.volleyball,ae83f1daf9f14a5f,23,912,0.9988692575415208,0.30086617495948215
no.sport.volleyball,b50113da5c3880f4,1,99,0.9993037701265972,0.2543094348880654
no.sport.volleyball,b5eaac09a59c5b86,13,467,0.9979878732561256,0.5026924957931371
no.sport.volleyball,babdf9ca392033fa,14,959,0.9973905346407169,0.5688307919850191
no.sport.volleyball,be5c8c8bb73ce107,5,195,0.9872492059609727,0.4712203868724262
no.sport.volleyball,c10f96c9d1f56f31,4,369,0.9997059237450362,0.468113959840284
no.sport.volleyball,c7af8b0585688913,37,7924,0.9994224238759305,0.2674552127543229
no.sport.volleyball,c824e99e89a6bea3,5,204,0.999346770645967,0.38310959963007163
no.sport.volleyball,cae073b1e20a7542,13,555,0.9968275374229684,0.6515245350270824
no.sport.volleyball,cb6c8b6b5e31020f,17,517,0.9937109230170625,0.4592850353506652
no.sport.volleyball,d0c328b0be1d26cd,1,69,0.9995046322641756,0.7093584917345547
no.sport.volleyball,d70f9b6783490280,7,963,0.9994075865860467,0.6099757506204917
no.sport.volleyball,e457e6f01adf148a,1,112,0.9995312433134652,0.515067858352265
no.sport.volleyball,ef610d1971a91d2d,21,1289,0.9990885871864166,0.44491886210207865
no.sport.volleyball,fa58c3fcd2c75c02,57,2922,0.9978432218633019,0.5046410204560579
no.standard,042bb89907bb6219,10,398,0.9761458146411761,0.5651883554521843
no.standard,04b3403a8af634bb,2,260,0.9989159005975213,0.6135274311078052
no.standard,0fdc1e877ee4e0ff,4,266,0.9898794717321736,0.5721327204917636
no.standard,114439781160018d,9,832,0.998844700740447,0.8661871907582365
no.standard,1d548bfb470bc197,8,248,0.9937245306582599,0.7804829073794547
no.standard,1d61dba84ed5d56a,2,192,0.9993506784617736,0.6582982664983819
no.standard,1f4cb8b7980bf5f8,4,379,0.9991340807903878,0.6457138171422916
no.standard,22200c9789220d59,5,332,0.9984896124266321,0.5610583528235672
no.standard,2ad000b76cca5dd3,1,132,0.9979973534342305,0.5859858032260594
no.standard,2f81f8b197fc7eac,4,3024,0.9983301863419435,0.4996486992163209
no.standard,2fda2ef0310a28c0,37,3668,0.9993769916411284,0.6126919071659259
no.standard,2fde7c8db3dca658,36,1163,0.9950565708303665,0.550283159314254
no.standard,38f2df46e3639aee,6,624,0.9949393035895331,0.6107102033823258
no.standard,3b4305f8d3f6cb86,42,2378,0.9991918859983903,0.53567825714315
no.standard,472200489a6fde85,7,755,0.9976130371990983,0.6649728328609955
no.standard,688908bc06bbdbe5,7,618,0.9932425733107028,0.45979593717181017
no.standard,699716542f33bfe5,34,1922,0.9900598957280443,0.6306051026351442
no.standard,7ac87140e48eaef4,7,911,0.9993345541389796,0.4379653444593676
no.standard,8447375558b213ce,2,221,0.9812814068235489,0.5475790972899377
no.standard,96e3bcb2b7b52507,3,821,0.999880201062202,0.6242785605152461
no.standard,a942888a9910e4a1,6,411,0.9987762543589138,0.5076485001962957
no.standard,ad64c02a8605d4c7,17,918,0.9892998523892251,0.6721430670368591
no.standard,b7f64155a232aece,11,508,0.99874776390507,0.4840892421728356
no.standard,c1940dfd819b27e9,14,693,0.9953267702460974,0.5801475389590804
no.standard,d38618fed712e0e6,10,659,0.9978020316421047,0.5127786948377134
no.standard,e1b8d888af31058c,27,1595,0.9991698034669056,0.4257180931450332
no.standard,e789daaa1c12c528,1,60,0.9960060283659625,0.6330891927434729
no.standard,f5436b636c48b226,7,486,0.9939307125356637,0.7077448277419296
no.standard,f8816a06e6782072,21,1420,0.9989835572051715,0.5718146007624438
no.standard,fbc34c216aaae459,3,287,0.999058587265526,0.476581718319861
no.stortinget,0010fd8ed9971256,91,4812,0.9986725016720429,0.44060870753066017
no.stortinget,0f206a8872387232,4,1843,0.9997487909611751,0.5452795577535383
no.stortinget,0fd9dd76d2743f01,47,2290,0.998197725834308,0.39436092925651794
no.stortinget,1089a18fe05a828c,12,779,0.9924510127306578,0.4306073631954988
no.stortinget,1b387fc9135dc03a,13,630,0.999153778336818,0.4853155617843155
no.stortinget,1bff07a9fa8f9718,1,483,0.9999420943441941,0.4942673922432414
no.stortinget,1d20406d888b8c6f,11,635,0.9889057038043743,0.5363791537355059
no.stortinget,21bd96b58fc3989e,4,378,0.9992716991392242,0.6763175883329294
no.stortinget,250ea36598e99c96,1,75,0.8934478945527883,0.601319756716141
no.stortinget,295ac915f02780d3,14,990,0.9980222427102251,0.42449445613714437
no.stortinget,2c6d97eee0c6ee6d,21,697,0.9967561177241474,0.6188259678700907
no.stortinget,39ac2be9c6db1fb2,4,272,0.9962168261873763,0.51029254647723
no.stortinget,3e08f2bcf8f30902,7,702,0.9995184489811719,0.49744356986610727
no.stortinget,3e225e93b6adf693,22,1176,0.9989867307823991,0.4928680743674609
no.stortinget,4245e784ffbb5139,2,240,0.9988892844812337,0.6969919837693012
no.stortinget,4cdc18e977d6a67e,72,3300,0.9986908129346052,0.46409194380601215
no.stortinget,5135bc15a7dd9ab4,5,439,0.9959496685180018,0.4440867816546071
no.stortinget,5e97cf0e6bfdfaf4,28,1596,0.9911541763040358,0.5584441503090931
no.stortinget,6016ae02a561b4f9,19,1229,0.9989976293818306,0.5416409729794502
no.stortinget,64f42837d0dd0efd,30,1579,0.9990760198344624,0.3951952092846287
no.stortinget,681ee92a647cfb8f,2,220,0.9986619193939411,0.5954663780817091
no.stortinget,6d814cbfb9d2aceb,13,925,0.99830438523384,0.5041248594717033
no.stortinget,6e45ae0dbff6c502,13,1517,0.9992153665620247,0.5038926731313386
no.stortinget,7820ca72e985ec3b,16,686,0.9965268399701916,0.49235498097813035
no.stortinget,7eb8e012f0f9c7c6,13,614,0.9965159175321932,0.44301456646086923
no.stortinget,8f02639b5e48f7f6,4,1044,0.9987018580368143,0.5181917950578755
no.stortinget,91239fcf64abd19a,13,877,0.9996837909801831,0.3596153005623256
no.stortinget,989129ba4111916d,17,1013,0.9977247209586024,0.5508738138657538
no.stortinget,a13db3e1e7dc95f0,24,1434,0.9955045466056427,0.5454544449345807
no.stortinget,a1d0b2a205299e02,8,303,0.9974258337046373,0.5710603747094053
no.stortinget,a617443ecbe6cbd2,28,1111,0.9823361928857264,0.49075544962531187
no.stortinget,ad51c1a1a920465f,6,827,0.9989329864544018,0.5589000259162389
no.stortinget,c2133164919845e2,7,683,0.9990879313897116,0.4982943654739693
no.stortinget,ca3f541a726f2108,42,1580,0.9958316710981006,0.36884728975817777
no.stortinget,caac528738c27e6f,70,3645,0.9971872049397928,0.4347943847619868
no.stortinget,d8ed883dda89883b,6,278,0.998634386870806,0.3289038263391229
no.stortinget,da64a4134a3620d7,15,704,0.993155528159878,0.6017326731199503
no.stortinget,db8c5a871969c49f,8,783,0.999500793340842,0.4877310454133819
no.stortinget,e94830381dd6f6e2,5,339,0.9944579044513349,0.584427378178638
no.stortinget,ec78d27a843dc756,34,2110,0.9931191812783207,0.49468017263817743
no.stortinget,f43eb8ed7d600f6e,4,329,0.9994224115640549,0.55451236553172
no.stortinget,fc2bb616797d07da,4,312,0.9955986304479352,0.7466246626671416
no.student.nett,003910cb3dcbc4fe,10,566,0.9973497961715259,0.7539444396588447
no.student.nett,03681a7c431f3328,68,3487,0.9969450776537782,0.4720584242999281
no.student.nett,06cae49d8bf2bbad,4,64,0.866864267072488,0.6331770742045556
no.student.nett,15941b155cc54033,3,273,0.9987524394267967,0.4418030310884994
no.student.nett,16a0b43ee8c8b0eb,2,210,0.9939600697376485,0.5767537412504464
no.student.nett,17f0f8a676068027,1,130,0.9996163391228552,0.5349723755750461
no.student.nett,195994371200611f,4,461,0.9992136292615931,0.3661922683538218
no.student.nett,290c6aaab1bd2b86,5,371,0.9966647937251336,0.5851793573700815
no.student.nett,294a20cad29266f4,19,822,0.9966851111234588,0.5801558820394558
no.student.nett,2d7a7c7458793103,8,623,0.99939161596623,0.6471364475093672
no.student.nett,2eac5eea8fb96c42,8,474,0.9980824602736449,0.4356461772392444
no.student.nett,300fb2d1e49fe5d4,11,641,0.998303710484766,0.5227643104828151
no.student.nett,3a5dff09ec794b75,8,327,0.995777201126184,0.5665619811485476
no.student.nett,3e6117518a22b4c1,3,193,0.999616558220421,0.5319458624124167
no.student.nett,4082f73a865cff37,11,426,0.9990046008687925,0.7790820031081227
no.student.nett,48ac724b311bc956,11,404,0.9985037624951926,0.47951398635125453
no.student.nett,51a435e80f47407a,2,217,0.9992329462338463,0.5406767013448853
no.student.nett,51b3dde54f1dfe4f,5,179,0.9993764204811942,0.3977795652163373
no.student.nett,564f2eb08fbc195c,3,516,0.998057585799247,0.5352059704515364
no.student.nett,609085c1944905e9,6,643,0.9985556432982919,0.5598073873899249
no.student.nett,61c7c90f4b286d54,2,292,0.9995801685822209,0.6311314932103095
no.student.nett,63e879c854c78e3d,12,959,0.9986275340294085,0.7263060485072977
no.student.nett,663a7b6e6c56ef3b,2,541,0.9990447024443941,0.5078304098166697
no.student.nett,6b72cee580121f9f,3,117,0.996924222932887,0.42183048631913395
no.student.nett,82dcd913666657fe,4,204,0.9773462690039619,0.6609300904564281
no.student.nett,8c07160d37d81eba,4,141,0.9879091049446301,0.7353061497330273
no.student.nett,9105719af463d2cc,7,543,0.9983520181188601,0.49799231074237565
no.student.nett,954729b584abeb02,5,701,0.9986921420125896,0.5074399762117034
no.student.nett,9912b4d652df9b23,14,756,0.9974710327778962,0.4465392900996137
no.student.nett,9fa43ce731ddc82d,5,179,0.9938378411759471,0.6672857692969589
no.student.nett,a3bbccd72d09d19e,7,505,0.9951359415657349,0.5778415773552714
no.student.nett,a3e68ec0bab62ea7,5,272,0.9974322224240151,0.4561772397815899
no.student.nett,a7f637d4c7f86d6c,15,843,0.9952657911266382,0.5405959194056165
no.student.nett,aa9e282e9613ac73,8,531,0.9983054173762104,0.401107184789349
no.student.nett,b19c5605c99b8109,4,1137,0.9997116998121848,0.4660895958876451
no.student.nett,c42e437230ee4fab,31,1207,0.9960798860101737,0.572711861294096
no.student.nett,db6c640c019ec82f,5,422,0.9953369173494068,0.5593829750072961
no.student.nett,ddb166ec95c7cd5a,13,629,0.991969095039578,0.41181975145837063
no.student.nett,f3443abde9f8d5c4,4,342,0.9919599660186378,0.7593726233524818
no.student.nett,f80e9d028c20b2ee,29,1752,0.998265316300424,0.5890090530997328
no.student.nett,fc0070734ad40eed,12,895,0.9939152966004562,0.5007763858589069
no.student.nett,ff7829e49c8525f7,46,2336,0.9814432682603333,0.5737612110109521
no.student.samfund,00787e1f0c6fd196,98,4052,0.9968355608849653,0.4649909332743776
no.student.samfund,041276fbb3715ff9,10,794,0.998336110302243,0.37819425108970545
no.student.samfund,04faf9900047349b,10,554,0.9983189199831634,0.5249878903606033
no.student.samfund,0b8232cbe3a0d5ad,1,131,0.9983810203892756,0.5368542042568435
no.student.samfund,13c9dbc80d29f3ed,4,708,0.9988340888329599,0.5551431933264247
no.student.samfund,162e29be3625ae1d,14,702,0.990943958144649,0.6247428818027717
no.student.samfund,1b6a216306099595,3,177,0.9992274388677265,0.6813156672538463
no.student.samfund,1f2d5228e22df8a2,4,246,0.9977920688184114,0.5336124177260441
no.student.samfund,2e09f5cd4f4fb4d9,8,812,0.9759998438507657,0.553867215141529
no.student.samfund,2e7c18f887e28b4e,10,1143,0.9995776385131583,0.5845104184017574
no.student.samfund,3005430c861025d5,2,426,0.9994346270018916,0.5023550231897355
no.student.samfund,32aca8702b68cfae,40,1725,0.9879459889855354,0.4630578514933095
no.student.samfund,3491f0a996bd574f,22,1217,0.9970605285240204,0.6233141125292558
no.student.samfund,48356ae966efe889,2,364,0.9969208632988564,0.6914546542522929
no.student.samfund,4840a043384efd1e,8,612,0.997873653826948,0.46610480461103626
no.student.samfund,4ba62a9e731aa2cb,4,346,0.9988006238924239,0.6617183851951186
no.student.samfund,52f9442d4393b006,6,1062,0.9983977084585568,0.38602177792780157
no.student.samfund,599053a0ea157357,16,431,0.9704692090034709,0.6560060688385083
no.student.samfund,5ad57ce34b3415cb,3,482,0.9991941587667134,0.5539735187596182
no.student.samfund,5c55ed750c70c7df,5,176,0.9219604746055949,0.7525082326024368
no.student.samfund,5fb508869639d8ba,4,465,0.9919001390562799,0.5201652114643991
no.student.samfund,67b6535822fd0fa7,15,648,0.9958217086509578,0.6090978413759947
no.student.samfund,69f053a8a70329fd,2,331,0.9997085320986218,0.42573461430872306
no.student.samfund,6c30c0700e297d14,4,275,0.9979867347818095,0.5135737838970812
no.student.samfund,6e60de7f5e1e76ad,20,1835,0.9990962281574818,0.6873904255916625
no.student.samfund,6fc40f2c6951261c,7,353,0.9993965210979568,0.42777955513231886
no.student.samfund,7e4835ca7bfa8fd5,7,146,0.9612001911367358,0.6360122198432939
no.student.samfund,84036726a4dbaa3a,10,972,0.9995325552331906,0.5810806229057084
no.student.samfund,843c674e462835b3,2,316,0.9984336200047608,0.6226415954555818
no.student.samfund,9422f468a057fb26,5,306,0.99850520576188,0.5906118910822334
no.student.samfund,9a2332bf24135d1f,26,1374,0.9892035995551216,0.4289227540877081
no.student.samfund,a33505e10dcebcbf,196,8487,0.9863759363046855,0.31626434450829755
no.student.samfund,a706d585a1f207eb,2,46,0.9828801398629203,0.4777689324805014
no.student.samfund,c7261c941f34e093,9,756,0.9977980243491765,0.479155466257683
no.student.samfund,c837cf2f0f4c3219,11,697,0.9982228589712596,0.6452090769995262
no.student.samfund,cd38a211919caa00,12,620,0.9914847440770035,0.5349419345573518
no.student.samfund,cf77d7326a3dad2a,28,2091,0.9972795723685713,0.6089435412688122
no.student.samfund,d803cf395c41da4a,2,136,0.9808038995374176,0.5836126832594009
no.student.samfund,d9ec25cbe22de775,9,1578,0.999568226508605,0.47637538614794833
no.student.samfund,e0364fa1ddb0ca92,1,394,0.9984632353710926,0.5864186191704334
no.student.samfund,e0ff145f2891db93,10,955,0.9980713890395874,0.503330598704681
no.student.samfund,e219e2f326ecb737,5,132,0.9507956649053342,0.5104497805541784
no.svar,00fa1b975d43cf9d,8,1515,0.9996063175369138,0.6399789127645693
no.svar,08c61117ddfd5dfe,8,1520,0.9996083072991777,0.5090640798434777
no.svar,14435293f86df75b,8,1515,0.9996063175369138,0.37330891109284287
no.svar,1fc5c160f9d845de,8,1515,0.9996063175369138,0.6846649901030346
no.svar,20d079feb03c0706,8,1520,0.9996083072991777,0.561674844926341
no.svar,24a5da33389042b6,269,14565,0.9942475273781421,0.7373132034689597
no.svar,24ca256b7485e99e,74,4863,0.9988839849262422,0.6013985844399699
no.svar,285ab006dc9daa9e,8,1519,0.9996157594328522,0.3930309294785462
no.svar,2eaec74a82ff8471,8,1520,0.9996083072991777,0.44289459033875106
no.svar,39ad6bb1cdb2d153,8,1515,0.9996063175369138,0.5455010847787096
no.svar,5ba991280673e230,8,1515,0.9996063175369138,0.40784316696846806
no.svar,6173653ea6002c7c,266,14324,0.9937070145198182,0.7547215238426475
no.svar,638edf8a23769c44,8,1519,0.9996157594328522,0.4227470416246899
no.svar,64021be4f3d6998a,8,1519,0.9996157594328522,0.5709801817776122
no.svar,6dfee907786b7f4f,8,1519,0.9996157594328522,0.5178116751112485
no.svar,8bbb123f0dcf8d9a,8,1515,0.9996063175369138,0.6553437227155635
no.svar,92a5ec2902393a9f,143,10713,0.9988121216323176,0.6970832262695351
no.svar,95847b5d6f80a591,138,8935,0.9980924080795961,0.6511666072162549
no.svar,9bf1011d9dd8a690,8,1519,0.9996157594328522,0.8521298274615403
no.svar,a1a0781adf5411bc,8,1519,0.9996157594328522,0.568305681363705
no.svar,a3a19d184b7b5681,120,7866,0.99778694828797,0.6065560393782217
no.svar,a8248a2aeac1ec3f,8,1515,0.9996063175369138,0.4469078833494973
no.svar,adc7bb18042d46d1,120,7866,0.99778694828797,0.40064526250282667
no.svar,afd0a67708fae05c,8,1519,0.9996157594328522,0.4570837799067861
no.svar,afd422926b1f08e3,8,1519,0.9996157594328522,0.45600319658436456
no.svar,b0f3a3635e92ccab,8,1519,0.9996157594328522,0.5398800779450796
no.svar,b1a9462ce4ab1448,8,1515,0.9996063175369138,0.6287051115171649
no.svar,b1e70365c28881b9,8,1515,0.9996063175369138,0.4723174571140925
no.svar,b687ea1d39f232c4,266,14324,0.9937070145198182,0.5509175311103103
no.svar,bc3a3338c8fae64a,74,4835,0.9987669424716152,0.6732697796411846
no.svar,c1f56c570f5d2374,8,1519,0.9996157594328522,0.7395907286899254
no.svar,d4a617a58b5b8ca0,74,4835,0.9987669424716152,0.6716540741490482
no.svar,d8aeffc6d79f3d01,8,1515,0.9996063175369138,0.5460584317547698
no.svar,e46eb67a9ce4abc9,8,1515,0.9996063175369138,0.7220472039921054
no.svar,ef7fd6627ac2784b,8,1515,0.9996063175369138,0.6600524101105756
no.svar,fe2a99141b5f4173,8,1515,0.9996063175369138,0.4814484077843881
no.svar,fe9d0f9dc7fc8dea,8,1515,0.9996063175369138,0.5267698650748958
no.sykkel,04b12df3eda94371,6,795,0.9931313676018144,0.5561377810547957
no.sykkel,07e368848a527bc1,54,2648,0.9760955262306096,0.38372468088808587
no.sykkel,0960d6a9ca275c38,4,626,0.9986754066880442,0.4726186738245933
no.sykkel,1354a3988d0a8a9d,5,252,0.9831795785127456,0.7589874781594651
no.sykkel,1a17b1697c2135a4,18,1075,0.9665076056421024,0.4788056579173115
no.sykkel,2aefc483060c15fc,10,839,0.9995142951874157,0.5293752946189347
no.sykkel,2d08e337807c9a55,8,1042,0.9951247823919248,0.3880424611163269
no.sykkel,2ee26d8c2ae23ee1,28,1544,0.9989071849862147,0.4937194226405018
no.sykkel,30503459c08b5023,4,280,0.9445408753937945,0.5212655903059872
no.sykkel,3cc67024a22c4c31,2,457,0.9993363685678608,0.5264602552003979
no.sykkel,43d6e84090494e66,9,425,0.9980033235143209,0.4415447868972039
no.sykkel,43d83e8e9eb02bcc,7,280,0.9860947072823243,0.48603731061113503
no.sykkel,462ad61b7d72d1ec,27,1093,0.9962902576001503,0.5668245275872299
no.sykkel,4c13e408cf45528a,18,668,0.9874480430660598,0.48082092447508257
no.sykkel,4e1ef7ea39be9408,19,1102,0.9974811005414183,0.4747887393896185
no.sykkel,52f68ccd96152177,9,1143,0.991039896840731,0.626103328309834
no.sykkel,53558e92a4743bb6,3,455,0.9936867167542615,0.47268718837908635
no.sykkel,59f9697f27c697eb,6,212,0.9905882634692019,0.5533324380737504
no.sykkel,65f1eae80c8365a2,3,1175,0.9991810719545678,0.40868301344398655
no.sykkel,6b7819e6c8cd9b7a,10,794,0.992600698900608,0.573292599974591
no.sykkel,6bb388f4933ed966,2,660,0.9992814489609791,0.521214256998276
no.sykkel,72a26b04cc06390f,5,265,0.9978305864694798,0.4592734659086459
no.sykkel,72d197beddbcd5fa,4,522,0.9995433997982602,0.45753367786295107
no.sykkel,74fb43be5c14172d,3,241,0.9981575843591699,0.42764413522379674
no.sykkel,7cb9c0af8a2b58aa,2,1130,0.999870904557729,0.45348941374014307
no.sykkel,8ff1531e8d831f33,5,2192,0.9999312176508592,0.445865900909536
no.sykkel,a15841d248a1599c,6,242,0.9981656288284756,0.5824729208677831
no.sykkel,a2283e60b67249e6,3,1828,0.9998502294939935,0.5858669465618227
no.sykkel,a5b73d0307d67ddf,21,749,0.9967472242502974,0.5151227477819279
no.sykkel,b154194a6376516a,33,2233,0.9988910338834016,0.5681982971253127
no.sykkel,bf07cb536a1ece7c,5,363,0.9981948301284679,0.6290116174526754
no.sykkel,c7ece9d9a7000ae8,1,112,0.9952779452064294,0.48608037777968394
no.sykkel,cfbb6238c4f23054,2,414,0.9998051907288079,0.47374605441360707
no.sykkel,e220f8db48bcc4b9,12,846,0.997372258211017,0.4593675987371612
no.sykkel,e67ba4cd3f0dedc5,23,866,0.9975789014196735,0.63529832942584
no.sykkel,e8b27e57ca0525b7,23,1604,0.9961434341264236,0.41964249221116384
no.sykkel,e9118d8b7d902929,17,1500,0.9974783177762327,0.46003244929438775
no.sykkel,ef47fab2b895978a,4,389,0.9970375114251161,0.6240709665897108
no.sykkel,ef7ecd69e8a53cb6,26,1783,0.997350048337146,0.5423033861103443
no.sykkel,f0c87f8e9aaacf41,4,474,0.999666446285122,0.4376432880171402
no.sykkel,f4dc05dc7447c092,20,1002,0.997704186350431,0.5132340714613848
no.sykkel,ff359e653e1a1638,3,325,0.9992246383943986,0.4999024005449651
no.tegnsett,0bc1871fae987a2d,4,337,0.9988039332683061,0.6230249064429436
no.tegnsett,0e5aef16e71bed73,7,590,0.9990463308343581,0.506375062776086
no.tegnsett,0f9ec44a630a90cb,2,305,0.9984445338889217,0.6069812689324331
no.tegnsett,26eb1f9c01a3cb0a,56,3047,0.9993089359554936,0.5467416843179008
no.tegnsett,2c1b104edd26a034,1,330,0.9999064857622493,0.7008432604259944
no.tegnsett,3c510368d9220bac,5,452,0.9995183134868936,0.754802635682426
no.tegnsett,47b790be29a303ab,18,1590,0.9992787668496054,0.5887311084645223
no.tegnsett,4b81ffcd1b92ea42,3,581,0.9983331830426998,0.728403583713383
no.tegnsett,52a9f358315384bb,13,1008,0.9994545846578987,0.6729529075243774
no.tegnsett,54263210f288728a,7,288,0.9951084920191267,0.7193512363093142
no.tegnsett,63ff64b13529e647,13,1032,0.9995799760581893,0.4647162320349703
no.tegnsett,6c85ce53f93afa54,2,433,0.9996287816040317,0.46242432359258717
no.tegnsett,6ed9e4cba3293671,12,733,0.9940811071998836,0.5652959550845811
no.tegnsett,6f57f42038bcb418,12,575,0.9978029261373237,0.6503603892766878
no.tegnsett,6f8d6d59abccf092,55,2053,0.9953334754409418,0.5964838958064855
no.tegnsett,75061887c2b28e2b,4,342,0.9995049257641594,0.5779129721572482
no.tegnsett,79b9d51fba0a6b60,1,286,0.9989609616586821,0.5804165419342066
no.tegnsett,80125c5a50c47c48,2,160,0.9995205509946622,0.3884946855502534
no.tegnsett,8584ac88f80432a3,14,540,0.9967278299983209,0.5690400048439551
no.tegnsett,8704db06f7e624d8,7,372,0.9980879474140666,0.6375914122594271
no.tegnsett,8b7f8f357522055e,12,484,0.9989566345776029,0.6099983935222546
no.tegnsett,9c277455016c2ced,4,415,0.998147147361216,0.5392158171301347
no.tegnsett,9f05673a320c7770,20,971,0.9981319983044551,0.6646666137524959
no.tegnsett,9f2e092d88675aee,33,1435,0.9945983923176795,0.4851917644653689
no.tegnsett,9f7154275f14df68,3,472,0.9984112339651515,0.7256967327102529
no.tegnsett,a4568bb045137b38,10,442,0.9951396742471709,0.6563377065387858
no.tegnsett,a7cc8cba5d89a118,35,1449,0.9966307611251878,0.3542095233516383
no.tegnsett,c9cb4fec03570c64,8,697,0.997552140454793,0.6059874539269798
no.tegnsett,d22c1b350551c723,24,1692,0.9986149703393798,0.7253627463575688
no.tegnsett,d505600fdd1583f2,2,336,0.998331783674918,0.6791850524842565
no.tegnsett,d69de36c6b6c754f,3,1807,0.9998669729238827,0.6841259716058751
no.tegnsett,d8e18fc8355048fb,82,5541,0.9984905738030335,0.5951390227208697
no.tegnsett,db52ac6a03821e69,20,901,0.9976754325713041,0.35394211990993846
no.tegnsett,e31713359778a639,6,374,0.9987683052147318,0.5336918084587319
no.tegnsett,e34a2dd66bc0eeb5,3,174,0.9866812019344922,0.6292397512794347
no.tegnsett,e3ed37a9833a6539,6,446,0.9977533447603757,0.5853417920284917
no.tegnsett,f070fd3e11a232f3,3,322,0.9994161304725325,0.5456601059790704
no.tegnsett,f34eb474d8a617ea,7,451,0.999009124276416,0.5806467380485913
no.tegnsett,f399d895fe18df80,5,271,0.9993563225910054,0.788344900869559
no.tegnsett,f5b548581431c2eb,13,1100,0.9988781984261524,0.6401270977767585
no.tegnsett,fa095b96f95569cf,7,620,0.9928742008649121,0.7756908894272108
no.tegnsett,fcc9f428c82cc31b,14,972,0.9980713908557608,0.4933392623197998
no.tele,0322af68b122eed4,8,570,0.9992220802379539,0.36230785344648225
no.tele,1149f5ca6906f63b,9,1245,0.9993430752278893,0.6219034542928313
no.tele,16a4f7b31115a5e7,9,648,0.9989816381934825,0.562728533574367
no.tele,1a768768c6d1fd9b,92,6178,0.9986692966088823,0.6722177308408571
no.tele,254d64b2642e1a2b,7,480,0.9985612252484419,0.6354851321291147
no.tele,255e99e1cec27463,25,949,0.998091459297074,0.524697611645937
no.tele,26e975443b047b9d,7,510,0.993426841756566,0.6083778625579224
no.tele,26ee1f60f7bfe953,26,1144,0.9983593112100247,0.5674571587591604
no.tele,2a30dfe2cadce009,2,808,0.999965905206325,0.5612161467056459
no.tele,2a81f744167475f6,14,921,0.9996909873504668,0.6134765763524587
no.tele,2b58777f31f3e505,11,372,0.9978392149839821,0.6684669952121607
no.tele,2e1eee2ebeb57132,17,1307,0.9988596949176991,0.46581667239933244
no.tele,3a0db4b8926d6d33,54,3033,0.999344468019667,0.5504266729258431
no.tele,3b4ae17cf0d3a6d1,17,1565,0.9989371925264792,0.5144684312618129
no.tele,3c053a90802dddfe,9,661,0.998982553459582,0.5516948822069339
no.tele,41652793ac3593f2,1,499,0.9985097602544417,0.5858080956211242
no.tele,444781f59f0697eb,20,1570,0.9985499927350255,0.6587868599689932
no.tele,49046534da4f00b7,20,1201,0.9990500326317233,0.4452564923892101
no.tele,4d75fe75ae2644ec,13,711,0.9976939485656278,0.5009206223265763
no.tele,4ff234a3e294e35a,4,1054,0.9968769001257106,0.6022393152140267
no.tele,56bf8fd84e4fbde5,33,1860,0.9988658233980618,0.5494260433020666
no.tele,5cda60c10d6e2ea1,22,772,0.9987764131106334,0.4195184105981001
no.tele,65f6eff28ab3a9dc,19,1039,0.9972654373727518,0.6753934649431226
no.tele,6ae88a57800a8ec1,5,425,0.9987846172618716,0.6662758297722721
no.tele,6c64bea7dcb32ffc,5,515,0.9991631609590718,0.667108650414142
no.tele,7a5b4508f5457ba4,6,311,0.9863846033254978,0.5635499463888916
no.tele,7dde6be5e639bf4a,12,671,0.9980081236718303,0.6052390503901764
no.tele,8a7c16b44e012e5e,2,219,0.9992614281081494,0.49203539675793634
no.tele,91216ee89184ae2a,16,830,0.998607289773384,0.4620557209887392
no.tele,9de752fcb9f21259,11,666,0.997998799363966,0.5555852592654297
no.tele,a0fa4f6d3886a4c0,15,931,0.9992058250912772,0.5600533607176665
no.tele,b22dd44135364a26,6,1206,0.9976201703419731,0.5509649709575638
no.tele,b53698e7333770b0,8,387,0.995871052350367,0.6632848754844206
no.tele,be5a9f733f9c51db,3,481,0.9992334609400931,0.6526585427178156
no.tele,d99463b474965fe2,8,681,0.998040187718984,0.5521238804540267
no.tele,dbd99b5477e1b4d4,2,401,0.9997706390032918,0.6255082792395933
no.tele,e0eb4060616aa402,4,126,0.9925426854763346,0.6035718570921125
no.tele,f423ddb7e692b82e,6,600,0.9992240967443602,0.4565222080342759
no.tele,f4c8783d91f2c302,13,937,0.9980200802964417,0.6450591497058976
no.tele,f6dec7ebf09d0f2e,4,345,0.9973299382724169,0.6909473692986696
no.tele,f8068672dc32543c,13,588,0.997796950941384,0.656471579109465
no.tele,fcca665908a95aab,2,531,0.9959854232390994,0.433725941215073
no.telepost,0c03760416a9fd29,7,258,0.9925989585601049,0.610991499223107
no.telepost,12e8e04fe0edc217,20,1155,0.9975892258883751,0.6488247612670952
no.telepost,16e367c276635fe4,25,1566,0.9986979109397834,0.5204179733336416
no.telepost,16f93731b5dbc8a6,10,178,0.9863243116952958,0.6901082247624306
no.telepost,29a55991c91e1ab6,2,151,0.998446480102851,0.5835513122519399
no.telepost,331c18844a05821a,11,1008,0.9994629430077174,0.46047469031457816
no.telepost,3b504b2e3b91f722,7,339,0.9925071871299546,0.4170022905435109
no.telepost,462804c440058680,2,647,0.9974922285858362,0.535765977244724
no.telepost,47870752118ef637,9,353,0.9977546048579922,0.7630139751338534
no.telepost,4b83e1f96739e462,42,1226,0.9963141068230823,0.419763841074216
no.telepost,4ca4833d7aad69de,11,572,0.9968363859779641,0.5720180807971672
no.telepost,572c6b76993a554f,11,626,0.9993738291110168,0.5813622634408038
no.telepost,5d8681045ad5d086,13,797,0.995039653116368,0.5866637262827045
no.telepost,6583babe233554df,16,861,0.9962264647182674,0.5103722903333726
no.telepost,659e8a651c3ca73a,4,205,0.9937817800201162,0.7689626771034586
no.telepost,67d4f3b821f55528,6,444,0.9988986791519222,0.5229028843321931
no.telepost,6853572a872405a8,4,204,0.9936917099092369,0.6816629296320244
no.telepost,6ab5e015f7623266,24,4347,0.9985130502609579,0.5820744266982911
no.telepost,70b7819ed3cda53f,15,902,0.9989945406135124,0.6952493783755362
no.telepost,794e8521dfbd9c97,3,309,0.998913441725326,0.40319072758244856
no.telepost,7c7932b82bf2e9f7,5,338,0.9989194334163591,0.6500969862984114
no.telepost,826ca01872dc44f8,1,147,0.9992206669911212,0.677851486810238
no.telepost,83408c7bd1b1858c,21,1383,0.9980396039498723,0.419709436505251
no.telepost,87c22956aef8c120,22,954,0.9930627337143618,0.5565898513542465
no.telepost,8bf5911274a273ff,10,556,0.9984737114731901,0.607573097561788
no.telepost,9039d2decec90f62,20,2062,0.9988713333022209,0.7390048222556812
no.telepost,96099bb61a11a002,16,831,0.9984185765468169,0.6603932861591124
no.telepost,9a3bffdaea50c65a,12,633,0.9981300359796205,0.6616418293789504
no.telepost,9b3b0917876961a9,10,581,0.9975192530753468,0.7109363014400168
no.telepost,9c1db8472bc57441,30,1410,0.9984088965567753,0.41210425862956535
no.telepost,a183fecafded1bb7,9,387,0.9983038481157629,0.4963447854197809
no.telepost,a57276bfaa9040e4,4,295,0.9986261269205404,0.6374343059076625
no.telepost,aa4fae108084370a,3,181,0.9951391297989405,0.5533461311442718
no.telepost,aae3048c351bb579,28,1753,0.99302767392536,0.5073167853200232
no.telepost,accbc1efad4b1ebe,10,583,0.9986163768253447,0.7742295817847092
no.telepost,acd5252bb1215904,4,614,0.9988781332567651,0.4796020672964425
no.telepost,bb921e4aaf5e27ef,9,518,0.992165922428499,0.5876640857820828
no.telepost,c54e5e14513bd2ea,3,112,0.995165556013489,0.6129592710986783
no.telepost,cadab1b2e1ef8d83,24,1249,0.999130922716238,0.6822696078069721
no.telepost,efa12377617ec6be,33,1872,0.9990929045942627,0.8039427121979321
no.telepost,f42d90edb7682ad4,5,225,0.996768003487296,0.5413734282930143
no.telepost,fd229ed995d30756,18,919,0.9979226181745646,0.5597379370509076
no.test,0c2c5f16c853f308,3,115,0.9878409682034439,0.618489274653396
no.test,0f6da2991f4b2c10,1,264,0.9725206281117683,0.43741285154509385
no.test,16bdc4830c0e4fee,1,79,0.9975759602778439,0.702074435002739
no.test,200c18cecaae7dd4,6,91,0.8997482842312469,0.5645439350690177
no.test,25d76b81f4f3cde4,4,194,0.9973062874735258,0.6405855184651125
no.test,298c25bd1eeb6cae,2,82,0.994955810261572,0.8010317688826987
no.test,2ad6300788113680,1,252,0.998737798780573,0.7089910847513096
no.test,31f0200168e27f7f,4,209,0.9752762325429692,0.6136252079114431
no.test,3b7010ac1bed6eb8,8,1070,0.9991407263256316,0.7412045618018234
no.test,3ea714210f79cf06,3,168,0.992904998912647,0.8463067376388496
no.test,3ef81f26ca5b99d0,7,196,0.9715291865766433,0.48626566488541084
no.test,4213bab8c41a4daf,13,1280,0.9989744206860027,0.6842673277049987
no.test,42a76d7529b52177,2,80,0.9786859840358202,0.6065697925392072
no.test,4410750875c20a29,11,1178,0.9993591594637689,0.6640273420441808
no.test,4e8e35bdcfcabd61,11,1542,0.9989152552461427,0.5540651943173679
no.test,511f72c834603e44,6,125,0.9800817246825181,0.6974578003983107
no.test,53c5b259ad0eb88c,22,249,0.9285224840595666,0.7008424499795284
no.test,551d70aa746822d0,6,7,0.5564757187379825,0.5181505251034496
no.test,6087c0abd58ea7ca,5,67,0.9436357719145014,0.8182831630015205
no.test,619539d5f6eab679,8,1166,0.9992732776696432,0.6724131401583532
no.test,68e7ea02433b7968,8,1049,0.9993382450377342,0.806641150296551
no.test,69bb74045338620d,3,224,0.9975852972159679,0.6637077533787757
no.test,76e0238f60162dd3,4,80,0.9708866524842232,0.5993160146579336
no.test,80bca8fe93ae1e65,7,218,0.9119618850156223,0.5712299937726748
no.test,83418e92dcad2a35,4,318,0.9943065432258964,0.6263335272685692
no.test,8afb8028350ae623,1,72,0.9963065849663353,0.5359805905809377
no.test,a13c73b191ae9c8d,2,62,0.9727568844703168,0.4337842462207088
no.test,a170058f8bde12f5,6,6,0.7570438905296727,0.5194682513505515
no.test,a2a32d832899b27b,2,105,0.9984679278606424,0.6765483261705718
no.test,a3a6a6a07c4c2f9c,17,696,0.9925901654203151,0.7690145787491106
no.test,a67cdce7d4c640fb,8,1112,0.9992564177065496,0.7181415122162181
no.test,af37344b947ce93f,8,1034,0.999423241736996,0.5712943483119902
no.test,afd477e0af8636a0,8,981,0.9983969056937518,0.5769644103312211
no.test,b580d4c3ee4dda68,2,87,0.9982392357386708,0.6667739568954818
no.test,ce5d480d45ac92f7,9,1158,0.9985799119659506,0.5262866795831022
no.test,ce8503788762c68e,8,1141,0.9989524085007521,0.7047954807440053
no.test,dac3df1218faaf93,8,1112,0.9992934345903203,0.5580600109401922
no.test,df0e69743c78aba5,1,71,0.9803737246250833,0.5896209791285023
no.test,e7e2b95bbe9f68c9,11,1505,0.9988279909974627,0.6498507215362633
no.test,eb36711b3175df5c,8,1024,0.9991795569902118,0.7120274737848252
no.test,f58bb48ae24c5b26,3,58,0.9676378697994037,0.5403046055877052
no.test,faffcfa17f543c9f,5,95,0.9392669880319886,0.5082764843004306
no.tex,1503e9bb8cd16d73,11,638,0.9988936313933187,0.3966386966293861
no.tex,1a7017136c0ed09e,9,692,0.9992761503301273,0.7661356168077607
no.tex,363af392bc3f8055,6,717,0.9986444533708194,0.5022343696503934
no.tex,37c7057ddd7857c4,3,286,0.9993937311381144,0.4182325966308559
no.tex,37e355ca60cf21ee,9,832,0.998844700740447,0.43442727091586514
no.tex,3905c11a44be7eb5,21,1365,0.9984402853721617,0.422945335858233
no.tex,4c9995c2332ff3d5,6,956,0.9995544714809127,0.5431318730332908
no.tex,519fea73cbd2088b,12,938,0.9991368866521725,0.4542688667072474
no.tex,5b6740daf3e44a91,2,735,0.999665427191218,0.5695889628342926
no.tex,5e08bd02b07e2c87,4,877,0.9995273069372117,0.5517487806602703
no.tex,5eb781e0f26f8a82,6,195,0.9893662500473521,0.6412235464930707
no.tex,69c0ddffa823c80f,3,552,0.9910681028437113,0.626331516390501
no.tex,6d51cb362300770b,24,1235,0.9884890674527043,0.44959939443329705
no.tex,6ec536c1a0e48b67,5,539,0.9973904094739839,0.5352031005336446
no.tex,71724a656d6c093f,8,354,0.9989654785460479,0.4183089568838847
no.tex,74749c7c45b74e76,36,1755,0.9983206217021683,0.5318663265062679
no.tex,8001f624651348a2,4,760,0.9997977464078575,0.5786100194259632
no.tex,8230bd787c3885ed,7,328,0.9990852403675223,0.4587113850776328
no.tex,8eea87326790efcc,10,828,0.998759158129429,0.507622382139511
no.tex,95a22eaca21daaac,13,626,0.9989218142344155,0.44370047077623087
no.tex,98c07a9a78e8d254,19,901,0.9993355114622184,0.768012694028542
no.tex,a0da4c3125e02513,6,392,0.9987469070863138,0.6644288901755019
no.tex,a1ce41bff00289eb,4,333,0.9988930231277884,0.44469524877474215
no.tex,a722e068fa7784e8,21,1187,0.9974341821137143,0.5630685363104475
no.tex,a7253e4c98d1d60b,3,330,0.9997019888957498,0.3825604299484499
no.tex,a9fbb9db1e397ffd,16,915,0.9979289549372465,0.5090652284725603
no.tex,b1e9a670928fe8c7,7,759,0.9996144603977628,0.4968772704530627
no.tex,bc39728a33d87f0a,13,800,0.9988435151879429,0.4905094387869333
no.tex,c1d51b3458bc6d2a,3,390,0.9996685002231191,0.6016367240611802
no.tex,c541728de260ec18,7,425,0.9950181089835668,0.5540510391397355
no.tex,c9ed3dca5d8bb231,13,529,0.9925831656569418,0.5534977446989998
no.tex,cd0770ff8adf8a15,1,444,0.9994558743100674,0.4282107580369088
no.tex,d0a8441b9dbd2b62,6,949,0.9937339588553376,0.7040118407603165
no.tex,d2b32e3f7be649c7,24,1191,0.9974225858172692,0.5618193095532267
no.tex,d5c0145b03194289,6,433,0.9983840689709348,0.5394216811139795
no.tex,d72012848c1e79cb,2,575,0.9998405001053773,0.4186558931688673
no.tex,d776e580e592b12c,17,943,0.9986337539941759,0.4733937744551171
no.tex,d9839b75b4f9dc08,4,308,0.9967807455871516,0.39421299190906894
no.tex,e6a3069e3c87daae,5,138,0.9984986010173498,0.6292968153860216
no.tex,e8add48033950c3e,4,645,0.9982226505266597,0.4766353243890999
no.tex,ef625d9363680040,10,681,0.9993827072722368,0.6466000263102941
no.tex,ff66a75c55fc92ae,21,1230,0.9970281606664572,0.5958629714907997
no.tungregning,014f0c764f8d2638,1,1050,0.9999819900751726,0.6337997468766199
no.tungregning,020529cf9a91da3a,6,727,0.9994183360752573,0.5193745680746439
no.tungregning,14b9491dcd4a7545,2,215,0.9904463276543807,0.5610913630682693
no.tungregning,1cd9d1b08dcabe9f,1,2224,0.9999833031087026,0.3051935461969715
no.tungregning,1fb08f9cfa89ab7c,29,2114,0.9968920995184424,0.5388290193817631
no.tungregning,20132b1f8d6407ee,3,2002,0.9997645286746177,0.49272411081946427
no.tungregning,49820139e0e27170,5,307,0.9993452927231342,0.6365944441946696
no.tungregning,49de0adbed29e910,3,349,0.9988939763766141,0.6673988839358539
no.tungregning,552f79e06f524f3a,2,598,0.9994125445600204,0.482035404099785
no.tungregning,557c7ff0d0094699,76,5310,0.9992861123783663,0.46519200677529876
no.tungregning,56d02f8262c76c37,2,496,0.999688821460263,0.6031165608748291
no.tungregning,60f0391d7f497eb3,9,579,0.998896394664233,0.6007496157147163
no.tungregning,62579f91b3df6085,30,2275,0.9969437356739801,0.5398840757535945
no.tungregning,7b8df4bfbfa7b598,1,1344,0.9999795871407341,0.6082286837515234
no.tungregning,98425563db1f9a00,15,1137,0.9988018642820545,0.7201958348152321
no.tungregning,a6c2f0ef47e7ffa0,3,808,0.9996684421190208,0.4947805225849757
no.tungregning,b8a5ffafeccb4bb1,36,4623,0.9997073052776921,0.7392838017322858
no.tungregning,ba467ee88390baae,11,711,0.9983180573408142,0.4585730413072278
no.tungregning,be586470f6b67c74,66,2386,0.9938036816340118,0.5007893849934134
no.tungregning,cf5274a2fb06075a,12,953,0.9995845529025661,0.3989884970291999
no.tungregning,e37451b50069aa6c,16,1016,0.9979635199113722,0.7302689932801432
no.tungregning,fc4fd8fd52bedeca,3,240,0.9978037195849845,0.5092674054895499
no.typografi,089d1f35f66dec8c,8,616,0.9974952916471937,0.7709581861640166
no.typografi,0b1afaf933565ee9,13,586,0.9893081961453352,0.5402853343058032
no.typografi,16a387d42a676e54,2,186,0.9990638055415312,0.6799787288818524
no.typografi,18f308a930f553f8,6,283,0.9974911731773146,0.5014700810419901
no.typografi,1e6b4599542a0aeb,16,426,0.982271529341161,0.6015002800183815
no.typografi,2c52f1702fd868ee,2,241,0.9989176721414236,0.7620978149439606
no.typografi,2c78d6c6653e2638,14,675,0.997014914014238,0.6666273012738224
no.typografi,2d72c96aeb5bee7f,14,562,0.9956571509507326,0.7584506808629534
no.typografi,329f2b4076aa91af,2,259,0.9904373450298035,0.6341219215057114
no.typografi,35e0d067fbc0052c,4,482,0.9943666163642665,0.42643574067699036
no.typografi,3d4e0e1b25141a30,4,320,0.9895929086534665,0.4676740118737968
no.typografi,3f286476d8ab692b,5,535,0.9990426313632903,0.6897928292777323
no.typografi,3f31f59629e419be,2,129,0.9985752593004922,0.5159776231267027
no.typografi,41a5cf58b2d0a27b,2,369,0.9994394809180771,0.46464970184573356
no.typografi,41cc9c5fd2f12b5e,1,362,0.9996516017685231,0.5498522449380837
no.typografi,43c512a2c643e84b,6,500,0.9981148604860907,0.49283370450130576
no.typografi,4868e017a9d25f23,14,1119,0.9986622100052058,0.4281907234372401
no.typografi,4e30b6805244d0c1,22,1439,0.9976297760150964,0.5761664113610566
no.typografi,5a5f19c14e7f1529,7,800,0.999362162020831,0.6128355732562721
no.typografi,5bb8e516a08ef4bd,9,674,0.9987285982409428,0.7759293046444087
no.typografi,605c42864d33db1a,2,250,0.9982390749983469,0.6049209260423315
no.typografi,6426594e5740cb73,9,688,0.9972005180872913,0.5065222577393647
no.typografi,7ba4f50319a4930f,8,281,0.9963829990043441,0.5525973729791094
no.typografi,89919a8891288731,33,990,0.9876659587549905,0.49290212673609946
no.typografi,919e892eafd2d9d6,22,897,0.9888805259670598,0.5801113580097603
no.typografi,97c96e9807fb0c9b,4,220,0.9832034538216207,0.6184336202186005
no.typografi,9932482c65670979,2,191,0.9989434378445179,0.39048177562932485
no.typografi,9a2bc894a0e8d097,2,1018,0.9998953656537042,0.39282532114712004
no.typografi,a4431bfdd1ab6644,1,89,0.9767587490891181,0.5749374651271028
no.typografi,a5915d51ab169ff8,4,237,0.9927082700417432,0.7141817257076166
no.typografi,a916a42b9e592301,6,517,0.9988639413316722,0.6732425458454255
no.typografi,a9fac4244fdc1fc6,8,214,0.9968560583063706,0.5875040687691573
no.typografi,b6c5f190bdaaaaad,8,338,0.9941517890890201,0.5128980813514341
no.typografi,b861ad185947118b,10,416,0.9913327150256978,0.6231784247923207
no.typografi,bcc3ca6ee86d5bea,10,541,0.9967842670829032,0.4996097618567215
no.typografi,c1028c24dd5de7c1,22,692,0.9976846213784256,0.7201517951258565
no.typografi,c710372005b1b0f0,3,259,0.9987978845312292,0.7490036409185408
no.typografi,c964e533b3bdfa3c,16,1061,0.9989912976975595,0.5609401246918602
no.typografi,da0262044f04f141,3,397,0.9984219540763313,0.5995506142052311
no.typografi,e2f1f31d950d123b,2,149,0.9985514705843332,0.570173352220018
no.typografi,ef8ba2bbbd10365a,2,123,0.9978210626153926,0.7168773765697337
no.typografi,fa76dda1de3df58f,15,727,0.9959335378667856,0.6085685458054716
no.uninett.diverse,07564f9d8ef59925,5,468,0.9983114469552264,0.6133981781859026
no.uninett.diverse,0bed2453b76e2906,27,3104,0.998690044978376,0.5483296363614159
no.uninett.diverse,0dd00d965ed39b48,7,460,0.9983923973347971,0.5136660461771229
no.uninett.diverse,10297d9584827411,25,2035,0.9980228527338509,0.44262247224512535
no.uninett.diverse,102d6ce66baace95,27,2399,0.9987201114513606,0.4622370456221521
no.uninett.diverse,14297573b2c1a8fb,25,1336,0.9984999626531275,0.5047919771718726
no.uninett.diverse,18ffb3222343e715,9,826,0.9969584770972063,0.6752578229327545
no.uninett.diverse,1ca4d4a8985f7df4,4,134,0.9905205420885377,0.5446806223881637
no.uninett.diverse,2a87bd41cf381a9d,13,620,0.9988004124399457,0.6711938542997998
no.uninett.diverse,2decfa851ff336d4,25,1456,0.9989218622216998,0.5337378539011995
no.uninett.diverse,3191f2749439f914,15,917,0.9988702789300551,0.46697710604331777
no.uninett.diverse,3211a2ef70f9e65d,23,1183,0.9974221630426916,0.6391079023940265
no.uninett.diverse,532bde4eefe0d3b6,1,155,0.9986075308615258,0.5069940059526501
no.uninett.diverse,540e34c565e45216,7,391,0.997521864245637,0.5180140696728072
no.uninett.diverse,5bbdd7fe72833d46,10,470,0.9977191487132816,0.658514472878059
no.uninett.diverse,60d5083d311f530a,27,2435,0.9981157051620032,0.485638666210848
no.uninett.diverse,654cc9e7c189b679,6,803,0.9994970294318838,0.5049712638426026
no.uninett.diverse,7056386da8486693,15,700,0.9977633515155216,0.5639963990813482
no.uninett.diverse,7b18e4b8c17a6422,4,512,0.9989475748723541,0.6341384406783542
no.uninett.diverse,92248edfae959f4d,27,2575,0.9978144629223434,0.5430691999897036
no.uninett.diverse,9443ef250f6ea0dd,11,697,0.9984767148445999,0.5987790682820734
no.uninett.diverse,949e619cb9a735fb,26,2247,0.9982931457165746,0.46503369450412124
no.uninett.diverse,a867273a99050f74,14,875,0.9981102578738911,0.6807038651312741
no.uninett.diverse,ac066fae2df5adc5,4,311,0.9956695861063022,0.5088686597203579
no.uninett.diverse,b15cefc7bb9af236,13,514,0.9979589321596667,0.41709323137539955
no.uninett.diverse,b4e5f3d5b07bcadb,6,541,0.9985308847905578,0.5666046542755429
no.uninett.diverse,b51cd623557466cf,25,2041,0.9980076441950224,0.5652078388952838
no.uninett.diverse,bc0bc9a6db41b89f,13,611,0.99609193517615,0.5169483406811108
no.uninett.diverse,bf9f18c0881fb9b2,54,3198,0.9985882690089047,0.557759923516198
no.uninett.diverse,c1f461973e86de94,14,739,0.9987540502344011,0.5473853808545593
no.uninett.diverse,c8dd6422f1b799c6,3,496,0.998838439758032,0.5444657020825523
no.uninett.diverse,cafbcc276c703249,7,412,0.998456041590544,0.5765383901493016
no.uninett.diverse,d4fb2f2b679479fd,15,1064,0.998667733768216,0.46845233304080414
no.uninett.diverse,d64df1ee118dd78d,11,701,0.9985936370089357,0.45336498443268936
no.uninett.diverse,d6d3f5d0975dfbd8,9,504,0.9939585735581218,0.4664855139304038
no.uninett.diverse,d7c3e28dd3228c55,3,581,0.997630196074418,0.3618611360378755
no.uninett.diverse,daf528d1802e7784,30,1848,0.9972303742402167,0.4041450406066749
no.uninett.diverse,e1f8c07f16d3fc77,1,513,0.9960282704747473,0.6753523248238462
no.uninett.diverse,e2efb2b229ebc4a0,18,1344,0.9989916854235844,0.5806213572230654
no.uninett.diverse,e4db883d84b18536,24,2046,0.9984141378965414,0.6073377554703135
no.uninett.diverse,e84508636e8d3ca2,39,2208,0.9976466050851729,0.5204086353384452
no.uninett.diverse,f77f309d962a6a08,32,1897,0.9955142686958349,0.47912778998827954
no.uninett.drift,0afe247e05c56849,4,494,0.9994930823073289,0.4949689022927843
no.uninett.drift,0dee52f5c071ce8e,5,188,0.995717642978573,0.7175730499075107
no.uninett.drift,1a2a9ed104268b54,2,333,0.9993725942667298,0.6264795865524184
no.uninett.drift,20ae5fc24ddc99c3,2,208,0.9994770055371462,0.6202520332434541
no.uninett.drift,25b05f17bb7905e2,5,801,0.9992810784530938,0.7782846856091308
no.uninett.drift,27849e693aee19b6,5,281,0.9962242032837749,0.6750364627456983
no.uninett.drift,2a285b1bf3452625,1,126,0.9993763401070593,0.5913538779939944
no.uninett.drift,3cfc1442ee9881ce,3,558,0.998987748261282,0.636494005887077
no.uninett.drift,4a45a9017884336e,1,239,0.9992326357277366,0.6813135839527179
no.uninett.drift,4fab79d5a6686d3a,14,3253,0.9985188072866257,0.5081397086927251
no.uninett.drift,579cfcd13aad1b68,2,379,0.998243025190464,0.5871059684060613
no.uninett.drift,692bd4542da0f70e,1,196,0.9996001804734868,0.4938989539077637
no.uninett.drift,6b71eb693762efb9,4,608,0.9987937590849074,0.43900665258633426
no.uninett.drift,6e7121e22ff65931,4,302,0.9872597934399773,0.5560205854247422
no.uninett.drift,748d4b78815f6cd9,3,560,0.9994500099299252,0.808326881564925
no.uninett.drift,7958635dd4d94569,2,156,0.9988939103004837,0.5779817131757758
no.uninett.drift,796c9ac04841d8ac,3,165,0.9987627274750923,0.7220030551913198
no.uninett.drift,7b3c50cd860d064a,3,318,0.99886857981057,0.7530818223085717
no.uninett.drift,7d1a4ad4b697df9a,13,449,0.997275413769697,0.5479348539301342
no.uninett.drift,83c769d2899304af,4,181,0.9937913609283199,0.6588397391595149
no.uninett.drift,8b4ad9b4b15360be,11,320,0.9961506320776098,0.5758310983379519
no.uninett.drift,8d56e640407a3804,13,515,0.9978856166398022,0.6189299912853553
no.uninett.drift,9272bc66d900a084,5,448,0.9634632393256062,0.5056507566417788
no.uninett.drift,933fc732cf7156e0,14,1038,0.9987057099195753,0.6194085942615002
no.uninett.drift,9ba2329b7239f762,2,515,0.9998291949164987,0.6152966445218259
no.uninett.drift,9f1f731ca5125dac,3,1223,0.9988824994623602,0.6762405084453573
no.uninett.drift,ad57ed59c3d7b13a,5,269,0.9971343457629611,0.7196219765369412
no.uninett.drift,bd5c2f30fee0c977,10,527,0.9967116031590134,0.7447894760824343
no.uninett.drift,bebba18b56826e16,24,1100,0.9969992066218228,0.5487978599050504
no.uninett.drift,c77813523cccc185,13,449,0.997275413769697,0.6015629812097036
no.uninett.drift,ca1289c7fc0dbee8,9,931,0.998381732109537,0.5031834235054171
no.uninett.drift,cf8f9d84ad108c56,8,297,0.997387042826926,0.4355668192314924
no.uninett.drift,d8376af332530fb5,4,443,0.9965093593674126,0.62047501991766
no.uninett.drift,e778362a48ac785f,4,388,0.9989947939697761,0.5350644470795349
no.uninett.drift,e8948a61e1aeb72f,8,603,0.9981229470194786,0.7442050524541534
no.uninett.drift,fd9b30b2d31a7463,7,661,0.9976483731492392,0.5813471838752421
no.uninett.drift,ff8bf228da8c9ba4,5,308,0.9965801209369601,0.6179295957755555
no.uninett.hjelp,0df38701c0b8fd8b,2,356,0.9991831806843712,0.6322091016123589
no.uninett.hjelp,1ee0108a77e6fa68,8,344,0.9924809520069687,0.724603615729736
no.uninett.hjelp,1fa8f445d0c09c4f,8,424,0.9939820846334969,0.4715631328317413
no.uninett.hjelp,28a8392c9f805187,13,425,0.994437043699885,0.7660487950077547
no.uninett.hjelp,2b5d3a3f79a57218,2,396,0.9995743725060184,0.7536365855761317
no.uninett.hjelp,3cf612adb42ba217,19,1063,0.9980549207905669,0.7602735748853714
no.uninett.hjelp,55896f8b1697ed6f,9,299,0.9978146541554984,0.3727849207011192
no.uninett.hjelp,59a84f115a4e9e42,6,554,0.9958274570127655,0.43097353947077066
no.uninett.hjelp,66cb001d4501ec98,5,295,0.9974426217414897,0.6100786337862999
no.uninett.hjelp,6dd1ccacf77116c9,3,479,0.9989397216374937,0.8118428745211344
no.uninett.hjelp,930dc1303bdb5b77,12,795,0.9956804290879305,0.6776279977525872
no.uninett.hjelp,9b415ec53f2533d6,5,342,0.9982516969651354,0.5435972898742251
no.uninett.hjelp,a431f51a56633550,7,384,0.9984760936864896,0.5064430285867981
no.uninett.hjelp,a66733fad459cd8e,2,234,0.9996189047322674,0.5849416607707084
no.uninett.hjelp,a7b9d2adbd1836bf,3,704,0.9997765708367994,0.5880195208212852
no.uninett.hjelp,b01a5bf9ed6a36cd,2,123,0.9948641331206841,0.5120729396708268
no.uninett.hjelp,ca08008ade12997c,2,342,0.9995249413869998,0.6431624892256893
no.uninett.hjelp,debeec1e574b93dc,4,538,0.9992417392150007,0.7176158572140268
no.uninett.hjelp,ec44d887706964f4,13,797,0.9987352969748664,0.5540612115707123
no.uninett.hjelp,f17c18da560b060e,18,1610,0.9992722293809368,0.6656581922482318
no.uninett.hjelp,fd89c79491ce2890,12,779,0.9950133302129373,0.7441087844246346
no.uninett.hjelp,ff90c9df4796fc13,12,541,0.9971327855512001,0.7503710713598003
no.uninett.katalog,41197d40b3903152,11,743,0.9878601597764128,0.6660047271416167
no.uninett.katalog,a3f67cc34fb1accb,340,28697,0.9977226562273428,0.5386840288901745
no.uninett.katalog,bc7cfd90d9cf21f0,3,78,0.995711226197555,0.5440572084216894
no.uninett.katalog,c866bcd16e7749bb,31,1395,0.9977034766184518,0.469912597614036
no.uninett.skole,00095886cab710a0,13,944,0.9953575557267766,0.6040787621734074
no.uninett.skole,0be443b1668a2d5d,3,328,0.9982124374653801,0.6909507972386558
no.uninett.skole,171f2ff4ec87a3a7,5,624,0.9959157845237976,0.49351268510611446
no.uninett.skole,174416683d2a161b,22,1296,0.9987552656536666,0.7317101283756828
no.uninett.skole,1c60b10733c5276f,3,888,0.9998331160700041,0.5458913915531717
no.uninett.skole,1dbb64afa79a709e,18,528,0.9806342287063189,0.46832359773343873
no.uninett.skole,2a80c591ee4913c0,13,541,0.8865456169698925,0.5426551339585379
no.uninett.skole,2ee1734b95c6d294,11,879,0.9984255487092148,0.6415054352363045
no.uninett.skole,36fe65cdd5d2121d,13,954,0.981590306117498,0.5226585881502229
no.uninett.skole,41c0cbd8ad86830a,8,548,0.9948166365288242,0.5077290114918778
no.uninett.skole,42e769d2aa3fb9a2,8,470,0.9990149398792254,0.5837905271646209
no.uninett.skole,4d0795cb64c8440c,7,279,0.906352558039824,0.5881207547213587
no.uninett.skole,543961eab1dac993,3,126,0.995372100077106,0.4199234710383463
no.uninett.skole,5b6c186717e81bc2,5,401,0.9741806006785514,0.6679277169365587
no.uninett.skole,5c4a78eead509594,10,573,0.9974446144704652,0.5458711937546895
no.uninett.skole,712715865baf94ee,6,262,0.9969153673392366,0.5025493352752387
no.uninett.skole,76bc44c00fdce805,7,469,0.9758750170501783,0.7749856208442486
no.uninett.skole,84c56bdecc0faddb,31,1201,0.9958857179931571,0.47308958358704395
no.uninett.skole,85ffdef8acee2879,2,157,0.9722926150496813,0.6281540514590911
no.uninett.skole,8838febb1c950b8f,9,534,0.9987277233206711,0.7754433851147498
no.uninett.skole,905d7f7f64771964,2,234,0.9982683923625681,0.48653007711362045
no.uninett.skole,95b41910fdbe23e6,4,344,0.9874045713138367,0.7011875260661597
no.uninett.skole,95f296b2be9b6ad7,47,2136,0.9980345481429964,0.47310468124509786
no.uninett.skole,969acf8c65b4d2d0,8,340,0.9974957997807017,0.5262924257089856
no.uninett.skole,a3cdc77fd96eeaf5,56,1647,0.9804873192836585,0.6052211641462845
no.uninett.skole,aab9d0e47f017570,2,476,0.9978641473714288,0.43368522789491465
no.uninett.skole,ac83d24452ff4ca8,15,1073,0.9754088809046536,0.46851025047760303
no.uninett.skole,ad9fca295898311d,12,571,0.9925701724793935,0.46452282196602224
no.uninett.skole,b118dca9271dc550,21,533,0.9927116193988482,0.631641795994167
no.uninett.skole,bfa357ade8f18068,24,1842,0.996261970336093,0.5969520169405212
no.uninett.skole,c63e4f7495ed1ab8,5,351,0.9967102042182151,0.6158764462977702
no.uninett.skole,c9fa8871c78d792b,9,300,0.993023325968576,0.7127803030982854
no.uninett.skole,d839c34e66773367,50,2975,0.9950426220291719,0.6190583001887762
no.uninett.skole,dc13bc96f01594ca,15,728,0.9913770268878346,0.5281938741834187
no.uninett.skole,dc32c9c6f6daeb6f,14,604,0.997913724690058,0.7014101994913534
no.uninett.skole,e4d7832cb469751f,7,291,0.986352675470746,0.4435443750141036
no.uninett.skole,eed50e1b4c01b69a,20,1265,0.9844446837481695,0.6598018047601902
no.uninett.skole,f0a5499350c293d3,21,1260,0.9960793328493293,0.5724628734211096
no.uninett.skole,f242fe369db82d83,20,643,0.9918479131772232,0.4660127828676389
no.uninett.skole,f9b9c9e81fc07b04,4,420,0.9995974571789616,0.39458763026639565
no.uninett.skole,fb84f54d3ed1e995,16,1870,0.9991164475225935,0.6194974642707514
no.uninett.skole,fc1689656de981ed,18,653,0.9964486126975284,0.6326285426857372
no.unix,008ffc9b45158864,13,606,0.9990909659412387,0.5244370185479978
no.unix,00ec9cb5d1bee32a,7,395,0.9944239759404889,0.7363278286696422
no.unix,0d4135e7d17426a8,2,276,0.999314914074546,0.5258778402936263
no.unix,119e1acf934b0b1f,8,477,0.9995139740671203,0.658742359988963
no.unix,18790c8d66ac796a,13,1030,0.9990080475060654,0.5046943049973345
no.unix,1d217f69d069e3e9,5,648,0.9994082638811708,0.5649677988063626
no.unix,296afe3820cd1f14,9,998,0.9990777360923994,0.7178195548015557
no.unix,2eeaabe75bce558d,5,227,0.9840461172744227,0.6363481349480927
no.unix,33e69ffc37847b54,12,547,0.9992797737270556,0.6046842688031693
no.unix,371e463acdcb6a47,4,301,0.9984389530556095,0.603035202727793
no.unix,402b0338466508bc,3,119,0.9972227508646495,0.4734332547040228
no.unix,461b473d4d9b8971,2,187,0.9948766211578328,0.5737920829520073
no.unix,477a7a37d30388a2,24,1091,0.99593311105081,0.6558250564342418
no.unix,4ab57b5d58b8d940,13,1618,0.9990538618217204,0.4432129076797829
no.unix,599dde3a9063bd71,5,354,0.9993965772734947,0.6906852476721694
no.unix,65ac9501e17e6588,12,1028,0.9993009880472384,0.7071025817688806
no.unix,69b5f541ad9b3f48,20,1615,0.9995054596347017,0.541923246924873
no.unix,75ca636a076943cd,3,219,0.9976520765360384,0.6794501482515186
no.unix,770fdb72aec0960e,14,220,0.9931104198662883,0.7196362421210696
no.unix,7b2fd2a22cef73e6,19,2225,0.9995456214882411,0.4452450558954545
no.unix,8bfe26eff9871bae,8,817,0.9994558768730282,0.5019556813710414
no.unix,8c5bffead4c44420,2,855,0.9995932366247224,0.6661796075858321
no.unix,8f9ee6a4b0e18d09,2,615,0.9992181361980337,0.5838269455640286
no.unix,9735330ce857bc85,4,416,0.9986374273305475,0.4950633322653146
no.unix,98934a32453c0a9f,1,679,0.999946699139987,0.60860038401294
no.unix,994cd55c1ca32b12,12,905,0.99614768779117,0.6318183332571755
no.unix,9c0af5b2e0f4d32e,2,344,0.9992364453026394,0.43702929297027654
no.unix,9fbb16000595cdd0,19,700,0.9903410990802165,0.7622838774253703
no.unix,a2767d57ebaf19fe,4,550,0.999607254313434,0.44934919123537176
no.unix,a5862fd8feeb21d9,19,1090,0.9982523660609516,0.7979639481224745
no.unix,ae72e08577525d8a,5,786,0.9994698865156544,0.41452617797480845
no.unix,aed3f3efe327a2ef,14,631,0.9977308600260882,0.5023442016108259
no.unix,cb143d2668a435ed,1,199,0.9992122682359461,0.5470413484399107
no.unix,d3b11d2d70e8644c,16,665,0.9556785374544552,0.517487699328718
no.unix,daec0e5707f18be6,3,375,0.9991621391154715,0.6154814179068467
no.unix,de96f4ba4fbe4491,3,297,0.9992227547942676,0.6744580150242435
no.unix,ea237fcef44204bd,3,840,0.999655583345014,0.5078814854508601
no.unix,eb448846b7f97caf,8,1383,0.9991543771566381,0.6396907228657097
no.unix,ef6746d5cb7d1caf,8,464,0.9992102749119873,0.6387609768344557
no.unix,f338fd8052b0a0c0,4,511,0.999628477236533,0.6998887071396535
no.unix,fc7b2692b22c5993,5,770,0.9924719947667693,0.5629092613000114
no.unix,fca6bddae8ae4746,1,496,0.999566844237426,0.48361244705301193
no.unix,ff63d705d23191e3,5,575,0.996503205492963,0.5920370939755881
no.video,0f17378f25981b4c,1,496,0.9995301052612132,0.4689844647307113
no.video,11860aa61bb6672d,4,177,0.9919721943889953,0.5710125913688587
no.video,135f7e6e1ddba95a,10,626,0.9974462393677935,0.5147256597092038
no.video,13e9fc5208f87c8a,6,234,0.997802770763124,0.5109223362045512
no.video,195583ad1188efc9,8,566,0.9986686355223634,0.3991418082870648
no.video,2f03ca2fd3fad096,16,919,0.9990973521434208,0.6102123907765785
no.video,363d0efa1a8cde56,4,567,0.9995320816809086,0.4486610530325589
no.video,3dabe0ae2daafe23,1,241,0.9997837018404617,0.49620485402886216
no.video,3f513dc4e97761ba,1,42,0.9991877467602824,0.4674332001521856
no.video,425d8d02e4c10bc7,22,1058,0.9983739736505945,0.5322036921475661
no.video,44dc08a145b6bf1e,9,877,0.9981053024696582,0.584268422794721
no.video,45562687814f3002,2,213,0.9981707903328867,0.5356783326049739
no.video,4ca1f1d1621b2386,5,693,0.999565288520558,0.43300498363950124
no.video,4f791630e90f108e,9,998,0.9995149389039908,0.5839673112564269
no.video,5bf8d80013a64144,1,577,0.999787495056231,0.5269485595086917
no.video,630b5f88d6d2c584,12,664,0.9981891269405381,0.5007409275762419
no.video,6ecc9bbaf2f2b1cb,11,677,0.9933621794151797,0.5265225615048414
no.video,798c0b13a0fd4981,5,424,0.9980536747151056,0.5004313990841422
no.video,80e8606aa267a72e,4,349,0.9988592571182054,0.6435562962623526
no.video,8ee5a7d3b4dd1d9c,20,1289,0.9993016055116787,0.5655887570773306
no.video,8efdd5c808bb2c1a,9,486,0.998186288075014,0.6198158089815219
no.video,8fc47d07f1c89468,12,981,0.9986735581063988,0.6522504462240801
no.video,946f668ac40c545c,1,620,0.9998571180113406,0.7551254278067531
no.video,967b1b42802f9fb2,2,80,0.9572143646018455,0.5629298852563146
no.video,a071a4a6110495b4,10,631,0.9994341722893483,0.5414055437026898
no.video,ae5798ea2216f41b,5,464,0.9922159636880536,0.6362428159794289
no.video,b4602605ef6d0668,1,88,0.9812751677536837,0.4338755386987442
no.video,beae36f92b9b2d27,8,431,0.9864585530104067,0.5468688017402138
no.video,c1f9b573284c025a,16,1197,0.999182389400247,0.330216989176411
no.video,c20b33f0f29bdbdd,4,215,0.9982958226223547,0.524311395339686
no.video,c29901ac2f713587,20,958,0.9990810566729397,0.6559464918084622
no.video,c3892a064b2380af,19,950,0.9975946104888435,0.4927895276894
no.video,d184c12956b0bee7,3,450,0.9996043205814271,0.5116385507209535
no.video,d1e0b54b7c18b4d6,2,167,0.9931739470758216,0.38133068699347855
no.video,df08ee2b6df714b6,10,460,0.9982408562658941,0.5019340383546529
no.video,e5e5736ea6787aec,3,352,0.9979985159287794,0.6668851376857592
no.video,e6ebfee7c01fecc8,4,179,0.9679030133341322,0.3803078734785746
no.video,eb22835402c8322f,4,779,0.9996509370244308,0.4408076942253145
no.video,eeb28a9c69ff2855,3,518,0.9993530074307324,0.5555186322178625
no.video,f05fbd3326aa2195,83,4320,0.9981927523490004,0.7259960588879255
no.video,f0b2e8b572be7eef,37,2359,0.9985860468842053,0.6290297431230152
no.video,f4eb7f9aa94d3f64,9,383,0.9975323806144402,0.467831286171874
no.vit.diverse,007f0fcc2f92cf24,21,1237,0.9936010887804928,0.4399231057470142
no.vit.diverse,036e35ef5c249071,23,994,0.9976962353867852,0.4420237997320002
no.vit.diverse,0f5f65141c476ef2,19,1011,0.9975850371337912,0.5527382735550405
no.vit.diverse,104a97e9e979c923,2,404,0.9997110898360486,0.6191173309863213
no.vit.diverse,1678897d52abb70d,14,680,0.998372718340632,0.6610354252954115
no.vit.diverse,1a69bd9b07309c0d,6,272,0.9938729900247067,0.5108148193436334
no.vit.diverse,1ab8e059c78c02d4,63,3887,0.9975603487921264,0.3982963323218685
no.vit.diverse,23153bc12fe528b7,10,633,0.9937323845786503,0.5662672182612857
no.vit.diverse,24f5fdc7667cd3b6,11,407,0.9966703845950726,0.49600840721172795
no.vit.diverse,2a10f1fb4da5032a,35,1427,0.9983437441006264,0.5096012754690208
no.vit.diverse,2ccf63adb661f073,28,1541,0.9990073199530288,0.5483455836763586
no.vit.diverse,2d49f368b92bfa61,77,3540,0.9992655933989587,0.5396180815738983
no.vit.diverse,3457fc03765298cd,10,602,0.9917235354493263,0.5585116859720684
no.vit.diverse,367b3414dae39781,5,491,0.9982144840659072,0.5863298447298348
no.vit.diverse,39eb84e133d59ede,23,1082,0.9968173085895785,0.5862503313457179
no.vit.diverse,3f035e32823d30e5,8,414,0.9972877097754994,0.3701842884835713
no.vit.diverse,3f09672b29ace882,30,2269,0.9992112714177777,0.6216361598267096
no.vit.diverse,4b9f595d696defc4,41,1555,0.9975388551619201,0.4173650930372588
no.vit.diverse,57c39e0779667208,15,790,0.9992067526959322,0.5684730974617295
no.vit.diverse,5b771fbb17f32432,44,3105,0.9986022672735129,0.4447919012012007
no.vit.diverse,5d27c3b0309fd462,19,962,0.9848096768690574,0.5037933593409393
no.vit.diverse,6e7cc246f36d5e4a,31,1165,0.972022443783248,0.5838485670775545
no.vit.diverse,7272fcda829d80c4,1,179,0.9984518085132887,0.6336095604682126
no.vit.diverse,7d33e9832379e685,65,3082,0.9986945828667856,0.4460417073352702
no.vit.diverse,8f17d69d8915a373,6,414,0.9863055614862443,0.48415737298112493
no.vit.diverse,9549e9678a10e3bb,9,500,0.997644360203459,0.4616648358903529
no.vit.diverse,9a90934c0a041d37,10,694,0.9966429496043577,0.5405636028510203
no.vit.diverse,9cad61ec2a6f8658,3,329,0.9982776977895318,0.49499535829300356
no.vit.diverse,aa2d80923f4ed044,4,700,0.9980407248521986,0.6570390857378033
no.vit.diverse,ace4f2d1479e030f,11,570,0.9955229983194673,0.5545554376901681
no.vit.diverse,bc921d8220c33ff7,16,1375,0.9994330264081158,0.4757412733784217
no.vit.diverse,c15933bc3d6836e4,11,797,0.9975575329927756,0.45965581953983914
no.vit.diverse,ce0078c7dd4d56a7,19,1295,0.9988215867280839,0.4620412991668976
no.vit.diverse,cfeefc8e1757c933,2,379,0.9993395296430386,0.40396681681769925
no.vit.diverse,d000a7443ea8c5c7,85,6250,0.9992482957281215,0.4772739868150288
no.vit.diverse,d91051ed922a28c8,9,744,0.9991748761531566,0.4057640278406848
no.vit.diverse,da7ac9a33844b743,25,1379,0.9895273809163235,0.5241813322147598
no.vit.diverse,dace8d2242c167c6,34,1358,0.9980469086934868,0.4217687710926978
no.vit.diverse,de6a9e8a9ccc85b0,25,1246,0.9980674762278946,0.6180981924258981
no.vit.diverse,e048dfbcde212be7,22,721,0.9980729690280665,0.6088212160818196
no.vit.diverse,ec7d0b9ed3897d68,9,414,0.9959302284759355,0.4393708363665564
no.vit.diverse,fe40f94b43612db1,8,957,0.9979858537762044,0.455376541463516
no.vitser,12c7ba73798007a1,9,646,0.9972483842319153,0.6451839379230004
no.vitser,1c2af00f9977e36f,4,705,0.9938100264602725,0.5996547313093235
no.vitser,2501c24ee4d31a54,9,273,0.9938770370867788,0.6632030768715177
no.vitser,255776b9d43e952f,2,587,0.9995444615434922,0.6533317623884125
no.vitser,27fbd2e95e84c8a7,1,202,0.9918093096767139,0.44983906199303747
no.vitser,31d6534aa3c47288,2,67,0.9813019173351045,0.5881162352113848
no.vitser,32c0d328d1e2bcde,4,563,0.9990926729351279,0.5640552120893867
no.vitser,39386e4554f507dd,1,295,0.9366572151475149,0.5127260949532997
no.vitser,3a2ec5e0860dd35f,9,521,0.9824843799404921,0.566078783241395
no.vitser,3c1d312458ad8bf6,20,1022,0.9951953605684887,0.47740971053354553
no.vitser,442eb68471a21d29,21,936,0.9938264569327745,0.6012876484816998
no.vitser,456ff8a40555eb2a,12,498,0.994278164329606,0.646299868854814
no.vitser,4b8bc7cf02cecc03,2,117,0.9968071151387217,0.5992430784491399
no.vitser,4bc96cdb90cad022,56,2654,0.989734368806208,0.6469984601764311
no.vitser,4f24d2a27137600d,8,512,0.9980034498734128,0.4987585188339984
no.vitser,5233b9ef972a6135,3,222,0.9838396103067674,0.6308911712579035
no.vitser,53e84c4dfc8ad820,3,60,0.9868294202554116,0.4426702323452982
no.vitser,5bf2ce2dd0fa23e7,16,1176,0.9773572715803708,0.5822389026421118
no.vitser,5c1243013edfa9bc,5,278,0.9744650626173382,0.7713323916149717
no.vitser,6d5d390a21e218d8,2,176,0.9975226257139004,0.394054487755161
no.vitser,6f20ab8b1e1e753a,1,288,0.9997403603270147,0.5504091439068451
no.vitser,77d9b59118ac472d,8,493,0.9669380777582698,0.5122370446309337
no.vitser,782c2e8fc42d9799,8,324,0.9797435939045828,0.49116932834388366
no.vitser,86527439d793f4c3,15,1240,0.9986501939055707,0.5541704706574354
no.vitser,86c4d267a910435d,5,419,0.9993888607806278,0.7571758454766573
no.vitser,89173de88bf2ed61,6,438,0.9963363989226458,0.6058810207616727
no.vitser,8f729ec90a67270c,6,558,0.9974064059956113,0.6151372992496529
no.vitser,9a94f9455789b098,25,1265,0.9930158410117026,0.4974843947424961
no.vitser,9fb69909234724d0,2,427,0.9996243353062819,0.5313210761799325
no.vitser,a051248c28616f78,25,1216,0.9977765598966473,0.5844321275347802
no.vitser,a66b02bc7e1f010f,16,769,0.9973666097180589,0.6501579204344426
no.vitser,ae70cb80c6d455d7,8,515,0.9845097529497909,0.6768259766252112
no.vitser,b3a18b234b3b8e3d,7,613,0.9978101006618347,0.7499689778666564
no.vitser,b4fea29df3fb9779,5,268,0.9950436558722634,0.392288507673363
no.vitser,b899a6a1f1e4cf4b,38,1220,0.9955368481943168,0.5022447389407956
no.vitser,bfda202cac9ee786,13,613,0.9478365552615973,0.5671550202818988
no.vitser,c783962eeb5b7f9f,13,813,0.9966731227105157,0.7058321842047857
no.vitser,d47d13ebd5659507,10,594,0.9960416889887038,0.6765348690558445
no.vitser,ddfe5c846540ec27,2,191,0.9994761293737389,0.48322683913790576
no.vitser,e1d3a1708f3a0e71,2,190,0.9968111681788016,0.5429733731190459
no.vitser,f9fa1cd6724ab3b9,8,564,0.9922339225436593,0.5376529838867355
no.vitser,fee088e5bf846972,7,582,0.9971527556925016,0.7636064038840159
no.vitser,fefe8322880f1c2e,9,457,0.9945450805776415,0.5121878497108677
no.vr,022cb9bd835cabd0,4,225,0.9976621510406218,0.7236135269776799
no.vr,03750f364cd2dc4d,13,747,0.9991643035488792,0.6339172292016899
no.vr,04820eb52374fa15,1,709,0.9999857796961207,0.5293115663501015
no.vr,066e86ec780abd6d,3,707,0.999592311355484,0.5616933306902684
no.vr,12ddd437475a0b9d,4,351,0.9994357463752985,0.6222690876558286
no.vr,1a8ac6032b37f123,4,525,0.9993152217486273,0.485792458343315
no.vr,222d14473a4f3c35,6,209,0.9969742422811365,0.5262112831966957
no.vr,32a39e474488068f,22,1373,0.9985983687100382,0.575956662270411
no.vr,35f0e7df9340ac69,1,381,0.9995558028039138,0.5674298798030102
no.vr,46a7d579249dfdc4,13,884,0.9995992682231886,0.5847996193186259
no.vr,5688696c825eedc7,5,383,0.9993969150653026,0.5214150463880546
no.vr,61261681fbbe0531,12,2969,0.9997764701035651,0.408102964617093
no.vr,666e635e7cc03aba,13,743,0.9983225956887092,0.5700135869133205
no.vr,6683561b441f4536,2,98,0.9984449877135431,0.5840203506033372
no.vr,6850b0f1489d9007,1,1947,0.9999901346085732,0.4075066672730362
no.vr,695b00c074018906,2,1145,0.9995481494888264,0.44295122764925726
no.vr,7064c1a8ebc326fd,3,398,0.9994619484511812,0.5445630237110248
no.vr,81be02f69ddb2cd5,14,796,0.9975773812651055,0.46721130432103214
no.vr,88c87cf08f06ae67,53,2900,0.992157670735198,0.3746084480299832
no.vr,8c633b17bab40336,11,183,0.9915867672235434,0.5495898493515398
no.vr,8e1dd140e24e249c,1,366,0.9996458453040344,0.7213042831133399
no.vr,9292f3004d783cd5,11,395,0.9974434089590204,0.5860285276022346
no.vr,95be8141d4360e8e,30,1930,0.9932315517022052,0.49022188677471734
no.vr,9bc0683e5a2b2717,1,95,0.9947830112934549,0.7605823102507918
no.vr,a3c306e2fb59808c,30,3498,0.9991726518616092,0.596585235783952
no.vr,b26ae74517435cb3,2,340,0.9973463952935127,0.5517601031951282
no.vr,bbee922150f453ba,10,316,0.991468163974032,0.7019393653928527
no.vr,be603c80b004c398,1,120,0.9994241569335336,0.6742981319652672
no.vr,c8304da67ee47f19,2,506,0.9992487292267123,0.6643843620077623
no.vr,d13319d8e25ad34b,3,87,0.9341410792389576,0.5888270966638087
no.vr,d2f0b15c2198d58e,27,1342,0.9965793262553088,0.6699246952807093
no.vr,d533ee9afe31fa2c,12,573,0.9956535698145493,0.5187681971959687
no.vr,d7e55b45773f3b9f,18,1107,0.9991262423596489,0.46496332429637977
no.vr,d7ecd756e14f174c,23,2385,0.9988800621017638,0.3796879590031984
no.vr,e50dc2d60460c9a9,1,209,0.9991666932909075,0.5460987065385409
no.vr,e6e4e37138c13618,4,532,0.9997037131627946,0.500698336580813
no.vr,ebde07a2d0c51ec9,7,552,0.9992763158206669,0.4329144930281105
no.vr,ed04477a04255db6,3,437,0.9977580111906637,0.6192729200422725
no.vr,f5b53037d02f5d19,4,585,0.9991316316712655,0.5287396764592516
no.vr,f8e78150a6dd631e,2,394,0.9994865940120133,0.6855201896555883
no.vr,feb07dc4e0cfaeda,47,2107,0.9959537384344239,0.49574822498466226
no.vr,ffe58718acda014e,10,1068,0.999322684911634,0.44401882433449485
no.www,01193a95ca615ee4,22,1320,0.9857946841383602,0.5464492134713765
no.www,09ade69fa59daa1f,15,1011,0.9985925819038262,0.49219353476911665
no.www,19bc546c464276a7,5,750,0.9996427218871821,0.4174773648285267
no.www,1a1d54e582785135,15,557,0.9979186209022709,0.42948154493298735
no.www,2039517efbc7631d,5,808,0.9977965197961894,0.7106868085894481
no.www,2af5bbc1a39c6848,23,1415,0.9992219805642272,0.587218043566184
no.www,3ad5bf726123cd9e,8,688,0.9993505104344818,0.6000909034725962
no.www,4595f6d2c4ba316b,16,508,0.9915482680349049,0.7220033108704591
no.www,5474ffdcca7f06c4,6,612,0.9993141382295071,0.6445602725894078
no.www,5f589e6c32a5c9c9,36,2244,0.9979584783712856,0.786064301328042
no.www,69390d1064fda061,6,591,0.995098990943851,0.5917309457753744
no.www,6ee93ca07d642893,3,576,0.9989992399971809,0.5166942109914233
no.www,6ef9b9892ca94daa,13,469,0.9977882802696867,0.5222677912408451
no.www,71ec87044cd21fa5,3,532,0.998311729678032,0.6081814269872995
no.www,7dc48fc94ff2a378,10,396,0.9962171989578507,0.5283669418999986
no.www,7ff85a36d41f1364,7,250,0.9801390452351989,0.5071323451978499
no.www,81d4127acffb13cd,6,1169,0.9982882506819085,0.43933003269090576
no.www,85a918e70b59360a,67,2620,0.9969135035790769,0.5818794421855329
no.www,9f905b1c5775cad7,13,644,0.9973988334390568,0.6109106317126598
no.www,a5055fd3b88325f1,16,563,0.9948381105174035,0.6350407654398403
no.www,a5b1f5b1ef590cca,9,689,0.9969048485262852,0.6924479803220197
no.www,a84cda8de0603a1a,11,504,0.9970363496100361,0.6131610125132778
no.www,aebeaac9c8b24b85,26,1557,0.9987459501248543,0.5552485731225529
no.www,afde400aeef3b386,6,388,0.9984266150689652,0.521579415154124
no.www,b0dbeee829c8e242,18,1834,0.998822432933748,0.6097781285333608
no.www,b67cfdaf76d66054,13,843,0.9984178248337823,0.622578940964023
no.www,bf565ab8eaac3e02,1,171,0.9967259746059765,0.5748030848963913
no.www,c0b6a460218cabf9,1,471,0.9998139317069559,0.6985473909175448
no.www,c2c9bc1f92664323,6,684,0.9994884318070197,0.44719363565454956
no.www,ce7665fddf769491,21,980,0.9970265830070487,0.7675590913797362
no.www,d766c3a37725eb35,10,644,0.9927795165198452,0.48917167489569324
no.www,df1e0c3b9fb2ab31,12,906,0.9991882852152584,0.49719919698370757
no.www,df4d0f9d53fd55ab,3,455,0.9986728811351137,0.6488473331573392
no.www,e2c48cc7a0540336,4,405,0.9994998874573577,0.4735709415541148
no.www,e4f217206cc01f06,15,914,0.997082953880003,0.6827145366175545
no.www,eae9841e24c35bde,14,562,0.9920308904491961,0.6408197580368274
no.www,eb0898f25512bd9e,2,515,0.9995759752789466,0.5101200912947821
no.www,f4cc1fd835692bac,5,591,0.9966068524358315,0.7156388951388534
no.www,f62bdc205902401c,7,442,0.9992048346256244,0.5666578763471588
no.www,f6942b9b2cb1dba8,3,315,0.9993704319379612,0.452192470736519
no.www,f8e0d432af5f4adc,5,223,0.9974219784048574,0.45929000539714
no.www,ff219660c76008d8,29,1644,0.9978173851854641,0.4786170274928272
no.x,04a774b333e966b7,1,628,0.9991763988436032,0.34258971409647737
no.x,086c35b69b2db582,1,2608,0.999845022755125,0.34038761464184536
no.x,198052d5f71e2201,1,539,0.9995562340802935,0.1981397135058319
no.x,1e998fa6e181d20f,1,313,0.9998585308210973,0.48317991062268967
no.x,28415175a534c809,5,440,0.9994105831331088,0.6719410988834457
no.x,2cf654c90b63bd06,7,281,0.9983807020710365,0.730987035778854
no.x,2e30210f861a3d14,1,153,0.9989123328852985,0.7721732121781316
no.x,2e63403eae4ba091,8,610,0.9980550709716822,0.382837685646549
no.x,33b5852441945bff,1,205,0.9993512756422871,0.6363787644815386
no.x,3adc30be7fa74c66,17,724,0.9950707103028442,0.5069870738609936
no.x,3c760d593276858f,2,252,0.9991125472410397,0.7284656882238256
no.x,46d478c2e3509e8e,8,1196,0.9996264833059418,0.47413742499992617
no.x,50b52da892088219,1,305,0.999796006921819,0.5563794297552309
no.x,533a3c5677477d58,10,604,0.9992074664763566,0.41272799342997835
no.x,5351720514721b15,2,168,0.998479983056205,0.38669305047395536
no.x,643f1367de199af1,1,539,0.9995562340802935,0.3620466313421234
no.x,68c2f5adf84a0434,10,526,0.9990700847069618,0.7545984883004767
no.x,69264a3b7ac4767d,7,732,0.9991218971648244,0.6217477348191205
no.x,6b9ce618f0e50cd3,6,284,0.992569898671666,0.7112851444180894
no.x,6f228d50ebb3c8d6,14,950,0.9983175889092117,0.6896884524110409
no.x,70d721ee486b37e0,4,408,0.9964970462082141,0.7266569736792854
no.x,779d5c72651fed52,8,1161,0.9990409570347786,0.5672195691495909
no.x,a08db56388b06c4c,1,846,0.9999475715512711,0.7232785807305959
no.x,ab36094b463cbef8,15,529,0.9961223381060241,0.6252852202800993
no.x,ac4d3b04efe1ee91,7,699,0.9977586660871487,0.6114562071312365
no.x,b032e33e9d0367b1,2,253,0.9973945793023262,0.6807704739804387
no.x,b3686526ad2a9949,6,450,0.9987441238159825,0.5272577673993147
no.x,b65368e85db6c62a,1,290,0.9998642620725519,0.4694144418533026
no.x,bc05cbfd0f072278,11,566,0.996175886906282,0.5592981491594475
no.x,bce26aa55a7533f0,8,490,0.9982182503457908,0.4377496998316046
no.x,cfeb3a216722a98f,1,163,0.9982025818564151,0.5041283681556237
no.x,d27346915a52cc77,18,1361,0.9980403887043258,0.5598029170823282
no.x,d4550eb8378c4132,7,362,0.9960005991007955,0.6933028712228473
no.x,d79fcd1449e4a693,3,466,0.9991841966003866,0.4438643780350314
no.x,e17dddee89e116df,5,455,0.999337031203393,0.5849685603636482
no.x,e288c8d10334b162,8,589,0.9995911651915075,0.4497354700031356
no.x,e2bd5c4f24b24aef,15,1034,0.9988388433980926,0.7122887228491409
no.x,eb2d859a1909c9a4,1,93,0.9685962233316939,0.4684268738327034
no.x,ef8f99b53ec14daa,4,234,0.9965472375558765,0.5335156915271991
no.x,f1b8cd1c89153a9f,7,252,0.99713461551198,0.46579257183683676
no.x,fa8a1cbfaf804c0e,6,323,0.9978512028390183,0.7371201476262061
no.x,fd719c2be82d030b,20,1044,0.9966965997948815,0.706183474199756
